ISO-10303-21;
HEADER;
FILE_DESCRIPTION (( 'STEP AP214' ),
    '1' );
FILE_NAME ('Задняя_Крышка.STEP',
    '2026-08-17T03:32:52',
    ( 'Пользователь Windows' ),
    ( '' ),
    'SwSTEP 2.0',
    'SolidWorks 2023',
    '' );
FILE_SCHEMA (( 'AUTOMOTIVE_DESIGN' ));
ENDSEC;

DATA;
#1 = VERTEX_POINT ( 'NONE', #2555 ) ;
#2 = VERTEX_POINT ( 'NONE', #7224 ) ;
#3 = CARTESIAN_POINT ( 'NONE',  ( -67.12726059530533007, -34.61897591464003199, -8.459999999999991971 ) ) ;
#4 = CARTESIAN_POINT ( 'NONE',  ( -64.99999999999995737, -35.26683849253807068, 2.000000000000000000 ) ) ;
#5 = ORIENTED_EDGE ( 'NONE', *, *, #2021, .F. ) ;
#6 = EDGE_CURVE ( 'NONE', #5169, #2755, #3585, .T. ) ;
#7 = EDGE_CURVE ( 'NONE', #6015, #4712, #2913, .T. ) ;
#8 = LINE ( 'NONE', #2961, #1758 ) ;
#9 = ORIENTED_EDGE ( 'NONE', *, *, #964, .F. ) ;
#10 = CARTESIAN_POINT ( 'NONE',  ( 65.50000000000000000, 36.49999999999998579, -2.000000000000000000 ) ) ;
#11 = EDGE_CURVE ( 'NONE', #1690, #283, #4696, .T. ) ;
#12 = FACE_BOUND ( 'NONE', #1808, .T. ) ;
#13 = CIRCLE ( 'NONE', #7454, 3.499999999999997780 ) ;
#14 = DIRECTION ( 'NONE',  ( 0.000000000000000000, 0.000000000000000000, -1.000000000000000000 ) ) ;
#15 = ORIENTED_EDGE ( 'NONE', *, *, #781, .F. ) ;
#16 = ORIENTED_EDGE ( 'NONE', *, *, #4487, .T. ) ;
#17 = CARTESIAN_POINT ( 'NONE',  ( -8.000000000000000000, 53.98575841387692265, 2.000000000000000000 ) ) ;
#18 = PLANE ( 'NONE',  #7356 ) ;
#19 = AXIS2_PLACEMENT_3D ( 'NONE', #967, #4520, #3965 ) ;
#20 = FACE_OUTER_BOUND ( 'NONE', #360, .T. ) ;
#21 = DIRECTION ( 'NONE',  ( -0.000000000000000000, -0.000000000000000000, 1.000000000000000000 ) ) ;
#22 = CARTESIAN_POINT ( 'NONE',  ( -56.60075235308840291, 39.93493959171696162, -4.779659700475566098 ) ) ;
#23 = VERTEX_POINT ( 'NONE', #6082 ) ;
#24 = VERTEX_POINT ( 'NONE', #6121 ) ;
#25 = LINE ( 'NONE', #656, #1145 ) ;
#26 = DIRECTION ( 'NONE',  ( 1.000000000000000000, 0.000000000000000000, 0.000000000000000000 ) ) ;
#27 = ORIENTED_EDGE ( 'NONE', *, *, #2593, .F. ) ;
#28 = DIRECTION ( 'NONE',  ( -0.000000000000000000, -0.000000000000000000, -1.000000000000000000 ) ) ;
#29 = FACE_OUTER_BOUND ( 'NONE', #2198, .T. ) ;
#30 = CYLINDRICAL_SURFACE ( 'NONE', #2428, 0.2000000000000057288 ) ;
#31 = DIRECTION ( 'NONE',  ( 1.000000000000000000, 0.000000000000000000, 0.000000000000000000 ) ) ;
#32 = CARTESIAN_POINT ( 'NONE',  ( 64.99999999999997158, -41.96410161513774995, -6.400000000000001243 ) ) ;
#33 = ADVANCED_FACE ( 'NONE', ( #1454 ), #3195, .F. ) ;
#34 = DIRECTION ( 'NONE',  ( 1.000000000000000000, 0.000000000000000000, 0.000000000000000000 ) ) ;
#35 = AXIS2_PLACEMENT_3D ( 'NONE', #1651, #4819, #7791 ) ;
#36 = ORIENTED_EDGE ( 'NONE', *, *, #6391, .F. ) ;
#37 = VERTEX_POINT ( 'NONE', #2669 ) ;
#38 = VERTEX_POINT ( 'NONE', #2043 ) ;
#39 = FACE_OUTER_BOUND ( 'NONE', #7673, .T. ) ;
#40 = DIRECTION ( 'NONE',  ( 1.000000000000000000, 0.000000000000000000, 0.000000000000000000 ) ) ;
#41 = VERTEX_POINT ( 'NONE', #5012 ) ;
#42 = AXIS2_PLACEMENT_3D ( 'NONE', #2217, #528, #1037 ) ;
#44 = ADVANCED_FACE ( 'NONE', ( #3233 ), #6348, .F. ) ;
#43 = AXIS2_PLACEMENT_3D ( 'NONE', #2291, #451, #6452 ) ;
#45 = VECTOR ( 'NONE', #2189, 1000.000000000000000 ) ;
#46 = CARTESIAN_POINT ( 'NONE',  ( -8.000000000000000000, 50.98575841387691554, 2.000000000000000000 ) ) ;
#47 = B_SPLINE_CURVE_WITH_KNOTS ( 'NONE', 3,
 ( #3345, #7501, #6317, #2124 ),
 .UNSPECIFIED., .F., .F.,
 ( 4, 4 ),
 ( 0.0004277666603173042501, 0.0008467977387968568526 ),
 .UNSPECIFIED. ) ;
#48 = ORIENTED_EDGE ( 'NONE', *, *, #4338, .T. ) ;
#49 = ADVANCED_FACE ( 'NONE', ( #3300 ), #6975, .T. ) ;
#50 = DIRECTION ( 'NONE',  ( 1.000000000000000000, 0.000000000000000000, 0.000000000000000000 ) ) ;
#51 = EDGE_CURVE ( 'NONE', #5886, #675, #4452, .T. ) ;
#52 = DIRECTION ( 'NONE',  ( 0.000000000000000000, 1.000000000000000000, 0.000000000000000000 ) ) ;
#53 = VECTOR ( 'NONE', #2015, 1000.000000000000000 ) ;
#54 = CARTESIAN_POINT ( 'NONE',  ( 67.99999999999997158, 36.76794919243110371, -6.400000000000001243 ) ) ;
#55 = ORIENTED_EDGE ( 'NONE', *, *, #4730, .F. ) ;
#56 = ORIENTED_EDGE ( 'NONE', *, *, #4074, .T. ) ;
#57 = CARTESIAN_POINT ( 'NONE',  ( -67.12726059530533007, 34.61897591464003199, -8.459999999999991971 ) ) ;
#58 = EDGE_CURVE ( 'NONE', #611, #3560, #6245, .T. ) ;
#59 = FACE_OUTER_BOUND ( 'NONE', #4912, .T. ) ;
#60 = DIRECTION ( 'NONE',  ( -0.000000000000000000, -0.000000000000000000, 1.000000000000000000 ) ) ;
#61 = EDGE_CURVE ( 'NONE', #116, #1415, #562, .T. ) ;
#62 = CARTESIAN_POINT ( 'NONE',  ( -57.99090833947008150, 45.00000000000000000, 0.9999999999999715783 ) ) ;
#63 = CARTESIAN_POINT ( 'NONE',  ( -59.86710678118642903, -38.49999999999996447, -8.167106781186543429 ) ) ;
#64 = EDGE_LOOP ( 'NONE', ( #2968, #5894, #6693, #5165, #3298 ) ) ;
#65 = ORIENTED_EDGE ( 'NONE', *, *, #5445, .F. ) ;
#66 = CARTESIAN_POINT ( 'NONE',  ( -66.99999999999994316, 33.99851384451555703, -8.335902675378465077 ) ) ;
#67 = CARTESIAN_POINT ( 'NONE',  ( -60.63078954500922180, -40.49999999999991473, 0.000000000000000000 ) ) ;
#68 = EDGE_LOOP ( 'NONE', ( #2911, #1634, #1861, #6455 ) ) ;
#69 = CARTESIAN_POINT ( 'NONE',  ( 60.79425992883386698, 40.50000000000001421, -8.446178886083130166 ) ) ;
#70 = FACE_OUTER_BOUND ( 'NONE', #142, .T. ) ;
#71 = DIRECTION ( 'NONE',  ( -0.8660254037844381525, -0.5000000000000008882, 0.000000000000000000 ) ) ;
#72 = DIRECTION ( 'NONE',  ( 1.000000000000000000, 0.000000000000000000, 0.000000000000000000 ) ) ;
#73 = DIRECTION ( 'NONE',  ( 0.000000000000000000, 0.000000000000000000, -1.000000000000000000 ) ) ;
#74 = CARTESIAN_POINT ( 'NONE',  ( -62.87273940469462019, 34.61897591464006041, -8.459999999999991971 ) ) ;
#75 = ORIENTED_EDGE ( 'NONE', *, *, #1443, .T. ) ;
#76 = ORIENTED_EDGE ( 'NONE', *, *, #3076, .F. ) ;
#77 = DIRECTION ( 'NONE',  ( 1.000000000000000000, 2.081668171172167567E-14, 0.000000000000000000 ) ) ;
#78 = CARTESIAN_POINT ( 'NONE',  ( 1.962405932198763026E-14, -26.16274646641389268, 0.000000000000000000 ) ) ;
#79 = EDGE_LOOP ( 'NONE', ( #3459, #6352, #1046, #7414, #6606, #6876, #5624, #5133, #396, #7573, #6447, #6421, #132, #5018, #7585, #3056, #719, #6377, #4638, #1289, #5537, #5457, #2131, #1722, #1437, #6054, #6761, #4963, #1259, #6004, #2261, #916, #5035, #2519, #4676, #1883 ) ) ;
#80 = DIRECTION ( 'NONE',  ( -1.000000000000000000, 0.000000000000000000, 0.000000000000000000 ) ) ;
#81 = EDGE_CURVE ( 'NONE', #3711, #768, #199, .T. ) ;
#82 = ORIENTED_EDGE ( 'NONE', *, *, #863, .F. ) ;
#83 = AXIS2_PLACEMENT_3D ( 'NONE', #4507, #3811, #5736 ) ;
#84 = CARTESIAN_POINT ( 'NONE',  ( 62.56603773584902228, -34.95516887613961643, 0.000000000000000000 ) ) ;
#85 = DIRECTION ( 'NONE',  ( -0.000000000000000000, -0.000000000000000000, 1.000000000000000000 ) ) ;
#86 = CARTESIAN_POINT ( 'NONE',  ( 60.63078954500927154, -40.49999999999999289, -8.385224927784188154 ) ) ;
#87 = CIRCLE ( 'NONE', #7142, 1.000000000000000888 ) ;
#88 = ORIENTED_EDGE ( 'NONE', *, *, #635, .T. ) ;
#89 = ORIENTED_EDGE ( 'NONE', *, *, #775, .F. ) ;
#90 = CARTESIAN_POINT ( 'NONE',  ( -60.96703647118341252, -40.54226985820119467, -8.459999999999991971 ) ) ;
#91 = LINE ( 'NONE', #6647, #804 ) ;
#92 = DIRECTION ( 'NONE',  ( 0.7071067811865481278, 0.7071067811865469066, -0.000000000000000000 ) ) ;
#93 = AXIS2_PLACEMENT_3D ( 'NONE', #2716, #3348, #5762 ) ;
#94 = CARTESIAN_POINT ( 'NONE',  ( -3.111111111111092065, -24.55931650089592111, 2.000000000000000000 ) ) ;
#95 = CARTESIAN_POINT ( 'NONE',  ( 64.99999999999995737, -38.49999999999999289, -20.62223663640860494 ) ) ;
#96 = CIRCLE ( 'NONE', #4128, 2.000000000000001776 ) ;
#97 = EDGE_CURVE ( 'NONE', #5562, #316, #6869, .T. ) ;
#98 = VERTEX_POINT ( 'NONE', #3861 ) ;
#99 = ORIENTED_EDGE ( 'NONE', *, *, #6246, .F. ) ;
#100 = EDGE_CURVE ( 'NONE', #5322, #172, #5050, .T. ) ;
#101 = DIRECTION ( 'NONE',  ( 1.000000000000000000, 4.163336342344333240E-14, 0.000000000000000000 ) ) ;
#102 = AXIS2_PLACEMENT_3D ( 'NONE', #2587, #1915, #5001 ) ;
#103 = DIRECTION ( 'NONE',  ( -0.000000000000000000, -0.000000000000000000, -1.000000000000000000 ) ) ;
#104 = ORIENTED_EDGE ( 'NONE', *, *, #7227, .F. ) ;
#105 = CARTESIAN_POINT ( 'NONE',  ( -64.99999999999995737, -35.03589838486221453, -6.400000000000001243 ) ) ;
#106 = CARTESIAN_POINT ( 'NONE',  ( -61.99999999999995737, -36.76794919243108950, -6.400000000000001243 ) ) ;
#107 = AXIS2_PLACEMENT_3D ( 'NONE', #2150, #1562, #3339 ) ;
#108 = DIRECTION ( 'NONE',  ( -0.000000000000000000, -0.000000000000000000, -1.000000000000000000 ) ) ;
#109 = CARTESIAN_POINT ( 'NONE',  ( 64.99999999999995737, -38.49999999999999289, 0.000000000000000000 ) ) ;
#110 = DIRECTION ( 'NONE',  ( 0.000000000000000000, 0.000000000000000000, -1.000000000000000000 ) ) ;
#111 = FACE_OUTER_BOUND ( 'NONE', #6741, .T. ) ;
#112 = EDGE_CURVE ( 'NONE', #3262, #422, #6938, .T. ) ;
#113 = ORIENTED_EDGE ( 'NONE', *, *, #5307, .F. ) ;
#114 = EDGE_LOOP ( 'NONE', ( #843, #1502, #7378, #4552, #3746, #2060 ) ) ;
#115 = TOROIDAL_SURFACE ( 'NONE', #5140, 4.425786437626966219, 1.000000000000000000 ) ;
#116 = VERTEX_POINT ( 'NONE', #6901 ) ;
#117 = CARTESIAN_POINT ( 'NONE',  ( 67.99999999999997158, 40.23205080756886787, 2.000000000000000000 ) ) ;
#118 = LINE ( 'NONE', #1924, #481 ) ;
#119 = CARTESIAN_POINT ( 'NONE',  ( 62.99999999999997158, -33.87721670837987631, -8.263287829770211701 ) ) ;
#120 = CONICAL_SURFACE ( 'NONE', #7551, 11.30000000000011617, 0.7853981633974532750 ) ;
#121 = CIRCLE ( 'NONE', #1495, 7.500000000000007105 ) ;
#122 = AXIS2_PLACEMENT_3D ( 'NONE', #3417, #7059, #5834 ) ;
#123 = CARTESIAN_POINT ( 'NONE',  ( -63.03582827573066538, 31.05532553071495272, -5.601665418104514238 ) ) ;
#124 = CARTESIAN_POINT ( 'NONE',  ( 63.03582827573060854, -31.05532553071494917, -5.601665418104521343 ) ) ;
#125 = ORIENTED_EDGE ( 'NONE', *, *, #1333, .F. ) ;
#126 = VECTOR ( 'NONE', #1224, 1000.000000000000000 ) ;
#127 = CARTESIAN_POINT ( 'NONE',  ( 67.99999999999997158, 40.23205080756886787, -6.400000000000001243 ) ) ;
#128 = CARTESIAN_POINT ( 'NONE',  ( 32.00000000000000000, 53.98575841387692265, 2.000000000000000000 ) ) ;
#129 = EDGE_CURVE ( 'NONE', #2110, #3948, #311, .T. ) ;
#130 = EDGE_CURVE ( 'NONE', #2612, #2157, #1564, .T. ) ;
#131 = CARTESIAN_POINT ( 'NONE',  ( -67.99999999999997158, 36.76794919243111082, 2.000000000000000000 ) ) ;
#132 = ORIENTED_EDGE ( 'NONE', *, *, #983, .T. ) ;
#133 = ORIENTED_EDGE ( 'NONE', *, *, #4529, .T. ) ;
#134 = CARTESIAN_POINT ( 'NONE',  ( 3.000000000000023537, -32.56274646641389126, 1.000000000000000888 ) ) ;
#135 = DIRECTION ( 'NONE',  ( -0.000000000000000000, -0.000000000000000000, -1.000000000000000000 ) ) ;
#136 = CARTESIAN_POINT ( 'NONE',  ( 66.64999999999996305, -38.49999999999999289, -8.459999999999991971 ) ) ;
#137 = AXIS2_PLACEMENT_3D ( 'NONE', #4929, #6002, #6080 ) ;
#138 = DIRECTION ( 'NONE',  ( 1.000000000000000000, 0.000000000000000000, 0.000000000000000000 ) ) ;
#139 = DIRECTION ( 'NONE',  ( -0.000000000000000000, -0.000000000000000000, -1.000000000000000000 ) ) ;
#140 = ADVANCED_FACE ( 'NONE', ( #7460 ), #5851, .T. ) ;
#141 = ORIENTED_EDGE ( 'NONE', *, *, #6994, .T. ) ;
#142 = EDGE_LOOP ( 'NONE', ( #5350, #5615, #2706, #3167, #1379 ) ) ;
#143 = DIRECTION ( 'NONE',  ( -0.000000000000000000, -0.000000000000000000, -1.000000000000000000 ) ) ;
#144 = VECTOR ( 'NONE', #3614, 999.9999999999998863 ) ;
#145 = DIRECTION ( 'NONE',  ( -1.000000000000000000, 0.000000000000000000, 0.000000000000000000 ) ) ;
#146 = LINE ( 'NONE', #4956, #2170 ) ;
#147 = DIRECTION ( 'NONE',  ( 1.000000000000000000, 0.000000000000000000, 0.000000000000000000 ) ) ;
#148 = ADVANCED_FACE ( 'NONE', ( #5679 ), #3897, .F. ) ;
#149 = DIRECTION ( 'NONE',  ( 0.000000000000000000, 0.000000000000000000, -1.000000000000000000 ) ) ;
#150 = DIRECTION ( 'NONE',  ( -0.000000000000000000, -0.000000000000000000, -1.000000000000000000 ) ) ;
#151 = DIRECTION ( 'NONE',  ( 1.000000000000000000, 0.000000000000000000, 0.000000000000000000 ) ) ;
#152 = EDGE_CURVE ( 'NONE', #1374, #3148, #3340, .T. ) ;
#153 = CARTESIAN_POINT ( 'NONE',  ( -73.99999999999998579, -41.50000000000000000, 2.000000000000000000 ) ) ;
#154 = EDGE_LOOP ( 'NONE', ( #5547, #4770, #5964, #3521 ) ) ;
#155 = ORIENTED_EDGE ( 'NONE', *, *, #2071, .F. ) ;
#156 = EDGE_LOOP ( 'NONE', ( #55, #7181, #4412, #4293 ) ) ;
#157 = DIRECTION ( 'NONE',  ( -0.000000000000000000, 0.000000000000000000, 1.000000000000000000 ) ) ;
#158 = DIRECTION ( 'NONE',  ( 0.000000000000000000, -1.000000000000000000, 0.000000000000000000 ) ) ;
#159 = ORIENTED_EDGE ( 'NONE', *, *, #7441, .F. ) ;
#160 = EDGE_CURVE ( 'NONE', #3702, #4468, #7107, .T. ) ;
#161 = AXIS2_PLACEMENT_3D ( 'NONE', #5702, #4471, #1442 ) ;
#162 = ORIENTED_EDGE ( 'NONE', *, *, #2936, .T. ) ;
#163 = CARTESIAN_POINT ( 'NONE',  ( -57.55576286957937526, -36.53576044439827086, -5.602067653567878835 ) ) ;
#164 = AXIS2_PLACEMENT_3D ( 'NONE', #4738, #443, #7109 ) ;
#165 = FACE_OUTER_BOUND ( 'NONE', #3078, .T. ) ;
#166 = ORIENTED_EDGE ( 'NONE', *, *, #2442, .F. ) ;
#167 = VECTOR ( 'NONE', #7598, 1000.000000000000000 ) ;
#168 = LINE ( 'NONE', #2566, #4077 ) ;
#169 = CARTESIAN_POINT ( 'NONE',  ( -67.79999999999996874, 36.88341924626904245, -6.400000000000001243 ) ) ;
#170 = AXIS2_PLACEMENT_3D ( 'NONE', #3478, #6450, #2289 ) ;
#171 = DIRECTION ( 'NONE',  ( -0.4999999999999988898, -0.8660254037844393737, 0.000000000000000000 ) ) ;
#172 = VERTEX_POINT ( 'NONE', #7571 ) ;
#173 = VECTOR ( 'NONE', #4618, 1000.000000000000000 ) ;
#174 = ORIENTED_EDGE ( 'NONE', *, *, #4826, .T. ) ;
#175 = CIRCLE ( 'NONE', #416, 0.2000000000000057288 ) ;
#176 = CARTESIAN_POINT ( 'NONE',  ( -67.49999999999997158, -41.50000000000000000, 2.000000000000000000 ) ) ;
#177 = DIRECTION ( 'NONE',  ( -0.000000000000000000, 0.000000000000000000, 1.000000000000000000 ) ) ;
#178 = DIRECTION ( 'NONE',  ( -1.000000000000000000, 0.000000000000000000, 0.000000000000000000 ) ) ;
#179 = AXIS2_PLACEMENT_3D ( 'NONE', #6801, #7016, #1601 ) ;
#180 = DIRECTION ( 'NONE',  ( -1.000000000000000000, 0.000000000000000000, 0.000000000000000000 ) ) ;
#181 = VECTOR ( 'NONE', #1365, 1000.000000000000000 ) ;
#182 = VERTEX_POINT ( 'NONE', #1052 ) ;
#183 = VERTEX_POINT ( 'NONE', #5793 ) ;
#184 = CARTESIAN_POINT ( 'NONE',  ( 66.99999999999991473, -33.77278170635820942, -8.167106781186573627 ) ) ;
#185 = CARTESIAN_POINT ( 'NONE',  ( 56.99090833947008150, 46.00000000000000000, 0.000000000000000000 ) ) ;
#186 = DIRECTION ( 'NONE',  ( -1.000000000000000000, 0.000000000000000000, -0.000000000000000000 ) ) ;
#187 = CARTESIAN_POINT ( 'NONE',  ( 0.000000000000000000, 0.000000000000000000, -6.400000000000001243 ) ) ;
#188 = CARTESIAN_POINT ( 'NONE',  ( -60.63078954500921469, -41.49999999999992184, -8.459999999999991971 ) ) ;
#189 = CARTESIAN_POINT ( 'NONE',  ( 26.99999999999999645, 48.98575841387692265, 0.9999999999999713562 ) ) ;
#190 = LINE ( 'NONE', #4365, #3642 ) ;
#191 = CARTESIAN_POINT ( 'NONE',  ( 57.11263025016529582, -36.69228168185428984, -5.209152092904816733 ) ) ;
#192 = ORIENTED_EDGE ( 'NONE', *, *, #2409, .T. ) ;
#193 = ORIENTED_EDGE ( 'NONE', *, *, #5439, .F. ) ;
#194 = EDGE_CURVE ( 'NONE', #3398, #6130, #5218, .T. ) ;
#195 = ORIENTED_EDGE ( 'NONE', *, *, #6641, .F. ) ;
#196 = PLANE ( 'NONE',  #7325 ) ;
#197 = ORIENTED_EDGE ( 'NONE', *, *, #3791, .F. ) ;
#198 = CARTESIAN_POINT ( 'NONE',  ( 64.89999999999996305, 35.09363341178117679, 2.000000000000000000 ) ) ;
#199 = LINE ( 'NONE', #3931, #7242 ) ;
#200 = VERTEX_POINT ( 'NONE', #7057 ) ;
#201 = EDGE_CURVE ( 'NONE', #6353, #4194, #3538, .T. ) ;
#202 = CARTESIAN_POINT ( 'NONE',  ( 64.25721663443212606, 29.63742396373844556, -4.407387256988934077 ) ) ;
#203 = DIRECTION ( 'NONE',  ( 0.000000000000000000, 0.000000000000000000, 1.000000000000000000 ) ) ;
#204 = ADVANCED_FACE ( 'NONE', ( #5198 ), #2229, .T. ) ;
#205 = ORIENTED_EDGE ( 'NONE', *, *, #3840, .F. ) ;
#206 = CARTESIAN_POINT ( 'NONE',  ( -32.00000000000000000, 54.98575841387691554, 0.000000000000000000 ) ) ;
#207 = CARTESIAN_POINT ( 'NONE',  ( -64.99999999999994316, -38.49999999999996447, -8.167106781186543429 ) ) ;
#208 = B_SPLINE_CURVE_WITH_KNOTS ( 'NONE', 3,
 ( #2581, #69, #2426, #4285 ),
 .UNSPECIFIED., .F., .F.,
 ( 4, 4 ),
 ( 7.152448122690996019E-18, 0.0005144902296436676230 ),
 .UNSPECIFIED. ) ;
#209 = EDGE_CURVE ( 'NONE', #1203, #24, #1636, .T. ) ;
#210 = CARTESIAN_POINT ( 'NONE',  ( -73.99999999999998579, -41.50000000000000000, 2.000000000000000000 ) ) ;
#211 = VERTEX_POINT ( 'NONE', #5831 ) ;
#212 = ORIENTED_EDGE ( 'NONE', *, *, #6511, .T. ) ;
#213 = LINE ( 'NONE', #6290, #6476 ) ;
#214 = DIRECTION ( 'NONE',  ( 0.000000000000000000, -0.000000000000000000, -1.000000000000000000 ) ) ;
#215 = CIRCLE ( 'NONE', #5755, 4.000000000000002665 ) ;
#216 = VECTOR ( 'NONE', #5633, 1000.000000000000000 ) ;
#217 = DIRECTION ( 'NONE',  ( 0.000000000000000000, 0.000000000000000000, 1.000000000000000000 ) ) ;
#218 = VERTEX_POINT ( 'NONE', #5948 ) ;
#219 = EDGE_CURVE ( 'NONE', #7068, #1241, #4089, .T. ) ;
#220 = ORIENTED_EDGE ( 'NONE', *, *, #3044, .F. ) ;
#221 = CARTESIAN_POINT ( 'NONE',  ( -67.49999999999997158, -48.00000000000000000, 2.000000000000000000 ) ) ;
#222 = CARTESIAN_POINT ( 'NONE',  ( -59.86710678118648588, 38.49999999999999289, -8.167106781186543429 ) ) ;
#223 = LINE ( 'NONE', #6298, #6466 ) ;
#224 = B_SPLINE_CURVE_WITH_KNOTS ( 'NONE', 3,
 ( #873, #5804, #1424, #7582 ),
 .UNSPECIFIED., .F., .F.,
 ( 4, 4 ),
 ( 0.000000000000000000, 0.0005157067621903890352 ),
 .UNSPECIFIED. ) ;
#225 = CIRCLE ( 'NONE', #1473, 4.299999999999998046 ) ;
#226 = DIRECTION ( 'NONE',  ( 0.000000000000000000, 0.000000000000000000, 1.000000000000000000 ) ) ;
#227 = DIRECTION ( 'NONE',  ( 1.000000000000000000, 2.081668171172167567E-14, 0.000000000000000000 ) ) ;
#228 = CYLINDRICAL_SURFACE ( 'NONE', #4616, 1.000000000000000888 ) ;
#229 = PLANE ( 'NONE',  #1249 ) ;
#230 = CYLINDRICAL_SURFACE ( 'NONE', #5765, 4.299999999999998046 ) ;
#231 = ORIENTED_EDGE ( 'NONE', *, *, #2513, .T. ) ;
#232 = EDGE_CURVE ( 'NONE', #5217, #1581, #4091, .T. ) ;
#233 = CIRCLE ( 'NONE', #2108, 1.000000000000000000 ) ;
#234 = ORIENTED_EDGE ( 'NONE', *, *, #1974, .F. ) ;
#235 = ADVANCED_FACE ( 'NONE', ( #1599 ), #7648, .F. ) ;
#236 = ORIENTED_EDGE ( 'NONE', *, *, #6946, .F. ) ;
#237 = CARTESIAN_POINT ( 'NONE',  ( -61.45516887613963064, 36.06603773584904360, -8.459999999999991971 ) ) ;
#238 = ORIENTED_EDGE ( 'NONE', *, *, #6231, .F. ) ;
#239 = DIRECTION ( 'NONE',  ( 0.7071067811865453523, 0.000000000000000000, 0.7071067811865496822 ) ) ;
#240 = CARTESIAN_POINT ( 'NONE',  ( -67.99999999999997158, 36.76794919243111082, -6.400000000000001243 ) ) ;
#241 = VECTOR ( 'NONE', #3826, 1000.000000000000000 ) ;
#242 = AXIS2_PLACEMENT_3D ( 'NONE', #4914, #5627, #7324 ) ;
#243 = CARTESIAN_POINT ( 'NONE',  ( 66.99999999999992895, 31.50000000000000711, -6.019890110719565257 ) ) ;
#244 = VERTEX_POINT ( 'NONE', #6463 ) ;
#245 = VECTOR ( 'NONE', #444, 1000.000000000000000 ) ;
#246 = ADVANCED_FACE ( 'NONE', ( #5355 ), #5315, .T. ) ;
#247 = CARTESIAN_POINT ( 'NONE',  ( 67.99999999999995737, -40.23205080756887497, 2.000000000000000000 ) ) ;
#248 = DIRECTION ( 'NONE',  ( 2.857361389682434375E-16, 0.7071067811865540120, 0.7071067811865410224 ) ) ;
#249 = EDGE_CURVE ( 'NONE', #1941, #3894, #5871, .T. ) ;
#250 = DIRECTION ( 'NONE',  ( -0.7071067811865455743, -4.906538933386805919E-15, -0.7071067811865495711 ) ) ;
#251 = ORIENTED_EDGE ( 'NONE', *, *, #2078, .F. ) ;
#252 = EDGE_LOOP ( 'NONE', ( #2412, #1070, #3544, #2512 ) ) ;
#253 = EDGE_CURVE ( 'NONE', #5188, #741, #7690, .T. ) ;
#254 = PLANE ( 'NONE',  #7487 ) ;
#255 = CARTESIAN_POINT ( 'NONE',  ( 64.89999999999994884, -35.09363341178120521, -6.400000000000001243 ) ) ;
#256 = DIRECTION ( 'NONE',  ( 1.000000000000000000, 0.000000000000000000, 0.000000000000000000 ) ) ;
#257 = VERTEX_POINT ( 'NONE', #7089 ) ;
#258 = ORIENTED_EDGE ( 'NONE', *, *, #4609, .F. ) ;
#259 = DIRECTION ( 'NONE',  ( -1.000000000000000000, 0.000000000000000000, 0.000000000000000000 ) ) ;
#260 = DIRECTION ( 'NONE',  ( -0.000000000000000000, -0.000000000000000000, 1.000000000000000000 ) ) ;
#261 = FACE_OUTER_BOUND ( 'NONE', #3286, .T. ) ;
#262 = CARTESIAN_POINT ( 'NONE',  ( -64.99999999999998579, 41.73316150746188669, -6.400000000000001243 ) ) ;
#263 = CARTESIAN_POINT ( 'NONE',  ( 66.99999999999992895, 34.13078954500929285, -8.385224927784184601 ) ) ;
#264 = CARTESIAN_POINT ( 'NONE',  ( 62.99999999999998579, 33.77278170635822363, -8.167106781186573627 ) ) ;
#265 = CARTESIAN_POINT ( 'NONE',  ( 0.000000000000000000, 0.000000000000000000, 0.000000000000000000 ) ) ;
#266 = FACE_OUTER_BOUND ( 'NONE', #6479, .T. ) ;
#267 = AXIS2_PLACEMENT_3D ( 'NONE', #4097, #3503, #509 ) ;
#268 = ORIENTED_EDGE ( 'NONE', *, *, #7430, .T. ) ;
#269 = ORIENTED_EDGE ( 'NONE', *, *, #7534, .T. ) ;
#270 = DIRECTION ( 'NONE',  ( 0.000000000000000000, -0.000000000000000000, 1.000000000000000000 ) ) ;
#271 = ORIENTED_EDGE ( 'NONE', *, *, #2460, .F. ) ;
#272 = DIRECTION ( 'NONE',  ( -0.8660254037844384856, 0.5000000000000002220, 0.000000000000000000 ) ) ;
#273 = CARTESIAN_POINT ( 'NONE',  ( -67.89999999999994884, -36.71021416551212013, -6.400000000000001243 ) ) ;
#274 = EDGE_CURVE ( 'NONE', #3291, #5325, #6427, .T. ) ;
#275 = ORIENTED_EDGE ( 'NONE', *, *, #4421, .F. ) ;
#276 = CARTESIAN_POINT ( 'NONE',  ( -56.00000000000001421, -38.34691314560997455, -4.300000000000163247 ) ) ;
#277 = CARTESIAN_POINT ( 'NONE',  ( 57.99999999999995026, -36.49999999999999289, -2.000000000000000000 ) ) ;
#278 = ORIENTED_EDGE ( 'NONE', *, *, #6597, .F. ) ;
#279 = DIRECTION ( 'NONE',  ( -1.000000000000000000, 0.000000000000000000, 0.000000000000000000 ) ) ;
#280 = VECTOR ( 'NONE', #7629, 1000.000000000000000 ) ;
#281 = PLANE ( 'NONE',  #2123 ) ;
#282 = ADVANCED_FACE ( 'NONE', ( #6500 ), #2192, .F. ) ;
#283 = VERTEX_POINT ( 'NONE', #6384 ) ;
#284 = EDGE_LOOP ( 'NONE', ( #3635, #258, #205, #5519 ) ) ;
#285 = ADVANCED_FACE ( 'NONE', ( #542 ), #425, .F. ) ;
#286 = VECTOR ( 'NONE', #1441, 1000.000000000000000 ) ;
#287 = DIRECTION ( 'NONE',  ( 1.000000000000000000, 0.000000000000000000, -0.000000000000000000 ) ) ;
#288 = PLANE ( 'NONE',  #1916 ) ;
#289 = CARTESIAN_POINT ( 'NONE',  ( 60.63078954500927154, -35.49999999999999289, -20.62223663640860494 ) ) ;
#290 = AXIS2_PLACEMENT_3D ( 'NONE', #2817, #6530, #3528 ) ;
#291 = ORIENTED_EDGE ( 'NONE', *, *, #219, .T. ) ;
#292 = EDGE_CURVE ( 'NONE', #3475, #2311, #2827, .T. ) ;
#293 = CIRCLE ( 'NONE', #1665, 4.500000000000000000 ) ;
#294 = ORIENTED_EDGE ( 'NONE', *, *, #338, .T. ) ;
#295 = CARTESIAN_POINT ( 'NONE',  ( 3.000000000000022649, -28.22429927922271631, 1.000000000000000888 ) ) ;
#296 = CARTESIAN_POINT ( 'NONE',  ( 64.99999999999995737, 31.50000000000000711, -2.000000000000000000 ) ) ;
#297 = CARTESIAN_POINT ( 'NONE',  ( 57.99999999999994316, -40.49999999999999289, -6.019890110719535947 ) ) ;
#298 = ADVANCED_FACE ( 'NONE', ( #4642 ), #2267, .F. ) ;
#299 = DIRECTION ( 'NONE',  ( -1.000000000000000000, 0.000000000000000000, 0.000000000000000000 ) ) ;
#300 = ORIENTED_EDGE ( 'NONE', *, *, #5645, .T. ) ;
#301 = VECTOR ( 'NONE', #4539, 1000.000000000000000 ) ;
#302 = CARTESIAN_POINT ( 'NONE',  ( 2.000000000000019984, -19.76274646641389765, 1.000000000000000888 ) ) ;
#303 = PLANE ( 'NONE',  #4326 ) ;
#304 = DIRECTION ( 'NONE',  ( 1.000000000000000000, 4.841088770167835843E-15, 0.000000000000000000 ) ) ;
#305 = ORIENTED_EDGE ( 'NONE', *, *, #872, .T. ) ;
#306 = AXIS2_PLACEMENT_3D ( 'NONE', #3043, #3597, #6009 ) ;
#307 = EDGE_LOOP ( 'NONE', ( #6680, #400, #5579, #988 ) ) ;
#308 = CARTESIAN_POINT ( 'NONE',  ( 57.77826502318831814, 36.50000000000000711, -5.806686620485583816 ) ) ;
#309 = ORIENTED_EDGE ( 'NONE', *, *, #4392, .F. ) ;
#310 = FACE_OUTER_BOUND ( 'NONE', #3174, .T. ) ;
#311 = LINE ( 'NONE', #7421, #3592 ) ;
#312 = AXIS2_PLACEMENT_3D ( 'NONE', #6634, #1221, #3632 ) ;
#313 = ORIENTED_EDGE ( 'NONE', *, *, #6659, .F. ) ;
#314 = CARTESIAN_POINT ( 'NONE',  ( -56.26298953751610554, -37.49817663665292145, -4.506785012172644045 ) ) ;
#315 = CARTESIAN_POINT ( 'NONE',  ( 27.99999999999999645, 49.98575841387692265, 2.000000000000000000 ) ) ;
#316 = VERTEX_POINT ( 'NONE', #6582 ) ;
#317 = CARTESIAN_POINT ( 'NONE',  ( 73.00000000000001421, -41.50000000000000000, 2.000000000000000000 ) ) ;
#318 = EDGE_CURVE ( 'NONE', #5757, #4836, #3581, .T. ) ;
#319 = FACE_OUTER_BOUND ( 'NONE', #3726, .T. ) ;
#320 = ADVANCED_FACE ( 'NONE', ( #70 ), #4480, .T. ) ;
#321 = ORIENTED_EDGE ( 'NONE', *, *, #3079, .F. ) ;
#322 = ORIENTED_EDGE ( 'NONE', *, *, #1380, .T. ) ;
#323 = DIRECTION ( 'NONE',  ( 0.000000000000000000, 0.000000000000000000, 1.000000000000000000 ) ) ;
#324 = DIRECTION ( 'NONE',  ( -0.000000000000000000, -0.000000000000000000, -1.000000000000000000 ) ) ;
#325 = AXIS2_PLACEMENT_3D ( 'NONE', #2813, #3524, #2178 ) ;
#326 = ORIENTED_EDGE ( 'NONE', *, *, #3858, .F. ) ;
#327 = VERTEX_POINT ( 'NONE', #6658 ) ;
#328 = DIRECTION ( 'NONE',  ( 1.000000000000000000, 0.000000000000000000, 0.000000000000000000 ) ) ;
#329 = DIRECTION ( 'NONE',  ( 0.000000000000000000, -1.000000000000000000, 0.000000000000000000 ) ) ;
#330 = DIRECTION ( 'NONE',  ( 0.000000000000000000, -1.000000000000000000, 0.000000000000000000 ) ) ;
#331 = DIRECTION ( 'NONE',  ( -0.000000000000000000, 0.000000000000000000, 1.000000000000000000 ) ) ;
#332 = AXIS2_PLACEMENT_3D ( 'NONE', #2713, #4351, #3975 ) ;
#333 = CARTESIAN_POINT ( 'NONE',  ( 67.43396226415086403, -34.95516887613960222, -8.459999999999991971 ) ) ;
#334 = AXIS2_PLACEMENT_3D ( 'NONE', #1445, #7410, #1368 ) ;
#335 = EDGE_CURVE ( 'NONE', #327, #2190, #2987, .T. ) ;
#336 = CARTESIAN_POINT ( 'NONE',  ( -63.00000000000001421, -31.49999999999991829, -6.019890110719533283 ) ) ;
#337 = CARTESIAN_POINT ( 'NONE',  ( 61.99999999999995026, -40.11658075373093624, 2.000000000000000000 ) ) ;
#338 = EDGE_CURVE ( 'NONE', #3894, #5620, #7370, .T. ) ;
#339 = ORIENTED_EDGE ( 'NONE', *, *, #3758, .F. ) ;
#340 = ORIENTED_EDGE ( 'NONE', *, *, #3663, .F. ) ;
#341 = DIRECTION ( 'NONE',  ( -0.000000000000000000, -0.000000000000000000, -1.000000000000000000 ) ) ;
#342 = AXIS2_PLACEMENT_3D ( 'NONE', #755, #4938, #3161 ) ;
#343 = EDGE_LOOP ( 'NONE', ( #1055, #640, #5046, #4655 ) ) ;
#344 = CARTESIAN_POINT ( 'NONE',  ( -62.00000000000000000, 40.23205080756886787, 2.000000000000000000 ) ) ;
#345 = CARTESIAN_POINT ( 'NONE',  ( 64.99999999999995737, -38.49999999999999289, -6.400000000000001243 ) ) ;
#346 = ADVANCED_FACE ( 'NONE', ( #1248 ), #4842, .F. ) ;
#347 = VECTOR ( 'NONE', #2976, 1000.000000000000114 ) ;
#348 = ORIENTED_EDGE ( 'NONE', *, *, #6378, .T. ) ;
#349 = AXIS2_PLACEMENT_3D ( 'NONE', #54, #7273, #14 ) ;
#350 = VECTOR ( 'NONE', #2542, 1000.000000000000000 ) ;
#351 = ORIENTED_EDGE ( 'NONE', *, *, #7422, .T. ) ;
#352 = CARTESIAN_POINT ( 'NONE',  ( -57.11176259647670150, -40.30732564862192646, -5.208397158434285856 ) ) ;
#353 = CARTESIAN_POINT ( 'NONE',  ( 62.99999999999998579, 32.25130018433434032, -6.742283229823990531 ) ) ;
#354 = AXIS2_PLACEMENT_3D ( 'NONE', #4430, #2536, #842 ) ;
#355 = ORIENTED_EDGE ( 'NONE', *, *, #5919, .T. ) ;
#356 = VECTOR ( 'NONE', #4127, 1000.000000000000000 ) ;
#357 = DIRECTION ( 'NONE',  ( 1.000000000000000000, 0.000000000000000000, 0.000000000000000000 ) ) ;
#358 = DIRECTION ( 'NONE',  ( 1.000000000000000000, 0.000000000000000000, 0.000000000000000000 ) ) ;
#359 = CIRCLE ( 'NONE', #4143, 2.000000000000001776 ) ;
#360 = EDGE_LOOP ( 'NONE', ( #1025, #4411, #552 ) ) ;
#361 = CONICAL_SURFACE ( 'NONE', #6915, 6.500000000000005329, 0.7853981633974327359 ) ;
#362 = ORIENTED_EDGE ( 'NONE', *, *, #1676, .F. ) ;
#363 = AXIS2_PLACEMENT_3D ( 'NONE', #6739, #4845, #3734 ) ;
#364 = EDGE_CURVE ( 'NONE', #2, #7096, #3229, .T. ) ;
#365 = CARTESIAN_POINT ( 'NONE',  ( 65.50000000000000000, 53.98575841387692265, 2.000000000000000000 ) ) ;
#366 = VECTOR ( 'NONE', #2128, 1000.000000000000000 ) ;
#367 = CARTESIAN_POINT ( 'NONE',  ( 65.50000000000000000, -48.00000000000000000, 2.000000000000000000 ) ) ;
#368 = ORIENTED_EDGE ( 'NONE', *, *, #2402, .T. ) ;
#369 = B_SPLINE_CURVE_WITH_KNOTS ( 'NONE', 3,
 ( #1311, #3719, #90, #7241 ),
 .UNSPECIFIED., .F., .F.,
 ( 4, 4 ),
 ( 7.152448122690996019E-18, 0.0005144902296436951617 ),
 .UNSPECIFIED. ) ;
#370 = ORIENTED_EDGE ( 'NONE', *, *, #4136, .F. ) ;
#371 = FACE_OUTER_BOUND ( 'NONE', #4100, .T. ) ;
#372 = DIRECTION ( 'NONE',  ( 1.000000000000000000, 0.000000000000000000, 0.000000000000000000 ) ) ;
#373 = CARTESIAN_POINT ( 'NONE',  ( -60.63078954500927864, -36.49999999999991473, 0.000000000000000000 ) ) ;
#374 = DIRECTION ( 'NONE',  ( -0.000000000000000000, -0.000000000000000000, 1.000000000000000000 ) ) ;
#375 = CONICAL_SURFACE ( 'NONE', #3150, 3.000000000000000888, 0.7853981633974348453 ) ;
#376 = FACE_OUTER_BOUND ( 'NONE', #2260, .T. ) ;
#377 = LINE ( 'NONE', #4549, #2050 ) ;
#378 = ADVANCED_FACE ( 'NONE', ( #29 ), #3099, .T. ) ;
#379 = DIRECTION ( 'NONE',  ( 1.000000000000000000, 0.000000000000000000, 0.000000000000000000 ) ) ;
#380 = VERTEX_POINT ( 'NONE', #5433 ) ;
#381 = VERTEX_POINT ( 'NONE', #5393 ) ;
#382 = DIRECTION ( 'NONE',  ( 0.000000000000000000, -1.000000000000000000, 0.000000000000000000 ) ) ;
#383 = EDGE_CURVE ( 'NONE', #2946, #5174, #2321, .T. ) ;
#384 = ORIENTED_EDGE ( 'NONE', *, *, #4301, .F. ) ;
#385 = LINE ( 'NONE', #344, #7802 ) ;
#386 = CARTESIAN_POINT ( 'NONE',  ( -67.99999999999994316, -36.76794919243108950, -6.400000000000001243 ) ) ;
#387 = DIRECTION ( 'NONE',  ( 1.000000000000000000, 0.000000000000000000, 0.000000000000000000 ) ) ;
#388 = EDGE_CURVE ( 'NONE', #2425, #2001, #7389, .T. ) ;
#389 = LINE ( 'NONE', #754, #6240 ) ;
#390 = AXIS2_PLACEMENT_3D ( 'NONE', #5916, #7618, #6983 ) ;
#391 = VERTEX_POINT ( 'NONE', #6150 ) ;
#392 = EDGE_LOOP ( 'NONE', ( #220, #1782, #4047, #7394 ) ) ;
#393 = CARTESIAN_POINT ( 'NONE',  ( -57.55557915435358751, -40.46414912802959662, -5.601909020064884004 ) ) ;
#394 = EDGE_CURVE ( 'NONE', #5732, #6945, #660, .T. ) ;
#395 = DIRECTION ( 'NONE',  ( 1.000000000000000000, 0.000000000000000000, -0.000000000000000000 ) ) ;
#396 = ORIENTED_EDGE ( 'NONE', *, *, #364, .T. ) ;
#397 = CARTESIAN_POINT ( 'NONE',  ( 73.00000000000001421, 37.50000000000000000, 0.9999999999999713562 ) ) ;
#398 = CARTESIAN_POINT ( 'NONE',  ( -66.99999999999995737, 31.49999999999997868, -6.019890110719566145 ) ) ;
#399 = VERTEX_POINT ( 'NONE', #5513 ) ;
#400 = ORIENTED_EDGE ( 'NONE', *, *, #4651, .T. ) ;
#401 = DIRECTION ( 'NONE',  ( 1.000000000000000000, -1.982541115402066490E-15, 0.000000000000000000 ) ) ;
#402 = CARTESIAN_POINT ( 'NONE',  ( 27.99999999999999645, 50.98575841387691554, 2.000000000000000000 ) ) ;
#403 = DIRECTION ( 'NONE',  ( 1.000000000000000000, 0.000000000000000000, 0.000000000000000000 ) ) ;
#404 = ORIENTED_EDGE ( 'NONE', *, *, #2774, .F. ) ;
#405 = EDGE_CURVE ( 'NONE', #7060, #996, #7814, .T. ) ;
#406 = ORIENTED_EDGE ( 'NONE', *, *, #383, .T. ) ;
#407 = DIRECTION ( 'NONE',  ( -0.000000000000000000, -0.000000000000000000, 1.000000000000000000 ) ) ;
#408 = DIRECTION ( 'NONE',  ( 0.000000000000000000, 0.000000000000000000, -1.000000000000000000 ) ) ;
#409 = VECTOR ( 'NONE', #4789, 1000.000000000000000 ) ;
#410 = DIRECTION ( 'NONE',  ( -0.000000000000000000, -0.000000000000000000, 1.000000000000000000 ) ) ;
#411 = CARTESIAN_POINT ( 'NONE',  ( -63.00000000000001421, -31.49999999999991829, -2.000000000000000000 ) ) ;
#412 = DIRECTION ( 'NONE',  ( 1.000000000000000000, 0.000000000000000000, 0.000000000000000000 ) ) ;
#413 = DIRECTION ( 'NONE',  ( 0.000000000000000000, 1.000000000000000000, 0.000000000000000000 ) ) ;
#414 = VECTOR ( 'NONE', #5434, 1000.000000000000000 ) ;
#415 = CARTESIAN_POINT ( 'NONE',  ( 56.33809398738632979, -39.62111025909420903, -4.566654465903558169 ) ) ;
#416 = AXIS2_PLACEMENT_3D ( 'NONE', #3680, #6763, #7315 ) ;
#417 = ORIENTED_EDGE ( 'NONE', *, *, #5211, .T. ) ;
#418 = EDGE_CURVE ( 'NONE', #4377, #6665, #2739, .T. ) ;
#419 = EDGE_LOOP ( 'NONE', ( #6006, #4235, #6552, #1413, #2848, #7809, #4281, #5884, #2336, #4936, #4964, #4006 ) ) ;
#420 = DIRECTION ( 'NONE',  ( -0.000000000000000000, -0.000000000000000000, 1.000000000000000000 ) ) ;
#421 = CARTESIAN_POINT ( 'NONE',  ( -67.49999999999997158, 44.00000000000000711, 2.000000000000000000 ) ) ;
#422 = VERTEX_POINT ( 'NONE', #6033 ) ;
#423 = CONICAL_SURFACE ( 'NONE', #7736, 1.000000000000000888, 0.7853981633974482790 ) ;
#424 = DIRECTION ( 'NONE',  ( -1.000000000000000000, 0.000000000000000000, 0.000000000000000000 ) ) ;
#425 = PLANE ( 'NONE',  #2583 ) ;
#426 = AXIS2_PLACEMENT_3D ( 'NONE', #5305, #6060, #7716 ) ;
#427 = DIRECTION ( 'NONE',  ( 0.000000000000000000, 0.000000000000000000, -1.000000000000000000 ) ) ;
#428 = CARTESIAN_POINT ( 'NONE',  ( -67.99999999999997158, 40.11658075373094334, 2.000000000000000000 ) ) ;
#429 = EDGE_CURVE ( 'NONE', #1711, #5638, #1875, .T. ) ;
#430 = CONICAL_SURFACE ( 'NONE', #1815, 11.30000000000012328, 0.7853981633974533860 ) ;
#431 = ORIENTED_EDGE ( 'NONE', *, *, #2251, .F. ) ;
#432 = VERTEX_POINT ( 'NONE', #2427 ) ;
#433 = DIRECTION ( 'NONE',  ( -0.000000000000000000, -0.000000000000000000, 1.000000000000000000 ) ) ;
#434 = DIRECTION ( 'NONE',  ( 1.000000000000000000, 0.000000000000000000, 0.000000000000000000 ) ) ;
#435 = ORIENTED_EDGE ( 'NONE', *, *, #5723, .F. ) ;
#436 = EDGE_CURVE ( 'NONE', #7106, #4682, #5473, .T. ) ;
#437 = EDGE_CURVE ( 'NONE', #5174, #2897, #6695, .T. ) ;
#438 = DIRECTION ( 'NONE',  ( 0.000000000000000000, 0.000000000000000000, 1.000000000000000000 ) ) ;
#439 = ORIENTED_EDGE ( 'NONE', *, *, #394, .F. ) ;
#440 = ORIENTED_EDGE ( 'NONE', *, *, #2996, .T. ) ;
#441 = CARTESIAN_POINT ( 'NONE',  ( -3.999999999999976019, -24.10119365360506904, 0.000000000000000000 ) ) ;
#442 = ADVANCED_FACE ( 'NONE', ( #1283 ), #695, .F. ) ;
#443 = DIRECTION ( 'NONE',  ( -0.000000000000000000, -0.000000000000000000, 1.000000000000000000 ) ) ;
#444 = DIRECTION ( 'NONE',  ( 0.4999999999999931721, 0.4999999999999882871, -0.7071067811865606734 ) ) ;
#445 = VERTEX_POINT ( 'NONE', #3180 ) ;
#446 = ORIENTED_EDGE ( 'NONE', *, *, #4777, .F. ) ;
#447 = CARTESIAN_POINT ( 'NONE',  ( 26.99999999999999645, 49.98575841387692265, 2.000000000000000000 ) ) ;
#448 = CARTESIAN_POINT ( 'NONE',  ( -64.99999999999994316, -38.49999999999996447, -8.167106781186543429 ) ) ;
#449 = DIRECTION ( 'NONE',  ( 1.000000000000000000, 0.000000000000000000, 0.000000000000000000 ) ) ;
#450 = CARTESIAN_POINT ( 'NONE',  ( -12.00000000000000178, 50.98575841387691554, 0.000000000000000000 ) ) ;
#451 = DIRECTION ( 'NONE',  ( 0.000000000000000000, 0.000000000000000000, -1.000000000000000000 ) ) ;
#452 = CARTESIAN_POINT ( 'NONE',  ( -65.99977193695974620, -29.76179273473644216, -4.505832740837148798 ) ) ;
#453 = CARTESIAN_POINT ( 'NONE',  ( 57.55532553071489588, -40.46417172426935593, -5.601665418104492922 ) ) ;
#454 = ORIENTED_EDGE ( 'NONE', *, *, #2122, .F. ) ;
#455 = ORIENTED_EDGE ( 'NONE', *, *, #4900, .T. ) ;
#456 = DIRECTION ( 'NONE',  ( 1.000000000000000000, 0.000000000000000000, 0.000000000000000000 ) ) ;
#457 = DIRECTION ( 'NONE',  ( 0.000000000000000000, 0.000000000000000000, -1.000000000000000000 ) ) ;
#458 = ORIENTED_EDGE ( 'NONE', *, *, #950, .T. ) ;
#459 = VECTOR ( 'NONE', #6926, 1000.000000000000000 ) ;
#460 = CARTESIAN_POINT ( 'NONE',  ( 27.99999999999999645, 49.98575841387692265, 0.9999999999999713562 ) ) ;
#461 = DIRECTION ( 'NONE',  ( 0.000000000000000000, 0.000000000000000000, 1.000000000000000000 ) ) ;
#462 = CYLINDRICAL_SURFACE ( 'NONE', #3867, 0.1999999999999987899 ) ;
#463 = ADVANCED_FACE ( 'NONE', ( #3850 ), #6855, .T. ) ;
#464 = EDGE_CURVE ( 'NONE', #5362, #2963, #3573, .T. ) ;
#465 = ORIENTED_EDGE ( 'NONE', *, *, #3985, .T. ) ;
#466 = CIRCLE ( 'NONE', #1223, 2.000000000000001776 ) ;
#467 = ORIENTED_EDGE ( 'NONE', *, *, #3758, .T. ) ;
#468 = CARTESIAN_POINT ( 'NONE',  ( -32.00000000000000000, 54.98575841387691554, 0.9999999999999713562 ) ) ;
#469 = LINE ( 'NONE', #1061, #3131 ) ;
#470 = ORIENTED_EDGE ( 'NONE', *, *, #479, .T. ) ;
#471 = VECTOR ( 'NONE', #6717, 1000.000000000000000 ) ;
#472 = EDGE_CURVE ( 'NONE', #2047, #5412, #2733, .T. ) ;
#473 = LINE ( 'NONE', #3980, #7178 ) ;
#474 = CIRCLE ( 'NONE', #5648, 3.999999999999996447 ) ;
#475 = ORIENTED_EDGE ( 'NONE', *, *, #7623, .T. ) ;
#476 = ORIENTED_EDGE ( 'NONE', *, *, #4812, .T. ) ;
#477 = EDGE_CURVE ( 'NONE', #5131, #2589, #3582, .T. ) ;
#478 = DIRECTION ( 'NONE',  ( 0.000000000000000000, -1.000000000000000000, 0.000000000000000000 ) ) ;
#479 = EDGE_CURVE ( 'NONE', #7384, #3782, #1474, .T. ) ;
#480 = DIRECTION ( 'NONE',  ( -0.000000000000000000, -0.000000000000000000, -1.000000000000000000 ) ) ;
#481 = VECTOR ( 'NONE', #40, 1000.000000000000000 ) ;
#482 = DIRECTION ( 'NONE',  ( -0.000000000000000000, -0.000000000000000000, -1.000000000000000000 ) ) ;
#483 = VECTOR ( 'NONE', #7075, 1000.000000000000000 ) ;
#484 = EDGE_LOOP ( 'NONE', ( #5588, #5835, #2177, #3578 ) ) ;
#485 = ORIENTED_EDGE ( 'NONE', *, *, #383, .F. ) ;
#486 = CARTESIAN_POINT ( 'NONE',  ( 64.69632040246460747, -29.51746535649998293, -4.313555404615907918 ) ) ;
#487 = CARTESIAN_POINT ( 'NONE',  ( 67.99999999999997158, 36.88341924626903534, -6.400000000000001243 ) ) ;
#488 = LINE ( 'NONE', #2889, #3687 ) ;
#489 = CARTESIAN_POINT ( 'NONE',  ( -65.09999999999996589, -35.09363341178117679, -6.400000000000001243 ) ) ;
#490 = DIRECTION ( 'NONE',  ( 0.000000000000000000, 0.000000000000000000, -1.000000000000000000 ) ) ;
#491 = AXIS2_PLACEMENT_3D ( 'NONE', #6445, #2808, #2322 ) ;
#492 =( GEOMETRIC_REPRESENTATION_CONTEXT ( 3 ) GLOBAL_UNCERTAINTY_ASSIGNED_CONTEXT ( ( #4538 ) ) GLOBAL_UNIT_ASSIGNED_CONTEXT ( ( #5634, #2627, #5151 ) ) REPRESENTATION_CONTEXT ( 'NONE', 'WORKASPACE' ) );
#493 = CARTESIAN_POINT ( 'NONE',  ( -66.99999999999995737, 31.49999999999997868, -6.019890110719566145 ) ) ;
#494 = LINE ( 'NONE', #5306, #6528 ) ;
#495 = ORIENTED_EDGE ( 'NONE', *, *, #2885, .F. ) ;
#496 = ORIENTED_EDGE ( 'NONE', *, *, #1977, .T. ) ;
#497 = CARTESIAN_POINT ( 'NONE',  ( -60.63078954500930706, 40.49999999999998579, 0.000000000000000000 ) ) ;
#498 = DIRECTION ( 'NONE',  ( 1.000000000000000000, 0.000000000000000000, -0.000000000000000000 ) ) ;
#499 = ORIENTED_EDGE ( 'NONE', *, *, #6063, .F. ) ;
#500 = CIRCLE ( 'NONE', #1500, 1.649999999999998579 ) ;
#501 = CARTESIAN_POINT ( 'NONE',  ( -12.00000000000000178, 50.98575841387691554, 2.000000000000000000 ) ) ;
#502 = DIRECTION ( 'NONE',  ( 1.000000000000000000, 0.000000000000000000, 0.000000000000000000 ) ) ;
#503 = CARTESIAN_POINT ( 'NONE',  ( 12.99999999999999822, 49.98575841387692265, 0.9999999999999715783 ) ) ;
#504 = DIRECTION ( 'NONE',  ( -0.5000000000000003331, 0.8660254037844385966, 0.000000000000000000 ) ) ;
#505 = FACE_OUTER_BOUND ( 'NONE', #6435, .T. ) ;
#506 = ORIENTED_EDGE ( 'NONE', *, *, #97, .T. ) ;
#507 = ORIENTED_EDGE ( 'NONE', *, *, #6417, .T. ) ;
#508 = VERTEX_POINT ( 'NONE', #7518 ) ;
#509 = DIRECTION ( 'NONE',  ( 1.000000000000000000, 0.000000000000000000, 0.000000000000000000 ) ) ;
#510 = EDGE_CURVE ( 'NONE', #550, #4682, #4581, .T. ) ;
#511 = DIRECTION ( 'NONE',  ( -1.000000000000000000, 4.040919229890095739E-16, 0.000000000000000000 ) ) ;
#512 = VERTEX_POINT ( 'NONE', #3883 ) ;
#513 = VECTOR ( 'NONE', #1569, 1000.000000000000000 ) ;
#514 = CARTESIAN_POINT ( 'NONE',  ( -66.99999999999995737, 31.27846866785818847, -5.806882429712461935 ) ) ;
#515 = AXIS2_PLACEMENT_3D ( 'NONE', #6935, #3337, #456 ) ;
#516 = ORIENTED_EDGE ( 'NONE', *, *, #6315, .F. ) ;
#517 = VERTEX_POINT ( 'NONE', #6192 ) ;
#518 = ADVANCED_FACE ( 'NONE', ( #5594, #5107 ), #2101, .T. ) ;
#519 = DIRECTION ( 'NONE',  ( 0.000000000000000000, 0.000000000000000000, 1.000000000000000000 ) ) ;
#520 = LINE ( 'NONE', #6481, #1165 ) ;
#521 = EDGE_CURVE ( 'NONE', #5590, #2632, #7485, .T. ) ;
#522 = CYLINDRICAL_SURFACE ( 'NONE', #1247, 2.000000000000001776 ) ;
#523 = ORIENTED_EDGE ( 'NONE', *, *, #7345, .F. ) ;
#524 = ORIENTED_EDGE ( 'NONE', *, *, #6742, .F. ) ;
#525 = ADVANCED_FACE ( 'NONE', ( #2033 ), #7408, .T. ) ;
#526 = CARTESIAN_POINT ( 'NONE',  ( 62.99999999999997158, -31.49999999999999289, -6.019890110719560816 ) ) ;
#527 = DIRECTION ( 'NONE',  ( 1.000000000000000000, 0.000000000000000000, 0.000000000000000000 ) ) ;
#528 = DIRECTION ( 'NONE',  ( -0.000000000000000000, -0.000000000000000000, 1.000000000000000000 ) ) ;
#529 = CARTESIAN_POINT ( 'NONE',  ( -58.00000000000001421, -38.49999999999991473, -2.000000000000000000 ) ) ;
#530 = DIRECTION ( 'NONE',  ( 1.000000000000000000, 0.000000000000000000, 0.000000000000000000 ) ) ;
#531 = CARTESIAN_POINT ( 'NONE',  ( -66.33753155012863090, -30.00673875017860581, -4.702890163617167829 ) ) ;
#532 = LINE ( 'NONE', #6024, #347 ) ;
#533 = ADVANCED_FACE ( 'NONE', ( #6887 ), #6263, .F. ) ;
#534 = ORIENTED_EDGE ( 'NONE', *, *, #3393, .T. ) ;
#535 = AXIS2_PLACEMENT_3D ( 'NONE', #7359, #4429, #6727 ) ;
#536 = ORIENTED_EDGE ( 'NONE', *, *, #2916, .T. ) ;
#537 = EDGE_CURVE ( 'NONE', #4271, #6077, #4996, .T. ) ;
#538 = CYLINDRICAL_SURFACE ( 'NONE', #4176, 1.000000000000000888 ) ;
#539 = CARTESIAN_POINT ( 'NONE',  ( 56.99090833947008150, 46.00000000000000000, 2.000000000000000000 ) ) ;
#540 = ORIENTED_EDGE ( 'NONE', *, *, #4444, .T. ) ;
#541 = CARTESIAN_POINT ( 'NONE',  ( -56.99090833947008150, 45.99999999999999289, 0.9999999999999713562 ) ) ;
#542 = FACE_OUTER_BOUND ( 'NONE', #1204, .T. ) ;
#543 = VECTOR ( 'NONE', #108, 1000.000000000000000 ) ;
#544 = DIRECTION ( 'NONE',  ( -0.000000000000000000, 0.000000000000000000, 1.000000000000000000 ) ) ;
#545 = AXIS2_PLACEMENT_3D ( 'NONE', #1509, #2139, #3919 ) ;
#546 = DIRECTION ( 'NONE',  ( -0.000000000000000000, -0.000000000000000000, -1.000000000000000000 ) ) ;
#547 = CARTESIAN_POINT ( 'NONE',  ( 60.27278170635819521, 40.50000000000001421, -8.167106781186573627 ) ) ;
#548 = DIRECTION ( 'NONE',  ( 1.000000000000000000, 0.000000000000000000, 0.000000000000000000 ) ) ;
#549 = ADVANCED_FACE ( 'NONE', ( #4510 ), #2698, .F. ) ;
#550 = VERTEX_POINT ( 'NONE', #3255 ) ;
#551 = CIRCLE ( 'NONE', #5087, 1.649999999999998579 ) ;
#552 = ORIENTED_EDGE ( 'NONE', *, *, #5400, .F. ) ;
#553 = DIRECTION ( 'NONE',  ( 0.000000000000000000, 1.000000000000000000, 0.000000000000000000 ) ) ;
#554 = AXIS2_PLACEMENT_3D ( 'NONE', #7202, #6019, #4865 ) ;
#555 = CARTESIAN_POINT ( 'NONE',  ( -12.00000000000000178, 49.98575841387692265, 0.9999999999999713562 ) ) ;
#556 = ORIENTED_EDGE ( 'NONE', *, *, #1539, .T. ) ;
#557 = AXIS2_PLACEMENT_3D ( 'NONE', #4190, #519, #6676 ) ;
#558 = CARTESIAN_POINT ( 'NONE',  ( 64.99999999999995737, 38.50000000000000711, -1.999999999999998224 ) ) ;
#559 = CIRCLE ( 'NONE', #4972, 1.000000000000000000 ) ;
#560 = ORIENTED_EDGE ( 'NONE', *, *, #1227, .T. ) ;
#561 = VERTEX_POINT ( 'NONE', #1511 ) ;
#562 = CIRCLE ( 'NONE', #4220, 4.000000000000000000 ) ;
#563 = DIRECTION ( 'NONE',  ( 0.000000000000000000, -1.000000000000000000, 0.000000000000000000 ) ) ;
#564 = CARTESIAN_POINT ( 'NONE',  ( -65.09999999999995168, -41.90636658821875926, -6.400000000000001243 ) ) ;
#565 = ADVANCED_FACE ( 'NONE', ( #5630 ), #3920, .T. ) ;
#566 = ADVANCED_FACE ( 'NONE', ( #5040 ), #5668, .F. ) ;
#567 = DIRECTION ( 'NONE',  ( -0.000000000000000000, -0.000000000000000000, 1.000000000000000000 ) ) ;
#568 = VERTEX_POINT ( 'NONE', #4038 ) ;
#569 = VECTOR ( 'NONE', #7128, 1000.000000000000114 ) ;
#570 = ORIENTED_EDGE ( 'NONE', *, *, #5006, .T. ) ;
#571 = CARTESIAN_POINT ( 'NONE',  ( -64.99999999999998579, 31.49999999999998579, -2.000000000000000000 ) ) ;
#572 = DIRECTION ( 'NONE',  ( 0.000000000000000000, 0.000000000000000000, 1.000000000000000000 ) ) ;
#573 = DIRECTION ( 'NONE',  ( -0.000000000000000000, -0.000000000000000000, -1.000000000000000000 ) ) ;
#574 = CARTESIAN_POINT ( 'NONE',  ( 64.99999999999995737, 38.50000000000000711, -7.459999999999991971 ) ) ;
#575 = CARTESIAN_POINT ( 'NONE',  ( 72.00000000000001421, 37.50000000000000000, 2.000000000000000000 ) ) ;
#576 = CARTESIAN_POINT ( 'NONE',  ( -64.99999999999994316, -41.73316150746187247, -6.400000000000001243 ) ) ;
#577 = CARTESIAN_POINT ( 'NONE',  ( -56.89746921118830159, 40.18884821602773627, -5.025801664504287558 ) ) ;
#578 = ORIENTED_EDGE ( 'NONE', *, *, #7192, .F. ) ;
#579 = VERTEX_POINT ( 'NONE', #1624 ) ;
#580 = DIRECTION ( 'NONE',  ( -0.000000000000000000, -0.000000000000000000, -1.000000000000000000 ) ) ;
#581 = CARTESIAN_POINT ( 'NONE',  ( 0.000000000000000000, -18.76274646641389765, 2.000000000000000000 ) ) ;
#582 = ORIENTED_EDGE ( 'NONE', *, *, #510, .T. ) ;
#583 = CARTESIAN_POINT ( 'NONE',  ( 61.99999999999998579, 34.13078954500929285, -20.62223663640860494 ) ) ;
#584 = CARTESIAN_POINT ( 'NONE',  ( 65.50000000000000000, 40.49999999999998579, -2.000000000000000000 ) ) ;
#585 = ADVANCED_FACE ( 'NONE', ( #2180 ), #4629, .T. ) ;
#586 = CARTESIAN_POINT ( 'NONE',  ( 61.99999999999995026, -40.11658075373093624, -6.400000000000001243 ) ) ;
#587 = CARTESIAN_POINT ( 'NONE',  ( -62.19999999999996021, -40.11658075373092203, -6.400000000000001243 ) ) ;
#588 = CARTESIAN_POINT ( 'NONE',  ( 66.99999999999991473, -31.49999999999999289, 0.000000000000000000 ) ) ;
#589 = EDGE_CURVE ( 'NONE', #1981, #4156, #5196, .T. ) ;
#590 = B_SPLINE_CURVE_WITH_KNOTS ( 'NONE', 3,
 ( #4237, #3646, #6098, #1312 ),
 .UNSPECIFIED., .F., .F.,
 ( 4, 4 ),
 ( 0.000000000000000000, 0.003126612814703681655 ),
 .UNSPECIFIED. ) ;
#591 = DIRECTION ( 'NONE',  ( 0.000000000000000000, -0.000000000000000000, -1.000000000000000000 ) ) ;
#592 = VERTEX_POINT ( 'NONE', #450 ) ;
#593 = ORIENTED_EDGE ( 'NONE', *, *, #2395, .F. ) ;
#594 = AXIS2_PLACEMENT_3D ( 'NONE', #3288, #771, #918 ) ;
#595 = ORIENTED_EDGE ( 'NONE', *, *, #863, .T. ) ;
#596 = CARTESIAN_POINT ( 'NONE',  ( 57.99999999999996447, 40.50000000000000711, -6.019890110719553711 ) ) ;
#597 = LINE ( 'NONE', #3504, #4398 ) ;
#598 = EDGE_LOOP ( 'NONE', ( #7064, #7455, #2238, #3159, #2665 ) ) ;
#599 = VECTOR ( 'NONE', #944, 999.9999999999998863 ) ;
#600 = B_SPLINE_CURVE_WITH_KNOTS ( 'NONE', 3,
 ( #631, #6778, #4325, #2543 ),
 .UNSPECIFIED., .F., .F.,
 ( 4, 4 ),
 ( 6.938893903907228378E-18, 0.0005157067621903869753 ),
 .UNSPECIFIED. ) ;
#601 = EDGE_CURVE ( 'NONE', #3003, #1081, #1161, .T. ) ;
#602 = CIRCLE ( 'NONE', #7400, 1.000000000000000888 ) ;
#603 = AXIS2_PLACEMENT_3D ( 'NONE', #4502, #7510, #3876 ) ;
#604 = LINE ( 'NONE', #1301, #2129 ) ;
#605 = VECTOR ( 'NONE', #2679, 1000.000000000000000 ) ;
#606 = ORIENTED_EDGE ( 'NONE', *, *, #3805, .T. ) ;
#607 = DIRECTION ( 'NONE',  ( 1.000000000000000000, 0.000000000000000000, 0.000000000000000000 ) ) ;
#608 = LINE ( 'NONE', #5414, #5447 ) ;
#609 = VECTOR ( 'NONE', #2740, 999.9999999999997726 ) ;
#610 = CARTESIAN_POINT ( 'NONE',  ( 2.000000000000023981, -32.56274646641389836, 0.000000000000000000 ) ) ;
#611 = VERTEX_POINT ( 'NONE', #489 ) ;
#612 = ORIENTED_EDGE ( 'NONE', *, *, #5803, .T. ) ;
#613 = DIRECTION ( 'NONE',  ( -1.000000000000000000, 0.000000000000000000, 0.000000000000000000 ) ) ;
#614 = CARTESIAN_POINT ( 'NONE',  ( 67.04226985820120888, -34.46703647118346936, -8.459999999999991971 ) ) ;
#615 = EDGE_CURVE ( 'NONE', #7626, #1203, #2921, .T. ) ;
#616 = PLANE ( 'NONE',  #798 ) ;
#617 = DIRECTION ( 'NONE',  ( 0.8660254037844384856, 0.5000000000000002220, 0.000000000000000000 ) ) ;
#618 = FACE_OUTER_BOUND ( 'NONE', #1006, .T. ) ;
#619 = AXIS2_PLACEMENT_3D ( 'NONE', #3847, #1318, #6259 ) ;
#620 = CARTESIAN_POINT ( 'NONE',  ( -1.999999999999980904, -19.76274646641389765, 1.000000000000000888 ) ) ;
#621 = ORIENTED_EDGE ( 'NONE', *, *, #6366, .F. ) ;
#622 = ORIENTED_EDGE ( 'NONE', *, *, #4720, .F. ) ;
#623 = CYLINDRICAL_SURFACE ( 'NONE', #2753, 0.2000000000000057288 ) ;
#624 = CARTESIAN_POINT ( 'NONE',  ( -67.49999999999997158, -41.50000000000000000, 0.000000000000000000 ) ) ;
#625 = ORIENTED_EDGE ( 'NONE', *, *, #1227, .F. ) ;
#626 = VECTOR ( 'NONE', #7063, 1000.000000000000000 ) ;
#627 = DIRECTION ( 'NONE',  ( -0.000000000000000000, -0.000000000000000000, 1.000000000000000000 ) ) ;
#628 = VECTOR ( 'NONE', #4381, 1000.000000000000000 ) ;
#629 = DIRECTION ( 'NONE',  ( -0.000000000000000000, -0.000000000000000000, -1.000000000000000000 ) ) ;
#630 = EDGE_CURVE ( 'NONE', #2147, #6425, #4547, .T. ) ;
#631 = CARTESIAN_POINT ( 'NONE',  ( 61.11897591464003909, -40.62726059530536560, -8.459999999999991971 ) ) ;
#632 = CARTESIAN_POINT ( 'NONE',  ( 64.99999999999995737, -38.49999999999999289, -1.999999999999998224 ) ) ;
#633 = DIRECTION ( 'NONE',  ( -1.000000000000000000, 0.000000000000000000, -0.000000000000000000 ) ) ;
#634 = ORIENTED_EDGE ( 'NONE', *, *, #4812, .F. ) ;
#635 = EDGE_CURVE ( 'NONE', #6652, #7231, #7713, .T. ) ;
#636 = ORIENTED_EDGE ( 'NONE', *, *, #2165, .F. ) ;
#637 = CARTESIAN_POINT ( 'NONE',  ( 2.000000000000019984, -19.76274646641389765, 2.000000000000000000 ) ) ;
#638 = EDGE_CURVE ( 'NONE', #4372, #4839, #6489, .T. ) ;
#639 = DIRECTION ( 'NONE',  ( -1.000000000000000000, 0.000000000000000000, 0.000000000000000000 ) ) ;
#640 = ORIENTED_EDGE ( 'NONE', *, *, #2674, .T. ) ;
#641 = ADVANCED_FACE ( 'NONE', ( #6451 ), #4941, .F. ) ;
#642 = CARTESIAN_POINT ( 'NONE',  ( 65.50000000000000000, -41.50000000000000000, 0.000000000000000000 ) ) ;
#643 = ORIENTED_EDGE ( 'NONE', *, *, #1881, .T. ) ;
#644 = DIRECTION ( 'NONE',  ( 0.000000000000000000, 1.000000000000000000, 0.000000000000000000 ) ) ;
#645 = DIRECTION ( 'NONE',  ( 0.000000000000000000, -0.000000000000000000, -1.000000000000000000 ) ) ;
#646 = CARTESIAN_POINT ( 'NONE',  ( -60.27278170635815968, -36.49999999999991473, -8.167106781186546982 ) ) ;
#647 = VERTEX_POINT ( 'NONE', #2290 ) ;
#648 = ORIENTED_EDGE ( 'NONE', *, *, #7623, .F. ) ;
#649 = DIRECTION ( 'NONE',  ( -4.040919229890095739E-16, -1.000000000000000000, 0.000000000000000000 ) ) ;
#650 = CYLINDRICAL_SURFACE ( 'NONE', #4208, 1.000000000000000888 ) ;
#651 = LINE ( 'NONE', #2492, #2938 ) ;
#652 = DIRECTION ( 'NONE',  ( -0.000000000000000000, -0.000000000000000000, -1.000000000000000000 ) ) ;
#653 = CARTESIAN_POINT ( 'NONE',  ( -56.01797540494942496, 38.80691075019069558, -4.313952272138851463 ) ) ;
#654 = ORIENTED_EDGE ( 'NONE', *, *, #4529, .F. ) ;
#655 = ORIENTED_EDGE ( 'NONE', *, *, #1649, .F. ) ;
#656 = CARTESIAN_POINT ( 'NONE',  ( 64.99999999999994316, -35.03589838486224295, -6.400000000000001243 ) ) ;
#657 = FACE_OUTER_BOUND ( 'NONE', #3589, .T. ) ;
#658 = VERTEX_POINT ( 'NONE', #5266 ) ;
#659 = LINE ( 'NONE', #3776, #6967 ) ;
#660 = LINE ( 'NONE', #3061, #975 ) ;
#661 = CARTESIAN_POINT ( 'NONE',  ( -64.99999999999994316, -41.96410161513772152, 2.000000000000000000 ) ) ;
#662 = CARTESIAN_POINT ( 'NONE',  ( -1.999999999999980904, -32.56274646641389836, 1.000000000000000888 ) ) ;
#663 = CYLINDRICAL_SURFACE ( 'NONE', #7553, 2.000000000000001776 ) ;
#664 = CARTESIAN_POINT ( 'NONE',  ( 60.79425992883385987, -36.49999999999999289, -8.446178886083128390 ) ) ;
#665 = AXIS2_PLACEMENT_3D ( 'NONE', #7149, #480, #2246 ) ;
#666 = ADVANCED_FACE ( 'NONE', ( #2255 ), #3479, .F. ) ;
#667 = EDGE_LOOP ( 'NONE', ( #6910, #3308, #4711, #2979, #7486 ) ) ;
#668 = CARTESIAN_POINT ( 'NONE',  ( 57.11263025016531003, 40.30771831814571726, -5.209152092904828280 ) ) ;
#669 = CARTESIAN_POINT ( 'NONE',  ( -58.75130018433434032, 36.49999999999998579, -6.742283229823981650 ) ) ;
#670 = ORIENTED_EDGE ( 'NONE', *, *, #5029, .F. ) ;
#671 = CIRCLE ( 'NONE', #7092, 4.425786437626963554 ) ;
#672 = AXIS2_PLACEMENT_3D ( 'NONE', #7256, #1912, #2467 ) ;
#673 = AXIS2_PLACEMENT_3D ( 'NONE', #5828, #1168, #7054 ) ;
#674 = DIRECTION ( 'NONE',  ( -0.000000000000000000, -0.000000000000000000, 1.000000000000000000 ) ) ;
#675 = VERTEX_POINT ( 'NONE', #4115 ) ;
#676 = EDGE_CURVE ( 'NONE', #4595, #7231, #5132, .T. ) ;
#677 = DIRECTION ( 'NONE',  ( -1.000000000000000000, 0.000000000000000000, 0.000000000000000000 ) ) ;
#678 = CYLINDRICAL_SURFACE ( 'NONE', #342, 1.649999999999998579 ) ;
#679 = ADVANCED_FACE ( 'NONE', ( #6529 ), #5937, .T. ) ;
#680 = AXIS2_PLACEMENT_3D ( 'NONE', #2194, #6835, #6126 ) ;
#681 = FACE_OUTER_BOUND ( 'NONE', #2919, .T. ) ;
#682 = ORIENTED_EDGE ( 'NONE', *, *, #2395, .T. ) ;
#683 = ORIENTED_EDGE ( 'NONE', *, *, #2656, .T. ) ;
#684 = CARTESIAN_POINT ( 'NONE',  ( 4.000000000000022204, -19.76274646641390476, 0.000000000000000000 ) ) ;
#685 = CYLINDRICAL_SURFACE ( 'NONE', #554, 0.2000000000000057288 ) ;
#686 = EDGE_CURVE ( 'NONE', #5274, #4467, #96, .T. ) ;
#687 = DIRECTION ( 'NONE',  ( 1.000000000000000000, 0.000000000000000000, 0.000000000000000000 ) ) ;
#688 = CARTESIAN_POINT ( 'NONE',  ( -60.27278170635815968, -36.49999999999991473, -8.167106781186546982 ) ) ;
#689 = ORIENTED_EDGE ( 'NONE', *, *, #7090, .F. ) ;
#690 = ORIENTED_EDGE ( 'NONE', *, *, #3164, .T. ) ;
#691 = DIRECTION ( 'NONE',  ( 1.000000000000000000, 0.000000000000000000, 0.000000000000000000 ) ) ;
#692 = CARTESIAN_POINT ( 'NONE',  ( 60.57421356237299648, -38.49999999999999289, -8.459999999999991971 ) ) ;
#693 = ORIENTED_EDGE ( 'NONE', *, *, #274, .T. ) ;
#694 = CARTESIAN_POINT ( 'NONE',  ( -56.99090833947008150, 45.99999999999999289, 0.9999999999999713562 ) ) ;
#695 = PLANE ( 'NONE',  #5394 ) ;
#696 = CARTESIAN_POINT ( 'NONE',  ( 60.63078954500927154, -35.49999999999999289, -8.459999999999991971 ) ) ;
#697 = CYLINDRICAL_SURFACE ( 'NONE', #711, 1.649999999999998579 ) ;
#698 = FACE_OUTER_BOUND ( 'NONE', #6842, .T. ) ;
#699 = CARTESIAN_POINT ( 'NONE',  ( 56.99090833947007440, 47.16642294966062821, 2.000000000000000000 ) ) ;
#700 = ORIENTED_EDGE ( 'NONE', *, *, #7118, .T. ) ;
#701 = ORIENTED_EDGE ( 'NONE', *, *, #3237, .T. ) ;
#702 = EDGE_LOOP ( 'NONE', ( #2175, #269, #3964, #634 ) ) ;
#703 = CARTESIAN_POINT ( 'NONE',  ( 49.17157287525380838, 53.98575841387690843, 2.000000000000000000 ) ) ;
#704 = CARTESIAN_POINT ( 'NONE',  ( 2.000000000000016431, -33.56274646641389836, 2.000000000000000000 ) ) ;
#705 = ORIENTED_EDGE ( 'NONE', *, *, #601, .T. ) ;
#706 = ADVANCED_FACE ( 'NONE', ( #7078 ), #3364, .T. ) ;
#707 = EDGE_CURVE ( 'NONE', #1885, #6534, #4076, .T. ) ;
#708 = FACE_BOUND ( 'NONE', #7169, .T. ) ;
#709 = VERTEX_POINT ( 'NONE', #7597 ) ;
#710 = CIRCLE ( 'NONE', #1341, 1.000000000000000888 ) ;
#711 = AXIS2_PLACEMENT_3D ( 'NONE', #109, #2509, #5556 ) ;
#712 = EDGE_CURVE ( 'NONE', #7527, #432, #6308, .T. ) ;
#713 = DIRECTION ( 'NONE',  ( -1.000000000000000000, 0.000000000000000000, 0.000000000000000000 ) ) ;
#714 = DIRECTION ( 'NONE',  ( 1.000000000000000000, 0.000000000000000000, 0.000000000000000000 ) ) ;
#715 = FACE_OUTER_BOUND ( 'NONE', #7212, .T. ) ;
#716 = CIRCLE ( 'NONE', #2100, 4.299999999999998046 ) ;
#717 = ORIENTED_EDGE ( 'NONE', *, *, #3645, .T. ) ;
#718 = ADVANCED_FACE ( 'NONE', ( #4000 ), #4497, .T. ) ;
#719 = ORIENTED_EDGE ( 'NONE', *, *, #418, .T. ) ;
#720 = DIRECTION ( 'NONE',  ( -0.000000000000000000, -0.000000000000000000, -1.000000000000000000 ) ) ;
#721 = CARTESIAN_POINT ( 'NONE',  ( -55.99090833947008150, 45.99999999999999289, 2.000000000000000000 ) ) ;
#722 = EDGE_CURVE ( 'NONE', #6422, #1113, #6905, .T. ) ;
#723 = DIRECTION ( 'NONE',  ( 1.000000000000000000, 0.000000000000000000, 0.000000000000000000 ) ) ;
#724 = CIRCLE ( 'NONE', #7541, 0.2000000000000057288 ) ;
#725 = DIRECTION ( 'NONE',  ( 0.000000000000000000, 0.000000000000000000, 1.000000000000000000 ) ) ;
#726 = CARTESIAN_POINT ( 'NONE',  ( -66.99999999999994316, 34.29425992883385987, -8.446178886083128390 ) ) ;
#727 = AXIS2_PLACEMENT_3D ( 'NONE', #3756, #171, #3676 ) ;
#728 = EDGE_LOOP ( 'NONE', ( #76, #7631, #174, #2136 ) ) ;
#729 = EDGE_CURVE ( 'NONE', #4686, #3215, #3751, .T. ) ;
#730 = ORIENTED_EDGE ( 'NONE', *, *, #5298, .T. ) ;
#731 = DIRECTION ( 'NONE',  ( -1.000000000000000000, 0.000000000000000000, 0.000000000000000000 ) ) ;
#732 = AXIS2_PLACEMENT_3D ( 'NONE', #3405, #4516, #6340 ) ;
#733 = CARTESIAN_POINT ( 'NONE',  ( 10.99999999999999645, 50.98575841387691554, 2.000000000000000000 ) ) ;
#734 = LINE ( 'NONE', #1837, #1420 ) ;
#735 = CARTESIAN_POINT ( 'NONE',  ( -67.49999999999997158, -49.00000000000000000, 2.000000000000000000 ) ) ;
#736 = CARTESIAN_POINT ( 'NONE',  ( 67.89999999999996305, -40.28978583448784434, 2.000000000000000000 ) ) ;
#737 = CARTESIAN_POINT ( 'NONE',  ( 67.99999999999997158, 36.88341924626903534, 2.000000000000000000 ) ) ;
#738 = DIRECTION ( 'NONE',  ( 1.000000000000000000, 3.227392513445223895E-15, 0.000000000000000000 ) ) ;
#739 = PLANE ( 'NONE',  #5137 ) ;
#740 = ORIENTED_EDGE ( 'NONE', *, *, #3317, .T. ) ;
#741 = VERTEX_POINT ( 'NONE', #2410 ) ;
#742 = CIRCLE ( 'NONE', #4774, 0.2000000000000057288 ) ;
#743 = ORIENTED_EDGE ( 'NONE', *, *, #7363, .T. ) ;
#744 = CARTESIAN_POINT ( 'NONE',  ( 4.000000000000025757, -32.56274646641389126, 0.000000000000000000 ) ) ;
#745 = AXIS2_PLACEMENT_3D ( 'NONE', #3324, #5104, #7040 ) ;
#746 = CARTESIAN_POINT ( 'NONE',  ( 64.99999999999995737, 35.03589838486221453, -6.400000000000001243 ) ) ;
#747 = VERTEX_POINT ( 'NONE', #3046 ) ;
#748 = AXIS2_PLACEMENT_3D ( 'NONE', #1102, #4146, #6397 ) ;
#749 = AXIS2_PLACEMENT_3D ( 'NONE', #2866, #3495, #4681 ) ;
#750 = CARTESIAN_POINT ( 'NONE',  ( 65.59704390354225723, 29.58526673192323742, -4.366525468218847017 ) ) ;
#751 = CARTESIAN_POINT ( 'NONE',  ( -66.99999999999994316, -33.77278170635814547, -8.167106781186543429 ) ) ;
#752 = EDGE_LOOP ( 'NONE', ( #7592, #2802, #7038, #321 ) ) ;
#753 = AXIS2_PLACEMENT_3D ( 'NONE', #7661, #438, #6477 ) ;
#754 = CARTESIAN_POINT ( 'NONE',  ( 55.81933546421626602, 49.99485007440680562, 0.000000000000000000 ) ) ;
#755 = CARTESIAN_POINT ( 'NONE',  ( 64.99999999999997158, 38.50000000000002842, 0.000000000000000000 ) ) ;
#756 = CARTESIAN_POINT ( 'NONE',  ( 3.000000000000014655, 8.131516293641333545E-16, 2.000000000000000000 ) ) ;
#757 = ORIENTED_EDGE ( 'NONE', *, *, #6672, .T. ) ;
#758 = EDGE_CURVE ( 'NONE', #1339, #2296, #2104, .T. ) ;
#759 = ORIENTED_EDGE ( 'NONE', *, *, #4050, .T. ) ;
#760 = DIRECTION ( 'NONE',  ( 0.000000000000000000, -1.000000000000000000, 0.000000000000000000 ) ) ;
#761 = LINE ( 'NONE', #7799, #2430 ) ;
#762 = CARTESIAN_POINT ( 'NONE',  ( -57.99999999999999289, 40.49999999999998579, -6.019890110719556375 ) ) ;
#763 = AXIS2_PLACEMENT_3D ( 'NONE', #6505, #938, #7062 ) ;
#764 = EDGE_CURVE ( 'NONE', #5027, #5520, #1781, .T. ) ;
#765 = DIRECTION ( 'NONE',  ( 0.000000000000000000, 0.000000000000000000, 1.000000000000000000 ) ) ;
#766 = CARTESIAN_POINT ( 'NONE',  ( -58.75134444885777185, -36.49999999999991473, -6.742325791223334974 ) ) ;
#767 = ORIENTED_EDGE ( 'NONE', *, *, #6188, .T. ) ;
#768 = VERTEX_POINT ( 'NONE', #4269 ) ;
#769 = DIRECTION ( 'NONE',  ( 1.000000000000000000, 0.000000000000000000, 0.000000000000000000 ) ) ;
#770 = CIRCLE ( 'NONE', #5176, 0.2000000000000057288 ) ;
#771 = DIRECTION ( 'NONE',  ( 0.000000000000000000, 0.000000000000000000, -1.000000000000000000 ) ) ;
#772 = DIRECTION ( 'NONE',  ( -0.000000000000000000, -0.000000000000000000, -1.000000000000000000 ) ) ;
#773 = DIRECTION ( 'NONE',  ( 1.000000000000000000, 0.000000000000000000, 0.000000000000000000 ) ) ;
#774 = CARTESIAN_POINT ( 'NONE',  ( -67.79999999999994031, -36.88341924626901402, 2.000000000000000000 ) ) ;
#775 = EDGE_CURVE ( 'NONE', #517, #709, #4348, .T. ) ;
#776 = EDGE_CURVE ( 'NONE', #2514, #6652, #6129, .T. ) ;
#777 = CARTESIAN_POINT ( 'NONE',  ( 3.000000000000023537, -32.56274646641389836, 1.000000000000000888 ) ) ;
#778 = DIRECTION ( 'NONE',  ( 0.6620622103047327789, 0.7494488839716900719, 0.000000000000000000 ) ) ;
#779 = CARTESIAN_POINT ( 'NONE',  ( -63.00000000000000000, -33.99851384451552860, -8.335902675378465077 ) ) ;
#780 = ORIENTED_EDGE ( 'NONE', *, *, #2346, .T. ) ;
#781 = EDGE_CURVE ( 'NONE', #5855, #5507, #2569, .T. ) ;
#782 = ORIENTED_EDGE ( 'NONE', *, *, #6841, .T. ) ;
#783 = VERTEX_POINT ( 'NONE', #646 ) ;
#784 = LINE ( 'NONE', #825, #1142 ) ;
#785 = EDGE_LOOP ( 'NONE', ( #499, #355, #4064, #780 ) ) ;
#786 = FACE_OUTER_BOUND ( 'NONE', #6631, .T. ) ;
#787 = DIRECTION ( 'NONE',  ( -0.000000000000000000, -0.000000000000000000, 1.000000000000000000 ) ) ;
#788 = ADVANCED_FACE ( 'NONE', ( #715 ), #5454, .F. ) ;
#789 = VECTOR ( 'NONE', #6230, 1000.000000000000000 ) ;
#790 = ORIENTED_EDGE ( 'NONE', *, *, #4610, .F. ) ;
#791 = CARTESIAN_POINT ( 'NONE',  ( 65.14959029205208196, 29.49972711092096844, -4.299787752878664548 ) ) ;
#792 = CIRCLE ( 'NONE', #170, 5.132893218813508796 ) ;
#793 = CARTESIAN_POINT ( 'NONE',  ( -62.09999999999999432, 36.71021416551215566, 2.000000000000000000 ) ) ;
#794 = EDGE_LOOP ( 'NONE', ( #1481, #7263, #5289, #1935, #2212, #2441, #5067, #4496, #5126, #2278, #2061, #313, #838, #15, #6283, #4848, #7017, #2821, #3166, #6314, #864, #6577, #3084, #3391, #7464, #1754, #3355, #7426, #1245, #4543, #7010, #593, #6849, #4594, #3871, #3112 ) ) ;
#795 = VECTOR ( 'NONE', #149, 1000.000000000000000 ) ;
#796 = CARTESIAN_POINT ( 'NONE',  ( 66.99999999999992895, 33.99868155969899419, -8.335965212114823331 ) ) ;
#797 = DIRECTION ( 'NONE',  ( 1.000000000000000000, 0.000000000000000000, 0.000000000000000000 ) ) ;
#798 = AXIS2_PLACEMENT_3D ( 'NONE', #4828, #1863, #4274 ) ;
#799 = B_SPLINE_CURVE_WITH_KNOTS ( 'NONE', 3,
 ( #896, #5791, #6276, #7459 ),
 .UNSPECIFIED., .F., .F.,
 ( 4, 4 ),
 ( 6.938893903907228378E-18, 0.0005157067621903804700 ),
 .UNSPECIFIED. ) ;
#800 = FACE_OUTER_BOUND ( 'NONE', #5402, .T. ) ;
#801 = VERTEX_POINT ( 'NONE', #4193 ) ;
#802 = B_SPLINE_CURVE_WITH_KNOTS ( 'NONE', 3,
 ( #1668, #5748, #3450, #1520 ),
 .UNSPECIFIED., .F., .F.,
 ( 4, 4 ),
 ( 0.000000000000000000, 0.0005157067621903728806 ),
 .UNSPECIFIED. ) ;
#803 = EDGE_LOOP ( 'NONE', ( #6169, #7566, #6165, #682 ) ) ;
#804 = VECTOR ( 'NONE', #135, 1000.000000000000000 ) ;
#805 = LINE ( 'NONE', #1982, #7739 ) ;
#806 = ADVANCED_FACE ( 'NONE', ( #4984 ), #2527, .F. ) ;
#807 = DIRECTION ( 'NONE',  ( -0.000000000000000000, -0.000000000000000000, 1.000000000000000000 ) ) ;
#808 = CARTESIAN_POINT ( 'NONE',  ( 32.00000000000000000, 50.98575841387691554, 0.000000000000000000 ) ) ;
#810 = ADVANCED_FACE ( 'NONE', ( #6605 ), #3123, .F. ) ;
#809 = CIRCLE ( 'NONE', #179, 1.000000000000000888 ) ;
#811 = DIRECTION ( 'NONE',  ( 0.7071067811865489050, 0.000000000000000000, -0.7071067811865462405 ) ) ;
#812 = EDGE_LOOP ( 'NONE', ( #3839, #4992, #6651, #2318 ) ) ;
#813 = AXIS2_PLACEMENT_3D ( 'NONE', #5085, #2010, #5609 ) ;
#814 = EDGE_LOOP ( 'NONE', ( #845, #6117, #6731, #5953, #5879 ) ) ;
#815 = DIRECTION ( 'NONE',  ( -0.000000000000000000, -0.000000000000000000, 1.000000000000000000 ) ) ;
#816 = CARTESIAN_POINT ( 'NONE',  ( -62.00000000000000000, 36.88341924626904955, 2.000000000000000000 ) ) ;
#817 = CARTESIAN_POINT ( 'NONE',  ( 65.50000000000000000, -34.56274646641389836, 0.000000000000000000 ) ) ;
#818 = CARTESIAN_POINT ( 'NONE',  ( 62.99999999999998579, -41.50000000000000000, -2.000000000000000000 ) ) ;
#819 = DIRECTION ( 'NONE',  ( -0.000000000000000000, -0.000000000000000000, -1.000000000000000000 ) ) ;
#820 = LINE ( 'NONE', #4960, #1850 ) ;
#821 = CARTESIAN_POINT ( 'NONE',  ( 56.08713485301542789, -37.89663676647572288, -4.367987734121435039 ) ) ;
#822 = ORIENTED_EDGE ( 'NONE', *, *, #3672, .F. ) ;
#823 = ORIENTED_EDGE ( 'NONE', *, *, #4059, .F. ) ;
#824 = EDGE_LOOP ( 'NONE', ( #5754, #4083, #524, #7208, #7336 ) ) ;
#825 = CARTESIAN_POINT ( 'NONE',  ( -62.09999999999995168, -40.28978583448781592, -6.400000000000001243 ) ) ;
#826 = ADVANCED_FACE ( 'NONE', ( #681 ), #6719, .F. ) ;
#827 = VERTEX_POINT ( 'NONE', #1191 ) ;
#828 = DIRECTION ( 'NONE',  ( 0.000000000000000000, 0.000000000000000000, 1.000000000000000000 ) ) ;
#829 = DIRECTION ( 'NONE',  ( 0.000000000000000000, -0.000000000000000000, 1.000000000000000000 ) ) ;
#830 = EDGE_CURVE ( 'NONE', #1241, #4318, #3083, .T. ) ;
#831 = CARTESIAN_POINT ( 'NONE',  ( 65.30367959753533569, 29.51746535649999714, -4.313555404615909694 ) ) ;
#832 = EDGE_CURVE ( 'NONE', #4104, #1049, #6010, .T. ) ;
#833 = VERTEX_POINT ( 'NONE', #86 ) ;
#834 = CARTESIAN_POINT ( 'NONE',  ( -56.99090833947008150, 45.99999999999999289, 2.000000000000000000 ) ) ;
#835 = CARTESIAN_POINT ( 'NONE',  ( -51.29289321881346808, 53.10707875743654682, 2.000000000000000000 ) ) ;
#836 = LINE ( 'NONE', #1535, #366 ) ;
#837 = CIRCLE ( 'NONE', #3981, 0.2000000000000057288 ) ;
#838 = ORIENTED_EDGE ( 'NONE', *, *, #6968, .F. ) ;
#839 = VERTEX_POINT ( 'NONE', #4821 ) ;
#840 = FACE_OUTER_BOUND ( 'NONE', #5363, .T. ) ;
#841 = DIRECTION ( 'NONE',  ( -0.000000000000000000, -0.000000000000000000, 1.000000000000000000 ) ) ;
#842 = DIRECTION ( 'NONE',  ( -1.000000000000000000, 0.000000000000000000, 0.000000000000000000 ) ) ;
#843 = ORIENTED_EDGE ( 'NONE', *, *, #2282, .F. ) ;
#844 = ADVANCED_FACE ( 'NONE', ( #7237 ), #3639, .F. ) ;
#845 = ORIENTED_EDGE ( 'NONE', *, *, #6706, .T. ) ;
#846 = LINE ( 'NONE', #6189, #7670 ) ;
#847 = DIRECTION ( 'NONE',  ( 0.000000000000000000, 0.000000000000000000, -1.000000000000000000 ) ) ;
#848 = DIRECTION ( 'NONE',  ( 1.000000000000000000, 0.000000000000000000, 0.000000000000000000 ) ) ;
#849 = CIRCLE ( 'NONE', #5644, 0.2000000000000057288 ) ;
#850 = DIRECTION ( 'NONE',  ( 0.000000000000000000, 0.000000000000000000, -1.000000000000000000 ) ) ;
#851 = DIRECTION ( 'NONE',  ( -0.000000000000000000, -0.000000000000000000, 1.000000000000000000 ) ) ;
#852 = CARTESIAN_POINT ( 'NONE',  ( 26.99999999999999645, 49.98575841387692265, 2.000000000000000000 ) ) ;
#853 = DIRECTION ( 'NONE',  ( 0.7071067811865469066, -0.7071067811865482389, 0.000000000000000000 ) ) ;
#854 = FACE_OUTER_BOUND ( 'NONE', #6300, .T. ) ;
#855 = CIRCLE ( 'NONE', #4382, 1.000000000000000888 ) ;
#856 = ORIENTED_EDGE ( 'NONE', *, *, #1108, .T. ) ;
#857 = EDGE_LOOP ( 'NONE', ( #7285, #2645, #4608, #5843 ) ) ;
#858 = LINE ( 'NONE', #2591, #891 ) ;
#859 = VERTEX_POINT ( 'NONE', #1822 ) ;
#860 = ADVANCED_FACE ( 'NONE', ( #4901 ), #4612, .F. ) ;
#861 = CARTESIAN_POINT ( 'NONE',  ( 8.000000000000000000, 54.98575841387692265, 0.000000000000000000 ) ) ;
#862 = CARTESIAN_POINT ( 'NONE',  ( 64.99999999999995737, 38.50000000000000711, -7.459999999999991971 ) ) ;
#863 = EDGE_CURVE ( 'NONE', #7260, #6025, #1895, .T. ) ;
#864 = ORIENTED_EDGE ( 'NONE', *, *, #2799, .F. ) ;
#865 = AXIS2_PLACEMENT_3D ( 'NONE', #1258, #1331, #4851 ) ;
#866 = CIRCLE ( 'NONE', #745, 5.132893218813515013 ) ;
#867 = ADVANCED_FACE ( 'NONE', ( #3165 ), #6764, .T. ) ;
#868 = CARTESIAN_POINT ( 'NONE',  ( 63.00000000000000000, 31.27846866785821689, -5.806882429712461047 ) ) ;
#869 = ORIENTED_EDGE ( 'NONE', *, *, #6223, .F. ) ;
#870 = TOROIDAL_SURFACE ( 'NONE', #5281, 4.425786437626971548, 1.000000000000000000 ) ;
#871 = VECTOR ( 'NONE', #5397, 1000.000000000000000 ) ;
#872 = EDGE_CURVE ( 'NONE', #3782, #7269, #5753, .T. ) ;
#873 = CARTESIAN_POINT ( 'NONE',  ( -61.11897591464006751, 40.62726059530536560, -8.459999999999991971 ) ) ;
#874 = EDGE_CURVE ( 'NONE', #6796, #3700, #5653, .T. ) ;
#875 = DIRECTION ( 'NONE',  ( 0.000000000000000000, 0.000000000000000000, 1.000000000000000000 ) ) ;
#876 = VERTEX_POINT ( 'NONE', #6803 ) ;
#877 = ORIENTED_EDGE ( 'NONE', *, *, #3840, .T. ) ;
#878 = CARTESIAN_POINT ( 'NONE',  ( -57.99090833947008150, 45.00000000000000000, 0.000000000000000000 ) ) ;
#879 = DIRECTION ( 'NONE',  ( 0.8660254037844384856, 0.5000000000000002220, 0.000000000000000000 ) ) ;
#880 = DIRECTION ( 'NONE',  ( -0.000000000000000000, -0.000000000000000000, 1.000000000000000000 ) ) ;
#881 = ORIENTED_EDGE ( 'NONE', *, *, #5485, .T. ) ;
#882 = ORIENTED_EDGE ( 'NONE', *, *, #1919, .F. ) ;
#883 = CARTESIAN_POINT ( 'NONE',  ( -63.35000000000000142, 38.49999999999999289, 0.000000000000000000 ) ) ;
#884 = CYLINDRICAL_SURFACE ( 'NONE', #2975, 1.999999999999974021 ) ;
#885 = PLANE ( 'NONE',  #4316 ) ;
#886 = CARTESIAN_POINT ( 'NONE',  ( -62.87273940469462019, 34.61897591464006041, -8.459999999999991971 ) ) ;
#887 = ORIENTED_EDGE ( 'NONE', *, *, #1244, .T. ) ;
#888 = CARTESIAN_POINT ( 'NONE',  ( 64.99999999999994316, -35.26683849253809200, -6.400000000000001243 ) ) ;
#889 = CARTESIAN_POINT ( 'NONE',  ( -56.50689143379704404, 37.16236079196391273, -4.703016595897279828 ) ) ;
#890 = DIRECTION ( 'NONE',  ( -1.000000000000000000, 0.000000000000000000, 0.000000000000000000 ) ) ;
#891 = VECTOR ( 'NONE', #5009, 1000.000000000000000 ) ;
#892 = ORIENTED_EDGE ( 'NONE', *, *, #6494, .F. ) ;
#893 = EDGE_LOOP ( 'NONE', ( #655, #1908, #5674, #2227 ) ) ;
#894 = DIRECTION ( 'NONE',  ( 0.000000000000000000, -1.000000000000000000, 0.000000000000000000 ) ) ;
#895 = ORIENTED_EDGE ( 'NONE', *, *, #2535, .T. ) ;
#896 = CARTESIAN_POINT ( 'NONE',  ( 62.87273940469459177, -34.61897591464006751, -8.459999999999991971 ) ) ;
#897 = DIRECTION ( 'NONE',  ( 1.000000000000000000, 0.000000000000000000, 0.000000000000000000 ) ) ;
#898 = ADVANCED_FACE ( 'NONE', ( #800 ), #1499, .T. ) ;
#899 = ORIENTED_EDGE ( 'NONE', *, *, #1300, .F. ) ;
#900 = LINE ( 'NONE', #3864, #2401 ) ;
#901 = DIRECTION ( 'NONE',  ( 0.000000000000000000, 0.000000000000000000, 1.000000000000000000 ) ) ;
#902 = EDGE_LOOP ( 'NONE', ( #1082, #670, #1335, #6872 ) ) ;
#903 = CARTESIAN_POINT ( 'NONE',  ( 65.50000000000000000, 37.50000000000000000, 2.000000000000000000 ) ) ;
#904 = AXIS2_PLACEMENT_3D ( 'NONE', #4948, #5031, #2457 ) ;
#905 = CARTESIAN_POINT ( 'NONE',  ( -67.99999999999997158, 36.88341924626904245, 2.000000000000000000 ) ) ;
#906 = ORIENTED_EDGE ( 'NONE', *, *, #1436, .F. ) ;
#907 = ORIENTED_EDGE ( 'NONE', *, *, #6845, .T. ) ;
#908 = EDGE_CURVE ( 'NONE', #4478, #2878, #3837, .T. ) ;
#909 = VECTOR ( 'NONE', #4001, 1000.000000000000000 ) ;
#910 = VECTOR ( 'NONE', #28, 1000.000000000000000 ) ;
#911 = CARTESIAN_POINT ( 'NONE',  ( -32.00000000000000000, 54.98575841387691554, 2.000000000000000000 ) ) ;
#912 = EDGE_CURVE ( 'NONE', #7037, #4650, #1459, .T. ) ;
#913 = CARTESIAN_POINT ( 'NONE',  ( 12.99999999999999822, 49.98575841387692265, 2.000000000000000000 ) ) ;
#914 = VECTOR ( 'NONE', #5658, 1000.000000000000000 ) ;
#915 = VERTEX_POINT ( 'NONE', #2609 ) ;
#916 = ORIENTED_EDGE ( 'NONE', *, *, #2648, .T. ) ;
#917 = LINE ( 'NONE', #883, #4012 ) ;
#918 = DIRECTION ( 'NONE',  ( -1.000000000000000000, 0.000000000000000000, 0.000000000000000000 ) ) ;
#919 = EDGE_CURVE ( 'NONE', #6331, #2125, #2601, .T. ) ;
#920 = LINE ( 'NONE', #2732, #286 ) ;
#921 = CARTESIAN_POINT ( 'NONE',  ( 64.99999999999995737, -38.49999999999999289, -20.62223663640860494 ) ) ;
#922 = ORIENTED_EDGE ( 'NONE', *, *, #1498, .T. ) ;
#923 = VECTOR ( 'NONE', #5533, 1000.000000000000000 ) ;
#924 = CARTESIAN_POINT ( 'NONE',  ( -52.00000000000002842, 53.81418553862310006, 0.000000000000000000 ) ) ;
#925 = DIRECTION ( 'NONE',  ( -0.8660254037844384856, 0.5000000000000002220, 0.000000000000000000 ) ) ;
#926 = DIRECTION ( 'NONE',  ( -2.710505431213764536E-16, 1.000000000000000000, 0.000000000000000000 ) ) ;
#927 = CARTESIAN_POINT ( 'NONE',  ( 57.77826502318830393, -40.49999999999999289, -5.806686620485567829 ) ) ;
#928 = VERTEX_POINT ( 'NONE', #5024 ) ;
#929 = AXIS2_PLACEMENT_3D ( 'NONE', #6977, #7390, #6210 ) ;
#930 = ORIENTED_EDGE ( 'NONE', *, *, #3025, .T. ) ;
#931 = DIRECTION ( 'NONE',  ( 0.000000000000000000, 0.000000000000000000, -1.000000000000000000 ) ) ;
#932 = ORIENTED_EDGE ( 'NONE', *, *, #2734, .T. ) ;
#933 = DIRECTION ( 'NONE',  ( 2.710505431213764536E-16, -1.000000000000000000, 0.000000000000000000 ) ) ;
#934 = CARTESIAN_POINT ( 'NONE',  ( 64.99999999999995737, -38.49999999999999289, -8.459999999999991971 ) ) ;
#935 = ORIENTED_EDGE ( 'NONE', *, *, #4511, .T. ) ;
#936 = VECTOR ( 'NONE', #1130, 1000.000000000000000 ) ;
#937 = ORIENTED_EDGE ( 'NONE', *, *, #7525, .F. ) ;
#938 = DIRECTION ( 'NONE',  ( -0.000000000000000000, -0.000000000000000000, -1.000000000000000000 ) ) ;
#939 = EDGE_CURVE ( 'NONE', #2205, #2956, #5726, .T. ) ;
#940 = DIRECTION ( 'NONE',  ( 1.000000000000000000, 0.000000000000000000, 0.000000000000000000 ) ) ;
#941 = ORIENTED_EDGE ( 'NONE', *, *, #3218, .T. ) ;
#942 = ADVANCED_FACE ( 'NONE', ( #3800 ), #4737, .T. ) ;
#943 = CARTESIAN_POINT ( 'NONE',  ( 27.99999999999999645, 50.98575841387691554, 0.000000000000000000 ) ) ;
#944 = DIRECTION ( 'NONE',  ( -0.7071067811865376918, 0.000000000000000000, -0.7071067811865574537 ) ) ;
#945 = ORIENTED_EDGE ( 'NONE', *, *, #7383, .T. ) ;
#946 = ORIENTED_EDGE ( 'NONE', *, *, #3951, .T. ) ;
#947 = ADVANCED_FACE ( 'NONE', ( #319 ), #6286, .T. ) ;
#948 = CARTESIAN_POINT ( 'NONE',  ( -62.09999999999999432, 40.28978583448783723, -6.400000000000001243 ) ) ;
#949 = CARTESIAN_POINT ( 'NONE',  ( -66.65000000000000568, 38.49999999999999289, -6.400000000000001243 ) ) ;
#950 = EDGE_CURVE ( 'NONE', #4179, #1757, #836, .T. ) ;
#951 = ORIENTED_EDGE ( 'NONE', *, *, #4533, .F. ) ;
#952 = ORIENTED_EDGE ( 'NONE', *, *, #2690, .F. ) ;
#953 = EDGE_CURVE ( 'NONE', #1579, #4633, #3869, .T. ) ;
#954 = FACE_OUTER_BOUND ( 'NONE', #1844, .T. ) ;
#955 = AXIS2_PLACEMENT_3D ( 'NONE', #6758, #3601, #6013 ) ;
#956 = DIRECTION ( 'NONE',  ( 0.000000000000000000, 0.000000000000000000, 1.000000000000000000 ) ) ;
#957 = DIRECTION ( 'NONE',  ( 0.000000000000000000, 0.000000000000000000, -1.000000000000000000 ) ) ;
#958 = DIRECTION ( 'NONE',  ( 1.000000000000000000, 0.000000000000000000, 0.000000000000000000 ) ) ;
#959 = VECTOR ( 'NONE', #4236, 1000.000000000000000 ) ;
#960 = CARTESIAN_POINT ( 'NONE',  ( 64.99999999999995737, 41.96410161513775705, -6.400000000000001243 ) ) ;
#961 = VECTOR ( 'NONE', #2789, 1000.000000000000000 ) ;
#962 = CARTESIAN_POINT ( 'NONE',  ( -63.31130072613283488, -30.39736166465740652, -5.025716521494244304 ) ) ;
#963 = PLANE ( 'NONE',  #7792 ) ;
#964 = EDGE_CURVE ( 'NONE', #3894, #399, #1747, .T. ) ;
#965 = ORIENTED_EDGE ( 'NONE', *, *, #2838, .T. ) ;
#966 = ORIENTED_EDGE ( 'NONE', *, *, #1962, .F. ) ;
#967 = CARTESIAN_POINT ( 'NONE',  ( 64.99999999999995737, 41.73316150746190090, 2.000000000000000000 ) ) ;
#968 = AXIS2_PLACEMENT_3D ( 'NONE', #169, #2484, #4304 ) ;
#969 = ORIENTED_EDGE ( 'NONE', *, *, #1350, .F. ) ;
#970 = CARTESIAN_POINT ( 'NONE',  ( -65.09999999999996589, -35.09363341178117679, 2.000000000000000000 ) ) ;
#971 = CARTESIAN_POINT ( 'NONE',  ( -67.43396226415090666, 34.95516887613958801, -20.62223663640860494 ) ) ;
#972 = LINE ( 'NONE', #2790, #1552 ) ;
#973 = VECTOR ( 'NONE', #5034, 1000.000000000000000 ) ;
#974 = EDGE_LOOP ( 'NONE', ( #4147, #7804, #578, #6875 ) ) ;
#975 = VECTOR ( 'NONE', #3027, 1000.000000000000000 ) ;
#976 = VERTEX_POINT ( 'NONE', #5764 ) ;
#977 = CARTESIAN_POINT ( 'NONE',  ( -57.99999999999998579, 38.49999999999998579, -2.000000000000000000 ) ) ;
#978 = CARTESIAN_POINT ( 'NONE',  ( -67.99999999999997158, 36.88341924626904245, -6.400000000000001243 ) ) ;
#979 = VERTEX_POINT ( 'NONE', #1978 ) ;
#980 = AXIS2_PLACEMENT_3D ( 'NONE', #7725, #7769, #7213 ) ;
#981 = AXIS2_PLACEMENT_3D ( 'NONE', #2029, #143, #101 ) ;
#982 = LINE ( 'NONE', #317, #3628 ) ;
#983 = EDGE_CURVE ( 'NONE', #741, #6062, #5153, .T. ) ;
#984 = DIRECTION ( 'NONE',  ( 1.000000000000000000, 0.000000000000000000, 0.000000000000000000 ) ) ;
#985 = CIRCLE ( 'NONE', #5408, 4.500000000000000000 ) ;
#986 = ORIENTED_EDGE ( 'NONE', *, *, #6042, .T. ) ;
#987 = AXIS2_PLACEMENT_3D ( 'NONE', #2339, #4755, #6578 ) ;
#988 = ORIENTED_EDGE ( 'NONE', *, *, #292, .T. ) ;
#989 = CONICAL_SURFACE ( 'NONE', #2761, 11.30000000000011617, 0.7853981633974532750 ) ;
#990 = CARTESIAN_POINT ( 'NONE',  ( 66.99999999999992895, 33.77278170635818810, -8.167106781186546982 ) ) ;
#991 = DIRECTION ( 'NONE',  ( -0.000000000000000000, -0.000000000000000000, -1.000000000000000000 ) ) ;
#992 = EDGE_CURVE ( 'NONE', #1972, #6504, #6175, .T. ) ;
#993 = ADVANCED_FACE ( 'NONE', ( #5686 ), #281, .F. ) ;
#994 = DIRECTION ( 'NONE',  ( 1.000000000000000000, 0.000000000000000000, 0.000000000000000000 ) ) ;
#995 = ORIENTED_EDGE ( 'NONE', *, *, #1060, .T. ) ;
#996 = VERTEX_POINT ( 'NONE', #2085 ) ;
#997 = DIRECTION ( 'NONE',  ( 0.7071067811865378028, 0.000000000000000000, -0.7071067811865573427 ) ) ;
#998 = CARTESIAN_POINT ( 'NONE',  ( 67.99999999999995737, -36.88341924626905666, 2.000000000000000000 ) ) ;
#999 = CARTESIAN_POINT ( 'NONE',  ( 66.64999999999996305, -38.49999999999999289, 0.000000000000000000 ) ) ;
#1000 = CARTESIAN_POINT ( 'NONE',  ( 60.27278170635819521, 40.50000000000001421, -8.167106781186573627 ) ) ;
#1001 = EDGE_CURVE ( 'NONE', #5918, #3809, #4495, .T. ) ;
#1002 = DIRECTION ( 'NONE',  ( 0.5000000000000003331, -0.8660254037844385966, 0.000000000000000000 ) ) ;
#1003 = CARTESIAN_POINT ( 'NONE',  ( -56.26246277062647039, 37.49903583569216181, -4.506365358318265457 ) ) ;
#1004 = CARTESIAN_POINT ( 'NONE',  ( 56.50673875017861292, -39.83753155012865932, -4.702890163617170494 ) ) ;
#1005 = VERTEX_POINT ( 'NONE', #905 ) ;
#1006 = EDGE_LOOP ( 'NONE', ( #3611, #2667, #3594, #701 ) ) ;
#1007 = CARTESIAN_POINT ( 'NONE',  ( -27.00000000000000355, 48.98575841387692265, 0.9999999999999715783 ) ) ;
#1008 = DIRECTION ( 'NONE',  ( 0.000000000000000000, 0.000000000000000000, 1.000000000000000000 ) ) ;
#1009 = ORIENTED_EDGE ( 'NONE', *, *, #7577, .F. ) ;
#1010 = LINE ( 'NONE', #1635, #5401 ) ;
#1011 = DIRECTION ( 'NONE',  ( -0.000000000000000000, 0.000000000000000000, 1.000000000000000000 ) ) ;
#1012 = EDGE_CURVE ( 'NONE', #4742, #3341, #5786, .T. ) ;
#1013 = DIRECTION ( 'NONE',  ( 0.000000000000000000, 0.000000000000000000, -1.000000000000000000 ) ) ;
#1014 = DIRECTION ( 'NONE',  ( 1.000000000000000000, 0.000000000000000000, 0.000000000000000000 ) ) ;
#1015 = EDGE_CURVE ( 'NONE', #327, #6241, #473, .T. ) ;
#1016 = CIRCLE ( 'NONE', #6939, 1.649999999999998579 ) ;
#1017 = VERTEX_POINT ( 'NONE', #7743 ) ;
#1018 = ORIENTED_EDGE ( 'NONE', *, *, #4101, .T. ) ;
#1019 = LINE ( 'NONE', #6471, #4535 ) ;
#1020 = DIRECTION ( 'NONE',  ( 0.000000000000000000, 0.000000000000000000, -1.000000000000000000 ) ) ;
#1021 = CIRCLE ( 'NONE', #2404, 2.000000000000000000 ) ;
#1022 = ORIENTED_EDGE ( 'NONE', *, *, #3878, .F. ) ;
#1023 = ADVANCED_FACE ( 'NONE', ( #1646 ), #5805, .T. ) ;
#1024 = LINE ( 'NONE', #4731, #3386 ) ;
#1025 = ORIENTED_EDGE ( 'NONE', *, *, #436, .T. ) ;
#1026 = ORIENTED_EDGE ( 'NONE', *, *, #1325, .T. ) ;
#1027 = CARTESIAN_POINT ( 'NONE',  ( 61.99999999999993605, 40.11658075373093624, 2.000000000000000000 ) ) ;
#1028 = CARTESIAN_POINT ( 'NONE',  ( 65.50000000000000000, 45.00000000000000000, 0.000000000000000000 ) ) ;
#1029 = AXIS2_PLACEMENT_3D ( 'NONE', #6444, #4501, #7509 ) ;
#1030 = CARTESIAN_POINT ( 'NONE',  ( -66.99999999999994316, -33.00614362763140264, -7.461059451568186951 ) ) ;
#1031 = ORIENTED_EDGE ( 'NONE', *, *, #6475, .F. ) ;
#1032 = EDGE_LOOP ( 'NONE', ( #5044, #56, #4498, #570, #6407, #7641, #6524, #7512, #1969, #5309, #4054, #941 ) ) ;
#1033 = DIRECTION ( 'NONE',  ( -0.000000000000000000, -0.000000000000000000, 1.000000000000000000 ) ) ;
#1034 = CARTESIAN_POINT ( 'NONE',  ( 67.79999999999995453, -40.11658075373095045, -6.400000000000001243 ) ) ;
#1035 = VECTOR ( 'NONE', #3729, 1000.000000000000114 ) ;
#1036 = ADVANCED_FACE ( 'NONE', ( #6437 ), #120, .T. ) ;
#1037 = DIRECTION ( 'NONE',  ( 1.000000000000000000, 0.000000000000000000, 0.000000000000000000 ) ) ;
#1038 = CARTESIAN_POINT ( 'NONE',  ( 57.99090833947008150, 46.00000000000000000, 2.000000000000000000 ) ) ;
#1039 = EDGE_CURVE ( 'NONE', #1071, #7376, #2917, .T. ) ;
#1040 = LINE ( 'NONE', #2935, #6965 ) ;
#1041 = CARTESIAN_POINT ( 'NONE',  ( -65.30367959753534990, -29.51746535649990477, -4.313555404615865285 ) ) ;
#1042 = AXIS2_PLACEMENT_3D ( 'NONE', #7637, #490, #7079 ) ;
#1043 = FACE_OUTER_BOUND ( 'NONE', #1460, .T. ) ;
#1044 = VECTOR ( 'NONE', #498, 1000.000000000000000 ) ;
#1045 = VERTEX_POINT ( 'NONE', #6989 ) ;
#1046 = ORIENTED_EDGE ( 'NONE', *, *, #4149, .T. ) ;
#1047 = CARTESIAN_POINT ( 'NONE',  ( -67.49999999999997158, -49.00000000000000000, 0.9999999999999713562 ) ) ;
#1048 = CARTESIAN_POINT ( 'NONE',  ( 65.50000000000004263, 53.98575841387690843, 2.000000000000000000 ) ) ;
#1049 = VERTEX_POINT ( 'NONE', #3390 ) ;
#1050 = AXIS2_PLACEMENT_3D ( 'NONE', #3016, #7160, #92 ) ;
#1051 = DIRECTION ( 'NONE',  ( -0.000000000000000000, -0.000000000000000000, 1.000000000000000000 ) ) ;
#1052 = CARTESIAN_POINT ( 'NONE',  ( -56.99090833947008150, 47.16642294966062821, 0.000000000000000000 ) ) ;
#1053 = CYLINDRICAL_SURFACE ( 'NONE', #6388, 1.000000000000000222 ) ;
#1054 = CYLINDRICAL_SURFACE ( 'NONE', #122, 1.000000000000000888 ) ;
#1055 = ORIENTED_EDGE ( 'NONE', *, *, #1533, .F. ) ;
#1056 = EDGE_CURVE ( 'NONE', #3262, #7323, #1024, .T. ) ;
#1057 = ORIENTED_EDGE ( 'NONE', *, *, #3878, .T. ) ;
#1058 = DIRECTION ( 'NONE',  ( -0.000000000000000000, -0.000000000000000000, 1.000000000000000000 ) ) ;
#1059 = AXIS2_PLACEMENT_3D ( 'NONE', #2303, #1011, #2788 ) ;
#1060 = EDGE_CURVE ( 'NONE', #7308, #5325, #7144, .T. ) ;
#1061 = CARTESIAN_POINT ( 'NONE',  ( -63.34999999999995879, -38.49999999999995026, 0.000000000000000000 ) ) ;
#1062 = VERTEX_POINT ( 'NONE', #5962 ) ;
#1063 = EDGE_CURVE ( 'NONE', #928, #7112, #6546, .T. ) ;
#1064 = CYLINDRICAL_SURFACE ( 'NONE', #4909, 1.000000000000000888 ) ;
#1065 = EDGE_LOOP ( 'NONE', ( #3484, #7126, #3531, #2384, #1382, #5440, #4426, #3966, #6206, #536, #3264, #1792, #922 ) ) ;
#1066 = ORIENTED_EDGE ( 'NONE', *, *, #7805, .F. ) ;
#1067 = DIRECTION ( 'NONE',  ( 0.000000000000000000, -0.7071067811865352493, 0.7071067811865597852 ) ) ;
#1068 = DIRECTION ( 'NONE',  ( 0.000000000000000000, 0.000000000000000000, -1.000000000000000000 ) ) ;
#1069 = LINE ( 'NONE', #3473, #4902 ) ;
#1070 = ORIENTED_EDGE ( 'NONE', *, *, #2027, .T. ) ;
#1071 = VERTEX_POINT ( 'NONE', #6557 ) ;
#1072 = CARTESIAN_POINT ( 'NONE',  ( 65.15680037365875421, -29.50027938724397103, -4.300217301250515156 ) ) ;
#1073 = FACE_BOUND ( 'NONE', #1032, .T. ) ;
#1074 = DIRECTION ( 'NONE',  ( -1.000000000000000000, 0.000000000000000000, 0.000000000000000000 ) ) ;
#1075 = DIRECTION ( 'NONE',  ( 0.000000000000000000, 0.000000000000000000, 1.000000000000000000 ) ) ;
#1076 = FACE_OUTER_BOUND ( 'NONE', #4350, .T. ) ;
#1077 = CARTESIAN_POINT ( 'NONE',  ( 67.43396226415086403, -34.95516887613960222, -20.62223663640860494 ) ) ;
#1078 = AXIS2_PLACEMENT_3D ( 'NONE', #2326, #6410, #2931 ) ;
#1079 = DIRECTION ( 'NONE',  ( 0.000000000000000000, 0.7071067811865597852, 0.7071067811865352493 ) ) ;
#1080 = ADVANCED_FACE ( 'NONE', ( #4062 ), #5921, .T. ) ;
#1081 = VERTEX_POINT ( 'NONE', #2839 ) ;
#1082 = ORIENTED_EDGE ( 'NONE', *, *, #4030, .F. ) ;
#1083 = DIRECTION ( 'NONE',  ( -0.000000000000000000, -0.000000000000000000, -1.000000000000000000 ) ) ;
#1084 = DIRECTION ( 'NONE',  ( -0.000000000000000000, 0.000000000000000000, 1.000000000000000000 ) ) ;
#1085 = ORIENTED_EDGE ( 'NONE', *, *, #5337, .T. ) ;
#1086 = VECTOR ( 'NONE', #6958, 1000.000000000000227 ) ;
#1087 = CARTESIAN_POINT ( 'NONE',  ( -74.99999999999998579, -41.50000000000000000, 0.000000000000000000 ) ) ;
#1088 = CARTESIAN_POINT ( 'NONE',  ( -3.999999999999976019, -32.56274646641388415, 0.000000000000000000 ) ) ;
#1089 = CARTESIAN_POINT ( 'NONE',  ( 57.99999999999995026, -38.49999999999999289, -2.000000000000000000 ) ) ;
#1090 = DIRECTION ( 'NONE',  ( 1.000000000000000000, 0.000000000000000000, 0.000000000000000000 ) ) ;
#1091 = DIRECTION ( 'NONE',  ( 0.7071067811865511255, 0.000000000000000000, 0.7071067811865440200 ) ) ;
#1092 = EDGE_LOOP ( 'NONE', ( #7322, #6924, #5749, #5387 ) ) ;
#1093 = ORIENTED_EDGE ( 'NONE', *, *, #5731, .T. ) ;
#1094 = ORIENTED_EDGE ( 'NONE', *, *, #686, .T. ) ;
#1095 = DIRECTION ( 'NONE',  ( -0.000000000000000000, -0.000000000000000000, 1.000000000000000000 ) ) ;
#1096 = LINE ( 'NONE', #555, #1739 ) ;
#1097 = ORIENTED_EDGE ( 'NONE', *, *, #5307, .T. ) ;
#1098 = AXIS2_PLACEMENT_3D ( 'NONE', #6284, #7218, #7259 ) ;
#1099 = ADVANCED_FACE ( 'NONE', ( #2240 ), #1064, .F. ) ;
#1100 = AXIS2_PLACEMENT_3D ( 'NONE', #4160, #5978, #4747 ) ;
#1101 = EDGE_CURVE ( 'NONE', #2956, #4650, #7562, .T. ) ;
#1102 = CARTESIAN_POINT ( 'NONE',  ( -62.19999999999999574, 40.11658075373094334, -6.400000000000001243 ) ) ;
#1103 = ORIENTED_EDGE ( 'NONE', *, *, #2885, .T. ) ;
#1104 = ORIENTED_EDGE ( 'NONE', *, *, #2928, .T. ) ;
#1105 = ADVANCED_FACE ( 'NONE', ( #7103 ), #2166, .F. ) ;
#1106 = CARTESIAN_POINT ( 'NONE',  ( -63.00000000000000000, -33.00616610945203178, -7.461080156552550413 ) ) ;
#1107 = DIRECTION ( 'NONE',  ( 0.6620622103047327789, 0.7494488839716900719, 0.000000000000000000 ) ) ;
#1108 = EDGE_CURVE ( 'NONE', #4580, #4063, #3855, .T. ) ;
#1109 = AXIS2_PLACEMENT_3D ( 'NONE', #746, #4376, #5483 ) ;
#1110 = CARTESIAN_POINT ( 'NONE',  ( 61.99999999999993605, 36.76794919243110371, 2.000000000000000000 ) ) ;
#1111 = CIRCLE ( 'NONE', #1609, 4.299999999999998046 ) ;
#1112 = ORIENTED_EDGE ( 'NONE', *, *, #3276, .T. ) ;
#1113 = VERTEX_POINT ( 'NONE', #7268 ) ;
#1114 = FACE_OUTER_BOUND ( 'NONE', #5098, .T. ) ;
#1115 = LINE ( 'NONE', #4663, #4241 ) ;
#1116 = DIRECTION ( 'NONE',  ( -0.000000000000000000, -0.000000000000000000, -1.000000000000000000 ) ) ;
#1117 = VECTOR ( 'NONE', #7066, 1000.000000000000000 ) ;
#1118 = CARTESIAN_POINT ( 'NONE',  ( 2.000000000000019984, -19.76274646641389765, 0.000000000000000000 ) ) ;
#1119 = CARTESIAN_POINT ( 'NONE',  ( -2.999999999999980460, -32.56274646641389126, 2.000000000000000000 ) ) ;
#1120 = CIRCLE ( 'NONE', #5409, 1.000000000000000888 ) ;
#1121 = CARTESIAN_POINT ( 'NONE',  ( -65.00000000000000000, 38.49999999999999289, -8.167106781186543429 ) ) ;
#1122 = CARTESIAN_POINT ( 'NONE',  ( -56.08615718103131087, 39.09985112173771427, -4.367222777755394247 ) ) ;
#1123 = VERTEX_POINT ( 'NONE', #1816 ) ;
#1124 = ORIENTED_EDGE ( 'NONE', *, *, #4527, .T. ) ;
#1125 = LINE ( 'NONE', #3652, #2030 ) ;
#1126 = DIRECTION ( 'NONE',  ( 1.000000000000000000, 3.227392513445223895E-15, 0.000000000000000000 ) ) ;
#1127 = ORIENTED_EDGE ( 'NONE', *, *, #6134, .T. ) ;
#1128 = AXIS2_PLACEMENT_3D ( 'NONE', #3466, #7624, #984 ) ;
#1129 = CARTESIAN_POINT ( 'NONE',  ( 49.17157287525380838, 54.98575841387691554, 0.000000000000000000 ) ) ;
#1130 = DIRECTION ( 'NONE',  ( 0.000000000000000000, -1.000000000000000000, 0.000000000000000000 ) ) ;
#1131 = CARTESIAN_POINT ( 'NONE',  ( 66.99999999999991473, -41.50000000000000000, -2.000000000000000000 ) ) ;
#1132 = FACE_OUTER_BOUND ( 'NONE', #3321, .T. ) ;
#1133 = CARTESIAN_POINT ( 'NONE',  ( -56.99090833947008150, 45.99999999999999289, 0.000000000000000000 ) ) ;
#1134 = DIRECTION ( 'NONE',  ( 0.000000000000000000, -1.000000000000000000, 0.000000000000000000 ) ) ;
#1135 = ORIENTED_EDGE ( 'NONE', *, *, #5942, .F. ) ;
#1136 = EDGE_LOOP ( 'NONE', ( #5696, #7180, #7074, #5955, #7645 ) ) ;
#1137 = FACE_OUTER_BOUND ( 'NONE', #6197, .T. ) ;
#1138 = B_SPLINE_CURVE_WITH_KNOTS ( 'NONE', 3,
 ( #1209, #5145, #7596, #3289 ),
 .UNSPECIFIED., .F., .F.,
 ( 4, 4 ),
 ( 0.000000000000000000, 0.0004194706865624594659 ),
 .UNSPECIFIED. ) ;
#1139 = CARTESIAN_POINT ( 'NONE',  ( -56.99090833947008150, 47.16642294966062821, 0.9999999999999713562 ) ) ;
#1140 = VERTEX_POINT ( 'NONE', #2362 ) ;
#1141 = EDGE_CURVE ( 'NONE', #979, #3750, #6710, .T. ) ;
#1142 = VECTOR ( 'NONE', #2707, 1000.000000000000000 ) ;
#1143 = EDGE_CURVE ( 'NONE', #7513, #5790, #604, .T. ) ;
#1144 = CARTESIAN_POINT ( 'NONE',  ( 60.63078954500927864, 41.50000000000001421, 0.000000000000000000 ) ) ;
#1145 = VECTOR ( 'NONE', #3576, 1000.000000000000000 ) ;
#1146 = ORIENTED_EDGE ( 'NONE', *, *, #5610, .T. ) ;
#1147 = EDGE_LOOP ( 'NONE', ( #6644, #1557 ) ) ;
#1148 = CARTESIAN_POINT ( 'NONE',  ( 3.000000000000019984, -19.76274646641390476, 2.000000000000000000 ) ) ;
#1149 = DIRECTION ( 'NONE',  ( -0.7071067811865555663, -0.000000000000000000, 0.7071067811865395791 ) ) ;
#1150 = FACE_OUTER_BOUND ( 'NONE', #7183, .T. ) ;
#1151 = EDGE_LOOP ( 'NONE', ( #5563, #4537, #3994, #2652 ) ) ;
#1152 = EDGE_CURVE ( 'NONE', #1581, #3189, #6636, .T. ) ;
#1153 = ORIENTED_EDGE ( 'NONE', *, *, #274, .F. ) ;
#1154 = CARTESIAN_POINT ( 'NONE',  ( 64.26065893114470384, -29.63605708058131327, -4.406312522901216333 ) ) ;
#1155 = LINE ( 'NONE', #4200, #6768 ) ;
#1156 = FACE_OUTER_BOUND ( 'NONE', #5097, .T. ) ;
#1157 = ADVANCED_FACE ( 'NONE', ( #6674 ), #375, .T. ) ;
#1158 = CARTESIAN_POINT ( 'NONE',  ( 57.99999999999996447, 40.50000000000000711, -6.019890110719553711 ) ) ;
#1159 = DIRECTION ( 'NONE',  ( 0.7071067811865469066, -0.7071067811865482389, -0.000000000000000000 ) ) ;
#1160 = DIRECTION ( 'NONE',  ( 2.710505431213764536E-16, -1.000000000000000000, 0.000000000000000000 ) ) ;
#1161 = CIRCLE ( 'NONE', #5578, 2.000000000000001776 ) ;
#1162 = CARTESIAN_POINT ( 'NONE',  ( -64.99999999999998579, 35.26683849253809910, 2.000000000000000000 ) ) ;
#1163 = ORIENTED_EDGE ( 'NONE', *, *, #6083, .T. ) ;
#1164 = EDGE_CURVE ( 'NONE', #1374, #38, #3595, .T. ) ;
#1165 = VECTOR ( 'NONE', #2924, 1000.000000000000000 ) ;
#1166 = ORIENTED_EDGE ( 'NONE', *, *, #4029, .T. ) ;
#1167 = DIRECTION ( 'NONE',  ( -1.000000000000000000, 0.000000000000000000, 0.000000000000000000 ) ) ;
#1168 = DIRECTION ( 'NONE',  ( 0.000000000000000000, 0.000000000000000000, -1.000000000000000000 ) ) ;
#1169 = ORIENTED_EDGE ( 'NONE', *, *, #3816, .F. ) ;
#1170 = CARTESIAN_POINT ( 'NONE',  ( 66.99999999999991473, -33.77278170635820942, -8.167106781186573627 ) ) ;
#1171 = CARTESIAN_POINT ( 'NONE',  ( 1.962405932198763026E-14, -26.16274646641389268, 1.000000000000000888 ) ) ;
#1172 = AXIS2_PLACEMENT_3D ( 'NONE', #7679, #1002, #6490 ) ;
#1173 = DIRECTION ( 'NONE',  ( -0.000000000000000000, -0.000000000000000000, 1.000000000000000000 ) ) ;
#1174 = CIRCLE ( 'NONE', #4445, 1.649999999999998579 ) ;
#1175 = DIRECTION ( 'NONE',  ( 0.000000000000000000, 0.000000000000000000, -1.000000000000000000 ) ) ;
#1176 = DIRECTION ( 'NONE',  ( -0.000000000000000000, 0.000000000000000000, 1.000000000000000000 ) ) ;
#1177 = VERTEX_POINT ( 'NONE', #3710 ) ;
#1178 = AXIS2_PLACEMENT_3D ( 'NONE', #4695, #2768, #3356 ) ;
#1179 = EDGE_LOOP ( 'NONE', ( #3770, #3545, #3225, #636 ) ) ;
#1180 = DIRECTION ( 'NONE',  ( 1.000000000000000000, 0.000000000000000000, 0.000000000000000000 ) ) ;
#1181 = CIRCLE ( 'NONE', #4065, 2.000000000000001776 ) ;
#1182 = CYLINDRICAL_SURFACE ( 'NONE', #5032, 2.000000000000001776 ) ;
#1183 = VERTEX_POINT ( 'NONE', #3747 ) ;
#1184 = VECTOR ( 'NONE', #5318, 1000.000000000000000 ) ;
#1185 = ADVANCED_FACE ( 'NONE', ( #3001, #1932, #6123, #6750, #6166, #708 ), #5411, .F. ) ;
#1186 = DIRECTION ( 'NONE',  ( 0.000000000000000000, -1.000000000000000000, 0.000000000000000000 ) ) ;
#1187 = ORIENTED_EDGE ( 'NONE', *, *, #3349, .F. ) ;
#1188 = AXIS2_PLACEMENT_3D ( 'NONE', #7013, #4049, #3377 ) ;
#1189 = FACE_OUTER_BOUND ( 'NONE', #7145, .T. ) ;
#1190 = DIRECTION ( 'NONE',  ( 0.000000000000000000, 0.000000000000000000, -1.000000000000000000 ) ) ;
#1191 = CARTESIAN_POINT ( 'NONE',  ( 61.45516887613958801, -40.93396226415093508, 0.000000000000000000 ) ) ;
#1192 = ORIENTED_EDGE ( 'NONE', *, *, #6597, .T. ) ;
#1193 = EDGE_CURVE ( 'NONE', #6867, #5813, #500, .T. ) ;
#1194 = ORIENTED_EDGE ( 'NONE', *, *, #6261, .T. ) ;
#1195 = CYLINDRICAL_SURFACE ( 'NONE', #3382, 4.299999999999998046 ) ;
#1196 = CARTESIAN_POINT ( 'NONE',  ( 66.99999999999991473, -34.29425992883387408, -8.446178886083128390 ) ) ;
#1197 = LINE ( 'NONE', #5460, #409 ) ;
#1198 = CARTESIAN_POINT ( 'NONE',  ( -64.99999999999994316, -38.49999999999996447, -7.459999999999991971 ) ) ;
#1199 = EDGE_CURVE ( 'NONE', #3231, #5626, #5551, .T. ) ;
#1200 = DIRECTION ( 'NONE',  ( 0.000000000000000000, 1.000000000000000000, 0.000000000000000000 ) ) ;
#1201 = CARTESIAN_POINT ( 'NONE',  ( 2.000000000000019984, -19.76274646641389765, 1.000000000000000888 ) ) ;
#1202 = EDGE_CURVE ( 'NONE', #4683, #116, #8, .T. ) ;
#1203 = VERTEX_POINT ( 'NONE', #5530 ) ;
#1204 = EDGE_LOOP ( 'NONE', ( #1545, #1124, #3346, #5987 ) ) ;
#1205 = CARTESIAN_POINT ( 'NONE',  ( -67.89999999999994884, -40.28978583448780881, 2.000000000000000000 ) ) ;
#1206 = FACE_OUTER_BOUND ( 'NONE', #3250, .T. ) ;
#1207 = ORIENTED_EDGE ( 'NONE', *, *, #61, .T. ) ;
#1208 = VECTOR ( 'NONE', #4957, 1000.000000000000000 ) ;
#1209 = CARTESIAN_POINT ( 'NONE',  ( -63.00000000000000000, 33.77278170635818100, -8.167106781186545206 ) ) ;
#1210 = DIRECTION ( 'NONE',  ( 0.000000000000000000, 1.000000000000000000, 0.000000000000000000 ) ) ;
#1211 = LINE ( 'NONE', #6151, #414 ) ;
#1212 = ADVANCED_FACE ( 'NONE', ( #5368, #7785 ), #1774, .T. ) ;
#1213 = CARTESIAN_POINT ( 'NONE',  ( -67.99999999999997158, 36.88341924626904245, -6.400000000000001243 ) ) ;
#1214 = DIRECTION ( 'NONE',  ( -1.000000000000000000, 0.000000000000000000, 0.000000000000000000 ) ) ;
#1215 = FACE_OUTER_BOUND ( 'NONE', #2201, .T. ) ;
#1216 = ORIENTED_EDGE ( 'NONE', *, *, #3895, .F. ) ;
#1217 = VECTOR ( 'NONE', #3477, 1000.000000000000000 ) ;
#1218 = ORIENTED_EDGE ( 'NONE', *, *, #4004, .F. ) ;
#1219 = CARTESIAN_POINT ( 'NONE',  ( 67.79999999999995453, -36.88341924626905666, -6.400000000000001243 ) ) ;
#1220 = CARTESIAN_POINT ( 'NONE',  ( 65.50000000000000000, 43.99999999999999289, 2.000000000000000000 ) ) ;
#1221 = DIRECTION ( 'NONE',  ( 0.000000000000000000, 0.000000000000000000, 1.000000000000000000 ) ) ;
#1222 = AXIS2_PLACEMENT_3D ( 'NONE', #1308, #7436, #3945 ) ;
#1223 = AXIS2_PLACEMENT_3D ( 'NONE', #3623, #546, #4288 ) ;
#1224 = DIRECTION ( 'NONE',  ( -0.000000000000000000, -0.000000000000000000, -1.000000000000000000 ) ) ;
#1225 = AXIS2_PLACEMENT_3D ( 'NONE', #2991, #2393, #548 ) ;
#1226 = EDGE_LOOP ( 'NONE', ( #4391, #3295, #3725, #3036, #705, #5224, #6618, #3042, #2529, #740, #4904, #1461, #767 ) ) ;
#1227 = EDGE_CURVE ( 'NONE', #4862, #7299, #3671, .T. ) ;
#1228 = DIRECTION ( 'NONE',  ( 0.000000000000000000, 0.000000000000000000, 1.000000000000000000 ) ) ;
#1229 = DIRECTION ( 'NONE',  ( -0.000000000000000000, -0.000000000000000000, 1.000000000000000000 ) ) ;
#1230 = CIRCLE ( 'NONE', #6909, 1.000000000000000222 ) ;
#1231 = CARTESIAN_POINT ( 'NONE',  ( 61.99999999999997158, -34.13078954500929285, -8.459999999999991971 ) ) ;
#1232 = ORIENTED_EDGE ( 'NONE', *, *, #58, .F. ) ;
#1233 = EDGE_LOOP ( 'NONE', ( #5619, #2446, #4071, #6972, #7537 ) ) ;
#1234 = DIRECTION ( 'NONE',  ( 1.000000000000000000, 0.000000000000000000, 0.000000000000000000 ) ) ;
#1235 = DIRECTION ( 'NONE',  ( 1.000000000000000000, 0.000000000000000000, 0.000000000000000000 ) ) ;
#1236 = EDGE_CURVE ( 'NONE', #2323, #1925, #3077, .T. ) ;
#1237 = FACE_OUTER_BOUND ( 'NONE', #2751, .T. ) ;
#1238 = DIRECTION ( 'NONE',  ( 1.000000000000000000, 0.000000000000000000, 0.000000000000000000 ) ) ;
#1239 = AXIS2_PLACEMENT_3D ( 'NONE', #447, #3438, #6925 ) ;
#1240 = DIRECTION ( 'NONE',  ( 2.710505431213764536E-16, -1.000000000000000000, 0.000000000000000000 ) ) ;
#1241 = VERTEX_POINT ( 'NONE', #2045 ) ;
#1242 = ORIENTED_EDGE ( 'NONE', *, *, #912, .F. ) ;
#1243 = CARTESIAN_POINT ( 'NONE',  ( 64.89999999999996305, 41.90636658821879479, 2.000000000000000000 ) ) ;
#1244 = EDGE_CURVE ( 'NONE', #3736, #508, #2331, .T. ) ;
#1245 = ORIENTED_EDGE ( 'NONE', *, *, #5211, .F. ) ;
#1246 = CARTESIAN_POINT ( 'NONE',  ( 67.89999999999997726, 36.71021416551214145, -6.400000000000001243 ) ) ;
#1247 = AXIS2_PLACEMENT_3D ( 'NONE', #3559, #1740, #403 ) ;
#1248 = FACE_OUTER_BOUND ( 'NONE', #2400, .T. ) ;
#1249 = AXIS2_PLACEMENT_3D ( 'NONE', #4515, #1408, #853 ) ;
#1250 = CARTESIAN_POINT ( 'NONE',  ( 60.79415766288852296, 36.50000000000001421, -8.446140753706965043 ) ) ;
#1251 = LINE ( 'NONE', #4218, #3481 ) ;
#1252 = FACE_BOUND ( 'NONE', #2186, .T. ) ;
#1253 = CARTESIAN_POINT ( 'NONE',  ( 60.63078954500927864, -36.49999999999999289, -8.385224927784191706 ) ) ;
#1254 = ORIENTED_EDGE ( 'NONE', *, *, #4101, .F. ) ;
#1255 = VERTEX_POINT ( 'NONE', #2121 ) ;
#1256 = CARTESIAN_POINT ( 'NONE',  ( 56.13605708058126709, 37.76065893114476069, -4.406312522901191464 ) ) ;
#1257 = EDGE_CURVE ( 'NONE', #244, #2437, #6183, .T. ) ;
#1258 = CARTESIAN_POINT ( 'NONE',  ( 67.79999999999995453, -36.88341924626905666, -6.400000000000001243 ) ) ;
#1259 = ORIENTED_EDGE ( 'NONE', *, *, #1350, .T. ) ;
#1260 = EDGE_CURVE ( 'NONE', #6177, #4434, #3792, .T. ) ;
#1261 = CARTESIAN_POINT ( 'NONE',  ( -62.87273940469462019, -34.61897591464000357, -8.459999999999991971 ) ) ;
#1262 = EDGE_CURVE ( 'NONE', #1981, #98, #3900, .T. ) ;
#1263 = EDGE_LOOP ( 'NONE', ( #475, #1057, #556, #5339, #2471 ) ) ;
#1264 = CARTESIAN_POINT ( 'NONE',  ( -61.11897591464000357, -40.62726059530530165, -8.459999999999991971 ) ) ;
#1265 = FACE_OUTER_BOUND ( 'NONE', #5941, .T. ) ;
#1266 = AXIS2_PLACEMENT_3D ( 'NONE', #6705, #5364, #7264 ) ;
#1267 = CARTESIAN_POINT ( 'NONE',  ( 26.99999999999999645, 48.98575841387692265, 2.000000000000000000 ) ) ;
#1268 = VERTEX_POINT ( 'NONE', #4528 ) ;
#1269 = ORIENTED_EDGE ( 'NONE', *, *, #712, .F. ) ;
#1270 = FACE_OUTER_BOUND ( 'NONE', #3677, .T. ) ;
#1271 = DIRECTION ( 'NONE',  ( 0.000000000000000000, 0.000000000000000000, 1.000000000000000000 ) ) ;
#1272 = DIRECTION ( 'NONE',  ( 1.000000000000000000, 0.000000000000000000, 0.000000000000000000 ) ) ;
#1273 = DIRECTION ( 'NONE',  ( 0.000000000000000000, -1.000000000000000000, 0.000000000000000000 ) ) ;
#1274 = CARTESIAN_POINT ( 'NONE',  ( -56.26298953751607712, 39.50182336334696487, -4.506785012172567662 ) ) ;
#1275 = ORIENTED_EDGE ( 'NONE', *, *, #1515, .T. ) ;
#1276 = EDGE_CURVE ( 'NONE', #4798, #1277, #7462, .T. ) ;
#1277 = VERTEX_POINT ( 'NONE', #3305 ) ;
#1278 = FACE_OUTER_BOUND ( 'NONE', #5489, .T. ) ;
#1279 = DIRECTION ( 'NONE',  ( 1.000000000000000000, 0.000000000000000000, 0.000000000000000000 ) ) ;
#1280 = ORIENTED_EDGE ( 'NONE', *, *, #4039, .T. ) ;
#1281 = EDGE_CURVE ( 'NONE', #4223, #41, #900, .T. ) ;
#1282 = CARTESIAN_POINT ( 'NONE',  ( -67.99999999999994316, -36.76794919243108950, -6.400000000000001243 ) ) ;
#1283 = FACE_OUTER_BOUND ( 'NONE', #5604, .T. ) ;
#1284 = CARTESIAN_POINT ( 'NONE',  ( 60.27278170635815968, 36.50000000000001421, -8.167106781186545206 ) ) ;
#1285 = CARTESIAN_POINT ( 'NONE',  ( -74.99999999999998579, 37.50000000000000000, 0.9999999999999713562 ) ) ;
#1286 = CARTESIAN_POINT ( 'NONE',  ( -56.99090833947008150, 47.16642294966062821, 0.9999999999999713562 ) ) ;
#1287 = CARTESIAN_POINT ( 'NONE',  ( 64.99999999999994316, -35.26683849253809200, 2.000000000000000000 ) ) ;
#1288 = AXIS2_PLACEMENT_3D ( 'NONE', #913, #324, #5177 ) ;
#1289 = ORIENTED_EDGE ( 'NONE', *, *, #7423, .T. ) ;
#1290 = VERTEX_POINT ( 'NONE', #2560 ) ;
#1291 = ORIENTED_EDGE ( 'NONE', *, *, #4610, .T. ) ;
#1292 = CARTESIAN_POINT ( 'NONE',  ( -64.99999999999995737, -38.49999999999995026, -6.400000000000001243 ) ) ;
#1293 = EDGE_CURVE ( 'NONE', #6702, #3522, #6678, .T. ) ;
#1294 = DIRECTION ( 'NONE',  ( -0.000000000000000000, -0.000000000000000000, -1.000000000000000000 ) ) ;
#1295 = VERTEX_POINT ( 'NONE', #2639 ) ;
#1296 = AXIS2_PLACEMENT_3D ( 'NONE', #817, #5629, #3882 ) ;
#1297 = EDGE_CURVE ( 'NONE', #3291, #579, #5052, .T. ) ;
#1298 = CONICAL_SURFACE ( 'NONE', #1042, 2.999999999999995559, 0.7853981633974346233 ) ;
#1299 = AXIS2_PLACEMENT_3D ( 'NONE', #539, #6424, #1008 ) ;
#1300 = EDGE_CURVE ( 'NONE', #7123, #7527, #7516, .T. ) ;
#1301 = CARTESIAN_POINT ( 'NONE',  ( -66.99999999999995737, -31.49999999999991829, -2.000000000000000000 ) ) ;
#1302 = EDGE_LOOP ( 'NONE', ( #5766, #4724, #6248, #2297 ) ) ;
#1303 = CIRCLE ( 'NONE', #2807, 3.499999999999997780 ) ;
#1304 = CARTESIAN_POINT ( 'NONE',  ( 57.99090833947008150, 43.99999999999999289, 2.000000000000000000 ) ) ;
#1305 = ADVANCED_FACE ( 'NONE', ( #7097 ), #5839, .T. ) ;
#1306 = CYLINDRICAL_SURFACE ( 'NONE', #5761, 4.299999999999998046 ) ;
#1307 = CIRCLE ( 'NONE', #7360, 3.000000000000002665 ) ;
#1308 = CARTESIAN_POINT ( 'NONE',  ( -65.00000000000000000, 38.49999999999999289, -1.999999999999998224 ) ) ;
#1309 = ORIENTED_EDGE ( 'NONE', *, *, #2406, .T. ) ;
#1310 = ORIENTED_EDGE ( 'NONE', *, *, #5157, .T. ) ;
#1311 = CARTESIAN_POINT ( 'NONE',  ( -60.63078954500922180, -40.49999999999991473, -8.385224927784186377 ) ) ;
#1312 = CARTESIAN_POINT ( 'NONE',  ( -60.27278170635818810, 40.49999999999998579, -8.167106781186545206 ) ) ;
#1313 = PLANE ( 'NONE',  #1050 ) ;
#1314 = DIRECTION ( 'NONE',  ( 0.000000000000000000, 0.000000000000000000, 1.000000000000000000 ) ) ;
#1315 = CARTESIAN_POINT ( 'NONE',  ( -3.999999999999980904, -28.22429927922271986, 2.000000000000000000 ) ) ;
#1316 = EDGE_LOOP ( 'NONE', ( #3190, #1438, #6513, #6555 ) ) ;
#1317 = ORIENTED_EDGE ( 'NONE', *, *, #3227, .T. ) ;
#1318 = DIRECTION ( 'NONE',  ( -0.000000000000000000, -0.000000000000000000, 1.000000000000000000 ) ) ;
#1319 = DIRECTION ( 'NONE',  ( -1.000000000000000000, 0.000000000000000000, 0.000000000000000000 ) ) ;
#1320 = LINE ( 'NONE', #3098, #7350 ) ;
#1321 = CARTESIAN_POINT ( 'NONE',  ( -66.65000000000000568, 38.49999999999999289, 0.000000000000000000 ) ) ;
#1322 = CARTESIAN_POINT ( 'NONE',  ( 62.99999999999997158, -33.00614362763145238, -7.461059451568207379 ) ) ;
#1323 = DIRECTION ( 'NONE',  ( -0.000000000000000000, -0.000000000000000000, -1.000000000000000000 ) ) ;
#1324 = CARTESIAN_POINT ( 'NONE',  ( 59.86710678118645035, -38.49999999999999289, -8.167106781186543429 ) ) ;
#1325 = EDGE_CURVE ( 'NONE', #7685, #1277, #6824, .T. ) ;
#1326 = CARTESIAN_POINT ( 'NONE',  ( 3.000000000000014655, 8.131516293641333545E-16, 2.000000000000000000 ) ) ;
#1327 = VERTEX_POINT ( 'NONE', #1682 ) ;
#1328 = ORIENTED_EDGE ( 'NONE', *, *, #2628, .F. ) ;
#1329 = ORIENTED_EDGE ( 'NONE', *, *, #7701, .T. ) ;
#1330 = CARTESIAN_POINT ( 'NONE',  ( -67.04232782601758345, -34.46714010127370642, -8.459999999999991971 ) ) ;
#1331 = DIRECTION ( 'NONE',  ( 0.000000000000000000, 0.000000000000000000, 1.000000000000000000 ) ) ;
#1332 = CARTESIAN_POINT ( 'NONE',  ( -60.63078954500922180, -40.49999999999991473, -8.385224927784186377 ) ) ;
#1333 = EDGE_CURVE ( 'NONE', #6793, #5946, #5683, .T. ) ;
#1334 = VECTOR ( 'NONE', #5105, 1000.000000000000000 ) ;
#1335 = ORIENTED_EDGE ( 'NONE', *, *, #5836, .F. ) ;
#1336 = CARTESIAN_POINT ( 'NONE',  ( -64.00022806304021117, 29.76179273473650611, -4.505832740837193207 ) ) ;
#1337 = AXIS2_PLACEMENT_3D ( 'NONE', #5057, #1426, #6949 ) ;
#1338 = DIRECTION ( 'NONE',  ( -0.000000000000000000, -0.7071067811865475727, -0.7071067811865475727 ) ) ;
#1339 = VERTEX_POINT ( 'NONE', #6390 ) ;
#1340 = ADVANCED_FACE ( 'NONE', ( #3420 ), #2235, .T. ) ;
#1341 = AXIS2_PLACEMENT_3D ( 'NONE', #3644, #2971, #4788 ) ;
#1342 = CIRCLE ( 'NONE', #7523, 7.500000000000007105 ) ;
#1343 = CARTESIAN_POINT ( 'NONE',  ( 69.29999999999995453, 38.50000000000000711, -8.459999999999991971 ) ) ;
#1344 = LINE ( 'NONE', #1855, #7407 ) ;
#1345 = CARTESIAN_POINT ( 'NONE',  ( -64.99999999999998579, 31.49999999999998579, 0.000000000000000000 ) ) ;
#1346 = VECTOR ( 'NONE', #3082, 1000.000000000000000 ) ;
#1347 = VERTEX_POINT ( 'NONE', #5323 ) ;
#1348 = EDGE_LOOP ( 'NONE', ( #2998, #5915, #3890, #2197 ) ) ;
#1349 = DIRECTION ( 'NONE',  ( 0.000000000000000000, 0.000000000000000000, 1.000000000000000000 ) ) ;
#1350 = EDGE_CURVE ( 'NONE', #4019, #747, #5172, .T. ) ;
#1351 = CARTESIAN_POINT ( 'NONE',  ( -27.00000000000000355, 48.98575841387692265, 0.9999999999999715783 ) ) ;
#1352 = CARTESIAN_POINT ( 'NONE',  ( 60.63078954500926443, 35.50000000000001421, 0.000000000000000000 ) ) ;
#1353 = EDGE_CURVE ( 'NONE', #592, #6587, #2312, .T. ) ;
#1354 = VECTOR ( 'NONE', #5111, 1000.000000000000000 ) ;
#1355 = CARTESIAN_POINT ( 'NONE',  ( -66.99999999999994316, 33.77278170635818810, -8.167106781186573627 ) ) ;
#1356 = CARTESIAN_POINT ( 'NONE',  ( 57.99999999999994316, -40.49999999999999289, -2.000000000000000000 ) ) ;
#1357 = AXIS2_PLACEMENT_3D ( 'NONE', #1267, #6092, #4861 ) ;
#1358 = ORIENTED_EDGE ( 'NONE', *, *, #2315, .T. ) ;
#1359 = ORIENTED_EDGE ( 'NONE', *, *, #4203, .T. ) ;
#1360 = CARTESIAN_POINT ( 'NONE',  ( -28.00000000000000355, 50.98575841387691554, 0.9999999999999715783 ) ) ;
#1361 = CIRCLE ( 'NONE', #1732, 4.299999999999998046 ) ;
#1362 = FACE_OUTER_BOUND ( 'NONE', #5708, .T. ) ;
#1363 = EDGE_CURVE ( 'NONE', #1255, #7096, #7137, .T. ) ;
#1364 = PLANE ( 'NONE',  #4820 ) ;
#1365 = DIRECTION ( 'NONE',  ( -0.000000000000000000, -0.000000000000000000, 1.000000000000000000 ) ) ;
#1366 = VECTOR ( 'NONE', #2115, 1000.000000000000227 ) ;
#1367 = CARTESIAN_POINT ( 'NONE',  ( 60.63078954500926443, 36.50000000000001421, -8.385224927784186377 ) ) ;
#1368 = DIRECTION ( 'NONE',  ( 0.8660254037844385966, -0.4999999999999998890, 0.000000000000000000 ) ) ;
#1369 = DIRECTION ( 'NONE',  ( -0.000000000000000000, -0.000000000000000000, 1.000000000000000000 ) ) ;
#1370 = CARTESIAN_POINT ( 'NONE',  ( -28.00000000000000355, 50.98575841387691554, 0.000000000000000000 ) ) ;
#1371 = EDGE_LOOP ( 'NONE', ( #1766, #7575, #1018, #3427 ) ) ;
#1372 = ORIENTED_EDGE ( 'NONE', *, *, #4873, .T. ) ;
#1373 = VECTOR ( 'NONE', #7223, 1000.000000000000000 ) ;
#1374 = VERTEX_POINT ( 'NONE', #2912 ) ;
#1375 = CARTESIAN_POINT ( 'NONE',  ( 57.55532553071492430, 36.53582827573064407, -5.601665418104511573 ) ) ;
#1376 = CIRCLE ( 'NONE', #6798, 1.649999999999998579 ) ;
#1377 = EDGE_LOOP ( 'NONE', ( #3785, #4284, #6295, #1501, #7703 ) ) ;
#1378 = LINE ( 'NONE', #2594, #3375 ) ;
#1379 = ORIENTED_EDGE ( 'NONE', *, *, #130, .F. ) ;
#1380 = EDGE_CURVE ( 'NONE', #5174, #3398, #6433, .T. ) ;
#1381 = VECTOR ( 'NONE', #6323, 1000.000000000000000 ) ;
#1382 = ORIENTED_EDGE ( 'NONE', *, *, #2873, .F. ) ;
#1383 = DIRECTION ( 'NONE',  ( 1.000000000000000000, -1.387778780781444413E-14, 0.000000000000000000 ) ) ;
#1384 = ADVANCED_FACE ( 'NONE', ( #7738 ), #1723, .F. ) ;
#1385 = CARTESIAN_POINT ( 'NONE',  ( -67.43396226415090666, 34.95516887613958801, 0.000000000000000000 ) ) ;
#1386 = ORIENTED_EDGE ( 'NONE', *, *, #7441, .T. ) ;
#1387 = EDGE_CURVE ( 'NONE', #5494, #3736, #5230, .T. ) ;
#1388 = DIRECTION ( 'NONE',  ( -0.000000000000000000, -0.000000000000000000, 1.000000000000000000 ) ) ;
#1389 = CARTESIAN_POINT ( 'NONE',  ( -61.45516887613953827, -40.93396226415087114, 0.000000000000000000 ) ) ;
#1390 = DIRECTION ( 'NONE',  ( -0.000000000000000000, -0.000000000000000000, -1.000000000000000000 ) ) ;
#1391 = VERTEX_POINT ( 'NONE', #4606 ) ;
#1392 = ORIENTED_EDGE ( 'NONE', *, *, #2508, .F. ) ;
#1393 = CARTESIAN_POINT ( 'NONE',  ( -63.34999999999995879, -38.49999999999995026, -6.400000000000001243 ) ) ;
#1394 = CARTESIAN_POINT ( 'NONE',  ( 52.00000000000000000, 53.81418553862310006, 2.000000000000000000 ) ) ;
#1395 = CARTESIAN_POINT ( 'NONE',  ( -60.63078954500931417, 35.49999999999998579, -8.459999999999991971 ) ) ;
#1396 = DIRECTION ( 'NONE',  ( 1.000000000000000000, 0.000000000000000000, 0.000000000000000000 ) ) ;
#1397 = EDGE_CURVE ( 'NONE', #257, #7260, #1019, .T. ) ;
#1398 = ORIENTED_EDGE ( 'NONE', *, *, #2206, .T. ) ;
#1399 = ORIENTED_EDGE ( 'NONE', *, *, #3657, .F. ) ;
#1400 = EDGE_CURVE ( 'NONE', #6823, #4377, #3461, .T. ) ;
#1401 = DIRECTION ( 'NONE',  ( -0.000000000000000000, -0.000000000000000000, 1.000000000000000000 ) ) ;
#1402 = AXIS2_PLACEMENT_3D ( 'NONE', #2898, #931, #7053 ) ;
#1403 = CARTESIAN_POINT ( 'NONE',  ( -52.00000000000002842, 53.81418553862310006, 0.000000000000000000 ) ) ;
#1404 = LINE ( 'NONE', #6960, #6091 ) ;
#1405 = DIRECTION ( 'NONE',  ( 1.000000000000000000, 0.000000000000000000, -0.000000000000000000 ) ) ;
#1406 = CARTESIAN_POINT ( 'NONE',  ( 66.99999999999992895, 34.29415766288855849, -8.446140753706965043 ) ) ;
#1407 = DIRECTION ( 'NONE',  ( 1.000000000000000000, -0.000000000000000000, 0.000000000000000000 ) ) ;
#1408 = DIRECTION ( 'NONE',  ( -0.7071067811865482389, -0.7071067811865469066, 0.000000000000000000 ) ) ;
#1409 = CARTESIAN_POINT ( 'NONE',  ( 56.26366883718438316, -37.49696923673509730, -4.507325027676766460 ) ) ;
#1410 = ADVANCED_FACE ( 'NONE', ( #4181 ), #7337, .F. ) ;
#1411 = ORIENTED_EDGE ( 'NONE', *, *, #4322, .T. ) ;
#1412 = EDGE_LOOP ( 'NONE', ( #1127, #4333, #3359, #700, #6997 ) ) ;
#1413 = ORIENTED_EDGE ( 'NONE', *, *, #5613, .T. ) ;
#1414 = CARTESIAN_POINT ( 'NONE',  ( 60.63078954500926443, 36.50000000000001421, -8.385224927784186377 ) ) ;
#1415 = VERTEX_POINT ( 'NONE', #3706 ) ;
#1416 = LINE ( 'NONE', #3194, #241 ) ;
#1417 = CARTESIAN_POINT ( 'NONE',  ( -1.999999999999973577, -18.76274646641389765, 1.000000000000000888 ) ) ;
#1418 = CIRCLE ( 'NONE', #1788, 3.000000000000002665 ) ;
#1419 = CARTESIAN_POINT ( 'NONE',  ( 63.99696923673509019, 29.76366883718447198, -4.507325027676809981 ) ) ;
#1420 = VECTOR ( 'NONE', #4323, 1000.000000000000000 ) ;
#1421 = ORIENTED_EDGE ( 'NONE', *, *, #6114, .F. ) ;
#1422 = AXIS2_PLACEMENT_3D ( 'NONE', #7371, #1955, #4801 ) ;
#1423 = LINE ( 'NONE', #3835, #923 ) ;
#1424 = CARTESIAN_POINT ( 'NONE',  ( -60.79415766288855849, 40.49999999999998579, -8.446140753706965043 ) ) ;
#1425 = EDGE_CURVE ( 'NONE', #5611, #2110, #13, .T. ) ;
#1426 = DIRECTION ( 'NONE',  ( -0.000000000000000000, -0.000000000000000000, 1.000000000000000000 ) ) ;
#1427 = CIRCLE ( 'NONE', #5966, 1.000000000000000888 ) ;
#1428 = VERTEX_POINT ( 'NONE', #2438 ) ;
#1429 = ORIENTED_EDGE ( 'NONE', *, *, #2628, .T. ) ;
#1430 = VECTOR ( 'NONE', #6649, 1000.000000000000000 ) ;
#1431 = CARTESIAN_POINT ( 'NONE',  ( 63.34999999999995879, -38.49999999999999289, 0.000000000000000000 ) ) ;
#1432 = PRODUCT ( '\X2\041704300434043d044f044f\X0\_\X2\041a0440044b0448043a0430\X0\', '\X2\041704300434043d044f044f\X0\_\X2\041a0440044b0448043a0430\X0\', '', ( #2662 ) ) ;
#1433 = CARTESIAN_POINT ( 'NONE',  ( -2.999999999999980460, -28.22429927922271986, -8.511675595743399825 ) ) ;
#1434 = VECTOR ( 'NONE', #563, 1000.000000000000000 ) ;
#1435 = CARTESIAN_POINT ( 'NONE',  ( -67.12726059530533007, 34.61897591464003199, -8.459999999999991971 ) ) ;
#1436 = EDGE_CURVE ( 'NONE', #3341, #7123, #7778, .T. ) ;
#1437 = ORIENTED_EDGE ( 'NONE', *, *, #4295, .T. ) ;
#1438 = ORIENTED_EDGE ( 'NONE', *, *, #5095, .F. ) ;
#1439 = CARTESIAN_POINT ( 'NONE',  ( -28.00000000000000355, 49.98575841387692265, 2.000000000000000000 ) ) ;
#1440 = PLANE ( 'NONE',  #83 ) ;
#1441 = DIRECTION ( 'NONE',  ( 0.000000000000000000, -0.000000000000000000, 1.000000000000000000 ) ) ;
#1442 = DIRECTION ( 'NONE',  ( -1.000000000000000000, 0.000000000000000000, 0.000000000000000000 ) ) ;
#1443 = EDGE_CURVE ( 'NONE', #182, #7499, #5522, .T. ) ;
#1444 = CARTESIAN_POINT ( 'NONE',  ( 1.962405932198763026E-14, -26.16274646641389268, -8.511675595743399825 ) ) ;
#1445 = CARTESIAN_POINT ( 'NONE',  ( -67.99999999999994316, -40.23205080756884655, -6.400000000000001243 ) ) ;
#1446 = SHAPE_DEFINITION_REPRESENTATION ( #5486, #5693 ) ;
#1447 = EDGE_CURVE ( 'NONE', #747, #4248, #4888, .T. ) ;
#1448 = LINE ( 'NONE', #6781, #4500 ) ;
#1449 = EDGE_LOOP ( 'NONE', ( #2862, #6342, #9, #4087 ) ) ;
#1450 = VERTEX_POINT ( 'NONE', #1886 ) ;
#1451 = FACE_OUTER_BOUND ( 'NONE', #6681, .T. ) ;
#1452 = ORIENTED_EDGE ( 'NONE', *, *, #7320, .F. ) ;
#1453 = DIRECTION ( 'NONE',  ( 0.000000000000000000, -1.000000000000000000, 0.000000000000000000 ) ) ;
#1454 = FACE_OUTER_BOUND ( 'NONE', #2434, .T. ) ;
#1455 = ADVANCED_FACE ( 'NONE', ( #39 ), #2899, .F. ) ;
#1456 = CARTESIAN_POINT ( 'NONE',  ( 63.34999999999997300, 38.50000000000002842, 0.000000000000000000 ) ) ;
#1457 = ORIENTED_EDGE ( 'NONE', *, *, #3221, .F. ) ;
#1458 = DIRECTION ( 'NONE',  ( 0.000000000000000000, -1.000000000000000000, 0.000000000000000000 ) ) ;
#1459 = LINE ( 'NONE', #3207, #1583 ) ;
#1460 = EDGE_LOOP ( 'NONE', ( #1753, #4531, #4245, #6319 ) ) ;
#1461 = ORIENTED_EDGE ( 'NONE', *, *, #4759, .T. ) ;
#1462 = EDGE_CURVE ( 'NONE', #3560, #5562, #4224, .T. ) ;
#1463 = LINE ( 'NONE', #1984, #7353 ) ;
#1464 = LINE ( 'NONE', #3875, #2281 ) ;
#1465 = CIRCLE ( 'NONE', #4878, 0.2000000000000057288 ) ;
#1466 = LINE ( 'NONE', #6293, #2721 ) ;
#1467 = ORIENTED_EDGE ( 'NONE', *, *, #4251, .F. ) ;
#1468 = VERTEX_POINT ( 'NONE', #7302 ) ;
#1469 = DIRECTION ( 'NONE',  ( 0.000000000000000000, 0.000000000000000000, 1.000000000000000000 ) ) ;
#1470 = DIRECTION ( 'NONE',  ( -0.000000000000000000, -0.000000000000000000, 1.000000000000000000 ) ) ;
#1471 = EDGE_CURVE ( 'NONE', #839, #7260, #7700, .T. ) ;
#1472 = CARTESIAN_POINT ( 'NONE',  ( 65.50000000000000000, 36.50000000000001421, -2.000000000000000000 ) ) ;
#1473 = AXIS2_PLACEMENT_3D ( 'NONE', #1532, #6873, #1572 ) ;
#1474 = LINE ( 'NONE', #5146, #181 ) ;
#1475 = ORIENTED_EDGE ( 'NONE', *, *, #81, .T. ) ;
#1476 = EDGE_CURVE ( 'NONE', #4297, #976, #1016, .T. ) ;
#1477 = FACE_OUTER_BOUND ( 'NONE', #3790, .T. ) ;
#1478 = CYLINDRICAL_SURFACE ( 'NONE', #3828, 7.500000000000007105 ) ;
#1479 = CYLINDRICAL_SURFACE ( 'NONE', #2867, 0.2000000000000057288 ) ;
#1480 = VECTOR ( 'NONE', #4869, 1000.000000000000000 ) ;
#1481 = ORIENTED_EDGE ( 'NONE', *, *, #2402, .F. ) ;
#1482 = VERTEX_POINT ( 'NONE', #6119 ) ;
#1483 = CARTESIAN_POINT ( 'NONE',  ( 27.99999999999999645, 49.98575841387692265, 0.000000000000000000 ) ) ;
#1484 = ORIENTED_EDGE ( 'NONE', *, *, #3280, .T. ) ;
#1485 = CARTESIAN_POINT ( 'NONE',  ( -67.43396226415090666, 34.95516887613958801, -8.459999999999991971 ) ) ;
#1486 = DIRECTION ( 'NONE',  ( 0.000000000000000000, 0.000000000000000000, -1.000000000000000000 ) ) ;
#1487 = ORIENTED_EDGE ( 'NONE', *, *, #5920, .F. ) ;
#1488 = CIRCLE ( 'NONE', #5907, 4.299999999999998046 ) ;
#1489 = VECTOR ( 'NONE', #997, 1000.000000000000000 ) ;
#1490 = EDGE_CURVE ( 'NONE', #172, #3251, #3034, .T. ) ;
#1491 = CARTESIAN_POINT ( 'NONE',  ( 63.19228168185426853, 30.61263025016535977, -5.209152092904846043 ) ) ;
#1492 = ADVANCED_FACE ( 'NONE', ( #1137 ), #3591, .F. ) ;
#1493 = CARTESIAN_POINT ( 'NONE',  ( -49.17157287525380838, 53.98575841387692265, 2.000000000000000000 ) ) ;
#1494 = ORIENTED_EDGE ( 'NONE', *, *, #6246, .T. ) ;
#1495 = AXIS2_PLACEMENT_3D ( 'NONE', #3396, #5854, #994 ) ;
#1496 = PRODUCT_DEFINITION_FORMATION_WITH_SPECIFIED_SOURCE ( 'ANY', '', #1432, .NOT_KNOWN. ) ;
#1497 = DIRECTION ( 'NONE',  ( 1.000000000000000000, 0.000000000000000000, 0.000000000000000000 ) ) ;
#1498 = EDGE_CURVE ( 'NONE', #7794, #381, #2270, .T. ) ;
#1499 = PLANE ( 'NONE',  #7015 ) ;
#1500 = AXIS2_PLACEMENT_3D ( 'NONE', #3634, #4341, #80 ) ;
#1501 = ORIENTED_EDGE ( 'NONE', *, *, #3453, .T. ) ;
#1502 = ORIENTED_EDGE ( 'NONE', *, *, #2820, .F. ) ;
#1503 = CARTESIAN_POINT ( 'NONE',  ( -32.00000000000000000, 50.98575841387691554, 0.000000000000000000 ) ) ;
#1504 = DIRECTION ( 'NONE',  ( 0.000000000000000000, 0.000000000000000000, -1.000000000000000000 ) ) ;
#1505 = VERTEX_POINT ( 'NONE', #3 ) ;
#1506 = ORIENTED_EDGE ( 'NONE', *, *, #5381, .T. ) ;
#1507 = CARTESIAN_POINT ( 'NONE',  ( -67.43396226415089245, -34.95516887613958801, -20.62223663640860494 ) ) ;
#1508 = LINE ( 'NONE', #4404, #1334 ) ;
#1509 = CARTESIAN_POINT ( 'NONE',  ( 1.962405932198763026E-14, -26.16274646641389268, -8.511675595743399825 ) ) ;
#1510 = AXIS2_PLACEMENT_3D ( 'NONE', #3786, #3891, #4448 ) ;
#1511 = CARTESIAN_POINT ( 'NONE',  ( -62.09999999999995168, -40.28978583448781592, 2.000000000000000000 ) ) ;
#1512 = CARTESIAN_POINT ( 'NONE',  ( 64.99999999999997158, 38.50000000000002842, -6.400000000000001243 ) ) ;
#1513 = LINE ( 'NONE', #3293, #1931 ) ;
#1514 = LINE ( 'NONE', #5785, #1354 ) ;
#1515 = EDGE_CURVE ( 'NONE', #432, #4645, #1927, .T. ) ;
#1516 = CIRCLE ( 'NONE', #2782, 1.000000000000000888 ) ;
#1517 = ORIENTED_EDGE ( 'NONE', *, *, #5568, .F. ) ;
#1518 = EDGE_CURVE ( 'NONE', #6353, #2147, #6691, .T. ) ;
#1519 = ORIENTED_EDGE ( 'NONE', *, *, #1039, .F. ) ;
#1520 = CARTESIAN_POINT ( 'NONE',  ( -60.63078954500928575, -36.49999999999991473, -8.385224927784191706 ) ) ;
#1521 = ORIENTED_EDGE ( 'NONE', *, *, #6167, .T. ) ;
#1522 = CARTESIAN_POINT ( 'NONE',  ( -1.999999999999980904, -32.56274646641389836, -8.511675595743399825 ) ) ;
#1523 = DIRECTION ( 'NONE',  ( -1.000000000000000000, 0.000000000000000000, 0.000000000000000000 ) ) ;
#1524 = EDGE_LOOP ( 'NONE', ( #5088, #7665, #6882, #1959 ) ) ;
#1525 = ADVANCED_FACE ( 'NONE', ( #1451 ), #5429, .T. ) ;
#1526 = ORIENTED_EDGE ( 'NONE', *, *, #2259, .T. ) ;
#1527 = CARTESIAN_POINT ( 'NONE',  ( 63.87594479962685767, 29.84014934010444975, -4.568304053359947048 ) ) ;
#1528 = PLANE ( 'NONE',  #6387 ) ;
#1529 = ORIENTED_EDGE ( 'NONE', *, *, #2964, .F. ) ;
#1530 = EDGE_CURVE ( 'NONE', #561, #915, #784, .T. ) ;
#1531 = AXIS2_PLACEMENT_3D ( 'NONE', #1038, #374, #3441 ) ;
#1532 = CARTESIAN_POINT ( 'NONE',  ( 64.99999999999995737, 38.50000000000000711, 0.000000000000000000 ) ) ;
#1533 = EDGE_CURVE ( 'NONE', #6330, #6538, #858, .T. ) ;
#1534 = VECTOR ( 'NONE', #991, 1000.000000000000000 ) ;
#1535 = CARTESIAN_POINT ( 'NONE',  ( -60.63078954500930706, 40.49999999999998579, -2.000000000000000000 ) ) ;
#1536 = EDGE_LOOP ( 'NONE', ( #2831, #2317, #4659, #2720 ) ) ;
#1537 = VERTEX_POINT ( 'NONE', #744 ) ;
#1538 = AXIS2_PLACEMENT_3D ( 'NONE', #888, #4998, #5041 ) ;
#1539 = EDGE_CURVE ( 'NONE', #5902, #6209, #4853, .T. ) ;
#1540 = AXIS2_PLACEMENT_3D ( 'NONE', #5264, #4036, #449 ) ;
#1541 = PRODUCT_DEFINITION_CONTEXT ( 'detailed design', #2922, 'design' ) ;
#1542 = LINE ( 'NONE', #1616, #301 ) ;
#1543 = CARTESIAN_POINT ( 'NONE',  ( 55.99090833947008150, -41.50000000000000000, 2.000000000000000000 ) ) ;
#1544 = VECTOR ( 'NONE', #3281, 1000.000000000000000 ) ;
#1545 = ORIENTED_EDGE ( 'NONE', *, *, #6800, .T. ) ;
#1546 = CONICAL_SURFACE ( 'NONE', #3571, 11.30000000000012328, 0.7853981633974533860 ) ;
#1547 = VERTEX_POINT ( 'NONE', #1483 ) ;
#1548 = CARTESIAN_POINT ( 'NONE',  ( 64.99999999999995737, 38.50000000000000711, -8.167106781186543429 ) ) ;
#1549 = FACE_OUTER_BOUND ( 'NONE', #2743, .T. ) ;
#1550 = CARTESIAN_POINT ( 'NONE',  ( 67.99999999999995737, -40.23205080756887497, -6.400000000000001243 ) ) ;
#1551 = DIRECTION ( 'NONE',  ( 0.000000000000000000, -1.000000000000000000, 0.000000000000000000 ) ) ;
#1552 = VECTOR ( 'NONE', #5795, 1000.000000000000000 ) ;
#1553 = CARTESIAN_POINT ( 'NONE',  ( 62.09999999999994458, -36.71021416551215566, -6.400000000000001243 ) ) ;
#1554 = DIRECTION ( 'NONE',  ( 0.000000000000000000, 0.000000000000000000, 1.000000000000000000 ) ) ;
#1555 = B_SPLINE_CURVE_WITH_KNOTS ( 'NONE', 3,
 ( #4713, #5988, #4874, #2423 ),
 .UNSPECIFIED., .F., .F.,
 ( 4, 4 ),
 ( 0.000000000000000000, 0.003126612814703673415 ),
 .UNSPECIFIED. ) ;
#1556 = CARTESIAN_POINT ( 'NONE',  ( -55.99999999999990763, 38.49999999999999289, -4.300000000000022915 ) ) ;
#1557 = ORIENTED_EDGE ( 'NONE', *, *, #4120, .T. ) ;
#1558 = AXIS2_PLACEMENT_3D ( 'NONE', #2347, #4051, #5199 ) ;
#1559 = ORIENTED_EDGE ( 'NONE', *, *, #2161, .F. ) ;
#1560 = CARTESIAN_POINT ( 'NONE',  ( -32.00000000000000000, 54.98575841387691554, 2.000000000000000000 ) ) ;
#1561 = ORIENTED_EDGE ( 'NONE', *, *, #335, .T. ) ;
#1562 = DIRECTION ( 'NONE',  ( 0.000000000000000000, 0.000000000000000000, -1.000000000000000000 ) ) ;
#1563 = CARTESIAN_POINT ( 'NONE',  ( -60.63078954500931417, 35.49999999999998579, -20.62223663640860494 ) ) ;
#1564 = CIRCLE ( 'NONE', #5984, 4.425786437626963554 ) ;
#1565 = EDGE_CURVE ( 'NONE', #6688, #1045, #5302, .T. ) ;
#1566 = CARTESIAN_POINT ( 'NONE',  ( -62.56603773584905070, 34.95516887613961643, -8.459999999999991971 ) ) ;
#1567 = VERTEX_POINT ( 'NONE', #237 ) ;
#1568 = ORIENTED_EDGE ( 'NONE', *, *, #4870, .T. ) ;
#1569 = DIRECTION ( 'NONE',  ( 0.000000000000000000, -1.000000000000000000, 0.000000000000000000 ) ) ;
#1570 = LINE ( 'NONE', #5247, #7783 ) ;
#1571 = ORIENTED_EDGE ( 'NONE', *, *, #2307, .T. ) ;
#1572 = DIRECTION ( 'NONE',  ( 1.000000000000000000, -9.682177540335671686E-15, 0.000000000000000000 ) ) ;
#1573 = CARTESIAN_POINT ( 'NONE',  ( 28.99999999999999645, -41.50000000000000000, 2.000000000000000000 ) ) ;
#1574 = EDGE_CURVE ( 'NONE', #1505, #6787, #7581, .T. ) ;
#1575 = VERTEX_POINT ( 'NONE', #4373 ) ;
#1576 = ORIENTED_EDGE ( 'NONE', *, *, #6307, .F. ) ;
#1577 = FACE_BOUND ( 'NONE', #2004, .T. ) ;
#1578 = CARTESIAN_POINT ( 'NONE',  ( -64.99999999999994316, -41.96410161513772152, -6.400000000000001243 ) ) ;
#1579 = VERTEX_POINT ( 'NONE', #2005 ) ;
#1580 = EDGE_CURVE ( 'NONE', #5362, #3024, #3534, .T. ) ;
#1581 = VERTEX_POINT ( 'NONE', #4414 ) ;
#1582 = DIRECTION ( 'NONE',  ( 1.000000000000000000, 0.000000000000000000, 0.000000000000000000 ) ) ;
#1583 = VECTOR ( 'NONE', #6359, 1000.000000000000000 ) ;
#1584 = DIRECTION ( 'NONE',  ( -0.000000000000000000, -0.000000000000000000, 1.000000000000000000 ) ) ;
#1585 = CARTESIAN_POINT ( 'NONE',  ( -62.19999999999996021, -36.88341924626902113, 2.000000000000000000 ) ) ;
#1586 = ADVANCED_FACE ( 'NONE', ( #6159 ), #196, .T. ) ;
#1587 = CARTESIAN_POINT ( 'NONE',  ( -63.00000000000000000, -41.50000000000000000, -2.000000000000000000 ) ) ;
#1588 = CARTESIAN_POINT ( 'NONE',  ( -55.81933546421628023, 49.99485007440683404, 0.000000000000000000 ) ) ;
#1589 = CARTESIAN_POINT ( 'NONE',  ( -64.69262830182205448, -29.51792459747960606, -4.313911490792751380 ) ) ;
#1590 = CARTESIAN_POINT ( 'NONE',  ( -67.49999999999997158, -49.00000000000000000, 0.000000000000000000 ) ) ;
#1591 = ORIENTED_EDGE ( 'NONE', *, *, #130, .T. ) ;
#1592 = EDGE_CURVE ( 'NONE', #6408, #5005, #3990, .T. ) ;
#1593 = EDGE_LOOP ( 'NONE', ( #4504, #4357, #351, #2249 ) ) ;
#1594 = CARTESIAN_POINT ( 'NONE',  ( -67.99999999999994316, 34.13078954500926443, 0.000000000000000000 ) ) ;
#1595 = VECTOR ( 'NONE', #5491, 1000.000000000000000 ) ;
#1596 = CARTESIAN_POINT ( 'NONE',  ( 61.99999999999993605, 36.88341924626903534, 2.000000000000000000 ) ) ;
#1597 = ORIENTED_EDGE ( 'NONE', *, *, #5190, .T. ) ;
#1598 = LINE ( 'NONE', #4011, #6792 ) ;
#1599 = FACE_OUTER_BOUND ( 'NONE', #484, .T. ) ;
#1600 = DIRECTION ( 'NONE',  ( 0.000000000000000000, 0.000000000000000000, 1.000000000000000000 ) ) ;
#1601 = DIRECTION ( 'NONE',  ( -1.000000000000000000, 0.000000000000000000, 0.000000000000000000 ) ) ;
#1602 = VECTOR ( 'NONE', #4550, 1000.000000000000000 ) ;
#1603 = EDGE_LOOP ( 'NONE', ( #3154, #3151, #7429, #7190, #6204, #7615, #3452, #1667, #4603, #2683, #496, #6200 ) ) ;
#1604 = ORIENTED_EDGE ( 'NONE', *, *, #4715, .F. ) ;
#1605 = CARTESIAN_POINT ( 'NONE',  ( 60.27278170635819521, 40.50000000000001421, -8.167106781186573627 ) ) ;
#1606 = CARTESIAN_POINT ( 'NONE',  ( -32.00000000000000000, 54.98575841387691554, 0.9999999999999713562 ) ) ;
#1607 = ORIENTED_EDGE ( 'NONE', *, *, #635, .F. ) ;
#1608 = AXIS2_PLACEMENT_3D ( 'NONE', #6191, #6657, #2465 ) ;
#1609 = AXIS2_PLACEMENT_3D ( 'NONE', #5508, #3252, #4319 ) ;
#1610 = EDGE_CURVE ( 'NONE', #5590, #6440, #1894, .T. ) ;
#1611 = CARTESIAN_POINT ( 'NONE',  ( -66.12405520037309259, 29.84014934010443199, -4.568304053359950601 ) ) ;
#1612 = ADVANCED_FACE ( 'NONE', ( #6786 ), #3823, .T. ) ;
#1613 = CIRCLE ( 'NONE', #6413, 4.425786437626963554 ) ;
#1614 = ORIENTED_EDGE ( 'NONE', *, *, #1518, .F. ) ;
#1615 = ORIENTED_EDGE ( 'NONE', *, *, #5930, .T. ) ;
#1616 = CARTESIAN_POINT ( 'NONE',  ( 67.99999999999995737, -36.88341924626905666, -6.400000000000001243 ) ) ;
#1617 = PLANE ( 'NONE',  #5700 ) ;
#1618 = CYLINDRICAL_SURFACE ( 'NONE', #3009, 1.649999999999998579 ) ;
#1619 = ORIENTED_EDGE ( 'NONE', *, *, #1821, .F. ) ;
#1620 = ORIENTED_EDGE ( 'NONE', *, *, #5691, .F. ) ;
#1621 = LINE ( 'NONE', #1507, #3258 ) ;
#1622 = CARTESIAN_POINT ( 'NONE',  ( 66.99999999999991473, -31.49999999999999289, -2.000000000000000000 ) ) ;
#1623 = DIRECTION ( 'NONE',  ( 0.000000000000000000, 0.000000000000000000, 1.000000000000000000 ) ) ;
#1624 = CARTESIAN_POINT ( 'NONE',  ( -67.99999999999994316, -36.88341924626901402, 2.000000000000000000 ) ) ;
#1625 = DIRECTION ( 'NONE',  ( 0.000000000000000000, 0.000000000000000000, 1.000000000000000000 ) ) ;
#1626 = EDGE_CURVE ( 'NONE', #7626, #5092, #7495, .T. ) ;
#1627 = CARTESIAN_POINT ( 'NONE',  ( -56.89632840444989625, 36.81192368394115277, -5.024840702890612576 ) ) ;
#1628 = CARTESIAN_POINT ( 'NONE',  ( -67.89999999999997726, 40.28978583448783723, 2.000000000000000000 ) ) ;
#1629 = EDGE_CURVE ( 'NONE', #3475, #2766, #6564, .T. ) ;
#1630 = EDGE_LOOP ( 'NONE', ( #3821, #2571, #7419, #5974 ) ) ;
#1631 = ORIENTED_EDGE ( 'NONE', *, *, #5506, .F. ) ;
#1632 = CARTESIAN_POINT ( 'NONE',  ( -64.99999999999998579, 35.26683849253809910, -6.400000000000001243 ) ) ;
#1633 = LINE ( 'NONE', #4046, #6097 ) ;
#1634 = ORIENTED_EDGE ( 'NONE', *, *, #4421, .T. ) ;
#1635 = CARTESIAN_POINT ( 'NONE',  ( -66.64999999999996305, -38.49999999999995026, 0.000000000000000000 ) ) ;
#1636 = LINE ( 'NONE', #6542, #7753 ) ;
#1637 = CARTESIAN_POINT ( 'NONE',  ( -57.99090833947008150, 45.00000000000000000, 0.9999999999999715783 ) ) ;
#1638 = EDGE_CURVE ( 'NONE', #2311, #801, #3794, .T. ) ;
#1639 = DIRECTION ( 'NONE',  ( 0.000000000000000000, -0.000000000000000000, 1.000000000000000000 ) ) ;
#1640 = AXIS2_PLACEMENT_3D ( 'NONE', #2517, #553, #6668 ) ;
#1641 = ORIENTED_EDGE ( 'NONE', *, *, #2918, .T. ) ;
#1642 = ORIENTED_EDGE ( 'NONE', *, *, #2532, .F. ) ;
#1643 = CARTESIAN_POINT ( 'NONE',  ( 2.000000000000016431, -33.56274646641389836, -8.511675595743399825 ) ) ;
#1644 = DIRECTION ( 'NONE',  ( -0.000000000000000000, -0.000000000000000000, 1.000000000000000000 ) ) ;
#1645 = EDGE_LOOP ( 'NONE', ( #6186, #7580, #2714, #476, #3124 ) ) ;
#1646 = FACE_OUTER_BOUND ( 'NONE', #1316, .T. ) ;
#1647 = ORIENTED_EDGE ( 'NONE', *, *, #5973, .T. ) ;
#1648 = ORIENTED_EDGE ( 'NONE', *, *, #7491, .F. ) ;
#1649 = EDGE_CURVE ( 'NONE', #1579, #3303, #7686, .T. ) ;
#1650 = CARTESIAN_POINT ( 'NONE',  ( 52.99090833947008150, 47.16642294966062821, 2.000000000000000000 ) ) ;
#1651 = CARTESIAN_POINT ( 'NONE',  ( 32.00000000000000000, 50.98575841387691554, 0.9999999999999715783 ) ) ;
#1652 = VECTOR ( 'NONE', #2966, 1000.000000000000000 ) ;
#1653 = DIRECTION ( 'NONE',  ( 1.000000000000000000, 0.000000000000000000, 0.000000000000000000 ) ) ;
#1654 = ORIENTED_EDGE ( 'NONE', *, *, #6892, .T. ) ;
#1655 = EDGE_LOOP ( 'NONE', ( #1884, #339, #4302, #6216 ) ) ;
#1656 = DIRECTION ( 'NONE',  ( 0.000000000000000000, 0.000000000000000000, -1.000000000000000000 ) ) ;
#1657 = PLANE ( 'NONE',  #4611 ) ;
#1658 = VECTOR ( 'NONE', #772, 1000.000000000000000 ) ;
#1659 = DIRECTION ( 'NONE',  ( -0.000000000000000000, -0.000000000000000000, -1.000000000000000000 ) ) ;
#1660 = CARTESIAN_POINT ( 'NONE',  ( -61.11897591464007462, 36.37273940469461309, -8.459999999999991971 ) ) ;
#1661 = CARTESIAN_POINT ( 'NONE',  ( -66.99999999999994316, -41.50000000000000000, 0.000000000000000000 ) ) ;
#1662 = CARTESIAN_POINT ( 'NONE',  ( -62.00000000000000000, 36.76794919243111792, 2.000000000000000000 ) ) ;
#1663 = VECTOR ( 'NONE', #7771, 1000.000000000000000 ) ;
#1664 = LINE ( 'NONE', #2222, #3999 ) ;
#1665 = AXIS2_PLACEMENT_3D ( 'NONE', #6579, #6537, #4714 ) ;
#1666 = ORIENTED_EDGE ( 'NONE', *, *, #1858, .F. ) ;
#1667 = ORIENTED_EDGE ( 'NONE', *, *, #3162, .T. ) ;
#1668 = CARTESIAN_POINT ( 'NONE',  ( -61.11897591464004620, -36.37273940469454203, -8.459999999999991971 ) ) ;
#1669 = CARTESIAN_POINT ( 'NONE',  ( 64.89999999999994884, -35.09363341178120521, 2.000000000000000000 ) ) ;
#1670 = ADVANCED_FACE ( 'NONE', ( #2859 ), #5272, .F. ) ;
#1671 = ORIENTED_EDGE ( 'NONE', *, *, #2460, .T. ) ;
#1672 = VECTOR ( 'NONE', #1945, 1000.000000000000000 ) ;
#1673 = CARTESIAN_POINT ( 'NONE',  ( -62.09999999999995168, -36.71021416551212724, -6.400000000000001243 ) ) ;
#1674 = CARTESIAN_POINT ( 'NONE',  ( -65.00000000000000000, 38.49999999999999289, 0.000000000000000000 ) ) ;
#1675 = DIRECTION ( 'NONE',  ( -1.000000000000000000, 0.000000000000000000, 0.000000000000000000 ) ) ;
#1676 = EDGE_CURVE ( 'NONE', #7299, #827, #5053, .T. ) ;
#1677 = CARTESIAN_POINT ( 'NONE',  ( 49.17157287525380838, 50.98575841387691554, 0.9999999999999713562 ) ) ;
#1678 = CONICAL_SURFACE ( 'NONE', #6108, 3.000000000000009770, 0.7853981633974331800 ) ;
#1679 = ORIENTED_EDGE ( 'NONE', *, *, #394, .T. ) ;
#1680 = ORIENTED_EDGE ( 'NONE', *, *, #6188, .F. ) ;
#1681 = ORIENTED_EDGE ( 'NONE', *, *, #477, .F. ) ;
#1682 = CARTESIAN_POINT ( 'NONE',  ( 12.99999999999999822, 48.98575841387692265, 0.000000000000000000 ) ) ;
#1683 = EDGE_CURVE ( 'NONE', #1725, #5191, #802, .T. ) ;
#1684 = VECTOR ( 'NONE', #2151, 1000.000000000000000 ) ;
#1685 = DIRECTION ( 'NONE',  ( 1.000000000000000000, 0.000000000000000000, 0.000000000000000000 ) ) ;
#1686 = ORIENTED_EDGE ( 'NONE', *, *, #5506, .T. ) ;
#1687 = EDGE_CURVE ( 'NONE', #1920, #4822, #1775, .T. ) ;
#1688 = AXIS2_PLACEMENT_3D ( 'NONE', #2864, #5239, #502 ) ;
#1689 = CARTESIAN_POINT ( 'NONE',  ( -65.60336323352424870, 29.58713485301549539, -4.367987734121480337 ) ) ;
#1690 = VERTEX_POINT ( 'NONE', #2744 ) ;
#1691 = EDGE_LOOP ( 'NONE', ( #2241, #6389, #2708, #5540 ) ) ;
#1692 = DIRECTION ( 'NONE',  ( 0.8660254037844384856, 0.5000000000000002220, 0.000000000000000000 ) ) ;
#1693 = PLANE ( 'NONE',  #4560 ) ;
#1694 = CARTESIAN_POINT ( 'NONE',  ( -66.99999999999995737, -31.49999999999991829, -6.019890110719514631 ) ) ;
#1695 = ORIENTED_EDGE ( 'NONE', *, *, #1923, .T. ) ;
#1696 = ORIENTED_EDGE ( 'NONE', *, *, #4317, .F. ) ;
#1697 = DIRECTION ( 'NONE',  ( 0.000000000000000000, 0.000000000000000000, 1.000000000000000000 ) ) ;
#1698 = FACE_BOUND ( 'NONE', #6379, .T. ) ;
#1699 = DIRECTION ( 'NONE',  ( -1.000000000000000000, 0.000000000000000000, 0.000000000000000000 ) ) ;
#1700 = DIRECTION ( 'NONE',  ( 1.000000000000000000, 0.000000000000000000, 0.000000000000000000 ) ) ;
#1701 = PLANE ( 'NONE',  #1172 ) ;
#1702 = CARTESIAN_POINT ( 'NONE',  ( 4.000000000000025757, -24.10119365360507260, 0.000000000000000000 ) ) ;
#1703 = CIRCLE ( 'NONE', #6131, 1.000000000000000888 ) ;
#1704 = CARTESIAN_POINT ( 'NONE',  ( -64.99999999999998579, -31.49999999999991829, 0.000000000000000000 ) ) ;
#1705 = ORIENTED_EDGE ( 'NONE', *, *, #4487, .F. ) ;
#1706 = B_SPLINE_CURVE_WITH_KNOTS ( 'NONE', 3,
 ( #7443, #726, #3133, #1435 ),
 .UNSPECIFIED., .F., .F.,
 ( 4, 4 ),
 ( 7.152448122690996019E-18, 0.0005144902296436794408 ),
 .UNSPECIFIED. ) ;
#1707 = EDGE_CURVE ( 'NONE', #3711, #3750, #3927, .T. ) ;
#1708 = ORIENTED_EDGE ( 'NONE', *, *, #2727, .F. ) ;
#1709 = CARTESIAN_POINT ( 'NONE',  ( 57.99090833947008150, 45.00000000000000000, 0.000000000000000000 ) ) ;
#1710 = CARTESIAN_POINT ( 'NONE',  ( 62.56603773584903649, 34.95516887613962353, -20.62223663640860494 ) ) ;
#1711 = VERTEX_POINT ( 'NONE', #1047 ) ;
#1712 = AXIS2_PLACEMENT_3D ( 'NONE', #7620, #5759, #434 ) ;
#1713 = CARTESIAN_POINT ( 'NONE',  ( 28.99999999999999645, 50.98575841387691554, 2.000000000000000000 ) ) ;
#1714 = VECTOR ( 'NONE', #2391, 1000.000000000000000 ) ;
#1715 = DIRECTION ( 'NONE',  ( 0.5000000000000003331, -0.8660254037844385966, 0.000000000000000000 ) ) ;
#1716 = DIRECTION ( 'NONE',  ( 0.000000000000000000, 0.000000000000000000, -1.000000000000000000 ) ) ;
#1717 = CARTESIAN_POINT ( 'NONE',  ( -64.99999999999998579, 41.96410161513774284, -6.400000000000001243 ) ) ;
#1718 = DIRECTION ( 'NONE',  ( 0.000000000000000000, 0.000000000000000000, -1.000000000000000000 ) ) ;
#1719 = DIRECTION ( 'NONE',  ( -0.7071067811865495711, 0.000000000000000000, 0.7071067811865455743 ) ) ;
#1720 = VERTEX_POINT ( 'NONE', #6423 ) ;
#1721 = AXIS2_PLACEMENT_3D ( 'NONE', #1805, #1882, #7774 ) ;
#1722 = ORIENTED_EDGE ( 'NONE', *, *, #7338, .T. ) ;
#1723 = CYLINDRICAL_SURFACE ( 'NONE', #4037, 1.000000000000000444 ) ;
#1724 = DIRECTION ( 'NONE',  ( 1.000000000000000000, 0.000000000000000000, 0.000000000000000000 ) ) ;
#1725 = VERTEX_POINT ( 'NONE', #7643 ) ;
#1726 = VECTOR ( 'NONE', #811, 1000.000000000000000 ) ;
#1727 = AXIS2_PLACEMENT_3D ( 'NONE', #529, #2934, #7560 ) ;
#1728 = EDGE_CURVE ( 'NONE', #5510, #182, #7008, .T. ) ;
#1729 = EDGE_CURVE ( 'NONE', #4262, #1183, #7568, .T. ) ;
#1730 = CARTESIAN_POINT ( 'NONE',  ( -64.85040970794787540, 29.49972711092093292, -4.299787752878664548 ) ) ;
#1731 = ORIENTED_EDGE ( 'NONE', *, *, #7577, .T. ) ;
#1732 = AXIS2_PLACEMENT_3D ( 'NONE', #7475, #4313, #4355 ) ;
#1733 = ORIENTED_EDGE ( 'NONE', *, *, #6858, .T. ) ;
#1734 = ORIENTED_EDGE ( 'NONE', *, *, #3081, .T. ) ;
#1735 = VECTOR ( 'NONE', #5642, 1000.000000000000000 ) ;
#1736 = CYLINDRICAL_SURFACE ( 'NONE', #4706, 0.2000000000000057288 ) ;
#1737 = EDGE_CURVE ( 'NONE', #3267, #6985, #4805, .T. ) ;
#1738 = DIRECTION ( 'NONE',  ( -0.000000000000000000, -0.000000000000000000, 1.000000000000000000 ) ) ;
#1739 = VECTOR ( 'NONE', #2237, 1000.000000000000000 ) ;
#1740 = DIRECTION ( 'NONE',  ( -0.000000000000000000, -0.000000000000000000, 1.000000000000000000 ) ) ;
#1741 = AXIS2_PLACEMENT_3D ( 'NONE', #3917, #2772, #2252 ) ;
#1742 = ORIENTED_EDGE ( 'NONE', *, *, #6020, .F. ) ;
#1743 = ORIENTED_EDGE ( 'NONE', *, *, #4730, .T. ) ;
#1744 = CYLINDRICAL_SURFACE ( 'NONE', #4018, 1.999999999999974021 ) ;
#1745 = CARTESIAN_POINT ( 'NONE',  ( -66.99999999999994316, -41.50000000000000000, 0.000000000000000000 ) ) ;
#1746 = DIRECTION ( 'NONE',  ( 1.000000000000000000, 0.000000000000000000, 0.000000000000000000 ) ) ;
#1747 = CIRCLE ( 'NONE', #3509, 0.1999999999999987899 ) ;
#1748 = DIRECTION ( 'NONE',  ( 1.000000000000000000, 0.000000000000000000, 0.000000000000000000 ) ) ;
#1749 = FACE_OUTER_BOUND ( 'NONE', #5244, .T. ) ;
#1750 = AXIS2_PLACEMENT_3D ( 'NONE', #7258, #1369, #3780 ) ;
#1751 = DIRECTION ( 'NONE',  ( 0.000000000000000000, 0.000000000000000000, -1.000000000000000000 ) ) ;
#1752 = DIRECTION ( 'NONE',  ( 1.000000000000000000, 0.000000000000000000, 0.000000000000000000 ) ) ;
#1753 = ORIENTED_EDGE ( 'NONE', *, *, #6765, .F. ) ;
#1754 = ORIENTED_EDGE ( 'NONE', *, *, #4653, .F. ) ;
#1755 = DIRECTION ( 'NONE',  ( -1.000000000000000000, 0.000000000000000000, -0.000000000000000000 ) ) ;
#1756 = DIRECTION ( 'NONE',  ( 0.000000000000000000, 0.000000000000000000, -1.000000000000000000 ) ) ;
#1757 = VERTEX_POINT ( 'NONE', #497 ) ;
#1758 = VECTOR ( 'NONE', #3041, 1000.000000000000000 ) ;
#1759 = DIRECTION ( 'NONE',  ( -0.000000000000000000, -0.000000000000000000, -1.000000000000000000 ) ) ;
#1760 = CARTESIAN_POINT ( 'NONE',  ( 64.99999999999997158, -41.96410161513774995, -6.400000000000001243 ) ) ;
#1761 = LINE ( 'NONE', #6660, #795 ) ;
#1762 = DIRECTION ( 'NONE',  ( -1.000000000000000000, 0.000000000000000000, 0.000000000000000000 ) ) ;
#1763 = CARTESIAN_POINT ( 'NONE',  ( -11.00000000000000000, 49.98575841387692265, 2.000000000000000000 ) ) ;
#1764 = ADVANCED_FACE ( 'NONE', ( #2148 ), #5810, .T. ) ;
#1765 = PLANE ( 'NONE',  #3497 ) ;
#1766 = ORIENTED_EDGE ( 'NONE', *, *, #7065, .F. ) ;
#1767 = ORIENTED_EDGE ( 'NONE', *, *, #676, .T. ) ;
#1768 = ORIENTED_EDGE ( 'NONE', *, *, #2396, .F. ) ;
#1769 = DIRECTION ( 'NONE',  ( -0.8660254037844384856, -0.5000000000000002220, 0.000000000000000000 ) ) ;
#1770 = CARTESIAN_POINT ( 'NONE',  ( -61.45516887613963064, 36.06603773584904360, -20.62223663640860494 ) ) ;
#1771 = ORIENTED_EDGE ( 'NONE', *, *, #3369, .F. ) ;
#1772 = AXIS2_PLACEMENT_3D ( 'NONE', #4481, #157, #5676 ) ;
#1773 = EDGE_CURVE ( 'NONE', #1255, #7382, #6971, .T. ) ;
#1774 = PLANE ( 'NONE',  #3519 ) ;
#1775 = CIRCLE ( 'NONE', #515, 0.2000000000000057288 ) ;
#1776 = ORIENTED_EDGE ( 'NONE', *, *, #2599, .T. ) ;
#1777 = EDGE_CURVE ( 'NONE', #6177, #3251, #2145, .T. ) ;
#1778 = CARTESIAN_POINT ( 'NONE',  ( 67.79999999999996874, 36.88341924626903534, 2.000000000000000000 ) ) ;
#1779 = EDGE_CURVE ( 'NONE', #4262, #3267, #3373, .T. ) ;
#1780 = FACE_OUTER_BOUND ( 'NONE', #4673, .T. ) ;
#1781 = LINE ( 'NONE', #5576, #2360 ) ;
#1782 = ORIENTED_EDGE ( 'NONE', *, *, #1934, .F. ) ;
#1783 = VERTEX_POINT ( 'NONE', #2785 ) ;
#1784 = CARTESIAN_POINT ( 'NONE',  ( 66.43533841553430364, -30.10118522780072325, -4.780016760124773612 ) ) ;
#1785 = CARTESIAN_POINT ( 'NONE',  ( 66.99999999999991473, -34.13078954500928575, -8.385224927784188154 ) ) ;
#1786 = EDGE_CURVE ( 'NONE', #675, #3489, #3542, .T. ) ;
#1787 = FACE_OUTER_BOUND ( 'NONE', #3833, .T. ) ;
#1788 = AXIS2_PLACEMENT_3D ( 'NONE', #6846, #765, #4354 ) ;
#1789 = LINE ( 'NONE', #5422, #7742 ) ;
#1790 = DIRECTION ( 'NONE',  ( -0.000000000000000000, -0.000000000000000000, 1.000000000000000000 ) ) ;
#1791 = CARTESIAN_POINT ( 'NONE',  ( -3.999999999999976019, -41.50000000000000000, 0.000000000000000000 ) ) ;
#1792 = ORIENTED_EDGE ( 'NONE', *, *, #3369, .T. ) ;
#1793 = VECTOR ( 'NONE', #4945, 1000.000000000000000 ) ;
#1794 = ORIENTED_EDGE ( 'NONE', *, *, #1447, .T. ) ;
#1795 = CARTESIAN_POINT ( 'NONE',  ( -8.000000000000000000, 54.98575841387692265, 0.9999999999999713562 ) ) ;
#1796 = CARTESIAN_POINT ( 'NONE',  ( 65.09999999999996589, 41.90636658821879479, -6.400000000000001243 ) ) ;
#1797 = ORIENTED_EDGE ( 'NONE', *, *, #3378, .T. ) ;
#1798 = CARTESIAN_POINT ( 'NONE',  ( -67.49999999999997158, 43.99999999999999289, 2.000000000000000000 ) ) ;
#1799 = CARTESIAN_POINT ( 'NONE',  ( -57.99090833947008150, 45.00000000000000000, 0.000000000000000000 ) ) ;
#1800 = VECTOR ( 'NONE', #3143, 1000.000000000000000 ) ;
#1801 = DIRECTION ( 'NONE',  ( 0.000000000000000000, 0.7071067811865376918, 0.7071067811865574537 ) ) ;
#1802 = AXIS2_PLACEMENT_3D ( 'NONE', #3088, #5499, #1900 ) ;
#1803 = CARTESIAN_POINT ( 'NONE',  ( 64.99999999999997158, -41.73316150746189379, -6.400000000000001243 ) ) ;
#1804 = CYLINDRICAL_SURFACE ( 'NONE', #1876, 0.1999999999999987899 ) ;
#1805 = CARTESIAN_POINT ( 'NONE',  ( -1.999999999999980904, -19.76274646641389765, 2.000000000000000000 ) ) ;
#1806 = ORIENTED_EDGE ( 'NONE', *, *, #6271, .F. ) ;
#1807 = AXIS2_PLACEMENT_3D ( 'NONE', #3566, #1864, #6685 ) ;
#1808 = EDGE_LOOP ( 'NONE', ( #4931, #7608 ) ) ;
#1809 = CARTESIAN_POINT ( 'NONE',  ( 56.00027938724390708, 38.65680037365883237, -4.300217301250483182 ) ) ;
#1810 = AXIS2_PLACEMENT_3D ( 'NONE', #5900, #21, #1238 ) ;
#1811 = EDGE_CURVE ( 'NONE', #1255, #2047, #6205, .T. ) ;
#1812 = CARTESIAN_POINT ( 'NONE',  ( -63.00000000000000000, -34.13078954500924311, -8.385224927784188154 ) ) ;
#1813 = EDGE_LOOP ( 'NONE', ( #3953, #2405, #6825, #6598 ) ) ;
#1814 = B_SPLINE_CURVE_WITH_KNOTS ( 'NONE', 3,
 ( #5771, #4541, #5811, #6291 ),
 .UNSPECIFIED., .F., .F.,
 ( 4, 4 ),
 ( -0.0009426512253647018058, 0.002184079982300834652 ),
 .UNSPECIFIED. ) ;
#1815 = AXIS2_PLACEMENT_3D ( 'NONE', #1892, #1854, #50 ) ;
#1816 = CARTESIAN_POINT ( 'NONE',  ( 61.11897591464003909, -40.62726059530536560, -8.459999999999991971 ) ) ;
#1817 = ADVANCED_FACE ( 'NONE', ( #2823 ), #4596, .F. ) ;
#1818 = EDGE_LOOP ( 'NONE', ( #4025, #1824, #5929, #2868, #455 ) ) ;
#1819 = CARTESIAN_POINT ( 'NONE',  ( -67.99999999999994316, -36.76794919243108950, 2.000000000000000000 ) ) ;
#1820 = DIRECTION ( 'NONE',  ( -0.000000000000000000, 0.000000000000000000, 1.000000000000000000 ) ) ;
#1821 = EDGE_CURVE ( 'NONE', #5074, #3809, #6831, .T. ) ;
#1822 = CARTESIAN_POINT ( 'NONE',  ( -52.00000000000002842, 53.81418553862310006, 0.9999999999999718003 ) ) ;
#1823 = ORIENTED_EDGE ( 'NONE', *, *, #3744, .F. ) ;
#1824 = ORIENTED_EDGE ( 'NONE', *, *, #6271, .T. ) ;
#1825 = CARTESIAN_POINT ( 'NONE',  ( -3.999999999999980904, -28.22429927922271986, 1.000000000000000888 ) ) ;
#1826 = DIRECTION ( 'NONE',  ( -0.000000000000000000, -0.000000000000000000, -1.000000000000000000 ) ) ;
#1827 = DIRECTION ( 'NONE',  ( -1.000000000000000000, 0.000000000000000000, 0.000000000000000000 ) ) ;
#1828 = FACE_OUTER_BOUND ( 'NONE', #3651, .T. ) ;
#1829 = DIRECTION ( 'NONE',  ( 0.000000000000000000, 0.000000000000000000, -1.000000000000000000 ) ) ;
#1830 = EDGE_CURVE ( 'NONE', #3192, #6177, #6653, .T. ) ;
#1831 = ORIENTED_EDGE ( 'NONE', *, *, #1353, .T. ) ;
#1832 = ORIENTED_EDGE ( 'NONE', *, *, #2694, .F. ) ;
#1833 = EDGE_CURVE ( 'NONE', #1783, #4758, #4195, .T. ) ;
#1834 = DIRECTION ( 'NONE',  ( -0.000000000000000000, 0.000000000000000000, 1.000000000000000000 ) ) ;
#1835 = CARTESIAN_POINT ( 'NONE',  ( -62.19999999999999574, 40.11658075373094334, -6.400000000000001243 ) ) ;
#1836 = ORIENTED_EDGE ( 'NONE', *, *, #5803, .F. ) ;
#1837 = CARTESIAN_POINT ( 'NONE',  ( -27.00000000000000355, 47.98575841387692975, 2.000000000000000000 ) ) ;
#1838 = DIRECTION ( 'NONE',  ( 1.000000000000000000, 0.000000000000000000, 0.000000000000000000 ) ) ;
#1839 = DIRECTION ( 'NONE',  ( 0.000000000000000000, 0.000000000000000000, -1.000000000000000000 ) ) ;
#1840 = LINE ( 'NONE', #5950, #1714 ) ;
#1841 = FACE_OUTER_BOUND ( 'NONE', #7301, .T. ) ;
#1842 = CARTESIAN_POINT ( 'NONE',  ( -66.64999999999996305, -38.49999999999995026, -8.459999999999991971 ) ) ;
#1843 = EDGE_CURVE ( 'NONE', #3522, #7122, #1555, .T. ) ;
#1844 = EDGE_LOOP ( 'NONE', ( #3802, #2277, #822, #930, #2803, #3911 ) ) ;
#1845 = VECTOR ( 'NONE', #2580, 1000.000000000000000 ) ;
#1846 = ORIENTED_EDGE ( 'NONE', *, *, #5930, .F. ) ;
#1847 = CARTESIAN_POINT ( 'NONE',  ( 56.01746535649991188, 38.19632040246465721, -4.313555404615878608 ) ) ;
#1848 = CARTESIAN_POINT ( 'NONE',  ( -1.999999999999980904, -32.56274646641389836, 0.000000000000000000 ) ) ;
#1849 = ORIENTED_EDGE ( 'NONE', *, *, #3421, .T. ) ;
#1850 = VECTOR ( 'NONE', #1998, 1000.000000000000000 ) ;
#1851 = CARTESIAN_POINT ( 'NONE',  ( -67.99999999999997158, 40.23205080756886787, -6.400000000000001243 ) ) ;
#1852 = VECTOR ( 'NONE', #6700, 999.9999999999998863 ) ;
#1853 = ORIENTED_EDGE ( 'NONE', *, *, #7138, .F. ) ;
#1854 = DIRECTION ( 'NONE',  ( -0.000000000000000000, -0.000000000000000000, 1.000000000000000000 ) ) ;
#1855 = CARTESIAN_POINT ( 'NONE',  ( -55.81933546421628023, 49.99485007440683404, 2.000000000000000000 ) ) ;
#1856 = EDGE_CURVE ( 'NONE', #4244, #2880, #1021, .T. ) ;
#1857 = CONICAL_SURFACE ( 'NONE', #3749, 1.000000000000000444, 0.7853981633974481680 ) ;
#1858 = EDGE_CURVE ( 'NONE', #4886, #380, #25, .T. ) ;
#1859 = CARTESIAN_POINT ( 'NONE',  ( -60.63078954500931417, 36.49999999999998579, -8.459999999999991971 ) ) ;
#1860 = ORIENTED_EDGE ( 'NONE', *, *, #5880, .T. ) ;
#1861 = ORIENTED_EDGE ( 'NONE', *, *, #4152, .T. ) ;
#1862 = CARTESIAN_POINT ( 'NONE',  ( 51.29289321881343966, 53.10707875743654682, 2.000000000000000000 ) ) ;
#1863 = DIRECTION ( 'NONE',  ( -1.000000000000000000, 0.000000000000000000, -0.000000000000000000 ) ) ;
#1864 = DIRECTION ( 'NONE',  ( 0.000000000000000000, 0.000000000000000000, -1.000000000000000000 ) ) ;
#1865 = LINE ( 'NONE', #4278, #6234 ) ;
#1866 = AXIS2_PLACEMENT_3D ( 'NONE', #6227, #815, #3216 ) ;
#1867 = DIRECTION ( 'NONE',  ( -1.000000000000000000, -2.710505431213764536E-16, 0.000000000000000000 ) ) ;
#1868 = EDGE_CURVE ( 'NONE', #3650, #2957, #6620, .T. ) ;
#1869 = ORIENTED_EDGE ( 'NONE', *, *, #201, .F. ) ;
#1870 = VERTEX_POINT ( 'NONE', #1709 ) ;
#1871 = DIRECTION ( 'NONE',  ( 1.000000000000000000, 0.000000000000000000, 0.000000000000000000 ) ) ;
#1872 = FACE_OUTER_BOUND ( 'NONE', #5271, .T. ) ;
#1873 = ORIENTED_EDGE ( 'NONE', *, *, #6125, .T. ) ;
#1874 = CARTESIAN_POINT ( 'NONE',  ( -55.99999999999993605, -38.49999999999990763, -4.300000000000105516 ) ) ;
#1875 = LINE ( 'NONE', #735, #4385 ) ;
#1876 = AXIS2_PLACEMENT_3D ( 'NONE', #5516, #110, #6627 ) ;
#1877 = EDGE_CURVE ( 'NONE', #2770, #4194, #1516, .T. ) ;
#1878 = CARTESIAN_POINT ( 'NONE',  ( -67.43396226415089245, -34.95516887613958801, 0.000000000000000000 ) ) ;
#1879 = DIRECTION ( 'NONE',  ( -0.000000000000000000, -0.000000000000000000, -1.000000000000000000 ) ) ;
#1880 = DIRECTION ( 'NONE',  ( -0.000000000000000000, -0.000000000000000000, 1.000000000000000000 ) ) ;
#1881 = EDGE_CURVE ( 'NONE', #4248, #3718, #1125, .T. ) ;
#1882 = DIRECTION ( 'NONE',  ( -0.000000000000000000, 0.000000000000000000, 1.000000000000000000 ) ) ;
#1883 = ORIENTED_EDGE ( 'NONE', *, *, #5109, .T. ) ;
#1884 = ORIENTED_EDGE ( 'NONE', *, *, #5985, .F. ) ;
#1885 = VERTEX_POINT ( 'NONE', #1205 ) ;
#1886 = CARTESIAN_POINT ( 'NONE',  ( -55.99090833947008861, 45.99999999999999289, 2.000000000000000000 ) ) ;
#1887 = CARTESIAN_POINT ( 'NONE',  ( -59.50616610945210283, 36.49999999999998579, -7.461080156552554854 ) ) ;
#1888 = CARTESIAN_POINT ( 'NONE',  ( -60.49851384451550729, -40.49999999999991473, -8.335902675378463300 ) ) ;
#1889 = ADVANCED_FACE ( 'NONE', ( #6690 ), #3690, .F. ) ;
#1890 = DIRECTION ( 'NONE',  ( 0.000000000000000000, 0.000000000000000000, 1.000000000000000000 ) ) ;
#1891 = EDGE_LOOP ( 'NONE', ( #1399, #3795, #1484, #2102 ) ) ;
#1892 = CARTESIAN_POINT ( 'NONE',  ( -65.00000000000000000, 38.49999999999999289, -1.999999999999998224 ) ) ;
#1893 = DIRECTION ( 'NONE',  ( 1.000000000000000000, 1.613696256722611948E-15, 0.000000000000000000 ) ) ;
#1894 = CIRCLE ( 'NONE', #7196, 1.000000000000000888 ) ;
#1895 = LINE ( 'NONE', #756, #2978 ) ;
#1896 = EDGE_LOOP ( 'NONE', ( #3106, #1519, #3031, #1696, #5418 ) ) ;
#1897 = ORIENTED_EDGE ( 'NONE', *, *, #1592, .T. ) ;
#1898 = CARTESIAN_POINT ( 'NONE',  ( 60.27278170635815968, -40.49999999999999289, -8.167106781186546982 ) ) ;
#1899 = ADVANCED_FACE ( 'NONE', ( #1278 ), #538, .F. ) ;
#1900 = DIRECTION ( 'NONE',  ( 0.8660254037844383745, -0.5000000000000004441, 0.000000000000000000 ) ) ;
#1901 = DIRECTION ( 'NONE',  ( 1.000000000000000000, 0.000000000000000000, 0.000000000000000000 ) ) ;
#1902 = LINE ( 'NONE', #62, #7720 ) ;
#1903 = CARTESIAN_POINT ( 'NONE',  ( -59.50614362763144527, -36.49999999999991473, -7.461059451568227807 ) ) ;
#1904 = ORIENTED_EDGE ( 'NONE', *, *, #1276, .T. ) ;
#1905 = ORIENTED_EDGE ( 'NONE', *, *, #5606, .F. ) ;
#1906 = DIRECTION ( 'NONE',  ( 1.000000000000000000, -1.613696256722611948E-15, 0.000000000000000000 ) ) ;
#1907 = LINE ( 'NONE', #5144, #1086 ) ;
#1908 = ORIENTED_EDGE ( 'NONE', *, *, #5719, .T. ) ;
#1909 = CARTESIAN_POINT ( 'NONE',  ( 2.000000000000012879, -18.76274646641389765, 1.000000000000000888 ) ) ;
#1910 = DIRECTION ( 'NONE',  ( -1.000000000000000000, 0.000000000000000000, 0.000000000000000000 ) ) ;
#1911 = ADVANCED_FACE ( 'NONE', ( #7210 ), #2298, .F. ) ;
#1912 = DIRECTION ( 'NONE',  ( -0.5000000000000009992, 0.8660254037844381525, 0.000000000000000000 ) ) ;
#1913 = LINE ( 'NONE', #3102, #2854 ) ;
#1914 = CARTESIAN_POINT ( 'NONE',  ( 4.000000000000024869, -19.76274646641390476, 0.000000000000000000 ) ) ;
#1915 = DIRECTION ( 'NONE',  ( -0.000000000000000000, -0.000000000000000000, 1.000000000000000000 ) ) ;
#1916 = AXIS2_PLACEMENT_3D ( 'NONE', #1578, #2133, #879 ) ;
#1917 = ORIENTED_EDGE ( 'NONE', *, *, #4818, .T. ) ;
#1918 = EDGE_LOOP ( 'NONE', ( #4375, #6484, #6828, #5727, #2314 ) ) ;
#1919 = EDGE_CURVE ( 'NONE', #4683, #2962, #6536, .T. ) ;
#1920 = VERTEX_POINT ( 'NONE', #2944 ) ;
#1921 = CARTESIAN_POINT ( 'NONE',  ( 56.26179273473646703, 37.50022806304024670, -4.505832740837174555 ) ) ;
#1922 = CIRCLE ( 'NONE', #2553, 1.649999999999998579 ) ;
#1923 = EDGE_CURVE ( 'NONE', #172, #6945, #770, .T. ) ;
#1924 = CARTESIAN_POINT ( 'NONE',  ( -67.49999999999997158, -49.00000000000000000, 0.000000000000000000 ) ) ;
#1925 = VERTEX_POINT ( 'NONE', #5389 ) ;
#1926 = AXIS2_PLACEMENT_3D ( 'NONE', #5593, #627, #6148 ) ;
#1927 = B_SPLINE_CURVE_WITH_KNOTS ( 'NONE', 3,
 ( #596, #2958, #4139, #668, #2995, #6040, #6553, #5403, #2398, #3665, #4809, #7222, #1809, #5442, #1847, #4259, #1256, #1921, #5605, #3230, #3152, #4334, #7457, #1375, #308, #6242 ),
 .UNSPECIFIED., .F., .F.,
 ( 4, 2, 2, 2, 2, 2, 2, 2, 2, 2, 2, 2, 4 ),
 ( 8.673617379884035472E-19, 0.0009127677240409719098, 0.001825535448081942952, 0.002281919310102428853, 0.002738303172122915404, 0.003194687034143401522, 0.003651070896163888073, 0.004107454758184374624, 0.004563838620204860308, 0.005020222482225347727, 0.005476606344245833410, 0.006389374068286805645, 0.007302141792327778748 ),
 .UNSPECIFIED. ) ;
#1928 = AXIS2_PLACEMENT_3D ( 'NONE', #3647, #7245, #1272 ) ;
#1929 = ORIENTED_EDGE ( 'NONE', *, *, #1629, .T. ) ;
#1930 = EDGE_CURVE ( 'NONE', #5850, #6982, #7036, .T. ) ;
#1931 = VECTOR ( 'NONE', #413, 1000.000000000000000 ) ;
#1932 = FACE_OUTER_BOUND ( 'NONE', #794, .T. ) ;
#1933 = CARTESIAN_POINT ( 'NONE',  ( -64.99999999999995737, -38.49999999999995026, -6.400000000000001243 ) ) ;
#1934 = EDGE_CURVE ( 'NONE', #4434, #4462, #2385, .T. ) ;
#1935 = ORIENTED_EDGE ( 'NONE', *, *, #5610, .F. ) ;
#1936 = DIRECTION ( 'NONE',  ( -0.000000000000000000, -0.000000000000000000, -1.000000000000000000 ) ) ;
#1937 = CARTESIAN_POINT ( 'NONE',  ( 62.56603773584903649, 34.95516887613962353, -8.459999999999991971 ) ) ;
#1938 = ADVANCED_FACE ( 'NONE', ( #4246 ), #623, .F. ) ;
#1939 = AXIS2_PLACEMENT_3D ( 'NONE', #1131, #5949, #544 ) ;
#1940 = DIRECTION ( 'NONE',  ( 1.000000000000000000, 0.000000000000000000, -0.000000000000000000 ) ) ;
#1941 = VERTEX_POINT ( 'NONE', #3773 ) ;
#1942 = VERTEX_POINT ( 'NONE', #5665 ) ;
#1943 = CARTESIAN_POINT ( 'NONE',  ( 62.99999999999998579, 33.00616610945210283, -7.461080156552558407 ) ) ;
#1944 = CARTESIAN_POINT ( 'NONE',  ( 60.63078954500927154, -36.49999999999999289, 0.000000000000000000 ) ) ;
#1945 = DIRECTION ( 'NONE',  ( -0.000000000000000000, -0.000000000000000000, -1.000000000000000000 ) ) ;
#1946 = LINE ( 'NONE', #1433, #2044 ) ;
#1947 = CARTESIAN_POINT ( 'NONE',  ( 61.45516887613958801, 36.06603773584907202, 0.000000000000000000 ) ) ;
#1948 = ORIENTED_EDGE ( 'NONE', *, *, #5213, .T. ) ;
#1949 = EDGE_CURVE ( 'NONE', #6515, #4862, #1111, .T. ) ;
#1950 = ORIENTED_EDGE ( 'NONE', *, *, #2455, .T. ) ;
#1951 = CARTESIAN_POINT ( 'NONE',  ( 61.45516887613958801, -36.06603773584905070, -8.459999999999991971 ) ) ;
#1952 = CARTESIAN_POINT ( 'NONE',  ( -1.999999999999980904, -19.76274646641389765, 0.000000000000000000 ) ) ;
#1953 = CARTESIAN_POINT ( 'NONE',  ( -67.99999999999997158, 40.23205080756886787, 2.000000000000000000 ) ) ;
#1954 = CARTESIAN_POINT ( 'NONE',  ( -28.00000000000000355, 49.98575841387692265, 0.9999999999999713562 ) ) ;
#1955 = DIRECTION ( 'NONE',  ( 0.000000000000000000, 0.000000000000000000, 1.000000000000000000 ) ) ;
#1956 = FACE_OUTER_BOUND ( 'NONE', #6253, .T. ) ;
#1957 = DIRECTION ( 'NONE',  ( -0.000000000000000000, -0.000000000000000000, -1.000000000000000000 ) ) ;
#1958 = CARTESIAN_POINT ( 'NONE',  ( 57.99999999999995026, -36.49999999999999289, -6.019890110719543053 ) ) ;
#1959 = ORIENTED_EDGE ( 'NONE', *, *, #7627, .F. ) ;
#1960 = ADVANCED_FACE ( 'NONE', ( #5068 ), #6144, .F. ) ;
#1961 = VERTEX_POINT ( 'NONE', #2539 ) ;
#1962 = EDGE_CURVE ( 'NONE', #2054, #1961, #6041, .T. ) ;
#1963 = VERTEX_POINT ( 'NONE', #1951 ) ;
#1964 = DIRECTION ( 'NONE',  ( -0.000000000000000000, -0.000000000000000000, 1.000000000000000000 ) ) ;
#1965 = ORIENTED_EDGE ( 'NONE', *, *, #6322, .T. ) ;
#1966 = CARTESIAN_POINT ( 'NONE',  ( -32.00000000000000000, 50.98575841387691554, 2.000000000000000000 ) ) ;
#1967 = ORIENTED_EDGE ( 'NONE', *, *, #6683, .F. ) ;
#1968 = VECTOR ( 'NONE', #2655, 1000.000000000000000 ) ;
#1969 = ORIENTED_EDGE ( 'NONE', *, *, #7249, .F. ) ;
#1970 = CARTESIAN_POINT ( 'NONE',  ( 64.39663676647570867, 29.58713485301550605, -4.367987734121478560 ) ) ;
#1971 = CARTESIAN_POINT ( 'NONE',  ( 3.111111111111132033, -24.55931650089592466, 2.000000000000000000 ) ) ;
#1972 = VERTEX_POINT ( 'NONE', #4358 ) ;
#1973 = CIRCLE ( 'NONE', #3617, 4.000000000000017764 ) ;
#1974 = EDGE_CURVE ( 'NONE', #6702, #1972, #7482, .T. ) ;
#1975 = CARTESIAN_POINT ( 'NONE',  ( 64.99999999999995737, -38.49999999999999289, -8.167106781186543429 ) ) ;
#1976 = CARTESIAN_POINT ( 'NONE',  ( 66.99999999999991473, -34.13078954500927864, 0.000000000000000000 ) ) ;
#1977 = EDGE_CURVE ( 'NONE', #2825, #5479, #3727, .T. ) ;
#1978 = CARTESIAN_POINT ( 'NONE',  ( 67.89999999999997726, 36.71021416551214145, 2.000000000000000000 ) ) ;
#1979 = AXIS2_PLACEMENT_3D ( 'NONE', #903, #2908, #357 ) ;
#1980 = EDGE_LOOP ( 'NONE', ( #1794, #5869, #5216, #1457 ) ) ;
#1981 = VERTEX_POINT ( 'NONE', #6296 ) ;
#1982 = CARTESIAN_POINT ( 'NONE',  ( -63.00000000000000000, 34.13078954500929285, -2.000000000000000000 ) ) ;
#1983 = EDGE_CURVE ( 'NONE', #2109, #3397, #846, .T. ) ;
#1984 = CARTESIAN_POINT ( 'NONE',  ( -64.99999999999998579, 41.96410161513774284, 2.000000000000000000 ) ) ;
#1985 = CIRCLE ( 'NONE', #6783, 4.299999999999998046 ) ;
#1986 = CARTESIAN_POINT ( 'NONE',  ( -60.27278170635815258, -40.49999999999991473, -8.167106781186573627 ) ) ;
#1987 = DIRECTION ( 'NONE',  ( -0.000000000000000000, 0.000000000000000000, 1.000000000000000000 ) ) ;
#1988 = ORIENTED_EDGE ( 'NONE', *, *, #5051, .T. ) ;
#1989 = ORIENTED_EDGE ( 'NONE', *, *, #429, .F. ) ;
#1990 = CARTESIAN_POINT ( 'NONE',  ( -61.45516887613959511, -36.06603773584897965, 0.000000000000000000 ) ) ;
#1991 = B_SPLINE_CURVE_WITH_KNOTS ( 'NONE', 3,
 ( #6807, #4987, #7396, #5581 ),
 .UNSPECIFIED., .F., .F.,
 ( 4, 4 ),
 ( 7.757919228897728493E-18, 0.0004194706865624523644 ),
 .UNSPECIFIED. ) ;
#1992 = DIRECTION ( 'NONE',  ( -2.710505431213764536E-16, 1.000000000000000000, 0.000000000000000000 ) ) ;
#1993 = LINE ( 'NONE', #6335, #5078 ) ;
#1994 = CARTESIAN_POINT ( 'NONE',  ( 61.99999999999993605, 40.23205080756886787, -6.400000000000001243 ) ) ;
#1995 = VECTOR ( 'NONE', #2343, 1000.000000000000000 ) ;
#1996 = CYLINDRICAL_SURFACE ( 'NONE', #7477, 3.499999999999997780 ) ;
#1997 = CIRCLE ( 'NONE', #242, 4.000000000000003553 ) ;
#1998 = DIRECTION ( 'NONE',  ( 1.000000000000000000, 0.000000000000000000, 0.000000000000000000 ) ) ;
#1999 = LINE ( 'NONE', #5672, #6921 ) ;
#2000 = CARTESIAN_POINT ( 'NONE',  ( 56.89736166465743850, -36.81130072613283488, -5.025716521494239863 ) ) ;
#2001 = VERTEX_POINT ( 'NONE', #3138 ) ;
#2002 = VERTEX_POINT ( 'NONE', #184 ) ;
#2003 = AXIS2_PLACEMENT_3D ( 'NONE', #4772, #6591, #5878 ) ;
#2004 = EDGE_LOOP ( 'NONE', ( #3787, #6311 ) ) ;
#2005 = CARTESIAN_POINT ( 'NONE',  ( -2.999999999999980460, -19.76274646641390476, 1.000000000000000888 ) ) ;
#2006 = AXIS2_PLACEMENT_3D ( 'NONE', #4031, #567, #7197 ) ;
#2007 = VECTOR ( 'NONE', #6780, 1000.000000000000227 ) ;
#2008 = ORIENTED_EDGE ( 'NONE', *, *, #4660, .F. ) ;
#2009 = CARTESIAN_POINT ( 'NONE',  ( 61.99999999999995026, -36.76794919243111792, -6.400000000000001243 ) ) ;
#2010 = DIRECTION ( 'NONE',  ( 0.000000000000000000, -1.000000000000000000, 0.000000000000000000 ) ) ;
#2011 = ADVANCED_FACE ( 'NONE', ( #4403 ), #7446, .F. ) ;
#2012 = DIRECTION ( 'NONE',  ( -0.000000000000000000, -0.000000000000000000, -1.000000000000000000 ) ) ;
#2013 = ORIENTED_EDGE ( 'NONE', *, *, #7391, .T. ) ;
#2014 = EDGE_CURVE ( 'NONE', #5114, #2323, #4641, .T. ) ;
#2015 = DIRECTION ( 'NONE',  ( -0.000000000000000000, -0.000000000000000000, 1.000000000000000000 ) ) ;
#2016 = LINE ( 'NONE', #4982, #1346 ) ;
#2017 = CARTESIAN_POINT ( 'NONE',  ( 3.000000000000022649, -28.22429927922271631, 1.000000000000000888 ) ) ;
#2018 = ORIENTED_EDGE ( 'NONE', *, *, #5195, .F. ) ;
#2019 = EDGE_CURVE ( 'NONE', #7655, #1071, #5404, .T. ) ;
#2020 = ORIENTED_EDGE ( 'NONE', *, *, #4393, .F. ) ;
#2021 = EDGE_CURVE ( 'NONE', #783, #5191, #5799, .T. ) ;
#2022 = CYLINDRICAL_SURFACE ( 'NONE', #4068, 0.2000000000000057288 ) ;
#2023 = AXIS2_PLACEMENT_3D ( 'NONE', #5246, #7654, #6354 ) ;
#2024 = LINE ( 'NONE', #7442, #3302 ) ;
#2025 = DIRECTION ( 'NONE',  ( 0.000000000000000000, -0.000000000000000000, -1.000000000000000000 ) ) ;
#2026 = ORIENTED_EDGE ( 'NONE', *, *, #2638, .T. ) ;
#2027 = EDGE_CURVE ( 'NONE', #859, #1374, #1997, .T. ) ;
#2028 = EDGE_LOOP ( 'NONE', ( #7745, #5521, #2909, #368 ) ) ;
#2029 = CARTESIAN_POINT ( 'NONE',  ( 61.99999999999998579, 34.13078954500929285, 0.000000000000000000 ) ) ;
#2030 = VECTOR ( 'NONE', #580, 1000.000000000000000 ) ;
#2031 = CARTESIAN_POINT ( 'NONE',  ( 67.99999999999995737, -40.11658075373095045, 2.000000000000000000 ) ) ;
#2032 = CARTESIAN_POINT ( 'NONE',  ( -64.99999999999994316, -38.49999999999996447, -8.459999999999991971 ) ) ;
#2033 = FACE_OUTER_BOUND ( 'NONE', #6432, .T. ) ;
#2034 = DIRECTION ( 'NONE',  ( 0.000000000000000000, 0.000000000000000000, -1.000000000000000000 ) ) ;
#2035 = DIRECTION ( 'NONE',  ( 0.000000000000000000, 1.000000000000000000, 0.000000000000000000 ) ) ;
#2036 = DIRECTION ( 'NONE',  ( 1.000000000000000000, 0.000000000000000000, 0.000000000000000000 ) ) ;
#2037 = CARTESIAN_POINT ( 'NONE',  ( 67.99999999999997158, 40.11658075373093624, -6.400000000000001243 ) ) ;
#2038 = EDGE_LOOP ( 'NONE', ( #3928, #6001, #4389, #1620 ) ) ;
#2039 = ORIENTED_EDGE ( 'NONE', *, *, #7239, .F. ) ;
#2040 = CARTESIAN_POINT ( 'NONE',  ( 62.99999999999998579, 33.87709820724720799, -8.263178694298577653 ) ) ;
#2041 = VERTEX_POINT ( 'NONE', #1990 ) ;
#2042 = CARTESIAN_POINT ( 'NONE',  ( 55.11222868302972699, 49.28774329322027370, 2.000000000000000000 ) ) ;
#2043 = CARTESIAN_POINT ( 'NONE',  ( -49.17157287525380838, 54.98575841387692975, 0.000000000000000000 ) ) ;
#2044 = VECTOR ( 'NONE', #725, 1000.000000000000000 ) ;
#2045 = CARTESIAN_POINT ( 'NONE',  ( -2.999999999999980460, -32.56274646641389126, 1.000000000000000888 ) ) ;
#2046 = AXIS2_PLACEMENT_3D ( 'NONE', #4509, #7484, #4406 ) ;
#2047 = VERTEX_POINT ( 'NONE', #1360 ) ;
#2048 = CIRCLE ( 'NONE', #6222, 1.000000000000000888 ) ;
#2049 = DIRECTION ( 'NONE',  ( 0.000000000000000000, 0.000000000000000000, 1.000000000000000000 ) ) ;
#2050 = VECTOR ( 'NONE', #4592, 1000.000000000000000 ) ;
#2051 = ADVANCED_FACE ( 'NONE', ( #6884 ), #5591, .F. ) ;
#2052 = CARTESIAN_POINT ( 'NONE',  ( -12.00000000000000178, 50.98575841387691554, 0.9999999999999713562 ) ) ;
#2053 = CIRCLE ( 'NONE', #3198, 3.499999999999997780 ) ;
#2054 = VERTEX_POINT ( 'NONE', #3880 ) ;
#2055 = EDGE_LOOP ( 'NONE', ( #6549, #7741, #4979, #3228 ) ) ;
#2056 = CARTESIAN_POINT ( 'NONE',  ( -3.999999999999976019, -32.56274646641388415, 0.000000000000000000 ) ) ;
#2057 = CYLINDRICAL_SURFACE ( 'NONE', #2416, 1.000000000000000888 ) ;
#2058 = CIRCLE ( 'NONE', #557, 0.1999999999999987899 ) ;
#2059 = DIRECTION ( 'NONE',  ( 1.000000000000000000, 0.000000000000000000, 0.000000000000000000 ) ) ;
#2060 = ORIENTED_EDGE ( 'NONE', *, *, #1574, .T. ) ;
#2061 = ORIENTED_EDGE ( 'NONE', *, *, #3210, .F. ) ;
#2062 = CARTESIAN_POINT ( 'NONE',  ( -62.19999999999999574, 36.88341924626904955, 2.000000000000000000 ) ) ;
#2063 = CARTESIAN_POINT ( 'NONE',  ( 3.000000000000014655, 8.131516293641333545E-16, 1.000000000000000888 ) ) ;
#2064 = FACE_OUTER_BOUND ( 'NONE', #4022, .T. ) ;
#2065 = DIRECTION ( 'NONE',  ( -0.000000000000000000, -0.000000000000000000, -1.000000000000000000 ) ) ;
#2066 = ORIENTED_EDGE ( 'NONE', *, *, #6560, .T. ) ;
#2067 = CARTESIAN_POINT ( 'NONE',  ( -60.63078954500932127, 36.49999999999998579, -8.385224927784191706 ) ) ;
#2068 = ADVANCED_FACE ( 'NONE', ( #2579 ), #4436, .T. ) ;
#2069 = DIRECTION ( 'NONE',  ( -0.000000000000000000, -0.000000000000000000, 1.000000000000000000 ) ) ;
#2070 = CARTESIAN_POINT ( 'NONE',  ( -67.79999999999994031, -36.88341924626901402, -6.400000000000001243 ) ) ;
#2071 = EDGE_CURVE ( 'NONE', #3085, #1575, #3767, .T. ) ;
#2072 = ORIENTED_EDGE ( 'NONE', *, *, #1471, .T. ) ;
#2073 = VERTEX_POINT ( 'NONE', #221 ) ;
#2074 = CARTESIAN_POINT ( 'NONE',  ( 66.99999999999991473, -41.50000000000000000, 0.000000000000000000 ) ) ;
#2075 = ORIENTED_EDGE ( 'NONE', *, *, #4396, .T. ) ;
#2076 = LINE ( 'NONE', #4484, #1735 ) ;
#2077 = DIRECTION ( 'NONE',  ( 0.000000000000000000, 0.000000000000000000, 1.000000000000000000 ) ) ;
#2078 = EDGE_CURVE ( 'NONE', #4712, #5721, #866, .T. ) ;
#2079 = ORIENTED_EDGE ( 'NONE', *, *, #5961, .T. ) ;
#2080 = CARTESIAN_POINT ( 'NONE',  ( -62.09999999999999432, 36.71021416551215566, -6.400000000000001243 ) ) ;
#2081 = CARTESIAN_POINT ( 'NONE',  ( 62.99999999999998579, 33.77278170635822363, -8.167106781186573627 ) ) ;
#2082 = ORIENTED_EDGE ( 'NONE', *, *, #5841, .F. ) ;
#2083 = AXIS2_PLACEMENT_3D ( 'NONE', #1952, #4247, #2981 ) ;
#2084 = DIRECTION ( 'NONE',  ( 0.000000000000000000, 0.000000000000000000, 1.000000000000000000 ) ) ;
#2085 = CARTESIAN_POINT ( 'NONE',  ( -67.49999999999997158, 45.00000000000000000, 0.000000000000000000 ) ) ;
#2086 = VECTOR ( 'NONE', #6133, 1000.000000000000114 ) ;
#2087 = VERTEX_POINT ( 'NONE', #4072 ) ;
#2088 = EDGE_LOOP ( 'NONE', ( #2450, #1526, #3278, #1743, #693, #757, #3854, #4214, #1429, #1163, #2499, #5252 ) ) ;
#2089 = EDGE_CURVE ( 'NONE', #211, #1942, #917, .T. ) ;
#2090 = DIRECTION ( 'NONE',  ( -1.000000000000000000, 0.000000000000000000, 0.000000000000000000 ) ) ;
#2091 = DIRECTION ( 'NONE',  ( -0.000000000000000000, -0.000000000000000000, -1.000000000000000000 ) ) ;
#2092 = EDGE_CURVE ( 'NONE', #4824, #6361, #5656, .T. ) ;
#2093 = AXIS2_PLACEMENT_3D ( 'NONE', #4442, #1407, #5515 ) ;
#2094 = FACE_OUTER_BOUND ( 'NONE', #2745, .T. ) ;
#2095 = VERTEX_POINT ( 'NONE', #6368 ) ;
#2096 = EDGE_LOOP ( 'NONE', ( #621, #6104, #5431, #5517 ) ) ;
#2097 = DIRECTION ( 'NONE',  ( -0.000000000000000000, -0.000000000000000000, -1.000000000000000000 ) ) ;
#2098 = CARTESIAN_POINT ( 'NONE',  ( -61.99999999999995737, -40.23205080756885366, -6.400000000000001243 ) ) ;
#2099 = PLANE ( 'NONE',  #7602 ) ;
#2100 = AXIS2_PLACEMENT_3D ( 'NONE', #6677, #3714, #1893 ) ;
#2101 = PLANE ( 'NONE',  #3182 ) ;
#2102 = ORIENTED_EDGE ( 'NONE', *, *, #2262, .F. ) ;
#2103 = LINE ( 'NONE', #924, #3936 ) ;
#2104 = CIRCLE ( 'NONE', #6160, 1.999999999999974021 ) ;
#2105 = DIRECTION ( 'NONE',  ( -1.000000000000000000, 0.000000000000000000, 0.000000000000000000 ) ) ;
#2106 = ADVANCED_FACE ( 'NONE', ( #4624 ), #2625, .F. ) ;
#2107 = FACE_OUTER_BOUND ( 'NONE', #974, .T. ) ;
#2108 = AXIS2_PLACEMENT_3D ( 'NONE', #7207, #5901, #3610 ) ;
#2109 = VERTEX_POINT ( 'NONE', #3399 ) ;
#2110 = VERTEX_POINT ( 'NONE', #6448 ) ;
#2111 = DIRECTION ( 'NONE',  ( -0.000000000000000000, -0.000000000000000000, -1.000000000000000000 ) ) ;
#2112 = EDGE_CURVE ( 'NONE', #3024, #3475, #3132, .T. ) ;
#2113 = ORIENTED_EDGE ( 'NONE', *, *, #6020, .T. ) ;
#2114 = AXIS2_PLACEMENT_3D ( 'NONE', #3073, #5049, #4523 ) ;
#2115 = DIRECTION ( 'NONE',  ( -0.8660254037844384856, -0.5000000000000002220, 0.000000000000000000 ) ) ;
#2116 = CARTESIAN_POINT ( 'NONE',  ( -65.09999999999996589, -35.09363341178117679, 2.000000000000000000 ) ) ;
#2117 = EDGE_CURVE ( 'NONE', #6474, #7496, #1621, .T. ) ;
#2118 = EDGE_LOOP ( 'NONE', ( #7028, #1521, #2026, #2187 ) ) ;
#2119 = VECTOR ( 'NONE', #7381, 1000.000000000000114 ) ;
#2120 = CIRCLE ( 'NONE', #6172, 0.2000000000000057288 ) ;
#2121 = CARTESIAN_POINT ( 'NONE',  ( -32.00000000000000000, 54.98575841387691554, 0.9999999999999713562 ) ) ;
#2122 = EDGE_CURVE ( 'NONE', #4913, #3650, #6406, .T. ) ;
#2123 = AXIS2_PLACEMENT_3D ( 'NONE', #2681, #5096, #7505 ) ;
#2124 = CARTESIAN_POINT ( 'NONE',  ( 60.27278170635818810, -36.49999999999999289, -8.167106781186575404 ) ) ;
#2125 = VERTEX_POINT ( 'NONE', #4544 ) ;
#2126 = AXIS2_PLACEMENT_3D ( 'NONE', #2432, #1957, #738 ) ;
#2127 = FACE_OUTER_BOUND ( 'NONE', #7531, .T. ) ;
#2128 = DIRECTION ( 'NONE',  ( 0.000000000000000000, -0.000000000000000000, 1.000000000000000000 ) ) ;
#2129 = VECTOR ( 'NONE', #7307, 1000.000000000000000 ) ;
#2130 = ORIENTED_EDGE ( 'NONE', *, *, #5817, .T. ) ;
#2131 = ORIENTED_EDGE ( 'NONE', *, *, #5242, .T. ) ;
#2132 = DIRECTION ( 'NONE',  ( -0.000000000000000000, -0.000000000000000000, -1.000000000000000000 ) ) ;
#2133 = DIRECTION ( 'NONE',  ( 0.5000000000000003331, -0.8660254037844385966, 0.000000000000000000 ) ) ;
#2134 = ORIENTED_EDGE ( 'NONE', *, *, #722, .T. ) ;
#2135 = PRODUCT_RELATED_PRODUCT_CATEGORY ( 'part', '', ( #1432 ) ) ;
#2136 = ORIENTED_EDGE ( 'NONE', *, *, #4653, .T. ) ;
#2137 = FACE_OUTER_BOUND ( 'NONE', #4890, .T. ) ;
#2138 = LINE ( 'NONE', #7405, #2845 ) ;
#2139 = DIRECTION ( 'NONE',  ( -0.000000000000000000, -0.000000000000000000, 1.000000000000000000 ) ) ;
#2140 = DIRECTION ( 'NONE',  ( -1.000000000000000000, 0.000000000000000000, 0.000000000000000000 ) ) ;
#2141 = DIRECTION ( 'NONE',  ( -0.000000000000000000, -0.000000000000000000, 1.000000000000000000 ) ) ;
#2142 = CARTESIAN_POINT ( 'NONE',  ( -57.11176259647670861, 36.69267435137795985, -5.208397158434194374 ) ) ;
#2143 = DIRECTION ( 'NONE',  ( 0.7071067811865371366, 0.000000000000000000, -0.7071067811865578978 ) ) ;
#2144 = CARTESIAN_POINT ( 'NONE',  ( 65.50000000000000000, -40.49999999999991473, 0.000000000000000000 ) ) ;
#2145 = CIRCLE ( 'NONE', #19, 0.2000000000000057288 ) ;
#2146 = EDGE_LOOP ( 'NONE', ( #7304, #7221, #1571, #5903 ) ) ;
#2147 = VERTEX_POINT ( 'NONE', #5261 ) ;
#2148 = FACE_OUTER_BOUND ( 'NONE', #4032, .T. ) ;
#2149 = ORIENTED_EDGE ( 'NONE', *, *, #6045, .F. ) ;
#2150 = CARTESIAN_POINT ( 'NONE',  ( 62.19999999999993889, 36.88341924626903534, -6.400000000000001243 ) ) ;
#2151 = DIRECTION ( 'NONE',  ( -0.000000000000000000, 0.000000000000000000, -1.000000000000000000 ) ) ;
#2152 = DIRECTION ( 'NONE',  ( -1.000000000000000000, 0.000000000000000000, 0.000000000000000000 ) ) ;
#2153 = EDGE_CURVE ( 'NONE', #4824, #5946, #3996, .T. ) ;
#2154 = ORIENTED_EDGE ( 'NONE', *, *, #5253, .F. ) ;
#2155 = ORIENTED_EDGE ( 'NONE', *, *, #5920, .T. ) ;
#2156 = CARTESIAN_POINT ( 'NONE',  ( -56.01741666439222911, -38.80414343561334789, -4.313516307508320935 ) ) ;
#2157 = VERTEX_POINT ( 'NONE', #6409 ) ;
#2158 = DIRECTION ( 'NONE',  ( 1.000000000000000000, 0.000000000000000000, 0.000000000000000000 ) ) ;
#2159 = ORIENTED_EDGE ( 'NONE', *, *, #3067, .F. ) ;
#2160 = VECTOR ( 'NONE', #2852, 1000.000000000000000 ) ;
#2161 = EDGE_CURVE ( 'NONE', #2047, #5507, #5181, .T. ) ;
#2162 = ADVANCED_FACE ( 'NONE', ( #2137 ), #4034, .F. ) ;
#2163 = LINE ( 'NONE', #5128, #6776 ) ;
#2164 = AXIS2_PLACEMENT_3D ( 'NONE', #808, #1314, #138 ) ;
#2165 = EDGE_CURVE ( 'NONE', #4166, #4478, #2214, .T. ) ;
#2166 = PLANE ( 'NONE',  #2515 ) ;
#2167 = ORIENTED_EDGE ( 'NONE', *, *, #3186, .F. ) ;
#2168 = EDGE_LOOP ( 'NONE', ( #7395, #4255, #1392, #5688 ) ) ;
#2169 = VECTOR ( 'NONE', #3732, 1000.000000000000227 ) ;
#2170 = VECTOR ( 'NONE', #7406, 1000.000000000000114 ) ;
#2171 = LINE ( 'NONE', #7108, #3830 ) ;
#2172 = EDGE_CURVE ( 'NONE', #4635, #1327, #6957, .T. ) ;
#2173 = PLANE ( 'NONE',  #3051 ) ;
#2174 = AXIS2_PLACEMENT_3D ( 'NONE', #5292, #5219, #3986 ) ;
#2175 = ORIENTED_EDGE ( 'NONE', *, *, #2078, .T. ) ;
#2176 = B_SPLINE_CURVE_WITH_KNOTS ( 'NONE', 3,
 ( #1958, #6196, #5600, #191, #2000, #4410, #3224, #6822, #1409, #6237, #821, #2629, #5043, #7453, #4003, #6966, #3368, #7601, #415, #1004, #3445, #2819, #7005, #453, #927, #2856 ),
 .UNSPECIFIED., .F., .F.,
 ( 4, 2, 2, 2, 2, 2, 2, 2, 2, 2, 2, 2, 4 ),
 ( 0.000000000000000000, 0.0009127677240409644288, 0.001825535448081928858, 0.002281919310102416710, 0.002738303172122904562, 0.003194687034143392414, 0.003651070896163880267, 0.004107454758184367685, 0.004563838620204855971, 0.005020222482225343390, 0.005476606344245831676, 0.006389374068286796104, 0.007302141792327760533 ),
 .UNSPECIFIED. ) ;
#2177 = ORIENTED_EDGE ( 'NONE', *, *, #1476, .F. ) ;
#2178 = DIRECTION ( 'NONE',  ( 1.000000000000000000, 0.000000000000000000, -0.000000000000000000 ) ) ;
#2179 = DIRECTION ( 'NONE',  ( 1.000000000000000000, 0.000000000000000000, 0.000000000000000000 ) ) ;
#2180 = FACE_OUTER_BOUND ( 'NONE', #2168, .T. ) ;
#2181 = CONICAL_SURFACE ( 'NONE', #6351, 4.499999999999999112, 0.7853981633974482790 ) ;
#2182 = DIRECTION ( 'NONE',  ( 0.000000000000000000, 0.000000000000000000, 1.000000000000000000 ) ) ;
#2183 = AXIS2_PLACEMENT_3D ( 'NONE', #4440, #2065, #5073 ) ;
#2184 = CARTESIAN_POINT ( 'NONE',  ( -63.87594479962687188, -29.84014934010436093, -4.568304053359910633 ) ) ;
#2185 = DIRECTION ( 'NONE',  ( -0.000000000000000000, -0.000000000000000000, -1.000000000000000000 ) ) ;
#2186 = EDGE_LOOP ( 'NONE', ( #6116, #2618 ) ) ;
#2187 = ORIENTED_EDGE ( 'NONE', *, *, #5560, .F. ) ;
#2188 = CARTESIAN_POINT ( 'NONE',  ( 64.99999999999995737, 35.03589838486221453, -6.400000000000001243 ) ) ;
#2189 = DIRECTION ( 'NONE',  ( -0.000000000000000000, -0.000000000000000000, 1.000000000000000000 ) ) ;
#2190 = VERTEX_POINT ( 'NONE', #7593 ) ;
#2191 = DIRECTION ( 'NONE',  ( 1.000000000000000000, 0.000000000000000000, 0.000000000000000000 ) ) ;
#2192 = CYLINDRICAL_SURFACE ( 'NONE', #7262, 1.649999999999998579 ) ;
#2193 = CARTESIAN_POINT ( 'NONE',  ( 61.99999999999998579, 34.13078954500929285, -8.459999999999991971 ) ) ;
#2194 = CARTESIAN_POINT ( 'NONE',  ( 4.000000000000022204, -28.22429927922271631, 1.000000000000000888 ) ) ;
#2195 = EDGE_CURVE ( 'NONE', #647, #5590, #2812, .T. ) ;
#2196 = ADVANCED_FACE ( 'NONE', ( #954 ), #5909, .T. ) ;
#2197 = ORIENTED_EDGE ( 'NONE', *, *, #919, .T. ) ;
#2198 = EDGE_LOOP ( 'NONE', ( #7519, #458, #4005, #4519, #4209 ) ) ;
#2199 = CARTESIAN_POINT ( 'NONE',  ( -56.08622274202422631, -39.10049689334000078, -4.367273424727979858 ) ) ;
#2200 = LINE ( 'NONE', #6434, #5122 ) ;
#2201 = EDGE_LOOP ( 'NONE', ( #3019, #2635, #7445, #3705, #2310 ) ) ;
#2202 = CARTESIAN_POINT ( 'NONE',  ( -66.33899900108151826, 30.00812668709966502, -4.704022379819900124 ) ) ;
#2203 = ORIENTED_EDGE ( 'NONE', *, *, #5213, .F. ) ;
#2204 = VECTOR ( 'NONE', #4172, 1000.000000000000000 ) ;
#2205 = VERTEX_POINT ( 'NONE', #295 ) ;
#2206 = EDGE_CURVE ( 'NONE', #7527, #4479, #6541, .T. ) ;
#2207 = LINE ( 'NONE', #4106, #6864 ) ;
#2208 = ADVANCED_FACE ( 'NONE', ( #371 ), #4587, .F. ) ;
#2209 = FACE_OUTER_BOUND ( 'NONE', #1151, .T. ) ;
#2210 = VECTOR ( 'NONE', #7289, 1000.000000000000000 ) ;
#2211 = CARTESIAN_POINT ( 'NONE',  ( 64.99999999999997158, 38.50000000000002842, 0.000000000000000000 ) ) ;
#2212 = ORIENTED_EDGE ( 'NONE', *, *, #4870, .F. ) ;
#2213 = ORIENTED_EDGE ( 'NONE', *, *, #6603, .F. ) ;
#2214 = LINE ( 'NONE', #3361, #483 ) ;
#2215 = CARTESIAN_POINT ( 'NONE',  ( 10.99999999999999822, 49.98575841387692265, 2.000000000000000000 ) ) ;
#2216 = ADVANCED_FACE ( 'NONE', ( #165 ), #1195, .T. ) ;
#2217 = CARTESIAN_POINT ( 'NONE',  ( -65.00000000000000000, 38.49999999999999289, -8.167106781186543429 ) ) ;
#2218 = CARTESIAN_POINT ( 'NONE',  ( 10.99999999999999645, -41.50000000000000000, 2.000000000000000000 ) ) ;
#2219 = DIRECTION ( 'NONE',  ( -0.000000000000000000, -0.000000000000000000, 1.000000000000000000 ) ) ;
#2220 = AXIS2_PLACEMENT_3D ( 'NONE', #587, #2468, #7772 ) ;
#2221 = CARTESIAN_POINT ( 'NONE',  ( -63.66100099891846753, -30.00812668709959041, -4.704022379819861932 ) ) ;
#2222 = CARTESIAN_POINT ( 'NONE',  ( 67.99999999999995737, -36.76794919243112503, -6.400000000000001243 ) ) ;
#2223 = ORIENTED_EDGE ( 'NONE', *, *, #1518, .T. ) ;
#2224 = VERTEX_POINT ( 'NONE', #1971 ) ;
#2225 = DIRECTION ( 'NONE',  ( 1.000000000000000000, 0.000000000000000000, 0.000000000000000000 ) ) ;
#2226 = CIRCLE ( 'NONE', #3244, 5.132893218813515013 ) ;
#2227 = ORIENTED_EDGE ( 'NONE', *, *, #5405, .T. ) ;
#2228 = CARTESIAN_POINT ( 'NONE',  ( -62.00000000000000000, 40.23205080756886787, -6.400000000000001243 ) ) ;
#2229 = CYLINDRICAL_SURFACE ( 'NONE', #1188, 3.999999999999989786 ) ;
#2230 = CARTESIAN_POINT ( 'NONE',  ( 60.96714010127369932, 36.45767217398237392, -8.459999999999991971 ) ) ;
#2231 = FACE_OUTER_BOUND ( 'NONE', #6752, .T. ) ;
#2232 = AXIS2_PLACEMENT_3D ( 'NONE', #4632, #5152, #4081 ) ;
#2233 = ORIENTED_EDGE ( 'NONE', *, *, #5139, .T. ) ;
#2234 = ORIENTED_EDGE ( 'NONE', *, *, #3898, .T. ) ;
#2235 = CYLINDRICAL_SURFACE ( 'NONE', #390, 1.000000000000000000 ) ;
#2236 = ADVANCED_FACE ( 'NONE', ( #1114 ), #361, .T. ) ;
#2237 = DIRECTION ( 'NONE',  ( 0.7071067811865383579, 0.000000000000000000, 0.7071067811865567876 ) ) ;
#2238 = ORIENTED_EDGE ( 'NONE', *, *, #1300, .T. ) ;
#2239 = AXIS2_PLACEMENT_3D ( 'NONE', #7404, #7365, #1906 ) ;
#2240 = FACE_OUTER_BOUND ( 'NONE', #64, .T. ) ;
#2241 = ORIENTED_EDGE ( 'NONE', *, *, #3162, .F. ) ;
#2242 = CIRCLE ( 'NONE', #6920, 0.2000000000000057288 ) ;
#2243 = ORIENTED_EDGE ( 'NONE', *, *, #5919, .F. ) ;
#2244 = ADVANCED_FACE ( 'NONE', ( #5932 ), #3604, .T. ) ;
#2245 = DIRECTION ( 'NONE',  ( 1.000000000000000000, 0.000000000000000000, -0.000000000000000000 ) ) ;
#2246 = DIRECTION ( 'NONE',  ( 1.000000000000000000, 0.000000000000000000, 0.000000000000000000 ) ) ;
#2247 = ADVANCED_FACE ( 'NONE', ( #4157 ), #6568, .F. ) ;
#2248 = DIRECTION ( 'NONE',  ( -0.7071067811865460184, -1.916616770854216070E-16, -0.7071067811865490160 ) ) ;
#2249 = ORIENTED_EDGE ( 'NONE', *, *, #1498, .F. ) ;
#2250 = ORIENTED_EDGE ( 'NONE', *, *, #3715, .T. ) ;
#2251 = EDGE_CURVE ( 'NONE', #1391, #5388, #4897, .T. ) ;
#2252 = DIRECTION ( 'NONE',  ( 1.000000000000000000, 0.000000000000000000, 0.000000000000000000 ) ) ;
#2253 = FACE_OUTER_BOUND ( 'NONE', #79, .T. ) ;
#2254 = LINE ( 'NONE', #999, #2288 ) ;
#2255 = FACE_OUTER_BOUND ( 'NONE', #2786, .T. ) ;
#2256 = DIRECTION ( 'NONE',  ( 0.000000000000000000, 0.000000000000000000, -1.000000000000000000 ) ) ;
#2257 = LINE ( 'NONE', #1077, #2439 ) ;
#2258 = FACE_OUTER_BOUND ( 'NONE', #6981, .T. ) ;
#2259 = EDGE_CURVE ( 'NONE', #2957, #611, #2120, .T. ) ;
#2260 = EDGE_LOOP ( 'NONE', ( #7671, #3692, #4198, #3602 ) ) ;
#2261 = ORIENTED_EDGE ( 'NONE', *, *, #6, .T. ) ;
#2262 = EDGE_CURVE ( 'NONE', #976, #4297, #1376, .T. ) ;
#2263 = CARTESIAN_POINT ( 'NONE',  ( -57.99090833947008150, 45.00000000000000000, 2.000000000000000000 ) ) ;
#2264 = DIRECTION ( 'NONE',  ( -0.7071067811865573427, -0.000000000000000000, 0.7071067811865376918 ) ) ;
#2265 = EDGE_LOOP ( 'NONE', ( #1328, #2983, #2285, #6239 ) ) ;
#2266 = CARTESIAN_POINT ( 'NONE',  ( 55.99090833947008150, 47.16642294966062821, 2.000000000000000000 ) ) ;
#2267 = CYLINDRICAL_SURFACE ( 'NONE', #4604, 1.000000000000000888 ) ;
#2268 = DIRECTION ( 'NONE',  ( 1.000000000000000000, 0.000000000000000000, 0.000000000000000000 ) ) ;
#2269 = DIRECTION ( 'NONE',  ( -1.000000000000000000, 0.000000000000000000, 0.000000000000000000 ) ) ;
#2270 = CIRCLE ( 'NONE', #137, 2.000000000000001776 ) ;
#2271 = VERTEX_POINT ( 'NONE', #3523 ) ;
#2272 = ORIENTED_EDGE ( 'NONE', *, *, #1729, .T. ) ;
#2273 = CARTESIAN_POINT ( 'NONE',  ( -56.00000000000000000, -38.65338731539516459, -4.300000000000163247 ) ) ;
#2274 = CARTESIAN_POINT ( 'NONE',  ( -27.00000000000000355, 49.98575841387692265, 0.9999999999999715783 ) ) ;
#2275 = ORIENTED_EDGE ( 'NONE', *, *, #5544, .F. ) ;
#2276 = CARTESIAN_POINT ( 'NONE',  ( -67.99999999999994316, -40.11658075373091492, -6.400000000000001243 ) ) ;
#2277 = ORIENTED_EDGE ( 'NONE', *, *, #6841, .F. ) ;
#2278 = ORIENTED_EDGE ( 'NONE', *, *, #6556, .F. ) ;
#2279 = DIRECTION ( 'NONE',  ( 1.000000000000000000, 0.000000000000000000, -0.000000000000000000 ) ) ;
#2280 = DIRECTION ( 'NONE',  ( -1.000000000000000000, 0.000000000000000000, -0.000000000000000000 ) ) ;
#2281 = VECTOR ( 'NONE', #5293, 1000.000000000000000 ) ;
#2282 = EDGE_CURVE ( 'NONE', #1, #6787, #2723, .T. ) ;
#2283 = DIRECTION ( 'NONE',  ( -0.000000000000000000, -0.000000000000000000, 1.000000000000000000 ) ) ;
#2284 = EDGE_LOOP ( 'NONE', ( #4940, #6306, #2722, #5003 ) ) ;
#2285 = ORIENTED_EDGE ( 'NONE', *, *, #6396, .T. ) ;
#2286 = DIRECTION ( 'NONE',  ( 1.000000000000000000, 0.000000000000000000, 0.000000000000000000 ) ) ;
#2287 = DIRECTION ( 'NONE',  ( -0.7071067811865479058, 0.000000000000000000, 0.7071067811865472397 ) ) ;
#2288 = VECTOR ( 'NONE', #4746, 1000.000000000000000 ) ;
#2289 = DIRECTION ( 'NONE',  ( 1.000000000000000000, 0.000000000000000000, 0.000000000000000000 ) ) ;
#2290 = CARTESIAN_POINT ( 'NONE',  ( 55.99090833947008150, 46.00000000000000000, 2.000000000000000000 ) ) ;
#2291 = CARTESIAN_POINT ( 'NONE',  ( 32.00000000000000000, 50.98575841387691554, 2.000000000000000000 ) ) ;
#2292 = DIRECTION ( 'NONE',  ( -1.000000000000000000, -2.710505431213764536E-16, 0.000000000000000000 ) ) ;
#2293 = AXIS2_PLACEMENT_3D ( 'NONE', #5185, #2182, #4667 ) ;
#2294 = CARTESIAN_POINT ( 'NONE',  ( -56.13708172337049263, 39.24188334172309567, -4.407118621043514928 ) ) ;
#2295 = AXIS2_PLACEMENT_3D ( 'NONE', #4041, #3922, #5231 ) ;
#2296 = VERTEX_POINT ( 'NONE', #5571 ) ;
#2297 = ORIENTED_EDGE ( 'NONE', *, *, #3227, .F. ) ;
#2298 = PLANE ( 'NONE',  #6944 ) ;
#2299 = CARTESIAN_POINT ( 'NONE',  ( -62.00000000000000000, 40.11658075373094334, -6.400000000000001243 ) ) ;
#2300 = ORIENTED_EDGE ( 'NONE', *, *, #6167, .F. ) ;
#2301 = VECTOR ( 'NONE', #807, 1000.000000000000000 ) ;
#2302 = LINE ( 'NONE', #1798, #3636 ) ;
#2303 = CARTESIAN_POINT ( 'NONE',  ( 2.000000000000023981, -32.56274646641389836, 2.000000000000000000 ) ) ;
#2304 = ADVANCED_FACE ( 'NONE', ( #2562 ), #1744, .T. ) ;
#2305 = PLANE ( 'NONE',  #3354 ) ;
#2306 = CARTESIAN_POINT ( 'NONE',  ( 64.99999999999995737, -38.49999999999999289, 0.000000000000000000 ) ) ;
#2307 = EDGE_CURVE ( 'NONE', #6440, #1870, #7797, .T. ) ;
#2308 = CARTESIAN_POINT ( 'NONE',  ( -60.27278170635822363, 36.49999999999998579, -8.167106781186573627 ) ) ;
#2309 = AXIS2_PLACEMENT_3D ( 'NONE', #2447, #1228, #2483 ) ;
#2310 = ORIENTED_EDGE ( 'NONE', *, *, #6494, .T. ) ;
#2311 = VERTEX_POINT ( 'NONE', #1385 ) ;
#2312 = LINE ( 'NONE', #4648, #513 ) ;
#2313 = LINE ( 'NONE', #2399, #4017 ) ;
#2314 = ORIENTED_EDGE ( 'NONE', *, *, #7345, .T. ) ;
#2315 = EDGE_CURVE ( 'NONE', #6785, #182, #2879, .T. ) ;
#2316 = CARTESIAN_POINT ( 'NONE',  ( -65.74278336556783131, 29.63742396373843491, -4.407387256988934965 ) ) ;
#2317 = ORIENTED_EDGE ( 'NONE', *, *, #2646, .T. ) ;
#2318 = ORIENTED_EDGE ( 'NONE', *, *, #6556, .T. ) ;
#2319 = CARTESIAN_POINT ( 'NONE',  ( -64.99999999999998579, 35.26683849253809910, -6.400000000000001243 ) ) ;
#2320 = DIRECTION ( 'NONE',  ( -0.000000000000000000, -0.000000000000000000, -1.000000000000000000 ) ) ;
#2321 = CIRCLE ( 'NONE', #6753, 1.000000000000000444 ) ;
#2322 = DIRECTION ( 'NONE',  ( 1.000000000000000000, 0.000000000000000000, 0.000000000000000000 ) ) ;
#2323 = VERTEX_POINT ( 'NONE', #793 ) ;
#2324 = ORIENTED_EDGE ( 'NONE', *, *, #2535, .F. ) ;
#2325 = CARTESIAN_POINT ( 'NONE',  ( 63.19329587200891751, -30.61032245169757360, -5.207139044747466805 ) ) ;
#2326 = CARTESIAN_POINT ( 'NONE',  ( -3.999999999999980904, -24.10119365360506904, -8.511675595743399825 ) ) ;
#2327 = EDGE_CURVE ( 'NONE', #5479, #5322, #2242, .T. ) ;
#2328 = DIRECTION ( 'NONE',  ( 0.000000000000000000, 0.000000000000000000, -1.000000000000000000 ) ) ;
#2329 = CARTESIAN_POINT ( 'NONE',  ( 1.962405932198763026E-14, -26.16274646641389268, 2.000000000000000000 ) ) ;
#2330 = EDGE_CURVE ( 'NONE', #4280, #5174, #6208, .T. ) ;
#2331 = B_SPLINE_CURVE_WITH_KNOTS ( 'NONE', 3,
 ( #2672, #276, #6280, #5647, #5089, #314, #6316, #7386, #2600, #3272, #4455, #163, #4380, #4490 ),
 .UNSPECIFIED., .F., .F.,
 ( 4, 2, 2, 2, 2, 2, 4 ),
 ( 0.003654650331366441837, 0.004110586763986612095, 0.004566523196606782353, 0.005022459629226952611, 0.005478396061847122869, 0.006390268927087452110, 0.007302141792327781350 ),
 .UNSPECIFIED. ) ;
#2332 = CARTESIAN_POINT ( 'NONE',  ( -60.63078954500928575, -35.49999999999991473, -8.459999999999991971 ) ) ;
#2333 = CARTESIAN_POINT ( 'NONE',  ( -66.96417172426932041, -31.05532553071488167, -5.601665418104473382 ) ) ;
#2334 = CIRCLE ( 'NONE', #7270, 7.500000000000007105 ) ;
#2335 = DIRECTION ( 'NONE',  ( 0.000000000000000000, -1.000000000000000000, 0.000000000000000000 ) ) ;
#2336 = ORIENTED_EDGE ( 'NONE', *, *, #338, .F. ) ;
#2337 = AXIS2_PLACEMENT_3D ( 'NONE', #1231, #3008, #6642 ) ;
#2338 = ORIENTED_EDGE ( 'NONE', *, *, #3470, .F. ) ;
#2339 = CARTESIAN_POINT ( 'NONE',  ( -64.99999999999998579, 41.73316150746188669, 2.000000000000000000 ) ) ;
#2340 = CARTESIAN_POINT ( 'NONE',  ( 62.09999999999994458, -40.28978583448783013, 2.000000000000000000 ) ) ;
#2341 = ORIENTED_EDGE ( 'NONE', *, *, #992, .F. ) ;
#2342 = AXIS2_PLACEMENT_3D ( 'NONE', #5541, #649, #6646 ) ;
#2343 = DIRECTION ( 'NONE',  ( -0.000000000000000000, -0.000000000000000000, 1.000000000000000000 ) ) ;
#2344 = CIRCLE ( 'NONE', #5512, 4.299999999999998046 ) ;
#2345 = DIRECTION ( 'NONE',  ( 1.000000000000000000, 0.000000000000000000, 0.000000000000000000 ) ) ;
#2346 = EDGE_CURVE ( 'NONE', #1547, #4635, #3892, .T. ) ;
#2347 = CARTESIAN_POINT ( 'NONE',  ( 67.79999999999995453, -36.88341924626905666, 2.000000000000000000 ) ) ;
#2348 = CARTESIAN_POINT ( 'NONE',  ( -64.99999999999994316, -38.49999999999996447, -8.459999999999991971 ) ) ;
#2349 = DIRECTION ( 'NONE',  ( 0.000000000000000000, 0.000000000000000000, 1.000000000000000000 ) ) ;
#2350 = CARTESIAN_POINT ( 'NONE',  ( -63.34999999999995879, -38.49999999999995026, -8.459999999999991971 ) ) ;
#2351 = ORIENTED_EDGE ( 'NONE', *, *, #405, .T. ) ;
#2352 = AXIS2_PLACEMENT_3D ( 'NONE', #2567, #5534, #6090 ) ;
#2353 = ADVANCED_FACE ( 'NONE', ( #5812 ), #522, .T. ) ;
#2354 = ORIENTED_EDGE ( 'NONE', *, *, #2685, .F. ) ;
#2355 = CARTESIAN_POINT ( 'NONE',  ( -56.99090833947008150, 47.16642294966062821, 0.000000000000000000 ) ) ;
#2356 = EDGE_CURVE ( 'NONE', #3856, #5620, #3640, .T. ) ;
#2357 = DIRECTION ( 'NONE',  ( 0.000000000000000000, 0.000000000000000000, 1.000000000000000000 ) ) ;
#2358 = EDGE_LOOP ( 'NONE', ( #7657, #3010, #6566, #6079 ) ) ;
#2359 = VECTOR ( 'NONE', #7247, 1000.000000000000000 ) ;
#2360 = VECTOR ( 'NONE', #7311, 999.9999999999998863 ) ;
#2361 = ADVANCED_FACE ( 'NONE', ( #6405 ), #7793, .T. ) ;
#2362 = CARTESIAN_POINT ( 'NONE',  ( 61.99999999999993605, 40.11658075373093624, 2.000000000000000000 ) ) ;
#2363 = CIRCLE ( 'NONE', #7158, 1.649999999999998579 ) ;
#2364 = ORIENTED_EDGE ( 'NONE', *, *, #7558, .F. ) ;
#2365 = ORIENTED_EDGE ( 'NONE', *, *, #3508, .F. ) ;
#2366 = CONICAL_SURFACE ( 'NONE', #7543, 2.000000000000000888, 0.7853981633974482790 ) ;
#2367 = DIRECTION ( 'NONE',  ( 0.000000000000000000, 0.000000000000000000, 1.000000000000000000 ) ) ;
#2368 = CARTESIAN_POINT ( 'NONE',  ( -64.99999999999998579, -31.49999999999991829, -2.000000000000000000 ) ) ;
#2369 = AXIS2_PLACEMENT_3D ( 'NONE', #3168, #1349, #2158 ) ;
#2370 = CARTESIAN_POINT ( 'NONE',  ( 26.99999999999999645, 49.98575841387692265, 2.000000000000000000 ) ) ;
#2371 = AXIS2_PLACEMENT_3D ( 'NONE', #1548, #5776, #5697 ) ;
#2372 = ORIENTED_EDGE ( 'NONE', *, *, #1387, .T. ) ;
#2373 = AXIS2_PLACEMENT_3D ( 'NONE', #2306, #6430, #1014 ) ;
#2374 = ORIENTED_EDGE ( 'NONE', *, *, #1649, .T. ) ;
#2375 = CARTESIAN_POINT ( 'NONE',  ( 64.99999999999995737, 38.50000000000000711, -20.62223663640860494 ) ) ;
#2376 = CARTESIAN_POINT ( 'NONE',  ( 1.962405932198763026E-14, -26.16274646641389268, -8.511675595743399825 ) ) ;
#2377 = CARTESIAN_POINT ( 'NONE',  ( 2.000000000000009326, -34.56274646641389836, 0.000000000000000000 ) ) ;
#2378 = AXIS2_PLACEMENT_3D ( 'NONE', #1573, #4024, #4102 ) ;
#2379 = DIRECTION ( 'NONE',  ( 1.000000000000000000, 0.000000000000000000, 0.000000000000000000 ) ) ;
#2380 = PLANE ( 'NONE',  #3064 ) ;
#2381 = FACE_OUTER_BOUND ( 'NONE', #2118, .T. ) ;
#2382 = EDGE_CURVE ( 'NONE', #6796, #876, #7046, .T. ) ;
#2383 = ORIENTED_EDGE ( 'NONE', *, *, #5381, .F. ) ;
#2384 = ORIENTED_EDGE ( 'NONE', *, *, #1638, .T. ) ;
#2385 = LINE ( 'NONE', #4795, #6669 ) ;
#2386 = DIRECTION ( 'NONE',  ( -0.000000000000000000, -0.000000000000000000, -1.000000000000000000 ) ) ;
#2387 = ORIENTED_EDGE ( 'NONE', *, *, #4983, .T. ) ;
#2388 = LINE ( 'NONE', #2948, #1995 ) ;
#2389 = CARTESIAN_POINT ( 'NONE',  ( 61.99999999999995026, -36.76794919243111792, 2.000000000000000000 ) ) ;
#2390 = PLANE ( 'NONE',  #672 ) ;
#2391 = DIRECTION ( 'NONE',  ( -0.000000000000000000, -0.000000000000000000, 1.000000000000000000 ) ) ;
#2392 = LINE ( 'NONE', #2953, #871 ) ;
#2393 = DIRECTION ( 'NONE',  ( -0.000000000000000000, -0.000000000000000000, 1.000000000000000000 ) ) ;
#2394 = ORIENTED_EDGE ( 'NONE', *, *, #1687, .F. ) ;
#2395 = EDGE_CURVE ( 'NONE', #2632, #6331, #1069, .T. ) ;
#2396 = EDGE_CURVE ( 'NONE', #3423, #4110, #6122, .T. ) ;
#2397 = ORIENTED_EDGE ( 'NONE', *, *, #7050, .T. ) ;
#2398 = CARTESIAN_POINT ( 'NONE',  ( 56.26366883718439027, 39.50303076326488139, -4.507325027676775342 ) ) ;
#2399 = CARTESIAN_POINT ( 'NONE',  ( 32.00000000000000000, 53.98575841387692265, 2.000000000000000000 ) ) ;
#2400 = EDGE_LOOP ( 'NONE', ( #2549, #5251, #6258, #5924 ) ) ;
#2401 = VECTOR ( 'NONE', #7500, 1000.000000000000000 ) ;
#2402 = EDGE_CURVE ( 'NONE', #218, #7724, #121, .T. ) ;
#2403 = CARTESIAN_POINT ( 'NONE',  ( -63.00000000000001421, 31.49999999999997868, -6.019890110719554599 ) ) ;
#2404 = AXIS2_PLACEMENT_3D ( 'NONE', #4282, #7124, #4837 ) ;
#2405 = ORIENTED_EDGE ( 'NONE', *, *, #4944, .F. ) ;
#2406 = EDGE_CURVE ( 'NONE', #2190, #3323, #2967, .T. ) ;
#2407 = FACE_OUTER_BOUND ( 'NONE', #1377, .T. ) ;
#2408 = DIRECTION ( 'NONE',  ( 1.000000000000000000, 0.000000000000000000, 0.000000000000000000 ) ) ;
#2409 = EDGE_CURVE ( 'NONE', #5986, #7685, #7630, .T. ) ;
#2410 = CARTESIAN_POINT ( 'NONE',  ( -55.11222868302973410, 49.28774329322028080, 2.000000000000000000 ) ) ;
#2411 = ORIENTED_EDGE ( 'NONE', *, *, #2153, .T. ) ;
#2412 = ORIENTED_EDGE ( 'NONE', *, *, #3763, .F. ) ;
#2413 = CARTESIAN_POINT ( 'NONE',  ( -63.00000000000000000, 33.77278170635818100, -8.167106781186545206 ) ) ;
#2414 = CARTESIAN_POINT ( 'NONE',  ( 66.99999999999991473, -33.00616610945208862, -7.461080156552564624 ) ) ;
#2415 = ADVANCED_FACE ( 'NONE', ( #5971 ), #1618, .F. ) ;
#2416 = AXIS2_PLACEMENT_3D ( 'NONE', #5063, #7474, #4464 ) ;
#2417 = DIRECTION ( 'NONE',  ( 0.000000000000000000, 0.000000000000000000, -1.000000000000000000 ) ) ;
#2418 = LINE ( 'NONE', #5423, #1430 ) ;
#2419 = CARTESIAN_POINT ( 'NONE',  ( -56.33933668837544673, 39.62292815523609590, -4.567650531059340935 ) ) ;
#2420 = ORIENTED_EDGE ( 'NONE', *, *, #1877, .F. ) ;
#2421 = VECTOR ( 'NONE', #4249, 1000.000000000000000 ) ;
#2422 = EDGE_LOOP ( 'NONE', ( #5349, #5548 ) ) ;
#2423 = CARTESIAN_POINT ( 'NONE',  ( 66.99999999999992895, 33.77278170635818810, -8.167106781186546982 ) ) ;
#2424 = LINE ( 'NONE', #5509, #7511 ) ;
#2425 = VERTEX_POINT ( 'NONE', #5258 ) ;
#2426 = CARTESIAN_POINT ( 'NONE',  ( 60.96703647118346225, 40.54226985820129414, -8.459999999999991971 ) ) ;
#2427 = CARTESIAN_POINT ( 'NONE',  ( 57.99999999999996447, 40.50000000000000711, -6.019890110719553711 ) ) ;
#2428 = AXIS2_PLACEMENT_3D ( 'NONE', #2429, #1839, #4959 ) ;
#2429 = CARTESIAN_POINT ( 'NONE',  ( -67.79999999999996874, 40.11658075373094334, -6.400000000000001243 ) ) ;
#2430 = VECTOR ( 'NONE', #3606, 1000.000000000000000 ) ;
#2431 =( LENGTH_UNIT ( ) NAMED_UNIT ( * ) SI_UNIT ( .MILLI., .METRE. ) );
#2432 = CARTESIAN_POINT ( 'NONE',  ( -64.99999999999994316, -38.49999999999996447, 0.000000000000000000 ) ) ;
#2433 = PLANE ( 'NONE',  #6149 ) ;
#2434 = EDGE_LOOP ( 'NONE', ( #4928, #5838, #5048, #506 ) ) ;
#2435 = ORIENTED_EDGE ( 'NONE', *, *, #1143, .T. ) ;
#2436 = CONICAL_SURFACE ( 'NONE', #5716, 3.000000000000002665, 0.7853981633974331800 ) ;
#2437 = VERTEX_POINT ( 'NONE', #5375 ) ;
#2438 = CARTESIAN_POINT ( 'NONE',  ( -1.999999999999973133, -34.56274646641389836, 0.000000000000000000 ) ) ;
#2439 = VECTOR ( 'NONE', #1790, 1000.000000000000000 ) ;
#2440 = CARTESIAN_POINT ( 'NONE',  ( 60.27278170635818810, -36.49999999999999289, -8.167106781186575404 ) ) ;
#2441 = ORIENTED_EDGE ( 'NONE', *, *, #405, .F. ) ;
#2442 = EDGE_CURVE ( 'NONE', #7513, #1, #3014, .T. ) ;
#2444 = EDGE_CURVE ( 'NONE', #3532, #4971, #3434, .T. ) ;
#2443 = AXIS2_PLACEMENT_3D ( 'NONE', #5450, #5413, #6561 ) ;
#2445 = CARTESIAN_POINT ( 'NONE',  ( -64.99999999999995737, -38.49999999999995026, -8.459999999999991971 ) ) ;
#2446 = ORIENTED_EDGE ( 'NONE', *, *, #3196, .T. ) ;
#2447 = CARTESIAN_POINT ( 'NONE',  ( 4.000000000000022204, -28.22429927922271631, 1.000000000000000888 ) ) ;
#2448 = CARTESIAN_POINT ( 'NONE',  ( -64.99999999999994316, -38.49999999999996447, -20.62223663640860494 ) ) ;
#2449 = DIRECTION ( 'NONE',  ( -0.000000000000000000, 0.000000000000000000, -1.000000000000000000 ) ) ;
#2450 = ORIENTED_EDGE ( 'NONE', *, *, #1868, .T. ) ;
#2451 = ADVANCED_FACE ( 'NONE', ( #1150 ), #2846, .T. ) ;
#2452 = EDGE_LOOP ( 'NONE', ( #2840, #1022, #966, #4542, #3474 ) ) ;
#2453 = CARTESIAN_POINT ( 'NONE',  ( -60.63078954500931417, 35.49999999999998579, 0.000000000000000000 ) ) ;
#2454 = CARTESIAN_POINT ( 'NONE',  ( 73.00000000000001421, -41.50000000000000000, 2.000000000000000000 ) ) ;
#2455 = EDGE_CURVE ( 'NONE', #768, #3323, #7432, .T. ) ;
#2456 = CYLINDRICAL_SURFACE ( 'NONE', #1928, 4.299999999999998046 ) ;
#2457 = DIRECTION ( 'NONE',  ( 1.000000000000000000, 0.000000000000000000, 0.000000000000000000 ) ) ;
#2458 = PLANE ( 'NONE',  #6156 ) ;
#2459 = ORIENTED_EDGE ( 'NONE', *, *, #1949, .T. ) ;
#2460 = EDGE_CURVE ( 'NONE', #2766, #4595, #5660, .T. ) ;
#2461 = VERTEX_POINT ( 'NONE', #5338 ) ;
#2462 = CARTESIAN_POINT ( 'NONE',  ( -66.99999999999994316, 33.77278170635818810, -8.167106781186573627 ) ) ;
#2463 = LINE ( 'NONE', #7326, #2210 ) ;
#2464 = ORIENTED_EDGE ( 'NONE', *, *, #7090, .T. ) ;
#2465 = DIRECTION ( 'NONE',  ( 1.000000000000000000, 0.000000000000000000, 0.000000000000000000 ) ) ;
#2466 = CARTESIAN_POINT ( 'NONE',  ( -3.999999999999976019, -24.10119365360506904, 0.000000000000000000 ) ) ;
#2467 = DIRECTION ( 'NONE',  ( -0.8660254037844381525, -0.5000000000000009992, 0.000000000000000000 ) ) ;
#2468 = DIRECTION ( 'NONE',  ( 0.000000000000000000, 0.000000000000000000, 1.000000000000000000 ) ) ;
#2469 = DIRECTION ( 'NONE',  ( -1.000000000000000000, 0.000000000000000000, 0.000000000000000000 ) ) ;
#2470 = CARTESIAN_POINT ( 'NONE',  ( 65.50000000000000000, -36.49999999999999289, -2.000000000000000000 ) ) ;
#2471 = ORIENTED_EDGE ( 'NONE', *, *, #1974, .T. ) ;
#2472 = AXIS2_PLACEMENT_3D ( 'NONE', #5262, #956, #6999 ) ;
#2473 = ORIENTED_EDGE ( 'NONE', *, *, #129, .F. ) ;
#2474 = DIRECTION ( 'NONE',  ( 0.000000000000000000, -1.000000000000000000, 0.000000000000000000 ) ) ;
#2475 = DIRECTION ( 'NONE',  ( -0.000000000000000000, -0.000000000000000000, 1.000000000000000000 ) ) ;
#2476 = ORIENTED_EDGE ( 'NONE', *, *, #4759, .F. ) ;
#2477 = CIRCLE ( 'NONE', #4109, 1.000000000000000222 ) ;
#2478 = ADVANCED_FACE ( 'NONE', ( #4108 ), #3520, .T. ) ;
#2479 = CARTESIAN_POINT ( 'NONE',  ( -62.95773014179871296, -34.46703647118342673, -8.459999999999991971 ) ) ;
#2480 = AXIS2_PLACEMENT_3D ( 'NONE', #4532, #5685, #279 ) ;
#2481 = ORIENTED_EDGE ( 'NONE', *, *, #51, .F. ) ;
#2482 = AXIS2_PLACEMENT_3D ( 'NONE', #574, #5344, #7758 ) ;
#2483 = DIRECTION ( 'NONE',  ( 1.000000000000000000, 0.000000000000000000, 0.000000000000000000 ) ) ;
#2484 = DIRECTION ( 'NONE',  ( 0.000000000000000000, 0.000000000000000000, -1.000000000000000000 ) ) ;
#2485 = AXIS2_PLACEMENT_3D ( 'NONE', #5187, #2185, #304 ) ;
#2486 = DIRECTION ( 'NONE',  ( 0.8660254037844393737, -0.4999999999999986677, 0.000000000000000000 ) ) ;
#2487 = ORIENTED_EDGE ( 'NONE', *, *, #6170, .T. ) ;
#2488 = EDGE_CURVE ( 'NONE', #5330, #5369, #7680, .T. ) ;
#2489 = ORIENTED_EDGE ( 'NONE', *, *, #4142, .F. ) ;
#2490 = CARTESIAN_POINT ( 'NONE',  ( 58.75134444885772211, -40.49999999999999289, -6.742325791223277243 ) ) ;
#2491 = LINE ( 'NONE', #721, #4693 ) ;
#2492 = CARTESIAN_POINT ( 'NONE',  ( -61.99999999999995737, -40.23205080756885366, 2.000000000000000000 ) ) ;
#2493 = ADVANCED_FACE ( 'NONE', ( #6774 ), #870, .T. ) ;
#2494 = DIRECTION ( 'NONE',  ( 0.000000000000000000, 1.000000000000000000, 0.000000000000000000 ) ) ;
#2495 = CIRCLE ( 'NONE', #6287, 1.649999999999998579 ) ;
#2496 = CARTESIAN_POINT ( 'NONE',  ( 8.000000000000000000, 53.98575841387692265, 2.000000000000000000 ) ) ;
#2497 = EDGE_CURVE ( 'NONE', #6904, #6440, #4797, .T. ) ;
#2498 = ORIENTED_EDGE ( 'NONE', *, *, #318, .F. ) ;
#2499 = ORIENTED_EDGE ( 'NONE', *, *, #2717, .T. ) ;
#2500 = DIRECTION ( 'NONE',  ( -0.000000000000000000, -0.000000000000000000, -1.000000000000000000 ) ) ;
#2501 = FACE_OUTER_BOUND ( 'NONE', #6381, .T. ) ;
#2502 = ORIENTED_EDGE ( 'NONE', *, *, #7143, .T. ) ;
#2503 = LINE ( 'NONE', #1909, #1035 ) ;
#2504 = AXIS2_PLACEMENT_3D ( 'NONE', #7669, #2248, #7072 ) ;
#2505 = DIRECTION ( 'NONE',  ( 1.000000000000000000, 0.000000000000000000, 0.000000000000000000 ) ) ;
#2506 = VECTOR ( 'NONE', #2143, 1000.000000000000000 ) ;
#2507 = LINE ( 'NONE', #661, #2169 ) ;
#2508 = EDGE_CURVE ( 'NONE', #3380, #1415, #3728, .T. ) ;
#2509 = DIRECTION ( 'NONE',  ( -0.000000000000000000, -0.000000000000000000, 1.000000000000000000 ) ) ;
#2510 = DIRECTION ( 'NONE',  ( -0.000000000000000000, -0.000000000000000000, 1.000000000000000000 ) ) ;
#2511 = DIRECTION ( 'NONE',  ( -0.000000000000000000, -0.000000000000000000, 1.000000000000000000 ) ) ;
#2512 = ORIENTED_EDGE ( 'NONE', *, *, #3210, .T. ) ;
#2513 = EDGE_CURVE ( 'NONE', #3717, #5638, #2334, .T. ) ;
#2514 = VERTEX_POINT ( 'NONE', #4875 ) ;
#2515 = AXIS2_PLACEMENT_3D ( 'NONE', #5288, #4613, #4577 ) ;
#2516 = ORIENTED_EDGE ( 'NONE', *, *, #4900, .F. ) ;
#2517 = CARTESIAN_POINT ( 'NONE',  ( -67.49999999999997158, -49.00000000000000000, 2.000000000000000000 ) ) ;
#2518 = CARTESIAN_POINT ( 'NONE',  ( 10.99999999999999645, 50.98575841387691554, 2.000000000000000000 ) ) ;
#2519 = ORIENTED_EDGE ( 'NONE', *, *, #3411, .T. ) ;
#2520 = CARTESIAN_POINT ( 'NONE',  ( -63.66246844987133358, 30.00673875017866621, -4.702890163617211350 ) ) ;
#2521 = DIRECTION ( 'NONE',  ( -1.000000000000000000, 0.000000000000000000, 0.000000000000000000 ) ) ;
#2522 = AXIS2_PLACEMENT_3D ( 'NONE', #7085, #6380, #5867 ) ;
#2523 = ORIENTED_EDGE ( 'NONE', *, *, #4753, .F. ) ;
#2524 = DIRECTION ( 'NONE',  ( 0.5000000000000012212, 0.8660254037844380415, 0.000000000000000000 ) ) ;
#2525 = CARTESIAN_POINT ( 'NONE',  ( 2.000000000000016431, -33.56274646641389836, 1.000000000000000888 ) ) ;
#2526 = VECTOR ( 'NONE', #7807, 1000.000000000000000 ) ;
#2527 = PLANE ( 'NONE',  #349 ) ;
#2528 = ORIENTED_EDGE ( 'NONE', *, *, #1821, .T. ) ;
#2529 = ORIENTED_EDGE ( 'NONE', *, *, #4392, .T. ) ;
#2530 = CARTESIAN_POINT ( 'NONE',  ( 4.000000000000022204, -28.22429927922271631, 0.000000000000000000 ) ) ;
#2531 = CARTESIAN_POINT ( 'NONE',  ( 12.99999999999999822, 47.98575841387692975, 2.000000000000000000 ) ) ;
#2532 = EDGE_CURVE ( 'NONE', #3251, #200, #5550, .T. ) ;
#2533 = CARTESIAN_POINT ( 'NONE',  ( -67.99999999999997158, 40.11658075373094334, 2.000000000000000000 ) ) ;
#2534 = DIRECTION ( 'NONE',  ( 0.000000000000000000, 0.000000000000000000, 1.000000000000000000 ) ) ;
#2535 = EDGE_CURVE ( 'NONE', #3760, #3449, #3609, .T. ) ;
#2536 = DIRECTION ( 'NONE',  ( 0.000000000000000000, 0.000000000000000000, -1.000000000000000000 ) ) ;
#2537 = ORIENTED_EDGE ( 'NONE', *, *, #1881, .F. ) ;
#2538 = ORIENTED_EDGE ( 'NONE', *, *, #1281, .T. ) ;
#2539 = CARTESIAN_POINT ( 'NONE',  ( 62.99999999999998579, 34.13078954500929285, 0.000000000000000000 ) ) ;
#2540 = CARTESIAN_POINT ( 'NONE',  ( -60.63078954500929996, 41.49999999999998579, 0.000000000000000000 ) ) ;
#2541 = LINE ( 'NONE', #5432, #1658 ) ;
#2542 = DIRECTION ( 'NONE',  ( -1.000000000000000000, 0.000000000000000000, 0.000000000000000000 ) ) ;
#2543 = CARTESIAN_POINT ( 'NONE',  ( 60.63078954500927154, -40.49999999999999289, -8.385224927784188154 ) ) ;
#2544 = DIRECTION ( 'NONE',  ( -0.000000000000000000, 0.000000000000000000, 1.000000000000000000 ) ) ;
#2545 = LINE ( 'NONE', #32, #2007 ) ;
#2546 = DIRECTION ( 'NONE',  ( 0.000000000000000000, 0.000000000000000000, 1.000000000000000000 ) ) ;
#2547 = CONICAL_SURFACE ( 'NONE', #4814, 3.000000000000002665, 0.7853981633974331800 ) ;
#2548 = ORIENTED_EDGE ( 'NONE', *, *, #1530, .F. ) ;
#2549 = ORIENTED_EDGE ( 'NONE', *, *, #6619, .T. ) ;
#2550 = VERTEX_POINT ( 'NONE', #6106 ) ;
#2551 = CARTESIAN_POINT ( 'NONE',  ( -66.99999999999994316, -34.29415766288853007, -8.446140753706965043 ) ) ;
#2552 = EDGE_CURVE ( 'NONE', #1757, #23, #4362, .T. ) ;
#2553 = AXIS2_PLACEMENT_3D ( 'NONE', #1512, #2700, #5632 ) ;
#2554 = DIRECTION ( 'NONE',  ( -0.000000000000000000, -0.000000000000000000, -1.000000000000000000 ) ) ;
#2555 = CARTESIAN_POINT ( 'NONE',  ( -66.99999999999994316, -33.77278170635814547, -8.167106781186543429 ) ) ;
#2556 = CIRCLE ( 'NONE', #6218, 1.649999999999998579 ) ;
#2557 = ADVANCED_FACE ( 'NONE', ( #1362 ), #5249, .F. ) ;
#2558 = VECTOR ( 'NONE', #4947, 1000.000000000000000 ) ;
#2559 = ORIENTED_EDGE ( 'NONE', *, *, #2694, .T. ) ;
#2560 = CARTESIAN_POINT ( 'NONE',  ( 27.99999999999999645, 50.98575841387691554, 0.9999999999999715783 ) ) ;
#2561 = ADVANCED_FACE ( 'NONE', ( #657 ), #4213, .T. ) ;
#2562 = FACE_OUTER_BOUND ( 'NONE', #5572, .T. ) ;
#2563 = ORIENTED_EDGE ( 'NONE', *, *, #201, .T. ) ;
#2564 = CIRCLE ( 'NONE', #6979, 4.425786437626963554 ) ;
#2565 = AXIS2_PLACEMENT_3D ( 'NONE', #7450, #6777, #3290 ) ;
#2566 = CARTESIAN_POINT ( 'NONE',  ( 65.50000000000000000, -48.00000000000000000, 2.000000000000000000 ) ) ;
#2567 = CARTESIAN_POINT ( 'NONE',  ( -62.19999999999999574, 40.11658075373094334, 2.000000000000000000 ) ) ;
#2568 = CIRCLE ( 'NONE', #1558, 0.2000000000000057288 ) ;
#2569 = LINE ( 'NONE', #4939, #7538 ) ;
#2570 = EDGE_LOOP ( 'NONE', ( #4155, #2243, #1631, #2869 ) ) ;
#2571 = ORIENTED_EDGE ( 'NONE', *, *, #4694, .F. ) ;
#2572 = DIRECTION ( 'NONE',  ( 0.000000000000000000, 0.000000000000000000, -1.000000000000000000 ) ) ;
#2573 = CARTESIAN_POINT ( 'NONE',  ( -2.999999999999980460, 0.000000000000000000, 2.000000000000000000 ) ) ;
#2574 = DIRECTION ( 'NONE',  ( 0.000000000000000000, 0.000000000000000000, -1.000000000000000000 ) ) ;
#2575 = DIRECTION ( 'NONE',  ( 1.000000000000000000, 0.000000000000000000, 0.000000000000000000 ) ) ;
#2576 = ORIENTED_EDGE ( 'NONE', *, *, #1262, .T. ) ;
#2577 = ADVANCED_FACE ( 'NONE', ( #1206 ), #3058, .T. ) ;
#2578 = ORIENTED_EDGE ( 'NONE', *, *, #1108, .F. ) ;
#2579 = FACE_OUTER_BOUND ( 'NONE', #4402, .T. ) ;
#2580 = DIRECTION ( 'NONE',  ( 0.000000000000000000, 1.000000000000000000, 0.000000000000000000 ) ) ;
#2581 = CARTESIAN_POINT ( 'NONE',  ( 60.63078954500928575, 40.50000000000001421, -8.385224927784193483 ) ) ;
#2582 = CARTESIAN_POINT ( 'NONE',  ( 56.99090833947008150, 46.00000000000000000, 2.000000000000000000 ) ) ;
#2583 = AXIS2_PLACEMENT_3D ( 'NONE', #1760, #1715, #2949 ) ;
#2584 = DIRECTION ( 'NONE',  ( 1.000000000000000000, 0.000000000000000000, 0.000000000000000000 ) ) ;
#2585 = DIRECTION ( 'NONE',  ( 1.000000000000000000, 0.000000000000000000, 0.000000000000000000 ) ) ;
#2586 = CARTESIAN_POINT ( 'NONE',  ( -3.999999999999981792, -28.22429927922271986, 0.000000000000000000 ) ) ;
#2587 = CARTESIAN_POINT ( 'NONE',  ( -65.00000000000000000, 38.49999999999999289, -8.459999999999991971 ) ) ;
#2588 = EDGE_LOOP ( 'NONE', ( #6744, #6588, #6671, #4472 ) ) ;
#2589 = VERTEX_POINT ( 'NONE', #67 ) ;
#2590 = ORIENTED_EDGE ( 'NONE', *, *, #6813, .T. ) ;
#2591 = CARTESIAN_POINT ( 'NONE',  ( 67.99999999999995737, -40.23205080756887497, -6.400000000000001243 ) ) ;
#2592 = ORIENTED_EDGE ( 'NONE', *, *, #3575, .T. ) ;
#2593 = EDGE_CURVE ( 'NONE', #5494, #6422, #2424, .T. ) ;
#2594 = CARTESIAN_POINT ( 'NONE',  ( -27.00000000000000355, 48.98575841387692265, 2.000000000000000000 ) ) ;
#2595 = CARTESIAN_POINT ( 'NONE',  ( 67.89999999999997726, 40.28978583448783013, 2.000000000000000000 ) ) ;
#2596 = ADVANCED_FACE ( 'NONE', ( #2501 ), #7252, .F. ) ;
#2597 = CIRCLE ( 'NONE', #2472, 4.000000000000000000 ) ;
#2598 = EDGE_LOOP ( 'NONE', ( #3353, #1494, #1679, #5728 ) ) ;
#2599 = EDGE_CURVE ( 'NONE', #1045, #3398, #2463, .T. ) ;
#2600 = CARTESIAN_POINT ( 'NONE',  ( -56.60075235308844555, -37.06506040828296733, -4.779659700475638040 ) ) ;
#2601 = CIRCLE ( 'NONE', #3612, 3.999999999999996447 ) ;
#2602 = DIRECTION ( 'NONE',  ( 1.000000000000000000, 0.000000000000000000, 0.000000000000000000 ) ) ;
#2603 = ORIENTED_EDGE ( 'NONE', *, *, #7520, .T. ) ;
#2604 = CIRCLE ( 'NONE', #1712, 0.1999999999999987899 ) ;
#2605 = AXIS2_PLACEMENT_3D ( 'NONE', #2193, #6428, #7691 ) ;
#2606 = CARTESIAN_POINT ( 'NONE',  ( -57.99999999999999289, 40.49999999999998579, -2.000000000000000000 ) ) ;
#2607 = ADVANCED_FACE ( 'NONE', ( #1872 ), #4283, .F. ) ;
#2608 = CARTESIAN_POINT ( 'NONE',  ( -65.00000000000000000, 38.49999999999999289, -8.459999999999991971 ) ) ;
#2609 = CARTESIAN_POINT ( 'NONE',  ( -62.09999999999995168, -40.28978583448781592, -6.400000000000001243 ) ) ;
#2610 = CIRCLE ( 'NONE', #3487, 1.649999999999998579 ) ;
#2611 = ORIENTED_EDGE ( 'NONE', *, *, #4029, .F. ) ;
#2612 = VERTEX_POINT ( 'NONE', #692 ) ;
#2613 = CARTESIAN_POINT ( 'NONE',  ( 3.000000000000020428, -19.76274646641390476, 1.000000000000000888 ) ) ;
#2614 = CIRCLE ( 'NONE', #5017, 1.999999999999974021 ) ;
#2615 = DIRECTION ( 'NONE',  ( 0.000000000000000000, -1.000000000000000000, 0.000000000000000000 ) ) ;
#2616 = CARTESIAN_POINT ( 'NONE',  ( -62.09999999999999432, 40.28978583448783723, 2.000000000000000000 ) ) ;
#2617 = ORIENTED_EDGE ( 'NONE', *, *, #3079, .T. ) ;
#2618 = ORIENTED_EDGE ( 'NONE', *, *, #6838, .T. ) ;
#2619 = CARTESIAN_POINT ( 'NONE',  ( -60.63078954500928575, -36.49999999999991473, -8.385224927784191706 ) ) ;
#2620 = LINE ( 'NONE', #2031, #6265 ) ;
#2621 = DIRECTION ( 'NONE',  ( 0.000000000000000000, 1.000000000000000000, 0.000000000000000000 ) ) ;
#2622 = DIRECTION ( 'NONE',  ( -0.000000000000000000, -0.000000000000000000, 1.000000000000000000 ) ) ;
#2623 = CIRCLE ( 'NONE', #4010, 1.000000000000000888 ) ;
#2624 = CARTESIAN_POINT ( 'NONE',  ( 67.89999999999996305, -36.71021416551216277, 2.000000000000000000 ) ) ;
#2625 = CONICAL_SURFACE ( 'NONE', #1239, 2.000000000000001776, 0.7853981633974346233 ) ;
#2626 = DIRECTION ( 'NONE',  ( -1.000000000000000000, 0.000000000000000000, 0.000000000000000000 ) ) ;
#2627 =( NAMED_UNIT ( * ) PLANE_ANGLE_UNIT ( ) SI_UNIT ( $, .RADIAN. ) );
#2628 = EDGE_CURVE ( 'NONE', #658, #915, #1907, .T. ) ;
#2629 = CARTESIAN_POINT ( 'NONE',  ( 56.01792459747959896, -38.19262830182203317, -4.313911490792743386 ) ) ;
#2630 = ORIENTED_EDGE ( 'NONE', *, *, #4508, .F. ) ;
#2631 = ORIENTED_EDGE ( 'NONE', *, *, #5985, .T. ) ;
#2632 = VERTEX_POINT ( 'NONE', #185 ) ;
#2633 = CARTESIAN_POINT ( 'NONE',  ( -67.12726059530533007, -34.61897591464003199, -8.459999999999991971 ) ) ;
#2634 = VECTOR ( 'NONE', #5892, 1000.000000000000000 ) ;
#2635 = ORIENTED_EDGE ( 'NONE', *, *, #5425, .T. ) ;
#2636 = FACE_OUTER_BOUND ( 'NONE', #3460, .T. ) ;
#2637 = CARTESIAN_POINT ( 'NONE',  ( 8.000000000000000000, 50.98575841387691554, 0.9999999999999713562 ) ) ;
#2638 = EDGE_CURVE ( 'NONE', #2946, #6130, #3217, .T. ) ;
#2639 = CARTESIAN_POINT ( 'NONE',  ( -62.00000000000000000, 36.88341924626904955, -6.400000000000001243 ) ) ;
#2640 = ORIENTED_EDGE ( 'NONE', *, *, #5625, .T. ) ;
#2641 = ADVANCED_FACE ( 'NONE', ( #6228, #7447 ), #1440, .T. ) ;
#2642 = LINE ( 'NONE', #2762, #5257 ) ;
#2643 = DIRECTION ( 'NONE',  ( -0.000000000000000000, -0.000000000000000000, -1.000000000000000000 ) ) ;
#2644 = VERTEX_POINT ( 'NONE', #222 ) ;
#2645 = ORIENTED_EDGE ( 'NONE', *, *, #6510, .F. ) ;
#2646 = EDGE_CURVE ( 'NONE', #1295, #5114, #3253, .T. ) ;
#2647 = DIRECTION ( 'NONE',  ( -0.000000000000000000, 0.000000000000000000, -1.000000000000000000 ) ) ;
#2648 = EDGE_CURVE ( 'NONE', #2755, #6796, #5666, .T. ) ;
#2649 = VECTOR ( 'NONE', #6906, 1000.000000000000000 ) ;
#2650 = CARTESIAN_POINT ( 'NONE',  ( 63.34999999999997300, 38.50000000000002842, -8.459999999999991971 ) ) ;
#2651 = DIRECTION ( 'NONE',  ( -0.000000000000000000, -0.000000000000000000, 1.000000000000000000 ) ) ;
#2652 = ORIENTED_EDGE ( 'NONE', *, *, #3020, .T. ) ;
#2653 = ORIENTED_EDGE ( 'NONE', *, *, #6261, .F. ) ;
#2654 = CARTESIAN_POINT ( 'NONE',  ( 67.99999999999997158, 36.76794919243110371, -6.400000000000001243 ) ) ;
#2655 = DIRECTION ( 'NONE',  ( -0.000000000000000000, 0.000000000000000000, 1.000000000000000000 ) ) ;
#2656 = EDGE_CURVE ( 'NONE', #568, #4248, #1508, .T. ) ;
#2657 = CARTESIAN_POINT ( 'NONE',  ( 67.99999999999995737, -40.11658075373095045, 2.000000000000000000 ) ) ;
#2658 = DIRECTION ( 'NONE',  ( 0.000000000000000000, 0.000000000000000000, -1.000000000000000000 ) ) ;
#2659 = ORIENTED_EDGE ( 'NONE', *, *, #2497, .T. ) ;
#2660 = PLANE ( 'NONE',  #5083 ) ;
#2661 = CARTESIAN_POINT ( 'NONE',  ( -74.99999999999998579, 37.50000000000000000, 0.9999999999999713562 ) ) ;
#2662 = PRODUCT_CONTEXT ( 'NONE', #4433, 'mechanical' ) ;
#2663 = CARTESIAN_POINT ( 'NONE',  ( 26.99999999999999645, 47.98575841387692265, 2.000000000000000000 ) ) ;
#2664 = ORIENTED_EDGE ( 'NONE', *, *, #5167, .T. ) ;
#2665 = ORIENTED_EDGE ( 'NONE', *, *, #7227, .T. ) ;
#2666 = DIRECTION ( 'NONE',  ( 1.000000000000000000, 0.000000000000000000, 0.000000000000000000 ) ) ;
#2667 = ORIENTED_EDGE ( 'NONE', *, *, #1039, .T. ) ;
#2668 = DIRECTION ( 'NONE',  ( 1.000000000000000000, 0.000000000000000000, 0.000000000000000000 ) ) ;
#2669 = CARTESIAN_POINT ( 'NONE',  ( -61.99999999999995737, -36.88341924626902113, 2.000000000000000000 ) ) ;
#2670 = CIRCLE ( 'NONE', #904, 0.2000000000000057288 ) ;
#2671 = ORIENTED_EDGE ( 'NONE', *, *, #2842, .T. ) ;
#2672 = CARTESIAN_POINT ( 'NONE',  ( -55.99999999999993605, -38.49999999999990763, -4.300000000000105516 ) ) ;
#2673 = AXIS2_PLACEMENT_3D ( 'NONE', #4075, #2972, #5934 ) ;
#2674 = EDGE_CURVE ( 'NONE', #6330, #3954, #2620, .T. ) ;
#2675 = DIRECTION ( 'NONE',  ( -0.000000000000000000, -0.000000000000000000, 1.000000000000000000 ) ) ;
#2676 = ORIENTED_EDGE ( 'NONE', *, *, #1262, .F. ) ;
#2677 = EDGE_CURVE ( 'NONE', #2425, #98, #2696, .T. ) ;
#2678 = VECTOR ( 'NONE', #1801, 999.9999999999998863 ) ;
#2679 = DIRECTION ( 'NONE',  ( 0.000000000000000000, 1.000000000000000000, 0.000000000000000000 ) ) ;
#2680 = CIRCLE ( 'NONE', #5086, 1.000000000000000000 ) ;
#2681 = CARTESIAN_POINT ( 'NONE',  ( -66.99999999999994316, -41.50000000000000000, -2.000000000000000000 ) ) ;
#2682 = VECTOR ( 'NONE', #617, 1000.000000000000227 ) ;
#2683 = ORIENTED_EDGE ( 'NONE', *, *, #3901, .T. ) ;
#2684 = ORIENTED_EDGE ( 'NONE', *, *, #7383, .F. ) ;
#2685 = EDGE_CURVE ( 'NONE', #37, #4913, #2731, .T. ) ;
#2686 = CARTESIAN_POINT ( 'NONE',  ( 61.45516887613958801, -40.93396226415093508, -8.459999999999991971 ) ) ;
#2687 = LINE ( 'NONE', #402, #280 ) ;
#2688 = VECTOR ( 'NONE', #6173, 1000.000000000000000 ) ;
#2689 = DIRECTION ( 'NONE',  ( -0.000000000000000000, -0.000000000000000000, 1.000000000000000000 ) ) ;
#2690 = EDGE_CURVE ( 'NONE', #7384, #3760, #3977, .T. ) ;
#2691 = ORIENTED_EDGE ( 'NONE', *, *, #4709, .F. ) ;
#2692 = AXIS2_PLACEMENT_3D ( 'NONE', #4559, #3968, #2710 ) ;
#2693 = ORIENTED_EDGE ( 'NONE', *, *, #2599, .F. ) ;
#2694 = EDGE_CURVE ( 'NONE', #1428, #2897, #3848, .T. ) ;
#2695 = CARTESIAN_POINT ( 'NONE',  ( 60.63078954500927864, 41.50000000000001421, -20.62223663640860494 ) ) ;
#2696 = LINE ( 'NONE', #3325, #4868 ) ;
#2697 = DIRECTION ( 'NONE',  ( -1.000000000000000000, 0.000000000000000000, 0.000000000000000000 ) ) ;
#2698 = PLANE ( 'NONE',  #7590 ) ;
#2699 = ORIENTED_EDGE ( 'NONE', *, *, #4098, .T. ) ;
#2700 = DIRECTION ( 'NONE',  ( -0.000000000000000000, -0.000000000000000000, -1.000000000000000000 ) ) ;
#2701 = CARTESIAN_POINT ( 'NONE',  ( -12.00000000000000178, 50.98575841387691554, 0.9999999999999713562 ) ) ;
#2702 = AXIS2_PLACEMENT_3D ( 'NONE', #7611, #3414, #3455 ) ;
#2703 = CARTESIAN_POINT ( 'NONE',  ( 4.000000000000022204, -28.22429927922271631, -8.511675595743399825 ) ) ;
#2704 = ADVANCED_FACE ( 'NONE', ( #7557 ), #5496, .T. ) ;
#2705 = ORIENTED_EDGE ( 'NONE', *, *, #6511, .F. ) ;
#2706 = ORIENTED_EDGE ( 'NONE', *, *, #3173, .F. ) ;
#2707 = DIRECTION ( 'NONE',  ( -0.000000000000000000, -0.000000000000000000, -1.000000000000000000 ) ) ;
#2708 = ORIENTED_EDGE ( 'NONE', *, *, #2455, .F. ) ;
#2709 = CARTESIAN_POINT ( 'NONE',  ( 64.99999999999995737, 35.26683849253807068, -6.400000000000001243 ) ) ;
#2710 = DIRECTION ( 'NONE',  ( -0.8660254037844384856, -0.5000000000000002220, 0.000000000000000000 ) ) ;
#2711 = ORIENTED_EDGE ( 'NONE', *, *, #3907, .T. ) ;
#2712 = CARTESIAN_POINT ( 'NONE',  ( -62.00000000000000000, -34.13078954500923601, 0.000000000000000000 ) ) ;
#2713 = CARTESIAN_POINT ( 'NONE',  ( 64.99999999999995737, -38.49999999999999289, -8.167106781186543429 ) ) ;
#2714 = ORIENTED_EDGE ( 'NONE', *, *, #7, .T. ) ;
#2715 = VECTOR ( 'NONE', #3177, 1000.000000000000114 ) ;
#2716 = CARTESIAN_POINT ( 'NONE',  ( -67.49999999999997158, 37.50000000000000000, 0.9999999999999713562 ) ) ;
#2717 = EDGE_CURVE ( 'NONE', #445, #4913, #6816, .T. ) ;
#2718 = CARTESIAN_POINT ( 'NONE',  ( 64.99999999999995737, 38.50000000000000711, 0.000000000000000000 ) ) ;
#2719 = CIRCLE ( 'NONE', #332, 5.132893218813508796 ) ;
#2720 = ORIENTED_EDGE ( 'NONE', *, *, #4393, .T. ) ;
#2721 = VECTOR ( 'NONE', #880, 1000.000000000000000 ) ;
#2722 = ORIENTED_EDGE ( 'NONE', *, *, #5112, .T. ) ;
#2723 = B_SPLINE_CURVE_WITH_KNOTS ( 'NONE', 3,
 ( #751, #4744, #3157, #2930 ),
 .UNSPECIFIED., .F., .F.,
 ( 4, 4 ),
 ( 7.757919228897728493E-18, 0.0004194706865624594659 ),
 .UNSPECIFIED. ) ;
#2724 = CARTESIAN_POINT ( 'NONE',  ( 32.00000000000000000, 53.98575841387692265, 2.000000000000000000 ) ) ;
#2725 = CARTESIAN_POINT ( 'NONE',  ( -63.00000000000000000, -41.50000000000000000, -2.000000000000000000 ) ) ;
#2726 = VECTOR ( 'NONE', #6115, 1000.000000000000000 ) ;
#2727 = EDGE_CURVE ( 'NONE', #5092, #5649, #2138, .T. ) ;
#2728 = ORIENTED_EDGE ( 'NONE', *, *, #4431, .T. ) ;
#2729 = ORIENTED_EDGE ( 'NONE', *, *, #764, .T. ) ;
#2730 = CARTESIAN_POINT ( 'NONE',  ( 26.99999999999999645, 48.98575841387692265, 0.000000000000000000 ) ) ;
#2731 = LINE ( 'NONE', #3918, #3347 ) ;
#2732 = CARTESIAN_POINT ( 'NONE',  ( -65.09999999999999432, 41.90636658821878058, 2.000000000000000000 ) ) ;
#2733 = LINE ( 'NONE', #1954, #6607 ) ;
#2734 = EDGE_CURVE ( 'NONE', #2190, #4321, #4997, .T. ) ;
#2735 = DIRECTION ( 'NONE',  ( -1.000000000000000000, -0.000000000000000000, 0.000000000000000000 ) ) ;
#2736 = VECTOR ( 'NONE', #5860, 999.9999999999998863 ) ;
#2737 = CARTESIAN_POINT ( 'NONE',  ( -63.00000000000001421, -31.27846866785812807, -5.806882429712427296 ) ) ;
#2738 = APPLICATION_PROTOCOL_DEFINITION ( 'draft international standard', 'automotive_design', 1998, #4433 ) ;
#2739 = CIRCLE ( 'NONE', #6523, 6.500000000000005329 ) ;
#2740 = DIRECTION ( 'NONE',  ( 0.8660254037844380415, 0.5000000000000013323, 0.000000000000000000 ) ) ;
#2741 = AXIS2_PLACEMENT_3D ( 'NONE', #6141, #4400, #2025 ) ;
#2742 = VERTEX_POINT ( 'NONE', #7483 ) ;
#2743 = EDGE_LOOP ( 'NONE', ( #7617, #4570, #2082, #2338 ) ) ;
#2744 = CARTESIAN_POINT ( 'NONE',  ( 62.99999999999997158, -33.77278170635818100, -8.167106781186546982 ) ) ;
#2745 = EDGE_LOOP ( 'NONE', ( #1135, #1806, #4456, #7444, #7547 ) ) ;
#2746 = CARTESIAN_POINT ( 'NONE',  ( 61.99999999999993605, 40.23205080756886787, 2.000000000000000000 ) ) ;
#2747 = DIRECTION ( 'NONE',  ( -0.000000000000000000, -0.000000000000000000, -1.000000000000000000 ) ) ;
#2748 = ADVANCED_FACE ( 'NONE', ( #1549 ), #5592, .T. ) ;
#2749 = DIRECTION ( 'NONE',  ( 1.000000000000000000, 0.000000000000000000, 0.000000000000000000 ) ) ;
#2750 = EDGE_CURVE ( 'NONE', #3485, #7794, #6885, .T. ) ;
#2751 = EDGE_LOOP ( 'NONE', ( #2833, #3468, #7569, #326 ) ) ;
#2752 = AXIS2_PLACEMENT_3D ( 'NONE', #3903, #5580, #4491 ) ;
#2753 = AXIS2_PLACEMENT_3D ( 'NONE', #3022, #5428, #3095 ) ;
#2754 = AXIS2_PLACEMENT_3D ( 'NONE', #265, #5743, #2036 ) ;
#2755 = VERTEX_POINT ( 'NONE', #4994 ) ;
#2756 = CARTESIAN_POINT ( 'NONE',  ( -56.89632840444992468, -40.18807631605874775, -5.024840702890705835 ) ) ;
#2757 = AXIS2_PLACEMENT_3D ( 'NONE', #4388, #3277, #3908 ) ;
#2758 = LINE ( 'NONE', #277, #3007 ) ;
#2759 = VERTEX_POINT ( 'NONE', #1403 ) ;
#2760 = ADVANCED_FACE ( 'NONE', ( #6297 ), #884, .T. ) ;
#2761 = AXIS2_PLACEMENT_3D ( 'NONE', #632, #4961, #3624 ) ;
#2762 = CARTESIAN_POINT ( 'NONE',  ( -73.99999999999998579, -41.50000000000000000, 2.000000000000000000 ) ) ;
#2763 = DIRECTION ( 'NONE',  ( 1.000000000000000000, 0.000000000000000000, 0.000000000000000000 ) ) ;
#2764 = AXIS2_PLACEMENT_3D ( 'NONE', #2712, #2012, #1383 ) ;
#2765 = ORIENTED_EDGE ( 'NONE', *, *, #2172, .T. ) ;
#2766 = VERTEX_POINT ( 'NONE', #6526 ) ;
#2767 = EDGE_CURVE ( 'NONE', #3489, #4111, #2850, .T. ) ;
#2768 = DIRECTION ( 'NONE',  ( -0.000000000000000000, -0.000000000000000000, 1.000000000000000000 ) ) ;
#2769 = FACE_OUTER_BOUND ( 'NONE', #2265, .T. ) ;
#2770 = VERTEX_POINT ( 'NONE', #7675 ) ;
#2771 = EDGE_LOOP ( 'NONE', ( #6076, #6431, #717, #82 ) ) ;
#2772 = DIRECTION ( 'NONE',  ( 0.000000000000000000, 0.000000000000000000, 1.000000000000000000 ) ) ;
#2773 = CARTESIAN_POINT ( 'NONE',  ( -62.19999999999996021, -36.88341924626902113, -6.400000000000001243 ) ) ;
#2774 = EDGE_CURVE ( 'NONE', #1537, #2946, #1115, .T. ) ;
#2775 = CARTESIAN_POINT ( 'NONE',  ( 67.79999999999996874, 36.88341924626903534, -6.400000000000001243 ) ) ;
#2776 = AXIS2_PLACEMENT_3D ( 'NONE', #3265, #6201, #6896 ) ;
#2777 = DIRECTION ( 'NONE',  ( 0.000000000000000000, 0.000000000000000000, -1.000000000000000000 ) ) ;
#2778 = ADVANCED_FACE ( 'NONE', ( #7114, #1073, #1698, #6369, #3439, #2253 ), #7710, .T. ) ;
#2779 = CARTESIAN_POINT ( 'NONE',  ( -64.99999999999995737, -38.49999999999995026, 0.000000000000000000 ) ) ;
#2780 = CARTESIAN_POINT ( 'NONE',  ( 2.000000000000023981, -32.56274646641389836, 0.000000000000000000 ) ) ;
#2781 = CARTESIAN_POINT ( 'NONE',  ( 52.99090833947008150, 47.16642294966062821, 0.9999999999999713562 ) ) ;
#2782 = AXIS2_PLACEMENT_3D ( 'NONE', #7251, #7722, #1871 ) ;
#2783 = EDGE_LOOP ( 'NONE', ( #159, #440, #5481 ) ) ;
#2784 = ORIENTED_EDGE ( 'NONE', *, *, #6475, .T. ) ;
#2785 = CARTESIAN_POINT ( 'NONE',  ( -66.99999999999994316, 34.13078954500927154, -8.385224927784188154 ) ) ;
#2786 = EDGE_LOOP ( 'NONE', ( #3808, #1192, #7354, #4785 ) ) ;
#2787 = CARTESIAN_POINT ( 'NONE',  ( 64.99999999999994316, -31.49999999999999289, -2.000000000000000000 ) ) ;
#2788 = DIRECTION ( 'NONE',  ( 1.000000000000000000, 0.000000000000000000, 0.000000000000000000 ) ) ;
#2789 = DIRECTION ( 'NONE',  ( 1.000000000000000000, 0.000000000000000000, -0.000000000000000000 ) ) ;
#2790 = CARTESIAN_POINT ( 'NONE',  ( -62.09999999999995168, -36.71021416551212724, 2.000000000000000000 ) ) ;
#2791 = ORIENTED_EDGE ( 'NONE', *, *, #2936, .F. ) ;
#2792 = ADVANCED_FACE ( 'NONE', ( #5933 ), #7594, .T. ) ;
#2793 = ORIENTED_EDGE ( 'NONE', *, *, #1811, .F. ) ;
#2794 = CARTESIAN_POINT ( 'NONE',  ( -56.33891559063466303, -39.62225238975337049, -4.567315106183558626 ) ) ;
#2795 = EDGE_CURVE ( 'NONE', #2550, #4871, #6007, .T. ) ;
#2796 = DIRECTION ( 'NONE',  ( 1.000000000000000000, -4.040919229890095739E-16, -0.000000000000000000 ) ) ;
#2797 = EDGE_LOOP ( 'NONE', ( #5826, #3270, #895, #3838, #4257, #2528, #7591, #5695, #2250, #4793 ) ) ;
#2798 = AXIS2_PLACEMENT_3D ( 'NONE', #2368, #1738, #2408 ) ;
#2799 = EDGE_CURVE ( 'NONE', #4893, #3499, #2597, .T. ) ;
#2800 = CIRCLE ( 'NONE', #42, 5.132893218813515013 ) ;
#2801 = CARTESIAN_POINT ( 'NONE',  ( -66.68869927386717222, 30.39736166465748823, -5.025716521494280720 ) ) ;
#2802 = ORIENTED_EDGE ( 'NONE', *, *, #983, .F. ) ;
#2803 = ORIENTED_EDGE ( 'NONE', *, *, #3263, .F. ) ;
#2804 = AXIS2_PLACEMENT_3D ( 'NONE', #7524, #5150, #3961 ) ;
#2805 = PLANE ( 'NONE',  #5595 ) ;
#2806 = CARTESIAN_POINT ( 'NONE',  ( -63.00000000000001421, -31.49999999999991829, 0.000000000000000000 ) ) ;
#2807 = AXIS2_PLACEMENT_3D ( 'NONE', #7587, #2132, #401 ) ;
#2808 = DIRECTION ( 'NONE',  ( -0.000000000000000000, -0.000000000000000000, -1.000000000000000000 ) ) ;
#2809 = ORIENTED_EDGE ( 'NONE', *, *, #676, .F. ) ;
#2810 = VECTOR ( 'NONE', #1273, 1000.000000000000000 ) ;
#2811 = EDGE_LOOP ( 'NONE', ( #6039, #1310, #4330, #4991 ) ) ;
#2812 = LINE ( 'NONE', #7556, #1489 ) ;
#2813 = CARTESIAN_POINT ( 'NONE',  ( 65.50000000000000000, -41.50000000000000000, 2.000000000000000000 ) ) ;
#2814 = LINE ( 'NONE', #3440, #4061 ) ;
#2815 = DIRECTION ( 'NONE',  ( -0.000000000000000000, -0.000000000000000000, 1.000000000000000000 ) ) ;
#2816 = CONICAL_SURFACE ( 'NONE', #306, 11.30000000000011617, 0.7853981633974533860 ) ;
#2817 = CARTESIAN_POINT ( 'NONE',  ( -67.79999999999994031, -40.11658075373091492, -6.400000000000001243 ) ) ;
#2818 = CARTESIAN_POINT ( 'NONE',  ( -74.99999999999998579, 37.50000000000000000, 0.9999999999999713562 ) ) ;
#2819 = CARTESIAN_POINT ( 'NONE',  ( 56.89643568481286451, -40.18822606031898204, -5.024925560961303717 ) ) ;
#2820 = EDGE_CURVE ( 'NONE', #1017, #1, #7011, .T. ) ;
#2821 = ORIENTED_EDGE ( 'NONE', *, *, #1353, .F. ) ;
#2822 = ORIENTED_EDGE ( 'NONE', *, *, #6641, .T. ) ;
#2823 = FACE_OUTER_BOUND ( 'NONE', #5876, .T. ) ;
#2824 = DIRECTION ( 'NONE',  ( -0.000000000000000000, 1.000000000000000000, 0.000000000000000000 ) ) ;
#2825 = VERTEX_POINT ( 'NONE', #487 ) ;
#2826 = CARTESIAN_POINT ( 'NONE',  ( 3.000000000000021316, -24.10119365360507260, 2.000000000000000000 ) ) ;
#2827 = LINE ( 'NONE', #971, #3342 ) ;
#2828 = CARTESIAN_POINT ( 'NONE',  ( 56.99090833947007440, 47.16642294966062821, 0.000000000000000000 ) ) ;
#2829 = DIRECTION ( 'NONE',  ( 0.000000000000000000, 1.000000000000000000, 0.000000000000000000 ) ) ;
#2830 = ORIENTED_EDGE ( 'NONE', *, *, #6212, .F. ) ;
#2831 = ORIENTED_EDGE ( 'NONE', *, *, #6399, .F. ) ;
#2832 = CARTESIAN_POINT ( 'NONE',  ( 60.63078954500928575, 40.50000000000001421, -8.385224927784193483 ) ) ;
#2833 = ORIENTED_EDGE ( 'NONE', *, *, #5994, .T. ) ;
#2834 = B_SPLINE_CURVE_WITH_KNOTS ( 'NONE', 3,
 ( #4173, #2230, #1250, #1367 ),
 .UNSPECIFIED., .F., .F.,
 ( 4, 4 ),
 ( 0.000000000000000000, 0.0005157067621903890352 ),
 .UNSPECIFIED. ) ;
#2835 = CARTESIAN_POINT ( 'NONE',  ( -52.99090833947008150, 47.16642294966062821, 0.9999999999999715783 ) ) ;
#2836 = ORIENTED_EDGE ( 'NONE', *, *, #4974, .T. ) ;
#2837 = ADVANCED_FACE ( 'NONE', ( #4625 ), #1657, .T. ) ;
#2838 = EDGE_CURVE ( 'NONE', #3397, #5855, #1703, .T. ) ;
#2839 = CARTESIAN_POINT ( 'NONE',  ( 2.000000000000006217, -17.76274646641389765, 0.000000000000000000 ) ) ;
#2840 = ORIENTED_EDGE ( 'NONE', *, *, #3310, .F. ) ;
#2841 = ORIENTED_EDGE ( 'NONE', *, *, #2916, .F. ) ;
#2842 = EDGE_CURVE ( 'NONE', #6095, #3916, #7756, .T. ) ;
#2843 = CARTESIAN_POINT ( 'NONE',  ( -56.00000000000001421, -38.49999999999991473, -2.000000000000000000 ) ) ;
#2844 = CARTESIAN_POINT ( 'NONE',  ( -10.99999999999999645, -41.50000000000000000, 2.000000000000000000 ) ) ;
#2845 = VECTOR ( 'NONE', #847, 1000.000000000000000 ) ;
#2846 = PLANE ( 'NONE',  #2504 ) ;
#2847 = ORIENTED_EDGE ( 'NONE', *, *, #2750, .T. ) ;
#2848 = ORIENTED_EDGE ( 'NONE', *, *, #6800, .F. ) ;
#2849 = CARTESIAN_POINT ( 'NONE',  ( -67.99999999999994316, 34.13078954500926443, -8.459999999999991971 ) ) ;
#2850 = LINE ( 'NONE', #5300, #4483 ) ;
#2851 = DIRECTION ( 'NONE',  ( -0.000000000000000000, -0.000000000000000000, -1.000000000000000000 ) ) ;
#2852 = DIRECTION ( 'NONE',  ( 1.000000000000000000, 0.000000000000000000, 0.000000000000000000 ) ) ;
#2853 = LINE ( 'NONE', #1553, #4563 ) ;
#2854 = VECTOR ( 'NONE', #2069, 1000.000000000000000 ) ;
#2855 = FACE_OUTER_BOUND ( 'NONE', #5865, .T. ) ;
#2856 = CARTESIAN_POINT ( 'NONE',  ( 57.99999999999994316, -40.49999999999999289, -6.019890110719535947 ) ) ;
#2857 = VERTEX_POINT ( 'NONE', #998 ) ;
#2858 = VERTEX_POINT ( 'NONE', #5342 ) ;
#2859 = FACE_OUTER_BOUND ( 'NONE', #5684, .T. ) ;
#2860 = AXIS2_PLACEMENT_3D ( 'NONE', #4347, #4268, #645 ) ;
#2861 = PLANE ( 'NONE',  #4453 ) ;
#2862 = ORIENTED_EDGE ( 'NONE', *, *, #7341, .F. ) ;
#2863 = LINE ( 'NONE', #2266, #356 ) ;
#2864 = CARTESIAN_POINT ( 'NONE',  ( -67.79999999999996874, 40.11658075373094334, -6.400000000000001243 ) ) ;
#2865 = CARTESIAN_POINT ( 'NONE',  ( -52.00000000000002842, 53.81418553862310006, 2.000000000000000000 ) ) ;
#2866 = CARTESIAN_POINT ( 'NONE',  ( -57.99090833947008150, 45.99999999999999289, 0.000000000000000000 ) ) ;
#2867 = AXIS2_PLACEMENT_3D ( 'NONE', #6304, #4329, #6861 ) ;
#2868 = ORIENTED_EDGE ( 'NONE', *, *, #7698, .T. ) ;
#2869 = ORIENTED_EDGE ( 'NONE', *, *, #2382, .F. ) ;
#2870 = DIRECTION ( 'NONE',  ( 0.000000000000000000, -0.7071067811865352493, 0.7071067811865597852 ) ) ;
#2871 = DIRECTION ( 'NONE',  ( -0.000000000000000000, -0.000000000000000000, -1.000000000000000000 ) ) ;
#2872 = ORIENTED_EDGE ( 'NONE', *, *, #1676, .T. ) ;
#2873 = EDGE_CURVE ( 'NONE', #1339, #801, #7076, .T. ) ;
#2874 = ADVANCED_FACE ( 'NONE', ( #5896 ), #3400, .F. ) ;
#2875 = CIRCLE ( 'NONE', #7300, 4.425786437626963554 ) ;
#2876 = AXIS2_PLACEMENT_3D ( 'NONE', #2062, #2500, #769 ) ;
#2877 = DIRECTION ( 'NONE',  ( -0.000000000000000000, -0.000000000000000000, -1.000000000000000000 ) ) ;
#2878 = VERTEX_POINT ( 'NONE', #7634 ) ;
#2879 = CIRCLE ( 'NONE', #5033, 4.000000000000017764 ) ;
#2880 = VERTEX_POINT ( 'NONE', #2215 ) ;
#2881 = CARTESIAN_POINT ( 'NONE',  ( -63.00000000000001421, -31.49999999999991829, -6.019890110719533283 ) ) ;
#2882 = CYLINDRICAL_SURFACE ( 'NONE', #2798, 1.999999999999974021 ) ;
#2883 = CARTESIAN_POINT ( 'NONE',  ( 55.11222868302972699, 49.28774329322027370, 2.000000000000000000 ) ) ;
#2884 = ORIENTED_EDGE ( 'NONE', *, *, #7603, .F. ) ;
#2885 = EDGE_CURVE ( 'NONE', #1391, #7626, #7041, .T. ) ;
#2886 = EDGE_LOOP ( 'NONE', ( #3343, #4847, #1705, #5340 ) ) ;
#2887 = CARTESIAN_POINT ( 'NONE',  ( 63.66246844987127673, -30.00673875017867331, -4.702890163617214014 ) ) ;
#2888 = DIRECTION ( 'NONE',  ( 1.000000000000000000, 0.000000000000000000, 0.000000000000000000 ) ) ;
#2889 = CARTESIAN_POINT ( 'NONE',  ( -65.09999999999999432, 35.09363341178121232, -6.400000000000001243 ) ) ;
#2890 = EDGE_CURVE ( 'NONE', #6990, #6330, #837, .T. ) ;
#2891 = CARTESIAN_POINT ( 'NONE',  ( 64.99999999999994316, -31.49999999999999289, 0.000000000000000000 ) ) ;
#2892 = DIRECTION ( 'NONE',  ( -0.000000000000000000, -0.000000000000000000, 1.000000000000000000 ) ) ;
#2893 = FACE_OUTER_BOUND ( 'NONE', #702, .T. ) ;
#2894 = DIRECTION ( 'NONE',  ( 0.000000000000000000, 0.000000000000000000, 1.000000000000000000 ) ) ;
#2895 = VERTEX_POINT ( 'NONE', #2413 ) ;
#2896 = EDGE_CURVE ( 'NONE', #2095, #3613, #7141, .T. ) ;
#2897 = VERTEX_POINT ( 'NONE', #5420 ) ;
#2898 = CARTESIAN_POINT ( 'NONE',  ( 49.17157287525380838, 50.98575841387691554, 2.000000000000000000 ) ) ;
#2899 = CONICAL_SURFACE ( 'NONE', #1266, 2.000000000000000000, 0.7853981633974340681 ) ;
#2900 = CARTESIAN_POINT ( 'NONE',  ( 65.50000000000000000, -41.50000000000000000, 2.000000000000000000 ) ) ;
#2901 = ORIENTED_EDGE ( 'NONE', *, *, #3164, .F. ) ;
#2902 = DIRECTION ( 'NONE',  ( 1.000000000000000000, 0.000000000000000000, -0.000000000000000000 ) ) ;
#2903 = DIRECTION ( 'NONE',  ( -0.7071067811865482389, -0.7071067811865469066, 0.000000000000000000 ) ) ;
#2904 = FACE_OUTER_BOUND ( 'NONE', #6812, .T. ) ;
#2905 = CARTESIAN_POINT ( 'NONE',  ( 26.99999999999999645, 48.98575841387692265, 2.000000000000000000 ) ) ;
#2906 = DIRECTION ( 'NONE',  ( -1.000000000000000000, 0.000000000000000000, 0.000000000000000000 ) ) ;
#2907 = AXIS2_PLACEMENT_3D ( 'NONE', #6866, #6273, #5081 ) ;
#2908 = DIRECTION ( 'NONE',  ( 0.000000000000000000, 0.000000000000000000, 1.000000000000000000 ) ) ;
#2909 = ORIENTED_EDGE ( 'NONE', *, *, #6754, .T. ) ;
#2910 = ORIENTED_EDGE ( 'NONE', *, *, #4276, .T. ) ;
#2911 = ORIENTED_EDGE ( 'NONE', *, *, #2307, .F. ) ;
#2912 = CARTESIAN_POINT ( 'NONE',  ( -49.17157287525380838, 54.98575841387692975, 0.9999999999999713562 ) ) ;
#2913 = B_SPLINE_CURVE_WITH_KNOTS ( 'NONE', 3,
 ( #1332, #1888, #6708, #3708 ),
 .UNSPECIFIED., .F., .F.,
 ( 4, 4 ),
 ( 0.0004277666603173134116, 0.0008467977387968518652 ),
 .UNSPECIFIED. ) ;
#2914 = CARTESIAN_POINT ( 'NONE',  ( 65.09999999999996589, 41.90636658821879479, 2.000000000000000000 ) ) ;
#2915 = ORIENTED_EDGE ( 'NONE', *, *, #3235, .F. ) ;
#2916 = EDGE_CURVE ( 'NONE', #7655, #2514, #602, .T. ) ;
#2917 = LINE ( 'NONE', #3426, #4517 ) ;
#2918 = EDGE_CURVE ( 'NONE', #5205, #2550, #7798, .T. ) ;
#2919 = EDGE_LOOP ( 'NONE', ( #4033, #2487, #4716, #2765 ) ) ;
#2920 = EDGE_LOOP ( 'NONE', ( #7456, #2671, #7625, #1797 ) ) ;
#2921 = CIRCLE ( 'NONE', #4189, 1.999999999999974021 ) ;
#2922 = APPLICATION_CONTEXT ( 'automotive_design' ) ;
#2923 = DIRECTION ( 'NONE',  ( 1.000000000000000000, 0.000000000000000000, 0.000000000000000000 ) ) ;
#2924 = DIRECTION ( 'NONE',  ( -0.000000000000000000, -0.000000000000000000, -1.000000000000000000 ) ) ;
#2925 = DIRECTION ( 'NONE',  ( 1.000000000000000000, 0.000000000000000000, 0.000000000000000000 ) ) ;
#2926 = EDGE_LOOP ( 'NONE', ( #2684, #7403, #4925, #7402, #7621, #2822 ) ) ;
#2928 = EDGE_CURVE ( 'NONE', #6015, #7362, #369, .T. ) ;
#2927 = CIRCLE ( 'NONE', #3309, 0.2000000000000057288 ) ;
#2929 = ORIENTED_EDGE ( 'NONE', *, *, #3271, .T. ) ;
#2930 = CARTESIAN_POINT ( 'NONE',  ( -66.99999999999994316, -34.13078954500927154, -8.385224927784188154 ) ) ;
#2931 = DIRECTION ( 'NONE',  ( 1.000000000000000000, 0.000000000000000000, 0.000000000000000000 ) ) ;
#2932 = CIRCLE ( 'NONE', #5833, 0.2000000000000057288 ) ;
#2933 = CARTESIAN_POINT ( 'NONE',  ( -8.000000000000000000, 50.98575841387691554, 2.000000000000000000 ) ) ;
#2934 = DIRECTION ( 'NONE',  ( -0.000000000000000000, -0.000000000000000000, 1.000000000000000000 ) ) ;
#2935 = CARTESIAN_POINT ( 'NONE',  ( -3.111111111111092065, -27.76617643193186780, -8.511675595743399825 ) ) ;
#2936 = EDGE_CURVE ( 'NONE', #4019, #4951, #4943, .T. ) ;
#2937 = FACE_OUTER_BOUND ( 'NONE', #902, .T. ) ;
#2938 = VECTOR ( 'NONE', #6613, 1000.000000000000000 ) ;
#2939 = DIRECTION ( 'NONE',  ( 0.7071067811865376918, 0.000000000000000000, -0.7071067811865574537 ) ) ;
#2940 = AXIS2_PLACEMENT_3D ( 'NONE', #5982, #652, #7080 ) ;
#2941 = ADVANCED_FACE ( 'NONE', ( #4905 ), #6723, .F. ) ;
#2942 = ORIENTED_EDGE ( 'NONE', *, *, #4614, .F. ) ;
#2943 = ORIENTED_EDGE ( 'NONE', *, *, #6907, .T. ) ;
#2944 = CARTESIAN_POINT ( 'NONE',  ( 65.09999999999998010, -41.90636658821878768, 2.000000000000000000 ) ) ;
#2945 = FACE_OUTER_BOUND ( 'NONE', #1302, .T. ) ;
#2946 = VERTEX_POINT ( 'NONE', #134 ) ;
#2947 = CIRCLE ( 'NONE', #4840, 1.000000000000000888 ) ;
#2948 = CARTESIAN_POINT ( 'NONE',  ( -57.99999999999999289, 36.49999999999998579, -2.000000000000000000 ) ) ;
#2949 = DIRECTION ( 'NONE',  ( 0.8660254037844384856, 0.5000000000000002220, 0.000000000000000000 ) ) ;
#2950 = CARTESIAN_POINT ( 'NONE',  ( 72.00000000000001421, -41.50000000000000000, 2.000000000000000000 ) ) ;
#2951 = EDGE_CURVE ( 'NONE', #3926, #5775, #6436, .T. ) ;
#2952 = SURFACE_STYLE_FILL_AREA ( #6073 ) ;
#2953 = CARTESIAN_POINT ( 'NONE',  ( -74.99999999999998579, -41.50000000000000000, 2.000000000000000000 ) ) ;
#2954 = CARTESIAN_POINT ( 'NONE',  ( 0.000000000000000000, -33.56274646641389836, -8.511675595743399825 ) ) ;
#2955 = CIRCLE ( 'NONE', #6357, 4.299999999999998046 ) ;
#2956 = VERTEX_POINT ( 'NONE', #2530 ) ;
#2957 = VERTEX_POINT ( 'NONE', #5976 ) ;
#2958 = CARTESIAN_POINT ( 'NONE',  ( 57.77846866785815649, 40.50000000000001421, -5.806882429712444171 ) ) ;
#2959 = LINE ( 'NONE', #5365, #626 ) ;
#2960 = ORIENTED_EDGE ( 'NONE', *, *, #1515, .F. ) ;
#2961 = CARTESIAN_POINT ( 'NONE',  ( 8.000000000000000000, 54.98575841387692265, 0.9999999999999713562 ) ) ;
#2962 = VERTEX_POINT ( 'NONE', #17 ) ;
#2963 = VERTEX_POINT ( 'NONE', #6610 ) ;
#2964 = EDGE_CURVE ( 'NONE', #5322, #200, #3679, .T. ) ;
#2965 = CARTESIAN_POINT ( 'NONE',  ( -49.17157287525380838, 50.98575841387691554, 2.000000000000000000 ) ) ;
#2966 = DIRECTION ( 'NONE',  ( -0.000000000000000000, -0.000000000000000000, -1.000000000000000000 ) ) ;
#2967 = LINE ( 'NONE', #1110, #6047 ) ;
#2968 = ORIENTED_EDGE ( 'NONE', *, *, #3301, .F. ) ;
#2969 = ORIENTED_EDGE ( 'NONE', *, *, #3448, .F. ) ;
#2970 = DIRECTION ( 'NONE',  ( -0.000000000000000000, -0.000000000000000000, 1.000000000000000000 ) ) ;
#2971 = DIRECTION ( 'NONE',  ( -0.000000000000000000, -0.000000000000000000, -1.000000000000000000 ) ) ;
#2972 = DIRECTION ( 'NONE',  ( -0.000000000000000000, -0.000000000000000000, -1.000000000000000000 ) ) ;
#2973 = CARTESIAN_POINT ( 'NONE',  ( 67.99999999999997158, 40.11658075373093624, 2.000000000000000000 ) ) ;
#2974 = DIRECTION ( 'NONE',  ( 1.000000000000000000, 0.000000000000000000, 0.000000000000000000 ) ) ;
#2975 = AXIS2_PLACEMENT_3D ( 'NONE', #296, #4703, #5816 ) ;
#2976 = DIRECTION ( 'NONE',  ( 0.6285393610547090892, 0.3239417719358491654, 0.7071067811865476838 ) ) ;
#2977 = VERTEX_POINT ( 'NONE', #4158 ) ;
#2978 = VECTOR ( 'NONE', #4305, 1000.000000000000000 ) ;
#2979 = ORIENTED_EDGE ( 'NONE', *, *, #3196, .F. ) ;
#2980 = CARTESIAN_POINT ( 'NONE',  ( -13.00000000000000178, 49.98575841387692265, 2.000000000000000000 ) ) ;
#2981 = DIRECTION ( 'NONE',  ( -1.000000000000000000, 0.000000000000000000, 0.000000000000000000 ) ) ;
#2982 = ADVANCED_FACE ( 'NONE', ( #7201 ), #4273, .F. ) ;
#2983 = ORIENTED_EDGE ( 'NONE', *, *, #3465, .T. ) ;
#2984 = CIRCLE ( 'NONE', #6508, 1.000000000000000888 ) ;
#2985 = FACE_OUTER_BOUND ( 'NONE', #1449, .T. ) ;
#2986 =( GEOMETRIC_REPRESENTATION_CONTEXT ( 3 ) GLOBAL_UNCERTAINTY_ASSIGNED_CONTEXT ( ( #7549 ) ) GLOBAL_UNIT_ASSIGNED_CONTEXT ( ( #2431, #5317, #5358 ) ) REPRESENTATION_CONTEXT ( 'NONE', 'WORKASPACE' ) );
#2987 = LINE ( 'NONE', #5992, #2204 ) ;
#2988 = CARTESIAN_POINT ( 'NONE',  ( 57.99999999999996447, 36.50000000000000711, -6.019890110719556375 ) ) ;
#2989 = PLANE ( 'NONE',  #2093 ) ;
#2990 = FACE_OUTER_BOUND ( 'NONE', #1645, .T. ) ;
#2991 = CARTESIAN_POINT ( 'NONE',  ( -64.99999999999994316, -38.49999999999996447, -1.999999999999998224 ) ) ;
#2992 = ORIENTED_EDGE ( 'NONE', *, *, #7368, .T. ) ;
#2993 = AXIS2_PLACEMENT_3D ( 'NONE', #2470, #1134, #591 ) ;
#2994 = ORIENTED_EDGE ( 'NONE', *, *, #630, .F. ) ;
#2995 = CARTESIAN_POINT ( 'NONE',  ( 56.89736166465743139, 40.18869927386719354, -5.025716521494254074 ) ) ;
#2996 = EDGE_CURVE ( 'NONE', #2001, #2956, #1155, .T. ) ;
#2997 = CARTESIAN_POINT ( 'NONE',  ( 62.99999999999998579, 34.13078954500929996, -8.385224927784188154 ) ) ;
#2998 = ORIENTED_EDGE ( 'NONE', *, *, #4818, .F. ) ;
#2999 = ADVANCED_FACE ( 'NONE', ( #1270 ), #5503, .T. ) ;
#3000 = AXIS2_PLACEMENT_3D ( 'NONE', #5863, #3924, #6492 ) ;
#3001 = FACE_BOUND ( 'NONE', #1226, .T. ) ;
#3002 = EDGE_CURVE ( 'NONE', #4690, #7796, #6012, .T. ) ;
#3003 = VERTEX_POINT ( 'NONE', #684 ) ;
#3004 = AXIS2_PLACEMENT_3D ( 'NONE', #5857, #4506, #328 ) ;
#3005 = CARTESIAN_POINT ( 'NONE',  ( 61.11897591464003909, 36.37273940469463440, -8.459999999999991971 ) ) ;
#3006 = CARTESIAN_POINT ( 'NONE',  ( -61.99999999999995737, -36.88341924626902113, -6.400000000000001243 ) ) ;
#3007 = VECTOR ( 'NONE', #2675, 1000.000000000000000 ) ;
#3008 = DIRECTION ( 'NONE',  ( -0.000000000000000000, -0.000000000000000000, 1.000000000000000000 ) ) ;
#3009 = AXIS2_PLACEMENT_3D ( 'NONE', #2211, #4784, #5928 ) ;
#3010 = ORIENTED_EDGE ( 'NONE', *, *, #1236, .F. ) ;
#3011 = ORIENTED_EDGE ( 'NONE', *, *, #5220, .F. ) ;
#3012 = CARTESIAN_POINT ( 'NONE',  ( 64.00022806304019696, -29.76179273473652032, -4.505832740837194095 ) ) ;
#3013 = CARTESIAN_POINT ( 'NONE',  ( 57.99999999999994316, -40.49999999999999289, -6.019890110719535947 ) ) ;
#3014 = B_SPLINE_CURVE_WITH_KNOTS ( 'NONE', 3,
 ( #1694, #4620, #1030, #6565 ),
 .UNSPECIFIED., .F., .F.,
 ( 4, 4 ),
 ( 0.000000000000000000, 0.003126612814703739768 ),
 .UNSPECIFIED. ) ;
#3015 = CARTESIAN_POINT ( 'NONE',  ( -12.00000000000000000, 49.98575841387692265, 0.9999999999999713562 ) ) ;
#3016 = CARTESIAN_POINT ( 'NONE',  ( -40.19998598812489377, 64.19998598812509272, 2.000000000000000000 ) ) ;
#3017 = CYLINDRICAL_SURFACE ( 'NONE', #1810, 4.299999999999998046 ) ;
#3018 = CARTESIAN_POINT ( 'NONE',  ( -52.00000000000002842, 53.81418553862310006, 0.9999999999999718003 ) ) ;
#3019 = ORIENTED_EDGE ( 'NONE', *, *, #11, .T. ) ;
#3020 = EDGE_CURVE ( 'NONE', #1327, #7067, #710, .T. ) ;
#3021 = EDGE_LOOP ( 'NONE', ( #2008, #7787, #6309, #4044 ) ) ;
#3022 = CARTESIAN_POINT ( 'NONE',  ( -67.79999999999994031, -40.11658075373091492, -6.400000000000001243 ) ) ;
#3023 = DIRECTION ( 'NONE',  ( 0.7071067811865383579, 0.000000000000000000, -0.7071067811865567876 ) ) ;
#3024 = VERTEX_POINT ( 'NONE', #57 ) ;
#3025 = EDGE_CURVE ( 'NONE', #5649, #512, #3987, .T. ) ;
#3026 = DIRECTION ( 'NONE',  ( -0.000000000000000000, 0.000000000000000000, 1.000000000000000000 ) ) ;
#3027 = DIRECTION ( 'NONE',  ( 0.000000000000000000, 1.000000000000000000, 0.000000000000000000 ) ) ;
#3028 = CARTESIAN_POINT ( 'NONE',  ( 64.99999999999994316, -35.03589838486224295, 2.000000000000000000 ) ) ;
#3029 = CARTESIAN_POINT ( 'NONE',  ( -66.99999999999994316, 33.00616610945206730, -7.461080156552558407 ) ) ;
#3030 = LINE ( 'NONE', #3586, #2726 ) ;
#3031 = ORIENTED_EDGE ( 'NONE', *, *, #4078, .F. ) ;
#3032 = EDGE_LOOP ( 'NONE', ( #7478, #7632 ) ) ;
#3033 = ORIENTED_EDGE ( 'NONE', *, *, #6560, .F. ) ;
#3034 = LINE ( 'NONE', #117, #4926 ) ;
#3035 = CARTESIAN_POINT ( 'NONE',  ( -60.27278170635822363, 36.49999999999998579, -8.167106781186573627 ) ) ;
#3036 = ORIENTED_EDGE ( 'NONE', *, *, #7782, .T. ) ;
#3037 = B_SPLINE_CURVE_WITH_KNOTS ( 'NONE', 3,
 ( #7409, #3222, #1406, #263 ),
 .UNSPECIFIED., .F., .F.,
 ( 4, 4 ),
 ( 0.000000000000000000, 0.0005157067621903968415 ),
 .UNSPECIFIED. ) ;
#3038 = AXIS2_PLACEMENT_3D ( 'NONE', #2263, #382, #4674 ) ;
#3039 = ADVANCED_FACE ( 'NONE', ( #3049, #3086 ), #6018, .T. ) ;
#3040 = EDGE_CURVE ( 'NONE', #6945, #5479, #1570, .T. ) ;
#3041 = DIRECTION ( 'NONE',  ( 1.000000000000000000, 0.000000000000000000, -0.000000000000000000 ) ) ;
#3042 = ORIENTED_EDGE ( 'NONE', *, *, #5794, .T. ) ;
#3043 = CARTESIAN_POINT ( 'NONE',  ( 64.99999999999995737, -38.49999999999999289, -1.999999999999998224 ) ) ;
#3044 = EDGE_CURVE ( 'NONE', #4462, #4271, #2604, .T. ) ;
#3045 = LINE ( 'NONE', #3206, #471 ) ;
#3046 = CARTESIAN_POINT ( 'NONE',  ( 49.17157287525380838, 53.98575841387690843, 2.000000000000000000 ) ) ;
#3047 = ORIENTED_EDGE ( 'NONE', *, *, #5723, .T. ) ;
#3048 = EDGE_LOOP ( 'NONE', ( #4556, #4525, #1681, #370, #4598 ) ) ;
#3049 = FACE_OUTER_BOUND ( 'NONE', #1603, .T. ) ;
#3050 = CARTESIAN_POINT ( 'NONE',  ( 65.50000000000000000, 45.00000000000000000, 2.000000000000000000 ) ) ;
#3051 = AXIS2_PLACEMENT_3D ( 'NONE', #2725, #3357, #5100 ) ;
#3052 = FACE_OUTER_BOUND ( 'NONE', #7555, .T. ) ;
#3053 = DIRECTION ( 'NONE',  ( -0.000000000000000000, -0.000000000000000000, 1.000000000000000000 ) ) ;
#3054 = DIRECTION ( 'NONE',  ( 1.000000000000000000, 0.000000000000000000, 0.000000000000000000 ) ) ;
#3055 = ORIENTED_EDGE ( 'NONE', *, *, #7267, .T. ) ;
#3056 = ORIENTED_EDGE ( 'NONE', *, *, #3670, .T. ) ;
#3057 = DIRECTION ( 'NONE',  ( 0.000000000000000000, 0.000000000000000000, -1.000000000000000000 ) ) ;
#3058 = CYLINDRICAL_SURFACE ( 'NONE', #6889, 1.000000000000000000 ) ;
#3059 = ORIENTED_EDGE ( 'NONE', *, *, #2396, .T. ) ;
#3060 = FACE_OUTER_BOUND ( 'NONE', #7240, .T. ) ;
#3061 = CARTESIAN_POINT ( 'NONE',  ( 67.99999999999997158, 36.76794919243110371, 2.000000000000000000 ) ) ;
#3062 = AXIS2_PLACEMENT_3D ( 'NONE', #5782, #2219, #530 ) ;
#3063 = LINE ( 'NONE', #3028, #7600 ) ;
#3064 = AXIS2_PLACEMENT_3D ( 'NONE', #4791, #3482, #7206 ) ;
#3065 = LINE ( 'NONE', #1213, #7019 ) ;
#3066 = DIRECTION ( 'NONE',  ( 0.7071067811865376918, 0.000000000000000000, 0.7071067811865574537 ) ) ;
#3067 = EDGE_CURVE ( 'NONE', #1374, #1255, #3387, .T. ) ;
#3068 = CARTESIAN_POINT ( 'NONE',  ( 60.96703647118346225, -36.45773014179871296, -8.459999999999991971 ) ) ;
#3069 = EDGE_LOOP ( 'NONE', ( #3108, #6899, #4725, #3338 ) ) ;
#3070 = VECTOR ( 'NONE', #6137, 1000.000000000000000 ) ;
#3071 = ORIENTED_EDGE ( 'NONE', *, *, #764, .F. ) ;
#3072 = DIRECTION ( 'NONE',  ( -0.000000000000000000, -0.000000000000000000, -1.000000000000000000 ) ) ;
#3073 = CARTESIAN_POINT ( 'NONE',  ( 11.99999999999999822, 49.98575841387692265, 2.000000000000000000 ) ) ;
#3074 = ORIENTED_EDGE ( 'NONE', *, *, #6472, .F. ) ;
#3075 = CIRCLE ( 'NONE', #929, 0.1999999999999987899 ) ;
#3076 = EDGE_CURVE ( 'NONE', #3700, #1547, #4021, .T. ) ;
#3077 = LINE ( 'NONE', #2080, #4526 ) ;
#3078 = EDGE_LOOP ( 'NONE', ( #1619, #4009, #1597, #3662 ) ) ;
#3079 = EDGE_CURVE ( 'NONE', #5510, #6950, #1973, .T. ) ;
#3080 = DIRECTION ( 'NONE',  ( -0.000000000000000000, -0.000000000000000000, -1.000000000000000000 ) ) ;
#3081 = EDGE_CURVE ( 'NONE', #3889, #2041, #2984, .T. ) ;
#3082 = DIRECTION ( 'NONE',  ( 0.000000000000000000, -1.000000000000000000, 0.000000000000000000 ) ) ;
#3083 = LINE ( 'NONE', #5536, #5372 ) ;
#3084 = ORIENTED_EDGE ( 'NONE', *, *, #3020, .F. ) ;
#3085 = VERTEX_POINT ( 'NONE', #5801 ) ;
#3086 = FACE_BOUND ( 'NONE', #6749, .T. ) ;
#3087 = EDGE_CURVE ( 'NONE', #3718, #1268, #2200, .T. ) ;
#3088 = CARTESIAN_POINT ( 'NONE',  ( 61.99999999999993605, 36.76794919243110371, -6.400000000000001243 ) ) ;
#3089 = CARTESIAN_POINT ( 'NONE',  ( 8.000000000000000000, 50.98575841387691554, 2.000000000000000000 ) ) ;
#3090 = EDGE_CURVE ( 'NONE', #1963, #2770, #5125, .T. ) ;
#3091 = DIRECTION ( 'NONE',  ( -0.000000000000000000, -0.000000000000000000, -1.000000000000000000 ) ) ;
#3092 = DIRECTION ( 'NONE',  ( -0.000000000000000000, -0.000000000000000000, 1.000000000000000000 ) ) ;
#3093 = VERTEX_POINT ( 'NONE', #3761 ) ;
#3094 = EDGE_LOOP ( 'NONE', ( #7261, #5142, #6865, #7084, #6888 ) ) ;
#3095 = DIRECTION ( 'NONE',  ( -1.000000000000000000, 0.000000000000000000, 0.000000000000000000 ) ) ;
#3096 = CARTESIAN_POINT ( 'NONE',  ( 67.99999999999992895, 34.13078954500929285, -8.459999999999991971 ) ) ;
#3097 = ORIENTED_EDGE ( 'NONE', *, *, #2327, .F. ) ;
#3098 = CARTESIAN_POINT ( 'NONE',  ( -53.69999999999988205, 38.49999999999999289, -1.999999999999998224 ) ) ;
#3099 = PLANE ( 'NONE',  #6374 ) ;
#3100 = AXIS2_PLACEMENT_3D ( 'NONE', #7808, #2386, #6621 ) ;
#3101 = CARTESIAN_POINT ( 'NONE',  ( 62.99999999999997158, -33.77278170635818100, -8.167106781186546982 ) ) ;
#3102 = CARTESIAN_POINT ( 'NONE',  ( 62.99999999999997158, -31.49999999999999289, -2.000000000000000000 ) ) ;
#3103 = DIRECTION ( 'NONE',  ( 0.000000000000000000, -1.000000000000000000, 0.000000000000000000 ) ) ;
#3104 = CARTESIAN_POINT ( 'NONE',  ( 61.11897591464003909, -36.37273940469462019, -8.459999999999991971 ) ) ;
#3105 = EDGE_LOOP ( 'NONE', ( #2884, #4743, #5245, #1146 ) ) ;
#3106 = ORIENTED_EDGE ( 'NONE', *, *, #6049, .F. ) ;
#3107 = VECTOR ( 'NONE', #2796, 1000.000000000000000 ) ;
#3108 = ORIENTED_EDGE ( 'NONE', *, *, #4983, .F. ) ;
#3109 = DIRECTION ( 'NONE',  ( -0.000000000000000000, -0.000000000000000000, -1.000000000000000000 ) ) ;
#3110 = VECTOR ( 'NONE', #5076, 999.9999999999998863 ) ;
#3111 = CYLINDRICAL_SURFACE ( 'NONE', #5532, 3.999999999999996447 ) ;
#3112 = ORIENTED_EDGE ( 'NONE', *, *, #3933, .F. ) ;
#3113 = EDGE_CURVE ( 'NONE', #4478, #4683, #215, .T. ) ;
#3114 = AXIS2_PLACEMENT_3D ( 'NONE', #7295, #5396, #31 ) ;
#3115 = DIRECTION ( 'NONE',  ( 1.000000000000000000, 0.000000000000000000, -0.000000000000000000 ) ) ;
#3116 = ADVANCED_FACE ( 'NONE', ( #3940 ), #1528, .T. ) ;
#3117 = VECTOR ( 'NONE', #5518, 1000.000000000000000 ) ;
#3118 = ORIENTED_EDGE ( 'NONE', *, *, #6460, .F. ) ;
#3119 = VECTOR ( 'NONE', #2486, 1000.000000000000000 ) ;
#3120 = CARTESIAN_POINT ( 'NONE',  ( 66.99999999999992895, 33.77278170635818810, -8.167106781186546982 ) ) ;
#3121 = DIRECTION ( 'NONE',  ( 0.7071067811865376918, 0.000000000000000000, -0.7071067811865574537 ) ) ;
#3122 = CIRCLE ( 'NONE', #6282, 0.2000000000000057288 ) ;
#3123 = PLANE ( 'NONE',  #4761 ) ;
#3124 = ORIENTED_EDGE ( 'NONE', *, *, #2593, .T. ) ;
#3125 = AXIS2_PLACEMENT_3D ( 'NONE', #5443, #3153, #7339 ) ;
#3126 = EDGE_LOOP ( 'NONE', ( #1607, #4876, #2841, #3616, #1604 ) ) ;
#3127 = DIRECTION ( 'NONE',  ( 1.000000000000000000, 0.000000000000000000, 0.000000000000000000 ) ) ;
#3128 = CARTESIAN_POINT ( 'NONE',  ( 49.17157287525380838, 54.98575841387691554, 0.9999999999999713562 ) ) ;
#3129 = DIRECTION ( 'NONE',  ( -1.000000000000000000, 0.000000000000000000, 0.000000000000000000 ) ) ;
#3130 = CARTESIAN_POINT ( 'NONE',  ( -8.000000000000000000, 54.98575841387692265, 0.9999999999999713562 ) ) ;
#3131 = VECTOR ( 'NONE', #3593, 1000.000000000000000 ) ;
#3132 = CIRCLE ( 'NONE', #3886, 1.000000000000000888 ) ;
#3133 = CARTESIAN_POINT ( 'NONE',  ( -67.04226985820123730, 34.46703647118345515, -8.459999999999991971 ) ) ;
#3134 = EDGE_CURVE ( 'NONE', #6209, #6702, #4275, .T. ) ;
#3135 = EDGE_LOOP ( 'NONE', ( #2203, #4863, #1242 ) ) ;
#3136 = ORIENTED_EDGE ( 'NONE', *, *, #6946, .T. ) ;
#3137 = EDGE_CURVE ( 'NONE', #7664, #5775, #2719, .T. ) ;
#3138 = CARTESIAN_POINT ( 'NONE',  ( 3.111111111111132477, -27.76617643193186424, 1.000000000000000888 ) ) ;
#3139 = DIRECTION ( 'NONE',  ( 1.000000000000000000, 0.000000000000000000, 0.000000000000000000 ) ) ;
#3140 = CARTESIAN_POINT ( 'NONE',  ( -62.09999999999999432, 40.28978583448783723, 2.000000000000000000 ) ) ;
#3141 = CARTESIAN_POINT ( 'NONE',  ( 0.000000000000000000, -33.56274646641389836, 1.000000000000000888 ) ) ;
#3142 = VECTOR ( 'NONE', #7732, 1000.000000000000000 ) ;
#3143 = DIRECTION ( 'NONE',  ( 0.000000000000000000, 1.000000000000000000, 0.000000000000000000 ) ) ;
#3144 = FACE_OUTER_BOUND ( 'NONE', #785, .T. ) ;
#3145 = FACE_OUTER_BOUND ( 'NONE', #7111, .T. ) ;
#3146 = CARTESIAN_POINT ( 'NONE',  ( -63.00000000000000000, -33.77278170635816679, -8.167106781186573627 ) ) ;
#3147 = EDGE_CURVE ( 'NONE', #1505, #5626, #4739, .T. ) ;
#3148 = VERTEX_POINT ( 'NONE', #1493 ) ;
#3149 = ORIENTED_EDGE ( 'NONE', *, *, #4873, .F. ) ;
#3150 = AXIS2_PLACEMENT_3D ( 'NONE', #46, #6005, #5446 ) ;
#3151 = ORIENTED_EDGE ( 'NONE', *, *, #7281, .T. ) ;
#3152 = CARTESIAN_POINT ( 'NONE',  ( 56.59952231101470943, 37.06624527907382571, -4.778648769969315424 ) ) ;
#3153 = DIRECTION ( 'NONE',  ( -0.000000000000000000, -0.000000000000000000, 1.000000000000000000 ) ) ;
#3154 = ORIENTED_EDGE ( 'NONE', *, *, #2964, .T. ) ;
#3155 = EDGE_LOOP ( 'NONE', ( #6759, #485, #404, #4562 ) ) ;
#3156 = CARTESIAN_POINT ( 'NONE',  ( 66.12111025909416639, 29.83809398738642571, -4.566654465903604354 ) ) ;
#3157 = CARTESIAN_POINT ( 'NONE',  ( -66.99999999999994316, -33.99868155969895867, -8.335965212114826883 ) ) ;
#3158 = VECTOR ( 'NONE', #5800, 1000.000000000000000 ) ;
#3159 = ORIENTED_EDGE ( 'NONE', *, *, #712, .T. ) ;
#3160 = DIRECTION ( 'NONE',  ( -0.7071067811865469066, 0.7071067811865482389, 0.000000000000000000 ) ) ;
#3161 = DIRECTION ( 'NONE',  ( 1.000000000000000000, 0.000000000000000000, 0.000000000000000000 ) ) ;
#3162 = EDGE_CURVE ( 'NONE', #6241, #3711, #7431, .T. ) ;
#3163 = AXIS2_PLACEMENT_3D ( 'NONE', #4007, #3409, #5827 ) ;
#3164 = EDGE_CURVE ( 'NONE', #4110, #6353, #2758, .T. ) ;
#3165 = FACE_OUTER_BOUND ( 'NONE', #2038, .T. ) ;
#3166 = ORIENTED_EDGE ( 'NONE', *, *, #4098, .F. ) ;
#3167 = ORIENTED_EDGE ( 'NONE', *, *, #5445, .T. ) ;
#3168 = CARTESIAN_POINT ( 'NONE',  ( 64.99999999999995737, 35.26683849253807068, -6.400000000000001243 ) ) ;
#3169 = PLANE ( 'NONE',  #1802 ) ;
#3170 = FACE_OUTER_BOUND ( 'NONE', #728, .T. ) ;
#3171 = LINE ( 'NONE', #6767, #7083 ) ;
#3172 = CARTESIAN_POINT ( 'NONE',  ( -64.99999999999995737, -38.49999999999995026, -8.459999999999991971 ) ) ;
#3173 = EDGE_CURVE ( 'NONE', #5237, #3423, #47, .T. ) ;
#3174 = EDGE_LOOP ( 'NONE', ( #6622, #6936, #5444, #5709 ) ) ;
#3175 = ORIENTED_EDGE ( 'NONE', *, *, #4444, .F. ) ;
#3176 = DIRECTION ( 'NONE',  ( -0.000000000000000000, -0.000000000000000000, 1.000000000000000000 ) ) ;
#3177 = DIRECTION ( 'NONE',  ( 0.000000000000000000, 0.7071067811865474617, 0.7071067811865474617 ) ) ;
#3178 = VECTOR ( 'NONE', #3598, 999.9999999999998863 ) ;
#3179 = LINE ( 'NONE', #6109, #4688 ) ;
#3180 = CARTESIAN_POINT ( 'NONE',  ( -61.99999999999995737, -40.11658075373092203, -6.400000000000001243 ) ) ;
#3181 = EDGE_CURVE ( 'NONE', #1113, #4103, #359, .T. ) ;
#3182 = AXIS2_PLACEMENT_3D ( 'NONE', #187, #226, #1405 ) ;
#3183 = LINE ( 'NONE', #3257, #3193 ) ;
#3184 = CARTESIAN_POINT ( 'NONE',  ( 65.50000000000000000, -34.56274646641389836, 0.000000000000000000 ) ) ;
#3185 = CARTESIAN_POINT ( 'NONE',  ( 60.57421356237299648, 38.50000000000000711, -8.459999999999991971 ) ) ;
#3186 = EDGE_CURVE ( 'NONE', #1450, #7707, #7170, .T. ) ;
#3187 = CARTESIAN_POINT ( 'NONE',  ( -67.89999999999994884, -36.71021416551212013, 2.000000000000000000 ) ) ;
#3188 = AXIS2_PLACEMENT_3D ( 'NONE', #5221, #6919, #3319 ) ;
#3189 = VERTEX_POINT ( 'NONE', #978 ) ;
#3190 = ORIENTED_EDGE ( 'NONE', *, *, #3701, .T. ) ;
#3191 = CARTESIAN_POINT ( 'NONE',  ( -65.00000000000000000, 38.49999999999999289, -8.459999999999991971 ) ) ;
#3192 = VERTEX_POINT ( 'NONE', #5406 ) ;
#3193 = VECTOR ( 'NONE', #5596, 1000.000000000000114 ) ;
#3194 = CARTESIAN_POINT ( 'NONE',  ( 67.89999999999996305, -36.71021416551216277, 2.000000000000000000 ) ) ;
#3195 = PLANE ( 'NONE',  #2692 ) ;
#3196 = EDGE_CURVE ( 'NONE', #5191, #3889, #2959, .T. ) ;
#3197 = CIRCLE ( 'NONE', #1540, 1.000000000000000888 ) ;
#3198 = AXIS2_PLACEMENT_3D ( 'NONE', #6648, #4866, #2379 ) ;
#3199 = ORIENTED_EDGE ( 'NONE', *, *, #6791, .T. ) ;
#3200 = CIRCLE ( 'NONE', #3696, 2.000000000000002220 ) ;
#3201 = CARTESIAN_POINT ( 'NONE',  ( 65.73934106885518247, 29.63605708058133104, -4.406312522901217221 ) ) ;
#3202 = DIRECTION ( 'NONE',  ( 0.000000000000000000, 0.000000000000000000, 1.000000000000000000 ) ) ;
#3203 = ORIENTED_EDGE ( 'NONE', *, *, #4459, .T. ) ;
#3204 = VECTOR ( 'NONE', #1091, 1000.000000000000000 ) ;
#3205 = DIRECTION ( 'NONE',  ( -0.000000000000000000, -0.000000000000000000, 1.000000000000000000 ) ) ;
#3206 = CARTESIAN_POINT ( 'NONE',  ( -28.00000000000000355, 49.98575841387692265, 2.000000000000000000 ) ) ;
#3207 = CARTESIAN_POINT ( 'NONE',  ( 3.111111111111131589, -24.55931650089592466, 1.000000000000000888 ) ) ;
#3208 = ORIENTED_EDGE ( 'NONE', *, *, #4090, .T. ) ;
#3209 = EDGE_LOOP ( 'NONE', ( #4916, #1695, #439, #3055, #1905, #1950, #7024, #932, #5045, #2992, #7693, #6446 ) ) ;
#3210 = EDGE_CURVE ( 'NONE', #38, #2759, #3766, .T. ) ;
#3211 = DIRECTION ( 'NONE',  ( 0.000000000000000000, -1.000000000000000000, 0.000000000000000000 ) ) ;
#3212 = DIRECTION ( 'NONE',  ( -1.000000000000000000, 0.000000000000000000, 0.000000000000000000 ) ) ;
#3213 = DIRECTION ( 'NONE',  ( 0.000000000000000000, 0.7071067811865376918, -0.7071067811865574537 ) ) ;
#3214 = ORIENTED_EDGE ( 'NONE', *, *, #5555, .F. ) ;
#3215 = VERTEX_POINT ( 'NONE', #5917 ) ;
#3216 = DIRECTION ( 'NONE',  ( -1.000000000000000000, 0.000000000000000000, 0.000000000000000000 ) ) ;
#3217 = LINE ( 'NONE', #5038, #459 ) ;
#3218 = EDGE_CURVE ( 'NONE', #3560, #1482, #742, .T. ) ;
#3219 = CARTESIAN_POINT ( 'NONE',  ( -66.99999999999994316, -41.50000000000000000, -2.000000000000000000 ) ) ;
#3220 = DIRECTION ( 'NONE',  ( 0.000000000000000000, 0.000000000000000000, -1.000000000000000000 ) ) ;
#3221 = EDGE_CURVE ( 'NONE', #747, #5169, #2313, .T. ) ;
#3222 = CARTESIAN_POINT ( 'NONE',  ( 67.04232782601756924, 34.46714010127374195, -8.459999999999991971 ) ) ;
#3223 = DIRECTION ( 'NONE',  ( 2.710505431213764536E-16, -1.000000000000000000, 0.000000000000000000 ) ) ;
#3224 = CARTESIAN_POINT ( 'NONE',  ( 56.50812668709959752, -37.16100099891844621, -4.704022379819855715 ) ) ;
#3225 = ORIENTED_EDGE ( 'NONE', *, *, #908, .F. ) ;
#3226 = ORIENTED_EDGE ( 'NONE', *, *, #6371, .T. ) ;
#3227 = EDGE_CURVE ( 'NONE', #3613, #5510, #4810, .T. ) ;
#3228 = ORIENTED_EDGE ( 'NONE', *, *, #1565, .T. ) ;
#3229 = CIRCLE ( 'NONE', #7638, 2.999999999999995559 ) ;
#3230 = CARTESIAN_POINT ( 'NONE',  ( 56.50673875017862002, 37.16246844987133358, -4.702890163617190034 ) ) ;
#3231 = VERTEX_POINT ( 'NONE', #1812 ) ;
#3232 = CYLINDRICAL_SURFACE ( 'NONE', #4503, 0.2000000000000057288 ) ;
#3233 = FACE_OUTER_BOUND ( 'NONE', #3126, .T. ) ;
#3234 = VECTOR ( 'NONE', #6449, 1000.000000000000000 ) ;
#3235 = EDGE_CURVE ( 'NONE', #4467, #6272, #3548, .T. ) ;
#3236 = CARTESIAN_POINT ( 'NONE',  ( 65.99977193695970357, 29.76179273473653453, -4.505832740837197647 ) ) ;
#3237 = EDGE_CURVE ( 'NONE', #1567, #7655, #4099, .T. ) ;
#3238 = VERTEX_POINT ( 'NONE', #3035 ) ;
#3239 = PRESENTATION_LAYER_ASSIGNMENT (  '', '', ( #6897 ) ) ;
#3240 = LINE ( 'NONE', #247, #5336 ) ;
#3241 = CARTESIAN_POINT ( 'NONE',  ( -60.63078954500928575, -36.49999999999991473, -8.385224927784191706 ) ) ;
#3242 = ADVANCED_FACE ( 'NONE', ( #4728 ), #6633, .T. ) ;
#3243 = CARTESIAN_POINT ( 'NONE',  ( 62.19999999999995310, -36.88341924626904955, 2.000000000000000000 ) ) ;
#3244 = AXIS2_PLACEMENT_3D ( 'NONE', #207, #1229, #714 ) ;
#3245 = EDGE_LOOP ( 'NONE', ( #1666, #6064, #5681, #4567 ) ) ;
#3246 = EDGE_LOOP ( 'NONE', ( #1989, #3859, #6401, #231 ) ) ;
#3247 = CARTESIAN_POINT ( 'NONE',  ( 11.99999999999999822, 49.98575841387692265, 2.000000000000000000 ) ) ;
#3248 = LINE ( 'NONE', #3806, #2810 ) ;
#3249 = CARTESIAN_POINT ( 'NONE',  ( -13.00000000000000178, 49.98575841387692265, 0.9999999999999713562 ) ) ;
#3250 = EDGE_LOOP ( 'NONE', ( #3372, #1948, #6883, #1452 ) ) ;
#3251 = VERTEX_POINT ( 'NONE', #2914 ) ;
#3252 = DIRECTION ( 'NONE',  ( 0.000000000000000000, 0.000000000000000000, -1.000000000000000000 ) ) ;
#3253 = LINE ( 'NONE', #816, #1968 ) ;
#3254 = DIRECTION ( 'NONE',  ( -0.000000000000000000, -0.000000000000000000, 1.000000000000000000 ) ) ;
#3255 = CARTESIAN_POINT ( 'NONE',  ( -3.111111111111092065, -24.55931650089592111, 1.000000000000000888 ) ) ;
#3256 = AXIS2_PLACEMENT_3D ( 'NONE', #583, #1051, #4677 ) ;
#3257 = CARTESIAN_POINT ( 'NONE',  ( 61.99999999999995026, -40.23205080756886787, -6.400000000000001243 ) ) ;
#3258 = VECTOR ( 'NONE', #5225, 1000.000000000000000 ) ;
#3259 = CARTESIAN_POINT ( 'NONE',  ( 64.89999999999996305, 41.90636658821879479, 2.000000000000000000 ) ) ;
#3260 = FACE_OUTER_BOUND ( 'NONE', #2284, .T. ) ;
#3261 = ADVANCED_FACE ( 'NONE', ( #7139 ), #1182, .T. ) ;
#3262 = VERTEX_POINT ( 'NONE', #5324 ) ;
#3263 = EDGE_CURVE ( 'NONE', #1049, #512, #1613, .T. ) ;
#3264 = ORIENTED_EDGE ( 'NONE', *, *, #7663, .F. ) ;
#3265 = CARTESIAN_POINT ( 'NONE',  ( 65.50000000000000000, 37.50000000000000000, 2.000000000000000000 ) ) ;
#3266 = AXIS2_PLACEMENT_3D ( 'NONE', #5390, #6655, #7211 ) ;
#3267 = VERTEX_POINT ( 'NONE', #7780 ) ;
#3268 = CYLINDRICAL_SURFACE ( 'NONE', #107, 0.1999999999999987899 ) ;
#3269 = DIRECTION ( 'NONE',  ( 0.000000000000000000, 0.000000000000000000, -1.000000000000000000 ) ) ;
#3270 = ORIENTED_EDGE ( 'NONE', *, *, #2690, .T. ) ;
#3271 = EDGE_CURVE ( 'NONE', #6425, #827, #6046, .T. ) ;
#3272 = CARTESIAN_POINT ( 'NONE',  ( -56.89746921118833711, -36.81115178397215715, -5.025801664504359501 ) ) ;
#3273 = ORIENTED_EDGE ( 'NONE', *, *, #7294, .T. ) ;
#3274 = EDGE_CURVE ( 'NONE', #4166, #7652, #1096, .T. ) ;
#3275 = DIRECTION ( 'NONE',  ( 1.000000000000000000, 0.000000000000000000, 0.000000000000000000 ) ) ;
#3276 = EDGE_CURVE ( 'NONE', #5412, #4262, #7044, .T. ) ;
#3277 = DIRECTION ( 'NONE',  ( 0.000000000000000000, 0.000000000000000000, 1.000000000000000000 ) ) ;
#3278 = ORIENTED_EDGE ( 'NONE', *, *, #3829, .T. ) ;
#3279 = ORIENTED_EDGE ( 'NONE', *, *, #7033, .F. ) ;
#3280 = EDGE_CURVE ( 'NONE', #5369, #4297, #469, .T. ) ;
#3281 = DIRECTION ( 'NONE',  ( -0.000000000000000000, -0.000000000000000000, -1.000000000000000000 ) ) ;
#3282 = VECTOR ( 'NONE', #2474, 1000.000000000000000 ) ;
#3283 = CYLINDRICAL_SURFACE ( 'NONE', #1288, 1.000000000000000888 ) ;
#3284 = FACE_OUTER_BOUND ( 'NONE', #4780, .T. ) ;
#3285 = ORIENTED_EDGE ( 'NONE', *, *, #7039, .F. ) ;
#3286 = EDGE_LOOP ( 'NONE', ( #4369, #6806, #2711, #2576 ) ) ;
#3287 = DIRECTION ( 'NONE',  ( -1.000000000000000000, 0.000000000000000000, 0.000000000000000000 ) ) ;
#3288 = CARTESIAN_POINT ( 'NONE',  ( -52.99090833947008150, 47.16642294966062821, 2.000000000000000000 ) ) ;
#3289 = CARTESIAN_POINT ( 'NONE',  ( -63.00000000000000000, 34.13078954500929285, -8.385224927784188154 ) ) ;
#3290 = DIRECTION ( 'NONE',  ( 1.000000000000000000, 0.000000000000000000, 0.000000000000000000 ) ) ;
#3291 = VERTEX_POINT ( 'NONE', #3462 ) ;
#3292 = DIRECTION ( 'NONE',  ( 0.000000000000000000, -0.000000000000000000, -1.000000000000000000 ) ) ;
#3293 = CARTESIAN_POINT ( 'NONE',  ( -2.999999999999980460, 0.000000000000000000, 1.000000000000000888 ) ) ;
#3294 = DIRECTION ( 'NONE',  ( 1.000000000000000000, -0.000000000000000000, 0.000000000000000000 ) ) ;
#3295 = ORIENTED_EDGE ( 'NONE', *, *, #5734, .T. ) ;
#3296 = ORIENTED_EDGE ( 'NONE', *, *, #953, .T. ) ;
#3297 = CARTESIAN_POINT ( 'NONE',  ( -65.00000000000000000, 38.49999999999999289, -8.459999999999991971 ) ) ;
#3298 = ORIENTED_EDGE ( 'NONE', *, *, #6371, .F. ) ;
#3299 = CARTESIAN_POINT ( 'NONE',  ( -55.99999999999990763, 38.49999999999999289, -4.300000000000022915 ) ) ;
#3300 = FACE_OUTER_BOUND ( 'NONE', #154, .T. ) ;
#3301 = EDGE_CURVE ( 'NONE', #3809, #7274, #7811, .T. ) ;
#3302 = VECTOR ( 'NONE', #2534, 1000.000000000000000 ) ;
#3303 = VERTEX_POINT ( 'NONE', #6003 ) ;
#3304 = AXIS2_PLACEMENT_3D ( 'NONE', #7488, #851, #2584 ) ;
#3305 = CARTESIAN_POINT ( 'NONE',  ( 63.34999999999997300, 38.50000000000002842, -6.400000000000001243 ) ) ;
#3306 = AXIS2_PLACEMENT_3D ( 'NONE', #2032, #957, #5667 ) ;
#3307 = DIRECTION ( 'NONE',  ( -0.000000000000000000, -0.000000000000000000, -1.000000000000000000 ) ) ;
#3308 = ORIENTED_EDGE ( 'NONE', *, *, #6322, .F. ) ;
#3310 = EDGE_CURVE ( 'NONE', #5902, #3093, #3335, .T. ) ;
#3309 = AXIS2_PLACEMENT_3D ( 'NONE', #774, #819, #7563 ) ;
#3311 = PLANE ( 'NONE',  #5891 ) ;
#3312 = DIRECTION ( 'NONE',  ( -0.000000000000000000, 1.000000000000000000, 0.000000000000000000 ) ) ;
#3313 = EDGE_CURVE ( 'NONE', #1347, #839, #597, .T. ) ;
#3314 = AXIS2_PLACEMENT_3D ( 'NONE', #4277, #60, #6099 ) ;
#3315 = EDGE_LOOP ( 'NONE', ( #2383, #6483, #6722, #3226, #7746 ) ) ;
#3316 = EDGE_LOOP ( 'NONE', ( #625, #6493, #1291, #540 ) ) ;
#3317 = EDGE_CURVE ( 'NONE', #3948, #7735, #985, .T. ) ;
#3318 = DIRECTION ( 'NONE',  ( 1.000000000000000000, 0.000000000000000000, 0.000000000000000000 ) ) ;
#3319 = DIRECTION ( 'NONE',  ( -1.000000000000000000, -4.205390244792263185E-15, 0.000000000000000000 ) ) ;
#3320 = AXIS2_PLACEMENT_3D ( 'NONE', #4858, #7271, #6088 ) ;
#3321 = EDGE_LOOP ( 'NONE', ( #3371, #465, #6645, #881 ) ) ;
#3322 = ADVANCED_FACE ( 'NONE', ( #786 ), #3111, .T. ) ;
#3323 = VERTEX_POINT ( 'NONE', #198 ) ;
#3324 = CARTESIAN_POINT ( 'NONE',  ( -64.99999999999994316, -38.49999999999996447, -8.167106781186543429 ) ) ;
#3325 = CARTESIAN_POINT ( 'NONE',  ( 3.500000000000017319, -26.16274646641389268, -8.511675595743399825 ) ) ;
#3326 = CARTESIAN_POINT ( 'NONE',  ( -4.499999999999979572, -26.16274646641389268, 0.000000000000000000 ) ) ;
#3327 = ADVANCED_FACE ( 'NONE', ( #5565 ), #6081, .F. ) ;
#3328 = DIRECTION ( 'NONE',  ( 1.000000000000000000, 0.000000000000000000, 0.000000000000000000 ) ) ;
#3329 = VERTEX_POINT ( 'NONE', #4296 ) ;
#3330 = LINE ( 'NONE', #4441, #6594 ) ;
#3331 = FACE_OUTER_BOUND ( 'NONE', #3246, .T. ) ;
#3332 = DIRECTION ( 'NONE',  ( 0.000000000000000000, 0.000000000000000000, -1.000000000000000000 ) ) ;
#3333 = ORIENTED_EDGE ( 'NONE', *, *, #4152, .F. ) ;
#3334 = EDGE_CURVE ( 'NONE', #6580, #6095, #4261, .T. ) ;
#3335 = B_SPLINE_CURVE_WITH_KNOTS ( 'NONE', 3,
 ( #2997, #7696, #4685, #7099 ),
 .UNSPECIFIED., .F., .F.,
 ( 4, 4 ),
 ( 7.152448122690996019E-18, 0.0005144902296436859460 ),
 .UNSPECIFIED. ) ;
#3336 = ORIENTED_EDGE ( 'NONE', *, *, #160, .F. ) ;
#3337 = DIRECTION ( 'NONE',  ( -0.000000000000000000, -0.000000000000000000, -1.000000000000000000 ) ) ;
#3338 = ORIENTED_EDGE ( 'NONE', *, *, #7583, .T. ) ;
#3339 = DIRECTION ( 'NONE',  ( -1.000000000000000000, 0.000000000000000000, 0.000000000000000000 ) ) ;
#3340 = LINE ( 'NONE', #5119, #7747 ) ;
#3341 = VERTEX_POINT ( 'NONE', #6120 ) ;
#3342 = VECTOR ( 'NONE', #4762, 1000.000000000000000 ) ;
#3343 = ORIENTED_EDGE ( 'NONE', *, *, #5055, .T. ) ;
#3344 = CARTESIAN_POINT ( 'NONE',  ( 2.000000000000023981, -32.56274646641389836, -8.511675595743399825 ) ) ;
#3345 = CARTESIAN_POINT ( 'NONE',  ( 60.63078954500927864, -36.49999999999999289, -8.385224927784191706 ) ) ;
#3346 = ORIENTED_EDGE ( 'NONE', *, *, #7701, .F. ) ;
#3347 = VECTOR ( 'NONE', #6333, 1000.000000000000000 ) ;
#3348 = DIRECTION ( 'NONE',  ( 0.000000000000000000, 0.000000000000000000, -1.000000000000000000 ) ) ;
#3349 = EDGE_CURVE ( 'NONE', #1941, #4690, #6203, .T. ) ;
#3350 = DIRECTION ( 'NONE',  ( 1.000000000000000000, 0.000000000000000000, 0.000000000000000000 ) ) ;
#3351 = EDGE_CURVE ( 'NONE', #7496, #1505, #2623, .T. ) ;
#3352 = AXIS2_PLACEMENT_3D ( 'NONE', #2376, #3605, #1234 ) ;
#3353 = ORIENTED_EDGE ( 'NONE', *, *, #1977, .F. ) ;
#3354 = AXIS2_PLACEMENT_3D ( 'NONE', #2865, #5832, #4719 ) ;
#3355 = ORIENTED_EDGE ( 'NONE', *, *, #4680, .F. ) ;
#3356 = DIRECTION ( 'NONE',  ( -1.000000000000000000, -6.938893903907222067E-15, 0.000000000000000000 ) ) ;
#3357 = DIRECTION ( 'NONE',  ( -1.000000000000000000, 0.000000000000000000, -0.000000000000000000 ) ) ;
#3358 = CIRCLE ( 'NONE', #1979, 6.500000000000005329 ) ;
#3359 = ORIENTED_EDGE ( 'NONE', *, *, #5495, .T. ) ;
#3360 = ORIENTED_EDGE ( 'NONE', *, *, #7129, .T. ) ;
#3361 = CARTESIAN_POINT ( 'NONE',  ( -12.00000000000000178, 50.98575841387691554, 0.9999999999999713562 ) ) ;
#3362 = DIRECTION ( 'NONE',  ( 0.000000000000000000, 1.000000000000000000, 0.000000000000000000 ) ) ;
#3363 = CYLINDRICAL_SURFACE ( 'NONE', #545, 3.499999999999997780 ) ;
#3364 = PLANE ( 'NONE',  #6521 ) ;
#3365 = LINE ( 'NONE', #3443, #6339 ) ;
#3366 = ADVANCED_FACE ( 'NONE', ( #6670 ), #2366, .F. ) ;
#3367 = CARTESIAN_POINT ( 'NONE',  ( -63.56466158446563952, -30.10118522780065220, -4.780016760124735420 ) ) ;
#3368 = CARTESIAN_POINT ( 'NONE',  ( 56.13605708058128840, -39.23934106885524642, -4.406312522901179030 ) ) ;
#3369 = EDGE_CURVE ( 'NONE', #2271, #7794, #6164, .T. ) ;
#3370 = AXIS2_PLACEMENT_3D ( 'NONE', #5504, #7401, #5623 ) ;
#3371 = ORIENTED_EDGE ( 'NONE', *, *, #3498, .F. ) ;
#3372 = ORIENTED_EDGE ( 'NONE', *, *, #3645, .F. ) ;
#3373 = LINE ( 'NONE', #1007, #5936 ) ;
#3374 = ORIENTED_EDGE ( 'NONE', *, *, #4622, .F. ) ;
#3375 = VECTOR ( 'NONE', #1294, 1000.000000000000000 ) ;
#3376 = CYLINDRICAL_SURFACE ( 'NONE', #5773, 1.999999999999974021 ) ;
#3377 = DIRECTION ( 'NONE',  ( -1.000000000000000000, 0.000000000000000000, 0.000000000000000000 ) ) ;
#3378 = EDGE_CURVE ( 'NONE', #5669, #6580, #1416, .T. ) ;
#3379 = DIRECTION ( 'NONE',  ( -0.000000000000000000, -0.000000000000000000, -1.000000000000000000 ) ) ;
#3380 = VERTEX_POINT ( 'NONE', #2518 ) ;
#3381 = AXIS2_PLACEMENT_3D ( 'NONE', #2274, #1644, #5286 ) ;
#3382 = AXIS2_PLACEMENT_3D ( 'NONE', #2375, #5895, #2286 ) ;
#3383 = VECTOR ( 'NONE', #6585, 1000.000000000000000 ) ;
#3384 = ORIENTED_EDGE ( 'NONE', *, *, #758, .F. ) ;
#3385 = DIRECTION ( 'NONE',  ( 0.000000000000000000, -0.7071067811865402453, 0.7071067811865549002 ) ) ;
#3386 = VECTOR ( 'NONE', #3550, 1000.000000000000000 ) ;
#3387 = LINE ( 'NONE', #1606, #3107 ) ;
#3388 = ORIENTED_EDGE ( 'NONE', *, *, #4338, .F. ) ;
#3389 = CARTESIAN_POINT ( 'NONE',  ( -60.37709820724720799, 36.49999999999998579, -8.263178694298579430 ) ) ;
#3390 = CARTESIAN_POINT ( 'NONE',  ( 62.87273940469459177, -34.61897591464006751, -8.459999999999991971 ) ) ;
#3391 = ORIENTED_EDGE ( 'NONE', *, *, #2172, .F. ) ;
#3392 = ORIENTED_EDGE ( 'NONE', *, *, #630, .T. ) ;
#3393 = EDGE_CURVE ( 'NONE', #4262, #3397, #1378, .T. ) ;
#3394 = CARTESIAN_POINT ( 'NONE',  ( 73.00000000000001421, -41.50000000000000000, 0.9999999999999713562 ) ) ;
#3395 = DIRECTION ( 'NONE',  ( -1.000000000000000000, 0.000000000000000000, 0.000000000000000000 ) ) ;
#3396 = CARTESIAN_POINT ( 'NONE',  ( 65.50000000000000000, -41.50000000000000000, 0.000000000000000000 ) ) ;
#3397 = VERTEX_POINT ( 'NONE', #4970 ) ;
#3398 = VERTEX_POINT ( 'NONE', #704 ) ;
#3399 = CARTESIAN_POINT ( 'NONE',  ( -13.00000000000000178, 48.98575841387692265, 0.000000000000000000 ) ) ;
#3400 = CYLINDRICAL_SURFACE ( 'NONE', #7646, 0.1999999999999987899 ) ;
#3401 = CARTESIAN_POINT ( 'NONE',  ( 64.99999999999995737, -38.49999999999999289, -6.400000000000001243 ) ) ;
#3402 = CARTESIAN_POINT ( 'NONE',  ( 59.50616610945207441, 40.50000000000001421, -7.461080156552555742 ) ) ;
#3403 = DIRECTION ( 'NONE',  ( 1.000000000000000000, 0.000000000000000000, 0.000000000000000000 ) ) ;
#3404 = CARTESIAN_POINT ( 'NONE',  ( -64.25721663443214027, -29.63742396373836741, -4.407387256988897661 ) ) ;
#3405 = CARTESIAN_POINT ( 'NONE',  ( 67.79999999999995453, -40.11658075373095045, 2.000000000000000000 ) ) ;
#3406 = VECTOR ( 'NONE', #4555, 1000.000000000000000 ) ;
#3407 = ORIENTED_EDGE ( 'NONE', *, *, #437, .F. ) ;
#3408 = ORIENTED_EDGE ( 'NONE', *, *, #1276, .F. ) ;
#3409 = DIRECTION ( 'NONE',  ( -0.4999999999999986677, -0.8660254037844394848, 0.000000000000000000 ) ) ;
#3410 = DIRECTION ( 'NONE',  ( 2.857361389682447194E-16, 0.7071067811865572317, 0.7071067811865378028 ) ) ;
#3411 = EDGE_CURVE ( 'NONE', #876, #4244, #3788, .T. ) ;
#3412 = ORIENTED_EDGE ( 'NONE', *, *, #4059, .T. ) ;
#3413 = LINE ( 'NONE', #2228, #6532 ) ;
#3414 = DIRECTION ( 'NONE',  ( 0.000000000000000000, -0.7071067811865573427, 0.7071067811865376918 ) ) ;
#3415 = CARTESIAN_POINT ( 'NONE',  ( -61.45516887613959511, -36.06603773584897965, -20.62223663640860494 ) ) ;
#3416 = ADVANCED_FACE ( 'NONE', ( #6244 ), #5654, .T. ) ;
#3417 = CARTESIAN_POINT ( 'NONE',  ( -57.99090833947008150, 45.99999999999999289, 2.000000000000000000 ) ) ;
#3418 = ORIENTED_EDGE ( 'NONE', *, *, #3090, .T. ) ;
#3419 = ORIENTED_EDGE ( 'NONE', *, *, #2727, .T. ) ;
#3420 = FACE_OUTER_BOUND ( 'NONE', #6055, .T. ) ;
#3421 = EDGE_CURVE ( 'NONE', #5638, #218, #118, .T. ) ;
#3422 = CARTESIAN_POINT ( 'NONE',  ( -28.99999999999999645, -41.50000000000000000, 2.000000000000000000 ) ) ;
#3423 = VERTEX_POINT ( 'NONE', #2440 ) ;
#3424 = CONICAL_SURFACE ( 'NONE', #164, 2.000000000000001776, 0.7853981633974346233 ) ;
#3425 = AXIS2_PLACEMENT_3D ( 'NONE', #1585, #4704, #2179 ) ;
#3426 = CARTESIAN_POINT ( 'NONE',  ( -62.56603773584905070, 34.95516887613961643, -20.62223663640860494 ) ) ;
#3427 = ORIENTED_EDGE ( 'NONE', *, *, #4120, .F. ) ;
#3428 = ORIENTED_EDGE ( 'NONE', *, *, #6510, .T. ) ;
#3429 = VECTOR ( 'NONE', #4748, 1000.000000000000000 ) ;
#3430 = AXIS2_PLACEMENT_3D ( 'NONE', #1048, #3410, #7723 ) ;
#3431 = DIRECTION ( 'NONE',  ( 0.000000000000000000, 0.000000000000000000, 1.000000000000000000 ) ) ;
#3432 = CARTESIAN_POINT ( 'NONE',  ( 52.99090833947008150, 47.16642294966062821, 2.000000000000000000 ) ) ;
#3433 = AXIS2_PLACEMENT_3D ( 'NONE', #2779, #7003, #3403 ) ;
#3434 = LINE ( 'NONE', #2883, #245 ) ;
#3435 = ORIENTED_EDGE ( 'NONE', *, *, #5190, .F. ) ;
#3436 = CIRCLE ( 'NONE', #426, 0.1999999999999987899 ) ;
#3437 = EDGE_LOOP ( 'NONE', ( #1559, #5958, #7697, #7052 ) ) ;
#3438 = DIRECTION ( 'NONE',  ( -0.000000000000000000, -0.000000000000000000, 1.000000000000000000 ) ) ;
#3439 = FACE_BOUND ( 'NONE', #419, .T. ) ;
#3440 = CARTESIAN_POINT ( 'NONE',  ( 66.99999999999992895, 31.50000000000000711, -2.000000000000000000 ) ) ;
#3441 = DIRECTION ( 'NONE',  ( 1.000000000000000000, 0.000000000000000000, 0.000000000000000000 ) ) ;
#3442 = CIRCLE ( 'NONE', #680, 1.000000000000000000 ) ;
#3443 = CARTESIAN_POINT ( 'NONE',  ( 64.99999999999997158, -41.96410161513774995, 2.000000000000000000 ) ) ;
#3444 = CARTESIAN_POINT ( 'NONE',  ( -65.59704390354229986, -29.58526673192315215, -4.366525468218802608 ) ) ;
#3445 = CARTESIAN_POINT ( 'NONE',  ( 56.59952231101470232, -39.93375472092618139, -4.778648769969299437 ) ) ;
#3446 = VECTOR ( 'NONE', #4417, 1000.000000000000000 ) ;
#3447 = ORIENTED_EDGE ( 'NONE', *, *, #7622, .F. ) ;
#3448 = EDGE_CURVE ( 'NONE', #6538, #5669, #6913, .T. ) ;
#3449 = VERTEX_POINT ( 'NONE', #7265 ) ;
#3450 = CARTESIAN_POINT ( 'NONE',  ( -60.79415766288853717, -36.49999999999991473, -8.446140753706966819 ) ) ;
#3451 = CARTESIAN_POINT ( 'NONE',  ( 60.63078954500926443, 36.50000000000001421, -2.000000000000000000 ) ) ;
#3452 = ORIENTED_EDGE ( 'NONE', *, *, #1015, .T. ) ;
#3453 = EDGE_CURVE ( 'NONE', #3238, #5480, #6443, .T. ) ;
#3454 = DIRECTION ( 'NONE',  ( 0.000000000000000000, 1.000000000000000000, 0.000000000000000000 ) ) ;
#3455 = DIRECTION ( 'NONE',  ( -1.000000000000000000, 0.000000000000000000, 0.000000000000000000 ) ) ;
#3456 = LINE ( 'NONE', #4014, #4374 ) ;
#3457 = CARTESIAN_POINT ( 'NONE',  ( 65.50000000000000000, -40.49999999999991473, -2.000000000000000000 ) ) ;
#3458 = ADVANCED_FACE ( 'NONE', ( #4889 ), #6161, .F. ) ;
#3459 = ORIENTED_EDGE ( 'NONE', *, *, #4753, .T. ) ;
#3460 = EDGE_LOOP ( 'NONE', ( #7775, #495, #4734, #1873 ) ) ;
#3461 = LINE ( 'NONE', #5877, #4796 ) ;
#3462 = CARTESIAN_POINT ( 'NONE',  ( -67.99999999999994316, -36.88341924626901402, -6.400000000000001243 ) ) ;
#3463 = VERTEX_POINT ( 'NONE', #6312 ) ;
#3464 = EDGE_CURVE ( 'NONE', #1049, #283, #799, .T. ) ;
#3465 = EDGE_CURVE ( 'NONE', #658, #4856, #2076, .T. ) ;
#3466 = CARTESIAN_POINT ( 'NONE',  ( 1.962405932198763026E-14, -26.16274646641389268, 0.000000000000000000 ) ) ;
#3467 = ORIENTED_EDGE ( 'NONE', *, *, #2089, .T. ) ;
#3468 = ORIENTED_EDGE ( 'NONE', *, *, #253, .F. ) ;
#3469 = DIRECTION ( 'NONE',  ( 1.000000000000000000, 0.000000000000000000, 0.000000000000000000 ) ) ;
#3470 = EDGE_CURVE ( 'NONE', #257, #6592, #4599, .T. ) ;
#3471 = LINE ( 'NONE', #5256, #3178 ) ;
#3472 = AXIS2_PLACEMENT_3D ( 'NONE', #7515, #6853, #3881 ) ;
#3473 = CARTESIAN_POINT ( 'NONE',  ( 56.99090833947008150, 46.00000000000000000, 0.000000000000000000 ) ) ;
#3474 = ORIENTED_EDGE ( 'NONE', *, *, #6305, .F. ) ;
#3475 = VERTEX_POINT ( 'NONE', #1485 ) ;
#3476 = CARTESIAN_POINT ( 'NONE',  ( 66.99999999999991473, -31.49999999999999289, -6.019890110719568810 ) ) ;
#3477 = DIRECTION ( 'NONE',  ( 0.000000000000000000, -0.000000000000000000, -1.000000000000000000 ) ) ;
#3478 = CARTESIAN_POINT ( 'NONE',  ( 64.99999999999995737, 38.50000000000000711, -8.167106781186543429 ) ) ;
#3479 = CYLINDRICAL_SURFACE ( 'NONE', #3491, 1.000000000000000444 ) ;
#3480 = FACE_OUTER_BOUND ( 'NONE', #1891, .T. ) ;
#3481 = VECTOR ( 'NONE', #7817, 1000.000000000000000 ) ;
#3482 = DIRECTION ( 'NONE',  ( 0.000000000000000000, 0.7071067811865597852, 0.7071067811865352493 ) ) ;
#3483 = DIRECTION ( 'NONE',  ( 1.000000000000000000, 0.000000000000000000, -0.000000000000000000 ) ) ;
#3484 = ORIENTED_EDGE ( 'NONE', *, *, #6562, .T. ) ;
#3485 = VERTEX_POINT ( 'NONE', #3299 ) ;
#3486 = CARTESIAN_POINT ( 'NONE',  ( -27.00000000000000355, 49.98575841387692265, 2.000000000000000000 ) ) ;
#3487 = AXIS2_PLACEMENT_3D ( 'NONE', #2608, #3638, #5021 ) ;
#3488 = LINE ( 'NONE', #1710, #45 ) ;
#3489 = VERTEX_POINT ( 'NONE', #5118 ) ;
#3490 = PLANE ( 'NONE',  #4769 ) ;
#3491 = AXIS2_PLACEMENT_3D ( 'NONE', #7043, #7002, #7117 ) ;
#3492 = CARTESIAN_POINT ( 'NONE',  ( 60.63078954500927154, -41.49999999999999289, -20.62223663640860494 ) ) ;
#3493 = CARTESIAN_POINT ( 'NONE',  ( -62.19999999999999574, 36.88341924626904955, -6.400000000000001243 ) ) ;
#3494 = CARTESIAN_POINT ( 'NONE',  ( 3.000000000000021316, -24.10119365360507260, 2.000000000000000000 ) ) ;
#3495 = DIRECTION ( 'NONE',  ( -0.000000000000000000, -0.000000000000000000, -1.000000000000000000 ) ) ;
#3496 = EDGE_CURVE ( 'NONE', #1567, #7376, #1488, .T. ) ;
#3497 = AXIS2_PLACEMENT_3D ( 'NONE', #4177, #3294, #3853 ) ;
#3498 = EDGE_CURVE ( 'NONE', #4691, #5217, #5678, .T. ) ;
#3499 = VERTEX_POINT ( 'NONE', #861 ) ;
#3500 = ORIENTED_EDGE ( 'NONE', *, *, #6603, .T. ) ;
#3501 = VECTOR ( 'NONE', #3860, 1000.000000000000000 ) ;
#3502 = EDGE_LOOP ( 'NONE', ( #5, #5054, #251, #5931, #1104, #4586, #5113 ) ) ;
#3503 = DIRECTION ( 'NONE',  ( 0.000000000000000000, 0.000000000000000000, 1.000000000000000000 ) ) ;
#3504 = CARTESIAN_POINT ( 'NONE',  ( 2.000000000000012879, -18.76274646641389765, -8.511675595743399825 ) ) ;
#3505 = ORIENTED_EDGE ( 'NONE', *, *, #4978, .T. ) ;
#3506 = CIRCLE ( 'NONE', #980, 1.649999999999998579 ) ;
#3507 = AXIS2_PLACEMENT_3D ( 'NONE', #2695, #6998, #1582 ) ;
#3508 = EDGE_CURVE ( 'NONE', #3845, #6982, #385, .T. ) ;
#3509 = AXIS2_PLACEMENT_3D ( 'NONE', #3243, #2643, #3350 ) ;
#3510 = CARTESIAN_POINT ( 'NONE',  ( -66.80771831814567463, 30.61263025016534556, -5.209152092904850484 ) ) ;
#3511 = ORIENTED_EDGE ( 'NONE', *, *, #6223, .T. ) ;
#3512 = VECTOR ( 'NONE', #7110, 1000.000000000000114 ) ;
#3513 = ORIENTED_EDGE ( 'NONE', *, *, #6378, .F. ) ;
#3514 = AXIS2_PLACEMENT_3D ( 'NONE', #3457, #2829, #1639 ) ;
#3515 = ADVANCED_FACE ( 'NONE', ( #6868 ), #3967, .F. ) ;
#3516 = CARTESIAN_POINT ( 'NONE',  ( -28.00000000000000355, 50.98575841387691554, 0.9999999999999715783 ) ) ;
#3517 = ADVANCED_FACE ( 'NONE', ( #310 ), #4137, .F. ) ;
#3518 = PLANE ( 'NONE',  #6712 ) ;
#3519 = AXIS2_PLACEMENT_3D ( 'NONE', #2445, #4892, #4264 ) ;
#3520 = PLANE ( 'NONE',  #3266 ) ;
#3521 = ORIENTED_EDGE ( 'NONE', *, *, #4459, .F. ) ;
#3522 = VERTEX_POINT ( 'NONE', #6937 ) ;
#3523 = CARTESIAN_POINT ( 'NONE',  ( -57.99999999999999289, 36.49999999999998579, 0.000000000000000000 ) ) ;
#3524 = DIRECTION ( 'NONE',  ( 0.000000000000000000, 0.000000000000000000, 1.000000000000000000 ) ) ;
#3525 = EDGE_CURVE ( 'NONE', #7735, #4318, #6900, .T. ) ;
#3526 = LINE ( 'NONE', #7676, #3564 ) ;
#3527 = DIRECTION ( 'NONE',  ( 0.000000000000000000, 0.000000000000000000, -1.000000000000000000 ) ) ;
#3528 = DIRECTION ( 'NONE',  ( 1.000000000000000000, 0.000000000000000000, 0.000000000000000000 ) ) ;
#3529 = CARTESIAN_POINT ( 'NONE',  ( -62.56603773584903649, -34.95516887613955959, -8.459999999999991971 ) ) ;
#3530 = CARTESIAN_POINT ( 'NONE',  ( -57.11119393171249925, 40.30709917625179628, -5.207897211454703523 ) ) ;
#3531 = ORIENTED_EDGE ( 'NONE', *, *, #5820, .F. ) ;
#3532 = VERTEX_POINT ( 'NONE', #2042 ) ;
#3533 = DIRECTION ( 'NONE',  ( -0.000000000000000000, -0.000000000000000000, 1.000000000000000000 ) ) ;
#3534 = CIRCLE ( 'NONE', #4168, 4.425786437626976877 ) ;
#3535 = LINE ( 'NONE', #2299, #5967 ) ;
#3536 = ORIENTED_EDGE ( 'NONE', *, *, #1015, .F. ) ;
#3537 = CARTESIAN_POINT ( 'NONE',  ( -63.00000000000000000, -41.50000000000000000, 0.000000000000000000 ) ) ;
#3538 = LINE ( 'NONE', #4600, #5477 ) ;
#3539 = DIRECTION ( 'NONE',  ( -0.000000000000000000, -0.000000000000000000, 1.000000000000000000 ) ) ;
#3540 = CARTESIAN_POINT ( 'NONE',  ( -60.63078954500922180, -40.49999999999991473, -8.385224927784186377 ) ) ;
#3541 = CARTESIAN_POINT ( 'NONE',  ( -66.99999999999995737, -31.49999999999991829, -6.019890110719514631 ) ) ;
#3542 = CIRCLE ( 'NONE', #3913, 0.2000000000000057288 ) ;
#3543 = LINE ( 'NONE', #3626, #4256 ) ;
#3544 = ORIENTED_EDGE ( 'NONE', *, *, #1164, .T. ) ;
#3545 = ORIENTED_EDGE ( 'NONE', *, *, #4727, .F. ) ;
#3546 = DIRECTION ( 'NONE',  ( 0.000000000000000000, 0.000000000000000000, -1.000000000000000000 ) ) ;
#3547 = ADVANCED_FACE ( 'NONE', ( #6383 ), #3232, .F. ) ;
#3548 = LINE ( 'NONE', #4182, #5147 ) ;
#3549 = ORIENTED_EDGE ( 'NONE', *, *, #5029, .T. ) ;
#3550 = DIRECTION ( 'NONE',  ( -0.000000000000000000, -0.000000000000000000, 1.000000000000000000 ) ) ;
#3551 = EDGE_LOOP ( 'NONE', ( #2498, #5248, #3467, #1216 ) ) ;
#3552 = ORIENTED_EDGE ( 'NONE', *, *, #1877, .T. ) ;
#3553 = EDGE_CURVE ( 'NONE', #1140, #4321, #6347, .T. ) ;
#3554 = AXIS2_PLACEMENT_3D ( 'NONE', #2218, #4705, #1551 ) ;
#3555 = PLANE ( 'NONE',  #5970 ) ;
#3556 = DIRECTION ( 'NONE',  ( -0.000000000000000000, -0.000000000000000000, -1.000000000000000000 ) ) ;
#3557 = VECTOR ( 'NONE', #2615, 1000.000000000000000 ) ;
#3558 = ADVANCED_FACE ( 'NONE', ( #6974 ), #3268, .F. ) ;
#3559 = CARTESIAN_POINT ( 'NONE',  ( -58.00000000000001421, -38.49999999999991473, -2.000000000000000000 ) ) ;
#3560 = VERTEX_POINT ( 'NONE', #970 ) ;
#3561 = EDGE_LOOP ( 'NONE', ( #2213, #3904, #193, #937 ) ) ;
#3562 = CARTESIAN_POINT ( 'NONE',  ( 63.87888974090579097, -29.83809398738641150, -4.566654465903601690 ) ) ;
#3563 = CARTESIAN_POINT ( 'NONE',  ( 62.19999999999995310, -40.11658075373093624, -6.400000000000001243 ) ) ;
#3564 = VECTOR ( 'NONE', #7042, 1000.000000000000000 ) ;
#3565 = DIRECTION ( 'NONE',  ( -0.000000000000000000, 0.000000000000000000, 1.000000000000000000 ) ) ;
#3566 = CARTESIAN_POINT ( 'NONE',  ( -64.99999999999994316, -38.49999999999996447, -8.459999999999991971 ) ) ;
#3567 = CARTESIAN_POINT ( 'NONE',  ( -66.43375472092614586, -30.09952231101466325, -4.778648769969291443 ) ) ;
#3568 = AXIS2_PLACEMENT_3D ( 'NONE', #7666, #3431, #4656 ) ;
#3569 = CARTESIAN_POINT ( 'NONE',  ( -55.99999999999997868, 38.65308685438994019, -4.300000000000080647 ) ) ;
#3570 = ADVANCED_FACE ( 'NONE', ( #2636 ), #3376, .T. ) ;
#3571 = AXIS2_PLACEMENT_3D ( 'NONE', #4118, #5463, #2974 ) ;
#3572 = ORIENTED_EDGE ( 'NONE', *, *, #2552, .F. ) ;
#3573 = B_SPLINE_CURVE_WITH_KNOTS ( 'NONE', 3,
 ( #886, #6818, #4361, #5738 ),
 .UNSPECIFIED., .F., .F.,
 ( 4, 4 ),
 ( 0.000000000000000000, 0.0005157067621903805785 ),
 .UNSPECIFIED. ) ;
#3574 = ORIENTED_EDGE ( 'NONE', *, *, #1565, .F. ) ;
#3575 = EDGE_CURVE ( 'NONE', #3303, #7029, #1598, .T. ) ;
#3576 = DIRECTION ( 'NONE',  ( -0.8660254037844381525, -0.5000000000000008882, 0.000000000000000000 ) ) ;
#3577 = CARTESIAN_POINT ( 'NONE',  ( 60.57421356237299648, -38.49999999999999289, -7.459999999999991971 ) ) ;
#3578 = ORIENTED_EDGE ( 'NONE', *, *, #3280, .F. ) ;
#3579 = VECTOR ( 'NONE', #5136, 1000.000000000000000 ) ;
#3580 = LINE ( 'NONE', #3537, #4390 ) ;
#3581 = LINE ( 'NONE', #1321, #1208 ) ;
#3582 = CIRCLE ( 'NONE', #2565, 1.000000000000000888 ) ;
#3583 = DIRECTION ( 'NONE',  ( 1.000000000000000000, 0.000000000000000000, 0.000000000000000000 ) ) ;
#3584 = LINE ( 'NONE', #7177, #3142 ) ;
#3585 = CIRCLE ( 'NONE', #312, 3.000000000000002665 ) ;
#3586 = CARTESIAN_POINT ( 'NONE',  ( 62.99999999999997158, -34.13078954500929285, -2.000000000000000000 ) ) ;
#3587 = EDGE_CURVE ( 'NONE', #3262, #1347, #5084, .T. ) ;
#3588 = AXIS2_PLACEMENT_3D ( 'NONE', #503, #4679, #2268 ) ;
#3589 = EDGE_LOOP ( 'NONE', ( #3654, #6996, #1731, #2699 ) ) ;
#3590 = ORIENTED_EDGE ( 'NONE', *, *, #5051, .F. ) ;
#3591 = PLANE ( 'NONE',  #1640 ) ;
#3592 = VECTOR ( 'NONE', #3827, 999.9999999999998863 ) ;
#3593 = DIRECTION ( 'NONE',  ( -0.000000000000000000, -0.000000000000000000, 1.000000000000000000 ) ) ;
#3594 = ORIENTED_EDGE ( 'NONE', *, *, #3496, .F. ) ;
#3595 = LINE ( 'NONE', #4779, #126 ) ;
#3596 = ORIENTED_EDGE ( 'NONE', *, *, #7164, .T. ) ;
#3597 = DIRECTION ( 'NONE',  ( -0.000000000000000000, -0.000000000000000000, 1.000000000000000000 ) ) ;
#3598 = DIRECTION ( 'NONE',  ( 0.000000000000000000, 0.7071067811865376918, -0.7071067811865574537 ) ) ;
#3599 = ADVANCED_FACE ( 'NONE', ( #4171 ), #4640, .F. ) ;
#3600 = EDGE_CURVE ( 'NONE', #2296, #5178, #3580, .T. ) ;
#3601 = DIRECTION ( 'NONE',  ( -0.000000000000000000, -0.000000000000000000, -1.000000000000000000 ) ) ;
#3602 = ORIENTED_EDGE ( 'NONE', *, *, #1236, .T. ) ;
#3603 = ORIENTED_EDGE ( 'NONE', *, *, #7448, .F. ) ;
#3604 = PLANE ( 'NONE',  #4513 ) ;
#3605 = DIRECTION ( 'NONE',  ( -0.000000000000000000, -0.000000000000000000, 1.000000000000000000 ) ) ;
#3606 = DIRECTION ( 'NONE',  ( -0.000000000000000000, -0.000000000000000000, -1.000000000000000000 ) ) ;
#3607 = DIRECTION ( 'NONE',  ( 0.000000000000000000, 0.000000000000000000, -1.000000000000000000 ) ) ;
#3608 = DIRECTION ( 'NONE',  ( -1.000000000000000000, 0.000000000000000000, 0.000000000000000000 ) ) ;
#3609 = CIRCLE ( 'NONE', #4735, 1.000000000000000888 ) ;
#3610 = DIRECTION ( 'NONE',  ( 0.000000000000000000, 0.000000000000000000, -1.000000000000000000 ) ) ;
#3611 = ORIENTED_EDGE ( 'NONE', *, *, #2019, .T. ) ;
#3612 = AXIS2_PLACEMENT_3D ( 'NONE', #6839, #5618, #7545 ) ;
#3613 = VERTEX_POINT ( 'NONE', #541 ) ;
#3614 = DIRECTION ( 'NONE',  ( 0.000000000000000000, -0.7071067811865376918, 0.7071067811865574537 ) ) ;
#3615 = CARTESIAN_POINT ( 'NONE',  ( 4.000000000000021316, -24.10119365360507260, -8.511675595743399825 ) ) ;
#3616 = ORIENTED_EDGE ( 'NONE', *, *, #3237, .F. ) ;
#3617 = AXIS2_PLACEMENT_3D ( 'NONE', #2835, #6762, #4569 ) ;
#3618 = LINE ( 'NONE', #694, #6404 ) ;
#3619 = VECTOR ( 'NONE', #6698, 1000.000000000000000 ) ;
#3620 = DIRECTION ( 'NONE',  ( -1.000000000000000000, 0.000000000000000000, 0.000000000000000000 ) ) ;
#3621 = ADVANCED_FACE ( 'NONE', ( #2985 ), #5870, .F. ) ;
#3622 = CARTESIAN_POINT ( 'NONE',  ( 67.43396226415086403, -34.95516887613960222, 0.000000000000000000 ) ) ;
#3623 = CARTESIAN_POINT ( 'NONE',  ( -13.00000000000000178, 49.98575841387692265, 2.000000000000000000 ) ) ;
#3624 = DIRECTION ( 'NONE',  ( 1.000000000000000000, 0.000000000000000000, 0.000000000000000000 ) ) ;
#3625 = EDGE_CURVE ( 'NONE', #5986, #4798, #3506, .T. ) ;
#3626 = CARTESIAN_POINT ( 'NONE',  ( -3.999999999999981792, -24.10119365360506904, 0.000000000000000000 ) ) ;
#3627 = EDGE_LOOP ( 'NONE', ( #446, #7100, #4773, #3549 ) ) ;
#3628 = VECTOR ( 'NONE', #5724, 1000.000000000000000 ) ;
#3629 = ORIENTED_EDGE ( 'NONE', *, *, #1490, .T. ) ;
#3630 = DIRECTION ( 'NONE',  ( 0.000000000000000000, -0.000000000000000000, -1.000000000000000000 ) ) ;
#3631 = DIRECTION ( 'NONE',  ( -0.000000000000000000, -0.000000000000000000, 1.000000000000000000 ) ) ;
#3632 = DIRECTION ( 'NONE',  ( 1.000000000000000000, 0.000000000000000000, 0.000000000000000000 ) ) ;
#3633 = AXIS2_PLACEMENT_3D ( 'NONE', #2070, #4477, #890 ) ;
#3634 = CARTESIAN_POINT ( 'NONE',  ( 64.99999999999995737, -38.49999999999999289, -8.459999999999991971 ) ) ;
#3635 = ORIENTED_EDGE ( 'NONE', *, *, #112, .T. ) ;
#3636 = VECTOR ( 'NONE', #6462, 1000.000000000000000 ) ;
#3637 = LINE ( 'NONE', #1819, #1434 ) ;
#3638 = DIRECTION ( 'NONE',  ( -0.000000000000000000, -0.000000000000000000, 1.000000000000000000 ) ) ;
#3639 = CYLINDRICAL_SURFACE ( 'NONE', #955, 1.000000000000000888 ) ;
#3640 = CIRCLE ( 'NONE', #491, 0.1999999999999987899 ) ;
#3641 = ORIENTED_EDGE ( 'NONE', *, *, #7320, .T. ) ;
#3642 = VECTOR ( 'NONE', #6074, 1000.000000000000000 ) ;
#3643 = ORIENTED_EDGE ( 'NONE', *, *, #1063, .T. ) ;
#3644 = CARTESIAN_POINT ( 'NONE',  ( 12.99999999999999822, 49.98575841387692265, 0.000000000000000000 ) ) ;
#3645 = EDGE_CURVE ( 'NONE', #6592, #6025, #5991, .T. ) ;
#3646 = CARTESIAN_POINT ( 'NONE',  ( -58.75134444885776475, 40.49999999999998579, -6.742325791223289677 ) ) ;
#3647 = CARTESIAN_POINT ( 'NONE',  ( -65.00000000000000000, 38.49999999999999289, -20.62223663640860494 ) ) ;
#3648 = CARTESIAN_POINT ( 'NONE',  ( 66.99999999999992895, -41.50000000000000000, 0.000000000000000000 ) ) ;
#3649 = CARTESIAN_POINT ( 'NONE',  ( 55.99090833947008150, 47.16642294966062821, 2.000000000000000000 ) ) ;
#3650 = VERTEX_POINT ( 'NONE', #1673 ) ;
#3651 = EDGE_LOOP ( 'NONE', ( #2473, #6132, #435, #6704 ) ) ;
#3652 = CARTESIAN_POINT ( 'NONE',  ( 49.17157287525380838, 54.98575841387691554, 2.000000000000000000 ) ) ;
#3653 = DIRECTION ( 'NONE',  ( -1.000000000000000000, 0.000000000000000000, 0.000000000000000000 ) ) ;
#3654 = ORIENTED_EDGE ( 'NONE', *, *, #4276, .F. ) ;
#3655 = CARTESIAN_POINT ( 'NONE',  ( 67.43396226415087824, 34.95516887613962353, -8.459999999999991971 ) ) ;
#3656 = DIRECTION ( 'NONE',  ( 0.000000000000000000, -0.000000000000000000, 1.000000000000000000 ) ) ;
#3657 = EDGE_CURVE ( 'NONE', #5330, #976, #1010, .T. ) ;
#3658 = DIRECTION ( 'NONE',  ( -0.000000000000000000, -0.000000000000000000, 1.000000000000000000 ) ) ;
#3659 = DIRECTION ( 'NONE',  ( -0.000000000000000000, -0.000000000000000000, -1.000000000000000000 ) ) ;
#3660 = LINE ( 'NONE', #1286, #5282 ) ;
#3661 = DIRECTION ( 'NONE',  ( -0.000000000000000000, -0.000000000000000000, 1.000000000000000000 ) ) ;
#3662 = ORIENTED_EDGE ( 'NONE', *, *, #1001, .T. ) ;
#3663 = EDGE_CURVE ( 'NONE', #1942, #4836, #2495, .T. ) ;
#3664 = ORIENTED_EDGE ( 'NONE', *, *, #4720, .T. ) ;
#3665 = CARTESIAN_POINT ( 'NONE',  ( 56.13742396373838517, 39.24278336556785263, -4.407387256988902102 ) ) ;
#3666 = EDGE_CURVE ( 'NONE', #5480, #2271, #2388, .T. ) ;
#3667 = CARTESIAN_POINT ( 'NONE',  ( -60.27278170635822363, 36.49999999999998579, -8.167106781186573627 ) ) ;
#3668 = ORIENTED_EDGE ( 'NONE', *, *, #3181, .T. ) ;
#3669 = VECTOR ( 'NONE', #3546, 1000.000000000000000 ) ;
#3670 = EDGE_CURVE ( 'NONE', #7707, #4377, #2302, .T. ) ;
#3671 = LINE ( 'NONE', #6085, #4153 ) ;
#3672 = EDGE_CURVE ( 'NONE', #5649, #2002, #6136, .T. ) ;
#3673 = EDGE_LOOP ( 'NONE', ( #2341, #234, #4415, #1280 ) ) ;
#3674 = DIRECTION ( 'NONE',  ( -1.000000000000000000, 0.000000000000000000, 0.000000000000000000 ) ) ;
#3675 = FACE_OUTER_BOUND ( 'NONE', #7186, .T. ) ;
#3676 = DIRECTION ( 'NONE',  ( 0.8660254037844393737, -0.4999999999999988898, 0.000000000000000000 ) ) ;
#3677 = EDGE_LOOP ( 'NONE', ( #3047, #1576, #7494 ) ) ;
#3678 = ORIENTED_EDGE ( 'NONE', *, *, #2638, .F. ) ;
#3679 = LINE ( 'NONE', #7355, #7521 ) ;
#3680 = CARTESIAN_POINT ( 'NONE',  ( -67.79999999999996874, 36.88341924626904245, 2.000000000000000000 ) ) ;
#3681 = B_SPLINE_CURVE_WITH_KNOTS ( 'NONE', 3,
 ( #6135, #2414, #7278, #4309 ),
 .UNSPECIFIED., .F., .F.,
 ( 4, 4 ),
 ( -0.0009426512253647573170, 0.002184079982300901439 ),
 .UNSPECIFIED. ) ;
#3682 = AXIS2_PLACEMENT_3D ( 'NONE', #5584, #3091, #178 ) ;
#3683 = DIRECTION ( 'NONE',  ( -0.000000000000000000, -0.000000000000000000, 1.000000000000000000 ) ) ;
#3684 = CARTESIAN_POINT ( 'NONE',  ( -65.09999999999999432, 41.90636658821878058, -6.400000000000001243 ) ) ;
#3685 = FACE_OUTER_BOUND ( 'NONE', #3316, .T. ) ;
#3686 = ORIENTED_EDGE ( 'NONE', *, *, #1063, .F. ) ;
#3687 = VECTOR ( 'NONE', #1116, 1000.000000000000000 ) ;
#3688 = ADVANCED_FACE ( 'NONE', ( #4717 ), #115, .T. ) ;
#3689 = ORIENTED_EDGE ( 'NONE', *, *, #437, .T. ) ;
#3690 = CYLINDRICAL_SURFACE ( 'NONE', #4933, 1.000000000000000888 ) ;
#3691 = CARTESIAN_POINT ( 'NONE',  ( 67.99999999999991473, -34.13078954500927864, -20.62223663640860494 ) ) ;
#3692 = ORIENTED_EDGE ( 'NONE', *, *, #2767, .T. ) ;
#3693 = CARTESIAN_POINT ( 'NONE',  ( 61.45516887613958801, 36.06603773584907202, -8.459999999999991971 ) ) ;
#3694 = CARTESIAN_POINT ( 'NONE',  ( -67.99999999999997158, 40.23205080756886787, -6.400000000000001243 ) ) ;
#3695 = CARTESIAN_POINT ( 'NONE',  ( 66.99999999999992895, 31.50000000000000711, 0.000000000000000000 ) ) ;
#3696 = AXIS2_PLACEMENT_3D ( 'NONE', #2780, #1554, #5822 ) ;
#3697 = CARTESIAN_POINT ( 'NONE',  ( -67.49999999999997158, -41.50000000000000000, 0.9999999999999713562 ) ) ;
#3698 = CARTESIAN_POINT ( 'NONE',  ( 72.00000000000001421, -41.50000000000000000, 2.000000000000000000 ) ) ;
#3699 = DIRECTION ( 'NONE',  ( -0.000000000000000000, -0.000000000000000000, -1.000000000000000000 ) ) ;
#3700 = VERTEX_POINT ( 'NONE', #460 ) ;
#3701 = EDGE_CURVE ( 'NONE', #2755, #1290, #7812, .T. ) ;
#3702 = VERTEX_POINT ( 'NONE', #5908 ) ;
#3704 = EDGE_CURVE ( 'NONE', #647, #3463, #2863, .T. ) ;
#3703 = TOROIDAL_SURFACE ( 'NONE', #6346, 4.425786437626971548, 1.000000000000000000 ) ;
#3705 = ORIENTED_EDGE ( 'NONE', *, *, #6125, .F. ) ;
#3706 = CARTESIAN_POINT ( 'NONE',  ( 12.00000000000000000, 50.98575841387691554, 0.9999999999999711342 ) ) ;
#3707 = DIRECTION ( 'NONE',  ( 0.000000000000000000, 0.000000000000000000, 1.000000000000000000 ) ) ;
#3708 = CARTESIAN_POINT ( 'NONE',  ( -60.27278170635815258, -40.49999999999991473, -8.167106781186573627 ) ) ;
#3709 = AXIS2_PLACEMENT_3D ( 'NONE', #1778, #3080, #2923 ) ;
#3710 = CARTESIAN_POINT ( 'NONE',  ( 56.99090833947007440, 47.16642294966062821, 0.9999999999999713562 ) ) ;
#3711 = VERTEX_POINT ( 'NONE', #7647 ) ;
#3712 = EDGE_CURVE ( 'NONE', #7112, #6142, #3413, .T. ) ;
#3713 = DIRECTION ( 'NONE',  ( -1.000000000000000000, 0.000000000000000000, 0.000000000000000000 ) ) ;
#3714 = DIRECTION ( 'NONE',  ( -0.000000000000000000, -0.000000000000000000, -1.000000000000000000 ) ) ;
#3715 = EDGE_CURVE ( 'NONE', #7734, #3085, #2875, .T. ) ;
#3716 = DIRECTION ( 'NONE',  ( 1.000000000000000000, 0.000000000000000000, 0.000000000000000000 ) ) ;
#3717 = VERTEX_POINT ( 'NONE', #1087 ) ;
#3718 = VERTEX_POINT ( 'NONE', #1129 ) ;
#3719 = CARTESIAN_POINT ( 'NONE',  ( -60.79425992883381014, -40.49999999999991473, -8.446178886083128390 ) ) ;
#3720 = CARTESIAN_POINT ( 'NONE',  ( 61.99999999999997158, -34.13078954500929285, -20.62223663640860494 ) ) ;
#3721 = ADVANCED_FACE ( 'NONE', ( #6540 ), #3490, .F. ) ;
#3722 = CYLINDRICAL_SURFACE ( 'NONE', #6232, 4.000000000000017764 ) ;
#3723 = CARTESIAN_POINT ( 'NONE',  ( 61.45516887613959511, 40.93396226415095640, 0.000000000000000000 ) ) ;
#3724 = LINE ( 'NONE', #2616, #6163 ) ;
#3725 = ORIENTED_EDGE ( 'NONE', *, *, #1101, .T. ) ;
#3726 = EDGE_LOOP ( 'NONE', ( #952, #470, #305, #348 ) ) ;
#3727 = LINE ( 'NONE', #2654, #5028 ) ;
#3728 = LINE ( 'NONE', #733, #7776 ) ;
#3729 = DIRECTION ( 'NONE',  ( -4.906538933386793298E-15, 0.7071067811865474617, -0.7071067811865474617 ) ) ;
#3730 = DIRECTION ( 'NONE',  ( -0.8660254037844385966, 0.4999999999999998890, 0.000000000000000000 ) ) ;
#3731 = AXIS2_PLACEMENT_3D ( 'NONE', #1835, #4915, #3653 ) ;
#3732 = DIRECTION ( 'NONE',  ( 0.8660254037844384856, 0.5000000000000002220, 0.000000000000000000 ) ) ;
#3733 = DIRECTION ( 'NONE',  ( 0.000000000000000000, 0.000000000000000000, -1.000000000000000000 ) ) ;
#3734 = DIRECTION ( 'NONE',  ( -1.000000000000000000, 0.000000000000000000, 0.000000000000000000 ) ) ;
#3735 = CARTESIAN_POINT ( 'NONE',  ( 60.49868155969895867, -40.49999999999999289, -8.335965212114826883 ) ) ;
#3736 = VERTEX_POINT ( 'NONE', #1874 ) ;
#3737 = ORIENTED_EDGE ( 'NONE', *, *, #3351, .F. ) ;
#3738 = AXIS2_PLACEMENT_3D ( 'NONE', #4308, #6569, #4864 ) ;
#3739 = EDGE_LOOP ( 'NONE', ( #6656, #2631, #4094, #6826, #6468, #2234, #6895, #7347, #4356, #4700, #5366, #3643 ) ) ;
#3740 = DIRECTION ( 'NONE',  ( -1.000000000000000000, 0.000000000000000000, 0.000000000000000000 ) ) ;
#3741 = VECTOR ( 'NONE', #3659, 1000.000000000000000 ) ;
#3742 = CARTESIAN_POINT ( 'NONE',  ( -57.99999999999999289, 36.49999999999998579, -6.019890110719553711 ) ) ;
#3743 = ORIENTED_EDGE ( 'NONE', *, *, #2153, .F. ) ;
#3744 = EDGE_CURVE ( 'NONE', #3613, #1450, #3618, .T. ) ;
#3745 = EDGE_CURVE ( 'NONE', #1870, #2632, #7424, .T. ) ;
#3746 = ORIENTED_EDGE ( 'NONE', *, *, #3147, .F. ) ;
#3747 = CARTESIAN_POINT ( 'NONE',  ( -13.00000000000000178, 48.98575841387692265, 0.9999999999999713562 ) ) ;
#3748 = CARTESIAN_POINT ( 'NONE',  ( 65.30737169817788867, -29.51792459747967712, -4.313911490792793124 ) ) ;
#3749 = AXIS2_PLACEMENT_3D ( 'NONE', #1201, #1829, #4164 ) ;
#3750 = VERTEX_POINT ( 'NONE', #1246 ) ;
#3751 = CIRCLE ( 'NONE', #5523, 3.499999999999997780 ) ;
#3752 = ADVANCED_FACE ( 'NONE', ( #4360 ), #5472, .F. ) ;
#3753 = CARTESIAN_POINT ( 'NONE',  ( 66.99999999999992895, 33.87721670837989052, -8.263287829770208148 ) ) ;
#3754 = FACE_OUTER_BOUND ( 'NONE', #68, .T. ) ;
#3755 = CIRCLE ( 'NONE', #5376, 1.000000000000000888 ) ;
#3756 = CARTESIAN_POINT ( 'NONE',  ( 61.99999999999995026, -40.23205080756886787, -6.400000000000001243 ) ) ;
#3757 = EDGE_LOOP ( 'NONE', ( #6238, #4811, #523, #2578 ) ) ;
#3758 = EDGE_CURVE ( 'NONE', #6982, #6142, #659, .T. ) ;
#3759 = VECTOR ( 'NONE', #239, 1000.000000000000000 ) ;
#3760 = VERTEX_POINT ( 'NONE', #3655 ) ;
#3761 = CARTESIAN_POINT ( 'NONE',  ( 62.87273940469460598, 34.61897591464007462, -8.459999999999991971 ) ) ;
#3762 = CARTESIAN_POINT ( 'NONE',  ( 61.99999999999993605, 40.11658075373093624, -6.400000000000001243 ) ) ;
#3763 = EDGE_CURVE ( 'NONE', #859, #2759, #5511, .T. ) ;
#3764 = LINE ( 'NONE', #5099, #2558 ) ;
#3765 = FACE_OUTER_BOUND ( 'NONE', #4026, .T. ) ;
#3766 = CIRCLE ( 'NONE', #6539, 4.000000000000003553 ) ;
#3767 = CIRCLE ( 'NONE', #1866, 1.000000000000000888 ) ;
#3768 = FACE_OUTER_BOUND ( 'NONE', #857, .T. ) ;
#3769 = CIRCLE ( 'NONE', #6551, 3.999999999999989786 ) ;
#3770 = ORIENTED_EDGE ( 'NONE', *, *, #3274, .T. ) ;
#3771 = EDGE_CURVE ( 'NONE', #4871, #1870, #6694, .T. ) ;
#3772 = ORIENTED_EDGE ( 'NONE', *, *, #2685, .T. ) ;
#3773 = CARTESIAN_POINT ( 'NONE',  ( 61.99999999999995026, -36.88341924626904955, -6.400000000000001243 ) ) ;
#3774 = AXIS2_PLACEMENT_3D ( 'NONE', #7469, #875, #358 ) ;
#3775 = DIRECTION ( 'NONE',  ( 0.000000000000000000, 0.000000000000000000, 1.000000000000000000 ) ) ;
#3776 = CARTESIAN_POINT ( 'NONE',  ( -64.89999999999999147, 41.90636658821878058, -6.400000000000001243 ) ) ;
#3777 = DIRECTION ( 'NONE',  ( 0.000000000000000000, 0.000000000000000000, 1.000000000000000000 ) ) ;
#3778 = FACE_OUTER_BOUND ( 'NONE', #7105, .T. ) ;
#3779 = CYLINDRICAL_SURFACE ( 'NONE', #6643, 7.500000000000007105 ) ;
#3780 = DIRECTION ( 'NONE',  ( 1.000000000000000000, 0.000000000000000000, 0.000000000000000000 ) ) ;
#3781 = CYLINDRICAL_SURFACE ( 'NONE', #3633, 0.2000000000000057288 ) ;
#3782 = VERTEX_POINT ( 'NONE', #6032 ) ;
#3783 = VERTEX_POINT ( 'NONE', #7291 ) ;
#3784 = VECTOR ( 'NONE', #1186, 1000.000000000000000 ) ;
#3785 = ORIENTED_EDGE ( 'NONE', *, *, #7663, .T. ) ;
#3786 = CARTESIAN_POINT ( 'NONE',  ( 57.99999999999995026, -38.49999999999999289, 0.000000000000000000 ) ) ;
#3787 = ORIENTED_EDGE ( 'NONE', *, *, #1476, .T. ) ;
#3788 = LINE ( 'NONE', #5011, #3884 ) ;
#3789 = ORIENTED_EDGE ( 'NONE', *, *, #5560, .T. ) ;
#3790 = EDGE_LOOP ( 'NONE', ( #4420, #2590, #4178, #3772 ) ) ;
#3791 = EDGE_CURVE ( 'NONE', #7123, #3085, #208, .T. ) ;
#3792 = LINE ( 'NONE', #5718, #7188 ) ;
#3793 = CARTESIAN_POINT ( 'NONE',  ( 2.000000000000009326, -34.56274646641389836, 0.000000000000000000 ) ) ;
#3794 = CIRCLE ( 'NONE', #3909, 1.000000000000000888 ) ;
#3795 = ORIENTED_EDGE ( 'NONE', *, *, #5890, .F. ) ;
#3796 = CARTESIAN_POINT ( 'NONE',  ( -63.00000000000001421, 32.25134444885775054, -6.742325791223289677 ) ) ;
#3797 = CARTESIAN_POINT ( 'NONE',  ( -2.999999999999980460, -24.10119365360506904, -8.511675595743399825 ) ) ;
#3798 = VECTOR ( 'NONE', #4085, 999.9999999999997726 ) ;
#3799 = ADVANCED_FACE ( 'NONE', ( #3060 ), #1364, .F. ) ;
#3800 = FACE_OUTER_BOUND ( 'NONE', #3757, .T. ) ;
#3801 = ORIENTED_EDGE ( 'NONE', *, *, #464, .T. ) ;
#3802 = ORIENTED_EDGE ( 'NONE', *, *, #11, .F. ) ;
#3803 = DIRECTION ( 'NONE',  ( -1.000000000000000000, 0.000000000000000000, 0.000000000000000000 ) ) ;
#3804 = CARTESIAN_POINT ( 'NONE',  ( 3.111111111111132033, -24.55931650089592466, 1.000000000000000888 ) ) ;
#3805 = EDGE_CURVE ( 'NONE', #1183, #2109, #2541, .T. ) ;
#3806 = CARTESIAN_POINT ( 'NONE',  ( 27.99999999999999645, 50.98575841387691554, 0.000000000000000000 ) ) ;
#3807 = DIRECTION ( 'NONE',  ( 1.000000000000000000, 0.000000000000000000, 0.000000000000000000 ) ) ;
#3808 = ORIENTED_EDGE ( 'NONE', *, *, #3313, .F. ) ;
#3809 = VERTEX_POINT ( 'NONE', #3693 ) ;
#3810 = DIRECTION ( 'NONE',  ( 1.000000000000000000, 0.000000000000000000, 0.000000000000000000 ) ) ;
#3811 = DIRECTION ( 'NONE',  ( 0.000000000000000000, 0.000000000000000000, -1.000000000000000000 ) ) ;
#3812 = CIRCLE ( 'NONE', #1029, 7.500000000000007105 ) ;
#3813 = DIRECTION ( 'NONE',  ( 0.000000000000000000, -0.000000000000000000, -1.000000000000000000 ) ) ;
#3814 = DIRECTION ( 'NONE',  ( -0.000000000000000000, -0.000000000000000000, -1.000000000000000000 ) ) ;
#3815 = DIRECTION ( 'NONE',  ( 1.000000000000000000, -0.000000000000000000, 0.000000000000000000 ) ) ;
#3816 = EDGE_CURVE ( 'NONE', #5886, #517, #3179, .T. ) ;
#3817 = DIRECTION ( 'NONE',  ( -1.000000000000000000, 0.000000000000000000, 0.000000000000000000 ) ) ;
#3818 = DIRECTION ( 'NONE',  ( -0.000000000000000000, 0.000000000000000000, -1.000000000000000000 ) ) ;
#3819 = CIRCLE ( 'NONE', #2673, 1.000000000000000888 ) ;
#3820 = EDGE_CURVE ( 'NONE', #2644, #3485, #1320, .T. ) ;
#3821 = ORIENTED_EDGE ( 'NONE', *, *, #7204, .T. ) ;
#3822 = ORIENTED_EDGE ( 'NONE', *, *, #4651, .F. ) ;
#3823 = CYLINDRICAL_SURFACE ( 'NONE', #2907, 4.000000000000003553 ) ;
#3824 = ORIENTED_EDGE ( 'NONE', *, *, #953, .F. ) ;
#3825 = VECTOR ( 'NONE', #7293, 1000.000000000000000 ) ;
#3826 = DIRECTION ( 'NONE',  ( -0.000000000000000000, 0.000000000000000000, 1.000000000000000000 ) ) ;
#3827 = DIRECTION ( 'NONE',  ( -0.7071067811865479058, 0.000000000000000000, -0.7071067811865472397 ) ) ;
#3828 = AXIS2_PLACEMENT_3D ( 'NONE', #5186, #3887, #2105 ) ;
#3829 = EDGE_CURVE ( 'NONE', #611, #316, #6775, .T. ) ;
#3830 = VECTOR ( 'NONE', #1692, 1000.000000000000227 ) ;
#3831 = VECTOR ( 'NONE', #1200, 1000.000000000000000 ) ;
#3832 = CARTESIAN_POINT ( 'NONE',  ( 66.99999999999992895, 31.27826502318836077, -5.806686620485598915 ) ) ;
#3833 = EDGE_LOOP ( 'NONE', ( #7020, #4070, #2374, #2592 ) ) ;
#3834 = CIRCLE ( 'NONE', #3320, 1.000000000000000000 ) ;
#3835 = CARTESIAN_POINT ( 'NONE',  ( -49.17157287525380838, 53.98575841387691554, 2.000000000000000000 ) ) ;
#3836 = CARTESIAN_POINT ( 'NONE',  ( 4.000000000000021316, -24.10119365360507260, 1.000000000000000888 ) ) ;
#3837 = LINE ( 'NONE', #2052, #5002 ) ;
#3838 = ORIENTED_EDGE ( 'NONE', *, *, #7761, .T. ) ;
#3839 = ORIENTED_EDGE ( 'NONE', *, *, #5061, .F. ) ;
#3840 = EDGE_CURVE ( 'NONE', #1347, #1081, #2503, .T. ) ;
#3841 = CARTESIAN_POINT ( 'NONE',  ( 11.99999999999999822, 49.98575841387692265, 0.000000000000000000 ) ) ;
#3842 = CARTESIAN_POINT ( 'NONE',  ( -1.999999999999980904, -32.56274646641389836, 0.000000000000000000 ) ) ;
#3843 = EDGE_CURVE ( 'NONE', #1720, #3267, #734, .T. ) ;
#3844 = CARTESIAN_POINT ( 'NONE',  ( -65.09999999999999432, 41.90636658821878058, 2.000000000000000000 ) ) ;
#3845 = VERTEX_POINT ( 'NONE', #3140 ) ;
#3846 = ORIENTED_EDGE ( 'NONE', *, *, #1325, .F. ) ;
#3847 = CARTESIAN_POINT ( 'NONE',  ( -62.00000000000000000, -34.13078954500923601, -20.62223663640860494 ) ) ;
#3848 = LINE ( 'NONE', #6260, #2715 ) ;
#3849 = CARTESIAN_POINT ( 'NONE',  ( -65.00000000000000000, 38.49999999999999289, -6.400000000000001243 ) ) ;
#3850 = FACE_OUTER_BOUND ( 'NONE', #252, .T. ) ;
#3851 = DIRECTION ( 'NONE',  ( 1.000000000000000000, 0.000000000000000000, 0.000000000000000000 ) ) ;
#3852 = LINE ( 'NONE', #3184, #4741 ) ;
#3853 = DIRECTION ( 'NONE',  ( 0.000000000000000000, 0.000000000000000000, -1.000000000000000000 ) ) ;
#3854 = ORIENTED_EDGE ( 'NONE', *, *, #4777, .T. ) ;
#3855 = B_SPLINE_CURVE_WITH_KNOTS ( 'NONE', 3,
 ( #398, #514, #5883, #3510, #2801, #5214, #2202, #1611, #4689, #2316, #1689, #6512, #5329, #1730, #4186, #4228, #4934, #1336, #4854, #2520, #5488, #4300, #7230, #123, #6596, #2403 ),
 .UNSPECIFIED., .F., .F.,
 ( 4, 2, 2, 2, 2, 2, 2, 2, 2, 2, 2, 2, 4 ),
 ( 8.673617379884035472E-19, 0.0009127677240409463226, 0.001825535448081891778, 0.002281919310102372474, 0.002738303172122853388, 0.003194687034143334301, 0.003651070896163815215, 0.004107454758184295694, 0.004563838620204777041, 0.005020222482225257521, 0.005476606344245738868, 0.006389374068286684215, 0.007302141792327629562 ),
 .UNSPECIFIED. ) ;
#3856 = VERTEX_POINT ( 'NONE', #5552 ) ;
#3857 = CARTESIAN_POINT ( 'NONE',  ( 60.37721670837985499, 36.50000000000001421, -8.263287829770209925 ) ) ;
#3858 = EDGE_CURVE ( 'NONE', #6950, #859, #146, .T. ) ;
#3859 = ORIENTED_EDGE ( 'NONE', *, *, #6231, .T. ) ;
#3860 = DIRECTION ( 'NONE',  ( 0.000000000000000000, -1.000000000000000000, 0.000000000000000000 ) ) ;
#3861 = CARTESIAN_POINT ( 'NONE',  ( 3.500000000000017319, -26.16274646641389268, 2.000000000000000000 ) ) ;
#3862 = EDGE_CURVE ( 'NONE', #6916, #1005, #7369, .T. ) ;
#3863 = AXIS2_PLACEMENT_3D ( 'NONE', #2063, #4470, #1992 ) ;
#3864 = CARTESIAN_POINT ( 'NONE',  ( 66.99999999999992895, 34.13078954500929285, -2.000000000000000000 ) ) ;
#3865 = EDGE_CURVE ( 'NONE', #2895, #2963, #1138, .T. ) ;
#3866 = ORIENTED_EDGE ( 'NONE', *, *, #5846, .F. ) ;
#3867 = AXIS2_PLACEMENT_3D ( 'NONE', #3493, #1013, #7613 ) ;
#3868 = CYLINDRICAL_SURFACE ( 'NONE', #1098, 0.2000000000000057288 ) ;
#3869 = LINE ( 'NONE', #4534, #4778 ) ;
#3870 = VECTOR ( 'NONE', #52, 1000.000000000000000 ) ;
#3871 = ORIENTED_EDGE ( 'NONE', *, *, #2795, .F. ) ;
#3872 = ORIENTED_EDGE ( 'NONE', *, *, #6487, .F. ) ;
#3873 = DIRECTION ( 'NONE',  ( 0.000000000000000000, -0.000000000000000000, -1.000000000000000000 ) ) ;
#3874 = CIRCLE ( 'NONE', #102, 1.649999999999998579 ) ;
#3875 = CARTESIAN_POINT ( 'NONE',  ( -66.99999999999995737, 31.49999999999997868, -2.000000000000000000 ) ) ;
#3876 = DIRECTION ( 'NONE',  ( 1.000000000000000000, 0.000000000000000000, 0.000000000000000000 ) ) ;
#3877 = ORIENTED_EDGE ( 'NONE', *, *, #477, .T. ) ;
#3878 = EDGE_CURVE ( 'NONE', #1961, #5902, #1993, .T. ) ;
#3879 = ORIENTED_EDGE ( 'NONE', *, *, #5337, .F. ) ;
#3880 = CARTESIAN_POINT ( 'NONE',  ( 62.56603773584903649, 34.95516887613962353, 0.000000000000000000 ) ) ;
#3881 = DIRECTION ( 'NONE',  ( -1.000000000000000000, 0.000000000000000000, 0.000000000000000000 ) ) ;
#3882 = DIRECTION ( 'NONE',  ( 1.000000000000000000, 0.000000000000000000, -0.000000000000000000 ) ) ;
#3883 = CARTESIAN_POINT ( 'NONE',  ( 67.12726059530530165, -34.61897591464004620, -8.459999999999991971 ) ) ;
#3884 = VECTOR ( 'NONE', #4930, 1000.000000000000000 ) ;
#3885 = DIRECTION ( 'NONE',  ( -1.000000000000000000, 6.938893903907222067E-15, 0.000000000000000000 ) ) ;
#3886 = AXIS2_PLACEMENT_3D ( 'NONE', #2849, #1033, #7514 ) ;
#3887 = DIRECTION ( 'NONE',  ( -0.000000000000000000, -0.000000000000000000, -1.000000000000000000 ) ) ;
#3888 = DIRECTION ( 'NONE',  ( 1.000000000000000000, 0.000000000000000000, -0.000000000000000000 ) ) ;
#3889 = VERTEX_POINT ( 'NONE', #373 ) ;
#3890 = ORIENTED_EDGE ( 'NONE', *, *, #5449, .T. ) ;
#3891 = DIRECTION ( 'NONE',  ( 0.000000000000000000, 0.000000000000000000, 1.000000000000000000 ) ) ;
#3892 = CIRCLE ( 'NONE', #7305, 1.000000000000000888 ) ;
#3893 = AXIS2_PLACEMENT_3D ( 'NONE', #5476, #73, #2469 ) ;
#3894 = VERTEX_POINT ( 'NONE', #4439 ) ;
#3895 = EDGE_CURVE ( 'NONE', #4836, #1942, #2556, .T. ) ;
#3896 = CARTESIAN_POINT ( 'NONE',  ( -3.999999999999976019, -28.22429927922271986, 0.000000000000000000 ) ) ;
#3897 = CYLINDRICAL_SURFACE ( 'NONE', #4458, 1.000000000000000888 ) ;
#3898 = EDGE_CURVE ( 'NONE', #3189, #5886, #5452, .T. ) ;
#3899 = ORIENTED_EDGE ( 'NONE', *, *, #537, .F. ) ;
#3900 = CIRCLE ( 'NONE', #4145, 3.499999999999997780 ) ;
#3901 = EDGE_CURVE ( 'NONE', #3750, #2825, #2932, .T. ) ;
#3902 = CARTESIAN_POINT ( 'NONE',  ( 63.31130072613280646, 30.39736166465749534, -5.025716521494276279 ) ) ;
#3903 = CARTESIAN_POINT ( 'NONE',  ( -64.99999999999994316, -38.49999999999996447, -8.459999999999991971 ) ) ;
#3904 = ORIENTED_EDGE ( 'NONE', *, *, #2842, .F. ) ;
#3905 = ADVANCED_FACE ( 'NONE', ( #5183 ), #6854, .T. ) ;
#3906 = CARTESIAN_POINT ( 'NONE',  ( -65.00000000000000000, 38.49999999999999289, 0.000000000000000000 ) ) ;
#3907 = EDGE_CURVE ( 'NONE', #2001, #1981, #1404, .T. ) ;
#3908 = DIRECTION ( 'NONE',  ( 1.000000000000000000, 0.000000000000000000, 0.000000000000000000 ) ) ;
#3909 = AXIS2_PLACEMENT_3D ( 'NONE', #1594, #341, #6458 ) ;
#3910 = ORIENTED_EDGE ( 'NONE', *, *, #249, .T. ) ;
#3911 = ORIENTED_EDGE ( 'NONE', *, *, #3464, .T. ) ;
#3912 = DIRECTION ( 'NONE',  ( 0.000000000000000000, 0.000000000000000000, -1.000000000000000000 ) ) ;
#3913 = AXIS2_PLACEMENT_3D ( 'NONE', #1632, #4045, #2225 ) ;
#3914 = CARTESIAN_POINT ( 'NONE',  ( 52.99090833947008150, 47.16642294966062821, 2.000000000000000000 ) ) ;
#3915 = ORIENTED_EDGE ( 'NONE', *, *, #5606, .T. ) ;
#3916 = VERTEX_POINT ( 'NONE', #5039 ) ;
#3917 = CARTESIAN_POINT ( 'NONE',  ( -62.19999999999996021, -36.88341924626902113, -6.400000000000001243 ) ) ;
#3918 = CARTESIAN_POINT ( 'NONE',  ( -61.99999999999995737, -36.88341924626902113, -6.400000000000001243 ) ) ;
#3919 = DIRECTION ( 'NONE',  ( 1.000000000000000000, 0.000000000000000000, 0.000000000000000000 ) ) ;
#3920 = CYLINDRICAL_SURFACE ( 'NONE', #5321, 4.299999999999998046 ) ;
#3921 = CARTESIAN_POINT ( 'NONE',  ( 51.29289321881343966, 53.10707875743654682, 2.000000000000000000 ) ) ;
#3922 = DIRECTION ( 'NONE',  ( 0.000000000000000000, 0.000000000000000000, -1.000000000000000000 ) ) ;
#3923 = FACE_OUTER_BOUND ( 'NONE', #5990, .T. ) ;
#3924 = DIRECTION ( 'NONE',  ( -0.5000000000000004441, 0.8660254037844383745, 0.000000000000000000 ) ) ;
#3925 = EDGE_LOOP ( 'NONE', ( #7507, #6324, #2233, #4903 ) ) ;
#3926 = VERTEX_POINT ( 'NONE', #297 ) ;
#3927 = LINE ( 'NONE', #2188, #3798 ) ;
#3928 = ORIENTED_EDGE ( 'NONE', *, *, #3820, .F. ) ;
#3929 = VECTOR ( 'NONE', #2815, 1000.000000000000000 ) ;
#3930 = DIRECTION ( 'NONE',  ( 0.000000000000000000, 0.000000000000000000, -1.000000000000000000 ) ) ;
#3931 = CARTESIAN_POINT ( 'NONE',  ( 65.09999999999996589, 35.09363341178117679, 2.000000000000000000 ) ) ;
#3932 = CIRCLE ( 'NONE', #3188, 1.649999999999998579 ) ;
#3933 = EDGE_CURVE ( 'NONE', #7724, #2550, #5106, .T. ) ;
#3934 = ADVANCED_FACE ( 'NONE', ( #2064 ), #6341, .T. ) ;
#3935 = ORIENTED_EDGE ( 'NONE', *, *, #638, .F. ) ;
#3936 = VECTOR ( 'NONE', #4408, 999.9999999999998863 ) ;
#3937 = ORIENTED_EDGE ( 'NONE', *, *, #3002, .T. ) ;
#3938 = CARTESIAN_POINT ( 'NONE',  ( 64.69262830182202606, 29.51792459747969488, -4.313911490792788683 ) ) ;
#3939 = VECTOR ( 'NONE', #573, 1000.000000000000000 ) ;
#3940 = FACE_OUTER_BOUND ( 'NONE', #1630, .T. ) ;
#3941 = EDGE_LOOP ( 'NONE', ( #2372, #2502, #6734, #27 ) ) ;
#3942 = CIRCLE ( 'NONE', #4332, 1.000000000000000888 ) ;
#3943 = CARTESIAN_POINT ( 'NONE',  ( 72.00000000000001421, 37.50000000000000000, 2.000000000000000000 ) ) ;
#3944 = AXIS2_PLACEMENT_3D ( 'NONE', #6614, #2292, #1160 ) ;
#3945 = DIRECTION ( 'NONE',  ( 1.000000000000000000, 0.000000000000000000, 0.000000000000000000 ) ) ;
#3946 = AXIS2_PLACEMENT_3D ( 'NONE', #5371, #2367, #4303 ) ;
#3947 = ORIENTED_EDGE ( 'NONE', *, *, #1012, .F. ) ;
#3948 = VERTEX_POINT ( 'NONE', #3326 ) ;
#3949 = ADVANCED_FACE ( 'NONE', ( #7517 ), #2099, .F. ) ;
#3950 = FACE_OUTER_BOUND ( 'NONE', #6215, .T. ) ;
#3951 = EDGE_CURVE ( 'NONE', #4211, #7496, #5328, .T. ) ;
#3952 = DIRECTION ( 'NONE',  ( 0.7071067811865573427, 0.000000000000000000, 0.7071067811865376918 ) ) ;
#3953 = ORIENTED_EDGE ( 'NONE', *, *, #7187, .T. ) ;
#3954 = VERTEX_POINT ( 'NONE', #2657 ) ;
#3955 = CARTESIAN_POINT ( 'NONE',  ( 64.99999999999995737, -38.49999999999999289, -7.459999999999991971 ) ) ;
#3956 = CARTESIAN_POINT ( 'NONE',  ( -55.99999999999998579, 38.49999999999998579, -2.000000000000000000 ) ) ;
#3957 = ADVANCED_FACE ( 'NONE', ( #261 ), #3363, .F. ) ;
#3958 = DIRECTION ( 'NONE',  ( 0.000000000000000000, 0.000000000000000000, -1.000000000000000000 ) ) ;
#3959 = CARTESIAN_POINT ( 'NONE',  ( -60.63078954500932127, 36.49999999999998579, -8.385224927784191706 ) ) ;
#3960 = DIRECTION ( 'NONE',  ( -0.8660254037844383745, -0.5000000000000004441, 0.000000000000000000 ) ) ;
#3961 = DIRECTION ( 'NONE',  ( -1.000000000000000000, 0.000000000000000000, 0.000000000000000000 ) ) ;
#3962 = CARTESIAN_POINT ( 'NONE',  ( 67.99999999999991473, -34.13078954500927864, 0.000000000000000000 ) ) ;
#3963 = ORIENTED_EDGE ( 'NONE', *, *, #3901, .F. ) ;
#3964 = ORIENTED_EDGE ( 'NONE', *, *, #1387, .F. ) ;
#3965 = DIRECTION ( 'NONE',  ( 1.000000000000000000, 0.000000000000000000, 0.000000000000000000 ) ) ;
#3966 = ORIENTED_EDGE ( 'NONE', *, *, #4078, .T. ) ;
#3967 = CYLINDRICAL_SURFACE ( 'NONE', #5275, 1.000000000000000222 ) ;
#3968 = DIRECTION ( 'NONE',  ( -0.5000000000000003331, 0.8660254037844385966, 0.000000000000000000 ) ) ;
#3969 = B_SPLINE_CURVE_WITH_KNOTS ( 'NONE', 3,
 ( #1556, #3569, #653, #1122, #2294, #1274, #2419, #5983, #22, #577, #3530, #4833, #4792, #5465 ),
 .UNSPECIFIED., .F., .F.,
 ( 4, 2, 2, 2, 2, 2, 4 ),
 ( 0.003654650331366437067, 0.004110586763986608626, 0.004566523196606779751, 0.005022459629226951744, 0.005478396061847122869, 0.006390268927087452977, 0.007302141792327783952 ),
 .UNSPECIFIED. ) ;
#3970 = PLANE ( 'NONE',  #5093 ) ;
#3971 = ORIENTED_EDGE ( 'NONE', *, *, #3263, .T. ) ;
#3972 = ORIENTED_EDGE ( 'NONE', *, *, #1833, .F. ) ;
#3973 = CARTESIAN_POINT ( 'NONE',  ( -58.00000000000002132, -40.49999999999991473, -6.019890110719648746 ) ) ;
#3974 = ADVANCED_FACE ( 'NONE', ( #6886 ), #885, .T. ) ;
#3975 = DIRECTION ( 'NONE',  ( 1.000000000000000000, 0.000000000000000000, 0.000000000000000000 ) ) ;
#3976 = ORIENTED_EDGE ( 'NONE', *, *, #3805, .F. ) ;
#3977 = CIRCLE ( 'NONE', #3472, 4.299999999999998046 ) ;
#3978 = DIRECTION ( 'NONE',  ( -0.000000000000000000, -0.000000000000000000, 1.000000000000000000 ) ) ;
#3979 = AXIS2_PLACEMENT_3D ( 'NONE', #2718, #1390, #6214 ) ;
#3980 = CARTESIAN_POINT ( 'NONE',  ( 61.99999999999993605, 36.76794919243110371, -6.400000000000001243 ) ) ;
#3981 = AXIS2_PLACEMENT_3D ( 'NONE', #1034, #5858, #2888 ) ;
#3982 = ORIENTED_EDGE ( 'NONE', *, *, #3235, .T. ) ;
#3983 = CIRCLE ( 'NONE', #2220, 0.1999999999999987899 ) ;
#3984 = ORIENTED_EDGE ( 'NONE', *, *, #1580, .T. ) ;
#3985 = EDGE_CURVE ( 'NONE', #4691, #5850, #920, .T. ) ;
#3986 = DIRECTION ( 'NONE',  ( 1.000000000000000000, 0.000000000000000000, 0.000000000000000000 ) ) ;
#3987 = B_SPLINE_CURVE_WITH_KNOTS ( 'NONE', 3,
 ( #1785, #1196, #614, #6056 ),
 .UNSPECIFIED., .F., .F.,
 ( 4, 4 ),
 ( 7.152448122690996019E-18, 0.0005144902296436796576 ),
 .UNSPECIFIED. ) ;
#3988 = LINE ( 'NONE', #6364, #4687 ) ;
#3989 = AXIS2_PLACEMENT_3D ( 'NONE', #5319, #2084, #3275 ) ;
#3990 = B_SPLINE_CURVE_WITH_KNOTS ( 'NONE', 3,
 ( #7379, #3857, #6827, #1414 ),
 .UNSPECIFIED., .F., .F.,
 ( 4, 4 ),
 ( 0.000000000000000000, 0.0004194706865624531775 ),
 .UNSPECIFIED. ) ;
#3991 = ADVANCED_FACE ( 'NONE', ( #5778 ), #5071, .F. ) ;
#3992 = CARTESIAN_POINT ( 'NONE',  ( 59.50616610945206020, -36.49999999999999289, -7.461080156552552189 ) ) ;
#3993 = EDGE_LOOP ( 'NONE', ( #5426, #1904, #3846, #7286 ) ) ;
#3994 = ORIENTED_EDGE ( 'NONE', *, *, #5796, .T. ) ;
#3995 = EDGE_CURVE ( 'NONE', #3499, #6275, #223, .T. ) ;
#3996 = LINE ( 'NONE', #6332, #7425 ) ;
#3997 = CARTESIAN_POINT ( 'NONE',  ( 65.50000000000000000, 43.99999999999999289, 2.000000000000000000 ) ) ;
#3998 = DIRECTION ( 'NONE',  ( 0.000000000000000000, 0.000000000000000000, 1.000000000000000000 ) ) ;
#3999 = VECTOR ( 'NONE', #7049, 1000.000000000000114 ) ;
#4000 = FACE_OUTER_BOUND ( 'NONE', #2926, .T. ) ;
#4001 = DIRECTION ( 'NONE',  ( 0.000000000000000000, 1.000000000000000000, 0.000000000000000000 ) ) ;
#4002 = CARTESIAN_POINT ( 'NONE',  ( -64.84319962634116052, -29.50027938724388576, -4.300217301250472524 ) ) ;
#4003 = CARTESIAN_POINT ( 'NONE',  ( 56.01746535649990477, -38.80367959753534279, -4.313555404615862621 ) ) ;
#4004 = EDGE_CURVE ( 'NONE', #2644, #7276, #2800, .T. ) ;
#4005 = ORIENTED_EDGE ( 'NONE', *, *, #6562, .F. ) ;
#4006 = ORIENTED_EDGE ( 'NONE', *, *, #5439, .T. ) ;
#4007 = CARTESIAN_POINT ( 'NONE',  ( -67.99999999999997158, 36.76794919243111082, -6.400000000000001243 ) ) ;
#4008 = PLANE ( 'NONE',  #1299 ) ;
#4009 = ORIENTED_EDGE ( 'NONE', *, *, #4405, .T. ) ;
#4010 = AXIS2_PLACEMENT_3D ( 'NONE', #7420, #2475, #6789 ) ;
#4011 = CARTESIAN_POINT ( 'NONE',  ( -2.999999999999980460, 0.000000000000000000, 2.000000000000000000 ) ) ;
#4012 = VECTOR ( 'NONE', #407, 1000.000000000000000 ) ;
#4013 = CARTESIAN_POINT ( 'NONE',  ( -64.99999999999995737, -38.49999999999995026, 0.000000000000000000 ) ) ;
#4014 = CARTESIAN_POINT ( 'NONE',  ( -66.99999999999994316, 34.13078954500926443, -8.459999999999991971 ) ) ;
#4015 = CARTESIAN_POINT ( 'NONE',  ( -8.000000000000000000, 54.98575841387692265, 2.000000000000000000 ) ) ;
#4016 = ORIENTED_EDGE ( 'NONE', *, *, #7622, .T. ) ;
#4017 = VECTOR ( 'NONE', #511, 1000.000000000000000 ) ;
#4018 = AXIS2_PLACEMENT_3D ( 'NONE', #571, #2970, #5379 ) ;
#4019 = VERTEX_POINT ( 'NONE', #6571 ) ;
#4020 = DIRECTION ( 'NONE',  ( -0.000000000000000000, -0.000000000000000000, 1.000000000000000000 ) ) ;
#4021 = LINE ( 'NONE', #315, #4371 ) ;
#4022 = EDGE_LOOP ( 'NONE', ( #5675, #951, #3972, #5965, #4973, #3801 ) ) ;
#4023 = ADVANCED_FACE ( 'NONE', ( #1156 ), #5818, .F. ) ;
#4024 = DIRECTION ( 'NONE',  ( -0.7071067811865573427, -0.000000000000000000, 0.7071067811865376918 ) ) ;
#4025 = ORIENTED_EDGE ( 'NONE', *, *, #2873, .T. ) ;
#4026 = EDGE_LOOP ( 'NONE', ( #6630, #7140, #309, #6558 ) ) ;
#4027 = CARTESIAN_POINT ( 'NONE',  ( -32.00000000000000000, 53.98575841387690843, 2.000000000000000000 ) ) ;
#4028 = LINE ( 'NONE', #6954, #1534 ) ;
#4029 = EDGE_CURVE ( 'NONE', #116, #3499, #7757, .T. ) ;
#4030 = EDGE_CURVE ( 'NONE', #2461, #658, #7472, .T. ) ;
#4031 = CARTESIAN_POINT ( 'NONE',  ( 64.99999999999995737, -38.49999999999999289, -20.62223663640860494 ) ) ;
#4032 = EDGE_LOOP ( 'NONE', ( #162, #3447, #5290, #969 ) ) ;
#4033 = ORIENTED_EDGE ( 'NONE', *, *, #5796, .F. ) ;
#4034 = PLANE ( 'NONE',  #5783 ) ;
#4035 = DIRECTION ( 'NONE',  ( 1.000000000000000000, 0.000000000000000000, -0.000000000000000000 ) ) ;
#4036 = DIRECTION ( 'NONE',  ( -0.000000000000000000, -0.000000000000000000, -1.000000000000000000 ) ) ;
#4037 = AXIS2_PLACEMENT_3D ( 'NONE', #3344, #433, #5758 ) ;
#4038 = CARTESIAN_POINT ( 'NONE',  ( 32.00000000000000000, 54.98575841387692265, 0.9999999999999713562 ) ) ;
#4039 = EDGE_CURVE ( 'NONE', #3522, #6504, #2814, .T. ) ;
#4040 = DIRECTION ( 'NONE',  ( -1.000000000000000000, 4.040919229890095739E-16, 0.000000000000000000 ) ) ;
#4041 = CARTESIAN_POINT ( 'NONE',  ( 65.50000000000000000, 37.50000000000000000, 0.9999999999999713562 ) ) ;
#4042 = FACE_OUTER_BOUND ( 'NONE', #5234, .T. ) ;
#4043 = ORIENTED_EDGE ( 'NONE', *, *, #436, .F. ) ;
#4044 = ORIENTED_EDGE ( 'NONE', *, *, #335, .F. ) ;
#4045 = DIRECTION ( 'NONE',  ( 0.000000000000000000, 0.000000000000000000, 1.000000000000000000 ) ) ;
#4046 = CARTESIAN_POINT ( 'NONE',  ( 61.45516887613958801, -40.93396226415093508, -20.62223663640860494 ) ) ;
#4047 = ORIENTED_EDGE ( 'NONE', *, *, #7368, .F. ) ;
#4048 = DIRECTION ( 'NONE',  ( -1.000000000000000000, 0.000000000000000000, 0.000000000000000000 ) ) ;
#4049 = DIRECTION ( 'NONE',  ( -0.000000000000000000, -0.000000000000000000, -1.000000000000000000 ) ) ;
#4050 = EDGE_CURVE ( 'NONE', #41, #7269, #3197, .T. ) ;
#4051 = DIRECTION ( 'NONE',  ( -0.000000000000000000, -0.000000000000000000, -1.000000000000000000 ) ) ;
#4052 = CARTESIAN_POINT ( 'NONE',  ( 64.89999999999994884, -35.09363341178120521, 2.000000000000000000 ) ) ;
#4053 = EDGE_CURVE ( 'NONE', #4156, #2205, #3526, .T. ) ;
#4054 = ORIENTED_EDGE ( 'NONE', *, *, #1462, .F. ) ;
#4055 = ORIENTED_EDGE ( 'NONE', *, *, #2195, .F. ) ;
#4056 = CARTESIAN_POINT ( 'NONE',  ( -56.59995995491928511, -39.93415864955238703, -4.779009717478053254 ) ) ;
#4057 = CARTESIAN_POINT ( 'NONE',  ( -49.17157287525380838, 50.98575841387691554, 0.000000000000000000 ) ) ;
#4058 = ORIENTED_EDGE ( 'NONE', *, *, #1930, .T. ) ;
#4059 = EDGE_CURVE ( 'NONE', #1123, #2612, #671, .T. ) ;
#4060 = CIRCLE ( 'NONE', #6456, 1.000000000000000888 ) ;
#4061 = VECTOR ( 'NONE', #5859, 1000.000000000000000 ) ;
#4062 = FACE_OUTER_BOUND ( 'NONE', #3135, .T. ) ;
#4063 = VERTEX_POINT ( 'NONE', #5382 ) ;
#4064 = ORIENTED_EDGE ( 'NONE', *, *, #3076, .T. ) ;
#4065 = AXIS2_PLACEMENT_3D ( 'NONE', #4202, #1826, #1235 ) ;
#4066 = DIRECTION ( 'NONE',  ( 0.000000000000000000, 0.000000000000000000, 1.000000000000000000 ) ) ;
#4067 = FACE_OUTER_BOUND ( 'NONE', #7789, .T. ) ;
#4068 = AXIS2_PLACEMENT_3D ( 'NONE', #5583, #3912, #2090 ) ;
#4069 = CARTESIAN_POINT ( 'NONE',  ( -60.63078954500929996, 41.49999999999998579, -8.459999999999991971 ) ) ;
#4070 = ORIENTED_EDGE ( 'NONE', *, *, #4508, .T. ) ;
#4071 = ORIENTED_EDGE ( 'NONE', *, *, #6845, .F. ) ;
#4072 = CARTESIAN_POINT ( 'NONE',  ( 12.99999999999999822, 48.98575841387692265, 0.9999999999999713562 ) ) ;
#4073 = CARTESIAN_POINT ( 'NONE',  ( -27.00000000000000355, 49.98575841387692265, 0.000000000000000000 ) ) ;
#4074 = EDGE_CURVE ( 'NONE', #2977, #37, #4192, .T. ) ;
#4075 = CARTESIAN_POINT ( 'NONE',  ( -62.00000000000000000, 34.13078954500929285, 0.000000000000000000 ) ) ;
#4076 = LINE ( 'NONE', #5184, #2736 ) ;
#4078 = EDGE_CURVE ( 'NONE', #5178, #1071, #3819, .T. ) ;
#4077 = VECTOR ( 'NONE', #4981, 1000.000000000000000 ) ;
#4079 = DIRECTION ( 'NONE',  ( -0.000000000000000000, 0.000000000000000000, -1.000000000000000000 ) ) ;
#4080 = DIRECTION ( 'NONE',  ( 0.000000000000000000, 1.000000000000000000, 0.000000000000000000 ) ) ;
#4081 = DIRECTION ( 'NONE',  ( 1.000000000000000000, 0.000000000000000000, 0.000000000000000000 ) ) ;
#4082 = VECTOR ( 'NONE', #829, 1000.000000000000000 ) ;
#4083 = ORIENTED_EDGE ( 'NONE', *, *, #7805, .T. ) ;
#4084 = ORIENTED_EDGE ( 'NONE', *, *, #3181, .F. ) ;
#4085 = DIRECTION ( 'NONE',  ( 0.8660254037844380415, 0.5000000000000013323, 0.000000000000000000 ) ) ;
#4086 = FACE_OUTER_BOUND ( 'NONE', #5154, .T. ) ;
#4087 = ORIENTED_EDGE ( 'NONE', *, *, #249, .F. ) ;
#4088 = CARTESIAN_POINT ( 'NONE',  ( 66.99999999999991473, -34.13078954500928575, -8.385224927784188154 ) ) ;
#4089 = LINE ( 'NONE', #1088, #569 ) ;
#4090 = EDGE_CURVE ( 'NONE', #6209, #7122, #792, .T. ) ;
#4091 = CIRCLE ( 'NONE', #1688, 0.2000000000000057288 ) ;
#4092 = CARTESIAN_POINT ( 'NONE',  ( 67.99999999999995737, -40.11658075373095045, -6.400000000000001243 ) ) ;
#4093 = CARTESIAN_POINT ( 'NONE',  ( 62.99999999999998579, -41.50000000000000000, 0.000000000000000000 ) ) ;
#4094 = ORIENTED_EDGE ( 'NONE', *, *, #3498, .T. ) ;
#4095 = EDGE_CURVE ( 'NONE', #4488, #6701, #5343, .T. ) ;
#4096 = ORIENTED_EDGE ( 'NONE', *, *, #2014, .T. ) ;
#4097 = CARTESIAN_POINT ( 'NONE',  ( 49.17157287525380838, 50.98575841387691554, 2.000000000000000000 ) ) ;
#4098 = EDGE_CURVE ( 'NONE', #6275, #592, #7225, .T. ) ;
#4099 = LINE ( 'NONE', #1770, #7546 ) ;
#4100 = EDGE_LOOP ( 'NONE', ( #197, #906, #3947, #3149, #155 ) ) ;
#4101 = EDGE_CURVE ( 'NONE', #6867, #3702, #2254, .T. ) ;
#4102 = DIRECTION ( 'NONE',  ( -0.000000000000000000, 1.000000000000000000, 0.000000000000000000 ) ) ;
#4103 = VERTEX_POINT ( 'NONE', #7711 ) ;
#4104 = VERTEX_POINT ( 'NONE', #7116 ) ;
#4105 = AXIS2_PLACEMENT_3D ( 'NONE', #4588, #4113, #372 ) ;
#4106 = CARTESIAN_POINT ( 'NONE',  ( -13.00000000000000178, 48.98575841387692265, 0.9999999999999713562 ) ) ;
#4107 = DIRECTION ( 'NONE',  ( -0.000000000000000000, 1.000000000000000000, 0.000000000000000000 ) ) ;
#4108 = FACE_OUTER_BOUND ( 'NONE', #7055, .T. ) ;
#4109 = AXIS2_PLACEMENT_3D ( 'NONE', #662, #4844, #4174 ) ;
#4110 = VERTEX_POINT ( 'NONE', #5227 ) ;
#4111 = VERTEX_POINT ( 'NONE', #7077 ) ;
#4112 = DIRECTION ( 'NONE',  ( 1.000000000000000000, 0.000000000000000000, 0.000000000000000000 ) ) ;
#4113 = DIRECTION ( 'NONE',  ( 0.000000000000000000, 0.000000000000000000, 1.000000000000000000 ) ) ;
#4114 = DIRECTION ( 'NONE',  ( 1.000000000000000000, 0.000000000000000000, 0.000000000000000000 ) ) ;
#4115 = CARTESIAN_POINT ( 'NONE',  ( -65.09999999999999432, 35.09363341178121232, -6.400000000000001243 ) ) ;
#4116 = CARTESIAN_POINT ( 'NONE',  ( -1.999999999999980904, -19.76274646641389765, 0.000000000000000000 ) ) ;
#4117 = AXIS2_PLACEMENT_3D ( 'NONE', #7819, #3661, #34 ) ;
#4118 = CARTESIAN_POINT ( 'NONE',  ( -64.99999999999994316, -38.49999999999996447, -1.999999999999998224 ) ) ;
#4119 = FACE_OUTER_BOUND ( 'NONE', #4427, .T. ) ;
#4120 = EDGE_CURVE ( 'NONE', #4468, #3702, #1174, .T. ) ;
#4121 = ORIENTED_EDGE ( 'NONE', *, *, #1380, .F. ) ;
#4122 = EDGE_LOOP ( 'NONE', ( #6439, #6155, #882, #5559 ) ) ;
#4123 = CARTESIAN_POINT ( 'NONE',  ( -2.999999999999980460, 0.000000000000000000, -8.511675595743399825 ) ) ;
#4124 = VECTOR ( 'NONE', #7466, 1000.000000000000000 ) ;
#4125 = CARTESIAN_POINT ( 'NONE',  ( 64.99999999999995737, -38.49999999999999289, 0.000000000000000000 ) ) ;
#4126 = ORIENTED_EDGE ( 'NONE', *, *, #4884, .F. ) ;
#4127 = DIRECTION ( 'NONE',  ( 0.000000000000000000, 1.000000000000000000, 0.000000000000000000 ) ) ;
#4128 = AXIS2_PLACEMENT_3D ( 'NONE', #6372, #6412, #958 ) ;
#4129 = DIRECTION ( 'NONE',  ( 1.000000000000000000, 0.000000000000000000, 0.000000000000000000 ) ) ;
#4130 = CYLINDRICAL_SURFACE ( 'NONE', #7367, 2.000000000000001776 ) ;
#4131 = DIRECTION ( 'NONE',  ( -0.000000000000000000, -0.000000000000000000, 1.000000000000000000 ) ) ;
#4132 = DIRECTION ( 'NONE',  ( 0.000000000000000000, 0.000000000000000000, -1.000000000000000000 ) ) ;
#4133 = DIRECTION ( 'NONE',  ( 0.000000000000000000, -1.000000000000000000, 0.000000000000000000 ) ) ;
#4134 = ORIENTED_EDGE ( 'NONE', *, *, #3137, .F. ) ;
#4135 = EDGE_LOOP ( 'NONE', ( #1860, #7688, #7313, #4233 ) ) ;
#4136 = EDGE_CURVE ( 'NONE', #4211, #5131, #7157, .T. ) ;
#4137 = CONICAL_SURFACE ( 'NONE', #7668, 2.000000000000001776, 0.7853981633974348453 ) ;
#4138 = ORIENTED_EDGE ( 'NONE', *, *, #7118, .F. ) ;
#4139 = CARTESIAN_POINT ( 'NONE',  ( 57.55601555326379781, 40.46421699456490728, -5.602310371782489362 ) ) ;
#4140 = DIRECTION ( 'NONE',  ( 0.000000000000000000, 0.7071067811865549002, 0.7071067811865402453 ) ) ;
#4141 = ORIENTED_EDGE ( 'NONE', *, *, #5864, .F. ) ;
#4142 = EDGE_CURVE ( 'NONE', #709, #675, #488, .T. ) ;
#4143 = AXIS2_PLACEMENT_3D ( 'NONE', #6908, #6355, #940 ) ;
#4144 = AXIS2_PLACEMENT_3D ( 'NONE', #1439, #6732, #1469 ) ;
#4145 = AXIS2_PLACEMENT_3D ( 'NONE', #6207, #6871, #5124 ) ;
#4146 = DIRECTION ( 'NONE',  ( 0.000000000000000000, 0.000000000000000000, 1.000000000000000000 ) ) ;
#4147 = ORIENTED_EDGE ( 'NONE', *, *, #1779, .T. ) ;
#4148 = ORIENTED_EDGE ( 'NONE', *, *, #6672, .F. ) ;
#4149 = EDGE_CURVE ( 'NONE', #2962, #2878, #6718, .T. ) ;
#4150 = DIRECTION ( 'NONE',  ( -0.000000000000000000, -0.000000000000000000, -1.000000000000000000 ) ) ;
#4151 = DIRECTION ( 'NONE',  ( 0.000000000000000000, 0.000000000000000000, -1.000000000000000000 ) ) ;
#4152 = EDGE_CURVE ( 'NONE', #5798, #4871, #4159, .T. ) ;
#4153 = VECTOR ( 'NONE', #674, 1000.000000000000000 ) ;
#4154 = CARTESIAN_POINT ( 'NONE',  ( 58.75130018433429058, -36.49999999999999289, -6.742283229823975432 ) ) ;
#4155 = ORIENTED_EDGE ( 'NONE', *, *, #874, .T. ) ;
#4156 = VERTEX_POINT ( 'NONE', #6684 ) ;
#4157 = FACE_OUTER_BOUND ( 'NONE', #2146, .T. ) ;
#4158 = CARTESIAN_POINT ( 'NONE',  ( -62.09999999999995168, -36.71021416551212724, 2.000000000000000000 ) ) ;
#4159 = LINE ( 'NONE', #3050, #1793 ) ;
#4160 = CARTESIAN_POINT ( 'NONE',  ( -58.00000000000001421, -38.49999999999991473, 0.000000000000000000 ) ) ;
#4161 = EDGE_CURVE ( 'NONE', #2858, #2962, #1197, .T. ) ;
#4162 = CARTESIAN_POINT ( 'NONE',  ( -13.00000000000000178, 49.98575841387692265, 0.000000000000000000 ) ) ;
#4163 = LINE ( 'NONE', #6574, #5840 ) ;
#4164 = DIRECTION ( 'NONE',  ( -1.000000000000000000, 0.000000000000000000, 0.000000000000000000 ) ) ;
#4165 = ORIENTED_EDGE ( 'NONE', *, *, #3464, .F. ) ;
#4166 = VERTEX_POINT ( 'NONE', #3015 ) ;
#4167 = CARTESIAN_POINT ( 'NONE',  ( 67.79999999999996874, 40.11658075373093624, 2.000000000000000000 ) ) ;
#4168 = AXIS2_PLACEMENT_3D ( 'NONE', #3191, #6745, #3740 ) ;
#4169 = LINE ( 'NONE', #581, #7229 ) ;
#4170 = EDGE_LOOP ( 'NONE', ( #384, #1218, #5455, #6386, #88, #2809, #5760 ) ) ;
#4171 = FACE_OUTER_BOUND ( 'NONE', #2452, .T. ) ;
#4172 = DIRECTION ( 'NONE',  ( 0.000000000000000000, 0.000000000000000000, 1.000000000000000000 ) ) ;
#4173 = CARTESIAN_POINT ( 'NONE',  ( 61.11897591464003909, 36.37273940469463440, -8.459999999999991971 ) ) ;
#4174 = DIRECTION ( 'NONE',  ( 1.000000000000000000, 0.000000000000000000, 0.000000000000000000 ) ) ;
#4175 = CARTESIAN_POINT ( 'NONE',  ( 62.56603773584902228, -34.95516887613961643, -20.62223663640860494 ) ) ;
#4176 = AXIS2_PLACEMENT_3D ( 'NONE', #6105, #3533, #691 ) ;
#4177 = CARTESIAN_POINT ( 'NONE',  ( 66.99999999999992895, -41.50000000000000000, -2.000000000000000000 ) ) ;
#4178 = ORIENTED_EDGE ( 'NONE', *, *, #6870, .T. ) ;
#4179 = VERTEX_POINT ( 'NONE', #4906 ) ;
#4180 = ORIENTED_EDGE ( 'NONE', *, *, #7267, .F. ) ;
#4181 = FACE_OUTER_BOUND ( 'NONE', #6840, .T. ) ;
#4182 = CARTESIAN_POINT ( 'NONE',  ( 65.50000000000000000, 36.50000000000001421, 0.000000000000000000 ) ) ;
#4183 = EDGE_LOOP ( 'NONE', ( #236, #6503, #1421, #1094, #3982, #2397, #3435, #4565, #648, #7335, #5259, #759, #7147 ) ) ;
#4184 = ADVANCED_FACE ( 'NONE', ( #59 ), #650, .F. ) ;
#4185 = ADVANCED_FACE ( 'NONE', ( #5542 ), #18, .F. ) ;
#4186 = CARTESIAN_POINT ( 'NONE',  ( -64.69632040246465010, 29.51746535649997583, -4.313555404615907918 ) ) ;
#4187 = CIRCLE ( 'NONE', #665, 0.1999999999999987899 ) ;
#4188 = ORIENTED_EDGE ( 'NONE', *, *, #7249, .T. ) ;
#4189 = AXIS2_PLACEMENT_3D ( 'NONE', #2891, #4590, #5303 ) ;
#4190 = CARTESIAN_POINT ( 'NONE',  ( 62.19999999999995310, -36.88341924626904955, -6.400000000000001243 ) ) ;
#4191 = CARTESIAN_POINT ( 'NONE',  ( -64.99999999999995737, -38.49999999999995026, -8.459999999999991971 ) ) ;
#4192 = CIRCLE ( 'NONE', #3425, 0.1999999999999987899 ) ;
#4193 = CARTESIAN_POINT ( 'NONE',  ( -66.99999999999994316, 34.13078954500926443, 0.000000000000000000 ) ) ;
#4194 = VERTEX_POINT ( 'NONE', #1944 ) ;
#4195 = B_SPLINE_CURVE_WITH_KNOTS ( 'NONE', 3,
 ( #4212, #66, #5944, #2462 ),
 .UNSPECIFIED., .F., .F.,
 ( 4, 4 ),
 ( 0.0004277666603173059848, 0.0008467977387968508894 ),
 .UNSPECIFIED. ) ;
#4196 = ADVANCED_FACE ( 'NONE', ( #4352 ), #685, .F. ) ;
#4197 = AXIS2_PLACEMENT_3D ( 'NONE', #5148, #5108, #3292 ) ;
#4198 = ORIENTED_EDGE ( 'NONE', *, *, #7182, .T. ) ;
#4199 = CARTESIAN_POINT ( 'NONE',  ( 66.33899900108146142, -30.00812668709967213, -4.704022379819898347 ) ) ;
#4200 = CARTESIAN_POINT ( 'NONE',  ( 3.111111111111132477, -27.76617643193186424, 1.000000000000000888 ) ) ;
#4201 = AXIS2_PLACEMENT_3D ( 'NONE', #3219, #7559, #6229 ) ;
#4202 = CARTESIAN_POINT ( 'NONE',  ( 57.99090833947008150, 46.00000000000000000, 2.000000000000000000 ) ) ;
#4203 = EDGE_CURVE ( 'NONE', #2002, #1391, #3681, .T. ) ;
#4204 = LINE ( 'NONE', #4907, #3070 ) ;
#4205 = LINE ( 'NONE', #3648, #3831 ) ;
#4206 = VECTOR ( 'NONE', #478, 1000.000000000000000 ) ;
#4207 = DIRECTION ( 'NONE',  ( -0.000000000000000000, -0.000000000000000000, -1.000000000000000000 ) ) ;
#4208 = AXIS2_PLACEMENT_3D ( 'NONE', #3720, #5421, #7357 ) ;
#4209 = ORIENTED_EDGE ( 'NONE', *, *, #4239, .T. ) ;
#4210 = ADVANCED_FACE ( 'NONE', ( #1787 ), #616, .F. ) ;
#4211 = VERTEX_POINT ( 'NONE', #7243 ) ;
#4212 = CARTESIAN_POINT ( 'NONE',  ( -66.99999999999994316, 34.13078954500927154, -8.385224927784188154 ) ) ;
#4213 = CYLINDRICAL_SURFACE ( 'NONE', #3100, 4.000000000000003553 ) ;
#4214 = ORIENTED_EDGE ( 'NONE', *, *, #4030, .T. ) ;
#4215 = DIRECTION ( 'NONE',  ( -0.7071067811865378028, 0.000000000000000000, -0.7071067811865573427 ) ) ;
#4216 = DIRECTION ( 'NONE',  ( 0.000000000000000000, 0.000000000000000000, 1.000000000000000000 ) ) ;
#4217 = LINE ( 'NONE', #586, #543 ) ;
#4218 = CARTESIAN_POINT ( 'NONE',  ( -55.81933546421628023, 49.99485007440683404, 0.9999999999999715783 ) ) ;
#4219 = CARTESIAN_POINT ( 'NONE',  ( 67.99999999999991473, -34.13078954500927864, -8.459999999999991971 ) ) ;
#4220 = AXIS2_PLACEMENT_3D ( 'NONE', #2637, #7498, #6830 ) ;
#4221 = DIRECTION ( 'NONE',  ( 0.000000000000000000, -0.000000000000000000, -1.000000000000000000 ) ) ;
#4222 = ORIENTED_EDGE ( 'NONE', *, *, #4142, .T. ) ;
#4223 = VERTEX_POINT ( 'NONE', #6180 ) ;
#4224 = LINE ( 'NONE', #4849, #5806 ) ;
#4225 = DIRECTION ( 'NONE',  ( -0.000000000000000000, -0.000000000000000000, 1.000000000000000000 ) ) ;
#4226 = ORIENTED_EDGE ( 'NONE', *, *, #61, .F. ) ;
#4227 = EDGE_CURVE ( 'NONE', #517, #1005, #175, .T. ) ;
#4228 = CARTESIAN_POINT ( 'NONE',  ( -64.40295609645767172, 29.58526673192321965, -4.366525468218846129 ) ) ;
#4229 = ORIENTED_EDGE ( 'NONE', *, *, #2259, .F. ) ;
#4230 = CARTESIAN_POINT ( 'NONE',  ( -67.99999999999994316, -40.11658075373091492, 2.000000000000000000 ) ) ;
#4231 = CARTESIAN_POINT ( 'NONE',  ( 3.111111111111132033, -24.55931650089592466, -8.511675595743399825 ) ) ;
#4232 = DIRECTION ( 'NONE',  ( 0.000000000000000000, 1.000000000000000000, 0.000000000000000000 ) ) ;
#4233 = ORIENTED_EDGE ( 'NONE', *, *, #4161, .F. ) ;
#4234 = EDGE_CURVE ( 'NONE', #6062, #1450, #2491, .T. ) ;
#4235 = ORIENTED_EDGE ( 'NONE', *, *, #6315, .T. ) ;
#4236 = DIRECTION ( 'NONE',  ( -0.000000000000000000, -0.000000000000000000, -1.000000000000000000 ) ) ;
#4237 = CARTESIAN_POINT ( 'NONE',  ( -57.99999999999999289, 40.49999999999998579, -6.019890110719556375 ) ) ;
#4238 = CARTESIAN_POINT ( 'NONE',  ( -67.49999999999997158, 45.00000000000000000, 0.9999999999999713562 ) ) ;
#4239 = EDGE_CURVE ( 'NONE', #7061, #7276, #590, .T. ) ;
#4240 = CARTESIAN_POINT ( 'NONE',  ( -61.11897591464006751, 40.62726059530536560, -8.459999999999991971 ) ) ;
#4241 = VECTOR ( 'NONE', #2287, 1000.000000000000000 ) ;
#4242 = CARTESIAN_POINT ( 'NONE',  ( -66.65000000000000568, 38.49999999999999289, -8.459999999999991971 ) ) ;
#4243 = ADVANCED_FACE ( 'NONE', ( #6612 ), #3169, .F. ) ;
#4244 = VERTEX_POINT ( 'NONE', #2531 ) ;
#4245 = ORIENTED_EDGE ( 'NONE', *, *, #1260, .T. ) ;
#4246 = FACE_OUTER_BOUND ( 'NONE', #7377, .T. ) ;
#4247 = DIRECTION ( 'NONE',  ( -0.000000000000000000, -0.000000000000000000, -1.000000000000000000 ) ) ;
#4248 = VERTEX_POINT ( 'NONE', #3128 ) ;
#4249 = DIRECTION ( 'NONE',  ( 0.000000000000000000, -1.000000000000000000, 0.000000000000000000 ) ) ;
#4250 = DIRECTION ( 'NONE',  ( -1.000000000000000000, 0.000000000000000000, 0.000000000000000000 ) ) ;
#4251 = EDGE_CURVE ( 'NONE', #4822, #3783, #91, .T. ) ;
#4252 = CARTESIAN_POINT ( 'NONE',  ( 61.99999999999993605, 36.88341924626903534, -6.400000000000001243 ) ) ;
#4253 = CYLINDRICAL_SURFACE ( 'NONE', #1750, 1.000000000000000888 ) ;
#4254 = CARTESIAN_POINT ( 'NONE',  ( 62.99999999999997158, -31.49999999999999289, -6.019890110719560816 ) ) ;
#4255 = ORIENTED_EDGE ( 'NONE', *, *, #5066, .F. ) ;
#4256 = VECTOR ( 'NONE', #6547, 999.9999999999998863 ) ;
#4257 = ORIENTED_EDGE ( 'NONE', *, *, #6305, .T. ) ;
#4258 = ORIENTED_EDGE ( 'NONE', *, *, #7423, .F. ) ;
#4259 = CARTESIAN_POINT ( 'NONE',  ( 56.08526673192315570, 37.90295609645770014, -4.366525468218818595 ) ) ;
#4260 = B_SPLINE_CURVE_WITH_KNOTS ( 'NONE', 3,
 ( #6987, #7544, #3389, #2308 ),
 .UNSPECIFIED., .F., .F.,
 ( 4, 4 ),
 ( 0.0004277666603173047380, 0.0008467977387968641167 ),
 .UNSPECIFIED. ) ;
#4261 = LINE ( 'NONE', #7303, #2119 ) ;
#4262 = VERTEX_POINT ( 'NONE', #1351 ) ;
#4263 = VECTOR ( 'NONE', #2335, 1000.000000000000000 ) ;
#4264 = DIRECTION ( 'NONE',  ( 0.6620622103047327789, 0.7494488839716900719, 0.000000000000000000 ) ) ;
#4265 = ORIENTED_EDGE ( 'NONE', *, *, #6659, .T. ) ;
#4266 = AXIS2_PLACEMENT_3D ( 'NONE', #6815, #1401, #3810 ) ;
#4267 = LINE ( 'NONE', #1304, #5603 ) ;
#4268 = DIRECTION ( 'NONE',  ( 0.000000000000000000, -1.000000000000000000, 0.000000000000000000 ) ) ;
#4269 = CARTESIAN_POINT ( 'NONE',  ( 65.09999999999996589, 35.09363341178117679, 2.000000000000000000 ) ) ;
#4270 = AXIS2_PLACEMENT_3D ( 'NONE', #6733, #6029, #145 ) ;
#4271 = VERTEX_POINT ( 'NONE', #3762 ) ;
#4272 = ORIENTED_EDGE ( 'NONE', *, *, #5058, .F. ) ;
#4273 = CYLINDRICAL_SURFACE ( 'NONE', #3352, 3.499999999999997780 ) ;
#4274 = DIRECTION ( 'NONE',  ( -0.000000000000000000, 0.000000000000000000, 1.000000000000000000 ) ) ;
#4275 = B_SPLINE_CURVE_WITH_KNOTS ( 'NONE', 3,
 ( #2081, #1943, #353, #4530 ),
 .UNSPECIFIED., .F., .F.,
 ( 4, 4 ),
 ( -0.0009426512253647672916, 0.002184079982300891030 ),
 .UNSPECIFIED. ) ;
#4276 = EDGE_CURVE ( 'NONE', #4478, #592, #761, .T. ) ;
#4277 = CARTESIAN_POINT ( 'NONE',  ( 64.99999999999995737, -38.49999999999999289, -8.167106781186543429 ) ) ;
#4278 = CARTESIAN_POINT ( 'NONE',  ( -61.45516887613962353, 40.93396226415093508, -20.62223663640860494 ) ) ;
#4279 = LINE ( 'NONE', #3018, #7662 ) ;
#4280 = VERTEX_POINT ( 'NONE', #2377 ) ;
#4281 = ORIENTED_EDGE ( 'NONE', *, *, #6417, .F. ) ;
#4282 = CARTESIAN_POINT ( 'NONE',  ( 12.99999999999999822, 49.98575841387692265, 2.000000000000000000 ) ) ;
#4283 = CYLINDRICAL_SURFACE ( 'NONE', #4489, 1.000000000000000888 ) ;
#4284 = ORIENTED_EDGE ( 'NONE', *, *, #776, .T. ) ;
#4285 = CARTESIAN_POINT ( 'NONE',  ( 61.11897591464004620, 40.62726059530538691, -8.459999999999991971 ) ) ;
#4286 = DIRECTION ( 'NONE',  ( 0.7071067811865455743, 0.000000000000000000, 0.7071067811865495711 ) ) ;
#4287 = CARTESIAN_POINT ( 'NONE',  ( 58.75134444885772922, 36.50000000000000711, -6.742325791223290565 ) ) ;
#4288 = DIRECTION ( 'NONE',  ( 1.000000000000000000, 0.000000000000000000, 0.000000000000000000 ) ) ;
#4289 = CARTESIAN_POINT ( 'NONE',  ( -66.99999999999995737, 31.49999999999997868, -6.019890110719566145 ) ) ;
#4290 = PLANE ( 'NONE',  #2993 ) ;
#4291 = ORIENTED_EDGE ( 'NONE', *, *, #479, .F. ) ;
#4292 = ORIENTED_EDGE ( 'NONE', *, *, #1626, .F. ) ;
#4293 = ORIENTED_EDGE ( 'NONE', *, *, #1297, .F. ) ;
#4294 = DIRECTION ( 'NONE',  ( 0.000000000000000000, 0.7071067811865376918, -0.7071067811865574537 ) ) ;
#4295 = EDGE_CURVE ( 'NONE', #6904, #647, #1181, .T. ) ;
#4296 = CARTESIAN_POINT ( 'NONE',  ( 11.99999999999999822, 49.98575841387692265, 0.9999999999999715783 ) ) ;
#4297 = VERTEX_POINT ( 'NONE', #1393 ) ;
#4298 = ADVANCED_FACE ( 'NONE', ( #6217 ), #6850, .T. ) ;
#4299 = AXIS2_PLACEMENT_3D ( 'NONE', #637, #3630, #77 ) ;
#4300 = CARTESIAN_POINT ( 'NONE',  ( -63.31177393968101796, 30.39643568481292846, -5.024925560961335691 ) ) ;
#4301 = EDGE_CURVE ( 'NONE', #7276, #4179, #1991, .T. ) ;
#4302 = ORIENTED_EDGE ( 'NONE', *, *, #1930, .F. ) ;
#4303 = DIRECTION ( 'NONE',  ( 1.000000000000000000, 0.000000000000000000, 0.000000000000000000 ) ) ;
#4304 = DIRECTION ( 'NONE',  ( -1.000000000000000000, 0.000000000000000000, 0.000000000000000000 ) ) ;
#4305 = DIRECTION ( 'NONE',  ( 2.710505431213764536E-16, -1.000000000000000000, 0.000000000000000000 ) ) ;
#4306 = EDGE_LOOP ( 'NONE', ( #1929, #1671, #1767, #4379, #6969, #7417, #3984, #6535 ) ) ;
#4307 = EDGE_LOOP ( 'NONE', ( #5636, #7266, #899, #4343, #5059 ) ) ;
#4308 = CARTESIAN_POINT ( 'NONE',  ( -57.99090833947008150, 45.99999999999999289, 0.9999999999999713562 ) ) ;
#4309 = CARTESIAN_POINT ( 'NONE',  ( 66.99999999999991473, -31.49999999999999289, -6.019890110719568810 ) ) ;
#4310 = CIRCLE ( 'NONE', #2164, 4.000000000000003553 ) ;
#4311 = CARTESIAN_POINT ( 'NONE',  ( -52.99090833947008150, 47.16642294966062821, 2.000000000000000000 ) ) ;
#4312 = DIRECTION ( 'NONE',  ( 0.000000000000000000, 0.000000000000000000, 1.000000000000000000 ) ) ;
#4313 = DIRECTION ( 'NONE',  ( 0.000000000000000000, 0.000000000000000000, -1.000000000000000000 ) ) ;
#4314 = VECTOR ( 'NONE', #3960, 1000.000000000000114 ) ;
#4315 = EDGE_LOOP ( 'NONE', ( #3664, #2167, #1823, #7006 ) ) ;
#4316 = AXIS2_PLACEMENT_3D ( 'NONE', #1472, #330, #3813 ) ;
#4317 = EDGE_CURVE ( 'NONE', #2963, #5178, #805, .T. ) ;
#4318 = VERTEX_POINT ( 'NONE', #5868 ) ;
#4319 = DIRECTION ( 'NONE',  ( -1.000000000000000000, 0.000000000000000000, 0.000000000000000000 ) ) ;
#4320 = DIRECTION ( 'NONE',  ( 0.000000000000000000, 0.000000000000000000, -1.000000000000000000 ) ) ;
#4321 = VERTEX_POINT ( 'NONE', #1596 ) ;
#4322 = EDGE_CURVE ( 'NONE', #5946, #1711, #7009, .T. ) ;
#4323 = DIRECTION ( 'NONE',  ( -1.000000000000000000, 0.000000000000000000, 0.000000000000000000 ) ) ;
#4324 = DIRECTION ( 'NONE',  ( -0.000000000000000000, -0.000000000000000000, -1.000000000000000000 ) ) ;
#4325 = CARTESIAN_POINT ( 'NONE',  ( 60.79415766288853007, -40.49999999999999289, -8.446140753706965043 ) ) ;
#4326 = AXIS2_PLACEMENT_3D ( 'NONE', #6338, #5268, #925 ) ;
#4327 = CARTESIAN_POINT ( 'NONE',  ( -64.89999999999999147, 41.90636658821878058, -6.400000000000001243 ) ) ;
#4328 = CYLINDRICAL_SURFACE ( 'NONE', #363, 0.2000000000000057288 ) ;
#4329 = DIRECTION ( 'NONE',  ( 0.000000000000000000, 0.000000000000000000, -1.000000000000000000 ) ) ;
#4330 = ORIENTED_EDGE ( 'NONE', *, *, #5882, .F. ) ;
#4331 = ORIENTED_EDGE ( 'NONE', *, *, #7281, .F. ) ;
#4332 = AXIS2_PLACEMENT_3D ( 'NONE', #4162, #7205, #723 ) ;
#4333 = ORIENTED_EDGE ( 'NONE', *, *, #5285, .T. ) ;
#4334 = CARTESIAN_POINT ( 'NONE',  ( 56.89643568481288582, 36.81177393968102507, -5.024925560961321480 ) ) ;
#4335 = ADVANCED_FACE ( 'NONE', ( #7644 ), #4008, .F. ) ;
#4336 = DIRECTION ( 'NONE',  ( -0.000000000000000000, -0.000000000000000000, 1.000000000000000000 ) ) ;
#4337 = EDGE_LOOP ( 'NONE', ( #6107, #2272, #606, #5082 ) ) ;
#4338 = EDGE_CURVE ( 'NONE', #827, #6991, #1633, .T. ) ;
#4339 = ORIENTED_EDGE ( 'NONE', *, *, #5555, .T. ) ;
#4340 = ADVANCED_FACE ( 'NONE', ( #5352 ), #7607, .T. ) ;
#4341 = DIRECTION ( 'NONE',  ( -0.000000000000000000, -0.000000000000000000, 1.000000000000000000 ) ) ;
#4342 = CARTESIAN_POINT ( 'NONE',  ( -64.99999999999995737, -35.26683849253807068, -6.400000000000001243 ) ) ;
#4343 = ORIENTED_EDGE ( 'NONE', *, *, #3791, .T. ) ;
#4344 = VECTOR ( 'NONE', #461, 1000.000000000000000 ) ;
#4345 = CARTESIAN_POINT ( 'NONE',  ( -63.00000000000000000, 33.00614362763143816, -7.461059451568200274 ) ) ;
#4346 = ADVANCED_FACE ( 'NONE', ( #5905 ), #5715, .T. ) ;
#4347 = CARTESIAN_POINT ( 'NONE',  ( 65.50000000000000000, 45.00000000000000000, 2.000000000000000000 ) ) ;
#4348 = LINE ( 'NONE', #131, #3119 ) ;
#4349 = EDGE_LOOP ( 'NONE', ( #6743, #1112, #534, #965 ) ) ;
#4350 = EDGE_LOOP ( 'NONE', ( #4672, #5080, #4807, #2793 ) ) ;
#4351 = DIRECTION ( 'NONE',  ( -0.000000000000000000, -0.000000000000000000, 1.000000000000000000 ) ) ;
#4352 = FACE_OUTER_BOUND ( 'NONE', #5223, .T. ) ;
#4353 = CARTESIAN_POINT ( 'NONE',  ( -55.81933546421628023, 49.99485007440683404, 0.9999999999999715783 ) ) ;
#4354 = DIRECTION ( 'NONE',  ( 1.000000000000000000, 0.000000000000000000, 0.000000000000000000 ) ) ;
#4355 = DIRECTION ( 'NONE',  ( -1.000000000000000000, 0.000000000000000000, 0.000000000000000000 ) ) ;
#4356 = ORIENTED_EDGE ( 'NONE', *, *, #6902, .T. ) ;
#4357 = ORIENTED_EDGE ( 'NONE', *, *, #5691, .T. ) ;
#4358 = CARTESIAN_POINT ( 'NONE',  ( 62.99999999999998579, 31.50000000000000711, 0.000000000000000000 ) ) ;
#4359 = CARTESIAN_POINT ( 'NONE',  ( -65.00000000000000000, 38.49999999999999289, -7.459999999999991971 ) ) ;
#4360 = FACE_OUTER_BOUND ( 'NONE', #3048, .T. ) ;
#4361 = CARTESIAN_POINT ( 'NONE',  ( -63.00000000000000000, 34.29415766288855849, -8.446140753706965043 ) ) ;
#4362 = CIRCLE ( 'NONE', #6760, 1.000000000000000888 ) ;
#4363 = DIRECTION ( 'NONE',  ( 0.8660254037844392627, -0.4999999999999987788, 0.000000000000000000 ) ) ;
#4364 = DIRECTION ( 'NONE',  ( -1.000000000000000000, 0.000000000000000000, 0.000000000000000000 ) ) ;
#4365 = CARTESIAN_POINT ( 'NONE',  ( 65.50000000000000000, 36.49999999999998579, 0.000000000000000000 ) ) ;
#4366 = EDGE_LOOP ( 'NONE', ( #4229, #4617, #6771, #1232 ) ) ;
#4367 = FACE_OUTER_BOUND ( 'NONE', #156, .T. ) ;
#4368 = VECTOR ( 'NONE', #4425, 1000.000000000000114 ) ;
#4369 = ORIENTED_EDGE ( 'NONE', *, *, #2677, .F. ) ;
#4370 = EDGE_LOOP ( 'NONE', ( #3097, #4872, #6851, #7388 ) ) ;
#4371 = VECTOR ( 'NONE', #6179, 1000.000000000000000 ) ;
#4372 = VERTEX_POINT ( 'NONE', #7168 ) ;
#4373 = CARTESIAN_POINT ( 'NONE',  ( 61.45516887613959511, 40.93396226415095640, -8.459999999999991971 ) ) ;
#4374 = VECTOR ( 'NONE', #6464, 1000.000000000000000 ) ;
#4375 = ORIENTED_EDGE ( 'NONE', *, *, #3865, .T. ) ;
#4376 = DIRECTION ( 'NONE',  ( 0.5000000000000012212, -0.8660254037844380415, 0.000000000000000000 ) ) ;
#4377 = VERTEX_POINT ( 'NONE', #421 ) ;
#4378 = CIRCLE ( 'NONE', #5014, 5.132893218813515013 ) ;
#4379 = ORIENTED_EDGE ( 'NONE', *, *, #4715, .T. ) ;
#4380 = CARTESIAN_POINT ( 'NONE',  ( -57.77848240762276788, -36.49999999999992184, -5.806895640825152860 ) ) ;
#4381 = DIRECTION ( 'NONE',  ( -0.000000000000000000, -0.000000000000000000, -1.000000000000000000 ) ) ;
#4382 = AXIS2_PLACEMENT_3D ( 'NONE', #7717, #7121, #1752 ) ;
#4383 = ORIENTED_EDGE ( 'NONE', *, *, #232, .F. ) ;
#4384 = EDGE_CURVE ( 'NONE', #7664, #2612, #2680, .T. ) ;
#4385 = VECTOR ( 'NONE', #629, 1000.000000000000000 ) ;
#4386 = CARTESIAN_POINT ( 'NONE',  ( 66.99999999999992895, 34.13078954500929285, -8.385224927784184601 ) ) ;
#4387 = DIRECTION ( 'NONE',  ( -0.000000000000000000, -0.000000000000000000, -1.000000000000000000 ) ) ;
#4388 = CARTESIAN_POINT ( 'NONE',  ( 64.99999999999995737, 31.50000000000000711, 0.000000000000000000 ) ) ;
#4389 = ORIENTED_EDGE ( 'NONE', *, *, #4239, .F. ) ;
#4390 = VECTOR ( 'NONE', #3454, 1000.000000000000000 ) ;
#4391 = ORIENTED_EDGE ( 'NONE', *, *, #4473, .T. ) ;
#4392 = EDGE_CURVE ( 'NONE', #7106, #3948, #293, .T. ) ;
#4393 = EDGE_CURVE ( 'NONE', #2742, #928, #3535, .T. ) ;
#4394 = DIRECTION ( 'NONE',  ( -0.000000000000000000, 0.000000000000000000, 1.000000000000000000 ) ) ;
#4395 = CARTESIAN_POINT ( 'NONE',  ( -2.999999999999980460, -24.10119365360506904, 2.000000000000000000 ) ) ;
#4396 = EDGE_CURVE ( 'NONE', #5005, #6272, #7687, .T. ) ;
#4397 = DIRECTION ( 'NONE',  ( 0.000000000000000000, -1.000000000000000000, 0.000000000000000000 ) ) ;
#4398 = VECTOR ( 'NONE', #4336, 1000.000000000000000 ) ;
#4399 = AXIS2_PLACEMENT_3D ( 'NONE', #5549, #4993, #731 ) ;
#4400 = DIRECTION ( 'NONE',  ( 0.000000000000000000, -1.000000000000000000, 0.000000000000000000 ) ) ;
#4401 = ORIENTED_EDGE ( 'NONE', *, *, #3862, .F. ) ;
#4402 = EDGE_LOOP ( 'NONE', ( #4291, #7763, #1372, #3136 ) ) ;
#4403 = FACE_OUTER_BOUND ( 'NONE', #392, .T. ) ;
#4404 = CARTESIAN_POINT ( 'NONE',  ( 49.17157287525380838, 54.98575841387691554, 0.9999999999999713562 ) ) ;
#4405 = EDGE_CURVE ( 'NONE', #5074, #2054, #3488, .T. ) ;
#4406 = DIRECTION ( 'NONE',  ( 1.000000000000000000, 0.000000000000000000, 0.000000000000000000 ) ) ;
#4407 = DIRECTION ( 'NONE',  ( 1.000000000000000000, -0.000000000000000000, 0.000000000000000000 ) ) ;
#4408 = DIRECTION ( 'NONE',  ( -0.7071067811865482389, -0.7071067811865469066, 0.000000000000000000 ) ) ;
#4409 = CARTESIAN_POINT ( 'NONE',  ( 3.000000000000023537, -32.56274646641389126, 2.000000000000000000 ) ) ;
#4410 = CARTESIAN_POINT ( 'NONE',  ( 56.60118522780064865, -37.06466158446561110, -4.780016760124730979 ) ) ;
#4411 = ORIENTED_EDGE ( 'NONE', *, *, #510, .F. ) ;
#4412 = ORIENTED_EDGE ( 'NONE', *, *, #6570, .F. ) ;
#4413 = ORIENTED_EDGE ( 'NONE', *, *, #5585, .F. ) ;
#4414 = CARTESIAN_POINT ( 'NONE',  ( -67.99999999999997158, 40.11658075373094334, -6.400000000000001243 ) ) ;
#4415 = ORIENTED_EDGE ( 'NONE', *, *, #1293, .T. ) ;
#4416 = CARTESIAN_POINT ( 'NONE',  ( -57.99999999999998579, 38.49999999999998579, 0.000000000000000000 ) ) ;
#4417 = DIRECTION ( 'NONE',  ( 0.8660254037844393737, -0.4999999999999986677, 0.000000000000000000 ) ) ;
#4418 = CARTESIAN_POINT ( 'NONE',  ( 66.96417172426929199, 31.05532553071497759, -5.601665418104527561 ) ) ;
#4419 = ADVANCED_FACE ( 'NONE', ( #2945 ), #2861, .T. ) ;
#4420 = ORIENTED_EDGE ( 'NONE', *, *, #2717, .F. ) ;
#4421 = EDGE_CURVE ( 'NONE', #6440, #5798, #4637, .T. ) ;
#4422 = LINE ( 'NONE', #4602, #2688 ) ;
#4423 = DIRECTION ( 'NONE',  ( 0.000000000000000000, 1.000000000000000000, 0.000000000000000000 ) ) ;
#4424 = VECTOR ( 'NONE', #2111, 1000.000000000000000 ) ;
#4425 = DIRECTION ( 'NONE',  ( 0.7071067811865490160, 0.000000000000000000, -0.7071067811865460184 ) ) ;
#4426 = ORIENTED_EDGE ( 'NONE', *, *, #3600, .T. ) ;
#4427 = EDGE_LOOP ( 'NONE', ( #877, #7082, #3285, #278 ) ) ;
#4428 = CARTESIAN_POINT ( 'NONE',  ( 67.89999999999996305, -40.28978583448784434, -6.400000000000001243 ) ) ;
#4429 = DIRECTION ( 'NONE',  ( -0.000000000000000000, -0.000000000000000000, -1.000000000000000000 ) ) ;
#4430 = CARTESIAN_POINT ( 'NONE',  ( 62.19999999999995310, -40.11658075373093624, -6.400000000000001243 ) ) ;
#4431 = EDGE_CURVE ( 'NONE', #7796, #3856, #7766, .T. ) ;
#4432 = VERTEX_POINT ( 'NONE', #1669 ) ;
#4433 = APPLICATION_CONTEXT ( 'automotive_design' ) ;
#4434 = VERTEX_POINT ( 'NONE', #4757 ) ;
#4435 = ADVANCED_FACE ( 'NONE', ( #4086 ), #5459, .T. ) ;
#4436 = CYLINDRICAL_SURFACE ( 'NONE', #4266, 4.299999999999998046 ) ;
#4437 = DIRECTION ( 'NONE',  ( -0.000000000000000000, 0.000000000000000000, 1.000000000000000000 ) ) ;
#4438 = VECTOR ( 'NONE', #7399, 999.9999999999998863 ) ;
#4439 = CARTESIAN_POINT ( 'NONE',  ( 61.99999999999995026, -36.88341924626904955, 2.000000000000000000 ) ) ;
#4440 = CARTESIAN_POINT ( 'NONE',  ( -49.17157287525380838, 50.98575841387691554, 2.000000000000000000 ) ) ;
#4441 = CARTESIAN_POINT ( 'NONE',  ( 65.50000000000000000, 40.49999999999998579, 0.000000000000000000 ) ) ;
#4442 = CARTESIAN_POINT ( 'NONE',  ( -62.00000000000000000, 36.76794919243111792, -6.400000000000001243 ) ) ;
#4443 = CARTESIAN_POINT ( 'NONE',  ( -63.00000000000000000, -34.13078954500924311, -8.385224927784188154 ) ) ;
#4444 = EDGE_CURVE ( 'NONE', #6400, #7299, #6225, .T. ) ;
#4445 = AXIS2_PLACEMENT_3D ( 'NONE', #3401, #1659, #6488 ) ;
#4446 = ORIENTED_EDGE ( 'NONE', *, *, #5817, .F. ) ;
#4447 = ORIENTED_EDGE ( 'NONE', *, *, #1533, .T. ) ;
#4448 = DIRECTION ( 'NONE',  ( 1.000000000000000000, 0.000000000000000000, 0.000000000000000000 ) ) ;
#4449 = ORIENTED_EDGE ( 'NONE', *, *, #3134, .F. ) ;
#4450 = VECTOR ( 'NONE', #4363, 1000.000000000000114 ) ;
#4451 = DIRECTION ( 'NONE',  ( 1.000000000000000000, 0.000000000000000000, 0.000000000000000000 ) ) ;
#4452 = LINE ( 'NONE', #240, #3446 ) ;
#4453 = AXIS2_PLACEMENT_3D ( 'NONE', #7125, #2264, #2824 ) ;
#4454 = VECTOR ( 'NONE', #1159, 999.9999999999998863 ) ;
#4455 = CARTESIAN_POINT ( 'NONE',  ( -57.11119393171252767, -36.69290082374811135, -5.207897211454772801 ) ) ;
#4456 = ORIENTED_EDGE ( 'NONE', *, *, #1638, .F. ) ;
#4457 = FACE_OUTER_BOUND ( 'NONE', #1092, .T. ) ;
#4458 = AXIS2_PLACEMENT_3D ( 'NONE', #6313, #5714, #897 ) ;
#4459 = EDGE_CURVE ( 'NONE', #7323, #839, #4169, .T. ) ;
#4460 = DIRECTION ( 'NONE',  ( -0.7071067811865573427, -0.000000000000000000, 0.7071067811865376918 ) ) ;
#4461 = ORIENTED_EDGE ( 'NONE', *, *, #6083, .F. ) ;
#4462 = VERTEX_POINT ( 'NONE', #4597 ) ;
#4463 = LINE ( 'NONE', #1394, #1672 ) ;
#4464 = DIRECTION ( 'NONE',  ( 1.000000000000000000, 0.000000000000000000, 0.000000000000000000 ) ) ;
#4465 = DIRECTION ( 'NONE',  ( -0.000000000000000000, -0.000000000000000000, -1.000000000000000000 ) ) ;
#4466 = ADVANCED_FACE ( 'NONE', ( #2855 ), #303, .F. ) ;
#4467 = VERTEX_POINT ( 'NONE', #7048 ) ;
#4468 = VERTEX_POINT ( 'NONE', #6963 ) ;
#4469 = CARTESIAN_POINT ( 'NONE',  ( -60.27278170635815968, -36.49999999999991473, -8.167106781186546982 ) ) ;
#4470 = DIRECTION ( 'NONE',  ( -0.7071067811865460184, -1.916616770854216070E-16, -0.7071067811865490160 ) ) ;
#4471 = DIRECTION ( 'NONE',  ( -0.000000000000000000, -0.000000000000000000, -1.000000000000000000 ) ) ;
#4472 = ORIENTED_EDGE ( 'NONE', *, *, #3704, .F. ) ;
#4473 = EDGE_CURVE ( 'NONE', #4280, #1537, #3200, .T. ) ;
#4474 = LINE ( 'NONE', #6890, #5456 ) ;
#4475 = CARTESIAN_POINT ( 'NONE',  ( -55.99999999999999289, 38.34661268460473593, -4.300000000000079758 ) ) ;
#4476 = ADVANCED_FACE ( 'NONE', ( #5784 ), #5110, .F. ) ;
#4477 = DIRECTION ( 'NONE',  ( 0.000000000000000000, 0.000000000000000000, -1.000000000000000000 ) ) ;
#4478 = VERTEX_POINT ( 'NONE', #2701 ) ;
#4479 = VERTEX_POINT ( 'NONE', #6891 ) ;
#4480 = TOROIDAL_SURFACE ( 'NONE', #5492, 4.425786437626966219, 1.000000000000000000 ) ;
#4481 = CARTESIAN_POINT ( 'NONE',  ( -1.999999999999980904, -32.56274646641389836, 2.000000000000000000 ) ) ;
#4482 = ORIENTED_EDGE ( 'NONE', *, *, #5544, .T. ) ;
#4483 = VECTOR ( 'NONE', #5182, 1000.000000000000000 ) ;
#4484 = CARTESIAN_POINT ( 'NONE',  ( -64.89999999999994884, -41.90636658821875926, 2.000000000000000000 ) ) ;
#4485 = DIRECTION ( 'NONE',  ( 0.000000000000000000, 0.7071067811865474617, -0.7071067811865474617 ) ) ;
#4486 = ADVANCED_FACE ( 'NONE', ( #3331 ), #1478, .T. ) ;
#4487 = EDGE_CURVE ( 'NONE', #5480, #3485, #6147, .T. ) ;
#4488 = VERTEX_POINT ( 'NONE', #2818 ) ;
#4489 = AXIS2_PLACEMENT_3D ( 'NONE', #3691, #6692, #1279 ) ;
#4490 = CARTESIAN_POINT ( 'NONE',  ( -58.00000000000002132, -36.49999999999991473, -6.019890110719622989 ) ) ;
#4491 = DIRECTION ( 'NONE',  ( -1.000000000000000000, 0.000000000000000000, 0.000000000000000000 ) ) ;
#4492 = ORIENTED_EDGE ( 'NONE', *, *, #4251, .T. ) ;
#4493 = MECHANICAL_DESIGN_GEOMETRIC_PRESENTATION_REPRESENTATION (  '', ( #6897 ), #2986 ) ;
#4494 = CARTESIAN_POINT ( 'NONE',  ( -67.89999999999997726, 40.28978583448783723, -6.400000000000001243 ) ) ;
#4495 = LINE ( 'NONE', #6912, #1381 ) ;
#4496 = ORIENTED_EDGE ( 'NONE', *, *, #1443, .F. ) ;
#4497 = TOROIDAL_SURFACE ( 'NONE', #2482, 4.425786437626967107, 1.000000000000000000 ) ;
#4498 = ORIENTED_EDGE ( 'NONE', *, *, #6870, .F. ) ;
#4499 = CARTESIAN_POINT ( 'NONE',  ( -28.99999999999999645, 49.98575841387692265, 2.000000000000000000 ) ) ;
#4500 = VECTOR ( 'NONE', #3818, 1000.000000000000000 ) ;
#4501 = DIRECTION ( 'NONE',  ( 0.000000000000000000, 0.000000000000000000, 1.000000000000000000 ) ) ;
#4502 = CARTESIAN_POINT ( 'NONE',  ( -67.99999999999994316, 34.13078954500926443, -20.62223663640860494 ) ) ;
#4503 = AXIS2_PLACEMENT_3D ( 'NONE', #2709, #3930, #5159 ) ;
#4504 = ORIENTED_EDGE ( 'NONE', *, *, #2750, .F. ) ;
#4505 = EDGE_LOOP ( 'NONE', ( #212, #3872, #3071, #238 ) ) ;
#4506 = DIRECTION ( 'NONE',  ( 0.000000000000000000, 0.000000000000000000, 1.000000000000000000 ) ) ;
#4507 = CARTESIAN_POINT ( 'NONE',  ( -64.99999999999995737, -38.49999999999995026, -8.459999999999991971 ) ) ;
#4508 = EDGE_CURVE ( 'NONE', #4682, #1579, #1513, .T. ) ;
#4509 = CARTESIAN_POINT ( 'NONE',  ( -67.79999999999996874, 36.88341924626904245, -6.400000000000001243 ) ) ;
#4510 = FACE_OUTER_BOUND ( 'NONE', #1263, .T. ) ;
#4511 = EDGE_CURVE ( 'NONE', #5798, #5205, #7612, .T. ) ;
#4512 = DIRECTION ( 'NONE',  ( -0.000000000000000000, -0.000000000000000000, 1.000000000000000000 ) ) ;
#4513 = AXIS2_PLACEMENT_3D ( 'NONE', #6525, #1338, #4787 ) ;
#4514 = CARTESIAN_POINT ( 'NONE',  ( -57.77825148307289282, 36.49999999999998579, -5.806673601340304636 ) ) ;
#4515 = CARTESIAN_POINT ( 'NONE',  ( 55.81933546421626602, 49.99485007440680562, 2.000000000000000000 ) ) ;
#4516 = DIRECTION ( 'NONE',  ( -0.000000000000000000, -0.000000000000000000, -1.000000000000000000 ) ) ;
#4517 = VECTOR ( 'NONE', #5847, 1000.000000000000000 ) ;
#4518 = ORIENTED_EDGE ( 'NONE', *, *, #4511, .F. ) ;
#4519 = ORIENTED_EDGE ( 'NONE', *, *, #7422, .F. ) ;
#4520 = DIRECTION ( 'NONE',  ( -0.000000000000000000, -0.000000000000000000, -1.000000000000000000 ) ) ;
#4521 = VECTOR ( 'NONE', #5913, 1000.000000000000000 ) ;
#4522 = ORIENTED_EDGE ( 'NONE', *, *, #4227, .F. ) ;
#4523 = DIRECTION ( 'NONE',  ( 0.000000000000000000, 0.000000000000000000, 1.000000000000000000 ) ) ;
#4524 = DIRECTION ( 'NONE',  ( -0.000000000000000000, 0.000000000000000000, 1.000000000000000000 ) ) ;
#4525 = ORIENTED_EDGE ( 'NONE', *, *, #5367, .F. ) ;
#4526 = VECTOR ( 'NONE', #4976, 1000.000000000000000 ) ;
#4527 = EDGE_CURVE ( 'NONE', #6495, #6990, #377, .T. ) ;
#4528 = CARTESIAN_POINT ( 'NONE',  ( 32.00000000000000000, 54.98575841387692265, 0.000000000000000000 ) ) ;
#4529 = EDGE_CURVE ( 'NONE', #4372, #7513, #4830, .T. ) ;
#4530 = CARTESIAN_POINT ( 'NONE',  ( 62.99999999999998579, 31.50000000000000711, -6.019890110719565257 ) ) ;
#4531 = ORIENTED_EDGE ( 'NONE', *, *, #1830, .T. ) ;
#4532 = CARTESIAN_POINT ( 'NONE',  ( 64.99999999999995737, 38.50000000000000711, -8.459999999999991971 ) ) ;
#4533 = EDGE_CURVE ( 'NONE', #4758, #2895, #4827, .T. ) ;
#4534 = CARTESIAN_POINT ( 'NONE',  ( -2.999999999999980460, -19.76274646641390476, 1.000000000000000888 ) ) ;
#4535 = VECTOR ( 'NONE', #1058, 1000.000000000000000 ) ;
#4536 = VERTEX_POINT ( 'NONE', #3529 ) ;
#4537 = ORIENTED_EDGE ( 'NONE', *, *, #6326, .T. ) ;
#4538 = UNCERTAINTY_MEASURE_WITH_UNIT (LENGTH_MEASURE( 1.000000000000000082E-05 ), #5634, 'distance_accuracy_value', 'NONE');
#4539 = DIRECTION ( 'NONE',  ( 0.000000000000000000, -0.000000000000000000, -1.000000000000000000 ) ) ;
#4540 = VECTOR ( 'NONE', #5311, 999.9999999999998863 ) ;
#4541 = CARTESIAN_POINT ( 'NONE',  ( -59.50616610945206020, -40.49999999999991473, -7.461080156552585940 ) ) ;
#4542 = ORIENTED_EDGE ( 'NONE', *, *, #4405, .F. ) ;
#4543 = ORIENTED_EDGE ( 'NONE', *, *, #7391, .F. ) ;
#4544 = CARTESIAN_POINT ( 'NONE',  ( 55.81933546421626602, 49.99485007440680562, 0.000000000000000000 ) ) ;
#4545 = CARTESIAN_POINT ( 'NONE',  ( 62.19999999999993889, 36.88341924626903534, 2.000000000000000000 ) ) ;
#4546 = CARTESIAN_POINT ( 'NONE',  ( -65.00000000000000000, 38.49999999999999289, -7.459999999999991971 ) ) ;
#4547 = LINE ( 'NONE', #6961, #2160 ) ;
#4548 = LINE ( 'NONE', #7451, #6721 ) ;
#4549 = CARTESIAN_POINT ( 'NONE',  ( 67.89999999999996305, -40.28978583448784434, -6.400000000000001243 ) ) ;
#4550 = DIRECTION ( 'NONE',  ( -1.000000000000000000, -0.000000000000000000, 0.000000000000000000 ) ) ;
#4551 = ADVANCED_FACE ( 'NONE', ( #2937 ), #7246, .F. ) ;
#4552 = ORIENTED_EDGE ( 'NONE', *, *, #1199, .T. ) ;
#4553 = ADVANCED_FACE ( 'NONE', ( #1828 ), #6976, .F. ) ;
#4554 = ORIENTED_EDGE ( 'NONE', *, *, #418, .F. ) ;
#4555 = DIRECTION ( 'NONE',  ( 1.000000000000000000, 0.000000000000000000, -0.000000000000000000 ) ) ;
#4556 = ORIENTED_EDGE ( 'NONE', *, *, #2928, .F. ) ;
#4557 = AXIS2_PLACEMENT_3D ( 'NONE', #262, #2658, #2140 ) ;
#4558 = DIRECTION ( 'NONE',  ( -1.000000000000000000, 0.000000000000000000, 0.000000000000000000 ) ) ;
#4559 = CARTESIAN_POINT ( 'NONE',  ( -64.99999999999995737, -35.03589838486221453, -6.400000000000001243 ) ) ;
#4560 = AXIS2_PLACEMENT_3D ( 'NONE', #2844, #1149, #4107 ) ;
#4561 = LINE ( 'NONE', #6755, #53 ) ;
#4562 = ORIENTED_EDGE ( 'NONE', *, *, #4473, .F. ) ;
#4564 = EDGE_CURVE ( 'NONE', #4063, #2296, #4163, .T. ) ;
#4563 = VECTOR ( 'NONE', #4079, 1000.000000000000000 ) ;
#4565 = ORIENTED_EDGE ( 'NONE', *, *, #1962, .T. ) ;
#4566 = CARTESIAN_POINT ( 'NONE',  ( -55.99999999999993605, -38.49999999999990763, -4.300000000000105516 ) ) ;
#4567 = ORIENTED_EDGE ( 'NONE', *, *, #6757, .T. ) ;
#4568 = VECTOR ( 'NONE', #2621, 1000.000000000000000 ) ;
#4569 = DIRECTION ( 'NONE',  ( 1.000000000000000000, 0.000000000000000000, 0.000000000000000000 ) ) ;
#4570 = ORIENTED_EDGE ( 'NONE', *, *, #7782, .F. ) ;
#4571 = ADVANCED_FACE ( 'NONE', ( #7760 ), #5385, .T. ) ;
#4572 = CIRCLE ( 'NONE', #1807, 4.425786437626976877 ) ;
#4573 = B_SPLINE_CURVE_WITH_KNOTS ( 'NONE', 3,
 ( #4583, #1106, #6993, #2881 ),
 .UNSPECIFIED., .F., .F.,
 ( 4, 4 ),
 ( -0.0009426512253647803020, 0.002184079982300924858 ),
 .UNSPECIFIED. ) ;
#4574 = DIRECTION ( 'NONE',  ( 1.000000000000000000, -4.040919229890095739E-16, 0.000000000000000000 ) ) ;
#4575 = VECTOR ( 'NONE', #5273, 1000.000000000000000 ) ;
#4576 = ADVANCED_FACE ( 'NONE', ( #2893 ), #1546, .T. ) ;
#4577 = DIRECTION ( 'NONE',  ( -0.8660254037844388186, 0.4999999999999997780, 0.000000000000000000 ) ) ;
#4578 = VECTOR ( 'NONE', #1718, 1000.000000000000000 ) ;
#4579 = ORIENTED_EDGE ( 'NONE', *, *, #5006, .F. ) ;
#4580 = VERTEX_POINT ( 'NONE', #493 ) ;
#4581 = CIRCLE ( 'NONE', #5524, 1.000000000000000000 ) ;
#4582 = ADVANCED_FACE ( 'NONE', ( #6023 ), #2380, .T. ) ;
#4583 = CARTESIAN_POINT ( 'NONE',  ( -63.00000000000000000, -33.77278170635816679, -8.167106781186573627 ) ) ;
#4584 = CARTESIAN_POINT ( 'NONE',  ( 69.29999999999995453, -38.49999999999999289, -8.459999999999991971 ) ) ;
#4585 = ORIENTED_EDGE ( 'NONE', *, *, #4050, .F. ) ;
#4586 = ORIENTED_EDGE ( 'NONE', *, *, #6892, .F. ) ;
#4587 = CYLINDRICAL_SURFACE ( 'NONE', #3507, 1.000000000000000888 ) ;
#4588 = CARTESIAN_POINT ( 'NONE',  ( 65.50000000000000000, 37.50000000000000000, 0.000000000000000000 ) ) ;
#4589 = CARTESIAN_POINT ( 'NONE',  ( -8.000000000000000000, 50.98575841387691554, 0.000000000000000000 ) ) ;
#4590 = DIRECTION ( 'NONE',  ( 0.000000000000000000, 0.000000000000000000, 1.000000000000000000 ) ) ;
#4591 = LINE ( 'NONE', #7714, #909 ) ;
#4592 = DIRECTION ( 'NONE',  ( -0.000000000000000000, -0.000000000000000000, -1.000000000000000000 ) ) ;
#4593 = CARTESIAN_POINT ( 'NONE',  ( -62.87273940469462019, -34.61897591464000357, -8.459999999999991971 ) ) ;
#4594 = ORIENTED_EDGE ( 'NONE', *, *, #3771, .F. ) ;
#4595 = VERTEX_POINT ( 'NONE', #4240 ) ;
#4596 = PLANE ( 'NONE',  #3163 ) ;
#4597 = CARTESIAN_POINT ( 'NONE',  ( 62.09999999999993037, 40.28978583448783013, -6.400000000000001243 ) ) ;
#4598 = ORIENTED_EDGE ( 'NONE', *, *, #6600, .F. ) ;
#4599 = LINE ( 'NONE', #7012, #7162 ) ;
#4600 = CARTESIAN_POINT ( 'NONE',  ( 65.50000000000000000, -36.49999999999999289, 0.000000000000000000 ) ) ;
#4601 = FACE_OUTER_BOUND ( 'NONE', #893, .T. ) ;
#4602 = CARTESIAN_POINT ( 'NONE',  ( 57.99999999999996447, 36.50000000000000711, -2.000000000000000000 ) ) ;
#4603 = ORIENTED_EDGE ( 'NONE', *, *, #1707, .T. ) ;
#4604 = AXIS2_PLACEMENT_3D ( 'NONE', #3492, #5910, #1838 ) ;
#4605 = ORIENTED_EDGE ( 'NONE', *, *, #7182, .F. ) ;
#4606 = CARTESIAN_POINT ( 'NONE',  ( 66.99999999999991473, -31.49999999999999289, -6.019890110719568810 ) ) ;
#4607 = DIRECTION ( 'NONE',  ( 1.000000000000000000, 0.000000000000000000, 0.000000000000000000 ) ) ;
#4608 = ORIENTED_EDGE ( 'NONE', *, *, #2356, .F. ) ;
#4609 = EDGE_CURVE ( 'NONE', #1081, #422, #2418, .T. ) ;
#4610 = EDGE_CURVE ( 'NONE', #6515, #6400, #2257, .T. ) ;
#4611 = AXIS2_PLACEMENT_3D ( 'NONE', #3997, #5777, #4035 ) ;
#4612 = CONICAL_SURFACE ( 'NONE', #7397, 2.000000000000001776, 0.7853981633974485010 ) ;
#4613 = DIRECTION ( 'NONE',  ( 0.4999999999999997780, 0.8660254037844388186, 0.000000000000000000 ) ) ;
#4614 = EDGE_CURVE ( 'NONE', #6504, #41, #4205, .T. ) ;
#4615 = ORIENTED_EDGE ( 'NONE', *, *, #775, .T. ) ;
#4616 = AXIS2_PLACEMENT_3D ( 'NONE', #852, #1323, #2626 ) ;
#4617 = ORIENTED_EDGE ( 'NONE', *, *, #7616, .F. ) ;
#4618 = DIRECTION ( 'NONE',  ( -0.000000000000000000, -0.000000000000000000, -1.000000000000000000 ) ) ;
#4619 = CARTESIAN_POINT ( 'NONE',  ( -64.89999999999994884, -41.90636658821875926, 2.000000000000000000 ) ) ;
#4620 = CARTESIAN_POINT ( 'NONE',  ( -66.99999999999995737, -32.25134444885770080, -6.742325791223260367 ) ) ;
#4621 = ORIENTED_EDGE ( 'NONE', *, *, #7239, .T. ) ;
#4622 = EDGE_CURVE ( 'NONE', #5114, #2742, #4669, .T. ) ;
#4623 = ORIENTED_EDGE ( 'NONE', *, *, #1707, .F. ) ;
#4624 = FACE_OUTER_BOUND ( 'NONE', #2570, .T. ) ;
#4625 = FACE_OUTER_BOUND ( 'NONE', #7492, .T. ) ;
#4626 = DIRECTION ( 'NONE',  ( -1.000000000000000000, 0.000000000000000000, -0.000000000000000000 ) ) ;
#4627 = ADVANCED_FACE ( 'NONE', ( #618 ), #3017, .T. ) ;
#4628 = CIRCLE ( 'NONE', #6398, 1.000000000000000000 ) ;
#4629 = PLANE ( 'NONE',  #3554 ) ;
#4630 = CARTESIAN_POINT ( 'NONE',  ( 65.50000000000000000, -49.00000000000000000, 2.000000000000000000 ) ) ;
#4631 = CARTESIAN_POINT ( 'NONE',  ( -64.39663676647572288, -29.58713485301542079, -4.367987734121440369 ) ) ;
#4632 = CARTESIAN_POINT ( 'NONE',  ( -64.99999999999994316, -38.49999999999996447, -1.999999999999998224 ) ) ;
#4633 = VERTEX_POINT ( 'NONE', #6491 ) ;
#4634 = EDGE_CURVE ( 'NONE', #1925, #1295, #3436, .T. ) ;
#4635 = VERTEX_POINT ( 'NONE', #4708 ) ;
#4636 = DIRECTION ( 'NONE',  ( 0.000000000000000000, 0.000000000000000000, -1.000000000000000000 ) ) ;
#4637 = LINE ( 'NONE', #4675, #1044 ) ;
#4638 = ORIENTED_EDGE ( 'NONE', *, *, #6487, .T. ) ;
#4639 = VECTOR ( 'NONE', #7689, 1000.000000000000000 ) ;
#4640 = CYLINDRICAL_SURFACE ( 'NONE', #3256, 1.000000000000000888 ) ;
#4641 = CIRCLE ( 'NONE', #2876, 0.1999999999999987899 ) ;
#4642 = FACE_OUTER_BOUND ( 'NONE', #7095, .T. ) ;
#4643 = DIRECTION ( 'NONE',  ( 1.000000000000000000, 0.000000000000000000, 0.000000000000000000 ) ) ;
#4644 = CARTESIAN_POINT ( 'NONE',  ( -53.69999999999982521, -38.49999999999996447, -1.999999999999998224 ) ) ;
#4645 = VERTEX_POINT ( 'NONE', #7120 ) ;
#4646 = AXIS2_PLACEMENT_3D ( 'NONE', #5295, #7706, #1653 ) ;
#4647 = EDGE_LOOP ( 'NONE', ( #3214, #5733, #340, #5641 ) ) ;
#4648 = CARTESIAN_POINT ( 'NONE',  ( -12.00000000000000178, 50.98575841387691554, 0.000000000000000000 ) ) ;
#4649 = DIRECTION ( 'NONE',  ( 1.000000000000000000, 0.000000000000000000, 0.000000000000000000 ) ) ;
#4650 = VERTEX_POINT ( 'NONE', #1702 ) ;
#4651 = EDGE_CURVE ( 'NONE', #23, #2766, #1865, .T. ) ;
#4652 = CARTESIAN_POINT ( 'NONE',  ( 60.63078954500926443, 35.50000000000001421, -20.62223663640860494 ) ) ;
#4653 = EDGE_CURVE ( 'NONE', #5287, #1547, #3248, .T. ) ;
#4654 = ORIENTED_EDGE ( 'NONE', *, *, #3712, .F. ) ;
#4655 = ORIENTED_EDGE ( 'NONE', *, *, #7071, .T. ) ;
#4656 = DIRECTION ( 'NONE',  ( 1.000000000000000000, 0.000000000000000000, -0.000000000000000000 ) ) ;
#4657 = LINE ( 'NONE', #564, #1652 ) ;
#4658 = CARTESIAN_POINT ( 'NONE',  ( 26.99999999999999645, 49.98575841387692265, 0.000000000000000000 ) ) ;
#4659 = ORIENTED_EDGE ( 'NONE', *, *, #4622, .T. ) ;
#4660 = EDGE_CURVE ( 'NONE', #6077, #327, #7233, .T. ) ;
#4661 = ORIENTED_EDGE ( 'NONE', *, *, #1856, .F. ) ;
#4662 = CARTESIAN_POINT ( 'NONE',  ( -3.999999999999976019, -41.50000000000000000, 0.000000000000000000 ) ) ;
#4663 = CARTESIAN_POINT ( 'NONE',  ( 4.000000000000025757, -32.56274646641389126, 0.000000000000000000 ) ) ;
#4664 = CARTESIAN_POINT ( 'NONE',  ( -74.99999999999998579, 37.50000000000000000, 2.000000000000000000 ) ) ;
#4665 = AXIS2_PLACEMENT_3D ( 'NONE', #977, #1095, #7021 ) ;
#4666 = CARTESIAN_POINT ( 'NONE',  ( 4.000000000000022204, -28.22429927922271631, 2.000000000000000000 ) ) ;
#4667 = DIRECTION ( 'NONE',  ( 1.000000000000000000, 0.000000000000000000, 0.000000000000000000 ) ) ;
#4668 = ADVANCED_FACE ( 'NONE', ( #6220 ), #5502, .F. ) ;
#4669 = LINE ( 'NONE', #1662, #5845 ) ;
#4670 = PLANE ( 'NONE',  #3000 ) ;
#4671 = EDGE_CURVE ( 'NONE', #4318, #1062, #1946, .T. ) ;
#4672 = ORIENTED_EDGE ( 'NONE', *, *, #1363, .T. ) ;
#4673 = EDGE_LOOP ( 'NONE', ( #6637, #7073, #1654, #7136, #946, #7438, #5505, #3360 ) ) ;
#4674 = DIRECTION ( 'NONE',  ( 0.000000000000000000, -0.000000000000000000, -1.000000000000000000 ) ) ;
#4675 = CARTESIAN_POINT ( 'NONE',  ( 65.50000000000000000, 45.00000000000000000, 0.9999999999999715783 ) ) ;
#4676 = ORIENTED_EDGE ( 'NONE', *, *, #1856, .T. ) ;
#4677 = DIRECTION ( 'NONE',  ( 1.000000000000000000, 0.000000000000000000, 0.000000000000000000 ) ) ;
#4678 = DIRECTION ( 'NONE',  ( -0.000000000000000000, -0.000000000000000000, 1.000000000000000000 ) ) ;
#4679 = DIRECTION ( 'NONE',  ( -0.000000000000000000, -0.000000000000000000, 1.000000000000000000 ) ) ;
#4680 = EDGE_CURVE ( 'NONE', #1268, #5287, #4310, .T. ) ;
#4681 = DIRECTION ( 'NONE',  ( 1.000000000000000000, 0.000000000000000000, 0.000000000000000000 ) ) ;
#4682 = VERTEX_POINT ( 'NONE', #6686 ) ;
#4683 = VERTEX_POINT ( 'NONE', #3130 ) ;
#4684 = CARTESIAN_POINT ( 'NONE',  ( -67.99999999999994316, -36.88341924626901402, 2.000000000000000000 ) ) ;
#4685 = CARTESIAN_POINT ( 'NONE',  ( 62.95773014179869875, 34.46703647118349068, -8.459999999999991971 ) ) ;
#4686 = VERTEX_POINT ( 'NONE', #94 ) ;
#4687 = VECTOR ( 'NONE', #1504, 1000.000000000000000 ) ;
#4688 = VECTOR ( 'NONE', #4841, 1000.000000000000000 ) ;
#4689 = CARTESIAN_POINT ( 'NONE',  ( -66.00303076326487428, 29.76366883718445067, -4.507325027676810869 ) ) ;
#4690 = VERTEX_POINT ( 'NONE', #6182 ) ;
#4691 = VERTEX_POINT ( 'NONE', #3684 ) ;
#4692 = AXIS2_PLACEMENT_3D ( 'NONE', #302, #2034, #227 ) ;
#4693 = VECTOR ( 'NONE', #6725, 1000.000000000000000 ) ;
#4694 = EDGE_CURVE ( 'NONE', #6985, #2, #3171, .T. ) ;
#4695 = CARTESIAN_POINT ( 'NONE',  ( -62.00000000000000000, -34.13078954500923601, -8.459999999999991971 ) ) ;
#4696 = B_SPLINE_CURVE_WITH_KNOTS ( 'NONE', 3,
 ( #5526, #119, #6748, #7340 ),
 .UNSPECIFIED., .F., .F.,
 ( 4, 4 ),
 ( 1.734723475976807094E-18, 0.0004194706865624595201 ),
 .UNSPECIFIED. ) ;
#4697 = FACE_OUTER_BOUND ( 'NONE', #1179, .T. ) ;
#4698 = CIRCLE ( 'NONE', #1178, 1.000000000000000888 ) ;
#4699 = DIRECTION ( 'NONE',  ( -1.000000000000000000, 0.000000000000000000, 0.000000000000000000 ) ) ;
#4700 = ORIENTED_EDGE ( 'NONE', *, *, #4634, .T. ) ;
#4701 = ORIENTED_EDGE ( 'NONE', *, *, #2161, .T. ) ;
#4702 = DIRECTION ( 'NONE',  ( 0.000000000000000000, 0.000000000000000000, -1.000000000000000000 ) ) ;
#4703 = DIRECTION ( 'NONE',  ( -0.000000000000000000, -0.000000000000000000, 1.000000000000000000 ) ) ;
#4704 = DIRECTION ( 'NONE',  ( -0.000000000000000000, -0.000000000000000000, -1.000000000000000000 ) ) ;
#4705 = DIRECTION ( 'NONE',  ( 0.7071067811865567876, 0.000000000000000000, 0.7071067811865383579 ) ) ;
#4706 = AXIS2_PLACEMENT_3D ( 'NONE', #2319, #6051, #677 ) ;
#4707 = FACE_OUTER_BOUND ( 'NONE', #4315, .T. ) ;
#4708 = CARTESIAN_POINT ( 'NONE',  ( 26.99999999999999645, 48.98575841387692265, 0.000000000000000000 ) ) ;
#4709 = EDGE_CURVE ( 'NONE', #7605, #1920, #2024, .T. ) ;
#4710 = LINE ( 'NONE', #6615, #1480 ) ;
#4711 = ORIENTED_EDGE ( 'NONE', *, *, #3081, .F. ) ;
#4712 = VERTEX_POINT ( 'NONE', #1986 ) ;
#4713 = CARTESIAN_POINT ( 'NONE',  ( 66.99999999999992895, 31.50000000000000711, -6.019890110719565257 ) ) ;
#4714 = DIRECTION ( 'NONE',  ( 1.000000000000000000, 0.000000000000000000, 0.000000000000000000 ) ) ;
#4715 = EDGE_CURVE ( 'NONE', #7231, #1567, #4060, .T. ) ;
#4716 = ORIENTED_EDGE ( 'NONE', *, *, #6063, .T. ) ;
#4717 = FACE_OUTER_BOUND ( 'NONE', #3315, .T. ) ;
#4718 = DIRECTION ( 'NONE',  ( 0.000000000000000000, -1.000000000000000000, 0.000000000000000000 ) ) ;
#4719 = DIRECTION ( 'NONE',  ( 0.7071067811865481278, 0.7071067811865469066, 0.000000000000000000 ) ) ;
#4720 = EDGE_CURVE ( 'NONE', #2095, #7707, #1902, .T. ) ;
#4721 = CARTESIAN_POINT ( 'NONE',  ( -55.99090833947008150, 47.16642294966062821, 2.000000000000000000 ) ) ;
#4722 = CARTESIAN_POINT ( 'NONE',  ( 64.99999999999995737, -38.49999999999999289, -7.459999999999991971 ) ) ;
#4723 = FACE_OUTER_BOUND ( 'NONE', #1524, .T. ) ;
#4724 = ORIENTED_EDGE ( 'NONE', *, *, #4234, .F. ) ;
#4725 = ORIENTED_EDGE ( 'NONE', *, *, #7465, .T. ) ;
#4726 = CARTESIAN_POINT ( 'NONE',  ( 60.37709820724717247, 40.50000000000001421, -8.263178694298577653 ) ) ;
#4727 = EDGE_CURVE ( 'NONE', #2878, #7652, #6100, .T. ) ;
#4728 = FACE_OUTER_BOUND ( 'NONE', #5747, .T. ) ;
#4729 = ORIENTED_EDGE ( 'NONE', *, *, #6326, .F. ) ;
#4730 = EDGE_CURVE ( 'NONE', #316, #3291, #2670, .T. ) ;
#4731 = CARTESIAN_POINT ( 'NONE',  ( -1.999999999999973577, -18.76274646641389765, -8.511675595743399825 ) ) ;
#4732 = EDGE_CURVE ( 'NONE', #1885, #7308, #5326, .T. ) ;
#4733 = VERTEX_POINT ( 'NONE', #4867 ) ;
#4734 = ORIENTED_EDGE ( 'NONE', *, *, #2251, .T. ) ;
#4735 = AXIS2_PLACEMENT_3D ( 'NONE', #3096, #6067, #6190 ) ;
#4736 = DIRECTION ( 'NONE',  ( -0.000000000000000000, -0.000000000000000000, 1.000000000000000000 ) ) ;
#4737 = CONICAL_SURFACE ( 'NONE', #1337, 11.30000000000012861, 0.7853981633974533860 ) ;
#4738 = CARTESIAN_POINT ( 'NONE',  ( -27.00000000000000355, 49.98575841387692265, 2.000000000000000000 ) ) ;
#4739 = CIRCLE ( 'NONE', #2752, 4.425786437626976877 ) ;
#4740 = DIRECTION ( 'NONE',  ( 0.8660254037844383745, -0.5000000000000004441, 0.000000000000000000 ) ) ;
#4741 = VECTOR ( 'NONE', #2585, 1000.000000000000000 ) ;
#4742 = VERTEX_POINT ( 'NONE', #3723 ) ;
#4743 = ORIENTED_EDGE ( 'NONE', *, *, #6212, .T. ) ;
#4744 = CARTESIAN_POINT ( 'NONE',  ( -66.99999999999994316, -33.87721670837984789, -8.263287829770209925 ) ) ;
#4745 = CARTESIAN_POINT ( 'NONE',  ( 65.09999999999995168, -35.09363341178120521, -6.400000000000001243 ) ) ;
#4746 = DIRECTION ( 'NONE',  ( -0.000000000000000000, -0.000000000000000000, 1.000000000000000000 ) ) ;
#4747 = DIRECTION ( 'NONE',  ( 1.000000000000000000, 0.000000000000000000, 0.000000000000000000 ) ) ;
#4748 = DIRECTION ( 'NONE',  ( 0.000000000000000000, -1.000000000000000000, 0.000000000000000000 ) ) ;
#4749 = AXIS2_PLACEMENT_3D ( 'NONE', #3836, #2049, #1497 ) ;
#4750 = CARTESIAN_POINT ( 'NONE',  ( -66.12111025909416639, -29.83809398738632623, -4.566654465903558169 ) ) ;
#4751 = CARTESIAN_POINT ( 'NONE',  ( 65.50000000000000000, 45.00000000000000000, 0.9999999999999713562 ) ) ;
#4752 = ORIENTED_EDGE ( 'NONE', *, *, #3067, .T. ) ;
#4753 = EDGE_CURVE ( 'NONE', #3380, #2858, #1418, .T. ) ;
#4754 = ORIENTED_EDGE ( 'NONE', *, *, #6948, .T. ) ;
#4755 = DIRECTION ( 'NONE',  ( -0.000000000000000000, -0.000000000000000000, -1.000000000000000000 ) ) ;
#4756 = AXIS2_PLACEMENT_3D ( 'NONE', #2703, #5823, #7640 ) ;
#4757 = CARTESIAN_POINT ( 'NONE',  ( 62.09999999999993037, 40.28978583448783013, 2.000000000000000000 ) ) ;
#4758 = VERTEX_POINT ( 'NONE', #1355 ) ;
#4759 = EDGE_CURVE ( 'NONE', #7068, #1428, #5189, .T. ) ;
#4760 = CARTESIAN_POINT ( 'NONE',  ( 62.19999999999995310, -36.88341924626904955, -6.400000000000001243 ) ) ;
#4761 = AXIS2_PLACEMENT_3D ( 'NONE', #7351, #1940, #2449 ) ;
#4762 = DIRECTION ( 'NONE',  ( -0.000000000000000000, -0.000000000000000000, 1.000000000000000000 ) ) ;
#4763 = DIRECTION ( 'NONE',  ( -0.000000000000000000, -0.000000000000000000, -1.000000000000000000 ) ) ;
#4764 = LINE ( 'NONE', #4052, #1184 ) ;
#4765 = CIRCLE ( 'NONE', #3370, 1.000000000000000888 ) ;
#4766 = PLANE ( 'NONE',  #7288 ) ;
#4767 = EDGE_LOOP ( 'NONE', ( #2537, #4016, #6093, #417 ) ) ;
#4768 = ORIENTED_EDGE ( 'NONE', *, *, #6994, .F. ) ;
#4769 = AXIS2_PLACEMENT_3D ( 'NONE', #501, #2902, #6735 ) ;
#4770 = ORIENTED_EDGE ( 'NONE', *, *, #3587, .T. ) ;
#4771 = CARTESIAN_POINT ( 'NONE',  ( 1.962405932198763026E-14, -26.16274646641389268, 1.000000000000000888 ) ) ;
#4772 = CARTESIAN_POINT ( 'NONE',  ( 60.63078954500926443, 35.50000000000001421, -8.459999999999991971 ) ) ;
#4773 = ORIENTED_EDGE ( 'NONE', *, *, #707, .T. ) ;
#4774 = AXIS2_PLACEMENT_3D ( 'NONE', #4, #2871, #6473 ) ;
#4775 = AXIS2_PLACEMENT_3D ( 'NONE', #4722, #5951, #2269 ) ;
#4776 = ADVANCED_FACE ( 'NONE', ( #3765 ), #6593, .F. ) ;
#4777 = EDGE_CURVE ( 'NONE', #391, #2461, #4908, .T. ) ;
#4778 = VECTOR ( 'NONE', #250, 1000.000000000000114 ) ;
#4779 = CARTESIAN_POINT ( 'NONE',  ( -49.17157287525380838, 54.98575841387692975, 2.000000000000000000 ) ) ;
#4780 = EDGE_LOOP ( 'NONE', ( #65, #4126, #2420, #5320, #36 ) ) ;
#4781 = ORIENTED_EDGE ( 'NONE', *, *, #7520, .F. ) ;
#4782 = FACE_OUTER_BOUND ( 'NONE', #2886, .T. ) ;
#4783 = CARTESIAN_POINT ( 'NONE',  ( 72.00000000000001421, -41.50000000000000000, 2.000000000000000000 ) ) ;
#4784 = DIRECTION ( 'NONE',  ( -0.000000000000000000, -0.000000000000000000, 1.000000000000000000 ) ) ;
#4785 = ORIENTED_EDGE ( 'NONE', *, *, #1471, .F. ) ;
#4786 = VERTEX_POINT ( 'NONE', #6810 ) ;
#4787 = DIRECTION ( 'NONE',  ( -1.000000000000000000, 0.000000000000000000, 0.000000000000000000 ) ) ;
#4788 = DIRECTION ( 'NONE',  ( 1.000000000000000000, 0.000000000000000000, 0.000000000000000000 ) ) ;
#4789 = DIRECTION ( 'NONE',  ( -1.000000000000000000, 0.000000000000000000, 0.000000000000000000 ) ) ;
#4790 = CARTESIAN_POINT ( 'NONE',  ( -64.99999999999998579, 35.03589838486225005, -6.400000000000001243 ) ) ;
#4791 = CARTESIAN_POINT ( 'NONE',  ( 65.50000000000000000, 47.98575841387692975, 2.000000000000000000 ) ) ;
#4792 = CARTESIAN_POINT ( 'NONE',  ( -57.77848240762275367, 40.49999999999999289, -5.806895640825079141 ) ) ;
#4793 = ORIENTED_EDGE ( 'NONE', *, *, #2071, .T. ) ;
#4794 = ORIENTED_EDGE ( 'NONE', *, *, #1363, .F. ) ;
#4795 = CARTESIAN_POINT ( 'NONE',  ( 62.09999999999993037, 40.28978583448783013, -6.400000000000001243 ) ) ;
#4796 = VECTOR ( 'NONE', #2870, 1000.000000000000000 ) ;
#4797 = LINE ( 'NONE', #5469, #6292 ) ;
#4798 = VERTEX_POINT ( 'NONE', #2650 ) ;
#4799 = DIRECTION ( 'NONE',  ( -1.000000000000000000, 0.000000000000000000, 0.000000000000000000 ) ) ;
#4800 = DIRECTION ( 'NONE',  ( 0.000000000000000000, -1.000000000000000000, 0.000000000000000000 ) ) ;
#4801 = DIRECTION ( 'NONE',  ( 1.000000000000000000, 0.000000000000000000, 0.000000000000000000 ) ) ;
#4802 = DIRECTION ( 'NONE',  ( -1.000000000000000000, 0.000000000000000000, 0.000000000000000000 ) ) ;
#4803 = LINE ( 'NONE', #4093, #4521 ) ;
#4804 = ADVANCED_FACE ( 'NONE', ( #5692 ), #6328, .T. ) ;
#4805 = CIRCLE ( 'NONE', #7579, 2.000000000000001776 ) ;
#4806 = CARTESIAN_POINT ( 'NONE',  ( 72.00000000000001421, 37.50000000000000000, 2.000000000000000000 ) ) ;
#4807 = ORIENTED_EDGE ( 'NONE', *, *, #7204, .F. ) ;
#4808 = ORIENTED_EDGE ( 'NONE', *, *, #2092, .F. ) ;
#4809 = CARTESIAN_POINT ( 'NONE',  ( 56.08713485301543500, 39.10336323352428423, -4.367987734121448362 ) ) ;
#4810 = LINE ( 'NONE', #1139, #1373 ) ;
#4811 = ORIENTED_EDGE ( 'NONE', *, *, #4533, .T. ) ;
#4812 = EDGE_CURVE ( 'NONE', #4712, #5494, #1814, .T. ) ;
#4813 = CARTESIAN_POINT ( 'NONE',  ( -63.00000000000000000, -34.29425992883383145, -8.446178886083128390 ) ) ;
#4814 = AXIS2_PLACEMENT_3D ( 'NONE', #3432, #4151, #6602 ) ;
#4815 = ORIENTED_EDGE ( 'NONE', *, *, #7191, .T. ) ;
#4816 = ADVANCED_FACE ( 'NONE', ( #2769 ), #288, .F. ) ;
#4817 = DIRECTION ( 'NONE',  ( 0.000000000000000000, -0.000000000000000000, 1.000000000000000000 ) ) ;
#4818 = EDGE_CURVE ( 'NONE', #4971, #2125, #4028, .T. ) ;
#4819 = DIRECTION ( 'NONE',  ( 0.000000000000000000, 0.000000000000000000, -1.000000000000000000 ) ) ;
#4820 = AXIS2_PLACEMENT_3D ( 'NONE', #1282, #186, #3026 ) ;
#4821 = CARTESIAN_POINT ( 'NONE',  ( 2.000000000000012879, -18.76274646641389765, 2.000000000000000000 ) ) ;
#4822 = VERTEX_POINT ( 'NONE', #6403 ) ;
#4823 = CIRCLE ( 'NONE', #1538, 0.2000000000000057288 ) ;
#4824 = VERTEX_POINT ( 'NONE', #367 ) ;
#4825 = DIRECTION ( 'NONE',  ( -0.8660254037844380415, 0.5000000000000013323, 0.000000000000000000 ) ) ;
#4826 = EDGE_CURVE ( 'NONE', #1290, #5287, #2687, .T. ) ;
#4827 = CIRCLE ( 'NONE', #6349, 5.132893218813515013 ) ;
#4828 = CARTESIAN_POINT ( 'NONE',  ( -2.999999999999980460, 0.000000000000000000, -8.511675595743399825 ) ) ;
#4829 = CARTESIAN_POINT ( 'NONE',  ( 64.99999999999995737, -38.49999999999999289, -8.459999999999991971 ) ) ;
#4830 = B_SPLINE_CURVE_WITH_KNOTS ( 'NONE', 3,
 ( #336, #2737, #7639, #7564, #962, #3367, #2221, #2184, #7004, #3404, #4631, #1589, #4002, #6418, #1041, #3444, #5862, #452, #4750, #531, #3567, #5939, #4831, #2333, #6531, #7161 ),
 .UNSPECIFIED., .F., .F.,
 ( 4, 2, 2, 2, 2, 2, 2, 2, 2, 2, 2, 2, 4 ),
 ( 8.673617379884035472E-19, 0.0009127677240409566226, 0.001825535448081912378, 0.002281919310102398495, 0.002738303172122884179, 0.003194687034143370297, 0.003651070896163856414, 0.004107454758184342532, 0.004563838620204829083, 0.005020222482225314767, 0.005476606344245800451, 0.006389374068286750134, 0.007302141792327700685 ),
 .UNSPECIFIED. ) ;
#4831 = CARTESIAN_POINT ( 'NONE',  ( -66.80670412799098301, -30.61032245169750610, -5.207139044747422396 ) ) ;
#4832 = AXIS2_PLACEMENT_3D ( 'NONE', #6809, #287, #2647 ) ;
#4833 = CARTESIAN_POINT ( 'NONE',  ( -57.55576286957933263, 40.46423955560165098, -5.602067653567812222 ) ) ;
#4834 = AXIS2_PLACEMENT_3D ( 'NONE', #6139, #4312, #6255 ) ;
#4835 = ORIENTED_EDGE ( 'NONE', *, *, #2774, .T. ) ;
#4836 = VERTEX_POINT ( 'NONE', #949 ) ;
#4837 = DIRECTION ( 'NONE',  ( 1.000000000000000000, 0.000000000000000000, 0.000000000000000000 ) ) ;
#4838 = DIRECTION ( 'NONE',  ( -0.000000000000000000, -0.000000000000000000, 1.000000000000000000 ) ) ;
#4839 = VERTEX_POINT ( 'NONE', #2806 ) ;
#4840 = AXIS2_PLACEMENT_3D ( 'NONE', #7193, #4150, #607 ) ;
#4841 = DIRECTION ( 'NONE',  ( 0.000000000000000000, 0.000000000000000000, 1.000000000000000000 ) ) ;
#4842 = PLANE ( 'NONE',  #5741 ) ;
#4843 = CARTESIAN_POINT ( 'NONE',  ( -3.111111111111092065, -24.55931650089592111, -8.511675595743399825 ) ) ;
#4844 = DIRECTION ( 'NONE',  ( -0.000000000000000000, -0.000000000000000000, -1.000000000000000000 ) ) ;
#4845 = DIRECTION ( 'NONE',  ( 0.000000000000000000, 0.000000000000000000, -1.000000000000000000 ) ) ;
#4846 = DIRECTION ( 'NONE',  ( 1.000000000000000000, 0.000000000000000000, 0.000000000000000000 ) ) ;
#4847 = ORIENTED_EDGE ( 'NONE', *, *, #3820, .T. ) ;
#4848 = ORIENTED_EDGE ( 'NONE', *, *, #1983, .F. ) ;
#4849 = CARTESIAN_POINT ( 'NONE',  ( -64.99999999999995737, -35.03589838486221453, 2.000000000000000000 ) ) ;
#4850 = ADVANCED_FACE ( 'NONE', ( #2209 ), #3283, .F. ) ;
#4851 = DIRECTION ( 'NONE',  ( 1.000000000000000000, 0.000000000000000000, 0.000000000000000000 ) ) ;
#4852 = ORIENTED_EDGE ( 'NONE', *, *, #3025, .F. ) ;
#4853 = B_SPLINE_CURVE_WITH_KNOTS ( 'NONE', 3,
 ( #5564, #5047, #2040, #5115 ),
 .UNSPECIFIED., .F., .F.,
 ( 4, 4 ),
 ( 0.0004277666603173128153, 0.0008467977387968576115 ),
 .UNSPECIFIED. ) ;
#4854 = CARTESIAN_POINT ( 'NONE',  ( -63.87888974090580518, 29.83809398738639729, -4.566654465903600801 ) ) ;
#4855 = EDGE_CURVE ( 'NONE', #4798, #5986, #3932, .T. ) ;
#4856 = VERTEX_POINT ( 'NONE', #4619 ) ;
#4857 = ADVANCED_FACE ( 'NONE', ( #7032 ), #1617, .T. ) ;
#4858 = CARTESIAN_POINT ( 'NONE',  ( 4.000000000000021316, -24.10119365360507260, 2.000000000000000000 ) ) ;
#4859 = FACE_OUTER_BOUND ( 'NONE', #3993, .T. ) ;
#4860 = ADVANCED_FACE ( 'NONE', ( #5730 ), #2173, .F. ) ;
#4861 = DIRECTION ( 'NONE',  ( 0.000000000000000000, -0.000000000000000000, -1.000000000000000000 ) ) ;
#4862 = VERTEX_POINT ( 'NONE', #4584 ) ;
#4863 = ORIENTED_EDGE ( 'NONE', *, *, #5841, .T. ) ;
#4864 = DIRECTION ( 'NONE',  ( 1.000000000000000000, 0.000000000000000000, 0.000000000000000000 ) ) ;
#4865 = DIRECTION ( 'NONE',  ( -1.000000000000000000, 0.000000000000000000, 0.000000000000000000 ) ) ;
#4866 = DIRECTION ( 'NONE',  ( -0.000000000000000000, -0.000000000000000000, -1.000000000000000000 ) ) ;
#4867 = CARTESIAN_POINT ( 'NONE',  ( -61.99999999999995737, -40.11658075373092203, 2.000000000000000000 ) ) ;
#4868 = VECTOR ( 'NONE', #260, 1000.000000000000000 ) ;
#4869 = DIRECTION ( 'NONE',  ( 0.000000000000000000, -1.000000000000000000, 0.000000000000000000 ) ) ;
#4870 = EDGE_CURVE ( 'NONE', #996, #6701, #3812, .T. ) ;
#4871 = VERTEX_POINT ( 'NONE', #1028 ) ;
#4872 = ORIENTED_EDGE ( 'NONE', *, *, #3040, .F. ) ;
#4873 = EDGE_CURVE ( 'NONE', #1575, #4742, #5659, .T. ) ;
#4874 = CARTESIAN_POINT ( 'NONE',  ( 66.99999999999992895, 33.00614362763145948, -7.461059451568207379 ) ) ;
#4875 = CARTESIAN_POINT ( 'NONE',  ( -60.63078954500930706, 36.49999999999998579, 0.000000000000000000 ) ) ;
#4876 = ORIENTED_EDGE ( 'NONE', *, *, #776, .F. ) ;
#4877 = CARTESIAN_POINT ( 'NONE',  ( 65.50000000000000000, 45.00000000000000000, 0.000000000000000000 ) ) ;
#4878 = AXIS2_PLACEMENT_3D ( 'NONE', #1803, #5475, #1090 ) ;
#4879 = DIRECTION ( 'NONE',  ( 1.000000000000000000, 0.000000000000000000, 0.000000000000000000 ) ) ;
#4880 = LINE ( 'NONE', #5395, #1800 ) ;
#4881 = LINE ( 'NONE', #2905, #3741 ) ;
#4882 = CARTESIAN_POINT ( 'NONE',  ( -57.99090833947008150, 43.99999999999999289, 2.000000000000000000 ) ) ;
#4883 = FACE_OUTER_BOUND ( 'NONE', #6362, .T. ) ;
#4884 = EDGE_CURVE ( 'NONE', #4194, #5237, #3988, .T. ) ;
#4885 = ORIENTED_EDGE ( 'NONE', *, *, #7071, .F. ) ;
#4886 = VERTEX_POINT ( 'NONE', #255 ) ;
#4887 = ORIENTED_EDGE ( 'NONE', *, *, #6320, .F. ) ;
#4888 = LINE ( 'NONE', #703, #6198 ) ;
#4889 = FACE_OUTER_BOUND ( 'NONE', #5607, .T. ) ;
#4890 = EDGE_LOOP ( 'NONE', ( #4043, #7051, #3824, #2630 ) ) ;
#4891 = CONICAL_SURFACE ( 'NONE', #2232, 11.30000000000012861, 0.7853981633974533860 ) ;
#4892 = DIRECTION ( 'NONE',  ( 0.000000000000000000, 0.000000000000000000, -1.000000000000000000 ) ) ;
#4893 = VERTEX_POINT ( 'NONE', #6879 ) ;
#4894 = VECTOR ( 'NONE', #158, 1000.000000000000000 ) ;
#4895 = VECTOR ( 'NONE', #5143, 1000.000000000000000 ) ;
#4896 = CARTESIAN_POINT ( 'NONE',  ( -60.27278170635818810, 40.49999999999998579, -8.167106781186545206 ) ) ;
#4897 = B_SPLINE_CURVE_WITH_KNOTS ( 'NONE', 3,
 ( #3476, #6017, #6485, #6751, #7709, #1784, #4199, #7387, #6609, #5341, #7755, #3748, #1072, #7200, #486, #7113, #1154, #3012, #3562, #2887, #4935, #5419, #2325, #124, #4977, #526 ),
 .UNSPECIFIED., .F., .F.,
 ( 4, 2, 2, 2, 2, 2, 2, 2, 2, 2, 2, 2, 4 ),
 ( 0.000000000000000000, 0.0009127677240409539120, 0.001825535448081907824, 0.002281919310102388954, 0.002738303172122869868, 0.003194687034143350781, 0.003651070896163831694, 0.004107454758184312174, 0.004563838620204793521, 0.005020222482225274001, 0.005476606344245755348, 0.006389374068286716307, 0.007302141792327676399 ),
 .UNSPECIFIED. ) ;
#4898 = DIRECTION ( 'NONE',  ( -0.000000000000000000, -0.000000000000000000, -1.000000000000000000 ) ) ;
#4899 = ADVANCED_FACE ( 'NONE', ( #7552 ), #2057, .F. ) ;
#4900 = EDGE_CURVE ( 'NONE', #4580, #1339, #1464, .T. ) ;
#4901 = FACE_OUTER_BOUND ( 'NONE', #3155, .T. ) ;
#4902 = VECTOR ( 'NONE', #6482, 1000.000000000000000 ) ;
#4903 = ORIENTED_EDGE ( 'NONE', *, *, #4680, .T. ) ;
#4904 = ORIENTED_EDGE ( 'NONE', *, *, #7627, .T. ) ;
#4905 = FACE_OUTER_BOUND ( 'NONE', #7199, .T. ) ;
#4906 = CARTESIAN_POINT ( 'NONE',  ( -60.63078954500929996, 40.49999999999998579, -8.385224927784186377 ) ) ;
#4907 = CARTESIAN_POINT ( 'NONE',  ( -61.99999999999995737, -40.11658075373092203, 2.000000000000000000 ) ) ;
#4908 = LINE ( 'NONE', #4989, #4438 ) ;
#4909 = AXIS2_PLACEMENT_3D ( 'NONE', #4652, #5171, #7584 ) ;
#4910 = CARTESIAN_POINT ( 'NONE',  ( 62.99999999999998579, 34.13078954500929996, -8.385224927784188154 ) ) ;
#4911 = ADVANCED_FACE ( 'NONE', ( #1780, #12 ), #3518, .T. ) ;
#4912 = EDGE_LOOP ( 'NONE', ( #7806, #4781, #2039, #6608, #4165 ) ) ;
#4913 = VERTEX_POINT ( 'NONE', #3006 ) ;
#4914 = CARTESIAN_POINT ( 'NONE',  ( -49.17157287525380838, 50.98575841387691554, 0.9999999999999713562 ) ) ;
#4915 = DIRECTION ( 'NONE',  ( 0.000000000000000000, 0.000000000000000000, -1.000000000000000000 ) ) ;
#4916 = ORIENTED_EDGE ( 'NONE', *, *, #1490, .F. ) ;
#4917 = DIRECTION ( 'NONE',  ( 0.000000000000000000, -0.000000000000000000, -1.000000000000000000 ) ) ;
#4918 = DIRECTION ( 'NONE',  ( 1.000000000000000000, 0.000000000000000000, 0.000000000000000000 ) ) ;
#4919 = ADVANCED_FACE ( 'NONE', ( #6011 ), #2547, .T. ) ;
#4920 = CARTESIAN_POINT ( 'NONE',  ( -58.00000000000002132, -40.49999999999991473, 0.000000000000000000 ) ) ;
#4921 = FACE_OUTER_BOUND ( 'NONE', #1371, .T. ) ;
#4922 = FACE_OUTER_BOUND ( 'NONE', #6288, .T. ) ;
#4923 = ADVANCED_FACE ( 'NONE', ( #5853 ), #7705, .F. ) ;
#4924 = CARTESIAN_POINT ( 'NONE',  ( 60.63078954500927154, -40.49999999999999289, -8.385224927784188154 ) ) ;
#4925 = ORIENTED_EDGE ( 'NONE', *, *, #1539, .F. ) ;
#4926 = VECTOR ( 'NONE', #6590, 999.9999999999997726 ) ;
#4927 = ORIENTED_EDGE ( 'NONE', *, *, #4932, .T. ) ;
#4928 = ORIENTED_EDGE ( 'NONE', *, *, #3829, .F. ) ;
#4929 = CARTESIAN_POINT ( 'NONE',  ( -57.99999999999998579, 38.49999999999998579, 0.000000000000000000 ) ) ;
#4930 = DIRECTION ( 'NONE',  ( -1.000000000000000000, 0.000000000000000000, 0.000000000000000000 ) ) ;
#4931 = ORIENTED_EDGE ( 'NONE', *, *, #5890, .T. ) ;
#4932 = EDGE_CURVE ( 'NONE', #2224, #7037, #6639, .T. ) ;
#4933 = AXIS2_PLACEMENT_3D ( 'NONE', #2980, #7167, #1167 ) ;
#4934 = CARTESIAN_POINT ( 'NONE',  ( -64.26065893114478911, 29.63605708058132038, -4.406312522901217221 ) ) ;
#4935 = CARTESIAN_POINT ( 'NONE',  ( 63.56624527907376887, -30.09952231101474140, -4.778648769969336740 ) ) ;
#4936 = ORIENTED_EDGE ( 'NONE', *, *, #964, .T. ) ;
#4937 = DIRECTION ( 'NONE',  ( -0.8660254037844380415, 0.5000000000000012212, 0.000000000000000000 ) ) ;
#4938 = DIRECTION ( 'NONE',  ( -0.000000000000000000, -0.000000000000000000, 1.000000000000000000 ) ) ;
#4939 = CARTESIAN_POINT ( 'NONE',  ( -28.00000000000000355, 49.98575841387692265, 0.000000000000000000 ) ) ;
#4940 = ORIENTED_EDGE ( 'NONE', *, *, #3951, .F. ) ;
#4941 = CONICAL_SURFACE ( 'NONE', #1531, 2.000000000000001776, 0.7853981633974346233 ) ;
#4942 = EDGE_LOOP ( 'NONE', ( #6016, #2464, #730, #5566 ) ) ;
#4943 = LINE ( 'NONE', #1862, #2086 ) ;
#4944 = EDGE_CURVE ( 'NONE', #1290, #568, #7468, .T. ) ;
#4945 = DIRECTION ( 'NONE',  ( -0.000000000000000000, -0.000000000000000000, -1.000000000000000000 ) ) ;
#4946 = VECTOR ( 'NONE', #6995, 1000.000000000000000 ) ;
#4947 = DIRECTION ( 'NONE',  ( -0.7071067811865352493, 0.000000000000000000, 0.7071067811865597852 ) ) ;
#4948 = CARTESIAN_POINT ( 'NONE',  ( -67.79999999999994031, -36.88341924626901402, -6.400000000000001243 ) ) ;
#4949 = PLANE ( 'NONE',  #2741 ) ;
#4950 = CIRCLE ( 'NONE', #290, 0.2000000000000057288 ) ;
#4951 = VERTEX_POINT ( 'NONE', #7194 ) ;
#4952 = AXIS2_PLACEMENT_3D ( 'NONE', #5977, #3998, #4114 ) ;
#4953 = EDGE_LOOP ( 'NONE', ( #5155, #2489, #4446, #5601 ) ) ;
#4954 = CARTESIAN_POINT ( 'NONE',  ( 62.99999999999998579, 31.50000000000000711, -2.000000000000000000 ) ) ;
#4955 = DIRECTION ( 'NONE',  ( 0.000000000000000000, -0.000000000000000000, -1.000000000000000000 ) ) ;
#4956 = CARTESIAN_POINT ( 'NONE',  ( -52.00000000000002842, 53.81418553862310006, 0.9999999999999718003 ) ) ;
#4957 = DIRECTION ( 'NONE',  ( -0.000000000000000000, -0.000000000000000000, 1.000000000000000000 ) ) ;
#4958 = ADVANCED_FACE ( 'NONE', ( #6518 ), #3424, .F. ) ;
#4959 = DIRECTION ( 'NONE',  ( -1.000000000000000000, 0.000000000000000000, 0.000000000000000000 ) ) ;
#4960 = CARTESIAN_POINT ( 'NONE',  ( 65.50000000000000000, 40.50000000000001421, 0.000000000000000000 ) ) ;
#4961 = DIRECTION ( 'NONE',  ( -0.000000000000000000, -0.000000000000000000, 1.000000000000000000 ) ) ;
#4962 = CARTESIAN_POINT ( 'NONE',  ( 60.37721670837985499, -40.49999999999999289, -8.263287829770211701 ) ) ;
#4963 = ORIENTED_EDGE ( 'NONE', *, *, #6517, .T. ) ;
#4964 = ORIENTED_EDGE ( 'NONE', *, *, #6441, .F. ) ;
#4965 = ADVANCED_FACE ( 'NONE', ( #4697 ), #1693, .T. ) ;
#4966 = VECTOR ( 'NONE', #3379, 1000.000000000000000 ) ;
#4967 = ORIENTED_EDGE ( 'NONE', *, *, #5734, .F. ) ;
#4968 = CARTESIAN_POINT ( 'NONE',  ( 65.50000000000000000, -36.49999999999991473, -2.000000000000000000 ) ) ;
#4969 = ORIENTED_EDGE ( 'NONE', *, *, #209, .T. ) ;
#4970 = CARTESIAN_POINT ( 'NONE',  ( -27.00000000000000355, 48.98575841387692265, 0.000000000000000000 ) ) ;
#4971 = VERTEX_POINT ( 'NONE', #5926 ) ;
#4972 = AXIS2_PLACEMENT_3D ( 'NONE', #7130, #1600, #387 ) ;
#4973 = ORIENTED_EDGE ( 'NONE', *, *, #1580, .F. ) ;
#4974 = EDGE_CURVE ( 'NONE', #4166, #6587, #520, .T. ) ;
#4975 = VECTOR ( 'NONE', #4524, 1000.000000000000000 ) ;
#4976 = DIRECTION ( 'NONE',  ( -0.000000000000000000, -0.000000000000000000, -1.000000000000000000 ) ) ;
#4977 = CARTESIAN_POINT ( 'NONE',  ( 62.99999999999997158, -31.27826502318835367, -5.806686620485594474 ) ) ;
#4978 = EDGE_CURVE ( 'NONE', #5739, #5798, #3471, .T. ) ;
#4979 = ORIENTED_EDGE ( 'NONE', *, *, #6366, .T. ) ;
#4980 = AXIS2_PLACEMENT_3D ( 'NONE', #4013, #7173, #7726 ) ;
#4981 = DIRECTION ( 'NONE',  ( 1.000000000000000000, 0.000000000000000000, 0.000000000000000000 ) ) ;
#4982 = CARTESIAN_POINT ( 'NONE',  ( 11.99999999999999822, 49.98575841387692265, 0.9999999999999711342 ) ) ;
#4983 = EDGE_CURVE ( 'NONE', #2095, #7060, #608, .T. ) ;
#4984 = FACE_OUTER_BOUND ( 'NONE', #2598, .T. ) ;
#4985 = ORIENTED_EDGE ( 'NONE', *, *, #3907, .F. ) ;
#4986 = ORIENTED_EDGE ( 'NONE', *, *, #1773, .T. ) ;
#4987 = CARTESIAN_POINT ( 'NONE',  ( -60.37721670837988341, 40.49999999999998579, -8.263287829770208148 ) ) ;
#4988 = FACE_OUTER_BOUND ( 'NONE', #6784, .T. ) ;
#4989 = CARTESIAN_POINT ( 'NONE',  ( -67.99999999999994316, -40.23205080756884655, -6.400000000000001243 ) ) ;
#4990 = CARTESIAN_POINT ( 'NONE',  ( -64.99999999999994316, -41.73316150746187247, 2.000000000000000000 ) ) ;
#4991 = ORIENTED_EDGE ( 'NONE', *, *, #1244, .F. ) ;
#4992 = ORIENTED_EDGE ( 'NONE', *, *, #3858, .T. ) ;
#4993 = DIRECTION ( 'NONE',  ( 0.000000000000000000, 0.000000000000000000, -1.000000000000000000 ) ) ;
#4994 = CARTESIAN_POINT ( 'NONE',  ( 28.99999999999999645, 50.98575841387691554, 2.000000000000000000 ) ) ;
#4995 = DIRECTION ( 'NONE',  ( -1.000000000000000000, 0.000000000000000000, 0.000000000000000000 ) ) ;
#4996 = LINE ( 'NONE', #1994, #789 ) ;
#4997 = CIRCLE ( 'NONE', #5881, 0.1999999999999987899 ) ;
#4998 = DIRECTION ( 'NONE',  ( 0.000000000000000000, 0.000000000000000000, 1.000000000000000000 ) ) ;
#4999 = FACE_OUTER_BOUND ( 'NONE', #3627, .T. ) ;
#5000 = FACE_OUTER_BOUND ( 'NONE', #5856, .T. ) ;
#5001 = DIRECTION ( 'NONE',  ( -1.000000000000000000, 0.000000000000000000, 0.000000000000000000 ) ) ;
#5002 = VECTOR ( 'NONE', #5129, 1000.000000000000114 ) ;
#5003 = ORIENTED_EDGE ( 'NONE', *, *, #2117, .T. ) ;
#5004 = EDGE_CURVE ( 'NONE', #6823, #996, #5889, .T. ) ;
#5005 = VERTEX_POINT ( 'NONE', #7667 ) ;
#5006 = EDGE_CURVE ( 'NONE', #4733, #561, #4187, .T. ) ;
#5007 = AXIS2_PLACEMENT_3D ( 'NONE', #1825, #5458, #5380 ) ;
#5008 = ORIENTED_EDGE ( 'NONE', *, *, #5763, .T. ) ;
#5009 = DIRECTION ( 'NONE',  ( 0.000000000000000000, 1.000000000000000000, 0.000000000000000000 ) ) ;
#5010 = ORIENTED_EDGE ( 'NONE', *, *, #3508, .T. ) ;
#5011 = CARTESIAN_POINT ( 'NONE',  ( 12.99999999999999822, 47.98575841387692975, 2.000000000000000000 ) ) ;
#5012 = CARTESIAN_POINT ( 'NONE',  ( 66.99999999999992895, 34.13078954500929285, 0.000000000000000000 ) ) ;
#5013 = B_SPLINE_CURVE_WITH_KNOTS ( 'NONE', 3,
 ( #5993, #6111, #1322, #3101 ),
 .UNSPECIFIED., .F., .F.,
 ( 4, 4 ),
 ( 0.000000000000000000, 0.003126612814703681222 ),
 .UNSPECIFIED. ) ;
#5014 = AXIS2_PLACEMENT_3D ( 'NONE', #5451, #85, #7392 ) ;
#5015 = CARTESIAN_POINT ( 'NONE',  ( 66.68822606031891098, 30.39643568481294977, -5.024925560961341908 ) ) ;
#5016 = CARTESIAN_POINT ( 'NONE',  ( 57.99090833947008150, 45.00000000000000000, 2.000000000000000000 ) ) ;
#5017 = AXIS2_PLACEMENT_3D ( 'NONE', #1704, #2894, #7762 ) ;
#5018 = ORIENTED_EDGE ( 'NONE', *, *, #4234, .T. ) ;
#5019 = ADVANCED_FACE ( 'NONE', ( #4067 ), #2882, .T. ) ;
#5020 = CYLINDRICAL_SURFACE ( 'NONE', #7744, 7.500000000000007105 ) ;
#5021 = DIRECTION ( 'NONE',  ( -1.000000000000000000, 0.000000000000000000, 0.000000000000000000 ) ) ;
#5022 = EDGE_CURVE ( 'NONE', #6916, #5655, #7219, .T. ) ;
#5023 = B_SPLINE_CURVE_WITH_KNOTS ( 'NONE', 3,
 ( #4443, #779, #5635, #3146 ),
 .UNSPECIFIED., .F., .F.,
 ( 4, 4 ),
 ( 0.0004277666603173059848, 0.0008467977387968434085 ),
 .UNSPECIFIED. ) ;
#5024 = CARTESIAN_POINT ( 'NONE',  ( -62.00000000000000000, 40.11658075373094334, -6.400000000000001243 ) ) ;
#5025 = ORIENTED_EDGE ( 'NONE', *, *, #5022, .T. ) ;
#5026 = VECTOR ( 'NONE', #7056, 1000.000000000000000 ) ;
#5027 = VERTEX_POINT ( 'NONE', #5969 ) ;
#5028 = VECTOR ( 'NONE', #6852, 1000.000000000000000 ) ;
#5029 = EDGE_CURVE ( 'NONE', #6534, #2461, #4657, .T. ) ;
#5030 = DIRECTION ( 'NONE',  ( -0.000000000000000000, -0.000000000000000000, -1.000000000000000000 ) ) ;
#5031 = DIRECTION ( 'NONE',  ( 0.000000000000000000, 0.000000000000000000, 1.000000000000000000 ) ) ;
#5032 = AXIS2_PLACEMENT_3D ( 'NONE', #7185, #3631, #1685 ) ;
#5033 = AXIS2_PLACEMENT_3D ( 'NONE', #6795, #3202, #5614 ) ;
#5034 = DIRECTION ( 'NONE',  ( -0.000000000000000000, -0.000000000000000000, 1.000000000000000000 ) ) ;
#5035 = ORIENTED_EDGE ( 'NONE', *, *, #2382, .T. ) ;
#5036 = ORIENTED_EDGE ( 'NONE', *, *, #1281, .F. ) ;
#5037 = CARTESIAN_POINT ( 'NONE',  ( -60.49868155969896577, -36.49999999999991473, -8.335965212114830436 ) ) ;
#5038 = CARTESIAN_POINT ( 'NONE',  ( 3.000000000000023537, -32.56274646641389126, -8.511675595743399825 ) ) ;
#5039 = CARTESIAN_POINT ( 'NONE',  ( 65.09999999999995168, -35.09363341178120521, -6.400000000000001243 ) ) ;
#5040 = FACE_OUTER_BOUND ( 'NONE', #1655, .T. ) ;
#5041 = DIRECTION ( 'NONE',  ( 1.000000000000000000, 0.000000000000000000, 0.000000000000000000 ) ) ;
#5042 = LINE ( 'NONE', #1285, #6509 ) ;
#5043 = CARTESIAN_POINT ( 'NONE',  ( 56.00027938724388576, -38.34319962634117473, -4.300217301250469859 ) ) ;
#5044 = ORIENTED_EDGE ( 'NONE', *, *, #6619, .F. ) ;
#5045 = ORIENTED_EDGE ( 'NONE', *, *, #3553, .F. ) ;
#5046 = ORIENTED_EDGE ( 'NONE', *, *, #7476, .T. ) ;
#5047 = CARTESIAN_POINT ( 'NONE',  ( 62.99999999999998579, 33.99851384451559255, -8.335902675378465077 ) ) ;
#5048 = ORIENTED_EDGE ( 'NONE', *, *, #1462, .T. ) ;
#5049 = DIRECTION ( 'NONE',  ( -1.000000000000000000, 0.000000000000000000, 0.000000000000000000 ) ) ;
#5050 = LINE ( 'NONE', #2595, #4975 ) ;
#5051 = EDGE_CURVE ( 'NONE', #6361, #6793, #5373, .T. ) ;
#5052 = LINE ( 'NONE', #4684, #3158 ) ;
#5053 = CIRCLE ( 'NONE', #2522, 4.299999999999998046 ) ;
#5054 = ORIENTED_EDGE ( 'NONE', *, *, #5157, .F. ) ;
#5055 = EDGE_CURVE ( 'NONE', #3238, #2644, #4378, .T. ) ;
#5056 = CARTESIAN_POINT ( 'NONE',  ( 64.89999999999996305, 35.09363341178117679, -6.400000000000001243 ) ) ;
#5057 = CARTESIAN_POINT ( 'NONE',  ( -65.00000000000000000, 38.49999999999999289, -1.999999999999998224 ) ) ;
#5058 = EDGE_CURVE ( 'NONE', #7029, #4682, #7435, .T. ) ;
#5059 = ORIENTED_EDGE ( 'NONE', *, *, #3715, .F. ) ;
#5060 = ORIENTED_EDGE ( 'NONE', *, *, #2951, .T. ) ;
#5061 = EDGE_CURVE ( 'NONE', #6950, #6785, #1344, .T. ) ;
#5062 = DIRECTION ( 'NONE',  ( 0.7071067811865477948, 0.000000000000000000, -0.7071067811865473507 ) ) ;
#5063 = CARTESIAN_POINT ( 'NONE',  ( -62.00000000000000000, 34.13078954500929285, -20.62223663640860494 ) ) ;
#5064 = DIRECTION ( 'NONE',  ( 1.000000000000000000, 0.000000000000000000, 0.000000000000000000 ) ) ;
#5065 = ORIENTED_EDGE ( 'NONE', *, *, #5112, .F. ) ;
#5066 = EDGE_CURVE ( 'NONE', #1415, #3329, #2016, .T. ) ;
#5067 = ORIENTED_EDGE ( 'NONE', *, *, #7583, .F. ) ;
#5068 = FACE_OUTER_BOUND ( 'NONE', #3094, .T. ) ;
#5069 = DIRECTION ( 'NONE',  ( 1.000000000000000000, 0.000000000000000000, 0.000000000000000000 ) ) ;
#5070 = AXIS2_PLACEMENT_3D ( 'NONE', #6563, #3556, #7235 ) ;
#5071 = PLANE ( 'NONE',  #1296 ) ;
#5072 = ADVANCED_FACE ( 'NONE', ( #3754 ), #7310, .F. ) ;
#5073 = DIRECTION ( 'NONE',  ( -1.000000000000000000, 0.000000000000000000, 0.000000000000000000 ) ) ;
#5074 = VERTEX_POINT ( 'NONE', #1937 ) ;
#5075 = CYLINDRICAL_SURFACE ( 'NONE', #3304, 1.000000000000000888 ) ;
#5076 = DIRECTION ( 'NONE',  ( 0.7071067811865376918, 0.000000000000000000, 0.7071067811865574537 ) ) ;
#5077 = CARTESIAN_POINT ( 'NONE',  ( -56.99090833947008150, 47.16642294966062821, 0.9999999999999713562 ) ) ;
#5078 = VECTOR ( 'NONE', #6817, 1000.000000000000000 ) ;
#5079 = ORIENTED_EDGE ( 'NONE', *, *, #6307, .T. ) ;
#5080 = ORIENTED_EDGE ( 'NONE', *, *, #364, .F. ) ;
#5081 = DIRECTION ( 'NONE',  ( -1.000000000000000000, 0.000000000000000000, 0.000000000000000000 ) ) ;
#5082 = ORIENTED_EDGE ( 'NONE', *, *, #1983, .T. ) ;
#5083 = AXIS2_PLACEMENT_3D ( 'NONE', #6301, #3815, #6337 ) ;
#5084 = LINE ( 'NONE', #7497, #4639 ) ;
#5085 = CARTESIAN_POINT ( 'NONE',  ( 0.000000000000000000, -18.76274646641389765, -8.511675595743399825 ) ) ;
#5086 = AXIS2_PLACEMENT_3D ( 'NONE', #3577, #6497, #6459 ) ;
#5087 = AXIS2_PLACEMENT_3D ( 'NONE', #4829, #3683, #1827 ) ;
#5088 = ORIENTED_EDGE ( 'NONE', *, *, #3525, .T. ) ;
#5089 = CARTESIAN_POINT ( 'NONE',  ( -56.13708172337052815, -37.75811665827680486, -4.407118621043592199 ) ) ;
#5090 = EDGE_CURVE ( 'NONE', #5412, #5855, #3045, .T. ) ;
#5091 = CARTESIAN_POINT ( 'NONE',  ( 61.45516887613958801, -36.06603773584905070, -20.62223663640860494 ) ) ;
#5092 = VERTEX_POINT ( 'NONE', #1976 ) ;
#5093 = AXIS2_PLACEMENT_3D ( 'NONE', #127, #2524, #4937 ) ;
#5094 = FACE_OUTER_BOUND ( 'NONE', #4647, .T. ) ;
#5095 = EDGE_CURVE ( 'NONE', #3700, #1290, #6756, .T. ) ;
#5096 = DIRECTION ( 'NONE',  ( 1.000000000000000000, -0.000000000000000000, 0.000000000000000000 ) ) ;
#5097 = EDGE_LOOP ( 'NONE', ( #3899, #4815, #7248, #7480 ) ) ;
#5098 = EDGE_LOOP ( 'NONE', ( #3511, #4554, #7471, #113 ) ) ;
#5099 = CARTESIAN_POINT ( 'NONE',  ( -28.00000000000000355, 49.98575841387692265, 0.9999999999999713562 ) ) ;
#5100 = DIRECTION ( 'NONE',  ( -0.000000000000000000, 0.000000000000000000, 1.000000000000000000 ) ) ;
#5101 = CYLINDRICAL_SURFACE ( 'NONE', #603, 1.000000000000000888 ) ;
#5102 = EDGE_LOOP ( 'NONE', ( #2664, #4339 ) ) ;
#5103 = ORIENTED_EDGE ( 'NONE', *, *, #2820, .T. ) ;
#5104 = DIRECTION ( 'NONE',  ( -0.000000000000000000, -0.000000000000000000, 1.000000000000000000 ) ) ;
#5105 = DIRECTION ( 'NONE',  ( 1.000000000000000000, -4.040919229890095739E-16, -0.000000000000000000 ) ) ;
#5106 = LINE ( 'NONE', #5737, #4568 ) ;
#5107 = FACE_BOUND ( 'NONE', #2422, .T. ) ;
#5108 = DIRECTION ( 'NONE',  ( 0.000000000000000000, -1.000000000000000000, 0.000000000000000000 ) ) ;
#5109 = EDGE_CURVE ( 'NONE', #2880, #3380, #7349, .T. ) ;
#5110 = CYLINDRICAL_SURFACE ( 'NONE', #2804, 0.2000000000000057288 ) ;
#5111 = DIRECTION ( 'NONE',  ( 0.000000000000000000, -1.000000000000000000, 0.000000000000000000 ) ) ;
#5112 = EDGE_CURVE ( 'NONE', #5131, #6474, #716, .T. ) ;
#5113 = ORIENTED_EDGE ( 'NONE', *, *, #1683, .T. ) ;
#5114 = VERTEX_POINT ( 'NONE', #5574 ) ;
#5115 = CARTESIAN_POINT ( 'NONE',  ( 62.99999999999998579, 33.77278170635822363, -8.167106781186573627 ) ) ;
#5116 = ORIENTED_EDGE ( 'NONE', *, *, #5263, .F. ) ;
#5117 = AXIS2_PLACEMENT_3D ( 'NONE', #448, #1584, #527 ) ;
#5118 = CARTESIAN_POINT ( 'NONE',  ( -64.89999999999999147, 35.09363341178121232, -6.400000000000001243 ) ) ;
#5119 = CARTESIAN_POINT ( 'NONE',  ( -49.17157287525380838, 54.98575841387692265, 0.9999999999999713562 ) ) ;
#5120 = ADVANCED_FACE ( 'NONE', ( #1265 ), #6802, .F. ) ;
#5121 = ORIENTED_EDGE ( 'NONE', *, *, #939, .T. ) ;
#5122 = VECTOR ( 'NONE', #6984, 1000.000000000000000 ) ;
#5123 = AXIS2_PLACEMENT_3D ( 'NONE', #289, #2689, #72 ) ;
#5124 = DIRECTION ( 'NONE',  ( 1.000000000000000000, 0.000000000000000000, 0.000000000000000000 ) ) ;
#5125 = LINE ( 'NONE', #5091, #6140 ) ;
#5126 = ORIENTED_EDGE ( 'NONE', *, *, #2315, .F. ) ;
#5127 = CIRCLE ( 'NONE', #1721, 1.000000000000000222 ) ;
#5128 = CARTESIAN_POINT ( 'NONE',  ( -67.89999999999994884, -40.28978583448780881, 2.000000000000000000 ) ) ;
#5129 = DIRECTION ( 'NONE',  ( 0.7071067811865394681, 0.000000000000000000, 0.7071067811865555663 ) ) ;
#5130 = CIRCLE ( 'NONE', #732, 0.2000000000000057288 ) ;
#5131 = VERTEX_POINT ( 'NONE', #1389 ) ;
#5132 = CIRCLE ( 'NONE', #5767, 4.425786437626976877 ) ;
#5133 = ORIENTED_EDGE ( 'NONE', *, *, #4694, .T. ) ;
#5134 = AXIS2_PLACEMENT_3D ( 'NONE', #1171, #6071, #4918 ) ;
#5135 = ADVANCED_FACE ( 'NONE', ( #3675 ), #1306, .T. ) ;
#5136 = DIRECTION ( 'NONE',  ( -0.7071067811865378028, 0.000000000000000000, 0.7071067811865573427 ) ) ;
#5137 = AXIS2_PLACEMENT_3D ( 'NONE', #7333, #2546, #3888 ) ;
#5138 = CARTESIAN_POINT ( 'NONE',  ( 61.45516887613959511, 40.93396226415095640, -20.62223663640860494 ) ) ;
#5139 = EDGE_CURVE ( 'NONE', #568, #1268, #5617, .T. ) ;
#5140 = AXIS2_PLACEMENT_3D ( 'NONE', #5392, #5354, #4799 ) ;
#5141 = ORIENTED_EDGE ( 'NONE', *, *, #7341, .T. ) ;
#5142 = ORIENTED_EDGE ( 'NONE', *, *, #5285, .F. ) ;
#5143 = DIRECTION ( 'NONE',  ( -1.000000000000000000, 0.000000000000000000, 0.000000000000000000 ) ) ;
#5144 = CARTESIAN_POINT ( 'NONE',  ( -64.99999999999994316, -41.96410161513772152, -6.400000000000001243 ) ) ;
#5145 = CARTESIAN_POINT ( 'NONE',  ( -63.00000000000000000, 33.87721670837987631, -8.263287829770211701 ) ) ;
#5146 = CARTESIAN_POINT ( 'NONE',  ( 69.29999999999995453, 38.50000000000000711, -20.62223663640860494 ) ) ;
#5147 = VECTOR ( 'NONE', #4649, 1000.000000000000000 ) ;
#5148 = CARTESIAN_POINT ( 'NONE',  ( 65.50000000000000000, -40.49999999999999289, -2.000000000000000000 ) ) ;
#5149 = AXIS2_PLACEMENT_3D ( 'NONE', #7346, #7155, #2521 ) ;
#5150 = DIRECTION ( 'NONE',  ( 0.000000000000000000, 0.000000000000000000, -1.000000000000000000 ) ) ;
#5151 =( NAMED_UNIT ( * ) SI_UNIT ( $, .STERADIAN. ) SOLID_ANGLE_UNIT ( ) );
#5152 = DIRECTION ( 'NONE',  ( -0.000000000000000000, -0.000000000000000000, 1.000000000000000000 ) ) ;
#5153 = CIRCLE ( 'NONE', #3774, 3.000000000000016431 ) ;
#5154 = EDGE_LOOP ( 'NONE', ( #2411, #125, #3590, #4808 ) ) ;
#5155 = ORIENTED_EDGE ( 'NONE', *, *, #1786, .F. ) ;
#5156 = CARTESIAN_POINT ( 'NONE',  ( -2.999999999999980460, -19.76274646641390476, -8.511675595743399825 ) ) ;
#5157 = EDGE_CURVE ( 'NONE', #5721, #783, #2226, .T. ) ;
#5158 = ORIENTED_EDGE ( 'NONE', *, *, #6742, .T. ) ;
#5159 = DIRECTION ( 'NONE',  ( -1.000000000000000000, 0.000000000000000000, 0.000000000000000000 ) ) ;
#5160 = DIRECTION ( 'NONE',  ( 1.000000000000000000, 0.000000000000000000, 0.000000000000000000 ) ) ;
#5161 = EDGE_CURVE ( 'NONE', #3845, #2742, #6022, .T. ) ;
#5162 = DIRECTION ( 'NONE',  ( 0.000000000000000000, 1.000000000000000000, 0.000000000000000000 ) ) ;
#5163 = ORIENTED_EDGE ( 'NONE', *, *, #729, .F. ) ;
#5164 = AXIS2_PLACEMENT_3D ( 'NONE', #642, #1890, #3115 ) ;
#5165 = ORIENTED_EDGE ( 'NONE', *, *, #4396, .F. ) ;
#5166 = CARTESIAN_POINT ( 'NONE',  ( -56.50689143379706536, -39.83763920803599490, -4.703016595897367758 ) ) ;
#5167 = EDGE_CURVE ( 'NONE', #211, #5757, #2610, .T. ) ;
#5168 = CARTESIAN_POINT ( 'NONE',  ( -57.99090833947008150, 45.99999999999999289, 2.000000000000000000 ) ) ;
#5169 = VERTEX_POINT ( 'NONE', #128 ) ;
#5170 = DIRECTION ( 'NONE',  ( 0.000000000000000000, 0.000000000000000000, 1.000000000000000000 ) ) ;
#5171 = DIRECTION ( 'NONE',  ( -0.000000000000000000, -0.000000000000000000, 1.000000000000000000 ) ) ;
#5172 = CIRCLE ( 'NONE', #267, 2.999999999999988898 ) ;
#5173 = ORIENTED_EDGE ( 'NONE', *, *, #7672, .F. ) ;
#5174 = VERTEX_POINT ( 'NONE', #2525 ) ;
#5175 = DIRECTION ( 'NONE',  ( 0.000000000000000000, 0.7071067811865573427, 0.7071067811865376918 ) ) ;
#5176 = AXIS2_PLACEMENT_3D ( 'NONE', #4167, #5351, #7765 ) ;
#5177 = DIRECTION ( 'NONE',  ( -1.000000000000000000, 0.000000000000000000, 0.000000000000000000 ) ) ;
#5178 = VERTEX_POINT ( 'NONE', #6052 ) ;
#5179 = ADVANCED_FACE ( 'NONE', ( #4859 ), #678, .F. ) ;
#5180 = ORIENTED_EDGE ( 'NONE', *, *, #6391, .T. ) ;
#5181 = LINE ( 'NONE', #7633, #5276 ) ;
#5182 = DIRECTION ( 'NONE',  ( 0.000000000000000000, 0.000000000000000000, 1.000000000000000000 ) ) ;
#5183 = FACE_OUTER_BOUND ( 'NONE', #824, .T. ) ;
#5184 = CARTESIAN_POINT ( 'NONE',  ( -67.99999999999994316, -40.23205080756884655, 2.000000000000000000 ) ) ;
#5185 = CARTESIAN_POINT ( 'NONE',  ( -49.17157287525380838, 50.98575841387691554, 2.000000000000000000 ) ) ;
#5186 = CARTESIAN_POINT ( 'NONE',  ( -67.49999999999997158, -41.50000000000000000, 2.000000000000000000 ) ) ;
#5187 = CARTESIAN_POINT ( 'NONE',  ( 64.99999999999995737, -38.49999999999999289, 0.000000000000000000 ) ) ;
#5188 = VERTEX_POINT ( 'NONE', #835 ) ;
#5189 = CIRCLE ( 'NONE', #6213, 2.000000000000001776 ) ;
#5190 = EDGE_CURVE ( 'NONE', #2054, #5918, #225, .T. ) ;
#5191 = VERTEX_POINT ( 'NONE', #3241 ) ;
#5192 = CARTESIAN_POINT ( 'NONE',  ( -32.00000000000000000, 50.98575841387691554, 0.9999999999999715783 ) ) ;
#5193 = DIRECTION ( 'NONE',  ( 1.000000000000000000, 0.000000000000000000, 0.000000000000000000 ) ) ;
#5194 = ORIENTED_EDGE ( 'NONE', *, *, #2951, .F. ) ;
#5195 = EDGE_CURVE ( 'NONE', #4595, #4179, #224, .T. ) ;
#5196 = CIRCLE ( 'NONE', #6329, 1.000000000000000000 ) ;
#5197 = DIRECTION ( 'NONE',  ( -0.000000000000000000, -0.000000000000000000, 1.000000000000000000 ) ) ;
#5198 = FACE_OUTER_BOUND ( 'NONE', #4767, .T. ) ;
#5199 = DIRECTION ( 'NONE',  ( 1.000000000000000000, 0.000000000000000000, 0.000000000000000000 ) ) ;
#5200 = AXIS2_PLACEMENT_3D ( 'NONE', #2933, #7635, #1746 ) ;
#5201 = CARTESIAN_POINT ( 'NONE',  ( -67.43396226415089245, -34.95516887613958801, -8.459999999999991971 ) ) ;
#5202 = EDGE_CURVE ( 'NONE', #1575, #7384, #7536, .T. ) ;
#5203 = ORIENTED_EDGE ( 'NONE', *, *, #6429, .F. ) ;
#5204 = CIRCLE ( 'NONE', #6094, 1.000000000000000888 ) ;
#5205 = VERTEX_POINT ( 'NONE', #397 ) ;
#5206 = CARTESIAN_POINT ( 'NONE',  ( -56.13640494780587176, -39.24025560661494438, -4.406585597709274715 ) ) ;
#5207 = AXIS2_PLACEMENT_3D ( 'NONE', #2900, #1756, #5312 ) ;
#5208 = CARTESIAN_POINT ( 'NONE',  ( -60.63078954500928575, -35.49999999999991473, 0.000000000000000000 ) ) ;
#5209 = ORIENTED_EDGE ( 'NONE', *, *, #7715, .T. ) ;
#5210 = CIRCLE ( 'NONE', #3314, 5.132893218813508796 ) ;
#5211 = EDGE_CURVE ( 'NONE', #183, #3718, #7280, .T. ) ;
#5212 = VECTOR ( 'NONE', #7086, 1000.000000000000000 ) ;
#5213 = EDGE_CURVE ( 'NONE', #6592, #7037, #5384, .T. ) ;
#5214 = CARTESIAN_POINT ( 'NONE',  ( -66.43533841553433206, 30.10118522780072681, -4.780016760124774500 ) ) ;
#5215 = VECTOR ( 'NONE', #7069, 1000.000000000000000 ) ;
#5216 = ORIENTED_EDGE ( 'NONE', *, *, #7187, .F. ) ;
#5217 = VERTEX_POINT ( 'NONE', #4494 ) ;
#5218 = CIRCLE ( 'NONE', #1059, 1.000000000000000444 ) ;
#5219 = DIRECTION ( 'NONE',  ( -0.000000000000000000, 0.000000000000000000, 1.000000000000000000 ) ) ;
#5220 = EDGE_CURVE ( 'NONE', #391, #1885, #2163, .T. ) ;
#5221 = CARTESIAN_POINT ( 'NONE',  ( 64.99999999999997158, 38.50000000000003553, -8.459999999999991971 ) ) ;
#5222 = CARTESIAN_POINT ( 'NONE',  ( 57.99999999999995026, -36.49999999999999289, -6.019890110719543053 ) ) ;
#5223 = EDGE_LOOP ( 'NONE', ( #3963, #5280, #4180, #99 ) ) ;
#5224 = ORIENTED_EDGE ( 'NONE', *, *, #4609, .T. ) ;
#5225 = DIRECTION ( 'NONE',  ( 0.000000000000000000, 0.000000000000000000, -1.000000000000000000 ) ) ;
#5226 = DIRECTION ( 'NONE',  ( -1.000000000000000000, 0.000000000000000000, 0.000000000000000000 ) ) ;
#5227 = CARTESIAN_POINT ( 'NONE',  ( 57.99999999999995026, -36.49999999999999289, -6.019890110719543053 ) ) ;
#5228 = CARTESIAN_POINT ( 'NONE',  ( -60.96703647118349778, 36.45773014179870586, -8.459999999999991971 ) ) ;
#5229 = CARTESIAN_POINT ( 'NONE',  ( -74.99999999999998579, 37.50000000000000000, 0.000000000000000000 ) ) ;
#5230 = B_SPLINE_CURVE_WITH_KNOTS ( 'NONE', 3,
 ( #3973, #7695, #393, #352, #2756, #4056, #5166, #2794, #7576, #5206, #2199, #2156, #2273, #4566 ),
 .UNSPECIFIED., .F., .F.,
 ( 4, 2, 2, 2, 2, 2, 4 ),
 ( 0.000000000000000000, 0.0009136625828416100256, 0.001827325165683220051, 0.002284156457104025498, 0.002740987748524830944, 0.003197819039945636391, 0.003654650331366441837 ),
 .UNSPECIFIED. ) ;
#5231 = DIRECTION ( 'NONE',  ( 1.000000000000000000, 0.000000000000000000, 0.000000000000000000 ) ) ;
#5232 = CARTESIAN_POINT ( 'NONE',  ( 64.99999999999995737, 35.03589838486221453, 2.000000000000000000 ) ) ;
#5233 = ORIENTED_EDGE ( 'NONE', *, *, #6663, .F. ) ;
#5234 = EDGE_LOOP ( 'NONE', ( #4138, #5103, #166, #654 ) ) ;
#5235 = DIRECTION ( 'NONE',  ( -1.000000000000000000, 0.000000000000000000, 0.000000000000000000 ) ) ;
#5236 = CARTESIAN_POINT ( 'NONE',  ( -67.49999999999997158, -49.00000000000000000, 0.9999999999999713562 ) ) ;
#5237 = VERTEX_POINT ( 'NONE', #6911 ) ;
#5238 = CARTESIAN_POINT ( 'NONE',  ( 66.99999999999991473, -33.99851384451557124, -8.335902675378466853 ) ) ;
#5239 = DIRECTION ( 'NONE',  ( 0.000000000000000000, 0.000000000000000000, 1.000000000000000000 ) ) ;
#5240 = PLANE ( 'NONE',  #1939 ) ;
#5241 = LINE ( 'NONE', #4015, #3383 ) ;
#5242 = EDGE_CURVE ( 'NONE', #6941, #5739, #3358, .T. ) ;
#5243 = EDGE_CURVE ( 'NONE', #6652, #3238, #4260, .T. ) ;
#5244 = EDGE_LOOP ( 'NONE', ( #5637, #2617, #5438, #1358 ) ) ;
#5245 = ORIENTED_EDGE ( 'NONE', *, *, #4095, .T. ) ;
#5246 = CARTESIAN_POINT ( 'NONE',  ( 65.50000000000000000, -41.50000000000000000, 0.9999999999999713562 ) ) ;
#5247 = CARTESIAN_POINT ( 'NONE',  ( 67.99999999999997158, 40.11658075373093624, -6.400000000000001243 ) ) ;
#5248 = ORIENTED_EDGE ( 'NONE', *, *, #5167, .F. ) ;
#5249 = CONICAL_SURFACE ( 'NONE', #2083, 2.000000000000001776, 0.7853981633974485010 ) ;
#5250 = DIRECTION ( 'NONE',  ( -0.000000000000000000, -0.000000000000000000, 1.000000000000000000 ) ) ;
#5251 = ORIENTED_EDGE ( 'NONE', *, *, #7616, .T. ) ;
#5252 = ORIENTED_EDGE ( 'NONE', *, *, #2122, .T. ) ;
#5253 = EDGE_CURVE ( 'NONE', #6361, #6941, #6947, .T. ) ;
#5254 = DIRECTION ( 'NONE',  ( -0.000000000000000000, -0.000000000000000000, 1.000000000000000000 ) ) ;
#5255 = ADVANCED_FACE ( 'NONE', ( #5094 ), #7503, .F. ) ;
#5256 = CARTESIAN_POINT ( 'NONE',  ( 65.50000000000000000, 44.00000000000000000, 2.000000000000000000 ) ) ;
#5257 = VECTOR ( 'NONE', #1458, 1000.000000000000000 ) ;
#5258 = CARTESIAN_POINT ( 'NONE',  ( 3.500000000000017319, -26.16274646641389268, 1.000000000000000888 ) ) ;
#5259 = ORIENTED_EDGE ( 'NONE', *, *, #4614, .T. ) ;
#5260 = ORIENTED_EDGE ( 'NONE', *, *, #6134, .F. ) ;
#5261 = CARTESIAN_POINT ( 'NONE',  ( 57.99999999999994316, -40.49999999999999289, 0.000000000000000000 ) ) ;
#5262 = CARTESIAN_POINT ( 'NONE',  ( 8.000000000000000000, 50.98575841387691554, 0.000000000000000000 ) ) ;
#5263 = EDGE_CURVE ( 'NONE', #6665, #5520, #2642, .T. ) ;
#5264 = CARTESIAN_POINT ( 'NONE',  ( 67.99999999999992895, 34.13078954500929285, 0.000000000000000000 ) ) ;
#5265 = CIRCLE ( 'NONE', #2485, 4.299999999999998046 ) ;
#5266 = CARTESIAN_POINT ( 'NONE',  ( -64.89999999999994884, -41.90636658821875926, -6.400000000000001243 ) ) ;
#5267 = LINE ( 'NONE', #960, #4314 ) ;
#5268 = DIRECTION ( 'NONE',  ( 0.5000000000000003331, 0.8660254037844385966, 0.000000000000000000 ) ) ;
#5269 = DIRECTION ( 'NONE',  ( -0.000000000000000000, -0.000000000000000000, -1.000000000000000000 ) ) ;
#5270 = ORIENTED_EDGE ( 'NONE', *, *, #3816, .T. ) ;
#5271 = EDGE_LOOP ( 'NONE', ( #4852, #1708, #5663, #790, #5173 ) ) ;
#5272 = PLANE ( 'NONE',  #3038 ) ;
#5273 = DIRECTION ( 'NONE',  ( -1.000000000000000000, 0.000000000000000000, 0.000000000000000000 ) ) ;
#5274 = VERTEX_POINT ( 'NONE', #5652 ) ;
#5275 = AXIS2_PLACEMENT_3D ( 'NONE', #1522, #7610, #2191 ) ;
#5276 = VECTOR ( 'NONE', #2097, 1000.000000000000000 ) ;
#5277 = CARTESIAN_POINT ( 'NONE',  ( 61.99999999999995026, -36.88341924626904955, 2.000000000000000000 ) ) ;
#5278 = LINE ( 'NONE', #7728, #6274 ) ;
#5279 = DIRECTION ( 'NONE',  ( 0.000000000000000000, -0.000000000000000000, -1.000000000000000000 ) ) ;
#5280 = ORIENTED_EDGE ( 'NONE', *, *, #1141, .F. ) ;
#5281 = AXIS2_PLACEMENT_3D ( 'NONE', #4359, #4320, #1319 ) ;
#5282 = VECTOR ( 'NONE', #3066, 999.9999999999998863 ) ;
#5283 = ORIENTED_EDGE ( 'NONE', *, *, #1843, .T. ) ;
#5284 = CARTESIAN_POINT ( 'NONE',  ( 60.49851384451556413, 40.50000000000001421, -8.335902675378470406 ) ) ;
#5285 = EDGE_CURVE ( 'NONE', #2437, #3231, #7733, .T. ) ;
#5286 = DIRECTION ( 'NONE',  ( 1.000000000000000000, 0.000000000000000000, 0.000000000000000000 ) ) ;
#5287 = VERTEX_POINT ( 'NONE', #943 ) ;
#5288 = CARTESIAN_POINT ( 'NONE',  ( 67.99999999999995737, -36.76794919243112503, -6.400000000000001243 ) ) ;
#5289 = ORIENTED_EDGE ( 'NONE', *, *, #2513, .F. ) ;
#5290 = ORIENTED_EDGE ( 'NONE', *, *, #1447, .F. ) ;
#5291 = ADVANCED_FACE ( 'NONE', ( #2127 ), #3311, .T. ) ;
#5292 = CARTESIAN_POINT ( 'NONE',  ( 1.962405932198763026E-14, -26.16274646641389268, 2.000000000000000000 ) ) ;
#5293 = DIRECTION ( 'NONE',  ( -0.000000000000000000, -0.000000000000000000, 1.000000000000000000 ) ) ;
#5294 = EDGE_CURVE ( 'NONE', #3323, #6241, #6358, .T. ) ;
#5295 = CARTESIAN_POINT ( 'NONE',  ( 64.99999999999995737, 35.26683849253807068, 2.000000000000000000 ) ) ;
#5296 = ORIENTED_EDGE ( 'NONE', *, *, #4884, .T. ) ;
#5297 = ORIENTED_EDGE ( 'NONE', *, *, #3276, .F. ) ;
#5298 = EDGE_CURVE ( 'NONE', #6793, #7724, #982, .T. ) ;
#5299 = DIRECTION ( 'NONE',  ( 1.000000000000000000, 0.000000000000000000, 0.000000000000000000 ) ) ;
#5300 = CARTESIAN_POINT ( 'NONE',  ( -64.89999999999999147, 35.09363341178121232, 2.000000000000000000 ) ) ;
#5301 = CARTESIAN_POINT ( 'NONE',  ( 8.000000000000000000, 54.98575841387692265, 2.000000000000000000 ) ) ;
#5302 = CIRCLE ( 'NONE', #1772, 1.000000000000000222 ) ;
#5303 = DIRECTION ( 'NONE',  ( 1.000000000000000000, 0.000000000000000000, 0.000000000000000000 ) ) ;
#5304 = FACE_OUTER_BOUND ( 'NONE', #1813, .T. ) ;
#5305 = CARTESIAN_POINT ( 'NONE',  ( -62.19999999999999574, 36.88341924626904955, -6.400000000000001243 ) ) ;
#5306 = CARTESIAN_POINT ( 'NONE',  ( 12.99999999999999822, 48.98575841387692265, 2.000000000000000000 ) ) ;
#5307 = EDGE_CURVE ( 'NONE', #4488, #6823, #6394, .T. ) ;
#5308 = ORIENTED_EDGE ( 'NONE', *, *, #2799, .T. ) ;
#5309 = ORIENTED_EDGE ( 'NONE', *, *, #6570, .T. ) ;
#5310 = ADVANCED_FACE ( 'NONE', ( #4457 ), #3868, .F. ) ;
#5311 = DIRECTION ( 'NONE',  ( -0.8660254037844387076, 0.4999999999999999445, 0.000000000000000000 ) ) ;
#5312 = DIRECTION ( 'NONE',  ( -1.000000000000000000, 0.000000000000000000, 0.000000000000000000 ) ) ;
#5313 = ORIENTED_EDGE ( 'NONE', *, *, #6706, .F. ) ;
#5314 = DIRECTION ( 'NONE',  ( 0.000000000000000000, 0.000000000000000000, -1.000000000000000000 ) ) ;
#5315 = PLANE ( 'NONE',  #2702 ) ;
#5316 = FACE_OUTER_BOUND ( 'NONE', #812, .T. ) ;
#5317 =( NAMED_UNIT ( * ) PLANE_ANGLE_UNIT ( ) SI_UNIT ( $, .RADIAN. ) );
#5318 = DIRECTION ( 'NONE',  ( 0.000000000000000000, -0.000000000000000000, 1.000000000000000000 ) ) ;
#5319 = CARTESIAN_POINT ( 'NONE',  ( 49.17157287525380838, 50.98575841387691554, 0.000000000000000000 ) ) ;
#5320 = ORIENTED_EDGE ( 'NONE', *, *, #3090, .F. ) ;
#5321 = AXIS2_PLACEMENT_3D ( 'NONE', #921, #2622, #3328 ) ;
#5322 = VERTEX_POINT ( 'NONE', #6037 ) ;
#5323 = CARTESIAN_POINT ( 'NONE',  ( 2.000000000000012879, -18.76274646641389765, 1.000000000000000888 ) ) ;
#5324 = CARTESIAN_POINT ( 'NONE',  ( -1.999999999999973577, -18.76274646641389765, 1.000000000000000888 ) ) ;
#5325 = VERTEX_POINT ( 'NONE', #5997 ) ;
#5326 = CIRCLE ( 'NONE', #535, 0.2000000000000057288 ) ;
#5327 = CIRCLE ( 'NONE', #1422, 6.499999999999999112 ) ;
#5328 = CIRCLE ( 'NONE', #3306, 4.299999999999998046 ) ;
#5329 = CARTESIAN_POINT ( 'NONE',  ( -65.15680037365882527, 29.50027938724396748, -4.300217301250514268 ) ) ;
#5330 = VERTEX_POINT ( 'NONE', #1842 ) ;
#5331 = ORIENTED_EDGE ( 'NONE', *, *, #5689, .F. ) ;
#5332 = B_SPLINE_CURVE_WITH_KNOTS ( 'NONE', 3,
 ( #7749, #3796, #4345, #7614 ),
 .UNSPECIFIED., .F., .F.,
 ( 4, 4 ),
 ( 0.000000000000000000, 0.003126612814703690329 ),
 .UNSPECIFIED. ) ;
#5333 = CARTESIAN_POINT ( 'NONE',  ( -1.999999999999973577, -18.76274646641389765, 2.000000000000000000 ) ) ;
#5334 = DIRECTION ( 'NONE',  ( -0.000000000000000000, -0.000000000000000000, -1.000000000000000000 ) ) ;
#5335 = ADVANCED_FACE ( 'NONE', ( #111 ), #4290, .F. ) ;
#5337 = EDGE_CURVE ( 'NONE', #6941, #5205, #7297, .T. ) ;
#5336 = VECTOR ( 'NONE', #5162, 1000.000000000000000 ) ;
#5338 = CARTESIAN_POINT ( 'NONE',  ( -65.09999999999995168, -41.90636658821875926, -6.400000000000001243 ) ) ;
#5339 = ORIENTED_EDGE ( 'NONE', *, *, #3134, .T. ) ;
#5340 = ORIENTED_EDGE ( 'NONE', *, *, #3453, .F. ) ;
#5341 = CARTESIAN_POINT ( 'NONE',  ( 65.74278336556780289, -29.63742396373843135, -4.407387256988936741 ) ) ;
#5342 = CARTESIAN_POINT ( 'NONE',  ( 8.000000000000000000, 53.98575841387692265, 2.000000000000000000 ) ) ;
#5343 = LINE ( 'NONE', #4664, #7730 ) ;
#5344 = DIRECTION ( 'NONE',  ( 0.000000000000000000, 0.000000000000000000, -1.000000000000000000 ) ) ;
#5345 = CIRCLE ( 'NONE', #2443, 0.2000000000000057288 ) ;
#5346 = LINE ( 'NONE', #1661, #3429 ) ;
#5347 = DIRECTION ( 'NONE',  ( -0.000000000000000000, -0.000000000000000000, 1.000000000000000000 ) ) ;
#5348 = CARTESIAN_POINT ( 'NONE',  ( 67.99999999999997158, 36.88341924626903534, 2.000000000000000000 ) ) ;
#5349 = ORIENTED_EDGE ( 'NONE', *, *, #3663, .T. ) ;
#5350 = ORIENTED_EDGE ( 'NONE', *, *, #4384, .F. ) ;
#5351 = DIRECTION ( 'NONE',  ( -0.000000000000000000, -0.000000000000000000, -1.000000000000000000 ) ) ;
#5352 = FACE_OUTER_BOUND ( 'NONE', #1980, .T. ) ;
#5353 = ORIENTED_EDGE ( 'NONE', *, *, #3411, .F. ) ;
#5354 = DIRECTION ( 'NONE',  ( 0.000000000000000000, 0.000000000000000000, -1.000000000000000000 ) ) ;
#5355 = FACE_OUTER_BOUND ( 'NONE', #5797, .T. ) ;
#5356 = ADVANCED_FACE ( 'NONE', ( #4883 ), #5437, .F. ) ;
#5357 = LINE ( 'NONE', #7650, #1663 ) ;
#5358 =( NAMED_UNIT ( * ) SI_UNIT ( $, .STERADIAN. ) SOLID_ANGLE_UNIT ( ) );
#5359 = LINE ( 'NONE', #428, #6799 ) ;
#5360 = ADVANCED_FACE ( 'NONE', ( #6628 ), #6519, .T. ) ;
#5361 = FACE_OUTER_BOUND ( 'NONE', #5849, .T. ) ;
#5362 = VERTEX_POINT ( 'NONE', #74 ) ;
#5363 = EDGE_LOOP ( 'NONE', ( #5470, #4752, #4986, #4265 ) ) ;
#5364 = DIRECTION ( 'NONE',  ( -0.000000000000000000, -0.000000000000000000, 1.000000000000000000 ) ) ;
#5365 = CARTESIAN_POINT ( 'NONE',  ( -60.63078954500927864, -36.49999999999991473, -2.000000000000000000 ) ) ;
#5366 = ORIENTED_EDGE ( 'NONE', *, *, #6399, .T. ) ;
#5367 = EDGE_CURVE ( 'NONE', #2589, #6015, #5398, .T. ) ;
#5368 = FACE_OUTER_BOUND ( 'NONE', #4306, .T. ) ;
#5369 = VERTEX_POINT ( 'NONE', #2350 ) ;
#5370 = ORIENTED_EDGE ( 'NONE', *, *, #686, .F. ) ;
#5371 = CARTESIAN_POINT ( 'NONE',  ( -3.999999999999980904, -24.10119365360506904, 2.000000000000000000 ) ) ;
#5372 = VECTOR ( 'NONE', #5493, 1000.000000000000000 ) ;
#5373 = LINE ( 'NONE', #4783, #6086 ) ;
#5374 = AXIS2_PLACEMENT_3D ( 'NONE', #3563, #572, #6096 ) ;
#5375 = CARTESIAN_POINT ( 'NONE',  ( -63.00000000000000000, -34.13078954500923601, 0.000000000000000000 ) ) ;
#5376 = AXIS2_PLACEMENT_3D ( 'NONE', #3249, #5661, #256 ) ;
#5377 = EDGE_LOOP ( 'NONE', ( #5065, #3877, #5331, #2134, #3668, #907, #1734, #6955, #5467, #5260, #5008, #5158, #612 ) ) ;
#5378 = ORIENTED_EDGE ( 'NONE', *, *, #4384, .T. ) ;
#5379 = DIRECTION ( 'NONE',  ( 1.000000000000000000, 0.000000000000000000, 0.000000000000000000 ) ) ;
#5380 = DIRECTION ( 'NONE',  ( 1.000000000000000000, 0.000000000000000000, 0.000000000000000000 ) ) ;
#5381 = EDGE_CURVE ( 'NONE', #4479, #6408, #7530, .T. ) ;
#5382 = CARTESIAN_POINT ( 'NONE',  ( -63.00000000000001421, 31.49999999999997868, -6.019890110719554599 ) ) ;
#5383 = FACE_OUTER_BOUND ( 'NONE', #3502, .T. ) ;
#5384 = CIRCLE ( 'NONE', #4749, 1.000000000000000000 ) ;
#5385 = PLANE ( 'NONE',  #3944 ) ;
#5386 = CARTESIAN_POINT ( 'NONE',  ( 4.000000000000027534, -28.22429927922271631, 0.000000000000000000 ) ) ;
#5387 = ORIENTED_EDGE ( 'NONE', *, *, #2674, .F. ) ;
#5388 = VERTEX_POINT ( 'NONE', #4254 ) ;
#5389 = CARTESIAN_POINT ( 'NONE',  ( -62.09999999999999432, 36.71021416551215566, -6.400000000000001243 ) ) ;
#5390 = CARTESIAN_POINT ( 'NONE',  ( 105.6999859881249790, -1.300014011875093356, 2.000000000000000000 ) ) ;
#5391 = ORIENTED_EDGE ( 'NONE', *, *, #7143, .F. ) ;
#5392 = CARTESIAN_POINT ( 'NONE',  ( 64.99999999999995737, 38.50000000000000711, -7.459999999999991971 ) ) ;
#5393 = CARTESIAN_POINT ( 'NONE',  ( -57.99999999999999289, 40.49999999999998579, 0.000000000000000000 ) ) ;
#5394 = AXIS2_PLACEMENT_3D ( 'NONE', #3694, #5553, #331 ) ;
#5395 = CARTESIAN_POINT ( 'NONE',  ( -62.00000000000000000, 36.76794919243111792, -6.400000000000001243 ) ) ;
#5396 = DIRECTION ( 'NONE',  ( 0.000000000000000000, 0.000000000000000000, 1.000000000000000000 ) ) ;
#5397 = DIRECTION ( 'NONE',  ( -0.000000000000000000, -0.000000000000000000, -1.000000000000000000 ) ) ;
#5398 = LINE ( 'NONE', #7179, #3117 ) ;
#5399 = EDGE_LOOP ( 'NONE', ( #4383, #7007, #6507, #2364 ) ) ;
#5400 = EDGE_CURVE ( 'NONE', #7106, #550, #3543, .T. ) ;
#5401 = VECTOR ( 'NONE', #6581, 1000.000000000000000 ) ;
#5402 = EDGE_LOOP ( 'NONE', ( #2729, #5116, #869, #2830 ) ) ;
#5403 = CARTESIAN_POINT ( 'NONE',  ( 56.34014934010436804, 39.62405520037311391, -4.568304053359914185 ) ) ;
#5404 = CIRCLE ( 'NONE', #2239, 4.299999999999998046 ) ;
#5405 = EDGE_CURVE ( 'NONE', #7323, #3303, #5127, .T. ) ;
#5406 = CARTESIAN_POINT ( 'NONE',  ( 64.89999999999996305, 41.90636658821879479, -6.400000000000001243 ) ) ;
#5407 = ORIENTED_EDGE ( 'NONE', *, *, #1610, .F. ) ;
#5408 = AXIS2_PLACEMENT_3D ( 'NONE', #78, #3707, #6829 ) ;
#5409 = AXIS2_PLACEMENT_3D ( 'NONE', #4219, #2510, #1214 ) ;
#5410 = ADVANCED_FACE ( 'NONE', ( #1215 ), #2433, .T. ) ;
#5411 = PLANE ( 'NONE',  #5164 ) ;
#5412 = VERTEX_POINT ( 'NONE', #6075 ) ;
#5413 = DIRECTION ( 'NONE',  ( 0.000000000000000000, 0.000000000000000000, 1.000000000000000000 ) ) ;
#5414 = CARTESIAN_POINT ( 'NONE',  ( -57.99090833947008150, 45.00000000000000000, 2.000000000000000000 ) ) ;
#5415 = B_SPLINE_CURVE_WITH_KNOTS ( 'NONE', 3,
 ( #7373, #3029, #5435, #4289 ),
 .UNSPECIFIED., .F., .F.,
 ( 4, 4 ),
 ( -0.0009426512253647599190, 0.002184079982300893199 ),
 .UNSPECIFIED. ) ;
#5416 = DIRECTION ( 'NONE',  ( 0.000000000000000000, 0.000000000000000000, 1.000000000000000000 ) ) ;
#5417 = EDGE_LOOP ( 'NONE', ( #5370, #104, #1275, #5893 ) ) ;
#5418 = ORIENTED_EDGE ( 'NONE', *, *, #464, .F. ) ;
#5419 = CARTESIAN_POINT ( 'NONE',  ( 63.31177393968098954, -30.39643568481293556, -5.024925560961338356 ) ) ;
#5420 = CARTESIAN_POINT ( 'NONE',  ( -1.999999999999973133, -33.56274646641389836, 1.000000000000000888 ) ) ;
#5421 = DIRECTION ( 'NONE',  ( -0.000000000000000000, -0.000000000000000000, 1.000000000000000000 ) ) ;
#5422 = CARTESIAN_POINT ( 'NONE',  ( 65.50000000000000000, -36.49999999999991473, 0.000000000000000000 ) ) ;
#5423 = CARTESIAN_POINT ( 'NONE',  ( -1.999999999999973577, -17.76274646641389765, 0.000000000000000000 ) ) ;
#5424 = LINE ( 'NONE', #1791, #4263 ) ;
#5425 = EDGE_CURVE ( 'NONE', #283, #24, #3030, .T. ) ;
#5426 = ORIENTED_EDGE ( 'NONE', *, *, #4855, .F. ) ;
#5427 = EDGE_LOOP ( 'NONE', ( #3596, #6522, #5677, #4927 ) ) ;
#5428 = DIRECTION ( 'NONE',  ( 0.000000000000000000, 0.000000000000000000, -1.000000000000000000 ) ) ;
#5429 = CONICAL_SURFACE ( 'NONE', #2776, 6.499999999999999112, 0.7853981633974361776 ) ;
#5430 = DIRECTION ( 'NONE',  ( -0.000000000000000000, -0.000000000000000000, 1.000000000000000000 ) ) ;
#5431 = ORIENTED_EDGE ( 'NONE', *, *, #4671, .T. ) ;
#5432 = CARTESIAN_POINT ( 'NONE',  ( -13.00000000000000178, 48.98575841387692265, 2.000000000000000000 ) ) ;
#5433 = CARTESIAN_POINT ( 'NONE',  ( 62.09999999999994458, -36.71021416551215566, -6.400000000000001243 ) ) ;
#5434 = DIRECTION ( 'NONE',  ( 0.000000000000000000, 0.7071067811865352493, -0.7071067811865597852 ) ) ;
#5435 = CARTESIAN_POINT ( 'NONE',  ( -66.99999999999994316, 32.25130018433431189, -6.742283229823989643 ) ) ;
#5436 = AXIS2_PLACEMENT_3D ( 'NONE', #5192, #4636, #7606 ) ;
#5437 = PLANE ( 'NONE',  #6277 ) ;
#5438 = ORIENTED_EDGE ( 'NONE', *, *, #5061, .T. ) ;
#5439 = EDGE_CURVE ( 'NONE', #4432, #6095, #849, .T. ) ;
#5440 = ORIENTED_EDGE ( 'NONE', *, *, #758, .T. ) ;
#5441 = ORIENTED_EDGE ( 'NONE', *, *, #6084, .F. ) ;
#5442 = CARTESIAN_POINT ( 'NONE',  ( 55.99972711092090094, 38.35040970794787540, -4.299787752878632574 ) ) ;
#5443 = CARTESIAN_POINT ( 'NONE',  ( 64.99999999999995737, 38.50000000000000711, -1.999999999999998224 ) ) ;
#5444 = ORIENTED_EDGE ( 'NONE', *, *, #3274, .F. ) ;
#5445 = EDGE_CURVE ( 'NONE', #5237, #2157, #6058, .T. ) ;
#5446 = DIRECTION ( 'NONE',  ( -1.000000000000000000, 0.000000000000000000, 0.000000000000000000 ) ) ;
#5447 = VECTOR ( 'NONE', #5334, 1000.000000000000000 ) ;
#5448 = ORIENTED_EDGE ( 'NONE', *, *, #4203, .F. ) ;
#5449 = EDGE_CURVE ( 'NONE', #1177, #6331, #6586, .T. ) ;
#5450 = CARTESIAN_POINT ( 'NONE',  ( 64.99999999999995737, 41.73316150746190090, -6.400000000000001243 ) ) ;
#5451 = CARTESIAN_POINT ( 'NONE',  ( -65.00000000000000000, 38.49999999999999289, -8.167106781186543429 ) ) ;
#5452 = CIRCLE ( 'NONE', #2046, 0.2000000000000057288 ) ;
#5453 = ADVANCED_FACE ( 'NONE', ( #4723 ), #4766, .F. ) ;
#5454 = PLANE ( 'NONE',  #727 ) ;
#5455 = ORIENTED_EDGE ( 'NONE', *, *, #5055, .F. ) ;
#5456 = VECTOR ( 'NONE', #4040, 1000.000000000000000 ) ;
#5457 = ORIENTED_EDGE ( 'NONE', *, *, #5253, .T. ) ;
#5458 = DIRECTION ( 'NONE',  ( 0.000000000000000000, 0.000000000000000000, 1.000000000000000000 ) ) ;
#5459 = CONICAL_SURFACE ( 'NONE', #5207, 6.500000000000005329, 0.7853981633974327359 ) ;
#5460 = CARTESIAN_POINT ( 'NONE',  ( -8.000000000000000000, 53.98575841387692265, 2.000000000000000000 ) ) ;
#5461 = ADVANCED_FACE ( 'NONE', ( #5361 ), #1765, .T. ) ;
#5462 = CARTESIAN_POINT ( 'NONE',  ( 55.81933546421626602, 49.99485007440680562, 0.9999999999999701350 ) ) ;
#5463 = DIRECTION ( 'NONE',  ( -0.000000000000000000, -0.000000000000000000, 1.000000000000000000 ) ) ;
#5464 = AXIS2_PLACEMENT_3D ( 'NONE', #1503, #323, #7440 ) ;
#5465 = CARTESIAN_POINT ( 'NONE',  ( -57.99999999999999289, 40.49999999999998579, -6.019890110719556375 ) ) ;
#5466 = ORIENTED_EDGE ( 'NONE', *, *, #4227, .T. ) ;
#5467 = ORIENTED_EDGE ( 'NONE', *, *, #1257, .T. ) ;
#5468 = DIRECTION ( 'NONE',  ( -1.000000000000000000, 0.000000000000000000, 0.000000000000000000 ) ) ;
#5469 = CARTESIAN_POINT ( 'NONE',  ( 57.99090833947008150, 43.99999999999999289, 2.000000000000000000 ) ) ;
#5470 = ORIENTED_EDGE ( 'NONE', *, *, #1164, .F. ) ;
#5471 = VECTOR ( 'NONE', #4736, 1000.000000000000000 ) ;
#5472 = CYLINDRICAL_SURFACE ( 'NONE', #1926, 1.000000000000000888 ) ;
#5473 = LINE ( 'NONE', #2466, #6788 ) ;
#5474 = LINE ( 'NONE', #4843, #3825 ) ;
#5475 = DIRECTION ( 'NONE',  ( 0.000000000000000000, 0.000000000000000000, 1.000000000000000000 ) ) ;
#5476 = CARTESIAN_POINT ( 'NONE',  ( 64.99999999999995737, 38.50000000000000711, -8.459999999999991971 ) ) ;
#5477 = VECTOR ( 'NONE', #4129, 1000.000000000000000 ) ;
#5478 = DIRECTION ( 'NONE',  ( -0.000000000000000000, -0.000000000000000000, -1.000000000000000000 ) ) ;
#5479 = VERTEX_POINT ( 'NONE', #2037 ) ;
#5480 = VERTEX_POINT ( 'NONE', #6154 ) ;
#5481 = ORIENTED_EDGE ( 'NONE', *, *, #939, .F. ) ;
#5482 = CARTESIAN_POINT ( 'NONE',  ( 60.63078954500927864, 40.50000000000001421, -8.459999999999991971 ) ) ;
#5483 = DIRECTION ( 'NONE',  ( 0.8660254037844380415, 0.5000000000000012212, 0.000000000000000000 ) ) ;
#5484 = EDGE_LOOP ( 'NONE', ( #291, #2149, #1832, #2476 ) ) ;
#5485 = EDGE_CURVE ( 'NONE', #5655, #5217, #1448, .T. ) ;
#5486 = PRODUCT_DEFINITION_SHAPE ( 'NONE', 'NONE',  #7649 ) ;
#5487 = ADVANCED_FACE ( 'NONE', ( #854, #6893 ), #739, .T. ) ;
#5488 = CARTESIAN_POINT ( 'NONE',  ( -63.56624527907381150, 30.09952231101474140, -4.778648769969334076 ) ) ;
#5489 = EDGE_LOOP ( 'NONE', ( #271, #3822, #3572, #6157, #2018 ) ) ;
#5490 = FACE_OUTER_BOUND ( 'NONE', #4953, .T. ) ;
#5491 = DIRECTION ( 'NONE',  ( -0.000000000000000000, -0.000000000000000000, -1.000000000000000000 ) ) ;
#5492 = AXIS2_PLACEMENT_3D ( 'NONE', #7329, #6624, #1910 ) ;
#5493 = DIRECTION ( 'NONE',  ( 0.000000000000000000, 1.000000000000000000, 0.000000000000000000 ) ) ;
#5494 = VERTEX_POINT ( 'NONE', #6740 ) ;
#5495 = EDGE_CURVE ( 'NONE', #3231, #1017, #5023, .T. ) ;
#5496 = CONICAL_SURFACE ( 'NONE', #594, 3.000000000000016431, 0.7853981633974340681 ) ;
#5497 = ORIENTED_EDGE ( 'NONE', *, *, #1293, .F. ) ;
#5498 = CARTESIAN_POINT ( 'NONE',  ( 0.000000000000000000, 0.000000000000000000, -6.400000000000001243 ) ) ;
#5499 = DIRECTION ( 'NONE',  ( -0.5000000000000004441, -0.8660254037844383745, 0.000000000000000000 ) ) ;
#5500 = ADVANCED_FACE ( 'NONE', ( #266 ), #1479, .F. ) ;
#5501 = FACE_OUTER_BOUND ( 'NONE', #307, .T. ) ;
#5502 = PLANE ( 'NONE',  #6334 ) ;
#5503 = CONICAL_SURFACE ( 'NONE', #5007, 1.000000000000000888, 0.7853981633974482790 ) ;
#5504 = CARTESIAN_POINT ( 'NONE',  ( 26.99999999999999645, 49.98575841387692265, 0.9999999999999715783 ) ) ;
#5505 = ORIENTED_EDGE ( 'NONE', *, *, #3147, .T. ) ;
#5506 = EDGE_CURVE ( 'NONE', #876, #6559, #5558, .T. ) ;
#5507 = VERTEX_POINT ( 'NONE', #1370 ) ;
#5508 = CARTESIAN_POINT ( 'NONE',  ( 64.99999999999995737, -38.49999999999999289, -8.459999999999991971 ) ) ;
#5509 = CARTESIAN_POINT ( 'NONE',  ( -58.00000000000002132, -40.49999999999991473, -2.000000000000000000 ) ) ;
#5510 = VERTEX_POINT ( 'NONE', #5077 ) ;
#5511 = LINE ( 'NONE', #6070, #910 ) ;
#5512 = AXIS2_PLACEMENT_3D ( 'NONE', #2348, #7176, #1762 ) ;
#5513 = CARTESIAN_POINT ( 'NONE',  ( 62.09999999999994458, -36.71021416551215566, 2.000000000000000000 ) ) ;
#5514 = CARTESIAN_POINT ( 'NONE',  ( -67.49999999999997158, -49.00000000000000000, 0.9999999999999713562 ) ) ;
#5515 = DIRECTION ( 'NONE',  ( 0.000000000000000000, 0.000000000000000000, -1.000000000000000000 ) ) ;
#5516 = CARTESIAN_POINT ( 'NONE',  ( -62.19999999999996021, -40.11658075373092203, -6.400000000000001243 ) ) ;
#5517 = ORIENTED_EDGE ( 'NONE', *, *, #7000, .T. ) ;
#5518 = DIRECTION ( 'NONE',  ( 0.000000000000000000, 0.000000000000000000, -1.000000000000000000 ) ) ;
#5519 = ORIENTED_EDGE ( 'NONE', *, *, #3587, .F. ) ;
#5520 = VERTEX_POINT ( 'NONE', #153 ) ;
#5521 = ORIENTED_EDGE ( 'NONE', *, *, #1333, .T. ) ;
#5522 = LINE ( 'NONE', #2355, #3282 ) ;
#5523 = AXIS2_PLACEMENT_3D ( 'NONE', #2329, #7159, #1748 ) ;
#5524 = AXIS2_PLACEMENT_3D ( 'NONE', #6928, #3777, #773 ) ;
#5525 = DIRECTION ( 'NONE',  ( 1.000000000000000000, 0.000000000000000000, 0.000000000000000000 ) ) ;
#5526 = CARTESIAN_POINT ( 'NONE',  ( 62.99999999999997158, -33.77278170635818100, -8.167106781186546982 ) ) ;
#5527 = VECTOR ( 'NONE', #7375, 1000.000000000000000 ) ;
#5528 = VECTOR ( 'NONE', #4215, 1000.000000000000000 ) ;
#5529 = ADVANCED_FACE ( 'NONE', ( #4367 ), #3781, .F. ) ;
#5530 = CARTESIAN_POINT ( 'NONE',  ( 62.99999999999997158, -31.49999999999999289, 0.000000000000000000 ) ) ;
#5531 = ORIENTED_EDGE ( 'NONE', *, *, #7294, .F. ) ;
#5532 = AXIS2_PLACEMENT_3D ( 'NONE', #1966, #5608, #6747 ) ;
#5533 = DIRECTION ( 'NONE',  ( -1.000000000000000000, 4.040919229890095739E-16, 0.000000000000000000 ) ) ;
#5534 = DIRECTION ( 'NONE',  ( -0.000000000000000000, -0.000000000000000000, -1.000000000000000000 ) ) ;
#5535 = AXIS2_PLACEMENT_3D ( 'NONE', #7393, #6251, #2763 ) ;
#5536 = CARTESIAN_POINT ( 'NONE',  ( -2.999999999999980460, 0.000000000000000000, 1.000000000000000888 ) ) ;
#5537 = ORIENTED_EDGE ( 'NONE', *, *, #2092, .T. ) ;
#5538 = AXIS2_PLACEMENT_3D ( 'NONE', #3698, #6113, #3103 ) ;
#5539 = ADVANCED_FACE ( 'NONE', ( #3260 ), #230, .T. ) ;
#5540 = ORIENTED_EDGE ( 'NONE', *, *, #81, .F. ) ;
#5541 = CARTESIAN_POINT ( 'NONE',  ( 49.17157287525380838, 54.98575841387691554, 2.000000000000000000 ) ) ;
#5542 = FACE_OUTER_BOUND ( 'NONE', #4942, .T. ) ;
#5543 = CARTESIAN_POINT ( 'NONE',  ( 57.99090833947008150, 43.99999999999999289, 2.000000000000000000 ) ) ;
#5544 = EDGE_CURVE ( 'NONE', #5775, #833, #6711, .T. ) ;
#5545 = CARTESIAN_POINT ( 'NONE',  ( -13.00000000000000178, 48.98575841387692265, 2.000000000000000000 ) ) ;
#5546 = DIRECTION ( 'NONE',  ( -0.000000000000000000, -0.000000000000000000, -1.000000000000000000 ) ) ;
#5547 = ORIENTED_EDGE ( 'NONE', *, *, #1056, .F. ) ;
#5548 = ORIENTED_EDGE ( 'NONE', *, *, #3895, .T. ) ;
#5549 = CARTESIAN_POINT ( 'NONE',  ( 62.19999999999993889, 40.11658075373093624, -6.400000000000001243 ) ) ;
#5550 = LINE ( 'NONE', #1796, #7135 ) ;
#5551 = B_SPLINE_CURVE_WITH_KNOTS ( 'NONE', 3,
 ( #7189, #4813, #2479, #1261 ),
 .UNSPECIFIED., .F., .F.,
 ( 4, 4 ),
 ( 7.152448122690996019E-18, 0.0005144902296436794408 ),
 .UNSPECIFIED. ) ;
#5552 = CARTESIAN_POINT ( 'NONE',  ( 62.09999999999994458, -40.28978583448783013, 2.000000000000000000 ) ) ;
#5553 = DIRECTION ( 'NONE',  ( -1.000000000000000000, 0.000000000000000000, -0.000000000000000000 ) ) ;
#5554 = FACE_OUTER_BOUND ( 'NONE', #5399, .T. ) ;
#5555 = EDGE_CURVE ( 'NONE', #5757, #211, #3874, .T. ) ;
#5556 = DIRECTION ( 'NONE',  ( 1.000000000000000000, 0.000000000000000000, 0.000000000000000000 ) ) ;
#5557 = CARTESIAN_POINT ( 'NONE',  ( 66.64999999999997726, 38.50000000000002842, -6.400000000000001243 ) ) ;
#5558 = LINE ( 'NONE', #2663, #7027 ) ;
#5559 = ORIENTED_EDGE ( 'NONE', *, *, #3113, .F. ) ;
#5560 = EDGE_CURVE ( 'NONE', #4156, #6130, #7413, .T. ) ;
#5561 = VECTOR ( 'NONE', #3385, 1000.000000000000114 ) ;
#5562 = VERTEX_POINT ( 'NONE', #3187 ) ;
#5563 = ORIENTED_EDGE ( 'NONE', *, *, #6948, .F. ) ;
#5564 = CARTESIAN_POINT ( 'NONE',  ( 62.99999999999998579, 34.13078954500929996, -8.385224927784188154 ) ) ;
#5565 = FACE_OUTER_BOUND ( 'NONE', #7352, .T. ) ;
#5566 = ORIENTED_EDGE ( 'NONE', *, *, #3933, .T. ) ;
#5567 = VECTOR ( 'NONE', #1083, 1000.000000000000000 ) ;
#5568 = EDGE_CURVE ( 'NONE', #4110, #3926, #2176, .T. ) ;
#5569 = ORIENTED_EDGE ( 'NONE', *, *, #6279, .F. ) ;
#5570 = CARTESIAN_POINT ( 'NONE',  ( 66.33753155012861669, 30.00673875017869108, -4.702890163617215791 ) ) ;
#5571 = CARTESIAN_POINT ( 'NONE',  ( -63.00000000000001421, 31.49999999999998579, 0.000000000000000000 ) ) ;
#5572 = EDGE_LOOP ( 'NONE', ( #3384, #2516, #856, #5914 ) ) ;
#5573 = LINE ( 'NONE', #2606, #7493 ) ;
#5574 = CARTESIAN_POINT ( 'NONE',  ( -62.00000000000000000, 36.88341924626904955, 2.000000000000000000 ) ) ;
#5575 = ADVANCED_FACE ( 'NONE', ( #2107 ), #963, .T. ) ;
#5576 = CARTESIAN_POINT ( 'NONE',  ( -74.99999999999998579, -41.50000000000000000, 0.9999999999999713562 ) ) ;
#5577 = ORIENTED_EDGE ( 'NONE', *, *, #2444, .T. ) ;
#5578 = AXIS2_PLACEMENT_3D ( 'NONE', #1118, #1075, #5898 ) ;
#5579 = ORIENTED_EDGE ( 'NONE', *, *, #1629, .F. ) ;
#5580 = DIRECTION ( 'NONE',  ( 0.000000000000000000, 0.000000000000000000, -1.000000000000000000 ) ) ;
#5581 = CARTESIAN_POINT ( 'NONE',  ( -60.63078954500929996, 40.49999999999998579, -8.385224927784186377 ) ) ;
#5582 = EDGE_CURVE ( 'NONE', #6400, #5092, #7150, .T. ) ;
#5583 = CARTESIAN_POINT ( 'NONE',  ( -64.99999999999995737, -35.26683849253807068, -6.400000000000001243 ) ) ;
#5584 = CARTESIAN_POINT ( 'NONE',  ( 1.962405932198763026E-14, -26.16274646641389268, 0.000000000000000000 ) ) ;
#5585 = EDGE_CURVE ( 'NONE', #4971, #1177, #474, .T. ) ;
#5586 = LINE ( 'NONE', #1356, #973 ) ;
#5587 = CIRCLE ( 'NONE', #6715, 2.000000000000001776 ) ;
#5588 = ORIENTED_EDGE ( 'NONE', *, *, #2488, .F. ) ;
#5589 = VECTOR ( 'NONE', #410, 1000.000000000000000 ) ;
#5590 = VERTEX_POINT ( 'NONE', #5744 ) ;
#5591 = PLANE ( 'NONE',  #4144 ) ;
#5592 = PLANE ( 'NONE',  #3863 ) ;
#5593 = CARTESIAN_POINT ( 'NONE',  ( -60.63078954500921469, -41.49999999999992184, -20.62223663640860494 ) ) ;
#5594 = FACE_OUTER_BOUND ( 'NONE', #3739, .T. ) ;
#5595 = AXIS2_PLACEMENT_3D ( 'NONE', #365, #5175, #2245 ) ;
#5596 = DIRECTION ( 'NONE',  ( 0.8660254037844392627, -0.4999999999999987788, 0.000000000000000000 ) ) ;
#5597 = VECTOR ( 'NONE', #1084, 1000.000000000000000 ) ;
#5598 = CARTESIAN_POINT ( 'NONE',  ( 65.09999999999995168, -35.09363341178120521, 2.000000000000000000 ) ) ;
#5599 = CARTESIAN_POINT ( 'NONE',  ( -64.99999999999995737, -38.49999999999995026, -8.459999999999991971 ) ) ;
#5600 = CARTESIAN_POINT ( 'NONE',  ( 57.55601555326380492, -36.53578300543509272, -5.602310371782475151 ) ) ;
#5601 = ORIENTED_EDGE ( 'NONE', *, *, #2767, .F. ) ;
#5602 = ORIENTED_EDGE ( 'NONE', *, *, #6320, .T. ) ;
#5603 = VECTOR ( 'NONE', #3713, 1000.000000000000000 ) ;
#5604 = EDGE_LOOP ( 'NONE', ( #7165, #7364, #5711, #2113 ) ) ;
#5605 = CARTESIAN_POINT ( 'NONE',  ( 56.33809398738634400, 37.37888974090580518, -4.566654465903575044 ) ) ;
#5606 = EDGE_CURVE ( 'NONE', #768, #979, #7682, .T. ) ;
#5607 = EDGE_LOOP ( 'NONE', ( #2653, #7087, #4754, #3199 ) ) ;
#5608 = DIRECTION ( 'NONE',  ( -0.000000000000000000, -0.000000000000000000, -1.000000000000000000 ) ) ;
#5609 = DIRECTION ( 'NONE',  ( 0.000000000000000000, -0.000000000000000000, -1.000000000000000000 ) ) ;
#5610 = EDGE_CURVE ( 'NONE', #6701, #3717, #1514, .T. ) ;
#5611 = VERTEX_POINT ( 'NONE', #7526 ) ;
#5612 = CARTESIAN_POINT ( 'NONE',  ( 66.43375472092611744, 30.09952231101475206, -4.778648769969339405 ) ) ;
#5613 = EDGE_CURVE ( 'NONE', #3954, #6495, #5130, .T. ) ;
#5614 = DIRECTION ( 'NONE',  ( 1.000000000000000000, 0.000000000000000000, 0.000000000000000000 ) ) ;
#5615 = ORIENTED_EDGE ( 'NONE', *, *, #7430, .F. ) ;
#5616 = FACE_OUTER_BOUND ( 'NONE', #7777, .T. ) ;
#5617 = LINE ( 'NONE', #6128, #7659 ) ;
#5618 = DIRECTION ( 'NONE',  ( 0.000000000000000000, 0.000000000000000000, 1.000000000000000000 ) ) ;
#5619 = ORIENTED_EDGE ( 'NONE', *, *, #2021, .T. ) ;
#5620 = VERTEX_POINT ( 'NONE', #337 ) ;
#5621 = CARTESIAN_POINT ( 'NONE',  ( -64.89999999999999147, 41.90636658821878058, 2.000000000000000000 ) ) ;
#5622 = DIRECTION ( 'NONE',  ( 0.000000000000000000, -0.7071067811865402453, 0.7071067811865547892 ) ) ;
#5623 = DIRECTION ( 'NONE',  ( 1.000000000000000000, 0.000000000000000000, 0.000000000000000000 ) ) ;
#5624 = ORIENTED_EDGE ( 'NONE', *, *, #1737, .T. ) ;
#5625 = EDGE_CURVE ( 'NONE', #2770, #7253, #5265, .T. ) ;
#5626 = VERTEX_POINT ( 'NONE', #4593 ) ;
#5627 = DIRECTION ( 'NONE',  ( 0.000000000000000000, 0.000000000000000000, -1.000000000000000000 ) ) ;
#5628 = CARTESIAN_POINT ( 'NONE',  ( 28.99999999999999645, 49.98575841387692265, 2.000000000000000000 ) ) ;
#5629 = DIRECTION ( 'NONE',  ( 0.000000000000000000, -0.7071067811865475727, 0.7071067811865475727 ) ) ;
#5630 = FACE_OUTER_BOUND ( 'NONE', #6103, .T. ) ;
#5631 = VECTOR ( 'NONE', #3362, 1000.000000000000000 ) ;
#5632 = DIRECTION ( 'NONE',  ( 1.000000000000000000, 0.000000000000000000, 0.000000000000000000 ) ) ;
#5633 = DIRECTION ( 'NONE',  ( 1.000000000000000000, 0.000000000000000000, -0.000000000000000000 ) ) ;
#5634 =( LENGTH_UNIT ( ) NAMED_UNIT ( * ) SI_UNIT ( .MILLI., .METRE. ) );
#5635 = CARTESIAN_POINT ( 'NONE',  ( -63.00000000000000000, -33.87709820724713694, -8.263178694298574101 ) ) ;
#5636 = ORIENTED_EDGE ( 'NONE', *, *, #5792, .F. ) ;
#5637 = ORIENTED_EDGE ( 'NONE', *, *, #1728, .F. ) ;
#5638 = VERTEX_POINT ( 'NONE', #1590 ) ;
#5639 = DIRECTION ( 'NONE',  ( 0.000000000000000000, 1.000000000000000000, 0.000000000000000000 ) ) ;
#5640 = AXIS2_PLACEMENT_3D ( 'NONE', #1717, #504, #6584 ) ;
#5641 = ORIENTED_EDGE ( 'NONE', *, *, #2089, .F. ) ;
#5642 = DIRECTION ( 'NONE',  ( 0.000000000000000000, 0.000000000000000000, 1.000000000000000000 ) ) ;
#5643 = DIRECTION ( 'NONE',  ( 1.000000000000000000, 0.000000000000000000, 0.000000000000000000 ) ) ;
#5644 = AXIS2_PLACEMENT_3D ( 'NONE', #1287, #3699, #4846 ) ;
#5645 = EDGE_CURVE ( 'NONE', #5669, #3916, #1664, .T. ) ;
#5646 = ADVANCED_FACE ( 'NONE', ( #2258 ), #6419, .T. ) ;
#5647 = CARTESIAN_POINT ( 'NONE',  ( -56.08615718103136061, -37.90014887826217915, -4.367222777755474183 ) ) ;
#5648 = AXIS2_PLACEMENT_3D ( 'NONE', #2781, #3332, #7081 ) ;
#5649 = VERTEX_POINT ( 'NONE', #6932 ) ;
#5650 = LINE ( 'NONE', #834, #4966 ) ;
#5651 = ADVANCED_FACE ( 'NONE', ( #4042 ), #4891, .T. ) ;
#5652 = CARTESIAN_POINT ( 'NONE',  ( 57.99999999999996447, 40.50000000000000711, 0.000000000000000000 ) ) ;
#5653 = LINE ( 'NONE', #6874, #599 ) ;
#5654 = CONICAL_SURFACE ( 'NONE', #3125, 11.30000000000011617, 0.7853981633974533860 ) ;
#5655 = VERTEX_POINT ( 'NONE', #1628 ) ;
#5656 = CIRCLE ( 'NONE', #3004, 6.500000000000005329 ) ;
#5657 = ORIENTED_EDGE ( 'NONE', *, *, #6813, .F. ) ;
#5658 = DIRECTION ( 'NONE',  ( 0.000000000000000000, -1.000000000000000000, 0.000000000000000000 ) ) ;
#5659 = LINE ( 'NONE', #5138, #4946 ) ;
#5660 = CIRCLE ( 'NONE', #6673, 1.000000000000000888 ) ;
#5661 = DIRECTION ( 'NONE',  ( -0.000000000000000000, -0.000000000000000000, 1.000000000000000000 ) ) ;
#5662 = AXIS2_PLACEMENT_3D ( 'NONE', #5599, #6699, #778 ) ;
#5663 = ORIENTED_EDGE ( 'NONE', *, *, #5582, .F. ) ;
#5664 = ORIENTED_EDGE ( 'NONE', *, *, #1728, .T. ) ;
#5665 = CARTESIAN_POINT ( 'NONE',  ( -63.35000000000000142, 38.49999999999999289, -6.400000000000001243 ) ) ;
#5666 = LINE ( 'NONE', #5628, #6382 ) ;
#5667 = DIRECTION ( 'NONE',  ( -1.000000000000000000, 0.000000000000000000, 0.000000000000000000 ) ) ;
#5668 = CYLINDRICAL_SURFACE ( 'NONE', #4557, 0.2000000000000057288 ) ;
#5669 = VERTEX_POINT ( 'NONE', #6454 ) ;
#5670 = PLANE ( 'NONE',  #4197 ) ;
#5671 = LINE ( 'NONE', #777, #7784 ) ;
#5672 = CARTESIAN_POINT ( 'NONE',  ( -66.99999999999994316, -34.13078954500927154, -2.000000000000000000 ) ) ;
#5673 = CARTESIAN_POINT ( 'NONE',  ( 60.27278170635815968, -40.49999999999999289, -8.167106781186546982 ) ) ;
#5674 = ORIENTED_EDGE ( 'NONE', *, *, #1056, .T. ) ;
#5675 = ORIENTED_EDGE ( 'NONE', *, *, #3865, .F. ) ;
#5676 = DIRECTION ( 'NONE',  ( 1.000000000000000000, 0.000000000000000000, 0.000000000000000000 ) ) ;
#5677 = ORIENTED_EDGE ( 'NONE', *, *, #7138, .T. ) ;
#5678 = LINE ( 'NONE', #5751, #1366 ) ;
#5679 = FACE_OUTER_BOUND ( 'NONE', #667, .T. ) ;
#5680 = ADVANCED_FACE ( 'NONE', ( #1043 ), #4670, .F. ) ;
#5681 = ORIENTED_EDGE ( 'NONE', *, *, #6441, .T. ) ;
#5682 = CARTESIAN_POINT ( 'NONE',  ( 63.03578300543507851, 31.05601555326386176, -5.602310371782500908 ) ) ;
#5683 = CIRCLE ( 'NONE', #2023, 7.500000000000007105 ) ;
#5684 = EDGE_LOOP ( 'NONE', ( #6934, #6863, #2387, #2351 ) ) ;
#5685 = DIRECTION ( 'NONE',  ( 0.000000000000000000, 0.000000000000000000, -1.000000000000000000 ) ) ;
#5686 = FACE_OUTER_BOUND ( 'NONE', #1818, .T. ) ;
#5687 = ORIENTED_EDGE ( 'NONE', *, *, #5294, .T. ) ;
#5688 = ORIENTED_EDGE ( 'NONE', *, *, #5109, .F. ) ;
#5689 = EDGE_CURVE ( 'NONE', #6422, #2589, #7565, .T. ) ;
#5690 = LINE ( 'NONE', #3247, #1544 ) ;
#5691 = EDGE_CURVE ( 'NONE', #3485, #7061, #3969, .T. ) ;
#5692 = FACE_OUTER_BOUND ( 'NONE', #1348, .T. ) ;
#5693 = ADVANCED_BREP_SHAPE_REPRESENTATION ( '\X2\041704300434043d044f044f\X0\_\X2\041a0440044b0448043a0430\X0\', ( #6078, #2754 ), #492 ) ;
#5694 = CYLINDRICAL_SURFACE ( 'NONE', #5123, 1.000000000000000888 ) ;
#5695 = ORIENTED_EDGE ( 'NONE', *, *, #7504, .T. ) ;
#5696 = ORIENTED_EDGE ( 'NONE', *, *, #912, .T. ) ;
#5697 = DIRECTION ( 'NONE',  ( 1.000000000000000000, 0.000000000000000000, 0.000000000000000000 ) ) ;
#5698 = DIRECTION ( 'NONE',  ( -0.000000000000000000, -0.000000000000000000, -1.000000000000000000 ) ) ;
#5699 = EDGE_CURVE ( 'NONE', #1177, #5590, #4710, .T. ) ;
#5700 = AXIS2_PLACEMENT_3D ( 'NONE', #1543, #3952, #7588 ) ;
#5701 = DIRECTION ( 'NONE',  ( 0.000000000000000000, 0.000000000000000000, -1.000000000000000000 ) ) ;
#5702 = CARTESIAN_POINT ( 'NONE',  ( 8.000000000000000000, 50.98575841387691554, 2.000000000000000000 ) ) ;
#5703 = ORIENTED_EDGE ( 'NONE', *, *, #4974, .F. ) ;
#5704 = CARTESIAN_POINT ( 'NONE',  ( 67.99999999999995737, -36.88341924626905666, -6.400000000000001243 ) ) ;
#5705 = CARTESIAN_POINT ( 'NONE',  ( -56.13640494780585755, 37.75974439338496325, -4.406585597709185897 ) ) ;
#5706 = CARTESIAN_POINT ( 'NONE',  ( -64.99999999999994316, -38.49999999999996447, -20.62223663640860494 ) ) ;
#5707 = VECTOR ( 'NONE', #4995, 1000.000000000000000 ) ;
#5708 = EDGE_LOOP ( 'NONE', ( #3296, #1967, #6470, #6199 ) ) ;
#5709 = ORIENTED_EDGE ( 'NONE', *, *, #5961, .F. ) ;
#5710 = DIRECTION ( 'NONE',  ( 0.000000000000000000, 0.000000000000000000, -1.000000000000000000 ) ) ;
#5711 = ORIENTED_EDGE ( 'NONE', *, *, #3862, .T. ) ;
#5712 = CONICAL_SURFACE ( 'NONE', #3062, 1.999999999999994893, 0.7853981633974327359 ) ;
#5713 = DIRECTION ( 'NONE',  ( 0.000000000000000000, 0.000000000000000000, -1.000000000000000000 ) ) ;
#5714 = DIRECTION ( 'NONE',  ( -0.000000000000000000, -0.000000000000000000, 1.000000000000000000 ) ) ;
#5715 = TOROIDAL_SURFACE ( 'NONE', #673, 4.425786437626974212, 1.000000000000000000 ) ;
#5716 = AXIS2_PLACEMENT_3D ( 'NONE', #3089, #2417, #6021 ) ;
#5717 = ORIENTED_EDGE ( 'NONE', *, *, #5568, .T. ) ;
#5718 = CARTESIAN_POINT ( 'NONE',  ( 64.99999999999995737, 41.96410161513775705, 2.000000000000000000 ) ) ;
#5719 = EDGE_CURVE ( 'NONE', #1579, #3262, #1230, .T. ) ;
#5720 = DIRECTION ( 'NONE',  ( -0.000000000000000000, -0.000000000000000000, 1.000000000000000000 ) ) ;
#5721 = VERTEX_POINT ( 'NONE', #63 ) ;
#5723 = EDGE_CURVE ( 'NONE', #7735, #5611, #532, .T. ) ;
#5722 = CIRCLE ( 'NONE', #3946, 1.000000000000000000 ) ;
#5724 = DIRECTION ( 'NONE',  ( -0.000000000000000000, -0.000000000000000000, -1.000000000000000000 ) ) ;
#5725 = AXIS2_PLACEMENT_3D ( 'NONE', #1563, #787, #5643 ) ;
#5726 = LINE ( 'NONE', #2017, #4368 ) ;
#5727 = ORIENTED_EDGE ( 'NONE', *, *, #4564, .F. ) ;
#5728 = ORIENTED_EDGE ( 'NONE', *, *, #3040, .T. ) ;
#5729 = PLANE ( 'NONE',  #4832 ) ;
#5730 = FACE_OUTER_BOUND ( 'NONE', #1412, .T. ) ;
#5731 = EDGE_CURVE ( 'NONE', #3463, #1177, #6533, .T. ) ;
#5732 = VERTEX_POINT ( 'NONE', #5348 ) ;
#5733 = ORIENTED_EDGE ( 'NONE', *, *, #318, .T. ) ;
#5734 = EDGE_CURVE ( 'NONE', #1537, #2956, #7803, .T. ) ;
#5735 = DIRECTION ( 'NONE',  ( 0.000000000000000000, -1.000000000000000000, 0.000000000000000000 ) ) ;
#5736 = DIRECTION ( 'NONE',  ( 0.6620622103047327789, 0.7494488839716900719, 0.000000000000000000 ) ) ;
#5737 = CARTESIAN_POINT ( 'NONE',  ( 73.00000000000001421, -41.50000000000000000, 0.000000000000000000 ) ) ;
#5738 = CARTESIAN_POINT ( 'NONE',  ( -63.00000000000000000, 34.13078954500929285, -8.385224927784188154 ) ) ;
#5739 = VERTEX_POINT ( 'NONE', #6061 ) ;
#5740 = DIRECTION ( 'NONE',  ( -0.7071067811865469066, 0.7071067811865482389, 0.000000000000000000 ) ) ;
#5741 = AXIS2_PLACEMENT_3D ( 'NONE', #106, #7214, #3730 ) ;
#5742 = CARTESIAN_POINT ( 'NONE',  ( -56.08622274202419788, 37.89950310665991395, -4.367273424727893705 ) ) ;
#5743 = DIRECTION ( 'NONE',  ( 0.000000000000000000, 0.000000000000000000, 1.000000000000000000 ) ) ;
#5744 = CARTESIAN_POINT ( 'NONE',  ( 56.99090833947008150, 46.00000000000000000, 0.9999999999999715783 ) ) ;
#5745 = ADVANCED_FACE ( 'NONE', ( #2381 ), #2458, .T. ) ;
#5746 = ORIENTED_EDGE ( 'NONE', *, *, #6838, .F. ) ;
#5747 = EDGE_LOOP ( 'NONE', ( #6617, #7220, #622, #5569 ) ) ;
#5748 = CARTESIAN_POINT ( 'NONE',  ( -60.96714010127371353, -36.45767217398227444, -8.459999999999991971 ) ) ;
#5749 = ORIENTED_EDGE ( 'NONE', *, *, #5613, .F. ) ;
#5750 = VECTOR ( 'NONE', #1470, 1000.000000000000000 ) ;
#5751 = CARTESIAN_POINT ( 'NONE',  ( -64.99999999999998579, 41.96410161513774284, -6.400000000000001243 ) ) ;
#5752 = DIRECTION ( 'NONE',  ( -1.000000000000000000, 0.000000000000000000, 0.000000000000000000 ) ) ;
#5753 = CIRCLE ( 'NONE', #3979, 4.299999999999998046 ) ;
#5754 = ORIENTED_EDGE ( 'NONE', *, *, #2282, .T. ) ;
#5755 = AXIS2_PLACEMENT_3D ( 'NONE', #7023, #1020, #4607 ) ;
#5756 = VECTOR ( 'NONE', #2544, 1000.000000000000000 ) ;
#5757 = VERTEX_POINT ( 'NONE', #4242 ) ;
#5758 = DIRECTION ( 'NONE',  ( 1.000000000000000000, 0.000000000000000000, 0.000000000000000000 ) ) ;
#5759 = DIRECTION ( 'NONE',  ( 0.000000000000000000, 0.000000000000000000, 1.000000000000000000 ) ) ;
#5760 = ORIENTED_EDGE ( 'NONE', *, *, #5195, .T. ) ;
#5761 = AXIS2_PLACEMENT_3D ( 'NONE', #2448, #6211, #797 ) ;
#5762 = DIRECTION ( 'NONE',  ( 1.000000000000000000, 0.000000000000000000, 0.000000000000000000 ) ) ;
#5763 = EDGE_CURVE ( 'NONE', #4839, #5790, #2614, .T. ) ;
#5764 = CARTESIAN_POINT ( 'NONE',  ( -66.64999999999996305, -38.49999999999995026, -6.400000000000001243 ) ) ;
#5765 = AXIS2_PLACEMENT_3D ( 'NONE', #5706, #2511, #6269 ) ;
#5766 = ORIENTED_EDGE ( 'NONE', *, *, #3744, .T. ) ;
#5767 = AXIS2_PLACEMENT_3D ( 'NONE', #7678, #3527, #7636 ) ;
#5768 = ORIENTED_EDGE ( 'NONE', *, *, #6517, .F. ) ;
#5769 = FACE_OUTER_BOUND ( 'NONE', #4135, .T. ) ;
#5770 = AXIS2_PLACEMENT_3D ( 'NONE', #95, #2651, #5064 ) ;
#5771 = CARTESIAN_POINT ( 'NONE',  ( -60.27278170635815258, -40.49999999999991473, -8.167106781186573627 ) ) ;
#5772 = ADVANCED_FACE ( 'NONE', ( #4119 ), #1857, .F. ) ;
#5773 = AXIS2_PLACEMENT_3D ( 'NONE', #2787, #5197, #2668 ) ;
#5774 = ORIENTED_EDGE ( 'NONE', *, *, #7786, .F. ) ;
#5775 = VERTEX_POINT ( 'NONE', #6650 ) ;
#5776 = DIRECTION ( 'NONE',  ( -0.000000000000000000, -0.000000000000000000, 1.000000000000000000 ) ) ;
#5777 = DIRECTION ( 'NONE',  ( 0.000000000000000000, 0.7071067811865549002, 0.7071067811865402453 ) ) ;
#5778 = FACE_OUTER_BOUND ( 'NONE', #6933, .T. ) ;
#5779 = CARTESIAN_POINT ( 'NONE',  ( -60.79425992883390251, 36.49999999999998579, -8.446178886083128390 ) ) ;
#5780 = EDGE_CURVE ( 'NONE', #859, #5188, #4279, .T. ) ;
#5781 = AXIS2_PLACEMENT_3D ( 'NONE', #1220, #4140, #7740 ) ;
#5782 = CARTESIAN_POINT ( 'NONE',  ( -57.99090833947008150, 45.99999999999999289, 2.000000000000000000 ) ) ;
#5783 = AXIS2_PLACEMENT_3D ( 'NONE', #4662, #5815, #5735 ) ;
#5784 = FACE_OUTER_BOUND ( 'NONE', #4370, .T. ) ;
#5785 = CARTESIAN_POINT ( 'NONE',  ( -74.99999999999998579, 37.50000000000000000, 0.000000000000000000 ) ) ;
#5786 = CIRCLE ( 'NONE', #6918, 1.000000000000000888 ) ;
#5787 = ORIENTED_EDGE ( 'NONE', *, *, #5242, .F. ) ;
#5788 = ORIENTED_EDGE ( 'NONE', *, *, #5846, .T. ) ;
#5789 = DIRECTION ( 'NONE',  ( 0.000000000000000000, -0.7071067811865378028, 0.7071067811865573427 ) ) ;
#5790 = VERTEX_POINT ( 'NONE', #7163 ) ;
#5791 = CARTESIAN_POINT ( 'NONE',  ( 62.95767217398233129, -34.46714010127373484, -8.459999999999991971 ) ) ;
#5792 = EDGE_CURVE ( 'NONE', #4479, #7734, #233, .T. ) ;
#5793 = CARTESIAN_POINT ( 'NONE',  ( 52.00000000000000000, 53.81418553862310006, 0.000000000000000000 ) ) ;
#5794 = EDGE_CURVE ( 'NONE', #4633, #7106, #5424, .T. ) ;
#5795 = DIRECTION ( 'NONE',  ( -0.000000000000000000, 0.000000000000000000, 1.000000000000000000 ) ) ;
#5796 = EDGE_CURVE ( 'NONE', #2087, #1327, #494, .T. ) ;
#5797 = EDGE_LOOP ( 'NONE', ( #2705, #6714, #3743, #4258 ) ) ;
#5798 = VERTEX_POINT ( 'NONE', #4751 ) ;
#5799 = B_SPLINE_CURVE_WITH_KNOTS ( 'NONE', 3,
 ( #4469, #6773, #5037, #2619 ),
 .UNSPECIFIED., .F., .F.,
 ( 4, 4 ),
 ( 1.734723475976807094E-18, 0.0004194706865624728016 ),
 .UNSPECIFIED. ) ;
#5800 = DIRECTION ( 'NONE',  ( 0.000000000000000000, 0.000000000000000000, 1.000000000000000000 ) ) ;
#5801 = CARTESIAN_POINT ( 'NONE',  ( 61.11897591464004620, 40.62726059530538691, -8.459999999999991971 ) ) ;
#5802 = ORIENTED_EDGE ( 'NONE', *, *, #2444, .F. ) ;
#5803 = EDGE_CURVE ( 'NONE', #4786, #6474, #855, .T. ) ;
#5804 = CARTESIAN_POINT ( 'NONE',  ( -60.96714010127373484, 40.54232782601763319, -8.459999999999991971 ) ) ;
#5805 = PLANE ( 'NONE',  #2378 ) ;
#5806 = VECTOR ( 'NONE', #1769, 1000.000000000000227 ) ;
#5807 = ORIENTED_EDGE ( 'NONE', *, *, #5625, .F. ) ;
#5808 = ORIENTED_EDGE ( 'NONE', *, *, #3575, .F. ) ;
#5809 = LINE ( 'NONE', #2843, #6728 ) ;
#5810 = CONICAL_SURFACE ( 'NONE', #1402, 2.999999999999988898, 0.7853981633974340681 ) ;
#5811 = CARTESIAN_POINT ( 'NONE',  ( -58.75130018433433321, -40.49999999999991473, -6.742283229824045598 ) ) ;
#5812 = FACE_OUTER_BOUND ( 'NONE', #7719, .T. ) ;
#5813 = VERTEX_POINT ( 'NONE', #6575 ) ;
#5814 = ORIENTED_EDGE ( 'NONE', *, *, #6640, .F. ) ;
#5815 = DIRECTION ( 'NONE',  ( -0.7071067811865495711, 0.000000000000000000, 0.7071067811865455743 ) ) ;
#5816 = DIRECTION ( 'NONE',  ( 1.000000000000000000, 0.000000000000000000, 0.000000000000000000 ) ) ;
#5817 = EDGE_CURVE ( 'NONE', #4111, #709, #3122, .T. ) ;
#5818 = PLANE ( 'NONE',  #7595 ) ;
#5819 = DIRECTION ( 'NONE',  ( 1.000000000000000000, -0.000000000000000000, 0.000000000000000000 ) ) ;
#5820 = EDGE_CURVE ( 'NONE', #2311, #23, #1985, .T. ) ;
#5821 = CARTESIAN_POINT ( 'NONE',  ( -73.99999999999998579, 37.50000000000000000, 2.000000000000000000 ) ) ;
#5822 = DIRECTION ( 'NONE',  ( 1.000000000000000000, 0.000000000000000000, 0.000000000000000000 ) ) ;
#5823 = DIRECTION ( 'NONE',  ( -0.000000000000000000, -0.000000000000000000, 1.000000000000000000 ) ) ;
#5824 = ORIENTED_EDGE ( 'NONE', *, *, #1843, .F. ) ;
#5825 = AXIS2_PLACEMENT_3D ( 'NONE', #3914, #2091, #3395 ) ;
#5826 = ORIENTED_EDGE ( 'NONE', *, *, #5202, .T. ) ;
#5827 = DIRECTION ( 'NONE',  ( 0.8660254037844393737, -0.4999999999999986122, 0.000000000000000000 ) ) ;
#5828 = CARTESIAN_POINT ( 'NONE',  ( -64.99999999999994316, -38.49999999999996447, -7.459999999999991971 ) ) ;
#5829 = ORIENTED_EDGE ( 'NONE', *, *, #2027, .F. ) ;
#5830 = DIRECTION ( 'NONE',  ( -0.8660254037844384856, 0.5000000000000002220, 0.000000000000000000 ) ) ;
#5831 = CARTESIAN_POINT ( 'NONE',  ( -63.35000000000000142, 38.49999999999999289, -8.459999999999991971 ) ) ;
#5832 = DIRECTION ( 'NONE',  ( 0.7071067811865469066, -0.7071067811865481278, 0.000000000000000000 ) ) ;
#5833 = AXIS2_PLACEMENT_3D ( 'NONE', #2775, #6262, #848 ) ;
#5834 = DIRECTION ( 'NONE',  ( -1.000000000000000000, 0.000000000000000000, 0.000000000000000000 ) ) ;
#5835 = ORIENTED_EDGE ( 'NONE', *, *, #3657, .T. ) ;
#5836 = EDGE_CURVE ( 'NONE', #4856, #6534, #724, .T. ) ;
#5837 = CIRCLE ( 'NONE', #4692, 1.000000000000000444 ) ;
#5838 = ORIENTED_EDGE ( 'NONE', *, *, #58, .T. ) ;
#5839 = CYLINDRICAL_SURFACE ( 'NONE', #4665, 2.000000000000001776 ) ;
#5840 = VECTOR ( 'NONE', #5347, 1000.000000000000000 ) ;
#5841 = EDGE_CURVE ( 'NONE', #6592, #4650, #6770, .T. ) ;
#5842 = DIRECTION ( 'NONE',  ( 0.7071067811865597852, 0.000000000000000000, 0.7071067811865352493 ) ) ;
#5843 = ORIENTED_EDGE ( 'NONE', *, *, #4431, .F. ) ;
#5844 = VECTOR ( 'NONE', #7031, 999.9999999999998863 ) ;
#5845 = VECTOR ( 'NONE', #4080, 1000.000000000000000 ) ;
#5846 = EDGE_CURVE ( 'NONE', #3926, #2147, #5586, .T. ) ;
#5847 = DIRECTION ( 'NONE',  ( 0.000000000000000000, 0.000000000000000000, -1.000000000000000000 ) ) ;
#5848 = AXIS2_PLACEMENT_3D ( 'NONE', #1975, #3205, #2749 ) ;
#5849 = EDGE_LOOP ( 'NONE', ( #945, #2538, #2942, #6675, #5283 ) ) ;
#5850 = VERTEX_POINT ( 'NONE', #3844 ) ;
#5851 = TOROIDAL_SURFACE ( 'NONE', #6988, 4.425786437626966219, 1.000000000000000000 ) ;
#5852 = PLANE ( 'NONE',  #6973 ) ;
#5853 = FACE_OUTER_BOUND ( 'NONE', #6031, .T. ) ;
#5854 = DIRECTION ( 'NONE',  ( 0.000000000000000000, 0.000000000000000000, 1.000000000000000000 ) ) ;
#5855 = VERTEX_POINT ( 'NONE', #6256 ) ;
#5856 = EDGE_LOOP ( 'NONE', ( #4461, #2548, #4579, #5657 ) ) ;
#5857 = CARTESIAN_POINT ( 'NONE',  ( 65.50000000000000000, -41.50000000000000000, 2.000000000000000000 ) ) ;
#5858 = DIRECTION ( 'NONE',  ( 0.000000000000000000, 0.000000000000000000, 1.000000000000000000 ) ) ;
#5859 = DIRECTION ( 'NONE',  ( -0.000000000000000000, -0.000000000000000000, 1.000000000000000000 ) ) ;
#5860 = DIRECTION ( 'NONE',  ( 0.8660254037844387076, -0.4999999999999999445, 0.000000000000000000 ) ) ;
#5861 = CARTESIAN_POINT ( 'NONE',  ( 62.99999999999998579, 31.50000000000000711, -6.019890110719565257 ) ) ;
#5862 = CARTESIAN_POINT ( 'NONE',  ( -65.73934106885519668, -29.63605708058124577, -4.406312522901174589 ) ) ;
#5863 = CARTESIAN_POINT ( 'NONE',  ( 64.99999999999995737, 41.96410161513775705, -6.400000000000001243 ) ) ;
#5864 = EDGE_CURVE ( 'NONE', #1062, #3215, #4628, .T. ) ;
#5865 = EDGE_LOOP ( 'NONE', ( #5010, #467, #4654, #2155 ) ) ;
#5866 = ORIENTED_EDGE ( 'NONE', *, *, #615, .T. ) ;
#5867 = DIRECTION ( 'NONE',  ( 1.000000000000000000, 0.000000000000000000, 0.000000000000000000 ) ) ;
#5868 = CARTESIAN_POINT ( 'NONE',  ( -2.999999999999980460, -28.22429927922271986, 1.000000000000000888 ) ) ;
#5869 = ORIENTED_EDGE ( 'NONE', *, *, #2656, .F. ) ;
#5870 = CYLINDRICAL_SURFACE ( 'NONE', #6666, 0.1999999999999987899 ) ;
#5871 = LINE ( 'NONE', #5277, #4344 ) ;
#5872 = CARTESIAN_POINT ( 'NONE',  ( -1.999999999999980904, -19.76274646641389765, -8.511675595743399825 ) ) ;
#5873 = LINE ( 'NONE', #4175, #4578 ) ;
#5874 = ORIENTED_EDGE ( 'NONE', *, *, #7385, .F. ) ;
#5875 = ADVANCED_FACE ( 'NONE', ( #3768 ), #6184, .F. ) ;
#5876 = EDGE_LOOP ( 'NONE', ( #2481, #5270, #4615, #4222 ) ) ;
#5877 = CARTESIAN_POINT ( 'NONE',  ( -67.49999999999997158, 45.00000000000000000, 0.9999999999999713562 ) ) ;
#5878 = DIRECTION ( 'NONE',  ( -1.000000000000000000, 4.163336342344333240E-14, 0.000000000000000000 ) ) ;
#5879 = ORIENTED_EDGE ( 'NONE', *, *, #729, .T. ) ;
#5880 = EDGE_CURVE ( 'NONE', #2858, #116, #6881, .T. ) ;
#5881 = AXIS2_PLACEMENT_3D ( 'NONE', #4545, #5698, #5069 ) ;
#5882 = EDGE_CURVE ( 'NONE', #508, #783, #7467, .T. ) ;
#5883 = CARTESIAN_POINT ( 'NONE',  ( -66.96421699456483623, 31.05601555326384045, -5.602310371782503573 ) ) ;
#5884 = ORIENTED_EDGE ( 'NONE', *, *, #2356, .T. ) ;
#5885 = COLOUR_RGB ( '',0.7921568627450980005, 0.8196078431372548767, 0.9333333333333333481 ) ;
#5886 = VERTEX_POINT ( 'NONE', #6847 ) ;
#5887 = ADVANCED_FACE ( 'NONE', ( #3685 ), #6102, .T. ) ;
#5888 = LINE ( 'NONE', #3394, #4206 ) ;
#5889 = LINE ( 'NONE', #7750, #7589 ) ;
#5890 = EDGE_CURVE ( 'NONE', #5369, #5330, #2363, .T. ) ;
#5891 = AXIS2_PLACEMENT_3D ( 'NONE', #6836, #248, #4574 ) ;
#5892 = DIRECTION ( 'NONE',  ( -0.000000000000000000, -0.000000000000000000, 1.000000000000000000 ) ) ;
#5893 = ORIENTED_EDGE ( 'NONE', *, *, #7385, .T. ) ;
#5894 = ORIENTED_EDGE ( 'NONE', *, *, #1001, .F. ) ;
#5895 = DIRECTION ( 'NONE',  ( -0.000000000000000000, -0.000000000000000000, 1.000000000000000000 ) ) ;
#5896 = FACE_OUTER_BOUND ( 'NONE', #6226, .T. ) ;
#5897 = CARTESIAN_POINT ( 'NONE',  ( -61.45516887613953827, -40.93396226415087114, -20.62223663640860494 ) ) ;
#5898 = DIRECTION ( 'NONE',  ( 1.000000000000000000, 0.000000000000000000, 0.000000000000000000 ) ) ;
#5899 = CYLINDRICAL_SURFACE ( 'NONE', #3433, 1.649999999999998579 ) ;
#5900 = CARTESIAN_POINT ( 'NONE',  ( -65.00000000000000000, 38.49999999999999289, -20.62223663640860494 ) ) ;
#5901 = DIRECTION ( 'NONE',  ( -0.000000000000000000, -1.000000000000000000, -0.000000000000000000 ) ) ;
#5902 = VERTEX_POINT ( 'NONE', #4910 ) ;
#5903 = ORIENTED_EDGE ( 'NONE', *, *, #3745, .T. ) ;
#5904 = DIRECTION ( 'NONE',  ( -0.000000000000000000, -0.000000000000000000, -1.000000000000000000 ) ) ;
#5905 = FACE_OUTER_BOUND ( 'NONE', #114, .T. ) ;
#5906 = EDGE_LOOP ( 'NONE', ( #6068, #7752, #6202, #5297 ) ) ;
#5907 = AXIS2_PLACEMENT_3D ( 'NONE', #7532, #5713, #4558 ) ;
#5908 = CARTESIAN_POINT ( 'NONE',  ( 66.64999999999996305, -38.49999999999999289, -6.400000000000001243 ) ) ;
#5909 = TOROIDAL_SURFACE ( 'NONE', #7172, 4.425786437626967107, 1.000000000000000000 ) ;
#5910 = DIRECTION ( 'NONE',  ( -0.000000000000000000, -0.000000000000000000, 1.000000000000000000 ) ) ;
#5911 = CARTESIAN_POINT ( 'NONE',  ( 64.99999999999995737, -38.49999999999999289, -8.459999999999991971 ) ) ;
#5912 = SURFACE_SIDE_STYLE ('',( #2952 ) ) ;
#5913 = DIRECTION ( 'NONE',  ( 0.000000000000000000, 1.000000000000000000, 0.000000000000000000 ) ) ;
#5914 = ORIENTED_EDGE ( 'NONE', *, *, #4564, .T. ) ;
#5915 = ORIENTED_EDGE ( 'NONE', *, *, #5585, .T. ) ;
#5916 = CARTESIAN_POINT ( 'NONE',  ( -3.999999999999980904, -28.22429927922271986, -8.511675595743399825 ) ) ;
#5917 = CARTESIAN_POINT ( 'NONE',  ( -3.111111111111092065, -27.76617643193186780, 2.000000000000000000 ) ) ;
#5918 = VERTEX_POINT ( 'NONE', #1947 ) ;
#5919 = EDGE_CURVE ( 'NONE', #6559, #3700, #4765, .T. ) ;
#5920 = EDGE_CURVE ( 'NONE', #7112, #3845, #3724, .T. ) ;
#5921 = CONICAL_SURFACE ( 'NONE', #753, 1.000000000000000888, 0.7853981633974482790 ) ;
#5922 = DIRECTION ( 'NONE',  ( 1.000000000000000000, 0.000000000000000000, 0.000000000000000000 ) ) ;
#5923 = ORIENTED_EDGE ( 'NONE', *, *, #6754, .F. ) ;
#5924 = ORIENTED_EDGE ( 'NONE', *, *, #7491, .T. ) ;
#5925 = LINE ( 'NONE', #7550, #173 ) ;
#5926 = CARTESIAN_POINT ( 'NONE',  ( 55.81933546421626602, 49.99485007440680562, 0.9999999999999713562 ) ) ;
#5927 = VECTOR ( 'NONE', #420, 1000.000000000000000 ) ;
#5928 = DIRECTION ( 'NONE',  ( 1.000000000000000000, 0.000000000000000000, 0.000000000000000000 ) ) ;
#5929 = ORIENTED_EDGE ( 'NONE', *, *, #1833, .T. ) ;
#5930 = EDGE_CURVE ( 'NONE', #1963, #4104, #1361, .T. ) ;
#5931 = ORIENTED_EDGE ( 'NONE', *, *, #7, .F. ) ;
#5932 = FACE_OUTER_BOUND ( 'NONE', #284, .T. ) ;
#5933 = FACE_OUTER_BOUND ( 'NONE', #7209, .T. ) ;
#5934 = DIRECTION ( 'NONE',  ( 1.000000000000000000, 0.000000000000000000, 0.000000000000000000 ) ) ;
#5935 = ADVANCED_FACE ( 'NONE', ( #6729 ), #4949, .F. ) ;
#5936 = VECTOR ( 'NONE', #5789, 1000.000000000000000 ) ;
#5937 = CYLINDRICAL_SURFACE ( 'NONE', #1727, 2.000000000000001776 ) ;
#5938 = DIRECTION ( 'NONE',  ( -1.000000000000000000, 0.000000000000000000, 0.000000000000000000 ) ) ;
#5939 = CARTESIAN_POINT ( 'NONE',  ( -66.68822606031898204, -30.39643568481285740, -5.024925560961293058 ) ) ;
#5940 = DIRECTION ( 'NONE',  ( -0.000000000000000000, -0.000000000000000000, -1.000000000000000000 ) ) ;
#5941 = EDGE_LOOP ( 'NONE', ( #6038, #1742, #4522, #1169 ) ) ;
#5942 = EDGE_CURVE ( 'NONE', #1783, #3024, #1706, .T. ) ;
#5943 = ORIENTED_EDGE ( 'NONE', *, *, #1060, .F. ) ;
#5944 = CARTESIAN_POINT ( 'NONE',  ( -66.99999999999994316, 33.87709820724717247, -8.263178694298575877 ) ) ;
#5945 = DIRECTION ( 'NONE',  ( 0.000000000000000000, -0.000000000000000000, -1.000000000000000000 ) ) ;
#5946 = VERTEX_POINT ( 'NONE', #6811 ) ;
#5947 = CARTESIAN_POINT ( 'NONE',  ( -65.00000000000000000, 38.49999999999999289, -6.400000000000001243 ) ) ;
#5948 = CARTESIAN_POINT ( 'NONE',  ( 65.50000000000000000, -49.00000000000000000, 0.000000000000000000 ) ) ;
#5949 = DIRECTION ( 'NONE',  ( -1.000000000000000000, 0.000000000000000000, -0.000000000000000000 ) ) ;
#5950 = CARTESIAN_POINT ( 'NONE',  ( -58.00000000000002132, -36.49999999999991473, -2.000000000000000000 ) ) ;
#5951 = DIRECTION ( 'NONE',  ( 0.000000000000000000, 0.000000000000000000, -1.000000000000000000 ) ) ;
#5952 = DIRECTION ( 'NONE',  ( 0.000000000000000000, -1.000000000000000000, 0.000000000000000000 ) ) ;
#5953 = ORIENTED_EDGE ( 'NONE', *, *, #6472, .T. ) ;
#5954 = VECTOR ( 'NONE', #3814, 1000.000000000000000 ) ;
#5955 = ORIENTED_EDGE ( 'NONE', *, *, #388, .F. ) ;
#5956 = DIRECTION ( 'NONE',  ( 1.000000000000000000, 0.000000000000000000, 0.000000000000000000 ) ) ;
#5957 = CARTESIAN_POINT ( 'NONE',  ( 64.99999999999995737, -38.49999999999999289, -8.459999999999991971 ) ) ;
#5958 = ORIENTED_EDGE ( 'NONE', *, *, #472, .T. ) ;
#5959 = CIRCLE ( 'NONE', #7727, 1.000000000000000888 ) ;
#5960 = VECTOR ( 'NONE', #7254, 1000.000000000000227 ) ;
#5961 = EDGE_CURVE ( 'NONE', #1183, #4166, #3755, .T. ) ;
#5962 = CARTESIAN_POINT ( 'NONE',  ( -2.999999999999980460, -28.22429927922271986, 2.000000000000000000 ) ) ;
#5963 = ADVANCED_FACE ( 'NONE', ( #2094 ), #5101, .F. ) ;
#5964 = ORIENTED_EDGE ( 'NONE', *, *, #3313, .T. ) ;
#5965 = ORIENTED_EDGE ( 'NONE', *, *, #5942, .T. ) ;
#5966 = AXIS2_PLACEMENT_3D ( 'NONE', #1352, #6181, #7473 ) ;
#5967 = VECTOR ( 'NONE', #5945, 1000.000000000000000 ) ;
#5968 = DIRECTION ( 'NONE',  ( 0.000000000000000000, 0.000000000000000000, -1.000000000000000000 ) ) ;
#5969 = CARTESIAN_POINT ( 'NONE',  ( -74.99999999999998579, -41.50000000000000000, 0.9999999999999713562 ) ) ;
#5970 = AXIS2_PLACEMENT_3D ( 'NONE', #10, #644, #4817 ) ;
#5971 = FACE_OUTER_BOUND ( 'NONE', #7702, .T. ) ;
#5972 = ORIENTED_EDGE ( 'NONE', *, *, #6968, .T. ) ;
#5973 = EDGE_CURVE ( 'NONE', #2897, #1045, #1466, .T. ) ;
#5974 = ORIENTED_EDGE ( 'NONE', *, *, #472, .F. ) ;
#5975 = DIRECTION ( 'NONE',  ( -0.000000000000000000, -0.000000000000000000, -1.000000000000000000 ) ) ;
#5976 = CARTESIAN_POINT ( 'NONE',  ( -64.89999999999996305, -35.09363341178117679, -6.400000000000001243 ) ) ;
#5977 = CARTESIAN_POINT ( 'NONE',  ( -64.99999999999994316, -41.73316150746187247, -6.400000000000001243 ) ) ;
#5978 = DIRECTION ( 'NONE',  ( 0.000000000000000000, 0.000000000000000000, 1.000000000000000000 ) ) ;
#5979 = CIRCLE ( 'NONE', #3588, 1.000000000000000888 ) ;
#5980 = LINE ( 'NONE', #5462, #4454 ) ;
#5981 = ADVANCED_FACE ( 'NONE', ( #3284 ), #5694, .F. ) ;
#5982 = CARTESIAN_POINT ( 'NONE',  ( 1.962405932198763026E-14, -26.16274646641389268, 0.000000000000000000 ) ) ;
#5983 = CARTESIAN_POINT ( 'NONE',  ( -56.50797727366857970, 39.83889449192544419, -4.703898613115105043 ) ) ;
#5984 = AXIS2_PLACEMENT_3D ( 'NONE', #934, #1486, #5752 ) ;
#5985 = EDGE_CURVE ( 'NONE', #6142, #4691, #6769, .T. ) ;
#5986 = VERTEX_POINT ( 'NONE', #7216 ) ;
#5987 = ORIENTED_EDGE ( 'NONE', *, *, #4709, .T. ) ;
#5988 = CARTESIAN_POINT ( 'NONE',  ( 66.99999999999992895, 32.25134444885777185, -6.742325791223296783 ) ) ;
#5989 = DIRECTION ( 'NONE',  ( -0.000000000000000000, -0.000000000000000000, -1.000000000000000000 ) ) ;
#5990 = EDGE_LOOP ( 'NONE', ( #3279, #2943, #1917, #2013 ) ) ;
#5991 = LINE ( 'NONE', #2826, #5026 ) ;
#5992 = CARTESIAN_POINT ( 'NONE',  ( 62.09999999999993037, 36.71021416551214145, 2.000000000000000000 ) ) ;
#5993 = CARTESIAN_POINT ( 'NONE',  ( 62.99999999999997158, -31.49999999999999289, -6.019890110719560816 ) ) ;
#5994 = EDGE_CURVE ( 'NONE', #6950, #741, #1251, .T. ) ;
#5995 = FACE_OUTER_BOUND ( 'NONE', #1536, .T. ) ;
#5996 = CARTESIAN_POINT ( 'NONE',  ( -61.45516887613963064, 36.06603773584904360, 0.000000000000000000 ) ) ;
#5997 = CARTESIAN_POINT ( 'NONE',  ( -67.99999999999994316, -40.11658075373091492, -6.400000000000001243 ) ) ;
#5998 = ORIENTED_EDGE ( 'NONE', *, *, #5763, .F. ) ;
#5999 = ORIENTED_EDGE ( 'NONE', *, *, #1858, .T. ) ;
#6000 = B_SPLINE_CURVE_WITH_KNOTS ( 'NONE', 3,
 ( #3120, #3753, #796, #4386 ),
 .UNSPECIFIED., .F., .F.,
 ( 4, 4 ),
 ( 1.734723475976807094E-18, 0.0004194706865624464555 ),
 .UNSPECIFIED. ) ;
#6001 = ORIENTED_EDGE ( 'NONE', *, *, #4004, .T. ) ;
#6002 = DIRECTION ( 'NONE',  ( 0.000000000000000000, 0.000000000000000000, 1.000000000000000000 ) ) ;
#6003 = CARTESIAN_POINT ( 'NONE',  ( -2.999999999999980460, -19.76274646641390476, 2.000000000000000000 ) ) ;
#6004 = ORIENTED_EDGE ( 'NONE', *, *, #3221, .T. ) ;
#6005 = DIRECTION ( 'NONE',  ( 0.000000000000000000, 0.000000000000000000, -1.000000000000000000 ) ) ;
#6006 = ORIENTED_EDGE ( 'NONE', *, *, #3334, .F. ) ;
#6007 = CIRCLE ( 'NONE', #4105, 7.500000000000007105 ) ;
#6008 = ADVANCED_FACE ( 'NONE', ( #1132 ), #6626, .F. ) ;
#6009 = DIRECTION ( 'NONE',  ( 1.000000000000000000, 0.000000000000000000, 0.000000000000000000 ) ) ;
#6010 = CIRCLE ( 'NONE', #2337, 1.000000000000000888 ) ;
#6011 = FACE_OUTER_BOUND ( 'NONE', #6894, .T. ) ;
#6012 = CIRCLE ( 'NONE', #5374, 0.1999999999999987899 ) ;
#6013 = DIRECTION ( 'NONE',  ( -1.000000000000000000, 0.000000000000000000, 0.000000000000000000 ) ) ;
#6014 = CIRCLE ( 'NONE', #2605, 1.000000000000000888 ) ;
#6015 = VERTEX_POINT ( 'NONE', #3540 ) ;
#6016 = ORIENTED_EDGE ( 'NONE', *, *, #2918, .F. ) ;
#6017 = CARTESIAN_POINT ( 'NONE',  ( 66.99999999999994316, -31.27846866785820978, -5.806882429712463711 ) ) ;
#6018 = PLANE ( 'NONE',  #7018 ) ;
#6019 = DIRECTION ( 'NONE',  ( 0.000000000000000000, 0.000000000000000000, -1.000000000000000000 ) ) ;
#6020 = EDGE_CURVE ( 'NONE', #1005, #3189, #3065, .T. ) ;
#6021 = DIRECTION ( 'NONE',  ( -1.000000000000000000, 0.000000000000000000, 0.000000000000000000 ) ) ;
#6022 = CIRCLE ( 'NONE', #2352, 0.1999999999999987899 ) ;
#6023 = FACE_OUTER_BOUND ( 'NONE', #6951, .T. ) ;
#6024 = CARTESIAN_POINT ( 'NONE',  ( -3.999999999999981792, -28.22429927922271986, 0.000000000000000000 ) ) ;
#6025 = VERTEX_POINT ( 'NONE', #3494 ) ;
#6026 = ORIENTED_EDGE ( 'NONE', *, *, #4978, .F. ) ;
#6027 = DIRECTION ( 'NONE',  ( -0.000000000000000000, 0.000000000000000000, -1.000000000000000000 ) ) ;
#6028 = AXIS2_PLACEMENT_3D ( 'NONE', #3962, #5269, #379 ) ;
#6029 = DIRECTION ( 'NONE',  ( -0.000000000000000000, -0.000000000000000000, 1.000000000000000000 ) ) ;
#6030 = EDGE_CURVE ( 'NONE', #7652, #1720, #466, .T. ) ;
#6031 = EDGE_LOOP ( 'NONE', ( #1187, #3910, #294, #3428 ) ) ;
#6032 = CARTESIAN_POINT ( 'NONE',  ( 69.29999999999995453, 38.50000000000000711, 0.000000000000000000 ) ) ;
#6033 = CARTESIAN_POINT ( 'NONE',  ( -1.999999999999973577, -17.76274646641389765, 0.000000000000000000 ) ) ;
#6034 = CARTESIAN_POINT ( 'NONE',  ( 60.63078954500927154, -40.49999999999999289, 0.000000000000000000 ) ) ;
#6035 = PRESENTATION_STYLE_ASSIGNMENT (( #7731 ) ) ;
#6036 = CARTESIAN_POINT ( 'NONE',  ( -57.99999999999998579, 38.49999999999998579, -2.000000000000000000 ) ) ;
#6037 = CARTESIAN_POINT ( 'NONE',  ( 67.89999999999997726, 40.28978583448783013, -6.400000000000001243 ) ) ;
#6038 = ORIENTED_EDGE ( 'NONE', *, *, #3898, .F. ) ;
#6039 = ORIENTED_EDGE ( 'NONE', *, *, #7534, .F. ) ;
#6040 = CARTESIAN_POINT ( 'NONE',  ( 56.60118522780066286, 39.93533841553438890, -4.780016760124746078 ) ) ;
#6041 = CIRCLE ( 'NONE', #981, 1.000000000000000888 ) ;
#6042 = EDGE_CURVE ( 'NONE', #508, #4103, #1840, .T. ) ;
#6043 = DIRECTION ( 'NONE',  ( 0.000000000000000000, 0.000000000000000000, -1.000000000000000000 ) ) ;
#6044 = EDGE_LOOP ( 'NONE', ( #7437, #5233, #7708, #5829 ) ) ;
#6045 = EDGE_CURVE ( 'NONE', #2897, #1241, #2477, .T. ) ;
#6046 = CIRCLE ( 'NONE', #6797, 1.000000000000000888 ) ;
#6047 = VECTOR ( 'NONE', #4740, 1000.000000000000114 ) ;
#6048 = CARTESIAN_POINT ( 'NONE',  ( 67.89999999999997726, 36.71021416551214145, -6.400000000000001243 ) ) ;
#6049 = EDGE_CURVE ( 'NONE', #7376, #5362, #87, .T. ) ;
#6050 = ORIENTED_EDGE ( 'NONE', *, *, #5864, .T. ) ;
#6051 = DIRECTION ( 'NONE',  ( 0.000000000000000000, 0.000000000000000000, -1.000000000000000000 ) ) ;
#6052 = CARTESIAN_POINT ( 'NONE',  ( -63.00000000000000000, 34.13078954500929285, 0.000000000000000000 ) ) ;
#6053 = DIRECTION ( 'NONE',  ( -0.000000000000000000, -0.000000000000000000, -1.000000000000000000 ) ) ;
#6054 = ORIENTED_EDGE ( 'NONE', *, *, #3704, .T. ) ;
#6055 = EDGE_LOOP ( 'NONE', ( #7642, #5079, #5313, #4141 ) ) ;
#6056 = CARTESIAN_POINT ( 'NONE',  ( 67.12726059530530165, -34.61897591464004620, -8.459999999999991971 ) ) ;
#6057 = DIRECTION ( 'NONE',  ( -1.000000000000000000, 0.000000000000000000, 0.000000000000000000 ) ) ;
#6058 = B_SPLINE_CURVE_WITH_KNOTS ( 'NONE', 3,
 ( #1253, #664, #3068, #3104 ),
 .UNSPECIFIED., .F., .F.,
 ( 4, 4 ),
 ( 7.152448122690996019E-18, 0.0005144902296436710924 ),
 .UNSPECIFIED. ) ;
#6059 = DIRECTION ( 'NONE',  ( -1.000000000000000000, -0.000000000000000000, 0.000000000000000000 ) ) ;
#6060 = DIRECTION ( 'NONE',  ( 0.000000000000000000, 0.000000000000000000, 1.000000000000000000 ) ) ;
#6061 = CARTESIAN_POINT ( 'NONE',  ( 65.50000000000000000, 44.00000000000000000, 2.000000000000000000 ) ) ;
#6062 = VERTEX_POINT ( 'NONE', #4721 ) ;
#6063 = EDGE_CURVE ( 'NONE', #6559, #4635, #4881, .T. ) ;
#6064 = ORIENTED_EDGE ( 'NONE', *, *, #7525, .T. ) ;
#6065 = CARTESIAN_POINT ( 'NONE',  ( 64.99999999999995737, 38.50000000000000711, -8.459999999999991971 ) ) ;
#6066 = VECTOR ( 'NONE', #4020, 1000.000000000000000 ) ;
#6067 = DIRECTION ( 'NONE',  ( -0.000000000000000000, -0.000000000000000000, 1.000000000000000000 ) ) ;
#6068 = ORIENTED_EDGE ( 'NONE', *, *, #6992, .T. ) ;
#6069 = EDGE_CURVE ( 'NONE', #3783, #7605, #1465, .T. ) ;
#6070 = CARTESIAN_POINT ( 'NONE',  ( -52.00000000000002842, 53.81418553862310006, 2.000000000000000000 ) ) ;
#6071 = DIRECTION ( 'NONE',  ( -0.000000000000000000, -0.000000000000000000, -1.000000000000000000 ) ) ;
#6072 = LINE ( 'NONE', #7816, #4450 ) ;
#6073 = FILL_AREA_STYLE ('',( #6661 ) ) ;
#6074 = DIRECTION ( 'NONE',  ( -1.000000000000000000, -0.000000000000000000, 0.000000000000000000 ) ) ;
#6075 = CARTESIAN_POINT ( 'NONE',  ( -28.00000000000000355, 49.98575841387692265, 0.9999999999999713562 ) ) ;
#6076 = ORIENTED_EDGE ( 'NONE', *, *, #1397, .F. ) ;
#6077 = VERTEX_POINT ( 'NONE', #4252 ) ;
#6078 = MANIFOLD_SOLID_BREP ( 'Chamfer4', #7374 ) ;
#6079 = ORIENTED_EDGE ( 'NONE', *, *, #2646, .F. ) ;
#6080 = DIRECTION ( 'NONE',  ( 1.000000000000000000, 0.000000000000000000, 0.000000000000000000 ) ) ;
#6081 = PLANE ( 'NONE',  #1109 ) ;
#6082 = CARTESIAN_POINT ( 'NONE',  ( -61.45516887613962353, 40.93396226415093508, 0.000000000000000000 ) ) ;
#6083 = EDGE_CURVE ( 'NONE', #915, #445, #3983, .T. ) ;
#6084 = EDGE_CURVE ( 'NONE', #4536, #1468, #2344, .T. ) ;
#6085 = CARTESIAN_POINT ( 'NONE',  ( 69.29999999999995453, -38.49999999999999289, -20.62223663640860494 ) ) ;
#6086 = VECTOR ( 'NONE', #3121, 999.9999999999998863 ) ;
#6087 = EDGE_LOOP ( 'NONE', ( #2659, #5407, #4055, #7768 ) ) ;
#6088 = DIRECTION ( 'NONE',  ( 1.000000000000000000, 0.000000000000000000, 0.000000000000000000 ) ) ;
#6089 = ADVANCED_FACE ( 'NONE', ( #5995 ), #2989, .F. ) ;
#6090 = DIRECTION ( 'NONE',  ( 1.000000000000000000, 0.000000000000000000, 0.000000000000000000 ) ) ;
#6091 = VECTOR ( 'NONE', #3254, 1000.000000000000000 ) ;
#6092 = DIRECTION ( 'NONE',  ( 0.000000000000000000, -1.000000000000000000, 0.000000000000000000 ) ) ;
#6093 = ORIENTED_EDGE ( 'NONE', *, *, #7033, .T. ) ;
#6094 = AXIS2_PLACEMENT_3D ( 'NONE', #696, #3658, #4250 ) ;
#6095 = VERTEX_POINT ( 'NONE', #5598 ) ;
#6096 = DIRECTION ( 'NONE',  ( 1.000000000000000000, 0.000000000000000000, 0.000000000000000000 ) ) ;
#6097 = VECTOR ( 'NONE', #457, 1000.000000000000000 ) ;
#6098 = CARTESIAN_POINT ( 'NONE',  ( -59.50614362763145948, 40.49999999999998579, -7.461059451568202050 ) ) ;
#6099 = DIRECTION ( 'NONE',  ( 1.000000000000000000, 0.000000000000000000, 0.000000000000000000 ) ) ;
#6100 = LINE ( 'NONE', #7319, #3557 ) ;
#6101 = AXIS2_PLACEMENT_3D ( 'NONE', #6254, #5030, #3318 ) ;
#6102 = CYLINDRICAL_SURFACE ( 'NONE', #5770, 4.299999999999998046 ) ;
#6103 = EDGE_LOOP ( 'NONE', ( #1846, #3418, #2640, #2603 ) ) ;
#6104 = ORIENTED_EDGE ( 'NONE', *, *, #830, .T. ) ;
#6105 = CARTESIAN_POINT ( 'NONE',  ( -60.63078954500929996, 41.49999999999998579, -20.62223663640860494 ) ) ;
#6106 = CARTESIAN_POINT ( 'NONE',  ( 73.00000000000001421, 37.50000000000000000, 0.000000000000000000 ) ) ;
#6107 = ORIENTED_EDGE ( 'NONE', *, *, #3393, .F. ) ;
#6108 = AXIS2_PLACEMENT_3D ( 'NONE', #2965, #5968, #3674 ) ;
#6109 = CARTESIAN_POINT ( 'NONE',  ( -67.89999999999997726, 36.71021416551214855, 2.000000000000000000 ) ) ;
#6110 = CARTESIAN_POINT ( 'NONE',  ( 2.000000000000023981, -32.56274646641389836, 1.000000000000000888 ) ) ;
#6111 = CARTESIAN_POINT ( 'NONE',  ( 62.99999999999997158, -32.25134444885776475, -6.742325791223294118 ) ) ;
#6112 = DIRECTION ( 'NONE',  ( 1.000000000000000000, 0.000000000000000000, 0.000000000000000000 ) ) ;
#6113 = DIRECTION ( 'NONE',  ( 0.7071067811865573427, 0.000000000000000000, 0.7071067811865376918 ) ) ;
#6114 = EDGE_CURVE ( 'NONE', #5274, #3341, #820, .T. ) ;
#6115 = DIRECTION ( 'NONE',  ( 0.000000000000000000, 0.000000000000000000, 1.000000000000000000 ) ) ;
#6116 = ORIENTED_EDGE ( 'NONE', *, *, #1193, .T. ) ;
#6117 = ORIENTED_EDGE ( 'NONE', *, *, #1425, .T. ) ;
#6118 = ORIENTED_EDGE ( 'NONE', *, *, #1297, .T. ) ;
#6119 = CARTESIAN_POINT ( 'NONE',  ( -64.89999999999996305, -35.09363341178117679, 2.000000000000000000 ) ) ;
#6120 = CARTESIAN_POINT ( 'NONE',  ( 60.63078954500927864, 40.50000000000001421, 0.000000000000000000 ) ) ;
#6121 = CARTESIAN_POINT ( 'NONE',  ( 62.99999999999997158, -34.13078954500929285, 0.000000000000000000 ) ) ;
#6122 = B_SPLINE_CURVE_WITH_KNOTS ( 'NONE', 3,
 ( #6520, #3992, #4154, #5222 ),
 .UNSPECIFIED., .F., .F.,
 ( 4, 4 ),
 ( -0.0009426512253647829041, 0.002184079982300911413 ),
 .UNSPECIFIED. ) ;
#6123 = FACE_BOUND ( 'NONE', #5377, .T. ) ;
#6124 = ORIENTED_EDGE ( 'NONE', *, *, #2508, .T. ) ;
#6125 = EDGE_CURVE ( 'NONE', #5388, #1203, #1913, .T. ) ;
#6126 = DIRECTION ( 'NONE',  ( 1.000000000000000000, 0.000000000000000000, 0.000000000000000000 ) ) ;
#6127 = ADVANCED_FACE ( 'NONE', ( #1956 ), #6235, .T. ) ;
#6128 = CARTESIAN_POINT ( 'NONE',  ( 32.00000000000000000, 54.98575841387692265, 2.000000000000000000 ) ) ;
#6129 = LINE ( 'NONE', #1859, #7152 ) ;
#6130 = VERTEX_POINT ( 'NONE', #4409 ) ;
#6131 = AXIS2_PLACEMENT_3D ( 'NONE', #4073, #6486, #7156 ) ;
#6132 = ORIENTED_EDGE ( 'NONE', *, *, #1425, .F. ) ;
#6133 = DIRECTION ( 'NONE',  ( 0.4999999999999952816, 0.4999999999999903966, -0.7071067811865575647 ) ) ;
#6134 = EDGE_CURVE ( 'NONE', #4839, #2437, #7372, .T. ) ;
#6135 = CARTESIAN_POINT ( 'NONE',  ( 66.99999999999991473, -33.77278170635820942, -8.167106781186573627 ) ) ;
#6136 = B_SPLINE_CURVE_WITH_KNOTS ( 'NONE', 3,
 ( #4088, #5238, #7171, #1170 ),
 .UNSPECIFIED., .F., .F.,
 ( 4, 4 ),
 ( 0.0004277666603173131406, 0.0008467977387968508894 ),
 .UNSPECIFIED. ) ;
#6137 = DIRECTION ( 'NONE',  ( -0.000000000000000000, 0.000000000000000000, 1.000000000000000000 ) ) ;
#6138 = ADVANCED_FACE ( 'NONE', ( #4999 ), #6738, .F. ) ;
#6139 = CARTESIAN_POINT ( 'NONE',  ( 62.19999999999993889, 36.88341924626903534, -6.400000000000001243 ) ) ;
#6140 = VECTOR ( 'NONE', #5720, 1000.000000000000000 ) ;
#6141 = CARTESIAN_POINT ( 'NONE',  ( 65.50000000000000000, 40.50000000000001421, -2.000000000000000000 ) ) ;
#6142 = VERTEX_POINT ( 'NONE', #4327 ) ;
#6143 = ORIENTED_EDGE ( 'NONE', *, *, #7465, .F. ) ;
#6144 = CYLINDRICAL_SURFACE ( 'NONE', #619, 1.000000000000000888 ) ;
#6145 = DIRECTION ( 'NONE',  ( 0.000000000000000000, 0.7071067811865402453, -0.7071067811865547892 ) ) ;
#6146 = ADVANCED_FACE ( 'NONE', ( #6779 ), #3779, .T. ) ;
#6147 = B_SPLINE_CURVE_WITH_KNOTS ( 'NONE', 3,
 ( #7599, #4514, #6302, #2142, #1627, #6931, #889, #7681, #1003, #5705, #5742, #6453, #4475, #6375 ),
 .UNSPECIFIED., .F., .F.,
 ( 4, 2, 2, 2, 2, 2, 4 ),
 ( 0.000000000000000000, 0.0009136625828416076404, 0.001827325165683215281, 0.002284156457104020727, 0.002740987748524826174, 0.003197819039945631620, 0.003654650331366437067 ),
 .UNSPECIFIED. ) ;
#6148 = DIRECTION ( 'NONE',  ( 1.000000000000000000, 0.000000000000000000, 0.000000000000000000 ) ) ;
#6149 = AXIS2_PLACEMENT_3D ( 'NONE', #6664, #633, #1176 ) ;
#6150 = CARTESIAN_POINT ( 'NONE',  ( -67.89999999999994884, -40.28978583448780881, -6.400000000000001243 ) ) ;
#6151 = CARTESIAN_POINT ( 'NONE',  ( 12.99999999999999822, 47.98575841387692975, 2.000000000000000000 ) ) ;
#6152 = CARTESIAN_POINT ( 'NONE',  ( 64.89999999999996305, 35.09363341178117679, -6.400000000000001243 ) ) ;
#6153 = PLANE ( 'NONE',  #5662 ) ;
#6154 = CARTESIAN_POINT ( 'NONE',  ( -57.99999999999999289, 36.49999999999998579, -6.019890110719553711 ) ) ;
#6155 = ORIENTED_EDGE ( 'NONE', *, *, #4149, .F. ) ;
#6156 = AXIS2_PLACEMENT_3D ( 'NONE', #7283, #1867, #1240 ) ;
#6157 = ORIENTED_EDGE ( 'NONE', *, *, #950, .F. ) ;
#6158 = EDGE_LOOP ( 'NONE', ( #4134, #5378, #823, #7470, #2275 ) ) ;
#6159 = FACE_OUTER_BOUND ( 'NONE', #1233, .T. ) ;
#6160 = AXIS2_PLACEMENT_3D ( 'NONE', #1345, #5416, #3716 ) ;
#6161 = PLANE ( 'NONE',  #2114 ) ;
#6162 = EDGE_LOOP ( 'NONE', ( #1897, #2075, #2915, #5874, #2784 ) ) ;
#6163 = VECTOR ( 'NONE', #1987, 1000.000000000000000 ) ;
#6164 = CIRCLE ( 'NONE', #7034, 2.000000000000001776 ) ;
#6165 = ORIENTED_EDGE ( 'NONE', *, *, #521, .T. ) ;
#6166 = FACE_BOUND ( 'NONE', #4183, .T. ) ;
#6167 = EDGE_CURVE ( 'NONE', #2205, #2946, #5671, .T. ) ;
#6168 = CARTESIAN_POINT ( 'NONE',  ( -67.49999999999997158, 37.50000000000000000, 2.000000000000000000 ) ) ;
#6169 = ORIENTED_EDGE ( 'NONE', *, *, #5449, .F. ) ;
#6170 = EDGE_CURVE ( 'NONE', #2087, #6559, #7489, .T. ) ;
#6171 = AXIS2_PLACEMENT_3D ( 'NONE', #5168, #6392, #7578 ) ;
#6172 = AXIS2_PLACEMENT_3D ( 'NONE', #4342, #1697, #5299 ) ;
#6173 = DIRECTION ( 'NONE',  ( -0.000000000000000000, -0.000000000000000000, 1.000000000000000000 ) ) ;
#6174 = CARTESIAN_POINT ( 'NONE',  ( 27.99999999999999645, 50.98575841387691554, 0.9999999999999713562 ) ) ;
#6175 = CIRCLE ( 'NONE', #2757, 1.999999999999974021 ) ;
#6176 = DIRECTION ( 'NONE',  ( -1.000000000000000000, 0.000000000000000000, 0.000000000000000000 ) ) ;
#6177 = VERTEX_POINT ( 'NONE', #3259 ) ;
#6178 = ORIENTED_EDGE ( 'NONE', *, *, #3672, .T. ) ;
#6179 = DIRECTION ( 'NONE',  ( -0.000000000000000000, -0.000000000000000000, -1.000000000000000000 ) ) ;
#6180 = CARTESIAN_POINT ( 'NONE',  ( 66.99999999999992895, 34.13078954500929285, -8.385224927784184601 ) ) ;
#6181 = DIRECTION ( 'NONE',  ( -0.000000000000000000, -0.000000000000000000, -1.000000000000000000 ) ) ;
#6182 = CARTESIAN_POINT ( 'NONE',  ( 61.99999999999995026, -40.11658075373093624, -6.400000000000001243 ) ) ;
#6183 = CIRCLE ( 'NONE', #2764, 1.000000000000000888 ) ;
#6184 = CYLINDRICAL_SURFACE ( 'NONE', #354, 0.1999999999999987899 ) ;
#6185 = ADVANCED_FACE ( 'NONE', ( #3144 ), #228, .F. ) ;
#6186 = ORIENTED_EDGE ( 'NONE', *, *, #5689, .T. ) ;
#6187 = EDGE_LOOP ( 'NONE', ( #5703, #7416, #2910, #1831 ) ) ;
#6188 = EDGE_CURVE ( 'NONE', #1428, #4280, #3852, .T. ) ;
#6189 = CARTESIAN_POINT ( 'NONE',  ( -13.00000000000000178, 48.98575841387692265, 0.000000000000000000 ) ) ;
#6190 = DIRECTION ( 'NONE',  ( -1.000000000000000000, -6.938893903907222067E-15, 0.000000000000000000 ) ) ;
#6191 = CARTESIAN_POINT ( 'NONE',  ( 57.99090833947008150, 46.00000000000000000, 0.000000000000000000 ) ) ;
#6192 = CARTESIAN_POINT ( 'NONE',  ( -67.89999999999997726, 36.71021416551214855, 2.000000000000000000 ) ) ;
#6193 = CARTESIAN_POINT ( 'NONE',  ( 3.000000000000021316, -24.10119365360507260, 1.000000000000000888 ) ) ;
#6194 = CARTESIAN_POINT ( 'NONE',  ( 65.50000000000000000, -41.50000000000000000, 2.000000000000000000 ) ) ;
#6195 = FACE_OUTER_BOUND ( 'NONE', #6365, .T. ) ;
#6196 = CARTESIAN_POINT ( 'NONE',  ( 57.77846866785814939, -36.50000000000000000, -5.806882429712433513 ) ) ;
#6197 = EDGE_LOOP ( 'NONE', ( #5923, #1411, #7166, #1849 ) ) ;
#6198 = VECTOR ( 'NONE', #4294, 999.9999999999998863 ) ;
#6199 = ORIENTED_EDGE ( 'NONE', *, *, #5719, .F. ) ;
#6200 = ORIENTED_EDGE ( 'NONE', *, *, #2327, .T. ) ;
#6201 = DIRECTION ( 'NONE',  ( 0.000000000000000000, 0.000000000000000000, -1.000000000000000000 ) ) ;
#6202 = ORIENTED_EDGE ( 'NONE', *, *, #1779, .F. ) ;
#6203 = LINE ( 'NONE', #2009, #4894 ) ;
#6204 = ORIENTED_EDGE ( 'NONE', *, *, #537, .T. ) ;
#6205 = CIRCLE ( 'NONE', #5436, 3.999999999999996447 ) ;
#6206 = ORIENTED_EDGE ( 'NONE', *, *, #2019, .F. ) ;
#6207 = CARTESIAN_POINT ( 'NONE',  ( 1.962405932198763026E-14, -26.16274646641389268, 2.000000000000000000 ) ) ;
#6208 = LINE ( 'NONE', #3793, #3512 ) ;
#6209 = VERTEX_POINT ( 'NONE', #264 ) ;
#6210 = DIRECTION ( 'NONE',  ( 1.000000000000000000, 0.000000000000000000, 0.000000000000000000 ) ) ;
#6211 = DIRECTION ( 'NONE',  ( -0.000000000000000000, -0.000000000000000000, 1.000000000000000000 ) ) ;
#6212 = EDGE_CURVE ( 'NONE', #5027, #4488, #5042, .T. ) ;
#6213 = AXIS2_PLACEMENT_3D ( 'NONE', #3842, #7282, #687 ) ;
#6214 = DIRECTION ( 'NONE',  ( 1.000000000000000000, 0.000000000000000000, 0.000000000000000000 ) ) ;
#6215 = EDGE_LOOP ( 'NONE', ( #6143, #1317, #5664, #75 ) ) ;
#6216 = ORIENTED_EDGE ( 'NONE', *, *, #3985, .F. ) ;
#6217 = FACE_OUTER_BOUND ( 'NONE', #4505, .T. ) ;
#6218 = AXIS2_PLACEMENT_3D ( 'NONE', #3849, #6370, #6927 ) ;
#6219 = LINE ( 'NONE', #1431, #2301 ) ;
#6220 = FACE_OUTER_BOUND ( 'NONE', #4337, .T. ) ;
#6221 = CARTESIAN_POINT ( 'NONE',  ( 3.000000000000021316, -24.10119365360507260, 1.000000000000000888 ) ) ;
#6223 = EDGE_CURVE ( 'NONE', #4488, #6665, #6267, .T. ) ;
#6222 = AXIS2_PLACEMENT_3D ( 'NONE', #188, #2141, #3885 ) ;
#6224 = ORIENTED_EDGE ( 'NONE', *, *, #5880, .F. ) ;
#6225 = CIRCLE ( 'NONE', #7098, 4.299999999999998046 ) ;
#6226 = EDGE_LOOP ( 'NONE', ( #454, #2354, #6393, #1648 ) ) ;
#6227 = CARTESIAN_POINT ( 'NONE',  ( 60.63078954500927864, 41.50000000000001421, -8.459999999999991971 ) ) ;
#6228 = FACE_OUTER_BOUND ( 'NONE', #2797, .T. ) ;
#6229 = DIRECTION ( 'NONE',  ( -0.000000000000000000, 0.000000000000000000, 1.000000000000000000 ) ) ;
#6230 = DIRECTION ( 'NONE',  ( 0.000000000000000000, -1.000000000000000000, 0.000000000000000000 ) ) ;
#6231 = EDGE_CURVE ( 'NONE', #1711, #5027, #1342, .T. ) ;
#6232 = AXIS2_PLACEMENT_3D ( 'NONE', #4311, #6726, #6573 ) ;
#6233 = LINE ( 'NONE', #3921, #7228 ) ;
#6234 = VECTOR ( 'NONE', #2574, 1000.000000000000000 ) ;
#6235 = CYLINDRICAL_SURFACE ( 'NONE', #6514, 7.500000000000007105 ) ;
#6236 = ADVANCED_FACE ( 'NONE', ( #4921 ), #697, .F. ) ;
#6237 = CARTESIAN_POINT ( 'NONE',  ( 56.13742396373838517, -37.75721663443211895, -4.407387256988888780 ) ) ;
#6238 = ORIENTED_EDGE ( 'NONE', *, *, #7698, .F. ) ;
#6239 = ORIENTED_EDGE ( 'NONE', *, *, #1530, .T. ) ;
#6240 = VECTOR ( 'NONE', #3160, 1000.000000000000000 ) ;
#6241 = VERTEX_POINT ( 'NONE', #6152 ) ;
#6242 = CARTESIAN_POINT ( 'NONE',  ( 57.99999999999996447, 36.50000000000000711, -6.019890110719556375 ) ) ;
#6243 = EDGE_LOOP ( 'NONE', ( #4449, #3208, #5824, #5497 ) ) ;
#6244 = FACE_OUTER_BOUND ( 'NONE', #6243, .T. ) ;
#6245 = LINE ( 'NONE', #2116, #4082 ) ;
#6246 = EDGE_CURVE ( 'NONE', #2825, #5732, #7331, .T. ) ;
#6247 = DIRECTION ( 'NONE',  ( -0.8660254037844383745, -0.5000000000000004441, 0.000000000000000000 ) ) ;
#6248 = ORIENTED_EDGE ( 'NONE', *, *, #7748, .F. ) ;
#6249 = FACE_OUTER_BOUND ( 'NONE', #6356, .T. ) ;
#6250 = DIRECTION ( 'NONE',  ( 1.000000000000000000, 0.000000000000000000, 0.000000000000000000 ) ) ;
#6251 = DIRECTION ( 'NONE',  ( -0.000000000000000000, -0.000000000000000000, 1.000000000000000000 ) ) ;
#6252 = ORIENTED_EDGE ( 'NONE', *, *, #3271, .F. ) ;
#6253 = EDGE_LOOP ( 'NONE', ( #7567, #1097, #6782, #1568 ) ) ;
#6254 = CARTESIAN_POINT ( 'NONE',  ( 64.99999999999995737, 38.50000000000000711, 0.000000000000000000 ) ) ;
#6255 = DIRECTION ( 'NONE',  ( 1.000000000000000000, 0.000000000000000000, 0.000000000000000000 ) ) ;
#6256 = CARTESIAN_POINT ( 'NONE',  ( -28.00000000000000355, 49.98575841387692265, 0.000000000000000000 ) ) ;
#6257 = ORIENTED_EDGE ( 'NONE', *, *, #5161, .T. ) ;
#6258 = ORIENTED_EDGE ( 'NONE', *, *, #1868, .F. ) ;
#6259 = DIRECTION ( 'NONE',  ( 1.000000000000000000, 0.000000000000000000, 0.000000000000000000 ) ) ;
#6260 = CARTESIAN_POINT ( 'NONE',  ( -1.999999999999973133, -34.56274646641389836, 0.000000000000000000 ) ) ;
#6261 = EDGE_CURVE ( 'NONE', #1415, #4893, #5278, .T. ) ;
#6262 = DIRECTION ( 'NONE',  ( 0.000000000000000000, 0.000000000000000000, 1.000000000000000000 ) ) ;
#6263 = CYLINDRICAL_SURFACE ( 'NONE', #7342, 0.2000000000000057288 ) ;
#6264 = ADVANCED_FACE ( 'NONE', ( #5316 ), #2305, .F. ) ;
#6265 = VECTOR ( 'NONE', #4437, 1000.000000000000000 ) ;
#6266 = FACE_OUTER_BOUND ( 'NONE', #6325, .T. ) ;
#6267 = LINE ( 'NONE', #2661, #3110 ) ;
#6268 = CARTESIAN_POINT ( 'NONE',  ( 62.09999999999994458, -40.28978583448783013, -6.400000000000001243 ) ) ;
#6269 = DIRECTION ( 'NONE',  ( 1.000000000000000000, 0.000000000000000000, 0.000000000000000000 ) ) ;
#6270 = ORIENTED_EDGE ( 'NONE', *, *, #1626, .T. ) ;
#6271 = EDGE_CURVE ( 'NONE', #801, #1783, #3456, .T. ) ;
#6272 = VERTEX_POINT ( 'NONE', #7091 ) ;
#6273 = DIRECTION ( 'NONE',  ( -0.000000000000000000, -0.000000000000000000, -1.000000000000000000 ) ) ;
#6274 = VECTOR ( 'NONE', #4763, 1000.000000000000000 ) ;
#6275 = VERTEX_POINT ( 'NONE', #6583 ) ;
#6276 = CARTESIAN_POINT ( 'NONE',  ( 62.99999999999997158, -34.29415766288855849, -8.446140753706965043 ) ) ;
#6277 = AXIS2_PLACEMENT_3D ( 'NONE', #2954, #4133, #4221 ) ;
#6278 = ORIENTED_EDGE ( 'NONE', *, *, #2532, .T. ) ;
#6279 = EDGE_CURVE ( 'NONE', #6823, #2095, #7058, .T. ) ;
#6280 = CARTESIAN_POINT ( 'NONE',  ( -56.01797540494945338, -38.19308924980921205, -4.313952272138932287 ) ) ;
#6281 = ADVANCED_FACE ( 'NONE', ( #4601 ), #1053, .F. ) ;
#6282 = AXIS2_PLACEMENT_3D ( 'NONE', #1162, #4465, #1396 ) ;
#6283 = ORIENTED_EDGE ( 'NONE', *, *, #2838, .F. ) ;
#6284 = CARTESIAN_POINT ( 'NONE',  ( 67.79999999999995453, -40.11658075373095045, -6.400000000000001243 ) ) ;
#6285 = ADVANCED_FACE ( 'NONE', ( #7014 ), #462, .F. ) ;
#6286 = CYLINDRICAL_SURFACE ( 'NONE', #5535, 4.299999999999998046 ) ;
#6287 = AXIS2_PLACEMENT_3D ( 'NONE', #5947, #1759, #7127 ) ;
#6288 = EDGE_LOOP ( 'NONE', ( #7653, #1467, #2394, #2691 ) ) ;
#6289 = ORIENTED_EDGE ( 'NONE', *, *, #5405, .F. ) ;
#6290 = CARTESIAN_POINT ( 'NONE',  ( 60.63078954500927154, -40.49999999999999289, -2.000000000000000000 ) ) ;
#6291 = CARTESIAN_POINT ( 'NONE',  ( -58.00000000000002132, -40.49999999999991473, -6.019890110719648746 ) ) ;
#6292 = VECTOR ( 'NONE', #6145, 1000.000000000000000 ) ;
#6293 = CARTESIAN_POINT ( 'NONE',  ( -1.999999999999973133, -33.56274646641389836, -8.511675595743399825 ) ) ;
#6294 = ORIENTED_EDGE ( 'NONE', *, *, #152, .T. ) ;
#6295 = ORIENTED_EDGE ( 'NONE', *, *, #5243, .T. ) ;
#6296 = CARTESIAN_POINT ( 'NONE',  ( 3.111111111111132477, -27.76617643193186424, 2.000000000000000000 ) ) ;
#6297 = FACE_OUTER_BOUND ( 'NONE', #3673, .T. ) ;
#6298 = CARTESIAN_POINT ( 'NONE',  ( 8.000000000000000000, 54.98575841387692265, 0.000000000000000000 ) ) ;
#6299 = CARTESIAN_POINT ( 'NONE',  ( 64.99999999999994316, -35.26683849253809200, -6.400000000000001243 ) ) ;
#6300 = EDGE_LOOP ( 'NONE', ( #300, #3500, #5999, #5141, #7250, #3937, #7154, #7343, #1329, #7542, #4447, #6804 ) ) ;
#6301 = CARTESIAN_POINT ( 'NONE',  ( -61.99999999999995737, -40.23205080756885366, -6.400000000000001243 ) ) ;
#6302 = CARTESIAN_POINT ( 'NONE',  ( -57.55557915435356620, 36.53585087197031100, -5.601909020064788969 ) ) ;
#6303 = CARTESIAN_POINT ( 'NONE',  ( -55.99999999999998579, 38.49999999999998579, 0.000000000000000000 ) ) ;
#6304 = CARTESIAN_POINT ( 'NONE',  ( 64.99999999999995737, 41.73316150746190090, -6.400000000000001243 ) ) ;
#6305 = EDGE_CURVE ( 'NONE', #3093, #5074, #6014, .T. ) ;
#6306 = ORIENTED_EDGE ( 'NONE', *, *, #4136, .T. ) ;
#6307 = EDGE_CURVE ( 'NONE', #4318, #5611, #559, .T. ) ;
#6308 = B_SPLINE_CURVE_WITH_KNOTS ( 'NONE', 3,
 ( #1000, #3402, #6572, #1158 ),
 .UNSPECIFIED., .F., .F.,
 ( 4, 4 ),
 ( -0.0009426512253647586180, 0.002184079982300923123 ),
 .UNSPECIFIED. ) ;
#6309 = ORIENTED_EDGE ( 'NONE', *, *, #2734, .F. ) ;
#6310 = CARTESIAN_POINT ( 'NONE',  ( 57.99090833947008150, 46.00000000000000000, 0.9999999999999715783 ) ) ;
#6311 = ORIENTED_EDGE ( 'NONE', *, *, #2262, .T. ) ;
#6312 = CARTESIAN_POINT ( 'NONE',  ( 55.99090833947008150, 47.16642294966062821, 2.000000000000000000 ) ) ;
#6313 = CARTESIAN_POINT ( 'NONE',  ( -60.63078954500928575, -35.49999999999991473, -20.62223663640860494 ) ) ;
#6314 = ORIENTED_EDGE ( 'NONE', *, *, #3995, .F. ) ;
#6315 = EDGE_CURVE ( 'NONE', #6580, #2857, #2568, .T. ) ;
#6316 = CARTESIAN_POINT ( 'NONE',  ( -56.33933668837546804, -37.37707184476381173, -4.567650531059416430 ) ) ;
#6317 = CARTESIAN_POINT ( 'NONE',  ( 60.37709820724717247, -36.49999999999999289, -8.263178694298579430 ) ) ;
#6318 = VECTOR ( 'NONE', #894, 1000.000000000000000 ) ;
#6319 = ORIENTED_EDGE ( 'NONE', *, *, #1934, .T. ) ;
#6320 = EDGE_CURVE ( 'NONE', #4862, #6991, #2955, .T. ) ;
#6321 = DIRECTION ( 'NONE',  ( 0.000000000000000000, 0.000000000000000000, -1.000000000000000000 ) ) ;
#6322 = EDGE_CURVE ( 'NONE', #2041, #1468, #7175, .T. ) ;
#6323 = DIRECTION ( 'NONE',  ( 0.000000000000000000, 0.000000000000000000, -1.000000000000000000 ) ) ;
#6324 = ORIENTED_EDGE ( 'NONE', *, *, #4944, .T. ) ;
#6325 = EDGE_LOOP ( 'NONE', ( #4482, #141, #2994, #3866, #5060 ) ) ;
#6326 = EDGE_CURVE ( 'NONE', #3329, #2087, #5979, .T. ) ;
#6327 = CARTESIAN_POINT ( 'NONE',  ( 8.000000000000000000, 54.98575841387692265, 2.000000000000000000 ) ) ;
#6328 = CYLINDRICAL_SURFACE ( 'NONE', #5825, 3.999999999999996447 ) ;
#6329 = AXIS2_PLACEMENT_3D ( 'NONE', #4666, #7712, #1700 ) ;
#6330 = VERTEX_POINT ( 'NONE', #4092 ) ;
#6331 = VERTEX_POINT ( 'NONE', #2828 ) ;
#6332 = CARTESIAN_POINT ( 'NONE',  ( 65.50000000000000000, -48.00000000000000000, 2.000000000000000000 ) ) ;
#6333 = DIRECTION ( 'NONE',  ( 0.000000000000000000, -0.000000000000000000, -1.000000000000000000 ) ) ;
#6334 = AXIS2_PLACEMENT_3D ( 'NONE', #5545, #4397, #214 ) ;
#6335 = CARTESIAN_POINT ( 'NONE',  ( 62.99999999999998579, 34.13078954500929285, -8.459999999999991971 ) ) ;
#6336 = DIRECTION ( 'NONE',  ( 0.000000000000000000, -1.000000000000000000, 0.000000000000000000 ) ) ;
#6337 = DIRECTION ( 'NONE',  ( 0.000000000000000000, 0.000000000000000000, -1.000000000000000000 ) ) ;
#6338 = CARTESIAN_POINT ( 'NONE',  ( -62.00000000000000000, 40.23205080756886787, -6.400000000000001243 ) ) ;
#6339 = VECTOR ( 'NONE', #7119, 1000.000000000000227 ) ;
#6340 = DIRECTION ( 'NONE',  ( 1.000000000000000000, 0.000000000000000000, 0.000000000000000000 ) ) ;
#6341 = TOROIDAL_SURFACE ( 'NONE', #6843, 4.425786437626974212, 1.000000000000000000 ) ;
#6342 = ORIENTED_EDGE ( 'NONE', *, *, #6757, .F. ) ;
#6343 = ORIENTED_EDGE ( 'NONE', *, *, #2795, .T. ) ;
#6344 = DIRECTION ( 'NONE',  ( 1.000000000000000000, 0.000000000000000000, 0.000000000000000000 ) ) ;
#6345 = ORIENTED_EDGE ( 'NONE', *, *, #3087, .T. ) ;
#6346 = AXIS2_PLACEMENT_3D ( 'NONE', #1198, #3607, #3129 ) ;
#6347 = LINE ( 'NONE', #2746, #3501 ) ;
#6348 = CYLINDRICAL_SURFACE ( 'NONE', #5725, 1.000000000000000888 ) ;
#6349 = AXIS2_PLACEMENT_3D ( 'NONE', #1121, #3053, #7801 ) ;
#6350 = ADVANCED_FACE ( 'NONE', ( #6501 ), #4130, .T. ) ;
#6351 = AXIS2_PLACEMENT_3D ( 'NONE', #7348, #1936, #2152 ) ;
#6352 = ORIENTED_EDGE ( 'NONE', *, *, #4161, .T. ) ;
#6353 = VERTEX_POINT ( 'NONE', #6543 ) ;
#6354 = DIRECTION ( 'NONE',  ( 1.000000000000000000, 0.000000000000000000, 0.000000000000000000 ) ) ;
#6355 = DIRECTION ( 'NONE',  ( 0.000000000000000000, 0.000000000000000000, 1.000000000000000000 ) ) ;
#6356 = EDGE_LOOP ( 'NONE', ( #3629, #6278, #1529, #7721 ) ) ;
#6357 = AXIS2_PLACEMENT_3D ( 'NONE', #5911, #1716, #1675 ) ;
#6358 = LINE ( 'NONE', #5056, #4124 ) ;
#6359 = DIRECTION ( 'NONE',  ( 0.6285393610547096443, 0.3239417719358491099, -0.7071067811865473507 ) ) ;
#6360 = ADVANCED_FACE ( 'NONE', ( #2904 ), #5240, .F. ) ;
#6361 = VERTEX_POINT ( 'NONE', #2950 ) ;
#6362 = EDGE_LOOP ( 'NONE', ( #4121, #3689, #1647, #1776 ) ) ;
#6363 = FACE_OUTER_BOUND ( 'NONE', #2088, .T. ) ;
#6364 = CARTESIAN_POINT ( 'NONE',  ( 60.63078954500927154, -36.49999999999999289, -8.459999999999991971 ) ) ;
#6365 = EDGE_LOOP ( 'NONE', ( #2459, #5602, #6457, #3412, #1591, #5180, #1615, #6667, #3971, #6730 ) ) ;
#6366 = EDGE_CURVE ( 'NONE', #1241, #6688, #5357, .T. ) ;
#6367 = ORIENTED_EDGE ( 'NONE', *, *, #2330, .F. ) ;
#6368 = CARTESIAN_POINT ( 'NONE',  ( -57.99090833947008150, 45.00000000000000000, 0.9999999999999715783 ) ) ;
#6369 = FACE_BOUND ( 'NONE', #3209, .T. ) ;
#6370 = DIRECTION ( 'NONE',  ( -0.000000000000000000, -0.000000000000000000, -1.000000000000000000 ) ) ;
#6371 = EDGE_CURVE ( 'NONE', #7274, #5005, #2834, .T. ) ;
#6372 = CARTESIAN_POINT ( 'NONE',  ( 57.99999999999996447, 38.50000000000000711, 0.000000000000000000 ) ) ;
#6373 = CARTESIAN_POINT ( 'NONE',  ( 73.00000000000001421, -41.50000000000000000, 0.9999999999999713562 ) ) ;
#6374 = AXIS2_PLACEMENT_3D ( 'NONE', #584, #1210, #3656 ) ;
#6375 = CARTESIAN_POINT ( 'NONE',  ( -55.99999999999990763, 38.49999999999999289, -4.300000000000022915 ) ) ;
#6376 = CARTESIAN_POINT ( 'NONE',  ( 65.50000000000000000, 47.98575841387692975, 2.000000000000000000 ) ) ;
#6377 = ORIENTED_EDGE ( 'NONE', *, *, #5263, .T. ) ;
#6378 = EDGE_CURVE ( 'NONE', #7269, #3760, #1761, .T. ) ;
#6379 = EDGE_LOOP ( 'NONE', ( #2365, #6257, #3374, #4096, #4605, #2130, #89, #5466, #4401, #5025, #7683, #4058 ) ) ;
#6380 = DIRECTION ( 'NONE',  ( -0.000000000000000000, -0.000000000000000000, -1.000000000000000000 ) ) ;
#6381 = EDGE_LOOP ( 'NONE', ( #3686, #2020, #6589, #1487 ) ) ;
#6382 = VECTOR ( 'NONE', #329, 1000.000000000000000 ) ;
#6383 = FACE_OUTER_BOUND ( 'NONE', #1691, .T. ) ;
#6384 = CARTESIAN_POINT ( 'NONE',  ( 62.99999999999997158, -34.13078954500929285, -8.385224927784188154 ) ) ;
#6385 = DIRECTION ( 'NONE',  ( -0.000000000000000000, -0.000000000000000000, -1.000000000000000000 ) ) ;
#6386 = ORIENTED_EDGE ( 'NONE', *, *, #5243, .F. ) ;
#6387 = AXIS2_PLACEMENT_3D ( 'NONE', #3422, #5842, #760 ) ;
#6388 = AXIS2_PLACEMENT_3D ( 'NONE', #5872, #1173, #3583 ) ;
#6389 = ORIENTED_EDGE ( 'NONE', *, *, #5294, .F. ) ;
#6390 = CARTESIAN_POINT ( 'NONE',  ( -66.99999999999995737, 31.49999999999997868, 0.000000000000000000 ) ) ;
#6391 = EDGE_CURVE ( 'NONE', #2157, #1963, #5204, .T. ) ;
#6392 = DIRECTION ( 'NONE',  ( -0.000000000000000000, -0.000000000000000000, -1.000000000000000000 ) ) ;
#6393 = ORIENTED_EDGE ( 'NONE', *, *, #4074, .F. ) ;
#6394 = CIRCLE ( 'NONE', #93, 7.500000000000007105 ) ;
#6395 = CARTESIAN_POINT ( 'NONE',  ( -63.00000000000000000, -34.13078954500923601, -8.459999999999991971 ) ) ;
#6396 = EDGE_CURVE ( 'NONE', #4856, #561, #2507, .T. ) ;
#6397 = DIRECTION ( 'NONE',  ( 1.000000000000000000, 0.000000000000000000, 0.000000000000000000 ) ) ;
#6398 = AXIS2_PLACEMENT_3D ( 'NONE', #1315, #217, #2575 ) ;
#6399 = EDGE_CURVE ( 'NONE', #1295, #928, #4880, .T. ) ;
#6400 = VERTEX_POINT ( 'NONE', #3622 ) ;
#6401 = ORIENTED_EDGE ( 'NONE', *, *, #7603, .T. ) ;
#6402 = LINE ( 'NONE', #2724, #5844 ) ;
#6403 = CARTESIAN_POINT ( 'NONE',  ( 64.89999999999997726, -41.90636658821878768, 2.000000000000000000 ) ) ;
#6404 = VECTOR ( 'NONE', #6623, 1000.000000000000000 ) ;
#6405 = FACE_OUTER_BOUND ( 'NONE', #7133, .T. ) ;
#6406 = CIRCLE ( 'NONE', #1741, 0.1999999999999987899 ) ;
#6407 = ORIENTED_EDGE ( 'NONE', *, *, #6396, .F. ) ;
#6408 = VERTEX_POINT ( 'NONE', #6625 ) ;
#6409 = CARTESIAN_POINT ( 'NONE',  ( 61.11897591464003909, -36.37273940469462019, -8.459999999999991971 ) ) ;
#6410 = DIRECTION ( 'NONE',  ( -0.000000000000000000, -0.000000000000000000, 1.000000000000000000 ) ) ;
#6411 = DIRECTION ( 'NONE',  ( 1.000000000000000000, 0.000000000000000000, 0.000000000000000000 ) ) ;
#6412 = DIRECTION ( 'NONE',  ( 0.000000000000000000, 0.000000000000000000, 1.000000000000000000 ) ) ;
#6413 = AXIS2_PLACEMENT_3D ( 'NONE', #5957, #6043, #639 ) ;
#6414 = CARTESIAN_POINT ( 'NONE',  ( -66.99999999999994316, -34.13078954500927154, -8.385224927784188154 ) ) ;
#6415 = AXIS2_PLACEMENT_3D ( 'NONE', #2370, #482, #2925 ) ;
#6416 = CIRCLE ( 'NONE', #2126, 4.299999999999998046 ) ;
#6417 = EDGE_CURVE ( 'NONE', #3856, #4822, #6072, .T. ) ;
#6418 = CARTESIAN_POINT ( 'NONE',  ( -65.14959029205209617, -29.49972711092086186, -4.299787752878621916 ) ) ;
#6419 = CYLINDRICAL_SURFACE ( 'NONE', #4756, 1.000000000000000000 ) ;
#6420 = ADVANCED_FACE ( 'NONE', ( #7330 ), #2390, .F. ) ;
#6421 = ORIENTED_EDGE ( 'NONE', *, *, #253, .T. ) ;
#6422 = VERTEX_POINT ( 'NONE', #4920 ) ;
#6423 = CARTESIAN_POINT ( 'NONE',  ( -13.00000000000000178, 47.98575841387692975, 2.000000000000000000 ) ) ;
#6424 = DIRECTION ( 'NONE',  ( -1.000000000000000000, 0.000000000000000000, 0.000000000000000000 ) ) ;
#6425 = VERTEX_POINT ( 'NONE', #6034 ) ;
#6426 = CARTESIAN_POINT ( 'NONE',  ( -13.00000000000000178, 49.98575841387692265, 2.000000000000000000 ) ) ;
#6427 = LINE ( 'NONE', #386, #936 ) ;
#6428 = DIRECTION ( 'NONE',  ( -0.000000000000000000, -0.000000000000000000, 1.000000000000000000 ) ) ;
#6429 = EDGE_CURVE ( 'NONE', #1123, #833, #600, .T. ) ;
#6430 = DIRECTION ( 'NONE',  ( -0.000000000000000000, -0.000000000000000000, 1.000000000000000000 ) ) ;
#6431 = ORIENTED_EDGE ( 'NONE', *, *, #3470, .T. ) ;
#6432 = EDGE_LOOP ( 'NONE', ( #2611, #1207, #1194, #5308 ) ) ;
#6433 = LINE ( 'NONE', #1643, #6066 ) ;
#6434 = CARTESIAN_POINT ( 'NONE',  ( 49.17157287525380838, 54.98575841387691554, 0.000000000000000000 ) ) ;
#6435 = EDGE_LOOP ( 'NONE', ( #5746, #7528, #3336, #1254 ) ) ;
#6436 = B_SPLINE_CURVE_WITH_KNOTS ( 'NONE', 3,
 ( #3013, #2490, #7314, #1898 ),
 .UNSPECIFIED., .F., .F.,
 ( 4, 4 ),
 ( 0.000000000000000000, 0.003126612814703718952 ),
 .UNSPECIFIED. ) ;
#6437 = FACE_OUTER_BOUND ( 'NONE', #7153, .T. ) ;
#6438 = AXIS2_PLACEMENT_3D ( 'NONE', #1219, #7184, #6632 ) ;
#6439 = ORIENTED_EDGE ( 'NONE', *, *, #908, .T. ) ;
#6440 = VERTEX_POINT ( 'NONE', #6737 ) ;
#6441 = EDGE_CURVE ( 'NONE', #4432, #399, #3063, .T. ) ;
#6442 = CARTESIAN_POINT ( 'NONE',  ( 60.63078954500928575, 40.50000000000001421, -8.385224927784193483 ) ) ;
#6443 = B_SPLINE_CURVE_WITH_KNOTS ( 'NONE', 3,
 ( #3667, #1887, #669, #3742 ),
 .UNSPECIFIED., .F., .F.,
 ( 4, 4 ),
 ( -0.0009426512253647664243, 0.002184079982300910546 ),
 .UNSPECIFIED. ) ;
#6444 = CARTESIAN_POINT ( 'NONE',  ( -67.49999999999997158, 37.50000000000000000, 0.000000000000000000 ) ) ;
#6445 = CARTESIAN_POINT ( 'NONE',  ( 62.19999999999995310, -40.11658075373093624, 2.000000000000000000 ) ) ;
#6446 = ORIENTED_EDGE ( 'NONE', *, *, #1777, .T. ) ;
#6447 = ORIENTED_EDGE ( 'NONE', *, *, #6663, .T. ) ;
#6448 = CARTESIAN_POINT ( 'NONE',  ( -3.499999999999978240, -26.16274646641389268, 1.000000000000000888 ) ) ;
#6449 = DIRECTION ( 'NONE',  ( -0.000000000000000000, -0.000000000000000000, 1.000000000000000000 ) ) ;
#6450 = DIRECTION ( 'NONE',  ( -0.000000000000000000, -0.000000000000000000, 1.000000000000000000 ) ) ;
#6451 = FACE_OUTER_BOUND ( 'NONE', #6087, .T. ) ;
#6452 = DIRECTION ( 'NONE',  ( -1.000000000000000000, 0.000000000000000000, 0.000000000000000000 ) ) ;
#6453 = CARTESIAN_POINT ( 'NONE',  ( -56.01741666439220779, 38.19585656438657395, -4.313516307508237446 ) ) ;
#6454 = CARTESIAN_POINT ( 'NONE',  ( 67.89999999999996305, -36.71021416551216277, -6.400000000000001243 ) ) ;
#6455 = ORIENTED_EDGE ( 'NONE', *, *, #3771, .T. ) ;
#6456 = AXIS2_PLACEMENT_3D ( 'NONE', #1395, #841, #3212 ) ;
#6457 = ORIENTED_EDGE ( 'NONE', *, *, #7412, .T. ) ;
#6458 = DIRECTION ( 'NONE',  ( 1.000000000000000000, -2.775557561562888827E-14, 0.000000000000000000 ) ) ;
#6459 = DIRECTION ( 'NONE',  ( 0.000000000000000000, 0.000000000000000000, -1.000000000000000000 ) ) ;
#6460 = EDGE_CURVE ( 'NONE', #4244, #2087, #1211, .T. ) ;
#6461 = ORIENTED_EDGE ( 'NONE', *, *, #2117, .F. ) ;
#6462 = DIRECTION ( 'NONE',  ( -1.000000000000000000, 0.000000000000000000, 0.000000000000000000 ) ) ;
#6463 = CARTESIAN_POINT ( 'NONE',  ( -62.56603773584903649, -34.95516887613955959, 0.000000000000000000 ) ) ;
#6464 = DIRECTION ( 'NONE',  ( 0.000000000000000000, 0.000000000000000000, -1.000000000000000000 ) ) ;
#6465 = ADVANCED_FACE ( 'NONE', ( #5554 ), #30, .F. ) ;
#6466 = VECTOR ( 'NONE', #1699, 1000.000000000000000 ) ;
#6467 = FACE_OUTER_BOUND ( 'NONE', #6158, .T. ) ;
#6468 = ORIENTED_EDGE ( 'NONE', *, *, #1152, .T. ) ;
#6469 = CONICAL_SURFACE ( 'NONE', #43, 3.000000000000002665, 0.7853981633974346233 ) ;
#6470 = ORIENTED_EDGE ( 'NONE', *, *, #112, .F. ) ;
#6471 = CARTESIAN_POINT ( 'NONE',  ( 3.000000000000019984, -19.76274646641390476, -8.511675595743399825 ) ) ;
#6472 = EDGE_CURVE ( 'NONE', #550, #4686, #5474, .T. ) ;
#6473 = DIRECTION ( 'NONE',  ( 1.000000000000000000, 0.000000000000000000, 0.000000000000000000 ) ) ;
#6474 = VERTEX_POINT ( 'NONE', #1878 ) ;
#6475 = EDGE_CURVE ( 'NONE', #4645, #6408, #7461, .T. ) ;
#6476 = VECTOR ( 'NONE', #177, 1000.000000000000000 ) ;
#6477 = DIRECTION ( 'NONE',  ( 1.000000000000000000, 0.000000000000000000, 0.000000000000000000 ) ) ;
#6478 = ORIENTED_EDGE ( 'NONE', *, *, #1811, .T. ) ;
#6479 = EDGE_LOOP ( 'NONE', ( #4331, #1642, #7290, #6970 ) ) ;
#6480 = DIRECTION ( 'NONE',  ( -0.000000000000000000, 0.000000000000000000, -1.000000000000000000 ) ) ;
#6481 = CARTESIAN_POINT ( 'NONE',  ( -12.00000000000000000, 49.98575841387692265, 2.000000000000000000 ) ) ;
#6482 = DIRECTION ( 'NONE',  ( 0.000000000000000000, 1.000000000000000000, 0.000000000000000000 ) ) ;
#6483 = ORIENTED_EDGE ( 'NONE', *, *, #5792, .T. ) ;
#6484 = ORIENTED_EDGE ( 'NONE', *, *, #4317, .T. ) ;
#6485 = CARTESIAN_POINT ( 'NONE',  ( 66.96421699456480781, -31.05601555326384755, -5.602310371782507126 ) ) ;
#6486 = DIRECTION ( 'NONE',  ( -0.000000000000000000, -0.000000000000000000, -1.000000000000000000 ) ) ;
#6487 = EDGE_CURVE ( 'NONE', #5520, #2073, #5327, .T. ) ;
#6488 = DIRECTION ( 'NONE',  ( 1.000000000000000000, 0.000000000000000000, 0.000000000000000000 ) ) ;
#6489 = LINE ( 'NONE', #411, #3929 ) ;
#6490 = DIRECTION ( 'NONE',  ( 0.8660254037844384856, 0.5000000000000002220, 0.000000000000000000 ) ) ;
#6491 = CARTESIAN_POINT ( 'NONE',  ( -3.999999999999976019, -19.76274646641391186, 0.000000000000000000 ) ) ;
#6492 = DIRECTION ( 'NONE',  ( -0.8660254037844383745, -0.5000000000000004441, 0.000000000000000000 ) ) ;
#6493 = ORIENTED_EDGE ( 'NONE', *, *, #1949, .F. ) ;
#6494 = EDGE_CURVE ( 'NONE', #5388, #1690, #5013, .T. ) ;
#6495 = VERTEX_POINT ( 'NONE', #736 ) ;
#6496 = CARTESIAN_POINT ( 'NONE',  ( -56.99090833947008150, 47.16642294966062821, 2.000000000000000000 ) ) ;
#6497 = DIRECTION ( 'NONE',  ( -0.000000000000000000, -1.000000000000000000, -0.000000000000000000 ) ) ;
#6498 = EDGE_LOOP ( 'NONE', ( #3976, #2079, #2836, #1733 ) ) ;
#6499 = CARTESIAN_POINT ( 'NONE',  ( 64.99999999999995737, 38.50000000000000711, -8.459999999999991971 ) ) ;
#6500 = FACE_OUTER_BOUND ( 'NONE', #3551, .T. ) ;
#6501 = FACE_OUTER_BOUND ( 'NONE', #7327, .T. ) ;
#6502 = CARTESIAN_POINT ( 'NONE',  ( 64.99999999999995737, 38.50000000000000711, -8.459999999999991971 ) ) ;
#6503 = ORIENTED_EDGE ( 'NONE', *, *, #1012, .T. ) ;
#6504 = VERTEX_POINT ( 'NONE', #3695 ) ;
#6505 = CARTESIAN_POINT ( 'NONE',  ( 64.99999999999997158, 38.50000000000002842, -6.400000000000001243 ) ) ;
#6506 = DIRECTION ( 'NONE',  ( 1.000000000000000000, 0.000000000000000000, 0.000000000000000000 ) ) ;
#6507 = ORIENTED_EDGE ( 'NONE', *, *, #5022, .F. ) ;
#6508 = AXIS2_PLACEMENT_3D ( 'NONE', #5208, #3307, #7540 ) ;
#6509 = VECTOR ( 'NONE', #2035, 1000.000000000000000 ) ;
#6510 = EDGE_CURVE ( 'NONE', #5620, #4690, #4217, .T. ) ;
#6511 = EDGE_CURVE ( 'NONE', #1711, #2073, #7215, .T. ) ;
#6512 = CARTESIAN_POINT ( 'NONE',  ( -65.30737169817793131, 29.51792459747967001, -4.313911490792791348 ) ) ;
#6513 = ORIENTED_EDGE ( 'NONE', *, *, #874, .F. ) ;
#6514 = AXIS2_PLACEMENT_3D ( 'NONE', #7452, #150, #4364 ) ;
#6515 = VERTEX_POINT ( 'NONE', #333 ) ;
#6516 = LINE ( 'NONE', #3516, #3579 ) ;
#6517 = EDGE_CURVE ( 'NONE', #3532, #4019, #6233, .T. ) ;
#6518 = FACE_OUTER_BOUND ( 'NONE', #5906, .T. ) ;
#6519 = CONICAL_SURFACE ( 'NONE', #1225, 11.30000000000012328, 0.7853981633974533860 ) ;
#6520 = CARTESIAN_POINT ( 'NONE',  ( 60.27278170635818810, -36.49999999999999289, -8.167106781186575404 ) ) ;
#6521 = AXIS2_PLACEMENT_3D ( 'NONE', #1587, #5819, #2777 ) ;
#6522 = ORIENTED_EDGE ( 'NONE', *, *, #2677, .T. ) ;
#6523 = AXIS2_PLACEMENT_3D ( 'NONE', #7292, #4216, #2505 ) ;
#6524 = ORIENTED_EDGE ( 'NONE', *, *, #707, .F. ) ;
#6525 = CARTESIAN_POINT ( 'NONE',  ( 0.000000000000000000, -18.76274646641389765, 1.000000000000000888 ) ) ;
#6526 = CARTESIAN_POINT ( 'NONE',  ( -61.45516887613962353, 40.93396226415093508, -8.459999999999991971 ) ) ;
#6527 = CARTESIAN_POINT ( 'NONE',  ( 64.99999999999995737, -38.49999999999999289, -8.459999999999991971 ) ) ;
#6528 = VECTOR ( 'NONE', #4207, 1000.000000000000000 ) ;
#6529 = FACE_OUTER_BOUND ( 'NONE', #3941, .T. ) ;
#6530 = DIRECTION ( 'NONE',  ( 0.000000000000000000, 0.000000000000000000, 1.000000000000000000 ) ) ;
#6531 = CARTESIAN_POINT ( 'NONE',  ( -66.99999999999995737, -31.27826502318828261, -5.806686620485545625 ) ) ;
#6532 = VECTOR ( 'NONE', #5830, 1000.000000000000227 ) ;
#6533 = LINE ( 'NONE', #3649, #6654 ) ;
#6534 = VERTEX_POINT ( 'NONE', #7522 ) ;
#6535 = ORIENTED_EDGE ( 'NONE', *, *, #2112, .T. ) ;
#6536 = LINE ( 'NONE', #1795, #144 ) ;
#6537 = DIRECTION ( 'NONE',  ( 0.000000000000000000, 0.000000000000000000, 1.000000000000000000 ) ) ;
#6538 = VERTEX_POINT ( 'NONE', #5704 ) ;
#6539 = AXIS2_PLACEMENT_3D ( 'NONE', #4057, #2357, #6506 ) ;
#6540 = FACE_OUTER_BOUND ( 'NONE', #6187, .T. ) ;
#6541 = CIRCLE ( 'NONE', #2371, 5.132893218813508796 ) ;
#6542 = CARTESIAN_POINT ( 'NONE',  ( 62.99999999999997158, -41.50000000000000000, 0.000000000000000000 ) ) ;
#6543 = CARTESIAN_POINT ( 'NONE',  ( 57.99999999999995026, -36.49999999999999289, 0.000000000000000000 ) ) ;
#6544 = FACE_OUTER_BOUND ( 'NONE', #3069, .T. ) ;
#6545 = ADVANCED_FACE ( 'NONE', ( #6266 ), #5670, .T. ) ;
#6546 = CIRCLE ( 'NONE', #748, 0.1999999999999987899 ) ;
#6547 = DIRECTION ( 'NONE',  ( 0.6285393610547092003, -0.3239417719358492209, 0.7071067811865476838 ) ) ;
#6548 = ADVANCED_FACE ( 'NONE', ( #1477 ), #2660, .F. ) ;
#6549 = ORIENTED_EDGE ( 'NONE', *, *, #5973, .F. ) ;
#6550 = ORIENTED_EDGE ( 'NONE', *, *, #1202, .T. ) ;
#6551 = AXIS2_PLACEMENT_3D ( 'NONE', #1677, #1175, #7692 ) ;
#6552 = ORIENTED_EDGE ( 'NONE', *, *, #7476, .F. ) ;
#6553 = CARTESIAN_POINT ( 'NONE',  ( 56.50812668709959041, 39.83899900108153957, -4.704022379819865485 ) ) ;
#6554 = DIRECTION ( 'NONE',  ( -0.000000000000000000, -0.000000000000000000, -1.000000000000000000 ) ) ;
#6555 = ORIENTED_EDGE ( 'NONE', *, *, #2648, .F. ) ;
#6556 = EDGE_CURVE ( 'NONE', #2759, #6785, #2103, .T. ) ;
#6557 = CARTESIAN_POINT ( 'NONE',  ( -62.56603773584905070, 34.95516887613961643, 0.000000000000000000 ) ) ;
#6558 = ORIENTED_EDGE ( 'NONE', *, *, #5400, .T. ) ;
#6559 = VERTEX_POINT ( 'NONE', #6930 ) ;
#6560 = EDGE_CURVE ( 'NONE', #1277, #7685, #1922, .T. ) ;
#6561 = DIRECTION ( 'NONE',  ( 1.000000000000000000, 0.000000000000000000, 0.000000000000000000 ) ) ;
#6562 = EDGE_CURVE ( 'NONE', #381, #1757, #3330, .T. ) ;
#6563 = CARTESIAN_POINT ( 'NONE',  ( -67.79999999999996874, 40.11658075373094334, 2.000000000000000000 ) ) ;
#6564 = CIRCLE ( 'NONE', #7318, 4.299999999999998046 ) ;
#6565 = CARTESIAN_POINT ( 'NONE',  ( -66.99999999999994316, -33.77278170635814547, -8.167106781186543429 ) ) ;
#6566 = ORIENTED_EDGE ( 'NONE', *, *, #2014, .F. ) ;
#6567 = ORIENTED_EDGE ( 'NONE', *, *, #3173, .T. ) ;
#6568 = CYLINDRICAL_SURFACE ( 'NONE', #5149, 1.000000000000000888 ) ;
#6569 = DIRECTION ( 'NONE',  ( -0.000000000000000000, -0.000000000000000000, 1.000000000000000000 ) ) ;
#6570 = EDGE_CURVE ( 'NONE', #579, #5562, #2927, .T. ) ;
#6571 = CARTESIAN_POINT ( 'NONE',  ( 51.29289321881343966, 53.10707875743654682, 2.000000000000000000 ) ) ;
#6572 = CARTESIAN_POINT ( 'NONE',  ( 58.75130018433430479, 40.50000000000001421, -6.742283229823978097 ) ) ;
#6573 = DIRECTION ( 'NONE',  ( -1.000000000000000000, 0.000000000000000000, 0.000000000000000000 ) ) ;
#6574 = CARTESIAN_POINT ( 'NONE',  ( -63.00000000000001421, 31.49999999999997868, -2.000000000000000000 ) ) ;
#6575 = CARTESIAN_POINT ( 'NONE',  ( 63.34999999999995879, -38.49999999999999289, -8.459999999999991971 ) ) ;
#6576 = ORIENTED_EDGE ( 'NONE', *, *, #1574, .F. ) ;
#6577 = ORIENTED_EDGE ( 'NONE', *, *, #6791, .F. ) ;
#6578 = DIRECTION ( 'NONE',  ( 1.000000000000000000, 0.000000000000000000, 0.000000000000000000 ) ) ;
#6579 = CARTESIAN_POINT ( 'NONE',  ( 1.962405932198763026E-14, -26.16274646641389268, 0.000000000000000000 ) ) ;
#6580 = VERTEX_POINT ( 'NONE', #2624 ) ;
#6581 = DIRECTION ( 'NONE',  ( -0.000000000000000000, -0.000000000000000000, 1.000000000000000000 ) ) ;
#6582 = CARTESIAN_POINT ( 'NONE',  ( -67.89999999999994884, -36.71021416551212013, -6.400000000000001243 ) ) ;
#6583 = CARTESIAN_POINT ( 'NONE',  ( -8.000000000000000000, 54.98575841387692265, 0.000000000000000000 ) ) ;
#6584 = DIRECTION ( 'NONE',  ( -0.8660254037844384856, -0.5000000000000002220, 0.000000000000000000 ) ) ;
#6585 = DIRECTION ( 'NONE',  ( -0.000000000000000000, -0.000000000000000000, -1.000000000000000000 ) ) ;
#6586 = LINE ( 'NONE', #699, #7146 ) ;
#6587 = VERTEX_POINT ( 'NONE', #6819 ) ;
#6588 = ORIENTED_EDGE ( 'NONE', *, *, #5699, .F. ) ;
#6589 = ORIENTED_EDGE ( 'NONE', *, *, #5161, .F. ) ;
#6590 = DIRECTION ( 'NONE',  ( -0.8660254037844380415, 0.5000000000000013323, 0.000000000000000000 ) ) ;
#6591 = DIRECTION ( 'NONE',  ( -0.000000000000000000, -0.000000000000000000, 1.000000000000000000 ) ) ;
#6592 = VERTEX_POINT ( 'NONE', #6193 ) ;
#6593 = CONICAL_SURFACE ( 'NONE', #3682, 4.500000000000000000, 0.7853981633974487231 ) ;
#6594 = VECTOR ( 'NONE', #2735, 1000.000000000000000 ) ;
#6595 = AXIS2_PLACEMENT_3D ( 'NONE', #4589, #1623, #6411 ) ;
#6596 = CARTESIAN_POINT ( 'NONE',  ( -63.00000000000002842, 31.27826502318833946, -5.806686620485589145 ) ) ;
#6597 = EDGE_CURVE ( 'NONE', #1347, #257, #5837, .T. ) ;
#6598 = ORIENTED_EDGE ( 'NONE', *, *, #6, .F. ) ;
#6600 = EDGE_CURVE ( 'NONE', #7362, #4211, #2048, .T. ) ;
#6599 = CIRCLE ( 'NONE', #2174, 3.499999999999997780 ) ;
#6601 = CARTESIAN_POINT ( 'NONE',  ( -61.11897591464007462, 36.37273940469461309, -8.459999999999991971 ) ) ;
#6602 = DIRECTION ( 'NONE',  ( -1.000000000000000000, 0.000000000000000000, 0.000000000000000000 ) ) ;
#6603 = EDGE_CURVE ( 'NONE', #3916, #4886, #4823, .T. ) ;
#6604 = CIRCLE ( 'NONE', #3709, 0.2000000000000057288 ) ;
#6605 = FACE_OUTER_BOUND ( 'NONE', #3105, .T. ) ;
#6606 = ORIENTED_EDGE ( 'NONE', *, *, #6030, .T. ) ;
#6607 = VECTOR ( 'NONE', #6336, 1000.000000000000000 ) ;
#6608 = ORIENTED_EDGE ( 'NONE', *, *, #5425, .F. ) ;
#6609 = CARTESIAN_POINT ( 'NONE',  ( 66.00303076326483165, -29.76366883718445422, -4.507325027676810869 ) ) ;
#6610 = CARTESIAN_POINT ( 'NONE',  ( -63.00000000000000000, 34.13078954500929285, -8.385224927784188154 ) ) ;
#6611 = VECTOR ( 'NONE', #4485, 1000.000000000000114 ) ;
#6612 = FACE_OUTER_BOUND ( 'NONE', #7506, .T. ) ;
#6613 = DIRECTION ( 'NONE',  ( 0.000000000000000000, 1.000000000000000000, 0.000000000000000000 ) ) ;
#6614 = CARTESIAN_POINT ( 'NONE',  ( 3.000000000000014655, 8.131516293641333545E-16, -8.511675595743399825 ) ) ;
#6615 = CARTESIAN_POINT ( 'NONE',  ( 56.99090833947008150, 46.00000000000000000, 0.9999999999999713562 ) ) ;
#6616 = ADVANCED_FACE ( 'NONE', ( #6857 ), #1996, .F. ) ;
#6617 = ORIENTED_EDGE ( 'NONE', *, *, #1400, .T. ) ;
#6618 = ORIENTED_EDGE ( 'NONE', *, *, #6683, .T. ) ;
#6619 = EDGE_CURVE ( 'NONE', #2977, #1482, #4548, .T. ) ;
#6620 = LINE ( 'NONE', #7287, #4540 ) ;
#6621 = DIRECTION ( 'NONE',  ( -1.000000000000000000, 0.000000000000000000, 0.000000000000000000 ) ) ;
#6622 = ORIENTED_EDGE ( 'NONE', *, *, #7192, .T. ) ;
#6623 = DIRECTION ( 'NONE',  ( 0.7071067811865352493, 0.000000000000000000, 0.7071067811865597852 ) ) ;
#6624 = DIRECTION ( 'NONE',  ( 0.000000000000000000, 0.000000000000000000, -1.000000000000000000 ) ) ;
#6625 = CARTESIAN_POINT ( 'NONE',  ( 60.27278170635815968, 36.50000000000001421, -8.167106781186545206 ) ) ;
#6626 = PLANE ( 'NONE',  #5640 ) ;
#6627 = DIRECTION ( 'NONE',  ( -1.000000000000000000, 0.000000000000000000, 0.000000000000000000 ) ) ;
#6628 = FACE_OUTER_BOUND ( 'NONE', #2811, .T. ) ;
#6629 = ADVANCED_FACE ( 'NONE', ( #3778 ), #5075, .F. ) ;
#6630 = ORIENTED_EDGE ( 'NONE', *, *, #6898, .F. ) ;
#6631 = EDGE_LOOP ( 'NONE', ( #7198, #6478, #4701, #5972 ) ) ;
#6632 = DIRECTION ( 'NONE',  ( -1.000000000000000000, 0.000000000000000000, 0.000000000000000000 ) ) ;
#6633 = PLANE ( 'NONE',  #5781 ) ;
#6634 = CARTESIAN_POINT ( 'NONE',  ( 32.00000000000000000, 50.98575841387691554, 2.000000000000000000 ) ) ;
#6635 = VECTOR ( 'NONE', #4800, 1000.000000000000000 ) ;
#6636 = LINE ( 'NONE', #1851, #3784 ) ;
#6637 = ORIENTED_EDGE ( 'NONE', *, *, #6084, .T. ) ;
#6638 = FACE_OUTER_BOUND ( 'NONE', #2783, .T. ) ;
#6639 = LINE ( 'NONE', #4231, #6959 ) ;
#6640 = EDGE_CURVE ( 'NONE', #7796, #3783, #3183, .T. ) ;
#6641 = EDGE_CURVE ( 'NONE', #3449, #4223, #3037, .T. ) ;
#6642 = DIRECTION ( 'NONE',  ( -1.000000000000000000, 0.000000000000000000, 0.000000000000000000 ) ) ;
#6643 = AXIS2_PLACEMENT_3D ( 'NONE', #6194, #6820, #3817 ) ;
#6644 = ORIENTED_EDGE ( 'NONE', *, *, #160, .T. ) ;
#6645 = ORIENTED_EDGE ( 'NONE', *, *, #7022, .T. ) ;
#6646 = DIRECTION ( 'NONE',  ( 1.000000000000000000, -4.040919229890095739E-16, 0.000000000000000000 ) ) ;
#6647 = CARTESIAN_POINT ( 'NONE',  ( 64.89999999999997726, -41.90636658821878768, -6.400000000000001243 ) ) ;
#6648 = CARTESIAN_POINT ( 'NONE',  ( 1.962405932198763026E-14, -26.16274646641389268, 1.000000000000000888 ) ) ;
#6649 = DIRECTION ( 'NONE',  ( -1.000000000000000000, 0.000000000000000000, 0.000000000000000000 ) ) ;
#6650 = CARTESIAN_POINT ( 'NONE',  ( 60.27278170635815968, -40.49999999999999289, -8.167106781186546982 ) ) ;
#6651 = ORIENTED_EDGE ( 'NONE', *, *, #3763, .T. ) ;
#6652 = VERTEX_POINT ( 'NONE', #2067 ) ;
#6653 = LINE ( 'NONE', #1243, #2526 ) ;
#6654 = VECTOR ( 'NONE', #2939, 999.9999999999998863 ) ;
#6655 = DIRECTION ( 'NONE',  ( 0.5000000000000074385, 0.5000000000000065503, 0.7071067811865378028 ) ) ;
#6656 = ORIENTED_EDGE ( 'NONE', *, *, #3712, .T. ) ;
#6657 = DIRECTION ( 'NONE',  ( -0.000000000000000000, -0.000000000000000000, -1.000000000000000000 ) ) ;
#6658 = CARTESIAN_POINT ( 'NONE',  ( 62.09999999999993037, 36.71021416551214145, -6.400000000000001243 ) ) ;
#6659 = EDGE_CURVE ( 'NONE', #7382, #38, #4474, .T. ) ;
#6660 = CARTESIAN_POINT ( 'NONE',  ( 67.43396226415087824, 34.95516887613962353, -20.62223663640860494 ) ) ;
#6661 = FILL_AREA_STYLE_COLOUR ( '', #5885 ) ;
#6662 = CARTESIAN_POINT ( 'NONE',  ( 73.00000000000001421, -41.50000000000000000, 0.000000000000000000 ) ) ;
#6663 = EDGE_CURVE ( 'NONE', #3148, #5188, #6848, .T. ) ;
#6664 = CARTESIAN_POINT ( 'NONE',  ( 62.99999999999997158, -41.50000000000000000, -2.000000000000000000 ) ) ;
#6665 = VERTEX_POINT ( 'NONE', #5821 ) ;
#6666 = AXIS2_PLACEMENT_3D ( 'NONE', #4760, #5314, #4048 ) ;
#6667 = ORIENTED_EDGE ( 'NONE', *, *, #832, .T. ) ;
#6668 = DIRECTION ( 'NONE',  ( 0.000000000000000000, -0.000000000000000000, 1.000000000000000000 ) ) ;
#6669 = VECTOR ( 'NONE', #6027, 1000.000000000000000 ) ;
#6670 = FACE_OUTER_BOUND ( 'NONE', #5484, .T. ) ;
#6671 = ORIENTED_EDGE ( 'NONE', *, *, #5731, .F. ) ;
#6672 = EDGE_CURVE ( 'NONE', #5325, #391, #4950, .T. ) ;
#6673 = AXIS2_PLACEMENT_3D ( 'NONE', #4069, #2283, #4699 ) ;
#6674 = FACE_OUTER_BOUND ( 'NONE', #4122, .T. ) ;
#6675 = ORIENTED_EDGE ( 'NONE', *, *, #4039, .F. ) ;
#6676 = DIRECTION ( 'NONE',  ( 1.000000000000000000, 0.000000000000000000, 0.000000000000000000 ) ) ;
#6677 = CARTESIAN_POINT ( 'NONE',  ( -64.99999999999994316, -38.49999999999996447, 0.000000000000000000 ) ) ;
#6678 = B_SPLINE_CURVE_WITH_KNOTS ( 'NONE', 3,
 ( #6942, #868, #5682, #1491, #3902, #7539, #6833, #1527, #1419, #202, #1970, #3938, #6794, #791, #831, #750, #3201, #3236, #3156, #5570, #5612, #5015, #7427, #4418, #3832, #243 ),
 .UNSPECIFIED., .F., .F.,
 ( 4, 2, 2, 2, 2, 2, 2, 2, 2, 2, 2, 2, 4 ),
 ( 0.000000000000000000, 0.0009127677240409469732, 0.001825535448081893946, 0.002281919310102376378, 0.002738303172122858592, 0.003194687034143341240, 0.003651070896163823454, 0.004107454758184306103, 0.004563838620204788317, 0.005020222482225270531, 0.005476606344245752746, 0.006389374068286718909, 0.007302141792327684205 ),
 .UNSPECIFIED. ) ;
#6679 = DIRECTION ( 'NONE',  ( 0.000000000000000000, 0.000000000000000000, -1.000000000000000000 ) ) ;
#6680 = ORIENTED_EDGE ( 'NONE', *, *, #5820, .T. ) ;
#6681 = EDGE_LOOP ( 'NONE', ( #1085, #4518, #6026, #5787 ) ) ;
#6682 = DIRECTION ( 'NONE',  ( 0.6285393610547092003, -0.3239417719358492209, -0.7071067811865476838 ) ) ;
#6683 = EDGE_CURVE ( 'NONE', #422, #4633, #5587, .T. ) ;
#6684 = CARTESIAN_POINT ( 'NONE',  ( 3.000000000000022649, -28.22429927922271631, 2.000000000000000000 ) ) ;
#6685 = DIRECTION ( 'NONE',  ( -1.000000000000000000, 0.000000000000000000, 0.000000000000000000 ) ) ;
#6686 = CARTESIAN_POINT ( 'NONE',  ( -2.999999999999980460, -24.10119365360506904, 1.000000000000000888 ) ) ;
#6687 = DIRECTION ( 'NONE',  ( 0.4999999999999981681, -0.4999999999999932276, 0.7071067811865535679 ) ) ;
#6688 = VERTEX_POINT ( 'NONE', #1119 ) ;
#6689 = ORIENTED_EDGE ( 'NONE', *, *, #194, .T. ) ;
#6690 = FACE_OUTER_BOUND ( 'NONE', #6498, .T. ) ;
#6691 = CIRCLE ( 'NONE', #1510, 2.000000000000001776 ) ;
#6692 = DIRECTION ( 'NONE',  ( -0.000000000000000000, -0.000000000000000000, 1.000000000000000000 ) ) ;
#6693 = ORIENTED_EDGE ( 'NONE', *, *, #7050, .F. ) ;
#6694 = LINE ( 'NONE', #4877, #5707 ) ;
#6695 = LINE ( 'NONE', #3141, #350 ) ;
#6696 = EDGE_CURVE ( 'NONE', #1468, #1725, #5959, .T. ) ;
#6697 = CARTESIAN_POINT ( 'NONE',  ( 59.50614362763141685, 36.50000000000001421, -7.461059451568201162 ) ) ;
#6698 = DIRECTION ( 'NONE',  ( 0.000000000000000000, -1.000000000000000000, 0.000000000000000000 ) ) ;
#6699 = DIRECTION ( 'NONE',  ( 0.000000000000000000, 0.000000000000000000, -1.000000000000000000 ) ) ;
#6700 = DIRECTION ( 'NONE',  ( 0.7071067811865376918, 0.000000000000000000, -0.7071067811865574537 ) ) ;
#6701 = VERTEX_POINT ( 'NONE', #5229 ) ;
#6702 = VERTEX_POINT ( 'NONE', #5861 ) ;
#6703 = ADVANCED_FACE ( 'NONE', ( #1076 ), #1298, .T. ) ;
#6704 = ORIENTED_EDGE ( 'NONE', *, *, #3317, .F. ) ;
#6705 = CARTESIAN_POINT ( 'NONE',  ( 12.99999999999999822, 49.98575841387692265, 2.000000000000000000 ) ) ;
#6706 = EDGE_CURVE ( 'NONE', #3215, #5611, #1040, .T. ) ;
#6707 = DIRECTION ( 'NONE',  ( -1.000000000000000000, 0.000000000000000000, 0.000000000000000000 ) ) ;
#6708 = CARTESIAN_POINT ( 'NONE',  ( -60.37709820724712984, -40.49999999999991473, -8.263178694298575877 ) ) ;
#6709 = ADVANCED_FACE ( 'NONE', ( #5304 ), #6469, .T. ) ;
#6710 = LINE ( 'NONE', #6048, #6929 ) ;
#6711 = B_SPLINE_CURVE_WITH_KNOTS ( 'NONE', 3,
 ( #5673, #4962, #3735, #4924 ),
 .UNSPECIFIED., .F., .F.,
 ( 4, 4 ),
 ( 1.734723475976807094E-18, 0.0004194706865624595201 ),
 .UNSPECIFIED. ) ;
#6712 = AXIS2_PLACEMENT_3D ( 'NONE', #4191, #1068, #1107 ) ;
#6713 = ADVANCED_FACE ( 'NONE', ( #4707 ), #5712, .F. ) ;
#6714 = ORIENTED_EDGE ( 'NONE', *, *, #4322, .F. ) ;
#6715 = AXIS2_PLACEMENT_3D ( 'NONE', #4116, #1625, #412 ) ;
#6716 = FACE_OUTER_BOUND ( 'NONE', #6044, .T. ) ;
#6717 = DIRECTION ( 'NONE',  ( -0.000000000000000000, -0.000000000000000000, -1.000000000000000000 ) ) ;
#6718 = CIRCLE ( 'NONE', #5200, 3.000000000000000888 ) ;
#6719 = PLANE ( 'NONE',  #1357 ) ;
#6720 = ORIENTED_EDGE ( 'NONE', *, *, #5139, .F. ) ;
#6721 = VECTOR ( 'NONE', #6962, 999.9999999999998863 ) ;
#6722 = ORIENTED_EDGE ( 'NONE', *, *, #7504, .F. ) ;
#6723 = PLANE ( 'NONE',  #2342 ) ;
#6724 = AXIS2_PLACEMENT_3D ( 'NONE', #576, #1751, #3608 ) ;
#6725 = DIRECTION ( 'NONE',  ( 0.000000000000000000, -1.000000000000000000, 0.000000000000000000 ) ) ;
#6726 = DIRECTION ( 'NONE',  ( -0.000000000000000000, -0.000000000000000000, -1.000000000000000000 ) ) ;
#6727 = DIRECTION ( 'NONE',  ( 1.000000000000000000, 0.000000000000000000, 0.000000000000000000 ) ) ;
#6728 = VECTOR ( 'NONE', #5254, 1000.000000000000000 ) ;
#6729 = FACE_OUTER_BOUND ( 'NONE', #598, .T. ) ;
#6730 = ORIENTED_EDGE ( 'NONE', *, *, #7672, .T. ) ;
#6731 = ORIENTED_EDGE ( 'NONE', *, *, #6898, .T. ) ;
#6732 = DIRECTION ( 'NONE',  ( -1.000000000000000000, 0.000000000000000000, 0.000000000000000000 ) ) ;
#6733 = CARTESIAN_POINT ( 'NONE',  ( -64.99999999999995737, -38.49999999999995026, -8.459999999999991971 ) ) ;
#6734 = ORIENTED_EDGE ( 'NONE', *, *, #722, .F. ) ;
#6735 = DIRECTION ( 'NONE',  ( -0.000000000000000000, 0.000000000000000000, -1.000000000000000000 ) ) ;
#6736 = CARTESIAN_POINT ( 'NONE',  ( -32.00000000000000000, 50.98575841387691554, 2.000000000000000000 ) ) ;
#6737 = CARTESIAN_POINT ( 'NONE',  ( 57.99090833947008150, 45.00000000000000000, 0.9999999999999715783 ) ) ;
#6738 = PLANE ( 'NONE',  #334 ) ;
#6739 = CARTESIAN_POINT ( 'NONE',  ( 64.99999999999997158, -41.73316150746189379, -6.400000000000001243 ) ) ;
#6740 = CARTESIAN_POINT ( 'NONE',  ( -58.00000000000002132, -40.49999999999991473, -6.019890110719648746 ) ) ;
#6741 = EDGE_LOOP ( 'NONE', ( #2563, #5296, #6567, #3059, #690 ) ) ;
#6742 = EDGE_CURVE ( 'NONE', #5790, #4786, #5346, .T. ) ;
#6743 = ORIENTED_EDGE ( 'NONE', *, *, #5090, .F. ) ;
#6744 = ORIENTED_EDGE ( 'NONE', *, *, #2195, .T. ) ;
#6745 = DIRECTION ( 'NONE',  ( 0.000000000000000000, 0.000000000000000000, -1.000000000000000000 ) ) ;
#6746 = VECTOR ( 'NONE', #2903, 999.9999999999998863 ) ;
#6747 = DIRECTION ( 'NONE',  ( -1.000000000000000000, 0.000000000000000000, 0.000000000000000000 ) ) ;
#6748 = CARTESIAN_POINT ( 'NONE',  ( 62.99999999999997158, -33.99868155969898709, -8.335965212114826883 ) ) ;
#6749 = EDGE_LOOP ( 'NONE', ( #1026, #2066 ) ) ;
#6750 = FACE_BOUND ( 'NONE', #1065, .T. ) ;
#6751 = CARTESIAN_POINT ( 'NONE',  ( 66.80771831814566042, -30.61263025016535622, -5.209152092904850484 ) ) ;
#6752 = EDGE_LOOP ( 'NONE', ( #1768, #268, #7312, #5194, #1517 ) ) ;
#6753 = AXIS2_PLACEMENT_3D ( 'NONE', #6110, #4324, #147 ) ;
#6754 = EDGE_CURVE ( 'NONE', #5946, #218, #7759, .T. ) ;
#6755 = CARTESIAN_POINT ( 'NONE',  ( -62.56603773584903649, -34.95516887613955959, -20.62223663640860494 ) ) ;
#6756 = LINE ( 'NONE', #6174, #7788 ) ;
#6757 = EDGE_CURVE ( 'NONE', #399, #380, #2853, .T. ) ;
#6758 = CARTESIAN_POINT ( 'NONE',  ( -27.00000000000000355, 49.98575841387692265, 2.000000000000000000 ) ) ;
#6759 = ORIENTED_EDGE ( 'NONE', *, *, #2330, .T. ) ;
#6760 = AXIS2_PLACEMENT_3D ( 'NONE', #2540, #103, #7366 ) ;
#6761 = ORIENTED_EDGE ( 'NONE', *, *, #7195, .T. ) ;
#6762 = DIRECTION ( 'NONE',  ( 0.000000000000000000, 0.000000000000000000, -1.000000000000000000 ) ) ;
#6763 = DIRECTION ( 'NONE',  ( -0.000000000000000000, -0.000000000000000000, -1.000000000000000000 ) ) ;
#6764 = CONICAL_SURFACE ( 'NONE', #1222, 11.30000000000012328, 0.7853981633974533860 ) ;
#6765 = EDGE_CURVE ( 'NONE', #3192, #4462, #5267, .T. ) ;
#6766 = FACE_OUTER_BOUND ( 'NONE', #4366, .T. ) ;
#6767 = CARTESIAN_POINT ( 'NONE',  ( -28.99999999999999645, 50.98575841387691554, 2.000000000000000000 ) ) ;
#6768 = VECTOR ( 'NONE', #6682, 999.9999999999998863 ) ;
#6769 = CIRCLE ( 'NONE', #3114, 0.2000000000000057288 ) ;
#6770 = LINE ( 'NONE', #6221, #1726 ) ;
#6771 = ORIENTED_EDGE ( 'NONE', *, *, #3218, .F. ) ;
#6772 = ORIENTED_EDGE ( 'NONE', *, *, #3995, .T. ) ;
#6773 = CARTESIAN_POINT ( 'NONE',  ( -60.37721670837986210, -36.49999999999991473, -8.263287829770213477 ) ) ;
#6774 = FACE_OUTER_BOUND ( 'NONE', #4170, .T. ) ;
#6775 = LINE ( 'NONE', #105, #5960 ) ;
#6776 = VECTOR ( 'NONE', #5170, 1000.000000000000000 ) ;
#6777 = DIRECTION ( 'NONE',  ( -0.000000000000000000, -0.000000000000000000, -1.000000000000000000 ) ) ;
#6778 = CARTESIAN_POINT ( 'NONE',  ( 60.96714010127371353, -40.54232782601763319, -8.459999999999991971 ) ) ;
#6779 = FACE_OUTER_BOUND ( 'NONE', #2028, .T. ) ;
#6780 = DIRECTION ( 'NONE',  ( 0.8660254037844384856, 0.5000000000000002220, 0.000000000000000000 ) ) ;
#6781 = CARTESIAN_POINT ( 'NONE',  ( -67.89999999999997726, 40.28978583448783723, -6.400000000000001243 ) ) ;
#6782 = ORIENTED_EDGE ( 'NONE', *, *, #5004, .T. ) ;
#6783 = AXIS2_PLACEMENT_3D ( 'NONE', #7321, #5546, #2059 ) ;
#6784 = EDGE_LOOP ( 'NONE', ( #1009, #6550, #1166, #6772 ) ) ;
#6785 = VERTEX_POINT ( 'NONE', #1588 ) ;
#6786 = FACE_OUTER_BOUND ( 'NONE', #3925, .T. ) ;
#6787 = VERTEX_POINT ( 'NONE', #6414 ) ;
#6788 = VECTOR ( 'NONE', #4286, 1000.000000000000114 ) ;
#6789 = DIRECTION ( 'NONE',  ( -1.000000000000000000, 0.000000000000000000, 0.000000000000000000 ) ) ;
#6790 = ORIENTED_EDGE ( 'NONE', *, *, #4732, .F. ) ;
#6791 = EDGE_CURVE ( 'NONE', #7067, #4893, #4591, .T. ) ;
#6792 = VECTOR ( 'NONE', #1453, 1000.000000000000000 ) ;
#6793 = VERTEX_POINT ( 'NONE', #6373 ) ;
#6794 = CARTESIAN_POINT ( 'NONE',  ( 64.84319962634114631, 29.50027938724398879, -4.300217301250515156 ) ) ;
#6795 = CARTESIAN_POINT ( 'NONE',  ( -52.99090833947008150, 47.16642294966062821, 0.000000000000000000 ) ) ;
#6796 = VERTEX_POINT ( 'NONE', #7045 ) ;
#6797 = AXIS2_PLACEMENT_3D ( 'NONE', #7656, #6554, #1724 ) ;
#6798 = AXIS2_PLACEMENT_3D ( 'NONE', #1933, #5975, #4112 ) ;
#6799 = VECTOR ( 'NONE', #2349, 1000.000000000000000 ) ;
#6800 = EDGE_CURVE ( 'NONE', #1920, #6495, #3365, .T. ) ;
#6801 = CARTESIAN_POINT ( 'NONE',  ( 60.63078954500927154, -41.49999999999999289, -8.459999999999991971 ) ) ;
#6802 = CYLINDRICAL_SURFACE ( 'NONE', #968, 0.2000000000000057288 ) ;
#6803 = CARTESIAN_POINT ( 'NONE',  ( 26.99999999999999645, 47.98575841387692265, 2.000000000000000000 ) ) ;
#6804 = ORIENTED_EDGE ( 'NONE', *, *, #3448, .T. ) ;
#6805 = ADVANCED_FACE ( 'NONE', ( #376 ), #1701, .F. ) ;
#6806 = ORIENTED_EDGE ( 'NONE', *, *, #388, .T. ) ;
#6807 = CARTESIAN_POINT ( 'NONE',  ( -60.27278170635818810, 40.49999999999998579, -8.167106781186545206 ) ) ;
#6808 = ADVANCED_FACE ( 'NONE', ( #3480 ), #5899, .F. ) ;
#6809 = CARTESIAN_POINT ( 'NONE',  ( 27.99999999999999645, 50.98575841387691554, 2.000000000000000000 ) ) ;
#6810 = CARTESIAN_POINT ( 'NONE',  ( -66.99999999999994316, -34.13078954500927154, 0.000000000000000000 ) ) ;
#6811 = CARTESIAN_POINT ( 'NONE',  ( 65.50000000000000000, -49.00000000000000000, 0.9999999999999713562 ) ) ;
#6812 = EDGE_LOOP ( 'NONE', ( #6270, #3419, #6178, #1359, #1103 ) ) ;
#6813 = EDGE_CURVE ( 'NONE', #445, #4733, #4204, .T. ) ;
#6814 = ORIENTED_EDGE ( 'NONE', *, *, #4053, .F. ) ;
#6815 = CARTESIAN_POINT ( 'NONE',  ( 64.99999999999995737, 38.50000000000000711, -20.62223663640860494 ) ) ;
#6816 = LINE ( 'NONE', #2098, #1845 ) ;
#6817 = DIRECTION ( 'NONE',  ( 0.000000000000000000, 0.000000000000000000, -1.000000000000000000 ) ) ;
#6818 = CARTESIAN_POINT ( 'NONE',  ( -62.95767217398235971, 34.46714010127373484, -8.459999999999991971 ) ) ;
#6819 = CARTESIAN_POINT ( 'NONE',  ( -12.00000000000000000, 49.98575841387692265, 0.000000000000000000 ) ) ;
#6820 = DIRECTION ( 'NONE',  ( -0.000000000000000000, -0.000000000000000000, -1.000000000000000000 ) ) ;
#6821 = LINE ( 'NONE', #6964, #2506 ) ;
#6822 = CARTESIAN_POINT ( 'NONE',  ( 56.34014934010437514, -37.37594479962686478, -4.568304053359903527 ) ) ;
#6823 = VERTEX_POINT ( 'NONE', #4238 ) ;
#6824 = CIRCLE ( 'NONE', #763, 1.649999999999998579 ) ;
#6825 = ORIENTED_EDGE ( 'NONE', *, *, #3701, .F. ) ;
#6826 = ORIENTED_EDGE ( 'NONE', *, *, #232, .T. ) ;
#6827 = CARTESIAN_POINT ( 'NONE',  ( 60.49868155969895156, 36.50000000000001421, -8.335965212114825107 ) ) ;
#6828 = ORIENTED_EDGE ( 'NONE', *, *, #3600, .F. ) ;
#6829 = DIRECTION ( 'NONE',  ( 1.000000000000000000, 0.000000000000000000, 0.000000000000000000 ) ) ;
#6830 = DIRECTION ( 'NONE',  ( 1.000000000000000000, 0.000000000000000000, 0.000000000000000000 ) ) ;
#6831 = CIRCLE ( 'NONE', #7203, 4.299999999999998046 ) ;
#6832 = ADVANCED_FACE ( 'NONE', ( #5501 ), #2456, .T. ) ;
#6833 = CARTESIAN_POINT ( 'NONE',  ( 63.66100099891843200, 30.00812668709968278, -4.704022379819895683 ) ) ;
#6834 = ORIENTED_EDGE ( 'NONE', *, *, #3625, .F. ) ;
#6835 = DIRECTION ( 'NONE',  ( 0.000000000000000000, 0.000000000000000000, 1.000000000000000000 ) ) ;
#6836 = CARTESIAN_POINT ( 'NONE',  ( 65.50000000000004263, 53.98575841387686580, 2.000000000000000000 ) ) ;
#6837 = AXIS2_PLACEMENT_3D ( 'NONE', #7070, #2280, #1820 ) ;
#6838 = EDGE_CURVE ( 'NONE', #5813, #6867, #551, .T. ) ;
#6839 = CARTESIAN_POINT ( 'NONE',  ( 52.99090833947008150, 47.16642294966062821, 0.000000000000000000 ) ) ;
#6840 = EDGE_LOOP ( 'NONE', ( #2969, #4885, #516, #7781 ) ) ;
#6841 = EDGE_CURVE ( 'NONE', #2002, #1690, #5210, .T. ) ;
#6842 = EDGE_LOOP ( 'NONE', ( #1988, #689, #3879, #2154 ) ) ;
#6843 = AXIS2_PLACEMENT_3D ( 'NONE', #4546, #5701, #2697 ) ;
#6844 = DIRECTION ( 'NONE',  ( 1.000000000000000000, -4.040919229890095739E-16, 0.000000000000000000 ) ) ;
#6845 = EDGE_CURVE ( 'NONE', #4103, #3889, #1789, .T. ) ;
#6846 = CARTESIAN_POINT ( 'NONE',  ( 8.000000000000000000, 50.98575841387691554, 2.000000000000000000 ) ) ;
#6847 = CARTESIAN_POINT ( 'NONE',  ( -67.89999999999997726, 36.71021416551214855, -6.400000000000001243 ) ) ;
#6848 = CIRCLE ( 'NONE', #2293, 3.000000000000002665 ) ;
#6849 = ORIENTED_EDGE ( 'NONE', *, *, #3745, .F. ) ;
#6850 = CONICAL_SURFACE ( 'NONE', #7479, 6.500000000000005329, 0.7853981633974361776 ) ;
#6851 = ORIENTED_EDGE ( 'NONE', *, *, #1923, .F. ) ;
#6852 = DIRECTION ( 'NONE',  ( 0.000000000000000000, 1.000000000000000000, 0.000000000000000000 ) ) ;
#6853 = DIRECTION ( 'NONE',  ( 0.000000000000000000, 0.000000000000000000, -1.000000000000000000 ) ) ;
#6854 = PLANE ( 'NONE',  #4201 ) ;
#6855 = CYLINDRICAL_SURFACE ( 'NONE', #2183, 4.000000000000003553 ) ;
#6856 = CIRCLE ( 'NONE', #5464, 3.999999999999996447 ) ;
#6857 = FACE_OUTER_BOUND ( 'NONE', #814, .T. ) ;
#6858 = EDGE_CURVE ( 'NONE', #6587, #2109, #3942, .T. ) ;
#6859 = CARTESIAN_POINT ( 'NONE',  ( -63.00000000000000000, -41.50000000000000000, 0.000000000000000000 ) ) ;
#6860 = APPLICATION_PROTOCOL_DEFINITION ( 'draft international standard', 'automotive_design', 1998, #2922 ) ;
#6861 = DIRECTION ( 'NONE',  ( -1.000000000000000000, 0.000000000000000000, 0.000000000000000000 ) ) ;
#6862 = ADVANCED_FACE ( 'NONE', ( #5383 ), #3703, .T. ) ;
#6863 = ORIENTED_EDGE ( 'NONE', *, *, #6279, .T. ) ;
#6864 = VECTOR ( 'NONE', #1067, 1000.000000000000000 ) ;
#6865 = ORIENTED_EDGE ( 'NONE', *, *, #1257, .F. ) ;
#6866 = CARTESIAN_POINT ( 'NONE',  ( 32.00000000000000000, 50.98575841387691554, 2.000000000000000000 ) ) ;
#6867 = VERTEX_POINT ( 'NONE', #136 ) ;
#6868 = FACE_OUTER_BOUND ( 'NONE', #2055, .T. ) ;
#6869 = LINE ( 'NONE', #273, #1684 ) ;
#6870 = EDGE_CURVE ( 'NONE', #4733, #37, #651, .T. ) ;
#6871 = DIRECTION ( 'NONE',  ( -0.000000000000000000, 0.000000000000000000, 1.000000000000000000 ) ) ;
#6872 = ORIENTED_EDGE ( 'NONE', *, *, #3465, .F. ) ;
#6873 = DIRECTION ( 'NONE',  ( -0.000000000000000000, -0.000000000000000000, -1.000000000000000000 ) ) ;
#6874 = CARTESIAN_POINT ( 'NONE',  ( 28.99999999999999645, 49.98575841387692265, 2.000000000000000000 ) ) ;
#6875 = ORIENTED_EDGE ( 'NONE', *, *, #1729, .F. ) ;
#6876 = ORIENTED_EDGE ( 'NONE', *, *, #3843, .T. ) ;
#6877 = ADVANCED_FACE ( 'NONE', ( #20 ), #423, .T. ) ;
#6878 = LINE ( 'NONE', #2613, #7102 ) ;
#6879 = CARTESIAN_POINT ( 'NONE',  ( 12.00000000000000000, 50.98575841387691554, 0.000000000000000000 ) ) ;
#6880 = ADVANCED_FACE ( 'NONE', ( #3052 ), #2436, .T. ) ;
#6881 = LINE ( 'NONE', #2496, #7415 ) ;
#6882 = ORIENTED_EDGE ( 'NONE', *, *, #219, .F. ) ;
#6883 = ORIENTED_EDGE ( 'NONE', *, *, #4932, .F. ) ;
#6884 = FACE_OUTER_BOUND ( 'NONE', #3437, .T. ) ;
#6885 = LINE ( 'NONE', #3956, #5750 ) ;
#6886 = FACE_OUTER_BOUND ( 'NONE', #6162, .T. ) ;
#6887 = FACE_OUTER_BOUND ( 'NONE', #3561, .T. ) ;
#6888 = ORIENTED_EDGE ( 'NONE', *, *, #7129, .F. ) ;
#6889 = AXIS2_PLACEMENT_3D ( 'NONE', #3615, #5430, #26 ) ;
#6890 = CARTESIAN_POINT ( 'NONE',  ( -32.00000000000000000, 54.98575841387691554, 0.000000000000000000 ) ) ;
#6891 = CARTESIAN_POINT ( 'NONE',  ( 59.86710678118645035, 38.50000000000000711, -8.167106781186543429 ) ) ;
#6892 = EDGE_CURVE ( 'NONE', #1725, #7362, #4572, .T. ) ;
#6893 = FACE_BOUND ( 'NONE', #1147, .T. ) ;
#6894 = EDGE_LOOP ( 'NONE', ( #1093, #4413, #5802, #7502 ) ) ;
#6895 = ORIENTED_EDGE ( 'NONE', *, *, #51, .T. ) ;
#6896 = DIRECTION ( 'NONE',  ( -1.000000000000000000, 0.000000000000000000, 0.000000000000000000 ) ) ;
#6897 = STYLED_ITEM ( 'NONE', ( #6035 ), #6078 ) ;
#6898 = EDGE_CURVE ( 'NONE', #2110, #550, #2053, .T. ) ;
#6899 = ORIENTED_EDGE ( 'NONE', *, *, #2896, .T. ) ;
#6900 = LINE ( 'NONE', #3896, #3759 ) ;
#6901 = CARTESIAN_POINT ( 'NONE',  ( 8.000000000000000000, 54.98575841387692265, 0.9999999999999713562 ) ) ;
#6902 = EDGE_CURVE ( 'NONE', #3489, #1925, #7279, .T. ) ;
#6903 = AXIS2_PLACEMENT_3D ( 'NONE', #3906, #3978, #6250 ) ;
#6904 = VERTEX_POINT ( 'NONE', #5543 ) ;
#6905 = CIRCLE ( 'NONE', #1100, 2.000000000000001776 ) ;
#6906 = DIRECTION ( 'NONE',  ( -0.000000000000000000, -0.000000000000000000, 1.000000000000000000 ) ) ;
#6907 = EDGE_CURVE ( 'NONE', #4951, #4971, #5980, .T. ) ;
#6908 = CARTESIAN_POINT ( 'NONE',  ( -58.00000000000001421, -38.49999999999991473, 0.000000000000000000 ) ) ;
#6909 = AXIS2_PLACEMENT_3D ( 'NONE', #620, #5940, #3054 ) ;
#6910 = ORIENTED_EDGE ( 'NONE', *, *, #6696, .F. ) ;
#6911 = CARTESIAN_POINT ( 'NONE',  ( 60.63078954500927864, -36.49999999999999289, -8.385224927784191706 ) ) ;
#6912 = CARTESIAN_POINT ( 'NONE',  ( 61.45516887613958090, 36.06603773584907202, -20.62223663640860494 ) ) ;
#6913 = CIRCLE ( 'NONE', #865, 0.2000000000000057288 ) ;
#6914 = ORIENTED_EDGE ( 'NONE', *, *, #194, .F. ) ;
#6915 = AXIS2_PLACEMENT_3D ( 'NONE', #6168, #4702, #613 ) ;
#6916 = VERTEX_POINT ( 'NONE', #2533 ) ;
#6917 = DIRECTION ( 'NONE',  ( -0.8660254037844384856, -0.5000000000000002220, 0.000000000000000000 ) ) ;
#6918 = AXIS2_PLACEMENT_3D ( 'NONE', #1144, #2877, #7699 ) ;
#6919 = DIRECTION ( 'NONE',  ( -0.000000000000000000, -0.000000000000000000, 1.000000000000000000 ) ) ;
#6920 = AXIS2_PLACEMENT_3D ( 'NONE', #7428, #203, #2602 ) ;
#6921 = VECTOR ( 'NONE', #7411, 1000.000000000000000 ) ;
#6922 = ORIENTED_EDGE ( 'NONE', *, *, #2497, .F. ) ;
#6923 = ADVANCED_FACE ( 'NONE', ( #1237 ), #1313, .T. ) ;
#6924 = ORIENTED_EDGE ( 'NONE', *, *, #4527, .F. ) ;
#6925 = DIRECTION ( 'NONE',  ( 1.000000000000000000, 0.000000000000000000, 0.000000000000000000 ) ) ;
#6926 = DIRECTION ( 'NONE',  ( -0.000000000000000000, -0.000000000000000000, 1.000000000000000000 ) ) ;
#6927 = DIRECTION ( 'NONE',  ( 1.000000000000000000, 0.000000000000000000, 0.000000000000000000 ) ) ;
#6928 = CARTESIAN_POINT ( 'NONE',  ( -3.999999999999980904, -24.10119365360506904, 1.000000000000000888 ) ) ;
#6929 = VECTOR ( 'NONE', #7344, 1000.000000000000000 ) ;
#6930 = CARTESIAN_POINT ( 'NONE',  ( 26.99999999999999645, 48.98575841387692265, 0.9999999999999715783 ) ) ;
#6931 = CARTESIAN_POINT ( 'NONE',  ( -56.59995995491926379, 37.06584135044753481, -4.779009717477962660 ) ) ;
#6932 = CARTESIAN_POINT ( 'NONE',  ( 66.99999999999991473, -34.13078954500928575, -8.385224927784188154 ) ) ;
#6933 = EDGE_LOOP ( 'NONE', ( #2559, #3407, #6367, #1680 ) ) ;
#6934 = ORIENTED_EDGE ( 'NONE', *, *, #5004, .F. ) ;
#6935 = CARTESIAN_POINT ( 'NONE',  ( 64.99999999999997158, -41.73316150746189379, 2.000000000000000000 ) ) ;
#6936 = ORIENTED_EDGE ( 'NONE', *, *, #6030, .F. ) ;
#6937 = CARTESIAN_POINT ( 'NONE',  ( 66.99999999999992895, 31.50000000000000711, -6.019890110719565257 ) ) ;
#6938 = LINE ( 'NONE', #1417, #6611 ) ;
#6939 = AXIS2_PLACEMENT_3D ( 'NONE', #1292, #3109, #5956 ) ;
#6940 = ADVANCED_FACE ( 'NONE', ( #1749 ), #3722, .T. ) ;
#6941 = VERTEX_POINT ( 'NONE', #575 ) ;
#6942 = CARTESIAN_POINT ( 'NONE',  ( 62.99999999999998579, 31.50000000000000711, -6.019890110719565257 ) ) ;
#6943 = DIRECTION ( 'NONE',  ( 0.000000000000000000, -0.000000000000000000, -1.000000000000000000 ) ) ;
#6944 = AXIS2_PLACEMENT_3D ( 'NONE', #4123, #1755, #1834 ) ;
#6945 = VERTEX_POINT ( 'NONE', #2973 ) ;
#6946 = EDGE_CURVE ( 'NONE', #4742, #3782, #7609, .T. ) ;
#6947 = LINE ( 'NONE', #3943, #605 ) ;
#6948 = EDGE_CURVE ( 'NONE', #3329, #7067, #5690, .T. ) ;
#6949 = DIRECTION ( 'NONE',  ( 1.000000000000000000, 0.000000000000000000, 0.000000000000000000 ) ) ;
#6950 = VERTEX_POINT ( 'NONE', #4353 ) ;
#6951 = EDGE_LOOP ( 'NONE', ( #1686, #7694, #3118, #5353 ) ) ;
#6952 = PLANE ( 'NONE',  #3568 ) ;
#6953 = ADVANCED_FACE ( 'NONE', ( #3170 ), #5729, .F. ) ;
#6954 = CARTESIAN_POINT ( 'NONE',  ( 55.81933546421626602, 49.99485007440680562, 2.000000000000000000 ) ) ;
#6955 = ORIENTED_EDGE ( 'NONE', *, *, #7715, .F. ) ;
#6956 = ORIENTED_EDGE ( 'NONE', *, *, #6907, .F. ) ;
#6957 = LINE ( 'NONE', #2730, #4895 ) ;
#6958 = DIRECTION ( 'NONE',  ( 0.8660254037844384856, 0.5000000000000002220, 0.000000000000000000 ) ) ;
#6959 = VECTOR ( 'NONE', #1190, 1000.000000000000000 ) ;
#6960 = CARTESIAN_POINT ( 'NONE',  ( 3.111111111111132477, -27.76617643193186424, -8.511675595743399825 ) ) ;
#6961 = CARTESIAN_POINT ( 'NONE',  ( 65.50000000000000000, -40.49999999999999289, 0.000000000000000000 ) ) ;
#6962 = DIRECTION ( 'NONE',  ( -0.8660254037844387076, 0.4999999999999999445, 0.000000000000000000 ) ) ;
#6963 = CARTESIAN_POINT ( 'NONE',  ( 63.34999999999995879, -38.49999999999999289, -6.400000000000001243 ) ) ;
#6964 = CARTESIAN_POINT ( 'NONE',  ( 10.99999999999999822, 49.98575841387692265, 2.000000000000000000 ) ) ;
#6965 = VECTOR ( 'NONE', #2256, 1000.000000000000000 ) ;
#6966 = CARTESIAN_POINT ( 'NONE',  ( 56.08526673192317702, -39.09704390354229986, -4.366525468218803496 ) ) ;
#6967 = VECTOR ( 'NONE', #4917, 1000.000000000000000 ) ;
#6968 = EDGE_CURVE ( 'NONE', #5507, #7382, #6856, .T. ) ;
#6969 = ORIENTED_EDGE ( 'NONE', *, *, #3496, .T. ) ;
#6970 = ORIENTED_EDGE ( 'NONE', *, *, #1830, .F. ) ;
#6971 = LINE ( 'NONE', #1560, #4424 ) ;
#6972 = ORIENTED_EDGE ( 'NONE', *, *, #6042, .F. ) ;
#6973 = AXIS2_PLACEMENT_3D ( 'NONE', #7704, #2279, #6480 ) ;
#6974 = FACE_OUTER_BOUND ( 'NONE', #3021, .T. ) ;
#6975 = PLANE ( 'NONE',  #813 ) ;
#6976 = CONICAL_SURFACE ( 'NONE', #2940, 4.500000000000000000, 0.7853981633974487231 ) ;
#6977 = CARTESIAN_POINT ( 'NONE',  ( 62.19999999999993889, 40.11658075373093624, 2.000000000000000000 ) ) ;
#6978 = ADVANCED_FACE ( 'NONE', ( #4988 ), #7398, .F. ) ;
#6980 = ADVANCED_FACE ( 'NONE', ( #6766 ), #2022, .F. ) ;
#6979 = AXIS2_PLACEMENT_3D ( 'NONE', #6502, #4132, #2906 ) ;
#6981 = EDGE_LOOP ( 'NONE', ( #4985, #1386, #6814, #7548 ) ) ;
#6982 = VERTEX_POINT ( 'NONE', #5621 ) ;
#6983 = DIRECTION ( 'NONE',  ( 1.000000000000000000, 0.000000000000000000, 0.000000000000000000 ) ) ;
#6984 = DIRECTION ( 'NONE',  ( -1.000000000000000000, 4.040919229890095739E-16, 0.000000000000000000 ) ) ;
#6985 = VERTEX_POINT ( 'NONE', #4499 ) ;
#6986 = VECTOR ( 'NONE', #427, 1000.000000000000000 ) ;
#6987 = CARTESIAN_POINT ( 'NONE',  ( -60.63078954500932127, 36.49999999999998579, -8.385224927784191706 ) ) ;
#6988 = AXIS2_PLACEMENT_3D ( 'NONE', #862, #3269, #1523 ) ;
#6989 = CARTESIAN_POINT ( 'NONE',  ( -1.999999999999973133, -33.56274646641389836, 2.000000000000000000 ) ) ;
#6990 = VERTEX_POINT ( 'NONE', #4428 ) ;
#6991 = VERTEX_POINT ( 'NONE', #2686 ) ;
#6992 = EDGE_CURVE ( 'NONE', #5412, #6985, #3764, .T. ) ;
#6993 = CARTESIAN_POINT ( 'NONE',  ( -63.00000000000000000, -32.25130018433426926, -6.742283229823969215 ) ) ;
#6994 = EDGE_CURVE ( 'NONE', #833, #6425, #213, .T. ) ;
#6995 = DIRECTION ( 'NONE',  ( -0.000000000000000000, -0.000000000000000000, 1.000000000000000000 ) ) ;
#6996 = ORIENTED_EDGE ( 'NONE', *, *, #3113, .T. ) ;
#6997 = ORIENTED_EDGE ( 'NONE', *, *, #638, .T. ) ;
#6998 = DIRECTION ( 'NONE',  ( -0.000000000000000000, -0.000000000000000000, 1.000000000000000000 ) ) ;
#6999 = DIRECTION ( 'NONE',  ( 1.000000000000000000, 0.000000000000000000, 0.000000000000000000 ) ) ;
#7000 = EDGE_CURVE ( 'NONE', #1062, #6688, #7508, .T. ) ;
#7001 = CARTESIAN_POINT ( 'NONE',  ( 61.99999999999993605, 40.23205080756886787, -6.400000000000001243 ) ) ;
#7002 = DIRECTION ( 'NONE',  ( -0.000000000000000000, -0.000000000000000000, 1.000000000000000000 ) ) ;
#7003 = DIRECTION ( 'NONE',  ( -0.000000000000000000, -0.000000000000000000, 1.000000000000000000 ) ) ;
#7004 = CARTESIAN_POINT ( 'NONE',  ( -63.99696923673513282, -29.76366883718437961, -4.507325027676772677 ) ) ;
#7005 = CARTESIAN_POINT ( 'NONE',  ( 57.11032245169754162, -40.30670412799102564, -5.207139044747432166 ) ) ;
#7006 = ORIENTED_EDGE ( 'NONE', *, *, #2896, .F. ) ;
#7007 = ORIENTED_EDGE ( 'NONE', *, *, #5485, .F. ) ;
#7008 = LINE ( 'NONE', #6496, #5567 ) ;
#7009 = LINE ( 'NONE', #5236, #4575 ) ;
#7010 = ORIENTED_EDGE ( 'NONE', *, *, #919, .F. ) ;
#7011 = CIRCLE ( 'NONE', #5117, 5.132893218813515013 ) ;
#7012 = CARTESIAN_POINT ( 'NONE',  ( 3.000000000000021316, -24.10119365360507260, 1.000000000000000888 ) ) ;
#7013 = CARTESIAN_POINT ( 'NONE',  ( 49.17157287525380838, 50.98575841387691554, 2.000000000000000000 ) ) ;
#7014 = FACE_OUTER_BOUND ( 'NONE', #2358, .T. ) ;
#7015 = AXIS2_PLACEMENT_3D ( 'NONE', #210, #4460, #3312 ) ;
#7016 = DIRECTION ( 'NONE',  ( -0.000000000000000000, -0.000000000000000000, 1.000000000000000000 ) ) ;
#7017 = ORIENTED_EDGE ( 'NONE', *, *, #6858, .F. ) ;
#7018 = AXIS2_PLACEMENT_3D ( 'NONE', #5498, #901, #395 ) ;
#7019 = VECTOR ( 'NONE', #1879, 1000.000000000000000 ) ;
#7020 = ORIENTED_EDGE ( 'NONE', *, *, #5058, .T. ) ;
#7021 = DIRECTION ( 'NONE',  ( 1.000000000000000000, 0.000000000000000000, 0.000000000000000000 ) ) ;
#7022 = EDGE_CURVE ( 'NONE', #5850, #5655, #1463, .T. ) ;
#7023 = CARTESIAN_POINT ( 'NONE',  ( -8.000000000000000000, 50.98575841387691554, 0.9999999999999713562 ) ) ;
#7024 = ORIENTED_EDGE ( 'NONE', *, *, #2406, .F. ) ;
#7025 = VECTOR ( 'NONE', #6321, 1000.000000000000000 ) ;
#7026 = DIRECTION ( 'NONE',  ( 0.8660254037844383745, -0.5000000000000004441, 0.000000000000000000 ) ) ;
#7027 = VECTOR ( 'NONE', #7490, 1000.000000000000000 ) ;
#7028 = ORIENTED_EDGE ( 'NONE', *, *, #4053, .T. ) ;
#7029 = VERTEX_POINT ( 'NONE', #4395 ) ;
#7030 = ADVANCED_FACE ( 'NONE', ( #840 ), #254, .F. ) ;
#7031 = DIRECTION ( 'NONE',  ( 0.000000000000000000, 0.7071067811865376918, -0.7071067811865574537 ) ) ;
#7032 = FACE_OUTER_BOUND ( 'NONE', #2588, .T. ) ;
#7033 = EDGE_CURVE ( 'NONE', #4951, #183, #4463, .T. ) ;
#7034 = AXIS2_PLACEMENT_3D ( 'NONE', #4416, #828, #5525 ) ;
#7035 = DIRECTION ( 'NONE',  ( 1.000000000000000000, 0.000000000000000000, 0.000000000000000000 ) ) ;
#7036 = CIRCLE ( 'NONE', #987, 0.2000000000000057288 ) ;
#7037 = VERTEX_POINT ( 'NONE', #3804 ) ;
#7038 = ORIENTED_EDGE ( 'NONE', *, *, #5994, .F. ) ;
#7039 = EDGE_CURVE ( 'NONE', #257, #3003, #6878, .T. ) ;
#7040 = DIRECTION ( 'NONE',  ( 1.000000000000000000, 0.000000000000000000, 0.000000000000000000 ) ) ;
#7041 = LINE ( 'NONE', #1622, #3234 ) ;
#7042 = DIRECTION ( 'NONE',  ( 0.000000000000000000, 0.000000000000000000, -1.000000000000000000 ) ) ;
#7043 = CARTESIAN_POINT ( 'NONE',  ( 2.000000000000019984, -19.76274646641389765, -8.511675595743399825 ) ) ;
#7044 = CIRCLE ( 'NONE', #3381, 1.000000000000000888 ) ;
#7045 = CARTESIAN_POINT ( 'NONE',  ( 28.99999999999999645, 49.98575841387692265, 2.000000000000000000 ) ) ;
#7046 = CIRCLE ( 'NONE', #6415, 2.000000000000001776 ) ;
#7047 = CIRCLE ( 'NONE', #3893, 4.425786437626963554 ) ;
#7048 = CARTESIAN_POINT ( 'NONE',  ( 57.99999999999996447, 36.50000000000000711, 0.000000000000000000 ) ) ;
#7049 = DIRECTION ( 'NONE',  ( -0.8660254037844388186, 0.4999999999999997224, 0.000000000000000000 ) ) ;
#7050 = EDGE_CURVE ( 'NONE', #6272, #5918, #1427, .T. ) ;
#7051 = ORIENTED_EDGE ( 'NONE', *, *, #5794, .F. ) ;
#7052 = ORIENTED_EDGE ( 'NONE', *, *, #781, .T. ) ;
#7053 = DIRECTION ( 'NONE',  ( -1.000000000000000000, 0.000000000000000000, 0.000000000000000000 ) ) ;
#7054 = DIRECTION ( 'NONE',  ( -1.000000000000000000, 0.000000000000000000, 0.000000000000000000 ) ) ;
#7055 = EDGE_LOOP ( 'NONE', ( #5577, #6956, #2791, #5768 ) ) ;
#7056 = DIRECTION ( 'NONE',  ( -0.000000000000000000, -0.000000000000000000, 1.000000000000000000 ) ) ;
#7057 = CARTESIAN_POINT ( 'NONE',  ( 65.09999999999996589, 41.90636658821879479, -6.400000000000001243 ) ) ;
#7058 = LINE ( 'NONE', #1637, #961 ) ;
#7059 = DIRECTION ( 'NONE',  ( -0.000000000000000000, -0.000000000000000000, -1.000000000000000000 ) ) ;
#7060 = VERTEX_POINT ( 'NONE', #878 ) ;
#7061 = VERTEX_POINT ( 'NONE', #762 ) ;
#7062 = DIRECTION ( 'NONE',  ( 1.000000000000000000, 0.000000000000000000, 0.000000000000000000 ) ) ;
#7063 = DIRECTION ( 'NONE',  ( 0.000000000000000000, -0.000000000000000000, 1.000000000000000000 ) ) ;
#7064 = ORIENTED_EDGE ( 'NONE', *, *, #6114, .T. ) ;
#7065 = EDGE_CURVE ( 'NONE', #5813, #4468, #6219, .T. ) ;
#7066 = DIRECTION ( 'NONE',  ( -0.000000000000000000, -0.000000000000000000, -1.000000000000000000 ) ) ;
#7067 = VERTEX_POINT ( 'NONE', #3841 ) ;
#7068 = VERTEX_POINT ( 'NONE', #2056 ) ;
#7069 = DIRECTION ( 'NONE',  ( 0.000000000000000000, 0.000000000000000000, 1.000000000000000000 ) ) ;
#7070 = CARTESIAN_POINT ( 'NONE',  ( 61.99999999999995026, -36.76794919243111792, -6.400000000000001243 ) ) ;
#7071 = EDGE_CURVE ( 'NONE', #2857, #6538, #1542, .T. ) ;
#7072 = DIRECTION ( 'NONE',  ( -2.710505431213764536E-16, 1.000000000000000000, 0.000000000000000000 ) ) ;
#7073 = ORIENTED_EDGE ( 'NONE', *, *, #6696, .T. ) ;
#7074 = ORIENTED_EDGE ( 'NONE', *, *, #2996, .F. ) ;
#7075 = DIRECTION ( 'NONE',  ( 0.000000000000000000, 1.000000000000000000, 0.000000000000000000 ) ) ;
#7076 = LINE ( 'NONE', #1745, #5631 ) ;
#7077 = CARTESIAN_POINT ( 'NONE',  ( -64.89999999999999147, 35.09363341178121232, 2.000000000000000000 ) ) ;
#7078 = FACE_OUTER_BOUND ( 'NONE', #1918, .T. ) ;
#7079 = DIRECTION ( 'NONE',  ( -1.000000000000000000, 0.000000000000000000, 0.000000000000000000 ) ) ;
#7080 = DIRECTION ( 'NONE',  ( -1.000000000000000000, 0.000000000000000000, 0.000000000000000000 ) ) ;
#7081 = DIRECTION ( 'NONE',  ( 1.000000000000000000, -3.469446951953617344E-15, 0.000000000000000000 ) ) ;
#7082 = ORIENTED_EDGE ( 'NONE', *, *, #601, .F. ) ;
#7083 = VECTOR ( 'NONE', #2494, 1000.000000000000000 ) ;
#7084 = ORIENTED_EDGE ( 'NONE', *, *, #7363, .F. ) ;
#7085 = CARTESIAN_POINT ( 'NONE',  ( 64.99999999999995737, -38.49999999999999289, 0.000000000000000000 ) ) ;
#7086 = DIRECTION ( 'NONE',  ( 0.000000000000000000, 0.000000000000000000, 1.000000000000000000 ) ) ;
#7087 = ORIENTED_EDGE ( 'NONE', *, *, #5066, .T. ) ;
#7088 = DIRECTION ( 'NONE',  ( 0.000000000000000000, 0.000000000000000000, -1.000000000000000000 ) ) ;
#7089 = CARTESIAN_POINT ( 'NONE',  ( 3.000000000000019984, -19.76274646641390476, 1.000000000000000888 ) ) ;
#7090 = EDGE_CURVE ( 'NONE', #5205, #6793, #5888, .T. ) ;
#7091 = CARTESIAN_POINT ( 'NONE',  ( 60.63078954500926443, 36.50000000000001421, 0.000000000000000000 ) ) ;
#7092 = AXIS2_PLACEMENT_3D ( 'NONE', #6527, #2328, #1074 ) ;
#7093 = PLANE ( 'NONE',  #3514 ) ;
#7094 = ADVANCED_FACE ( 'NONE', ( #3950 ), #5852, .F. ) ;
#7095 = EDGE_LOOP ( 'NONE', ( #7586, #3388, #6252, #4768, #5203 ) ) ;
#7096 = VERTEX_POINT ( 'NONE', #4027 ) ;
#7097 = FACE_OUTER_BOUND ( 'NONE', #1593, .T. ) ;
#7098 = AXIS2_PLACEMENT_3D ( 'NONE', #4125, #5989, #1126 ) ;
#7099 = CARTESIAN_POINT ( 'NONE',  ( 62.87273940469460598, 34.61897591464007462, -8.459999999999991971 ) ) ;
#7100 = ORIENTED_EDGE ( 'NONE', *, *, #5220, .T. ) ;
#7101 = ADVANCED_FACE ( 'NONE', ( #6363, #1577 ), #6952, .T. ) ;
#7102 = VECTOR ( 'NONE', #5062, 999.9999999999998863 ) ;
#7103 = FACE_OUTER_BOUND ( 'NONE', #2920, .T. ) ;
#7104 = CIRCLE ( 'NONE', #5848, 5.132893218813508796 ) ;
#7105 = EDGE_LOOP ( 'NONE', ( #3737, #6461, #1836, #1066, #6576 ) ) ;
#7106 = VERTEX_POINT ( 'NONE', #441 ) ;
#7107 = CIRCLE ( 'NONE', #7619, 1.649999999999998579 ) ;
#7108 = CARTESIAN_POINT ( 'NONE',  ( -64.99999999999998579, 35.03589838486225005, 2.000000000000000000 ) ) ;
#7109 = DIRECTION ( 'NONE',  ( 1.000000000000000000, 0.000000000000000000, 0.000000000000000000 ) ) ;
#7110 = DIRECTION ( 'NONE',  ( 5.213197616723467829E-15, 0.7071067811865474617, 0.7071067811865474617 ) ) ;
#7111 = EDGE_LOOP ( 'NONE', ( #16, #2847, #1771, #7380 ) ) ;
#7112 = VERTEX_POINT ( 'NONE', #948 ) ;
#7113 = CARTESIAN_POINT ( 'NONE',  ( 64.40295609645762909, -29.58526673192321965, -4.366525468218845241 ) ) ;
#7114 = FACE_BOUND ( 'NONE', #7334, .T. ) ;
#7115 = EDGE_CURVE ( 'NONE', #4321, #6077, #5925, .T. ) ;
#7116 = CARTESIAN_POINT ( 'NONE',  ( 62.56603773584902228, -34.95516887613961643, -8.459999999999991971 ) ) ;
#7117 = DIRECTION ( 'NONE',  ( 1.000000000000000000, 0.000000000000000000, 0.000000000000000000 ) ) ;
#7118 = EDGE_CURVE ( 'NONE', #1017, #4372, #4573, .T. ) ;
#7119 = DIRECTION ( 'NONE',  ( 0.8660254037844384856, 0.5000000000000002220, 0.000000000000000000 ) ) ;
#7120 = CARTESIAN_POINT ( 'NONE',  ( 57.99999999999996447, 36.50000000000000711, -6.019890110719556375 ) ) ;
#7121 = DIRECTION ( 'NONE',  ( -0.000000000000000000, -0.000000000000000000, -1.000000000000000000 ) ) ;
#7122 = VERTEX_POINT ( 'NONE', #990 ) ;
#7123 = VERTEX_POINT ( 'NONE', #6442 ) ;
#7124 = DIRECTION ( 'NONE',  ( -0.000000000000000000, -0.000000000000000000, -1.000000000000000000 ) ) ;
#7125 = CARTESIAN_POINT ( 'NONE',  ( -55.99090833947008150, -41.50000000000000000, 2.000000000000000000 ) ) ;
#7126 = ORIENTED_EDGE ( 'NONE', *, *, #2552, .T. ) ;
#7127 = DIRECTION ( 'NONE',  ( 1.000000000000000000, 0.000000000000000000, 0.000000000000000000 ) ) ;
#7128 = DIRECTION ( 'NONE',  ( 0.7071067811865455743, -4.906538933386805919E-15, 0.7071067811865495711 ) ) ;
#7129 = EDGE_CURVE ( 'NONE', #5626, #4536, #4698, .T. ) ;
#7130 = CARTESIAN_POINT ( 'NONE',  ( -3.999999999999980904, -28.22429927922271986, 1.000000000000000888 ) ) ;
#7131 = LINE ( 'NONE', #4644, #3204 ) ;
#7132 = CARTESIAN_POINT ( 'NONE',  ( -3.999999999999976019, -41.50000000000000000, 0.000000000000000000 ) ) ;
#7133 = EDGE_LOOP ( 'NONE', ( #4887, #560, #2872, #48 ) ) ;
#7134 = ADVANCED_FACE ( 'NONE', ( #5769 ), #2805, .T. ) ;
#7135 = VECTOR ( 'NONE', #4955, 1000.000000000000000 ) ;
#7136 = ORIENTED_EDGE ( 'NONE', *, *, #6600, .T. ) ;
#7137 = LINE ( 'NONE', #468, #5561 ) ;
#7138 = EDGE_CURVE ( 'NONE', #98, #2224, #6599, .T. ) ;
#7139 = FACE_OUTER_BOUND ( 'NONE', #5417, .T. ) ;
#7140 = ORIENTED_EDGE ( 'NONE', *, *, #129, .T. ) ;
#7141 = CIRCLE ( 'NONE', #3738, 1.000000000000000888 ) ;
#7142 = AXIS2_PLACEMENT_3D ( 'NONE', #7257, #4131, #4802 ) ;
#7143 = EDGE_CURVE ( 'NONE', #3736, #1113, #5809, .T. ) ;
#7144 = LINE ( 'NONE', #2276, #1117 ) ;
#7145 = EDGE_LOOP ( 'NONE', ( #5448, #782, #892, #431 ) ) ;
#7146 = VECTOR ( 'NONE', #5478, 1000.000000000000000 ) ;
#7147 = ORIENTED_EDGE ( 'NONE', *, *, #872, .F. ) ;
#7148 = LINE ( 'NONE', #7234, #5471 ) ;
#7149 = CARTESIAN_POINT ( 'NONE',  ( -62.19999999999996021, -40.11658075373092203, 2.000000000000000000 ) ) ;
#7150 = CIRCLE ( 'NONE', #6028, 1.000000000000000888 ) ;
#7151 = CARTESIAN_POINT ( 'NONE',  ( 66.64999999999997726, 38.50000000000002842, 0.000000000000000000 ) ) ;
#7152 = VECTOR ( 'NONE', #6679, 1000.000000000000000 ) ;
#7153 = EDGE_LOOP ( 'NONE', ( #1269, #1398, #1506, #1031, #2960 ) ) ;
#7154 = ORIENTED_EDGE ( 'NONE', *, *, #6640, .T. ) ;
#7155 = DIRECTION ( 'NONE',  ( -0.000000000000000000, -0.000000000000000000, -1.000000000000000000 ) ) ;
#7156 = DIRECTION ( 'NONE',  ( 1.000000000000000000, 0.000000000000000000, 0.000000000000000000 ) ) ;
#7157 = LINE ( 'NONE', #5897, #5589 ) ;
#7158 = AXIS2_PLACEMENT_3D ( 'NONE', #3172, #3092, #180 ) ;
#7159 = DIRECTION ( 'NONE',  ( -0.000000000000000000, 0.000000000000000000, 1.000000000000000000 ) ) ;
#7160 = DIRECTION ( 'NONE',  ( -0.5000000000000037748, 0.5000000000000046629, 0.7071067811865416886 ) ) ;
#7161 = CARTESIAN_POINT ( 'NONE',  ( -66.99999999999995737, -31.49999999999991829, -6.019890110719514631 ) ) ;
#7162 = VECTOR ( 'NONE', #933, 1000.000000000000000 ) ;
#7163 = CARTESIAN_POINT ( 'NONE',  ( -66.99999999999995737, -31.49999999999991829, 0.000000000000000000 ) ) ;
#7164 = EDGE_CURVE ( 'NONE', #7037, #2425, #1303, .T. ) ;
#7165 = ORIENTED_EDGE ( 'NONE', *, *, #1152, .F. ) ;
#7166 = ORIENTED_EDGE ( 'NONE', *, *, #429, .T. ) ;
#7167 = DIRECTION ( 'NONE',  ( -0.000000000000000000, -0.000000000000000000, -1.000000000000000000 ) ) ;
#7168 = CARTESIAN_POINT ( 'NONE',  ( -63.00000000000001421, -31.49999999999991829, -6.019890110719533283 ) ) ;
#7169 = EDGE_LOOP ( 'NONE', ( #3175, #7754, #4292, #5866, #4969, #4621, #5807, #3552, #1869, #2223, #3392, #2929, #362 ) ) ;
#7170 = CIRCLE ( 'NONE', #6171, 1.999999999999994893 ) ;
#7171 = CARTESIAN_POINT ( 'NONE',  ( 66.99999999999991473, -33.87709820724717957, -8.263178694298574101 ) ) ;
#7172 = AXIS2_PLACEMENT_3D ( 'NONE', #3955, #1656, #3287 ) ;
#7173 = DIRECTION ( 'NONE',  ( -0.000000000000000000, -0.000000000000000000, 1.000000000000000000 ) ) ;
#7174 = CIRCLE ( 'NONE', #749, 1.000000000000000888 ) ;
#7175 = LINE ( 'NONE', #3415, #6986 ) ;
#7176 = DIRECTION ( 'NONE',  ( 0.000000000000000000, 0.000000000000000000, -1.000000000000000000 ) ) ;
#7177 = CARTESIAN_POINT ( 'NONE',  ( -3.999999999999976019, -41.50000000000000000, 0.000000000000000000 ) ) ;
#7178 = VECTOR ( 'NONE', #7026, 1000.000000000000114 ) ;
#7179 = CARTESIAN_POINT ( 'NONE',  ( -60.63078954500921469, -40.49999999999991473, -8.459999999999991971 ) ) ;
#7180 = ORIENTED_EDGE ( 'NONE', *, *, #1101, .F. ) ;
#7181 = ORIENTED_EDGE ( 'NONE', *, *, #97, .F. ) ;
#7182 = EDGE_CURVE ( 'NONE', #4111, #2323, #2171, .T. ) ;
#7183 = EDGE_LOOP ( 'NONE', ( #5121, #4967, #4835, #2300 ) ) ;
#7184 = DIRECTION ( 'NONE',  ( 0.000000000000000000, 0.000000000000000000, -1.000000000000000000 ) ) ;
#7185 = CARTESIAN_POINT ( 'NONE',  ( 57.99999999999996447, 38.50000000000000711, -2.000000000000000000 ) ) ;
#7186 = EDGE_LOOP ( 'NONE', ( #5209, #1965, #5441, #743 ) ) ;
#7187 = EDGE_CURVE ( 'NONE', #5169, #568, #6402, .T. ) ;
#7188 = VECTOR ( 'NONE', #6247, 1000.000000000000114 ) ;
#7189 = CARTESIAN_POINT ( 'NONE',  ( -63.00000000000000000, -34.13078954500924311, -8.385224927784188154 ) ) ;
#7190 = ORIENTED_EDGE ( 'NONE', *, *, #3044, .T. ) ;
#7191 = EDGE_CURVE ( 'NONE', #4271, #1140, #7628, .T. ) ;
#7192 = EDGE_CURVE ( 'NONE', #1183, #1720, #2207, .T. ) ;
#7193 = CARTESIAN_POINT ( 'NONE',  ( 61.99999999999997158, -34.13078954500929285, 0.000000000000000000 ) ) ;
#7194 = CARTESIAN_POINT ( 'NONE',  ( 52.00000000000000000, 53.81418553862310006, 0.9999999999999701350 ) ) ;
#7195 = EDGE_CURVE ( 'NONE', #3463, #3532, #1307, .T. ) ;
#7196 = AXIS2_PLACEMENT_3D ( 'NONE', #6310, #1964, #2666 ) ;
#7197 = DIRECTION ( 'NONE',  ( 1.000000000000000000, 0.000000000000000000, 0.000000000000000000 ) ) ;
#7198 = ORIENTED_EDGE ( 'NONE', *, *, #1773, .F. ) ;
#7199 = EDGE_LOOP ( 'NONE', ( #6720, #683, #643, #6345 ) ) ;
#7200 = CARTESIAN_POINT ( 'NONE',  ( 64.85040970794786119, -29.49972711092094713, -4.299787752878664548 ) ) ;
#7201 = FACE_OUTER_BOUND ( 'NONE', #5427, .T. ) ;
#7202 = CARTESIAN_POINT ( 'NONE',  ( 67.79999999999996874, 36.88341924626903534, -6.400000000000001243 ) ) ;
#7203 = AXIS2_PLACEMENT_3D ( 'NONE', #6065, #3057, #5468 ) ;
#7204 = EDGE_CURVE ( 'NONE', #2047, #2, #6516, .T. ) ;
#7205 = DIRECTION ( 'NONE',  ( -0.000000000000000000, -0.000000000000000000, -1.000000000000000000 ) ) ;
#7206 = DIRECTION ( 'NONE',  ( 1.000000000000000000, 0.000000000000000000, -0.000000000000000000 ) ) ;
#7207 = CARTESIAN_POINT ( 'NONE',  ( 60.57421356237299648, 38.50000000000000711, -7.459999999999991971 ) ) ;
#7208 = ORIENTED_EDGE ( 'NONE', *, *, #1143, .F. ) ;
#7209 = EDGE_LOOP ( 'NONE', ( #3074, #582, #4272, #5531 ) ) ;
#7210 = FACE_OUTER_BOUND ( 'NONE', #2096, .T. ) ;
#7211 = DIRECTION ( 'NONE',  ( 0.7071067811865469066, -0.7071067811865482389, 0.000000000000000000 ) ) ;
#7212 = EDGE_LOOP ( 'NONE', ( #5814, #2728, #507, #4492 ) ) ;
#7213 = DIRECTION ( 'NONE',  ( -1.000000000000000000, 4.205390244792263185E-15, 0.000000000000000000 ) ) ;
#7214 = DIRECTION ( 'NONE',  ( 0.4999999999999999445, 0.8660254037844387076, 0.000000000000000000 ) ) ;
#7215 = LINE ( 'NONE', #5514, #2678 ) ;
#7216 = CARTESIAN_POINT ( 'NONE',  ( 66.64999999999997726, 38.50000000000002842, -8.459999999999991971 ) ) ;
#7217 = CARTESIAN_POINT ( 'NONE',  ( 65.09999999999998010, -41.90636658821878768, -6.400000000000001243 ) ) ;
#7218 = DIRECTION ( 'NONE',  ( 0.000000000000000000, 0.000000000000000000, -1.000000000000000000 ) ) ;
#7219 = CIRCLE ( 'NONE', #5070, 0.2000000000000057288 ) ;
#7220 = ORIENTED_EDGE ( 'NONE', *, *, #3670, .F. ) ;
#7221 = ORIENTED_EDGE ( 'NONE', *, *, #1610, .T. ) ;
#7222 = CARTESIAN_POINT ( 'NONE',  ( 56.01792459747959896, 38.80737169817795262, -4.313911490792760262 ) ) ;
#7223 = DIRECTION ( 'NONE',  ( 0.000000000000000000, 1.000000000000000000, 0.000000000000000000 ) ) ;
#7224 = CARTESIAN_POINT ( 'NONE',  ( -29.00000000000000355, 50.98575841387691554, 2.000000000000000000 ) ) ;
#7225 = CIRCLE ( 'NONE', #6595, 4.000000000000002665 ) ;
#7226 = ADVANCED_FACE ( 'NONE', ( #5490 ), #1736, .F. ) ;
#7227 = EDGE_CURVE ( 'NONE', #432, #5274, #7148, .T. ) ;
#7228 = VECTOR ( 'NONE', #5740, 999.9999999999998863 ) ;
#7229 = VECTOR ( 'NONE', #5193, 1000.000000000000000 ) ;
#7230 = CARTESIAN_POINT ( 'NONE',  ( -63.19329587200900278, 30.61032245169756649, -5.207139044747461476 ) ) ;
#7231 = VERTEX_POINT ( 'NONE', #6601 ) ;
#7232 = AXIS2_PLACEMENT_3D ( 'NONE', #6327, #3211, #3873 ) ;
#7233 = CIRCLE ( 'NONE', #4834, 0.1999999999999987899 ) ;
#7234 = CARTESIAN_POINT ( 'NONE',  ( 57.99999999999996447, 40.50000000000000711, -2.000000000000000000 ) ) ;
#7235 = DIRECTION ( 'NONE',  ( 1.000000000000000000, 0.000000000000000000, 0.000000000000000000 ) ) ;
#7236 = CONICAL_SURFACE ( 'NONE', #2309, 1.000000000000000888, 0.7853981633974482790 ) ;
#7237 = FACE_OUTER_BOUND ( 'NONE', #4349, .T. ) ;
#7238 = ORIENTED_EDGE ( 'NONE', *, *, #589, .T. ) ;
#7239 = EDGE_CURVE ( 'NONE', #24, #7253, #2947, .T. ) ;
#7240 = EDGE_LOOP ( 'NONE', ( #1153, #6118, #4188, #995 ) ) ;
#7241 = CARTESIAN_POINT ( 'NONE',  ( -61.11897591464000357, -40.62726059530530165, -8.459999999999991971 ) ) ;
#7242 = VECTOR ( 'NONE', #2077, 1000.000000000000000 ) ;
#7243 = CARTESIAN_POINT ( 'NONE',  ( -61.45516887613953827, -40.93396226415087114, -8.459999999999991971 ) ) ;
#7244 = ADVANCED_FACE ( 'NONE', ( #1189 ), #2816, .T. ) ;
#7245 = DIRECTION ( 'NONE',  ( -0.000000000000000000, -0.000000000000000000, 1.000000000000000000 ) ) ;
#7246 = CYLINDRICAL_SURFACE ( 'NONE', #6724, 0.2000000000000057288 ) ;
#7247 = DIRECTION ( 'NONE',  ( -2.710505431213764536E-16, 1.000000000000000000, 0.000000000000000000 ) ) ;
#7248 = ORIENTED_EDGE ( 'NONE', *, *, #3553, .T. ) ;
#7249 = EDGE_CURVE ( 'NONE', #579, #7308, #3637, .T. ) ;
#7250 = ORIENTED_EDGE ( 'NONE', *, *, #3349, .T. ) ;
#7251 = CARTESIAN_POINT ( 'NONE',  ( 60.63078954500927154, -35.49999999999999289, 0.000000000000000000 ) ) ;
#7252 = CYLINDRICAL_SURFACE ( 'NONE', #3731, 0.1999999999999987899 ) ;
#7253 = VERTEX_POINT ( 'NONE', #84 ) ;
#7254 = DIRECTION ( 'NONE',  ( -0.8660254037844384856, -0.5000000000000002220, 0.000000000000000000 ) ) ;
#7255 = DIRECTION ( 'NONE',  ( 0.000000000000000000, 0.000000000000000000, 1.000000000000000000 ) ) ;
#7256 = CARTESIAN_POINT ( 'NONE',  ( 64.99999999999994316, -35.03589838486224295, -6.400000000000001243 ) ) ;
#7257 = CARTESIAN_POINT ( 'NONE',  ( -62.00000000000000000, 34.13078954500929285, -8.459999999999991971 ) ) ;
#7258 = CARTESIAN_POINT ( 'NONE',  ( 67.99999999999992895, 34.13078954500929285, -20.62223663640860494 ) ) ;
#7259 = DIRECTION ( 'NONE',  ( -1.000000000000000000, 0.000000000000000000, 0.000000000000000000 ) ) ;
#7260 = VERTEX_POINT ( 'NONE', #1148 ) ;
#7261 = ORIENTED_EDGE ( 'NONE', *, *, #1199, .F. ) ;
#7262 = AXIS2_PLACEMENT_3D ( 'NONE', #1674, #4678, #2345 ) ;
#7263 = ORIENTED_EDGE ( 'NONE', *, *, #3421, .F. ) ;
#7264 = DIRECTION ( 'NONE',  ( 1.000000000000000000, 0.000000000000000000, 0.000000000000000000 ) ) ;
#7265 = CARTESIAN_POINT ( 'NONE',  ( 67.12726059530531586, 34.61897591464007462, -8.459999999999991971 ) ) ;
#7266 = ORIENTED_EDGE ( 'NONE', *, *, #2206, .F. ) ;
#7267 = EDGE_CURVE ( 'NONE', #5732, #979, #6604, .T. ) ;
#7268 = CARTESIAN_POINT ( 'NONE',  ( -56.00000000000001421, -38.49999999999991473, 0.000000000000000000 ) ) ;
#7269 = VERTEX_POINT ( 'NONE', #7309 ) ;
#7270 = AXIS2_PLACEMENT_3D ( 'NONE', #624, #3775, #3139 ) ;
#7271 = DIRECTION ( 'NONE',  ( 0.000000000000000000, 0.000000000000000000, 1.000000000000000000 ) ) ;
#7272 = CARTESIAN_POINT ( 'NONE',  ( 10.99999999999999645, 50.98575841387691554, 2.000000000000000000 ) ) ;
#7273 = DIRECTION ( 'NONE',  ( 1.000000000000000000, -0.000000000000000000, 0.000000000000000000 ) ) ;
#7274 = VERTEX_POINT ( 'NONE', #3005 ) ;
#7275 = ADVANCED_FACE ( 'NONE', ( #4782 ), #430, .T. ) ;
#7276 = VERTEX_POINT ( 'NONE', #4896 ) ;
#7277 = CARTESIAN_POINT ( 'NONE',  ( 73.00000000000001421, 37.50000000000000000, 2.000000000000000000 ) ) ;
#7278 = CARTESIAN_POINT ( 'NONE',  ( 66.99999999999991473, -32.25130018433432610, -6.742283229823994084 ) ) ;
#7279 = LINE ( 'NONE', #4790, #2682 ) ;
#7280 = CIRCLE ( 'NONE', #3989, 3.999999999999989786 ) ;
#7281 = EDGE_CURVE ( 'NONE', #200, #3192, #5345, .T. ) ;
#7282 = DIRECTION ( 'NONE',  ( 0.000000000000000000, 0.000000000000000000, 1.000000000000000000 ) ) ;
#7283 = CARTESIAN_POINT ( 'NONE',  ( 3.000000000000014655, 8.131516293641333545E-16, -8.511675595743399825 ) ) ;
#7284 = ADVANCED_FACE ( 'NONE', ( #2407 ), #3555, .F. ) ;
#7285 = ORIENTED_EDGE ( 'NONE', *, *, #3002, .F. ) ;
#7286 = ORIENTED_EDGE ( 'NONE', *, *, #2409, .F. ) ;
#7287 = CARTESIAN_POINT ( 'NONE',  ( -61.99999999999995737, -36.76794919243108950, -6.400000000000001243 ) ) ;
#7288 = AXIS2_PLACEMENT_3D ( 'NONE', #7132, #1719, #5952 ) ;
#7289 = DIRECTION ( 'NONE',  ( 1.000000000000000000, 0.000000000000000000, 0.000000000000000000 ) ) ;
#7290 = ORIENTED_EDGE ( 'NONE', *, *, #1777, .F. ) ;
#7291 = CARTESIAN_POINT ( 'NONE',  ( 64.89999999999997726, -41.90636658821878768, -6.400000000000001243 ) ) ;
#7292 = CARTESIAN_POINT ( 'NONE',  ( -67.49999999999997158, 37.50000000000000000, 2.000000000000000000 ) ) ;
#7293 = DIRECTION ( 'NONE',  ( -0.000000000000000000, -0.000000000000000000, 1.000000000000000000 ) ) ;
#7294 = EDGE_CURVE ( 'NONE', #4686, #7029, #5722, .T. ) ;
#7295 = CARTESIAN_POINT ( 'NONE',  ( -64.99999999999998579, 41.73316150746188669, -6.400000000000001243 ) ) ;
#7296 = PLANE ( 'NONE',  #5538 ) ;
#7297 = LINE ( 'NONE', #4806, #1852 ) ;
#7298 = ADVANCED_FACE ( 'NONE', ( #6716 ), #1678, .T. ) ;
#7299 = VERTEX_POINT ( 'NONE', #7790 ) ;
#7300 = AXIS2_PLACEMENT_3D ( 'NONE', #6499, #7088, #424 ) ;
#7301 = EDGE_LOOP ( 'NONE', ( #2324, #3513, #4585, #5036, #195 ) ) ;
#7302 = CARTESIAN_POINT ( 'NONE',  ( -61.45516887613959511, -36.06603773584897965, -8.459999999999991971 ) ) ;
#7303 = CARTESIAN_POINT ( 'NONE',  ( 67.99999999999995737, -36.76794919243112503, 2.000000000000000000 ) ) ;
#7304 = ORIENTED_EDGE ( 'NONE', *, *, #521, .F. ) ;
#7305 = AXIS2_PLACEMENT_3D ( 'NONE', #4658, #7751, #7035 ) ;
#7306 = TOROIDAL_SURFACE ( 'NONE', #4775, 4.425786437626966219, 1.000000000000000000 ) ;
#7307 = DIRECTION ( 'NONE',  ( -0.000000000000000000, -0.000000000000000000, 1.000000000000000000 ) ) ;
#7308 = VERTEX_POINT ( 'NONE', #4230 ) ;
#7309 = CARTESIAN_POINT ( 'NONE',  ( 67.43396226415087824, 34.95516887613962353, 0.000000000000000000 ) ) ;
#7310 = PLANE ( 'NONE',  #2860 ) ;
#7311 = DIRECTION ( 'NONE',  ( 0.7071067811865376918, 0.000000000000000000, 0.7071067811865574537 ) ) ;
#7312 = ORIENTED_EDGE ( 'NONE', *, *, #3137, .T. ) ;
#7313 = ORIENTED_EDGE ( 'NONE', *, *, #1919, .T. ) ;
#7314 = CARTESIAN_POINT ( 'NONE',  ( 59.50614362763141685, -40.49999999999999289, -7.461059451568199385 ) ) ;
#7315 = DIRECTION ( 'NONE',  ( 1.000000000000000000, 0.000000000000000000, 0.000000000000000000 ) ) ;
#7316 = ADVANCED_FACE ( 'NONE', ( #6638 ), #7236, .T. ) ;
#7317 = CARTESIAN_POINT ( 'NONE',  ( -3.999999999999980904, -24.10119365360506904, 1.000000000000000888 ) ) ;
#7318 = AXIS2_PLACEMENT_3D ( 'NONE', #3297, #5710, #5235 ) ;
#7319 = CARTESIAN_POINT ( 'NONE',  ( -10.99999999999999645, 49.98575841387692265, 2.000000000000000000 ) ) ;
#7320 = EDGE_CURVE ( 'NONE', #6025, #2224, #3834, .T. ) ;
#7321 = CARTESIAN_POINT ( 'NONE',  ( -65.00000000000000000, 38.49999999999999289, 0.000000000000000000 ) ) ;
#7322 = ORIENTED_EDGE ( 'NONE', *, *, #2890, .F. ) ;
#7323 = VERTEX_POINT ( 'NONE', #5333 ) ;
#7324 = DIRECTION ( 'NONE',  ( 1.000000000000000000, 0.000000000000000000, 0.000000000000000000 ) ) ;
#7325 = AXIS2_PLACEMENT_3D ( 'NONE', #4968, #5639, #270 ) ;
#7326 = CARTESIAN_POINT ( 'NONE',  ( 0.000000000000000000, -33.56274646641389836, 2.000000000000000000 ) ) ;
#7327 = EDGE_LOOP ( 'NONE', ( #1614, #2901, #5717, #5788 ) ) ;
#7328 = DIRECTION ( 'NONE',  ( 0.7071067811865511255, 0.000000000000000000, 0.7071067811865440200 ) ) ;
#7329 = CARTESIAN_POINT ( 'NONE',  ( 64.99999999999995737, -38.49999999999999289, -7.459999999999991971 ) ) ;
#7330 = FACE_OUTER_BOUND ( 'NONE', #3245, .T. ) ;
#7331 = LINE ( 'NONE', #737, #5756 ) ;
#7332 = LINE ( 'NONE', #1914, #7433 ) ;
#7333 = CARTESIAN_POINT ( 'NONE',  ( 0.000000000000000000, 0.000000000000000000, -6.400000000000001243 ) ) ;
#7334 = EDGE_LOOP ( 'NONE', ( #7737, #6050, #5163, #3273, #5808, #6289, #3203, #2072, #595, #3641, #1853, #2676, #7238, #3789, #6914, #2693, #3574 ) ) ;
#7335 = ORIENTED_EDGE ( 'NONE', *, *, #992, .T. ) ;
#7336 = ORIENTED_EDGE ( 'NONE', *, *, #2442, .T. ) ;
#7337 = CYLINDRICAL_SURFACE ( 'NONE', #6438, 0.2000000000000057288 ) ;
#7338 = EDGE_CURVE ( 'NONE', #5739, #6904, #4267, .T. ) ;
#7339 = DIRECTION ( 'NONE',  ( 1.000000000000000000, 0.000000000000000000, 0.000000000000000000 ) ) ;
#7340 = CARTESIAN_POINT ( 'NONE',  ( 62.99999999999997158, -34.13078954500929285, -8.385224927784188154 ) ) ;
#7341 = EDGE_CURVE ( 'NONE', #380, #1941, #2058, .T. ) ;
#7342 = AXIS2_PLACEMENT_3D ( 'NONE', #6299, #850, #299 ) ;
#7343 = ORIENTED_EDGE ( 'NONE', *, *, #6069, .T. ) ;
#7344 = DIRECTION ( 'NONE',  ( -0.000000000000000000, -0.000000000000000000, -1.000000000000000000 ) ) ;
#7345 = EDGE_CURVE ( 'NONE', #4063, #2895, #5332, .T. ) ;
#7346 = CARTESIAN_POINT ( 'NONE',  ( 57.99090833947008150, 46.00000000000000000, 2.000000000000000000 ) ) ;
#7347 = ORIENTED_EDGE ( 'NONE', *, *, #1786, .T. ) ;
#7348 = CARTESIAN_POINT ( 'NONE',  ( 1.962405932198763026E-14, -26.16274646641389268, 0.000000000000000000 ) ) ;
#7349 = LINE ( 'NONE', #7272, #3870 ) ;
#7350 = VECTOR ( 'NONE', #7328, 1000.000000000000000 ) ;
#7351 = CARTESIAN_POINT ( 'NONE',  ( -74.99999999999998579, 37.50000000000000000, 2.000000000000000000 ) ) ;
#7352 = EDGE_LOOP ( 'NONE', ( #4623, #1475, #3915, #7554 ) ) ;
#7353 = VECTOR ( 'NONE', #6917, 1000.000000000000227 ) ;
#7354 = ORIENTED_EDGE ( 'NONE', *, *, #1397, .T. ) ;
#7355 = CARTESIAN_POINT ( 'NONE',  ( 67.99999999999997158, 40.23205080756886787, -6.400000000000001243 ) ) ;
#7356 = AXIS2_PLACEMENT_3D ( 'NONE', #2454, #6057, #1271 ) ;
#7357 = DIRECTION ( 'NONE',  ( 1.000000000000000000, 0.000000000000000000, 0.000000000000000000 ) ) ;
#7358 = DIRECTION ( 'NONE',  ( -4.040919229890095739E-16, -1.000000000000000000, 0.000000000000000000 ) ) ;
#7359 = CARTESIAN_POINT ( 'NONE',  ( -67.79999999999994031, -40.11658075373091492, 2.000000000000000000 ) ) ;
#7360 = AXIS2_PLACEMENT_3D ( 'NONE', #1650, #4066, #3469 ) ;
#7361 = CARTESIAN_POINT ( 'NONE',  ( -58.00000000000002132, -36.49999999999991473, -6.019890110719622989 ) ) ;
#7362 = VERTEX_POINT ( 'NONE', #1264 ) ;
#7363 = EDGE_CURVE ( 'NONE', #4536, #244, #4561, .T. ) ;
#7364 = ORIENTED_EDGE ( 'NONE', *, *, #7558, .T. ) ;
#7365 = DIRECTION ( 'NONE',  ( -0.000000000000000000, -0.000000000000000000, -1.000000000000000000 ) ) ;
#7366 = DIRECTION ( 'NONE',  ( 1.000000000000000000, 0.000000000000000000, 0.000000000000000000 ) ) ;
#7368 = EDGE_CURVE ( 'NONE', #1140, #4434, #3075, .T. ) ;
#7367 = AXIS2_PLACEMENT_3D ( 'NONE', #1089, #3539, #4643 ) ;
#7369 = LINE ( 'NONE', #1953, #2421 ) ;
#7370 = LINE ( 'NONE', #2389, #6635 ) ;
#7371 = CARTESIAN_POINT ( 'NONE',  ( -67.49999999999997158, -41.50000000000000000, 2.000000000000000000 ) ) ;
#7372 = LINE ( 'NONE', #6859, #3619 ) ;
#7373 = CARTESIAN_POINT ( 'NONE',  ( -66.99999999999994316, 33.77278170635818810, -8.167106781186573627 ) ) ;
#7374 = CLOSED_SHELL ( 'NONE', ( #4776, #2982, #3688, #7574, #4576, #7275, #7684, #679, #5179, #235, #5255, #7658, #947, #2361, #565, #2216, #5539, #6832, #1185, #5887, #2068, #4627, #5135, #6236, #282, #6808, #2415, #6146, #4185, #7439, #5072, #2247, #4335, #4804, #7810, #204, #2941, #1612, #6953, #6185, #826, #4850, #3458, #525, #6978, #2561, #3721, #1889, #4668, #844, #2051, #3322, #7030, #463, #6264, #6940, #7094, #7535, #1670, #6127, #810, #4486, #1492, #2778, #246, #4435, #4298, #7767, #898, #1525, #2236, #2837, #3242, #641, #6713, #4857, #4419, #4919, #2704, #2478, #6923, #1764, #7298, #4340, #5291, #6709, #6703, #1023, #3116, #2106, #4958, #4582, #5575, #1455, #3517, #585, #4965, #6880, #1157, #7134, #4911, #7729, #2641, #1212, #3039, #7463, #806, #3327, #4243, #4023, #5680, #7101, #346, #6548, #4816, #6138, #3799, #33, #518, #4466, #6089, #6805, #1817, #442, #6008, #5487, #1105, #3949, #285, #788, #4923, #6420, #533, #3621, #5875, #5310, #1410, #5500, #2011, #3558, #3547, #4196, #4476, #566, #6465, #5120, #7226, #6285, #2596, #6980, #5529, #1938, #4551, #7779, #2874, #7677, #4860, #3905, #5019, #7561, #1586, #2353, #7284, #378, #1305, #993, #706, #2304, #5935, #3974, #3261, #549, #5461, #2760, #6360, #5410, #3570, #5335, #6545, #6350, #867, #942, #5651, #5360, #1036, #3416, #7244, #7660, #320, #2196, #718, #140, #2493, #3934, #6862, #4346, #2607, #5981, #4184, #298, #3752, #148, #1960, #6629, #2208, #3599, #1099, #7718, #1899, #5963, #4899, #44, #5356, #3515, #1911, #6616, #4210, #6281, #49, #666, #4571, #3957, #5745, #1384, #1340, #2792, #5646, #2577, #2162, #2557, #6877, #2244, #4553, #5772, #2999, #2748, #5453, #1080, #3366, #7481, #3991, #7316, #860, #2451 ) ) ;
#7375 = DIRECTION ( 'NONE',  ( 2.710505431213764536E-16, -1.000000000000000000, 0.000000000000000000 ) ) ;
#7376 = VERTEX_POINT ( 'NONE', #1566 ) ;
#7377 = EDGE_LOOP ( 'NONE', ( #4148, #5943, #6790, #3011 ) ) ;
#7378 = ORIENTED_EDGE ( 'NONE', *, *, #5495, .F. ) ;
#7379 = CARTESIAN_POINT ( 'NONE',  ( 60.27278170635815968, 36.50000000000001421, -8.167106781186545206 ) ) ;
#7380 = ORIENTED_EDGE ( 'NONE', *, *, #3666, .F. ) ;
#7381 = DIRECTION ( 'NONE',  ( -0.8660254037844388186, 0.4999999999999997224, 0.000000000000000000 ) ) ;
#7382 = VERTEX_POINT ( 'NONE', #206 ) ;
#7383 = EDGE_CURVE ( 'NONE', #7122, #4223, #6000, .T. ) ;
#7384 = VERTEX_POINT ( 'NONE', #1343 ) ;
#7385 = EDGE_CURVE ( 'NONE', #4645, #4467, #4422, .T. ) ;
#7386 = CARTESIAN_POINT ( 'NONE',  ( -56.50797727366858680, -37.16110550807445634, -4.703898613115178762 ) ) ;
#7387 = CARTESIAN_POINT ( 'NONE',  ( 66.12405520037303575, -29.84014934010443554, -4.568304053359947048 ) ) ;
#7388 = ORIENTED_EDGE ( 'NONE', *, *, #100, .F. ) ;
#7389 = CIRCLE ( 'NONE', #5134, 3.499999999999997780 ) ;
#7390 = DIRECTION ( 'NONE',  ( -0.000000000000000000, -0.000000000000000000, -1.000000000000000000 ) ) ;
#7391 = EDGE_CURVE ( 'NONE', #2125, #183, #389, .T. ) ;
#7392 = DIRECTION ( 'NONE',  ( 1.000000000000000000, 0.000000000000000000, 0.000000000000000000 ) ) ;
#7393 = CARTESIAN_POINT ( 'NONE',  ( 64.99999999999995737, 38.50000000000000711, -20.62223663640860494 ) ) ;
#7394 = ORIENTED_EDGE ( 'NONE', *, *, #7191, .F. ) ;
#7395 = ORIENTED_EDGE ( 'NONE', *, *, #7786, .T. ) ;
#7396 = CARTESIAN_POINT ( 'NONE',  ( -60.49868155969899419, 40.49999999999998579, -8.335965212114825107 ) ) ;
#7397 = AXIS2_PLACEMENT_3D ( 'NONE', #610, #6053, #6176 ) ;
#7398 = PLANE ( 'NONE',  #7232 ) ;
#7399 = DIRECTION ( 'NONE',  ( 0.8660254037844387076, -0.4999999999999999445, 0.000000000000000000 ) ) ;
#7400 = AXIS2_PLACEMENT_3D ( 'NONE', #2453, #720, #3127 ) ;
#7401 = DIRECTION ( 'NONE',  ( -0.000000000000000000, -0.000000000000000000, 1.000000000000000000 ) ) ;
#7402 = ORIENTED_EDGE ( 'NONE', *, *, #3310, .T. ) ;
#7403 = ORIENTED_EDGE ( 'NONE', *, *, #4090, .F. ) ;
#7404 = CARTESIAN_POINT ( 'NONE',  ( -65.00000000000000000, 38.49999999999999289, 0.000000000000000000 ) ) ;
#7405 = CARTESIAN_POINT ( 'NONE',  ( 66.99999999999991473, -34.13078954500927864, -8.459999999999991971 ) ) ;
#7406 = DIRECTION ( 'NONE',  ( 0.7071067811865481278, 0.7071067811865469066, 0.000000000000000000 ) ) ;
#7407 = VECTOR ( 'NONE', #4387, 1000.000000000000000 ) ;
#7408 = CYLINDRICAL_SURFACE ( 'NONE', #161, 4.000000000000000888 ) ;
#7409 = CARTESIAN_POINT ( 'NONE',  ( 67.12726059530531586, 34.61897591464007462, -8.459999999999991971 ) ) ;
#7410 = DIRECTION ( 'NONE',  ( -0.4999999999999999445, -0.8660254037844387076, 0.000000000000000000 ) ) ;
#7411 = DIRECTION ( 'NONE',  ( 0.000000000000000000, 0.000000000000000000, 1.000000000000000000 ) ) ;
#7412 = EDGE_CURVE ( 'NONE', #6991, #1123, #809, .T. ) ;
#7413 = LINE ( 'NONE', #1326, #5527 ) ;
#7414 = ORIENTED_EDGE ( 'NONE', *, *, #4727, .T. ) ;
#7415 = VECTOR ( 'NONE', #3213, 999.9999999999998863 ) ;
#7416 = ORIENTED_EDGE ( 'NONE', *, *, #2165, .T. ) ;
#7417 = ORIENTED_EDGE ( 'NONE', *, *, #6049, .T. ) ;
#7418 = CARTESIAN_POINT ( 'NONE',  ( -66.99999999999994316, -34.13078954500927154, -8.385224927784188154 ) ) ;
#7419 = ORIENTED_EDGE ( 'NONE', *, *, #6992, .F. ) ;
#7420 = CARTESIAN_POINT ( 'NONE',  ( -67.99999999999994316, -34.13078954500927154, -8.459999999999991971 ) ) ;
#7421 = CARTESIAN_POINT ( 'NONE',  ( -4.499999999999979572, -26.16274646641389268, 0.000000000000000000 ) ) ;
#7422 = EDGE_CURVE ( 'NONE', #7061, #381, #5573, .T. ) ;
#7423 = EDGE_CURVE ( 'NONE', #2073, #4824, #168, .T. ) ;
#7424 = CIRCLE ( 'NONE', #1608, 1.000000000000000888 ) ;
#7425 = VECTOR ( 'NONE', #7674, 999.9999999999998863 ) ;
#7426 = ORIENTED_EDGE ( 'NONE', *, *, #3087, .F. ) ;
#7427 = CARTESIAN_POINT ( 'NONE',  ( 66.80670412799096880, 30.61032245169759491, -5.207139044747470358 ) ) ;
#7428 = CARTESIAN_POINT ( 'NONE',  ( 67.79999999999996874, 40.11658075373093624, -6.400000000000001243 ) ) ;
#7429 = ORIENTED_EDGE ( 'NONE', *, *, #6765, .T. ) ;
#7430 = EDGE_CURVE ( 'NONE', #3423, #7664, #7104, .T. ) ;
#7431 = CIRCLE ( 'NONE', #2369, 0.2000000000000057288 ) ;
#7432 = CIRCLE ( 'NONE', #4646, 0.2000000000000057288 ) ;
#7433 = VECTOR ( 'NONE', #926, 1000.000000000000000 ) ;
#7434 = CARTESIAN_POINT ( 'NONE',  ( 65.50000000000000000, 37.50000000000000000, 2.000000000000000000 ) ) ;
#7435 = LINE ( 'NONE', #3797, #1595 ) ;
#7436 = DIRECTION ( 'NONE',  ( -0.000000000000000000, -0.000000000000000000, 1.000000000000000000 ) ) ;
#7437 = ORIENTED_EDGE ( 'NONE', *, *, #5780, .T. ) ;
#7438 = ORIENTED_EDGE ( 'NONE', *, *, #3351, .T. ) ;
#7439 = ADVANCED_FACE ( 'NONE', ( #5616 ), #5020, .T. ) ;
#7440 = DIRECTION ( 'NONE',  ( 1.000000000000000000, 0.000000000000000000, 0.000000000000000000 ) ) ;
#7441 = EDGE_CURVE ( 'NONE', #2001, #2205, #3442, .T. ) ;
#7442 = CARTESIAN_POINT ( 'NONE',  ( 65.09999999999998010, -41.90636658821878768, 2.000000000000000000 ) ) ;
#7443 = CARTESIAN_POINT ( 'NONE',  ( -66.99999999999994316, 34.13078954500927154, -8.385224927784188154 ) ) ;
#7444 = ORIENTED_EDGE ( 'NONE', *, *, #292, .F. ) ;
#7445 = ORIENTED_EDGE ( 'NONE', *, *, #209, .F. ) ;
#7446 = CYLINDRICAL_SURFACE ( 'NONE', #4399, 0.1999999999999987899 ) ;
#7447 = FACE_BOUND ( 'NONE', #3032, .T. ) ;
#7448 = EDGE_CURVE ( 'NONE', #7096, #3148, #1423, .T. ) ;
#7449 = DIRECTION ( 'NONE',  ( 1.000000000000000000, -0.000000000000000000, 0.000000000000000000 ) ) ;
#7450 = CARTESIAN_POINT ( 'NONE',  ( -60.63078954500921469, -41.49999999999992184, 0.000000000000000000 ) ) ;
#7451 = CARTESIAN_POINT ( 'NONE',  ( -61.99999999999995737, -36.76794919243108950, 2.000000000000000000 ) ) ;
#7452 = CARTESIAN_POINT ( 'NONE',  ( -67.49999999999997158, 37.50000000000000000, 2.000000000000000000 ) ) ;
#7453 = CARTESIAN_POINT ( 'NONE',  ( 55.99972711092086541, -38.64959029205209617, -4.299787752878618363 ) ) ;
#7454 = AXIS2_PLACEMENT_3D ( 'NONE', #4771, #3072, #1180 ) ;
#7455 = ORIENTED_EDGE ( 'NONE', *, *, #1436, .T. ) ;
#7456 = ORIENTED_EDGE ( 'NONE', *, *, #3334, .T. ) ;
#7457 = CARTESIAN_POINT ( 'NONE',  ( 57.11032245169754162, 36.69329587200898857, -5.207139044747451706 ) ) ;
#7458 = ORIENTED_EDGE ( 'NONE', *, *, #6460, .T. ) ;
#7459 = CARTESIAN_POINT ( 'NONE',  ( 62.99999999999997158, -34.13078954500929285, -8.385224927784188154 ) ) ;
#7460 = FACE_OUTER_BOUND ( 'NONE', #4307, .T. ) ;
#7461 = B_SPLINE_CURVE_WITH_KNOTS ( 'NONE', 3,
 ( #2988, #4287, #6697, #1284 ),
 .UNSPECIFIED., .F., .F.,
 ( 4, 4 ),
 ( 0.000000000000000000, 0.003126612814703684257 ),
 .UNSPECIFIED. ) ;
#7462 = LINE ( 'NONE', #1456, #2649 ) ;
#7463 = ADVANCED_FACE ( 'NONE', ( #6249 ), #3970, .F. ) ;
#7464 = ORIENTED_EDGE ( 'NONE', *, *, #2346, .F. ) ;
#7465 = EDGE_CURVE ( 'NONE', #3613, #7499, #5650, .T. ) ;
#7466 = DIRECTION ( 'NONE',  ( -0.000000000000000000, -0.000000000000000000, -1.000000000000000000 ) ) ;
#7467 = B_SPLINE_CURVE_WITH_KNOTS ( 'NONE', 3,
 ( #7361, #766, #1903, #688 ),
 .UNSPECIFIED., .F., .F.,
 ( 4, 4 ),
 ( 0.000000000000000000, 0.003126612814703598388 ),
 .UNSPECIFIED. ) ;
#7468 = CIRCLE ( 'NONE', #35, 4.000000000000003553 ) ;
#7469 = CARTESIAN_POINT ( 'NONE',  ( -52.99090833947008150, 47.16642294966062821, 2.000000000000000000 ) ) ;
#7470 = ORIENTED_EDGE ( 'NONE', *, *, #6429, .T. ) ;
#7471 = ORIENTED_EDGE ( 'NONE', *, *, #1400, .F. ) ;
#7472 = CIRCLE ( 'NONE', #4952, 0.2000000000000057288 ) ;
#7473 = DIRECTION ( 'NONE',  ( 1.000000000000000000, 2.081668171172166620E-14, 0.000000000000000000 ) ) ;
#7474 = DIRECTION ( 'NONE',  ( -0.000000000000000000, -0.000000000000000000, 1.000000000000000000 ) ) ;
#7475 = CARTESIAN_POINT ( 'NONE',  ( 64.99999999999995737, -38.49999999999999289, -8.459999999999991971 ) ) ;
#7476 = EDGE_CURVE ( 'NONE', #3954, #2857, #3240, .T. ) ;
#7477 = AXIS2_PLACEMENT_3D ( 'NONE', #1444, #4512, #3851 ) ;
#7478 = ORIENTED_EDGE ( 'NONE', *, *, #3625, .T. ) ;
#7479 = AXIS2_PLACEMENT_3D ( 'NONE', #176, #2572, #3803 ) ;
#7480 = ORIENTED_EDGE ( 'NONE', *, *, #7115, .T. ) ;
#7481 = ADVANCED_FACE ( 'NONE', ( #7572 ), #2181, .F. ) ;
#7482 = LINE ( 'NONE', #4954, #7813 ) ;
#7483 = CARTESIAN_POINT ( 'NONE',  ( -62.00000000000000000, 40.11658075373094334, 2.000000000000000000 ) ) ;
#7484 = DIRECTION ( 'NONE',  ( 0.000000000000000000, 0.000000000000000000, 1.000000000000000000 ) ) ;
#7485 = LINE ( 'NONE', #2582, #5954 ) ;
#7486 = ORIENTED_EDGE ( 'NONE', *, *, #1683, .F. ) ;
#7487 = AXIS2_PLACEMENT_3D ( 'NONE', #911, #7358, #6844 ) ;
#7488 = CARTESIAN_POINT ( 'NONE',  ( -67.99999999999994316, -34.13078954500927154, -20.62223663640860494 ) ) ;
#7489 = LINE ( 'NONE', #189, #216 ) ;
#7490 = DIRECTION ( 'NONE',  ( 0.000000000000000000, 0.7071067811865378028, -0.7071067811865573427 ) ) ;
#7491 = EDGE_CURVE ( 'NONE', #3650, #2977, #972, .T. ) ;
#7492 = EDGE_LOOP ( 'NONE', ( #3505, #275, #6922, #7764 ) ) ;
#7493 = VECTOR ( 'NONE', #1388, 1000.000000000000000 ) ;
#7494 = ORIENTED_EDGE ( 'NONE', *, *, #3525, .F. ) ;
#7495 = LINE ( 'NONE', #2074, #6318 ) ;
#7496 = VERTEX_POINT ( 'NONE', #5201 ) ;
#7497 = CARTESIAN_POINT ( 'NONE',  ( 2.000000000000012879, -18.76274646641389765, 1.000000000000000888 ) ) ;
#7498 = DIRECTION ( 'NONE',  ( 0.000000000000000000, 0.000000000000000000, -1.000000000000000000 ) ) ;
#7499 = VERTEX_POINT ( 'NONE', #1133 ) ;
#7500 = DIRECTION ( 'NONE',  ( -0.000000000000000000, 0.000000000000000000, 1.000000000000000000 ) ) ;
#7501 = CARTESIAN_POINT ( 'NONE',  ( 60.49851384451555703, -36.49999999999999289, -8.335902675378468629 ) ) ;
#7502 = ORIENTED_EDGE ( 'NONE', *, *, #7195, .F. ) ;
#7503 = CYLINDRICAL_SURFACE ( 'NONE', #6903, 1.649999999999998579 ) ;
#7504 = EDGE_CURVE ( 'NONE', #7274, #7734, #2564, .T. ) ;
#7505 = DIRECTION ( 'NONE',  ( 0.000000000000000000, 0.000000000000000000, -1.000000000000000000 ) ) ;
#7506 = EDGE_LOOP ( 'NONE', ( #3536, #1561, #1309, #5687 ) ) ;
#7507 = ORIENTED_EDGE ( 'NONE', *, *, #4826, .F. ) ;
#7508 = LINE ( 'NONE', #2573, #914 ) ;
#7509 = DIRECTION ( 'NONE',  ( 1.000000000000000000, 0.000000000000000000, 0.000000000000000000 ) ) ;
#7510 = DIRECTION ( 'NONE',  ( -0.000000000000000000, -0.000000000000000000, 1.000000000000000000 ) ) ;
#7511 = VECTOR ( 'NONE', #4838, 1000.000000000000000 ) ;
#7512 = ORIENTED_EDGE ( 'NONE', *, *, #4732, .T. ) ;
#7513 = VERTEX_POINT ( 'NONE', #3541 ) ;
#7514 = DIRECTION ( 'NONE',  ( -1.000000000000000000, -3.469446951953611033E-14, 0.000000000000000000 ) ) ;
#7515 = CARTESIAN_POINT ( 'NONE',  ( 64.99999999999995737, 38.50000000000000711, -8.459999999999991971 ) ) ;
#7516 = B_SPLINE_CURVE_WITH_KNOTS ( 'NONE', 3,
 ( #2832, #5284, #4726, #1605 ),
 .UNSPECIFIED., .F., .F.,
 ( 4, 4 ),
 ( 0.0004277666603172973112, 0.0008467977387968500221 ),
 .UNSPECIFIED. ) ;
#7517 = FACE_OUTER_BOUND ( 'NONE', #343, .T. ) ;
#7518 = CARTESIAN_POINT ( 'NONE',  ( -58.00000000000002132, -36.49999999999991473, -6.019890110719622989 ) ) ;
#7519 = ORIENTED_EDGE ( 'NONE', *, *, #4301, .T. ) ;
#7520 = EDGE_CURVE ( 'NONE', #7253, #4104, #5873, .T. ) ;
#7521 = VECTOR ( 'NONE', #4825, 999.9999999999997726 ) ;
#7522 = CARTESIAN_POINT ( 'NONE',  ( -65.09999999999995168, -41.90636658821875926, 2.000000000000000000 ) ) ;
#7523 = AXIS2_PLACEMENT_3D ( 'NONE', #3697, #3733, #6112 ) ;
#7524 = CARTESIAN_POINT ( 'NONE',  ( 67.79999999999996874, 40.11658075373093624, -6.400000000000001243 ) ) ;
#7525 = EDGE_CURVE ( 'NONE', #4886, #4432, #4764, .T. ) ;
#7526 = CARTESIAN_POINT ( 'NONE',  ( -3.111111111111092065, -27.76617643193186780, 1.000000000000000888 ) ) ;
#7527 = VERTEX_POINT ( 'NONE', #547 ) ;
#7528 = ORIENTED_EDGE ( 'NONE', *, *, #7065, .T. ) ;
#7529 = CARTESIAN_POINT ( 'NONE',  ( -13.00000000000000178, 48.98575841387692265, 0.9999999999999713562 ) ) ;
#7530 = CIRCLE ( 'NONE', #4117, 5.132893218813508796 ) ;
#7531 = EDGE_LOOP ( 'NONE', ( #6294, #3603, #4794, #2159 ) ) ;
#7532 = CARTESIAN_POINT ( 'NONE',  ( -65.00000000000000000, 38.49999999999999289, -8.459999999999991971 ) ) ;
#7533 = DIRECTION ( 'NONE',  ( 0.000000000000000000, -0.7071067811865376918, 0.7071067811865574537 ) ) ;
#7534 = EDGE_CURVE ( 'NONE', #5721, #3736, #7131, .T. ) ;
#7535 = ADVANCED_FACE ( 'NONE', ( #6544 ), #1054, .F. ) ;
#7536 = CIRCLE ( 'NONE', #2480, 4.299999999999998046 ) ;
#7537 = ORIENTED_EDGE ( 'NONE', *, *, #5882, .T. ) ;
#7538 = VECTOR ( 'NONE', #4232, 1000.000000000000000 ) ;
#7539 = CARTESIAN_POINT ( 'NONE',  ( 63.56466158446561110, 30.10118522780074457, -4.780016760124769171 ) ) ;
#7540 = DIRECTION ( 'NONE',  ( 1.000000000000000000, 0.000000000000000000, 0.000000000000000000 ) ) ;
#7541 = AXIS2_PLACEMENT_3D ( 'NONE', #4990, #139, #3807 ) ;
#7542 = ORIENTED_EDGE ( 'NONE', *, *, #2890, .T. ) ;
#7543 = AXIS2_PLACEMENT_3D ( 'NONE', #1848, #2554, #6707 ) ;
#7544 = CARTESIAN_POINT ( 'NONE',  ( -60.49851384451559966, 36.49999999999998579, -8.335902675378468629 ) ) ;
#7545 = DIRECTION ( 'NONE',  ( 1.000000000000000000, 0.000000000000000000, 0.000000000000000000 ) ) ;
#7546 = VECTOR ( 'NONE', #4225, 1000.000000000000000 ) ;
#7547 = ORIENTED_EDGE ( 'NONE', *, *, #2112, .F. ) ;
#7548 = ORIENTED_EDGE ( 'NONE', *, *, #589, .F. ) ;
#7549 = UNCERTAINTY_MEASURE_WITH_UNIT (LENGTH_MEASURE( 1.000000000000000082E-05 ), #2431, 'distance_accuracy_value', 'NONE');
#7550 = CARTESIAN_POINT ( 'NONE',  ( 61.99999999999993605, 36.88341924626903534, -6.400000000000001243 ) ) ;
#7551 = AXIS2_PLACEMENT_3D ( 'NONE', #558, #5250, #5922 ) ;
#7552 = FACE_OUTER_BOUND ( 'NONE', #1896, .T. ) ;
#7553 = AXIS2_PLACEMENT_3D ( 'NONE', #6036, #1880, #151 ) ;
#7554 = ORIENTED_EDGE ( 'NONE', *, *, #1141, .T. ) ;
#7555 = EDGE_LOOP ( 'NONE', ( #6124, #4226, #6224, #2523 ) ) ;
#7556 = CARTESIAN_POINT ( 'NONE',  ( 55.99090833947008150, 46.00000000000000000, 2.000000000000000000 ) ) ;
#7557 = FACE_OUTER_BOUND ( 'NONE', #752, .T. ) ;
#7558 = EDGE_CURVE ( 'NONE', #1581, #6916, #5359, .T. ) ;
#7559 = DIRECTION ( 'NONE',  ( -1.000000000000000000, 0.000000000000000000, -0.000000000000000000 ) ) ;
#7560 = DIRECTION ( 'NONE',  ( 1.000000000000000000, 0.000000000000000000, 0.000000000000000000 ) ) ;
#7561 = ADVANCED_FACE ( 'NONE', ( #2990 ), #7093, .F. ) ;
#7562 = CIRCLE ( 'NONE', #1128, 4.499999999999999112 ) ;
#7563 = DIRECTION ( 'NONE',  ( 1.000000000000000000, 0.000000000000000000, 0.000000000000000000 ) ) ;
#7564 = CARTESIAN_POINT ( 'NONE',  ( -63.19228168185428274, -30.61263025016526385, -5.209152092904811404 ) ) ;
#7565 = LINE ( 'NONE', #2144, #1602 ) ;
#7566 = ORIENTED_EDGE ( 'NONE', *, *, #5699, .T. ) ;
#7567 = ORIENTED_EDGE ( 'NONE', *, *, #4095, .F. ) ;
#7568 = LINE ( 'NONE', #7529, #3406 ) ;
#7569 = ORIENTED_EDGE ( 'NONE', *, *, #5780, .F. ) ;
#7570 = DIRECTION ( 'NONE',  ( -0.000000000000000000, -0.000000000000000000, 1.000000000000000000 ) ) ;
#7571 = CARTESIAN_POINT ( 'NONE',  ( 67.89999999999997726, 40.28978583448783013, 2.000000000000000000 ) ) ;
#7572 = FACE_OUTER_BOUND ( 'NONE', #1136, .T. ) ;
#7573 = ORIENTED_EDGE ( 'NONE', *, *, #7448, .T. ) ;
#7574 = ADVANCED_FACE ( 'NONE', ( #6467 ), #7306, .T. ) ;
#7575 = ORIENTED_EDGE ( 'NONE', *, *, #1193, .F. ) ;
#7576 = CARTESIAN_POINT ( 'NONE',  ( -56.26246277062648460, -39.50096416430773161, -4.506365358318354275 ) ) ;
#7577 = EDGE_CURVE ( 'NONE', #4683, #6275, #5241, .T. ) ;
#7578 = DIRECTION ( 'NONE',  ( 1.000000000000000000, 0.000000000000000000, 0.000000000000000000 ) ) ;
#7579 = AXIS2_PLACEMENT_3D ( 'NONE', #3486, #5904, #6344 ) ;
#7580 = ORIENTED_EDGE ( 'NONE', *, *, #5367, .T. ) ;
#7581 = B_SPLINE_CURVE_WITH_KNOTS ( 'NONE', 3,
 ( #2633, #1330, #2551, #7418 ),
 .UNSPECIFIED., .F., .F.,
 ( 4, 4 ),
 ( 0.000000000000000000, 0.0005157067621903805785 ),
 .UNSPECIFIED. ) ;
#7582 = CARTESIAN_POINT ( 'NONE',  ( -60.63078954500929996, 40.49999999999998579, -8.385224927784186377 ) ) ;
#7583 = EDGE_CURVE ( 'NONE', #7499, #7060, #7174, .T. ) ;
#7584 = DIRECTION ( 'NONE',  ( 1.000000000000000000, 0.000000000000000000, 0.000000000000000000 ) ) ;
#7585 = ORIENTED_EDGE ( 'NONE', *, *, #3186, .T. ) ;
#7586 = ORIENTED_EDGE ( 'NONE', *, *, #7412, .F. ) ;
#7587 = CARTESIAN_POINT ( 'NONE',  ( 1.962405932198763026E-14, -26.16274646641389268, 1.000000000000000888 ) ) ;
#7588 = DIRECTION ( 'NONE',  ( 0.000000000000000000, -1.000000000000000000, 0.000000000000000000 ) ) ;
#7589 = VECTOR ( 'NONE', #2320, 1000.000000000000000 ) ;
#7590 = AXIS2_PLACEMENT_3D ( 'NONE', #818, #4407, #3220 ) ;
#7591 = ORIENTED_EDGE ( 'NONE', *, *, #3301, .T. ) ;
#7592 = ORIENTED_EDGE ( 'NONE', *, *, #7748, .T. ) ;
#7593 = CARTESIAN_POINT ( 'NONE',  ( 62.09999999999993037, 36.71021416551214145, 2.000000000000000000 ) ) ;
#7594 = CYLINDRICAL_SURFACE ( 'NONE', #1078, 1.000000000000000000 ) ;
#7595 = AXIS2_PLACEMENT_3D ( 'NONE', #7001, #4626, #3565 ) ;
#7596 = CARTESIAN_POINT ( 'NONE',  ( -63.00000000000000000, 33.99868155969898709, -8.335965212114826883 ) ) ;
#7597 = CARTESIAN_POINT ( 'NONE',  ( -65.09999999999999432, 35.09363341178121232, 2.000000000000000000 ) ) ;
#7598 = DIRECTION ( 'NONE',  ( -0.000000000000000000, -0.000000000000000000, -1.000000000000000000 ) ) ;
#7599 = CARTESIAN_POINT ( 'NONE',  ( -57.99999999999999289, 36.49999999999998579, -6.019890110719553711 ) ) ;
#7600 = VECTOR ( 'NONE', #71, 1000.000000000000000 ) ;
#7601 = CARTESIAN_POINT ( 'NONE',  ( 56.26179273473645281, -39.49977193695973909, -4.505832740837151462 ) ) ;
#7602 = AXIS2_PLACEMENT_3D ( 'NONE', #1550, #7449, #3958 ) ;
#7603 = EDGE_CURVE ( 'NONE', #5027, #3717, #2392, .T. ) ;
#7604 = EDGE_LOOP ( 'NONE', ( #3678, #406, #322, #6689 ) ) ;
#7605 = VERTEX_POINT ( 'NONE', #7217 ) ;
#7606 = DIRECTION ( 'NONE',  ( 1.000000000000000000, 0.000000000000000000, 0.000000000000000000 ) ) ;
#7607 = PLANE ( 'NONE',  #3430 ) ;
#7608 = ORIENTED_EDGE ( 'NONE', *, *, #2488, .T. ) ;
#7609 = CIRCLE ( 'NONE', #6101, 4.299999999999998046 ) ;
#7610 = DIRECTION ( 'NONE',  ( -0.000000000000000000, -0.000000000000000000, 1.000000000000000000 ) ) ;
#7611 = CARTESIAN_POINT ( 'NONE',  ( 65.50000000000000000, -48.00000000000000000, 2.000000000000000000 ) ) ;
#7612 = CIRCLE ( 'NONE', #2295, 7.500000000000007105 ) ;
#7613 = DIRECTION ( 'NONE',  ( -1.000000000000000000, 0.000000000000000000, 0.000000000000000000 ) ) ;
#7614 = CARTESIAN_POINT ( 'NONE',  ( -63.00000000000000000, 33.77278170635818100, -8.167106781186545206 ) ) ;
#7615 = ORIENTED_EDGE ( 'NONE', *, *, #4660, .T. ) ;
#7616 = EDGE_CURVE ( 'NONE', #1482, #2957, #7651, .T. ) ;
#7617 = ORIENTED_EDGE ( 'NONE', *, *, #7039, .T. ) ;
#7618 = DIRECTION ( 'NONE',  ( -0.000000000000000000, -0.000000000000000000, 1.000000000000000000 ) ) ;
#7619 = AXIS2_PLACEMENT_3D ( 'NONE', #345, #2747, #5160 ) ;
#7620 = CARTESIAN_POINT ( 'NONE',  ( 62.19999999999993889, 40.11658075373093624, -6.400000000000001243 ) ) ;
#7621 = ORIENTED_EDGE ( 'NONE', *, *, #7761, .F. ) ;
#7622 = EDGE_CURVE ( 'NONE', #4248, #4951, #3769, .T. ) ;
#7623 = EDGE_CURVE ( 'NONE', #1972, #1961, #4803, .T. ) ;
#7624 = DIRECTION ( 'NONE',  ( 0.000000000000000000, 0.000000000000000000, 1.000000000000000000 ) ) ;
#7625 = ORIENTED_EDGE ( 'NONE', *, *, #5645, .F. ) ;
#7626 = VERTEX_POINT ( 'NONE', #588 ) ;
#7627 = EDGE_CURVE ( 'NONE', #7735, #7068, #3584, .T. ) ;
#7628 = LINE ( 'NONE', #1027, #5215 ) ;
#7629 = DIRECTION ( 'NONE',  ( -0.000000000000000000, -0.000000000000000000, -1.000000000000000000 ) ) ;
#7630 = LINE ( 'NONE', #7151, #2634 ) ;
#7631 = ORIENTED_EDGE ( 'NONE', *, *, #5095, .T. ) ;
#7632 = ORIENTED_EDGE ( 'NONE', *, *, #4855, .T. ) ;
#7633 = CARTESIAN_POINT ( 'NONE',  ( -28.00000000000000355, 50.98575841387691554, 2.000000000000000000 ) ) ;
#7634 = CARTESIAN_POINT ( 'NONE',  ( -10.99999999999999645, 50.98575841387691554, 2.000000000000000000 ) ) ;
#7635 = DIRECTION ( 'NONE',  ( 0.000000000000000000, 0.000000000000000000, 1.000000000000000000 ) ) ;
#7636 = DIRECTION ( 'NONE',  ( -1.000000000000000000, 0.000000000000000000, 0.000000000000000000 ) ) ;
#7637 = CARTESIAN_POINT ( 'NONE',  ( -32.00000000000000000, 50.98575841387691554, 2.000000000000000000 ) ) ;
#7638 = AXIS2_PLACEMENT_3D ( 'NONE', #6736, #7255, #4879 ) ;
#7639 = CARTESIAN_POINT ( 'NONE',  ( -63.03578300543510693, -31.05601555326376229, -5.602310371782470710 ) ) ;
#7640 = DIRECTION ( 'NONE',  ( 1.000000000000000000, 0.000000000000000000, 0.000000000000000000 ) ) ;
#7641 = ORIENTED_EDGE ( 'NONE', *, *, #5836, .T. ) ;
#7642 = ORIENTED_EDGE ( 'NONE', *, *, #4671, .F. ) ;
#7643 = CARTESIAN_POINT ( 'NONE',  ( -61.11897591464004620, -36.37273940469454203, -8.459999999999991971 ) ) ;
#7644 = FACE_OUTER_BOUND ( 'NONE', #803, .T. ) ;
#7645 = ORIENTED_EDGE ( 'NONE', *, *, #7164, .F. ) ;
#7646 = AXIS2_PLACEMENT_3D ( 'NONE', #2773, #408, #5226 ) ;
#7647 = CARTESIAN_POINT ( 'NONE',  ( 65.09999999999996589, 35.09363341178117679, -6.400000000000001243 ) ) ;
#7648 = CYLINDRICAL_SURFACE ( 'NONE', #4980, 1.649999999999998579 ) ;
#7649 = PRODUCT_DEFINITION ( 'UNKNOWN', '', #1496, #1541 ) ;
#7650 = CARTESIAN_POINT ( 'NONE',  ( -2.999999999999980460, -32.56274646641389126, -8.511675595743399825 ) ) ;
#7651 = LINE ( 'NONE', #7773, #7815 ) ;
#7652 = VERTEX_POINT ( 'NONE', #1763 ) ;
#7653 = ORIENTED_EDGE ( 'NONE', *, *, #6069, .F. ) ;
#7654 = DIRECTION ( 'NONE',  ( 0.000000000000000000, 0.000000000000000000, -1.000000000000000000 ) ) ;
#7655 = VERTEX_POINT ( 'NONE', #5996 ) ;
#7656 = CARTESIAN_POINT ( 'NONE',  ( 60.63078954500927154, -41.49999999999999289, 0.000000000000000000 ) ) ;
#7657 = ORIENTED_EDGE ( 'NONE', *, *, #4634, .F. ) ;
#7658 = ADVANCED_FACE ( 'NONE', ( #505 ), #7818, .F. ) ;
#7659 = VECTOR ( 'NONE', #4898, 1000.000000000000000 ) ;
#7660 = ADVANCED_FACE ( 'NONE', ( #2231 ), #989, .T. ) ;
#7661 = CARTESIAN_POINT ( 'NONE',  ( 4.000000000000021316, -24.10119365360507260, 1.000000000000000888 ) ) ;
#7662 = VECTOR ( 'NONE', #6687, 1000.000000000000227 ) ;
#7663 = EDGE_CURVE ( 'NONE', #2271, #2514, #190, .T. ) ;
#7664 = VERTEX_POINT ( 'NONE', #1324 ) ;
#7665 = ORIENTED_EDGE ( 'NONE', *, *, #830, .F. ) ;
#7666 = CARTESIAN_POINT ( 'NONE',  ( 0.000000000000000000, 0.000000000000000000, -6.400000000000001243 ) ) ;
#7667 = CARTESIAN_POINT ( 'NONE',  ( 60.63078954500926443, 36.50000000000001421, -8.385224927784186377 ) ) ;
#7668 = AXIS2_PLACEMENT_3D ( 'NONE', #6426, #7570, #4451 ) ;
#7669 = CARTESIAN_POINT ( 'NONE',  ( 3.000000000000014655, 8.131516293641333545E-16, 1.000000000000000888 ) ) ;
#7670 = VECTOR ( 'NONE', #259, 1000.000000000000000 ) ;
#7671 = ORIENTED_EDGE ( 'NONE', *, *, #6902, .F. ) ;
#7672 = EDGE_CURVE ( 'NONE', #512, #6515, #1120, .T. ) ;
#7673 = EDGE_LOOP ( 'NONE', ( #7458, #4729, #5774, #4661 ) ) ;
#7674 = DIRECTION ( 'NONE',  ( 0.000000000000000000, -0.7071067811865376918, -0.7071067811865574537 ) ) ;
#7675 = CARTESIAN_POINT ( 'NONE',  ( 61.45516887613958801, -36.06603773584905070, 0.000000000000000000 ) ) ;
#7676 = CARTESIAN_POINT ( 'NONE',  ( 3.000000000000022649, -28.22429927922271631, 0.000000000000000000 ) ) ;
#7677 = ADVANCED_FACE ( 'NONE', ( #4922 ), #4328, .F. ) ;
#7678 = CARTESIAN_POINT ( 'NONE',  ( -65.00000000000000000, 38.49999999999999289, -8.459999999999991971 ) ) ;
#7679 = CARTESIAN_POINT ( 'NONE',  ( -64.99999999999998579, 35.03589838486225005, -6.400000000000001243 ) ) ;
#7680 = CIRCLE ( 'NONE', #4270, 1.649999999999998579 ) ;
#7681 = CARTESIAN_POINT ( 'NONE',  ( -56.33891559063462751, 37.37774761024655845, -4.567315106183469808 ) ) ;
#7682 = LINE ( 'NONE', #5232, #609 ) ;
#7683 = ORIENTED_EDGE ( 'NONE', *, *, #7022, .F. ) ;
#7684 = ADVANCED_FACE ( 'NONE', ( #3145 ), #663, .T. ) ;
#7685 = VERTEX_POINT ( 'NONE', #5557 ) ;
#7686 = LINE ( 'NONE', #5156, #5927 ) ;
#7687 = LINE ( 'NONE', #3451, #5597 ) ;
#7688 = ORIENTED_EDGE ( 'NONE', *, *, #1202, .F. ) ;
#7689 = DIRECTION ( 'NONE',  ( 1.000000000000000000, 0.000000000000000000, -0.000000000000000000 ) ) ;
#7690 = LINE ( 'NONE', #7770, #6746 ) ;
#7691 = DIRECTION ( 'NONE',  ( -1.000000000000000000, 0.000000000000000000, 0.000000000000000000 ) ) ;
#7692 = DIRECTION ( 'NONE',  ( 1.000000000000000000, 1.734723475976811433E-15, 0.000000000000000000 ) ) ;
#7693 = ORIENTED_EDGE ( 'NONE', *, *, #1260, .F. ) ;
#7694 = ORIENTED_EDGE ( 'NONE', *, *, #6170, .F. ) ;
#7695 = CARTESIAN_POINT ( 'NONE',  ( -57.77825148307292125, -40.49999999999991473, -5.806673601340400559 ) ) ;
#7696 = CARTESIAN_POINT ( 'NONE',  ( 62.99999999999998579, 34.29425992883389540, -8.446178886083128390 ) ) ;
#7697 = ORIENTED_EDGE ( 'NONE', *, *, #5090, .T. ) ;
#7698 = EDGE_CURVE ( 'NONE', #4758, #4580, #5415, .T. ) ;
#7699 = DIRECTION ( 'NONE',  ( 1.000000000000000000, 0.000000000000000000, 0.000000000000000000 ) ) ;
#7700 = CIRCLE ( 'NONE', #4299, 1.000000000000000444 ) ;
#7701 = EDGE_CURVE ( 'NONE', #7605, #6990, #2545, .T. ) ;
#7702 = EDGE_LOOP ( 'NONE', ( #3408, #6834, #192, #3033 ) ) ;
#7703 = ORIENTED_EDGE ( 'NONE', *, *, #3666, .T. ) ;
#7704 = CARTESIAN_POINT ( 'NONE',  ( -56.99090833947008150, 47.16642294966062821, 2.000000000000000000 ) ) ;
#7705 = PLANE ( 'NONE',  #6837 ) ;
#7706 = DIRECTION ( 'NONE',  ( -0.000000000000000000, -0.000000000000000000, -1.000000000000000000 ) ) ;
#7707 = VERTEX_POINT ( 'NONE', #4882 ) ;
#7708 = ORIENTED_EDGE ( 'NONE', *, *, #152, .F. ) ;
#7709 = CARTESIAN_POINT ( 'NONE',  ( 66.68869927386710117, -30.39736166465748823, -5.025716521494282496 ) ) ;
#7710 = PLANE ( 'NONE',  #325 ) ;
#7711 = CARTESIAN_POINT ( 'NONE',  ( -58.00000000000002132, -36.49999999999991473, 0.000000000000000000 ) ) ;
#7712 = DIRECTION ( 'NONE',  ( 0.000000000000000000, 0.000000000000000000, 1.000000000000000000 ) ) ;
#7713 = B_SPLINE_CURVE_WITH_KNOTS ( 'NONE', 3,
 ( #3959, #5779, #5228, #1660 ),
 .UNSPECIFIED., .F., .F.,
 ( 4, 4 ),
 ( 7.152448122690996019E-18, 0.0005144902296436679482 ),
 .UNSPECIFIED. ) ;
#7714 = CARTESIAN_POINT ( 'NONE',  ( 11.99999999999999822, 49.98575841387692265, 0.000000000000000000 ) ) ;
#7715 = EDGE_CURVE ( 'NONE', #244, #2041, #6416, .T. ) ;
#7716 = DIRECTION ( 'NONE',  ( 1.000000000000000000, 0.000000000000000000, 0.000000000000000000 ) ) ;
#7717 = CARTESIAN_POINT ( 'NONE',  ( -67.99999999999994316, -34.13078954500927154, 0.000000000000000000 ) ) ;
#7718 = ADVANCED_FACE ( 'NONE', ( #1841 ), #4253, .F. ) ;
#7719 = EDGE_LOOP ( 'NONE', ( #5391, #887, #986, #4084 ) ) ;
#7720 = VECTOR ( 'NONE', #5622, 1000.000000000000000 ) ;
#7721 = ORIENTED_EDGE ( 'NONE', *, *, #100, .T. ) ;
#7722 = DIRECTION ( 'NONE',  ( -0.000000000000000000, -0.000000000000000000, -1.000000000000000000 ) ) ;
#7723 = DIRECTION ( 'NONE',  ( 1.000000000000000000, -4.040919229890095739E-16, 0.000000000000000000 ) ) ;
#7724 = VERTEX_POINT ( 'NONE', #6662 ) ;
#7725 = CARTESIAN_POINT ( 'NONE',  ( 64.99999999999997158, 38.50000000000003553, -8.459999999999991971 ) ) ;
#7726 = DIRECTION ( 'NONE',  ( 1.000000000000000000, 0.000000000000000000, 0.000000000000000000 ) ) ;
#7727 = AXIS2_PLACEMENT_3D ( 'NONE', #2332, #2892, #5938 ) ;
#7728 = CARTESIAN_POINT ( 'NONE',  ( 12.00000000000000000, 50.98575841387691554, 2.000000000000000000 ) ) ;
#7729 = ADVANCED_FACE ( 'NONE', ( #6195, #1252 ), #6153, .T. ) ;
#7730 = VECTOR ( 'NONE', #2851, 1000.000000000000000 ) ;
#7731 = SURFACE_STYLE_USAGE ( .BOTH. , #5912 ) ;
#7732 = DIRECTION ( 'NONE',  ( 0.000000000000000000, -1.000000000000000000, 0.000000000000000000 ) ) ;
#7733 = LINE ( 'NONE', #6395, #7025 ) ;
#7734 = VERTEX_POINT ( 'NONE', #3185 ) ;
#7735 = VERTEX_POINT ( 'NONE', #2586 ) ;
#7736 = AXIS2_PLACEMENT_3D ( 'NONE', #7317, #7800, #1901 ) ;
#7737 = ORIENTED_EDGE ( 'NONE', *, *, #7000, .F. ) ;
#7738 = FACE_OUTER_BOUND ( 'NONE', #7604, .T. ) ;
#7739 = VECTOR ( 'NONE', #4394, 1000.000000000000000 ) ;
#7740 = DIRECTION ( 'NONE',  ( 1.000000000000000000, 0.000000000000000000, -0.000000000000000000 ) ) ;
#7741 = ORIENTED_EDGE ( 'NONE', *, *, #6045, .T. ) ;
#7742 = VECTOR ( 'NONE', #6059, 1000.000000000000000 ) ;
#7743 = CARTESIAN_POINT ( 'NONE',  ( -63.00000000000000000, -33.77278170635816679, -8.167106781186573627 ) ) ;
#7744 = AXIS2_PLACEMENT_3D ( 'NONE', #7434, #6385, #713 ) ;
#7745 = ORIENTED_EDGE ( 'NONE', *, *, #5298, .F. ) ;
#7746 = ORIENTED_EDGE ( 'NONE', *, *, #1592, .F. ) ;
#7747 = VECTOR ( 'NONE', #7533, 999.9999999999998863 ) ;
#7748 = EDGE_CURVE ( 'NONE', #5510, #6062, #3660, .T. ) ;
#7749 = CARTESIAN_POINT ( 'NONE',  ( -63.00000000000001421, 31.49999999999997868, -6.019890110719554599 ) ) ;
#7750 = CARTESIAN_POINT ( 'NONE',  ( -67.49999999999997158, 45.00000000000000000, 2.000000000000000000 ) ) ;
#7751 = DIRECTION ( 'NONE',  ( -0.000000000000000000, -0.000000000000000000, -1.000000000000000000 ) ) ;
#7752 = ORIENTED_EDGE ( 'NONE', *, *, #1737, .F. ) ;
#7753 = VECTOR ( 'NONE', #4718, 1000.000000000000000 ) ;
#7754 = ORIENTED_EDGE ( 'NONE', *, *, #5582, .T. ) ;
#7755 = CARTESIAN_POINT ( 'NONE',  ( 65.60336323352420607, -29.58713485301549539, -4.367987734121481225 ) ) ;
#7756 = LINE ( 'NONE', #4745, #1217 ) ;
#7757 = LINE ( 'NONE', #5301, #3939 ) ;
#7758 = DIRECTION ( 'NONE',  ( -1.000000000000000000, 0.000000000000000000, 0.000000000000000000 ) ) ;
#7759 = LINE ( 'NONE', #4630, #167 ) ;
#7760 = FACE_OUTER_BOUND ( 'NONE', #2771, .T. ) ;
#7761 = EDGE_CURVE ( 'NONE', #3449, #3093, #7047, .T. ) ;
#7762 = DIRECTION ( 'NONE',  ( 1.000000000000000000, 0.000000000000000000, 0.000000000000000000 ) ) ;
#7763 = ORIENTED_EDGE ( 'NONE', *, *, #5202, .F. ) ;
#7764 = ORIENTED_EDGE ( 'NONE', *, *, #7338, .F. ) ;
#7765 = DIRECTION ( 'NONE',  ( 1.000000000000000000, 0.000000000000000000, 0.000000000000000000 ) ) ;
#7766 = LINE ( 'NONE', #2340, #5212 ) ;
#7767 = ADVANCED_FACE ( 'NONE', ( #698 ), #7296, .T. ) ;
#7768 = ORIENTED_EDGE ( 'NONE', *, *, #4295, .F. ) ;
#7769 = DIRECTION ( 'NONE',  ( -0.000000000000000000, -0.000000000000000000, 1.000000000000000000 ) ) ;
#7770 = CARTESIAN_POINT ( 'NONE',  ( -55.11222868302973410, 49.28774329322028080, 2.000000000000000000 ) ) ;
#7771 = DIRECTION ( 'NONE',  ( -0.000000000000000000, -0.000000000000000000, 1.000000000000000000 ) ) ;
#7772 = DIRECTION ( 'NONE',  ( 1.000000000000000000, 0.000000000000000000, 0.000000000000000000 ) ) ;
#7773 = CARTESIAN_POINT ( 'NONE',  ( -64.89999999999996305, -35.09363341178117679, -6.400000000000001243 ) ) ;
#7774 = DIRECTION ( 'NONE',  ( 1.000000000000000000, 0.000000000000000000, 0.000000000000000000 ) ) ;
#7775 = ORIENTED_EDGE ( 'NONE', *, *, #615, .F. ) ;
#7776 = VECTOR ( 'NONE', #3023, 999.9999999999998863 ) ;
#7777 = EDGE_LOOP ( 'NONE', ( #3333, #935, #1641, #6343 ) ) ;
#7778 = LINE ( 'NONE', #5482, #3669 ) ;
#7779 = ADVANCED_FACE ( 'NONE', ( #5000 ), #1804, .F. ) ;
#7780 = CARTESIAN_POINT ( 'NONE',  ( -27.00000000000000355, 47.98575841387692265, 2.000000000000000000 ) ) ;
#7781 = ORIENTED_EDGE ( 'NONE', *, *, #3378, .F. ) ;
#7782 = EDGE_CURVE ( 'NONE', #4650, #3003, #7332, .T. ) ;
#7783 = VECTOR ( 'NONE', #6943, 1000.000000000000000 ) ;
#7784 = VECTOR ( 'NONE', #3223, 1000.000000000000000 ) ;
#7785 = FACE_BOUND ( 'NONE', #5102, .T. ) ;
#7786 = EDGE_CURVE ( 'NONE', #2880, #3329, #6821, .T. ) ;
#7787 = ORIENTED_EDGE ( 'NONE', *, *, #7115, .F. ) ;
#7788 = VECTOR ( 'NONE', #4423, 1000.000000000000000 ) ;
#7789 = EDGE_LOOP ( 'NONE', ( #5998, #3935, #133, #2435 ) ) ;
#7790 = CARTESIAN_POINT ( 'NONE',  ( 69.29999999999995453, -38.49999999999999289, 0.000000000000000000 ) ) ;
#7791 = DIRECTION ( 'NONE',  ( 1.000000000000000000, 0.000000000000000000, 0.000000000000000000 ) ) ;
#7792 = AXIS2_PLACEMENT_3D ( 'NONE', #6376, #1079, #3483 ) ;
#7793 = CYLINDRICAL_SURFACE ( 'NONE', #2006, 4.299999999999998046 ) ;
#7794 = VERTEX_POINT ( 'NONE', #6303 ) ;
#7795 = VECTOR ( 'NONE', #3620, 1000.000000000000000 ) ;
#7796 = VERTEX_POINT ( 'NONE', #6268 ) ;
#7797 = LINE ( 'NONE', #5016, #628 ) ;
#7798 = LINE ( 'NONE', #7277, #959 ) ;
#7799 = CARTESIAN_POINT ( 'NONE',  ( -12.00000000000000178, 50.98575841387691554, 2.000000000000000000 ) ) ;
#7800 = DIRECTION ( 'NONE',  ( 0.000000000000000000, 0.000000000000000000, 1.000000000000000000 ) ) ;
#7801 = DIRECTION ( 'NONE',  ( 1.000000000000000000, 0.000000000000000000, 0.000000000000000000 ) ) ;
#7802 = VECTOR ( 'NONE', #272, 1000.000000000000227 ) ;
#7803 = LINE ( 'NONE', #5386, #2359 ) ;
#7804 = ORIENTED_EDGE ( 'NONE', *, *, #3843, .F. ) ;
#7805 = EDGE_CURVE ( 'NONE', #6787, #4786, #1999, .T. ) ;
#7806 = ORIENTED_EDGE ( 'NONE', *, *, #832, .F. ) ;
#7807 = DIRECTION ( 'NONE',  ( 0.000000000000000000, -0.000000000000000000, 1.000000000000000000 ) ) ;
#7808 = CARTESIAN_POINT ( 'NONE',  ( -8.000000000000000000, 50.98575841387691554, 2.000000000000000000 ) ) ;
#7809 = ORIENTED_EDGE ( 'NONE', *, *, #1687, .T. ) ;
#7810 = ADVANCED_FACE ( 'NONE', ( #3923 ), #229, .F. ) ;
#7811 = CIRCLE ( 'NONE', #2003, 1.000000000000000888 ) ;
#7812 = LINE ( 'NONE', #1713, #5528 ) ;
#7813 = VECTOR ( 'NONE', #3176, 1000.000000000000000 ) ;
#7814 = LINE ( 'NONE', #1799, #7795 ) ;
#7815 = VECTOR ( 'NONE', #5279, 1000.000000000000000 ) ;
#7816 = CARTESIAN_POINT ( 'NONE',  ( 61.99999999999995026, -40.23205080756886787, 2.000000000000000000 ) ) ;
#7817 = DIRECTION ( 'NONE',  ( 0.4999999999999907851, -0.4999999999999956701, 0.7071067811865571207 ) ) ;
#7818 = CYLINDRICAL_SURFACE ( 'NONE', #2373, 1.649999999999998579 ) ;
#7819 = CARTESIAN_POINT ( 'NONE',  ( 64.99999999999995737, 38.50000000000000711, -8.167106781186543429 ) ) ;
ENDSEC;
END-ISO-10303-21;
