ISO-10303-21;
HEADER;
FILE_DESCRIPTION (( 'STEP AP214' ),
    '1' );
FILE_NAME ('Колпачок_Энкодера.STEP',
    '2026-08-17T03:33:53',
    ( 'Пользователь Windows' ),
    ( '' ),
    'SwSTEP 2.0',
    'SolidWorks 2023',
    '' );
FILE_SCHEMA (( 'AUTOMOTIVE_DESIGN' ));
ENDSEC;

DATA;
#1 = CARTESIAN_POINT ( 'NONE',  ( -12.99038105676657118, 4.999999999999996447, 7.500000000000009770 ) ) ;
#2 = CARTESIAN_POINT ( 'NONE',  ( 4.511530435645903836, 12.99999999999999822, -13.25315408226436631 ) ) ;
#3 = ORIENTED_EDGE ( 'NONE', *, *, #3126, .F. ) ;
#4 = CARTESIAN_POINT ( 'NONE',  ( -11.61628859643056089, 17.14268327565259753, -5.391169244740116717 ) ) ;
#5 = CARTESIAN_POINT ( 'NONE',  ( -13.25315408226436098, -2.000000000000000000, 5.511530435645918047 ) ) ;
#6 = ORIENTED_EDGE ( 'NONE', *, *, #5653, .T. ) ;
#7 = DIRECTION ( 'NONE',  ( 0.000000000000000000, 0.000000000000000000, -1.000000000000000000 ) ) ;
#8 = TOROIDAL_SURFACE ( 'NONE', #4281, 0.9999999999999995559, 1.000000000000000000 ) ;
#9 = CARTESIAN_POINT ( 'NONE',  ( -14.08130672538107930, 3.901733890749974343, 5.169552048494983509 ) ) ;
#10 = CARTESIAN_POINT ( 'NONE',  ( 8.647868598458281042, 4.999999999999996447, -11.35257835782100422 ) ) ;
#11 = CARTESIAN_POINT ( 'NONE',  ( 14.98116554175119219, 3.907900456521300470, -0.7652844104612269716 ) ) ;
#12 = LINE ( 'NONE', #5281, #2566 ) ;
#13 = CARTESIAN_POINT ( 'NONE',  ( -11.01058956155988611, 16.30222877997778852, -7.207082241702353897 ) ) ;
#14 = AXIS2_PLACEMENT_3D ( 'NONE', #2005, #1969, #5627 ) ;
#15 = CIRCLE ( 'NONE', #4287, 1.000000000000000000 ) ;
#16 = CARTESIAN_POINT ( 'NONE',  ( 13.02887639302648815, 17.01496715519875380, -0.3558985483697117980 ) ) ;
#17 = CARTESIAN_POINT ( 'NONE',  ( -9.626728825538609868, 3.932679644397246044, -11.50360007446238697 ) ) ;
#18 = EDGE_LOOP ( 'NONE', ( #6841, #6423, #1183, #552 ) ) ;
#19 = CARTESIAN_POINT ( 'NONE',  ( -7.963737322594815815, 4.052630740461603764, 11.74485893500188816 ) ) ;
#20 = CARTESIAN_POINT ( 'NONE',  ( -5.006970310142138558, 4.186591583603317623, -14.13993337288814800 ) ) ;
#21 = DIRECTION ( 'NONE',  ( -0.000000000000000000, -1.000000000000000000, -0.000000000000000000 ) ) ;
#22 = CARTESIAN_POINT ( 'NONE',  ( -14.99999999999999645, 3.999999999999996447, -1.126884912541546725E-16 ) ) ;
#23 = CARTESIAN_POINT ( 'NONE',  ( -11.28608250894451714, 12.99999999999999822, -9.880503104665097069 ) ) ;
#24 = CARTESIAN_POINT ( 'NONE',  ( 9.880503098774786608, 4.837498224088172094, 11.28608251410124552 ) ) ;
#25 = CARTESIAN_POINT ( 'NONE',  ( -10.53367700834820830, 4.999999999999996447, 9.221802897687433997 ) ) ;
#26 = CARTESIAN_POINT ( 'NONE',  ( -5.506399272653928811, 13.45280265710871781, -13.15236723215651793 ) ) ;
#27 = B_SPLINE_CURVE_WITH_KNOTS ( 'NONE', 3,
 ( #1247, #100, #2433, #3588, #6978, #4686, #1710, #3630, #1745, #3505 ),
 .UNSPECIFIED., .F., .F.,
 ( 4, 2, 2, 2, 4 ),
 ( 0.000000000000000000, 0.0003690890962277591216, 0.0007381781924555182433, 0.001107267288683277257, 0.001476356384911036487 ),
 .UNSPECIFIED. ) ;
#28 = CARTESIAN_POINT ( 'NONE',  ( -6.837861705359402187, 17.01783092815982101, 11.09356896634294287 ) ) ;
#29 = CARTESIAN_POINT ( 'NONE',  ( 13.90549294068432573, 4.531312346189690921, -5.670376953056702085 ) ) ;
#30 = ADVANCED_FACE ( 'NONE', ( #2071 ), #3306, .F. ) ;
#31 = CARTESIAN_POINT ( 'NONE',  ( -13.07648202033405305, 2.999999999930747840, 7.350868756520494429 ) ) ;
#32 = ORIENTED_EDGE ( 'NONE', *, *, #6078, .F. ) ;
#33 = CARTESIAN_POINT ( 'NONE',  ( 1.393687731737230706, 15.64112245143634716, -13.56179337199080415 ) ) ;
#34 = CARTESIAN_POINT ( 'NONE',  ( 13.92540349704184521, 13.54770619938577880, 5.568940427895886280 ) ) ;
#35 = LINE ( 'NONE', #4697, #3429 ) ;
#36 = ORIENTED_EDGE ( 'NONE', *, *, #2790, .F. ) ;
#37 = CARTESIAN_POINT ( 'NONE',  ( 6.031029003717264914, 4.082589286013462271, 13.74285068352480543 ) ) ;
#38 = EDGE_CURVE ( 'NONE', #4282, #5613, #4401, .T. ) ;
#39 = CARTESIAN_POINT ( 'NONE',  ( -13.47781645423324548, 15.53957261684864477, 4.806525355454035697 ) ) ;
#40 = CARTESIAN_POINT ( 'NONE',  ( 7.721379793976561601, 16.67762755837622279, 10.98010119661077155 ) ) ;
#41 = CARTESIAN_POINT ( 'NONE',  ( -13.87564341571646409, 15.88150506235269255, -2.439596622427080863 ) ) ;
#42 = CIRCLE ( 'NONE', #2845, 0.9999999999999991118 ) ;
#43 = DIRECTION ( 'NONE',  ( 0.000000000000000000, 1.000000000000000000, 0.000000000000000000 ) ) ;
#44 = CARTESIAN_POINT ( 'NONE',  ( 5.723916369023299922, 4.363762369312539136, -13.06503500914743299 ) ) ;
#45 = VERTEX_POINT ( 'NONE', #2113 ) ;
#46 = ORIENTED_EDGE ( 'NONE', *, *, #4863, .T. ) ;
#47 = CIRCLE ( 'NONE', #4685, 8.500000000000000000 ) ;
#48 = EDGE_CURVE ( 'NONE', #307, #4047, #4079, .T. ) ;
#49 = CARTESIAN_POINT ( 'NONE',  ( 14.17995422385828164, 4.293044502197793655, 1.504465057377836867 ) ) ;
#50 = CARTESIAN_POINT ( 'NONE',  ( 1.133694935960483319, 3.901731976069270580, 14.95910484604907431 ) ) ;
#51 = CARTESIAN_POINT ( 'NONE',  ( -5.630290943710447138, 15.86165400212486887, 12.27054190957481872 ) ) ;
#52 = EDGE_LOOP ( 'NONE', ( #768, #1052, #6835, #6380 ) ) ;
#53 = CIRCLE ( 'NONE', #6648, 1.000000000000000888 ) ;
#54 = CARTESIAN_POINT ( 'NONE',  ( 14.87773559879023111, 4.530546518778113985, -2.041711114622616119 ) ) ;
#55 = CARTESIAN_POINT ( 'NONE',  ( -11.81961859563313055, 3.436560184660547357, -9.236743421015631839 ) ) ;
#56 = CARTESIAN_POINT ( 'NONE',  ( 13.13115211100266322, 16.31414662415498995, -0.7264416968692534171 ) ) ;
#57 = CARTESIAN_POINT ( 'NONE',  ( -8.646101941915681266, 3.102923436545273805, -12.25851359465244883 ) ) ;
#58 = ORIENTED_EDGE ( 'NONE', *, *, #3215, .F. ) ;
#59 = CARTESIAN_POINT ( 'NONE',  ( -13.25315408226436809, 12.99999999999999822, -4.511530435645907389 ) ) ;
#60 = CONICAL_SURFACE ( 'NONE', #5670, 15.00000000000000000, 0.6981317007977323463 ) ;
#61 = CARTESIAN_POINT ( 'NONE',  ( -2.733890032603367271, 4.186732713191919864, -14.74901116270470780 ) ) ;
#62 = CARTESIAN_POINT ( 'NONE',  ( -14.97634282415380724, 3.018240399783498340, -0.8592839642174786574 ) ) ;
#63 = DIRECTION ( 'NONE',  ( 0.000000000000000000, 1.000000000000000000, 0.000000000000000000 ) ) ;
#64 = CARTESIAN_POINT ( 'NONE',  ( 1.900000000000000133, 12.00000000000000000, 2.197037335532514280E-16 ) ) ;
#65 = CARTESIAN_POINT ( 'NONE',  ( -11.60767607543086299, 4.176876435823657197, -8.255155634000894693 ) ) ;
#66 = CARTESIAN_POINT ( 'NONE',  ( -5.482098234837845752, 16.26117027160149320, -12.68346883813517856 ) ) ;
#67 = CARTESIAN_POINT ( 'NONE',  ( -8.770795430931352499, 15.50732118243892366, 11.35186650922026175 ) ) ;
#68 = CARTESIAN_POINT ( 'NONE',  ( 13.13309718330409304, 4.607737795638415790, -5.581988863750020791 ) ) ;
#69 = CARTESIAN_POINT ( 'NONE',  ( -13.02547755788977923, 4.282960109847523178, 5.798733035326367968 ) ) ;
#70 = ORIENTED_EDGE ( 'NONE', *, *, #2982, .T. ) ;
#71 = CARTESIAN_POINT ( 'NONE',  ( -1.530472923343615621, 15.32409233017483530, -13.70826508604501726 ) ) ;
#72 = CARTESIAN_POINT ( 'NONE',  ( 13.72525533935242414, 16.26117027160069739, 1.594098081656056598 ) ) ;
#73 = CARTESIAN_POINT ( 'NONE',  ( 12.85623060947314933, 16.31616615544959359, 4.880874480138277960 ) ) ;
#74 = CARTESIAN_POINT ( 'NONE',  ( 1.687048016957984231, 3.214744458955176132, -14.90569473940513845 ) ) ;
#75 = ORIENTED_EDGE ( 'NONE', *, *, #2569, .T. ) ;
#76 = CARTESIAN_POINT ( 'NONE',  ( -7.327879885174569452, 3.998583320977852740, 11.96483432920441636 ) ) ;
#77 = CARTESIAN_POINT ( 'NONE',  ( -11.66343347332328584, 16.94927187726854712, 5.996502656565488643 ) ) ;
#78 = CARTESIAN_POINT ( 'NONE',  ( 5.482098234837851969, 16.26117027160070450, 12.68346883813556936 ) ) ;
#79 = CARTESIAN_POINT ( 'NONE',  ( -13.09908101153049564, 16.94927187726893436, -0.6385931022150941327 ) ) ;
#80 = DIRECTION ( 'NONE',  ( 0.000000000000000000, -1.000000000000000000, 0.000000000000000000 ) ) ;
#81 = CARTESIAN_POINT ( 'NONE',  ( 14.15555555555555500, 12.99999999999999822, -1.812984715944101932 ) ) ;
#82 = CARTESIAN_POINT ( 'NONE',  ( -2.719477073916149124, 12.99999999999999822, 13.73333333333333073 ) ) ;
#83 = ORIENTED_EDGE ( 'NONE', *, *, #1775, .F. ) ;
#84 = EDGE_CURVE ( 'NONE', #4669, #1189, #7272, .T. ) ;
#85 = CARTESIAN_POINT ( 'NONE',  ( 12.81946094743067555, 17.08802487472235399, -1.251724874553189704 ) ) ;
#86 = EDGE_LOOP ( 'NONE', ( #1919, #1616, #4680, #2722 ) ) ;
#87 = CARTESIAN_POINT ( 'NONE',  ( 12.99038105676685184, 4.231561273113432442, 5.860076627227165602 ) ) ;
#88 = CARTESIAN_POINT ( 'NONE',  ( 2.913725436338736596, 4.999999999999996447, 14.71428571428571175 ) ) ;
#89 = CARTESIAN_POINT ( 'NONE',  ( 11.10646934465445135, 15.32409233017463812, -8.179560974442331656 ) ) ;
#90 = CARTESIAN_POINT ( 'NONE',  ( 14.88828558094365739, 4.361631949948357345, -1.941135735418051400 ) ) ;
#91 = EDGE_CURVE ( 'NONE', #7043, #564, #2574, .T. ) ;
#92 = DIRECTION ( 'NONE',  ( 0.000000000000000000, 0.7660444431189777914, 0.6427876096865396960 ) ) ;
#93 = FACE_OUTER_BOUND ( 'NONE', #1256, .T. ) ;
#94 = CARTESIAN_POINT ( 'NONE',  ( -8.953040594892264892, 4.141511870957415020, -12.04683991270658794 ) ) ;
#95 = VERTEX_POINT ( 'NONE', #1540 ) ;
#96 = CARTESIAN_POINT ( 'NONE',  ( -9.368444765113068229, 3.565920217497932754, 11.71520184131029474 ) ) ;
#97 = CARTESIAN_POINT ( 'NONE',  ( -5.576398997336183605, 4.999999999999998224, 13.94701254168406557 ) ) ;
#98 = CARTESIAN_POINT ( 'NONE',  ( -5.507686957097260638, 4.999999999999996447, 13.16556307376510659 ) ) ;
#99 = CARTESIAN_POINT ( 'NONE',  ( -14.94235399756107263, 3.947308199542604701, -1.358021404713926295 ) ) ;
#100 = CARTESIAN_POINT ( 'NONE',  ( 12.18653456479619379, 3.999999999999995559, -6.892302965578717355 ) ) ;
#101 = CARTESIAN_POINT ( 'NONE',  ( 10.47465196686927591, 17.03592563587022823, -7.620510878564286550 ) ) ;
#102 = CARTESIAN_POINT ( 'NONE',  ( 8.647868598458281042, 4.999999999999996447, -11.35257835782100422 ) ) ;
#103 = ADVANCED_FACE ( 'NONE', ( #3765 ), #952, .T. ) ;
#104 = DIRECTION ( 'NONE',  ( -0.000000000000000000, -1.000000000000000000, -0.000000000000000000 ) ) ;
#105 = B_SPLINE_CURVE_WITH_KNOTS ( 'NONE', 3,
 ( #1362, #4909, #332, #5589, #4944, #2656, #4979, #7309, #6057, #6741, #6595, #1506, #3700, #790 ),
 .UNSPECIFIED., .F., .F.,
 ( 4, 2, 2, 2, 2, 2, 4 ),
 ( 0.000000000000000000, 0.0005916620006911617151, 0.0008874930010367434400, 0.001183324001382325165, 0.001479155001727906673, 0.001774986002073488398, 0.002366648002764651197 ),
 .UNSPECIFIED. ) ;
#106 = CARTESIAN_POINT ( 'NONE',  ( -5.533279581122224400, 17.21418835519336454, 11.42492099134823036 ) ) ;
#107 = CYLINDRICAL_SURFACE ( 'NONE', #1850, 3.575000000000000178 ) ;
#108 = CARTESIAN_POINT ( 'NONE',  ( 13.92309978547881144, 3.463178456121531301, -5.582811601712358573 ) ) ;
#109 = ORIENTED_EDGE ( 'NONE', *, *, #1271, .T. ) ;
#110 = CARTESIAN_POINT ( 'NONE',  ( 13.00050057827102457, 16.46355971662036310, 0.1573421432878252813 ) ) ;
#111 = CARTESIAN_POINT ( 'NONE',  ( 11.96951411249849073, 16.15247683347033103, 5.774270979191446607 ) ) ;
#112 = CARTESIAN_POINT ( 'NONE',  ( 1.022762606118609696, 3.894656027646261176, -14.96657772217472804 ) ) ;
#113 = EDGE_LOOP ( 'NONE', ( #2551, #7262, #1668, #6582 ) ) ;
#114 = CARTESIAN_POINT ( 'NONE',  ( 6.744009670000045809, 3.018240399783497896, 13.39953532361068334 ) ) ;
#115 = CARTESIAN_POINT ( 'NONE',  ( -11.10538866494335686, 17.01496715519835945, 6.822655380571421624 ) ) ;
#116 = CARTESIAN_POINT ( 'NONE',  ( -2.126693221114028365, 3.463178456121531301, 14.84916391450649442 ) ) ;
#117 = CARTESIAN_POINT ( 'NONE',  ( 5.775954959214339546, 16.80948711538495743, 11.95569846140289627 ) ) ;
#118 = DIRECTION ( 'NONE',  ( -0.000000000000000000, 1.000000000000000000, -0.000000000000000000 ) ) ;
#119 = FACE_OUTER_BOUND ( 'NONE', #174, .T. ) ;
#120 = CARTESIAN_POINT ( 'NONE',  ( 13.90535253665184889, 4.530546518778110432, 5.670694106942826274 ) ) ;
#121 = ORIENTED_EDGE ( 'NONE', *, *, #5829, .T. ) ;
#122 = ORIENTED_EDGE ( 'NONE', *, *, #5829, .F. ) ;
#123 = FACE_OUTER_BOUND ( 'NONE', #2645, .T. ) ;
#124 = DIRECTION ( 'NONE',  ( 0.000000000000000000, 0.000000000000000000, 1.000000000000000000 ) ) ;
#125 = CARTESIAN_POINT ( 'NONE',  ( 11.16992021781001121, 14.40389851827525014, -9.720310283619351566 ) ) ;
#126 = EDGE_CURVE ( 'NONE', #5085, #4547, #7522, .T. ) ;
#127 = AXIS2_PLACEMENT_3D ( 'NONE', #3502, #21, #592 ) ;
#128 = CARTESIAN_POINT ( 'NONE',  ( 14.99708620329323239, 2.999121522247317539, -0.3411642538948741477 ) ) ;
#129 = CARTESIAN_POINT ( 'NONE',  ( -7.000000000000001776, 3.999999999999996447, -12.12435565298214080 ) ) ;
#130 = DIRECTION ( 'NONE',  ( 0.000000000000000000, -0.000000000000000000, 1.000000000000000000 ) ) ;
#131 = CARTESIAN_POINT ( 'NONE',  ( -8.607123545313241308, 4.683386901737434549, -11.38277636701953455 ) ) ;
#132 = CIRCLE ( 'NONE', #6838, 1.000000000000000888 ) ;
#133 = ORIENTED_EDGE ( 'NONE', *, *, #2472, .F. ) ;
#134 = TOROIDAL_SURFACE ( 'NONE', #4766, 9.999999999999998224, 5.000000000000000000 ) ;
#135 = CARTESIAN_POINT ( 'NONE',  ( -12.20187832141391304, 3.984706786667130629, -8.733115507161528512 ) ) ;
#136 = CARTESIAN_POINT ( 'NONE',  ( -7.499999999999989342, 2.999999999999996447, 12.99038105676658539 ) ) ;
#137 = CARTESIAN_POINT ( 'NONE',  ( 1.139254776169022154, 17.14268327565250161, 12.75558564457052491 ) ) ;
#138 = FACE_OUTER_BOUND ( 'NONE', #2900, .T. ) ;
#139 = EDGE_CURVE ( 'NONE', #7518, #7360, #6605, .T. ) ;
#140 = CARTESIAN_POINT ( 'NONE',  ( 14.15555555555555500, 3.999999999999996447, -1.812984715944102154 ) ) ;
#141 = CARTESIAN_POINT ( 'NONE',  ( 0.000000000000000000, 16.00000000000000000, 0.000000000000000000 ) ) ;
#142 = FACE_OUTER_BOUND ( 'NONE', #6464, .T. ) ;
#143 = CIRCLE ( 'NONE', #2329, 15.00000000000000000 ) ;
#144 = AXIS2_PLACEMENT_3D ( 'NONE', #6148, #6798, #5537 ) ;
#145 = DIRECTION ( 'NONE',  ( -0.000000000000000000, -1.000000000000000000, 0.000000000000000000 ) ) ;
#146 = CARTESIAN_POINT ( 'NONE',  ( -5.507686957097273961, 12.99999999999999822, -13.16556307376510127 ) ) ;
#147 = CARTESIAN_POINT ( 'NONE',  ( -5.147924617829546357, 3.934431103140474839, -14.08919953934220537 ) ) ;
#148 = CARTESIAN_POINT ( 'NONE',  ( -7.911899277861112800, 16.55014497691253084, 11.00557297587809558 ) ) ;
#149 = CARTESIAN_POINT ( 'NONE',  ( 13.62059788176200392, 3.105261479425883042, -6.285314631678536657 ) ) ;
#150 = ADVANCED_FACE ( 'NONE', ( #3717 ), #4276, .T. ) ;
#151 = CARTESIAN_POINT ( 'NONE',  ( -13.13309718330408948, 4.607737795638415790, 5.581988863750026120 ) ) ;
#152 = VERTEX_POINT ( 'NONE', #3137 ) ;
#153 = CARTESIAN_POINT ( 'NONE',  ( 11.03734990865301313, 16.36206807681249842, 7.062913610235846740 ) ) ;
#154 = CARTESIAN_POINT ( 'NONE',  ( -9.880503104665089964, 12.99999999999999822, 11.28608250894452247 ) ) ;
#155 = CARTESIAN_POINT ( 'NONE',  ( -11.94883177526583395, 16.16451511327516144, 5.790895236511866884 ) ) ;
#156 = ORIENTED_EDGE ( 'NONE', *, *, #2582, .F. ) ;
#157 = CARTESIAN_POINT ( 'NONE',  ( 2.428612866367529932E-15, 3.999999999999996447, 13.99999999999999822 ) ) ;
#158 = B_SPLINE_CURVE_WITH_KNOTS ( 'NONE', 3,
 ( #3112, #1843, #6468, #5275, #5314, #1771, #1884, #2420, #6508, #4218, #3573, #1347, #2952, #4100 ),
 .UNSPECIFIED., .F., .F.,
 ( 4, 2, 2, 2, 2, 2, 4 ),
 ( 0.000000000000000000, 0.0005928652010081137281, 0.001185730402016227456, 0.001482163002520283128, 0.001778595603024339016, 0.002075028203528394687, 0.002371460804032450576 ),
 .UNSPECIFIED. ) ;
#159 = CARTESIAN_POINT ( 'NONE',  ( -12.87132607026257425, 16.30140306170842024, 4.877837333107864382 ) ) ;
#160 = CARTESIAN_POINT ( 'NONE',  ( 6.078048630619250048, 16.38634809853055785, 11.58198888150077721 ) ) ;
#161 = CARTESIAN_POINT ( 'NONE',  ( 14.06134428023160154, 14.11544024326044777, 1.766836126494531811 ) ) ;
#162 = CARTESIAN_POINT ( 'NONE',  ( 13.86420139960368125, 4.361631949948354681, 5.763069931406069379 ) ) ;
#163 = EDGE_LOOP ( 'NONE', ( #1135, #2917, #3096, #1731 ) ) ;
#164 = B_SPLINE_CURVE_WITH_KNOTS ( 'NONE', 3,
 ( #5743, #2796, #4479, #2268, #4559, #4597, #6931, #5119, #1697, #542, #1573, #4024, #3449, #1004, #2873, #4514 ),
 .UNSPECIFIED., .F., .F.,
 ( 4, 2, 2, 2, 2, 2, 2, 4 ),
 ( 0.000000000000000000, 0.0009985881523668638238, 0.001497882228550294435, 0.001997176304733725045, 0.002496470380917155656, 0.002995764457100586267, 0.003495058533284014710, 0.003994352609467443152 ),
 .UNSPECIFIED. ) ;
#165 = ORIENTED_EDGE ( 'NONE', *, *, #289, .F. ) ;
#166 = AXIS2_PLACEMENT_3D ( 'NONE', #4001, #6317, #4454 ) ;
#167 = CARTESIAN_POINT ( 'NONE',  ( 14.03095902066377398, 3.997937849271232302, 0.3950969483952500028 ) ) ;
#168 = ORIENTED_EDGE ( 'NONE', *, *, #4976, .F. ) ;
#169 = CARTESIAN_POINT ( 'NONE',  ( 4.833782609620622672, 12.99999999999999822, 14.19980794528324886 ) ) ;
#170 = B_SPLINE_CURVE_WITH_KNOTS ( 'NONE', 3,
 ( #6705, #3234, #7352, #2121, #6200, #3345, #4409, #3809, #939, #6132, #905, #5559, #3267, #7388 ),
 .UNSPECIFIED., .F., .F.,
 ( 4, 2, 2, 2, 2, 2, 4 ),
 ( 2.452985197560198078E-19, 0.0005928652010081125355, 0.001185730402016224854, 0.001482163002520280959, 0.001778595603024337498, 0.002075028203528394254, 0.002371460804032450576 ),
 .UNSPECIFIED. ) ;
#171 = CIRCLE ( 'NONE', #2119, 1.000000000000000888 ) ;
#172 = CARTESIAN_POINT ( 'NONE',  ( -4.511530435645895842, 12.99999999999999822, 13.25315408226436809 ) ) ;
#173 = CARTESIAN_POINT ( 'NONE',  ( 8.490253752630298578, 3.061395714370280796, -12.36702681370018553 ) ) ;
#174 = EDGE_LOOP ( 'NONE', ( #5417, #3409, #6476, #3366 ) ) ;
#175 =( BOUNDED_SURFACE ( )  B_SPLINE_SURFACE ( 3, 2, ( 
 ( #5597, #1514, #338 ),
 ( #5101, #1474, #1441 ),
 ( #1019, #977, #374 ),
 ( #5026, #2126, #7357 ),
 ( #6100, #7393, #5063 ),
 ( #5681, #4457, #6787 ),
 ( #3311, #5639, #3200 ),
 ( #1592, #3813, #1552 ),
 ( #5524, #303, #2632 ),
 ( #3888, #4952, #7282 ),
 ( #446, #6136, #407 ),
 ( #910, #2742, #2663 ),
 ( #4413, #7316, #2166 ),
 ( #4492, #6824, #3928 ),
 ( #3351, #6746, #6171 ),
 ( #3272, #1094, #2923 ),
 ( #2888, #3427, #5683 ),
 ( #3389, #6979, #6827 ) ),
 .UNSPECIFIED., .F., .F., .T. ) 
 B_SPLINE_SURFACE_WITH_KNOTS ( ( 4, 2, 2, 2, 2, 2, 2, 2, 4 ),
 ( 3, 3 ),
 ( 0.001302520603113773053, 0.001783172609227539913, 0.002263824615341306773, 0.002744476621455073199, 0.003225128627568840060, 0.003705780633682606920, 0.004186432639796373346, 0.004667084645910139773, 0.005147736652023907067 ),
 ( 0.000000000000000000, 1.000000000000000000 ),
 .UNSPECIFIED. ) 
 GEOMETRIC_REPRESENTATION_ITEM ( )  RATIONAL_B_SPLINE_SURFACE ( (
 ( 1.000000000000000000, 0.7867957924694433114, 1.000000000000000000),
 ( 1.000000000000000000, 0.7867918659038410922, 1.000000000000000000),
 ( 1.000000000000000000, 0.7870059279260073204, 1.000000000000000000),
 ( 1.000000000000000000, 0.7876722697779856563, 1.000000000000000000),
 ( 1.000000000000000000, 0.7881326248067098694, 1.000000000000000000),
 ( 1.000000000000000000, 0.7887758449274112627, 1.000000000000000000),
 ( 1.000000000000000000, 0.7889663658733701013, 1.000000000000000000),
 ( 1.000000000000000000, 0.7882435220810439791, 1.000000000000000000),
 ( 1.000000000000000000, 0.7873519033453851845, 1.000000000000000000),
 ( 1.000000000000000000, 0.7832757266628923576, 1.000000000000000000),
 ( 1.000000000000000000, 0.7801295861738648529, 1.000000000000000000),
 ( 1.000000000000000000, 0.7702790648040620525, 1.000000000000000000),
 ( 1.000000000000000000, 0.7633849859747868782, 1.000000000000000000),
 ( 1.000000000000000000, 0.7458883219264585973, 1.000000000000000000),
 ( 1.000000000000000000, 0.7349125052205711661, 1.000000000000000000),
 ( 1.000000000000000000, 0.7151046345649960667, 1.000000000000000000),
 ( 1.000000000000000000, 0.7068896004544078515, 1.000000000000000000),
 ( 1.000000000000000000, 0.7071067811865479058, 1.000000000000000000) ) ) 
 REPRESENTATION_ITEM ( '' )  SURFACE ( )  );
#176 = CARTESIAN_POINT ( 'NONE',  ( 0.000000000000000000, 2.000000000000000000, 0.000000000000000000 ) ) ;
#177 = CARTESIAN_POINT ( 'NONE',  ( 1.337564837682022612, 16.56095533821400068, 13.47746694520382604 ) ) ;
#178 = DIRECTION ( 'NONE',  ( 0.000000000000000000, -1.000000000000000000, 0.000000000000000000 ) ) ;
#179 = VECTOR ( 'NONE', #2595, 1000.000000000000000 ) ;
#180 = CARTESIAN_POINT ( 'NONE',  ( 9.170694062175430261, 14.33182026815232391, -11.67465946006869615 ) ) ;
#181 = CARTESIAN_POINT ( 'NONE',  ( 8.908790252140686761, 3.212026121888234442, 12.06895565422460415 ) ) ;
#182 = CARTESIAN_POINT ( 'NONE',  ( -6.653526196138891180, 17.03660441534015391, -11.17585048314719565 ) ) ;
#183 = EDGE_CURVE ( 'NONE', #633, #646, #1967, .T. ) ;
#184 = CARTESIAN_POINT ( 'NONE',  ( -5.515559541031777258, 15.14124894725558335, 12.72913956773597022 ) ) ;
#185 = CARTESIAN_POINT ( 'NONE',  ( -4.833782609620619120, 12.99999999999999822, -14.19980794528324886 ) ) ;
#186 = CARTESIAN_POINT ( 'NONE',  ( -11.24114334916059654, 17.26706329440287391, 5.708137817676032455 ) ) ;
#187 = CARTESIAN_POINT ( 'NONE',  ( 13.94701254326179729, 4.903143899974597986, -5.576398993753692857 ) ) ;
#188 = DIRECTION ( 'NONE',  ( 0.000000000000000000, 0.000000000000000000, 1.000000000000000000 ) ) ;
#189 = ORIENTED_EDGE ( 'NONE', *, *, #2812, .T. ) ;
#190 = CARTESIAN_POINT ( 'NONE',  ( 11.30150243530505350, 4.665349315078855419, -9.862967201992438149 ) ) ;
#191 = DIRECTION ( 'NONE',  ( 0.000000000000000000, -0.000000000000000000, 1.000000000000000000 ) ) ;
#192 = ADVANCED_FACE ( 'NONE', ( #3061 ), #134, .T. ) ;
#193 = CARTESIAN_POINT ( 'NONE',  ( -2.131394549176037323, 4.808283127649772837, -14.86806671372863953 ) ) ;
#194 = DIRECTION ( 'NONE',  ( -0.000000000000000000, 1.000000000000000000, -0.000000000000000000 ) ) ;
#195 = CARTESIAN_POINT ( 'NONE',  ( -11.42963713672102877, 16.44440290119786141, 6.240581371832305102 ) ) ;
#196 = CARTESIAN_POINT ( 'NONE',  ( 8.693385064645635651, 16.31616615544954385, 10.65507659721959399 ) ) ;
#197 = CARTESIAN_POINT ( 'NONE',  ( -13.47746694520343524, 16.56095533821360632, 1.337564837681999075 ) ) ;
#198 = CARTESIAN_POINT ( 'NONE',  ( 14.15555555555555500, 12.99999999999999822, 1.812984715944098379 ) ) ;
#199 = CARTESIAN_POINT ( 'NONE',  ( 5.486863025730795762, 14.83976512858158792, -13.61046385495911792 ) ) ;
#200 = VERTEX_POINT ( 'NONE', #6612 ) ;
#201 = ORIENTED_EDGE ( 'NONE', *, *, #7283, .T. ) ;
#202 = CARTESIAN_POINT ( 'NONE',  ( -13.35690207752232261, 15.99964016520267762, 1.150495484292056059 ) ) ;
#203 = CARTESIAN_POINT ( 'NONE',  ( 7.000000000000005329, 3.999999999999996447, 12.12435565298213724 ) ) ;
#204 = CARTESIAN_POINT ( 'NONE',  ( 1.188701323372299390, 3.064958436848771672, 14.95378216794268589 ) ) ;
#205 = EDGE_LOOP ( 'NONE', ( #4426, #6397, #6117, #1483 ) ) ;
#206 = CARTESIAN_POINT ( 'NONE',  ( 14.73617568665119038, 4.343064212564022419, -2.801286392880046883 ) ) ;
#207 = B_SPLINE_CURVE_WITH_KNOTS ( 'NONE', 3,
 ( #7241, #4947, #4229, #1325, #1897, #217, #298, #4335, #830, #7203, #6671, #7168, #1933, #1973 ),
 .UNSPECIFIED., .F., .F.,
 ( 4, 2, 2, 2, 2, 2, 4 ),
 ( 0.000000000000000000, 0.0005916620006911624740, 0.0008874930010367436568, 0.001183324001382324731, 0.001479155001727905589, 0.001774986002073486880, 0.002366648002764649029 ),
 .UNSPECIFIED. ) ;
#208 = CARTESIAN_POINT ( 'NONE',  ( -6.896836126111882237, 3.007811910147806245, -13.32153121202026114 ) ) ;
#209 = DIRECTION ( 'NONE',  ( -0.000000000000000000, 1.000000000000000000, -0.000000000000000000 ) ) ;
#210 = ORIENTED_EDGE ( 'NONE', *, *, #4378, .F. ) ;
#211 = CARTESIAN_POINT ( 'NONE',  ( -11.50283326547889473, 3.934431103140404673, -9.627642411143465750 ) ) ;
#212 = CARTESIAN_POINT ( 'NONE',  ( -11.33686776226610782, 13.64598678920154562, -8.626458616704972826 ) ) ;
#213 = CARTESIAN_POINT ( 'NONE',  ( 10.53367700834821719, 12.99999999999999822, 9.221802897687419787 ) ) ;
#214 = CARTESIAN_POINT ( 'NONE',  ( 0.06892552277182720233, 16.46435542854636935, 12.99976554019338515 ) ) ;
#215 = CARTESIAN_POINT ( 'NONE',  ( -14.86666666666666536, 4.999999999999997335, 2.144203077510811628 ) ) ;
#216 = FACE_OUTER_BOUND ( 'NONE', #4784, .T. ) ;
#217 = CARTESIAN_POINT ( 'NONE',  ( -1.344767123906683404, 4.176517398680566373, -14.18011080079764419 ) ) ;
#218 = CARTESIAN_POINT ( 'NONE',  ( -6.448782413678126879, 17.32506065368711035, -10.71906454797943198 ) ) ;
#219 = CARTESIAN_POINT ( 'NONE',  ( 6.155194832133933147, 16.41838991063536923, -11.50527784727499281 ) ) ;
#220 =( BOUNDED_SURFACE ( )  B_SPLINE_SURFACE ( 3, 2, ( 
 ( #3324, #7259, #992 ),
 ( #2754, #3361, #2025 ),
 ( #920, #2060, #278 ),
 ( #3249, #2099, #4351 ),
 ( #6760, #6688, #3785 ),
 ( #5574, #2675, #4998 ),
 ( #4427, #1526, #6919 ),
 ( #7519, #5770, #5730 ),
 ( #2370, #6451, #2258 ),
 ( #5188, #4621, #1069 ),
 ( #2862, #2326, #5149 ),
 ( #33, #3397, #3982 ),
 ( #6369, #1136, #491 ),
 ( #4586, #2828, #6332 ),
 ( #7484, #5840, #1719 ),
 ( #6296, #1685, #7026 ),
 ( #605, #3478, #2787 ),
 ( #456, #5110, #4012 ),
 ( #4695, #2291, #4659 ),
 ( #5807, #1101, #1173 ),
 ( #7552, #6413, #565 ),
 ( #3437, #5261, #529 ),
 ( #3514, #7445, #6950 ),
 ( #4048, #2897, #5225 ),
 ( #6988, #1756, #4089 ),
 ( #2935, #1793, #2217 ),
 ( #4123, #1212, #5692 ),
 ( #4548, #6879, #1647 ),
 ( #1827, #4163, #7063 ),
 ( #6494, #2975, #3555 ),
 ( #5881, #5299, #647 ),
 ( #71, #2406, #4728 ),
 ( #1532, #6768, #5004 ),
 ( #4968, #4507, #426 ),
 ( #6186, #284, #4932 ),
 ( #2609, #1494, #3287 ),
 ( #7336, #2145, #1567 ),
 ( #320, #6222, #6265 ),
 ( #3903, #5614, #2105 ),
 ( #6731, #2680, #2759 ) ),
 .UNSPECIFIED., .F., .F., .T. ) 
 B_SPLINE_SURFACE_WITH_KNOTS ( ( 4, 2, 2, 2, 2, 2, 2, 2, 2, 2, 2, 2, 2, 2, 2, 2, 2, 2, 2, 4 ),
 ( 3, 3 ),
 ( 0.000000000000000000, 0.0006748142658293166014, 0.001349628531658633203, 0.002024442797487949804, 0.002361849930402608322, 0.002699257063317266406, 0.003374071329146583007, 0.004048885594975899609, 0.004386292727890558560, 0.004723699860805216644, 0.005398514126634532811, 0.005735921259549190895, 0.006073328392463848979, 0.006748142658293166014, 0.007422956924122483049, 0.008097771189951799217, 0.008772585455781117120, 0.009447399721610433287, 0.01012221398743974946, 0.01079702825326906562 ),
 ( 0.000000000000000000, 1.000000000000000000 ),
 .UNSPECIFIED. ) 
 GEOMETRIC_REPRESENTATION_ITEM ( )  RATIONAL_B_SPLINE_SURFACE ( (
 ( 1.000000000000000000, 0.7867957924694435334, 1.000000000000000000),
 ( 1.000000000000000000, 0.7867893510871362128, 1.000000000000000000),
 ( 1.000000000000000000, 0.7886154144827084433, 1.000000000000000000),
 ( 1.000000000000000000, 0.7953661699509781968, 1.000000000000000000),
 ( 1.000000000000000000, 0.8003370620003338320, 1.000000000000000000),
 ( 1.000000000000000000, 0.8122778712297566983, 1.000000000000000000),
 ( 1.000000000000000000, 0.8191018390051167941, 1.000000000000000000),
 ( 1.000000000000000000, 0.8294273880737570437, 1.000000000000000000),
 ( 1.000000000000000000, 0.8328837475269947888, 1.000000000000000000),
 ( 1.000000000000000000, 0.8396202395223006931, 1.000000000000000000),
 ( 1.000000000000000000, 0.8429190808683638680, 1.000000000000000000),
 ( 1.000000000000000000, 0.8520089025836263819, 1.000000000000000000),
 ( 1.000000000000000000, 0.8570195765218061590, 1.000000000000000000),
 ( 1.000000000000000000, 0.8641253354133234810, 1.000000000000000000),
 ( 1.000000000000000000, 0.8660656719304313800, 1.000000000000000000),
 ( 1.000000000000000000, 0.8672705396855235893, 1.000000000000000000),
 ( 1.000000000000000000, 0.8674005837561497012, 1.000000000000000000),
 ( 1.000000000000000000, 0.8673400669030458809, 1.000000000000000000),
 ( 1.000000000000000000, 0.8671565711264517251, 1.000000000000000000),
 ( 1.000000000000000000, 0.8665197314968651199, 1.000000000000000000),
 ( 1.000000000000000000, 0.8660366921799086404, 1.000000000000000000),
 ( 1.000000000000000000, 0.8660201165652837707, 1.000000000000000000),
 ( 1.000000000000000000, 0.8661157520136737453, 1.000000000000000000),
 ( 1.000000000000000000, 0.8664506541182066535, 1.000000000000000000),
 ( 1.000000000000000000, 0.8666907191152163348, 1.000000000000000000),
 ( 1.000000000000000000, 0.8673394484498966328, 1.000000000000000000),
 ( 1.000000000000000000, 0.8676850451489785954, 1.000000000000000000),
 ( 1.000000000000000000, 0.8661932981187325797, 1.000000000000000000),
 ( 1.000000000000000000, 0.8643369046394551169, 1.000000000000000000),
 ( 1.000000000000000000, 0.8574128041483535245, 1.000000000000000000),
 ( 1.000000000000000000, 0.8524249261065913741, 1.000000000000000000),
 ( 1.000000000000000000, 0.8404064465175516974, 1.000000000000000000),
 ( 1.000000000000000000, 0.8333831374745697129, 1.000000000000000000),
 ( 1.000000000000000000, 0.8194743686560272966, 1.000000000000000000),
 ( 1.000000000000000000, 0.8124799750442969204, 1.000000000000000000),
 ( 1.000000000000000000, 0.8005275974376674375, 1.000000000000000000),
 ( 1.000000000000000000, 0.7955347744211701544, 1.000000000000000000),
 ( 1.000000000000000000, 0.7886441666173679144, 1.000000000000000000),
 ( 1.000000000000000000, 0.7867760218660136973, 1.000000000000000000),
 ( 1.000000000000000000, 0.7867957924694429783, 1.000000000000000000) ) ) 
 REPRESENTATION_ITEM ( '' )  SURFACE ( )  );
#221 = CARTESIAN_POINT ( 'NONE',  ( 13.92572375912774518, 13.54305173103447935, -5.569059885502958274 ) ) ;
#222 = CARTESIAN_POINT ( 'NONE',  ( 13.60514076021918761, 15.55274925046518675, 1.438098619699248015 ) ) ;
#223 = CARTESIAN_POINT ( 'NONE',  ( -11.14927655090302849, 17.29005908467787833, 5.802938343792956921 ) ) ;
#224 = CARTESIAN_POINT ( 'NONE',  ( 0.000000000000000000, -2.000000000000000000, 0.000000000000000000 ) ) ;
#225 = CARTESIAN_POINT ( 'NONE',  ( 6.320459823088496520, 3.095467947649502172, -13.60430984361095597 ) ) ;
#226 = ORIENTED_EDGE ( 'NONE', *, *, #6951, .F. ) ;
#227 = EDGE_CURVE ( 'NONE', #1100, #564, #6227, .T. ) ;
#228 = CARTESIAN_POINT ( 'NONE',  ( 13.48705541924431017, 16.55014497691292163, 1.349119278872424221 ) ) ;
#229 = CARTESIAN_POINT ( 'NONE',  ( -13.25315408226436453, -2.000000000000000000, -4.511530435645906500 ) ) ;
#230 = DIRECTION ( 'NONE',  ( 0.000000000000000000, 0.000000000000000000, -1.000000000000000000 ) ) ;
#231 = CARTESIAN_POINT ( 'NONE',  ( 5.547651968548146684, 15.50983515158358905, -12.53266506225275911 ) ) ;
#232 = CARTESIAN_POINT ( 'NONE',  ( -1.941135735418050734, 4.361631949948357345, -14.88828558094351884 ) ) ;
#233 = VERTEX_POINT ( 'NONE', #4816 ) ;
#234 = DIRECTION ( 'NONE',  ( 0.000000000000000000, 0.000000000000000000, 1.000000000000000000 ) ) ;
#235 = CARTESIAN_POINT ( 'NONE',  ( -13.13683061434625010, 15.71364624160984391, 5.442185129827411316 ) ) ;
#236 = CARTESIAN_POINT ( 'NONE',  ( -8.625210212140933308, 3.096679977797670791, 12.27317862954327055 ) ) ;
#237 = CARTESIAN_POINT ( 'NONE',  ( -13.04694750077399412, 16.99830047610607764, 0.4470572173698846297 ) ) ;
#238 = EDGE_CURVE ( 'NONE', #2990, #7483, #5069, .T. ) ;
#239 = CARTESIAN_POINT ( 'NONE',  ( 14.71428571428571352, 12.99999999999999822, 2.913725436338730823 ) ) ;
#240 = CARTESIAN_POINT ( 'NONE',  ( -7.084119995891997590, 16.35649306776448242, -11.03107925417234370 ) ) ;
#241 = CYLINDRICAL_SURFACE ( 'NONE', #3908, 1.000000000000000000 ) ;
#242 = VERTEX_POINT ( 'NONE', #2927 ) ;
#243 = CARTESIAN_POINT ( 'NONE',  ( -13.67669241005938119, 15.39747241391144605, 1.502145444916595629 ) ) ;
#244 = LINE ( 'NONE', #6155, #7240 ) ;
#245 = CARTESIAN_POINT ( 'NONE',  ( -11.09193069618476812, 16.43021829706306036, -6.850127518378526403 ) ) ;
#246 = CARTESIAN_POINT ( 'NONE',  ( -11.28608250894451714, 12.99999999999999822, -9.880503104665097069 ) ) ;
#247 = ADVANCED_FACE ( 'NONE', ( #5835 ), #6477, .F. ) ;
#248 = CARTESIAN_POINT ( 'NONE',  ( 6.729961578913656872, 17.30111769636926766, 10.59811666728750801 ) ) ;
#249 = DIRECTION ( 'NONE',  ( 0.000000000000000000, 1.000000000000000000, 0.000000000000000000 ) ) ;
#250 = CARTESIAN_POINT ( 'NONE',  ( 14.13827127161641961, 4.033568272321480741, 0.9290270044371202740 ) ) ;
#251 = DIRECTION ( 'NONE',  ( 0.000000000000000000, 1.000000000000000000, 0.000000000000000000 ) ) ;
#252 = CARTESIAN_POINT ( 'NONE',  ( 8.003248445387177057, 15.61352596628639944, -11.05316172282020304 ) ) ;
#253 = FACE_OUTER_BOUND ( 'NONE', #6698, .T. ) ;
#254 = CARTESIAN_POINT ( 'NONE',  ( -4.833782617031356921, 4.837498224088174759, 14.19980794276054681 ) ) ;
#255 = CARTESIAN_POINT ( 'NONE',  ( 2.685431209672195951, 15.19381013832908423, 14.25078950664746280 ) ) ;
#256 = CARTESIAN_POINT ( 'NONE',  ( -14.90922654021861327, 4.142845021969564279, -1.731838181454527614 ) ) ;
#257 = CARTESIAN_POINT ( 'NONE',  ( 9.860891073398077467, 13.56600332138731702, -11.27108736315317117 ) ) ;
#258 = CARTESIAN_POINT ( 'NONE',  ( 7.544436850728123645, 4.003770645890966762, 11.88899367506460436 ) ) ;
#259 = CARTESIAN_POINT ( 'NONE',  ( -6.240581371832489843, 16.44440290119746706, -11.42963713672085291 ) ) ;
#260 = AXIS2_PLACEMENT_3D ( 'NONE', #7541, #2315, #1709 ) ;
#261 = VECTOR ( 'NONE', #6954, 1000.000000000000000 ) ;
#262 = CARTESIAN_POINT ( 'NONE',  ( 13.16556307209087606, 13.22805048829266461, -5.507686956950064605 ) ) ;
#263 = CARTESIAN_POINT ( 'NONE',  ( -6.122281498153794743, 17.32959717367248587, -10.89993891572358109 ) ) ;
#264 = AXIS2_PLACEMENT_3D ( 'NONE', #7306, #2189, #5088 ) ;
#265 = CARTESIAN_POINT ( 'NONE',  ( -14.15555555555555678, 4.799810971035541662, 1.812984715944100378 ) ) ;
#266 = CIRCLE ( 'NONE', #2823, 2.000000000000000000 ) ;
#267 = EDGE_LOOP ( 'NONE', ( #6802, #4270, #5576, #6883, #851 ) ) ;
#268 = CARTESIAN_POINT ( 'NONE',  ( 7.140140322219117763, 3.999999999999996447, -12.04344560076595450 ) ) ;
#269 = CARTESIAN_POINT ( 'NONE',  ( 8.224718819026330507, 16.69940669386572196, -10.53546128695869122 ) ) ;
#270 = CARTESIAN_POINT ( 'NONE',  ( 5.612748483756094586, 15.79104277859809358, -12.32436798908546827 ) ) ;
#271 = CARTESIAN_POINT ( 'NONE',  ( -13.22641951363603496, 15.90511541514524829, -4.822588124110200880 ) ) ;
#272 = CIRCLE ( 'NONE', #3808, 1.000000000000000888 ) ;
#273 = CIRCLE ( 'NONE', #6214, 1.000000000000000888 ) ;
#274 = CARTESIAN_POINT ( 'NONE',  ( -2.892632945959079827, 4.678371526212158571, -14.71850766178429559 ) ) ;
#275 = EDGE_LOOP ( 'NONE', ( #1158, #2036, #3864, #4329, #3070, #3638 ) ) ;
#276 = CARTESIAN_POINT ( 'NONE',  ( -2.801320315619496348, 4.343291071816128834, 14.73616886760517808 ) ) ;
#277 = CARTESIAN_POINT ( 'NONE',  ( 8.468216037000031449, 14.54792975267245581, 11.23956442842720094 ) ) ;
#278 = CARTESIAN_POINT ( 'NONE',  ( 2.904238491937486621, 13.56600332138690845, -14.69149352146349230 ) ) ;
#279 = CARTESIAN_POINT ( 'NONE',  ( -6.641532038948199990, 16.46080407988240779, -11.18013238027146983 ) ) ;
#280 = CARTESIAN_POINT ( 'NONE',  ( 15.00000000000000000, 4.999999999999996447, -1.734723475976807094E-15 ) ) ;
#281 = ORIENTED_EDGE ( 'NONE', *, *, #1197, .T. ) ;
#282 = EDGE_CURVE ( 'NONE', #1415, #736, #2938, .T. ) ;
#283 = CARTESIAN_POINT ( 'NONE',  ( -13.44658981682886356, 15.85327801013088056, -1.265178541393667588 ) ) ;
#284 = CARTESIAN_POINT ( 'NONE',  ( -2.053469160110817704, 14.83976512858181174, -14.53043896854968153 ) ) ;
#285 = DIRECTION ( 'NONE',  ( 0.000000000000000000, -0.000000000000000000, -1.000000000000000000 ) ) ;
#286 = CARTESIAN_POINT ( 'NONE',  ( 7.984392384310437407, 16.86133510028686544, 10.49085129647212256 ) ) ;
#287 = CARTESIAN_POINT ( 'NONE',  ( -2.719477073916149124, 12.99999999999999822, 14.73333333333333073 ) ) ;
#288 = CARTESIAN_POINT ( 'NONE',  ( 14.95287450679232855, 3.067136549718231908, 1.200315500968224480 ) ) ;
#289 = EDGE_CURVE ( 'NONE', #5966, #2419, #4161, .T. ) ;
#290 = TOROIDAL_SURFACE ( 'NONE', #4676, 0.9999999999999995559, 1.000000000000000000 ) ;
#291 = ORIENTED_EDGE ( 'NONE', *, *, #505, .F. ) ;
#292 = CARTESIAN_POINT ( 'NONE',  ( 7.727075642224860097, 15.94439436878381322, -11.00092978487310447 ) ) ;
#293 = CARTESIAN_POINT ( 'NONE',  ( -14.85470105124539941, 3.435280335374282679, 2.087864198359109302 ) ) ;
#294 = CARTESIAN_POINT ( 'NONE',  ( -6.902559056621940137, 3.007541301891202501, 13.31854594567253613 ) ) ;
#295 = CARTESIAN_POINT ( 'NONE',  ( 0.1441796171210329713, 16.46004852382972672, 13.00377400971465924 ) ) ;
#296 = CARTESIAN_POINT ( 'NONE',  ( -14.88820921331409330, 4.362682976374301802, -1.941871383057226064 ) ) ;
#297 = VECTOR ( 'NONE', #3087, 1000.000000000000000 ) ;
#298 = CARTESIAN_POINT ( 'NONE',  ( -1.254903985561381496, 4.130308299584161347, -14.17667459282657383 ) ) ;
#299 = CARTESIAN_POINT ( 'NONE',  ( -6.782793973160435641, 17.28482863031517880, -10.59215624950891588 ) ) ;
#300 = CARTESIAN_POINT ( 'NONE',  ( 13.94701253896839965, 13.27412191024554922, -5.576398996430488531 ) ) ;
#301 = AXIS2_PLACEMENT_3D ( 'NONE', #2794, #3332, #5548 ) ;
#302 = CARTESIAN_POINT ( 'NONE',  ( 13.20101543451734827, 16.22587304497631067, -0.8871669377192052952 ) ) ;
#303 = CARTESIAN_POINT ( 'NONE',  ( -13.74189235702272782, 4.080934495940517159, -6.033126181128194432 ) ) ;
#304 = FACE_OUTER_BOUND ( 'NONE', #6012, .T. ) ;
#305 = DIRECTION ( 'NONE',  ( -0.000000000000000000, 1.000000000000000000, -0.000000000000000000 ) ) ;
#306 = CARTESIAN_POINT ( 'NONE',  ( -7.499999999999984013, 16.12864346198308851, -10.99038105676658006 ) ) ;
#307 = VERTEX_POINT ( 'NONE', #3089 ) ;
#308 = LINE ( 'NONE', #4272, #2851 ) ;
#309 = CARTESIAN_POINT ( 'NONE',  ( -11.35257835782099356, 4.999999999999996447, 8.647868598458293476 ) ) ;
#310 = CARTESIAN_POINT ( 'NONE',  ( -2.484571322566787366, 3.799821379378589548, -14.79326353281942730 ) ) ;
#311 = ORIENTED_EDGE ( 'NONE', *, *, #4722, .F. ) ;
#312 = CARTESIAN_POINT ( 'NONE',  ( -11.72010620377792200, 14.08273162050452143, 9.214151770087285698 ) ) ;
#313 = CARTESIAN_POINT ( 'NONE',  ( 8.963573277137815154, 15.08037049037449506, 11.48847927795960899 ) ) ;
#314 = ORIENTED_EDGE ( 'NONE', *, *, #1026, .T. ) ;
#315 = DIRECTION ( 'NONE',  ( -0.000000000000000000, 0.000000000000000000, -1.000000000000000000 ) ) ;
#316 = CARTESIAN_POINT ( 'NONE',  ( -7.499999999999984013, 16.12864346198308851, -10.99038105676658006 ) ) ;
#317 = DIRECTION ( 'NONE',  ( 5.782411586589359857E-17, 0.000000000000000000, 1.000000000000000000 ) ) ;
#318 = ORIENTED_EDGE ( 'NONE', *, *, #6767, .F. ) ;
#319 = CARTESIAN_POINT ( 'NONE',  ( 2.733803201866535471, 4.186591583603316735, -14.74902666381159300 ) ) ;
#320 = CARTESIAN_POINT ( 'NONE',  ( -1.807422518707311410, 13.45670434138512839, -14.14329877021624071 ) ) ;
#321 = CYLINDRICAL_SURFACE ( 'NONE', #658, 1.999999999999998224 ) ;
#322 = CARTESIAN_POINT ( 'NONE',  ( -11.03714807796687758, 15.08930232780941694, -9.518180157919942985 ) ) ;
#323 = EDGE_CURVE ( 'NONE', #7518, #3279, #4723, .T. ) ;
#324 = CARTESIAN_POINT ( 'NONE',  ( 10.90142822481132256, 15.55649591536800003, 9.299366067238025835 ) ) ;
#325 = CARTESIAN_POINT ( 'NONE',  ( -6.031029003717326198, 4.082589286013323715, -13.74285068352536676 ) ) ;
#326 = CARTESIAN_POINT ( 'NONE',  ( 14.99999999999999822, 2.999999999999996447, -1.499058752049443252E-15 ) ) ;
#327 = ORIENTED_EDGE ( 'NONE', *, *, #7054, .T. ) ;
#328 = CARTESIAN_POINT ( 'NONE',  ( -12.99038105676657118, 4.231561273113036314, 5.860076627227654100 ) ) ;
#329 = CARTESIAN_POINT ( 'NONE',  ( -14.89253009652686366, 3.264955391823474606, 1.798295736719178528 ) ) ;
#330 = CARTESIAN_POINT ( 'NONE',  ( 4.511530435645913606, -2.000000000000000000, 13.25315408226436276 ) ) ;
#331 = CARTESIAN_POINT ( 'NONE',  ( 5.956349102282075592, 4.141511870957486963, -13.77698055264329469 ) ) ;
#332 = CARTESIAN_POINT ( 'NONE',  ( 11.39199765962186817, 4.604426607162356078, -8.597732231070986941 ) ) ;
#333 = ADVANCED_FACE ( 'NONE', ( #5292 ), #1104, .F. ) ;
#334 = CARTESIAN_POINT ( 'NONE',  ( 8.506336627523783278, 3.064958436848737033, 12.35600457841105637 ) ) ;
#335 = CARTESIAN_POINT ( 'NONE',  ( -7.194693019358228803, 16.31414662415498995, -11.00869046065135137 ) ) ;
#336 = CARTESIAN_POINT ( 'NONE',  ( 12.09828971380368579, 16.04144829552177143, -5.705505583935060798 ) ) ;
#337 = CARTESIAN_POINT ( 'NONE',  ( 13.10600512293885878, 16.34294568665793435, 0.6488033170989691012 ) ) ;
#338 = CARTESIAN_POINT ( 'NONE',  ( -14.19980794528324708, 4.999999999999995559, -4.833782609620614679 ) ) ;
#339 = CARTESIAN_POINT ( 'NONE',  ( -2.809874236727729180, 4.368024099194735221, 14.73453019819496035 ) ) ;
#340 = CARTESIAN_POINT ( 'NONE',  ( -8.215634577472567202, 15.24388149130209413, -11.12180023651276528 ) ) ;
#341 = ADVANCED_FACE ( 'NONE', ( #6563 ), #1444, .T. ) ;
#342 = CARTESIAN_POINT ( 'NONE',  ( 11.58614873602431850, 3.768420980672143372, -9.527625652586083405 ) ) ;
#343 = CARTESIAN_POINT ( 'NONE',  ( 5.469610256243377044, 17.17619535981905443, -11.51832633155337327 ) ) ;
#344 = CARTESIAN_POINT ( 'NONE',  ( 5.754655203238738359, 16.11695431205972895, -12.00867903162455086 ) ) ;
#345 = CARTESIAN_POINT ( 'NONE',  ( -12.43337030808153365, 15.65293292630068400, -5.576288617576020457 ) ) ;
#346 = CARTESIAN_POINT ( 'NONE',  ( -2.041711114622615675, 4.530546518778113985, -14.87773559879037322 ) ) ;
#347 = ORIENTED_EDGE ( 'NONE', *, *, #796, .T. ) ;
#348 = CARTESIAN_POINT ( 'NONE',  ( -11.29322280297110481, 14.12311881470150077, 8.559459778352927373 ) ) ;
#349 = CARTESIAN_POINT ( 'NONE',  ( 9.290267668508429111, 13.27382815172664010, 11.80280946323935254 ) ) ;
#350 = EDGE_LOOP ( 'NONE', ( #70, #5279, #528, #7458 ) ) ;
#351 = CARTESIAN_POINT ( 'NONE',  ( -13.25315408226436098, 4.999999999999996447, 4.511530435645918047 ) ) ;
#352 = CARTESIAN_POINT ( 'NONE',  ( -6.069445532860867409, 16.38562322277893202, -11.58829565855998567 ) ) ;
#353 = CARTESIAN_POINT ( 'NONE',  ( 14.06984828761738093, 15.55953571197783702, -2.574494266290807243 ) ) ;
#354 = ORIENTED_EDGE ( 'NONE', *, *, #4511, .T. ) ;
#355 = CARTESIAN_POINT ( 'NONE',  ( -13.88274809868677906, 14.87622484628147745, -1.667795260555174242 ) ) ;
#356 = CARTESIAN_POINT ( 'NONE',  ( -13.15236723215631365, 13.45280265710891321, 5.506399272653923482 ) ) ;
#357 = CARTESIAN_POINT ( 'NONE',  ( -14.73616886760517808, 4.343291071816128834, -2.801320315619498125 ) ) ;
#358 = CARTESIAN_POINT ( 'NONE',  ( 13.25315408226436631, 12.99999999999999822, 4.511530435645904724 ) ) ;
#359 = CARTESIAN_POINT ( 'NONE',  ( -10.46876664831399140, 17.08425122492148418, -7.523871480653262722 ) ) ;
#360 = CARTESIAN_POINT ( 'NONE',  ( 10.46876664831399317, 17.08425122492148418, 7.523871480653263610 ) ) ;
#361 = CARTESIAN_POINT ( 'NONE',  ( -6.264574649163935582, 4.033568272321465642, -12.70861558903424715 ) ) ;
#362 = CARTESIAN_POINT ( 'NONE',  ( -1.589010866700819369, 15.12475765911630177, 13.78463168105727021 ) ) ;
#363 = CARTESIAN_POINT ( 'NONE',  ( -11.80280946185852287, 4.903143899974607756, -9.290267672486780981 ) ) ;
#364 = ADVANCED_FACE ( 'NONE', ( #441 ), #2806, .T. ) ;
#365 = CARTESIAN_POINT ( 'NONE',  ( 6.902559056621999645, 3.007541301891202501, -13.31854594567250238 ) ) ;
#366 = CARTESIAN_POINT ( 'NONE',  ( -14.17494954623240488, 4.401344754123196701, -1.605428125922214067 ) ) ;
#367 = CARTESIAN_POINT ( 'NONE',  ( -2.601231265626370082, 15.56154386039297499, 14.08794693618169624 ) ) ;
#368 = FACE_OUTER_BOUND ( 'NONE', #4945, .T. ) ;
#369 = CARTESIAN_POINT ( 'NONE',  ( -11.80280946203027703, 13.27412191024555277, -9.290267667432397403 ) ) ;
#370 = DIRECTION ( 'NONE',  ( 0.000000000000000000, 0.000000000000000000, -1.000000000000000000 ) ) ;
#371 = CARTESIAN_POINT ( 'NONE',  ( 12.87132607026282827, 16.30140306170806852, -4.877837333107977180 ) ) ;
#372 = EDGE_CURVE ( 'NONE', #3054, #1741, #5716, .T. ) ;
#373 = DIRECTION ( 'NONE',  ( 1.000000000000000000, -0.000000000000000000, 1.224646799147353207E-16 ) ) ;
#374 = CARTESIAN_POINT ( 'NONE',  ( -14.19291801388060215, 4.678371526212158571, -4.854160215867873163 ) ) ;
#375 = CARTESIAN_POINT ( 'NONE',  ( -1.762787543028740966, 4.684012049476029560, 14.16131459924493896 ) ) ;
#376 = CYLINDRICAL_SURFACE ( 'NONE', #2735, 0.9999999999999991118 ) ;
#377 = CARTESIAN_POINT ( 'NONE',  ( 10.97806587819273183, 17.32149913304450806, -6.010537559296537324 ) ) ;
#378 = VECTOR ( 'NONE', #3465, 1000.000000000000000 ) ;
#379 = CARTESIAN_POINT ( 'NONE',  ( 6.502015155285766568, 17.32149913304451161, -10.69431115584768399 ) ) ;
#380 = CARTESIAN_POINT ( 'NONE',  ( -0.6814814786791946188, 3.007541301891236696, -14.98547865873362994 ) ) ;
#381 = ORIENTED_EDGE ( 'NONE', *, *, #470, .F. ) ;
#382 = EDGE_CURVE ( 'NONE', #564, #7039, #3534, .T. ) ;
#383 = CIRCLE ( 'NONE', #6726, 0.9999999999999991118 ) ;
#384 = CARTESIAN_POINT ( 'NONE',  ( -1.333061841923388835, 3.096679977797669014, 14.94148958443922304 ) ) ;
#385 = CARTESIAN_POINT ( 'NONE',  ( 11.35257835782100067, 4.999999999999996447, -8.647868598458288147 ) ) ;
#386 = ORIENTED_EDGE ( 'NONE', *, *, #4102, .F. ) ;
#387 = CARTESIAN_POINT ( 'NONE',  ( 11.40613017102161919, 4.186591583603317623, 9.742056353669452662 ) ) ;
#388 = CARTESIAN_POINT ( 'NONE',  ( 13.07567102250056479, 2.999999999931400207, 7.352273445972927313 ) ) ;
#389 = AXIS2_PLACEMENT_3D ( 'NONE', #3280, #3172, #2672 ) ;
#390 = CARTESIAN_POINT ( 'NONE',  ( 12.97266908332214719, 14.51664821311963927, 5.498562804712538998 ) ) ;
#391 = ORIENTED_EDGE ( 'NONE', *, *, #988, .T. ) ;
#392 = CARTESIAN_POINT ( 'NONE',  ( -13.92572375912754801, 13.54305173103465165, 5.569059885503261143 ) ) ;
#393 = FACE_BOUND ( 'NONE', #3605, .T. ) ;
#394 = CARTESIAN_POINT ( 'NONE',  ( -10.48728023795661102, 16.90846634617058442, -7.883827131477429084 ) ) ;
#395 = CARTESIAN_POINT ( 'NONE',  ( 8.707976690686669130, 16.30140306170827458, -10.65999408113075653 ) ) ;
#396 = CARTESIAN_POINT ( 'NONE',  ( -11.80280946417324017, 4.999999999999997335, 9.290267669330480871 ) ) ;
#397 = CARTESIAN_POINT ( 'NONE',  ( -1.108032079779802670, 16.04144829552216933, 13.33017902646524888 ) ) ;
#398 = CARTESIAN_POINT ( 'NONE',  ( 1.436793329302792799, 15.55562045885059774, -13.60376490735872146 ) ) ;
#399 = CARTESIAN_POINT ( 'NONE',  ( 5.507686956995866190, 4.918749111901025373, -13.16556307261187975 ) ) ;
#400 = CARTESIAN_POINT ( 'NONE',  ( -14.88828558094365739, 4.361631949948287179, 1.941135735418085595 ) ) ;
#401 = CARTESIAN_POINT ( 'NONE',  ( 11.27698614514218889, 14.28737044941516565, -8.533116590259375300 ) ) ;
#402 = CYLINDRICAL_SURFACE ( 'NONE', #6218, 2.000000000000000000 ) ;
#403 = CARTESIAN_POINT ( 'NONE',  ( -11.72170531907451974, 14.07206457136681088, -9.215673151546624808 ) ) ;
#404 = CARTESIAN_POINT ( 'NONE',  ( 7.500000000001944223, 16.12864346198168164, -10.99038105676658184 ) ) ;
#405 = CARTESIAN_POINT ( 'NONE',  ( 12.84233726292666411, 16.09491777460652528, -5.457699041918987248 ) ) ;
#406 = CARTESIAN_POINT ( 'NONE',  ( 0.000000000000000000, -1.046597125924626503, 0.000000000000000000 ) ) ;
#407 = CARTESIAN_POINT ( 'NONE',  ( -13.74971650245326771, 3.212026121888199803, -5.997627067636098097 ) ) ;
#408 = DIRECTION ( 'NONE',  ( 0.000000000000000000, 0.000000000000000000, -1.000000000000000000 ) ) ;
#409 = CIRCLE ( 'NONE', #1626, 3.125000000000000000 ) ;
#410 = CARTESIAN_POINT ( 'NONE',  ( -1.370528865785295647, 17.03171344788464125, -12.88647056264516877 ) ) ;
#411 = CARTESIAN_POINT ( 'NONE',  ( 8.515940969790987580, 3.067136549718161298, -12.34941143199868918 ) ) ;
#412 = CARTESIAN_POINT ( 'NONE',  ( 8.042481008307065693, 15.56139645840794117, 11.06173004929346781 ) ) ;
#413 = EDGE_CURVE ( 'NONE', #5210, #7551, #5125, .T. ) ;
#414 = AXIS2_PLACEMENT_3D ( 'NONE', #1858, #63, #4193 ) ;
#415 = CARTESIAN_POINT ( 'NONE',  ( -1.303873187969412118E-15, 3.999999999999995115, -14.99999999999999822 ) ) ;
#416 = ORIENTED_EDGE ( 'NONE', *, *, #1017, .T. ) ;
#417 =( BOUNDED_SURFACE ( )  B_SPLINE_SURFACE ( 3, 2, ( 
 ( #895, #2577, #326 ),
 ( #3798, #4973, #2652 ),
 ( #6627, #4399, #932 ),
 ( #4256, #5474, #2070 ),
 ( #7304, #821, #6697 ),
 ( #250, #6661, #288 ),
 ( #2539, #6591, #6736 ),
 ( #1397, #5585, #2002 ),
 ( #5437, #1500, #7234 ),
 ( #3731, #856, #4904 ),
 ( #3841, #6051, #3260 ),
 ( #4865, #783, #3151 ),
 ( #4328, #6088, #7194 ),
 ( #3188, #1431, #3764 ),
 ( #2505, #5515, #4829 ),
 ( #7160, #1462, #2615 ),
 ( #1927, #1355, #3694 ),
 ( #4939, #7271, #2035 ) ),
 .UNSPECIFIED., .F., .F., .T. ) 
 B_SPLINE_SURFACE_WITH_KNOTS ( ( 4, 2, 2, 2, 2, 2, 2, 2, 4 ),
 ( 3, 3 ),
 ( 0.001001835143902674898, 0.001483160195672278154, 0.001964485247441881410, 0.002445810299211485100, 0.002927135350981088357, 0.003408460402750691613, 0.003889785454520295303, 0.004371110506289898126, 0.004852435558059501816 ),
 ( 0.000000000000000000, 1.000000000000000000 ),
 .UNSPECIFIED. ) 
 GEOMETRIC_REPRESENTATION_ITEM ( )  RATIONAL_B_SPLINE_SURFACE ( (
 ( 1.000000000000000000, 0.7071067811865473507, 1.000000000000000000),
 ( 1.000000000000000000, 0.7068862653317251610, 1.000000000000000000),
 ( 1.000000000000000000, 0.7152614521122988567, 1.000000000000000000),
 ( 1.000000000000000000, 0.7353188346932835184, 1.000000000000000000),
 ( 1.000000000000000000, 0.7463742780417124134, 1.000000000000000000),
 ( 1.000000000000000000, 0.7639171294620321628, 1.000000000000000000),
 ( 1.000000000000000000, 0.7705876985465454077, 1.000000000000000000),
 ( 1.000000000000000000, 0.7802728411342632064, 1.000000000000000000),
 ( 1.000000000000000000, 0.7834142574742590792, 1.000000000000000000),
 ( 1.000000000000000000, 0.7873757974863950793, 1.000000000000000000),
 ( 1.000000000000000000, 0.7882590930830257747, 1.000000000000000000),
 ( 1.000000000000000000, 0.7889663206215455915, 1.000000000000000000),
 ( 1.000000000000000000, 0.7887727214692329403, 1.000000000000000000),
 ( 1.000000000000000000, 0.7881288200424875212, 1.000000000000000000),
 ( 1.000000000000000000, 0.7876692935215965363, 1.000000000000000000),
 ( 1.000000000000000000, 0.7870063584361977060, 1.000000000000000000),
 ( 1.000000000000000000, 0.7867917697739801319, 1.000000000000000000),
 ( 1.000000000000000000, 0.7867957924694415350, 1.000000000000000000) ) ) 
 REPRESENTATION_ITEM ( '' )  SURFACE ( )  );
#418 = DIRECTION ( 'NONE',  ( -0.000000000000000000, 1.000000000000000000, -0.000000000000000000 ) ) ;
#419 = CARTESIAN_POINT ( 'NONE',  ( 11.40085280317545013, 4.607099469528448843, -8.582380787265487143 ) ) ;
#420 = ORIENTED_EDGE ( 'NONE', *, *, #1530, .T. ) ;
#421 = CARTESIAN_POINT ( 'NONE',  ( 11.28608250894451892, 4.999999999999996447, 9.880503104665097069 ) ) ;
#422 = CARTESIAN_POINT ( 'NONE',  ( 11.21402758742454076, 14.11976560169252615, 9.782255092698806109 ) ) ;
#423 = EDGE_CURVE ( 'NONE', #5085, #4922, #1979, .T. ) ;
#424 = CARTESIAN_POINT ( 'NONE',  ( 13.12834925862060054, 13.76796568068119697, 5.503245299001248370 ) ) ;
#425 = ORIENTED_EDGE ( 'NONE', *, *, #3984, .T. ) ;
#426 = CARTESIAN_POINT ( 'NONE',  ( -2.685431209672129782, 15.19381013832923877, -14.25078950664738819 ) ) ;
#427 = DIRECTION ( 'NONE',  ( 0.000000000000000000, -1.000000000000000000, 0.000000000000000000 ) ) ;
#428 = CARTESIAN_POINT ( 'NONE',  ( -11.23168994277515687, 14.06732362297316463, -9.812706173326970926 ) ) ;
#429 = CARTESIAN_POINT ( 'NONE',  ( 6.206221012455118036, 17.01496715519875380, -11.46128721331314537 ) ) ;
#430 = ADVANCED_FACE ( 'NONE', ( #674 ), #7000, .T. ) ;
#431 = CARTESIAN_POINT ( 'NONE',  ( -11.35257835782099356, 4.999999999999996447, 8.647868598458293476 ) ) ;
#432 = ORIENTED_EDGE ( 'NONE', *, *, #5412, .T. ) ;
#433 = CARTESIAN_POINT ( 'NONE',  ( 12.71094508743594709, 17.17617608777599969, 1.048630906459652401 ) ) ;
#434 = FACE_OUTER_BOUND ( 'NONE', #5851, .T. ) ;
#435 = CARTESIAN_POINT ( 'NONE',  ( -11.28608250894451892, 4.999999999999998224, -9.880503104665113057 ) ) ;
#436 = DIRECTION ( 'NONE',  ( -1.000000000000000000, 0.000000000000000000, 0.000000000000000000 ) ) ;
#437 = CARTESIAN_POINT ( 'NONE',  ( 4.854160215867764805, 4.678371526212158571, -14.19291801388063767 ) ) ;
#438 = CARTESIAN_POINT ( 'NONE',  ( -14.17141751754961554, 4.466339822256640169, 1.653483764996416916 ) ) ;
#439 = CARTESIAN_POINT ( 'NONE',  ( -6.673955498260224495, 3.997967014936480545, 12.34818740018764061 ) ) ;
#440 = DIRECTION ( 'NONE',  ( -0.000000000000000000, 1.000000000000000000, -0.000000000000000000 ) ) ;
#441 = FACE_OUTER_BOUND ( 'NONE', #3114, .T. ) ;
#442 = CARTESIAN_POINT ( 'NONE',  ( -13.67656873874906687, 16.18082439328295763, -2.288217558839513721 ) ) ;
#443 = CARTESIAN_POINT ( 'NONE',  ( 8.589135694386801134, 4.627067985563797947, 11.39594917043502242 ) ) ;
#444 = CARTESIAN_POINT ( 'NONE',  ( 10.50360563964625271, 16.81363579182213996, -8.064706036936170719 ) ) ;
#445 = CARTESIAN_POINT ( 'NONE',  ( -9.127760847453723514, 15.78240327593547221, -10.82875206333649132 ) ) ;
#446 = CARTESIAN_POINT ( 'NONE',  ( -12.87196468490603607, 4.106013060889059929, -6.049987720945631864 ) ) ;
#447 = DIRECTION ( 'NONE',  ( 0.000000000000000000, -1.000000000000000000, -0.000000000000000000 ) ) ;
#448 = FACE_OUTER_BOUND ( 'NONE', #4808, .T. ) ;
#449 = DIRECTION ( 'NONE',  ( 0.000000000000000000, -1.000000000000000000, 0.000000000000000000 ) ) ;
#450 = CARTESIAN_POINT ( 'NONE',  ( 2.576118348315110218, 15.55476767122635628, 14.07239746646662226 ) ) ;
#451 = CARTESIAN_POINT ( 'NONE',  ( -9.268868759182881334, 15.53957261684852931, 10.90148128887392964 ) ) ;
#452 = ADVANCED_FACE ( 'NONE', ( #1963 ), #417, .T. ) ;
#453 = LINE ( 'NONE', #4110, #3788 ) ;
#454 = CARTESIAN_POINT ( 'NONE',  ( 12.90439479676282808, 3.999999999495816638, -7.648932570987478030 ) ) ;
#455 = ORIENTED_EDGE ( 'NONE', *, *, #289, .T. ) ;
#456 = CARTESIAN_POINT ( 'NONE',  ( 0.5979876568725819297, 16.36206807681269382, -13.09008221646927694 ) ) ;
#457 = CARTESIAN_POINT ( 'NONE',  ( 10.65999408113102476, 16.30140306170814668, 8.707976690686493271 ) ) ;
#458 = ORIENTED_EDGE ( 'NONE', *, *, #7361, .F. ) ;
#459 =( BOUNDED_SURFACE ( )  B_SPLINE_SURFACE ( 3, 2, ( 
 ( #5442, #215, #7239 ),
 ( #3770, #7465, #6815 ),
 ( #5204, #3997, #2841 ),
 ( #6780, #1011, #1701 ),
 ( #474, #5167, #4449 ),
 ( #438, #400, #2733 ),
 ( #1051, #2771, #2233 ),
 ( #2118, #3378, #1667 ),
 ( #6898, #7386, #2272 ),
 ( #547, #4565, #1545 ),
 ( #1085, #4602, #6935 ),
 ( #4484, #6312, #1579 ),
 ( #2878, #1623, #2805 ),
 ( #5127, #5711, #6238 ),
 ( #2192, #2157, #4523 ),
 ( #4029, #3881, #5054 ),
 ( #3916, #7500, #3340 ),
 ( #5669, #6351, #5788 ) ),
 .UNSPECIFIED., .F., .F., .T. ) 
 B_SPLINE_SURFACE_WITH_KNOTS ( ( 4, 2, 2, 2, 2, 2, 2, 2, 4 ),
 ( 3, 3 ),
 ( 0.001302520603113772185, 0.001783172609227539045, 0.002263824615341305906, 0.002744476621455072766, 0.003225128627568839626, 0.003705780633682606486, 0.004186432639796373346, 0.004667084645910139773, 0.005147736652023907067 ),
 ( 0.000000000000000000, 1.000000000000000000 ),
 .UNSPECIFIED. ) 
 GEOMETRIC_REPRESENTATION_ITEM ( )  RATIONAL_B_SPLINE_SURFACE ( (
 ( 1.000000000000000000, 0.7867957924694435334, 1.000000000000000000),
 ( 1.000000000000000000, 0.7867918659039019325, 1.000000000000000000),
 ( 1.000000000000000000, 0.7870059279259268292, 1.000000000000000000),
 ( 1.000000000000000000, 0.7876722697780657034, 1.000000000000000000),
 ( 1.000000000000000000, 0.7881326248067190843, 1.000000000000000000),
 ( 1.000000000000000000, 0.7887758449274027139, 1.000000000000000000),
 ( 1.000000000000000000, 0.7889663658733701013, 1.000000000000000000),
 ( 1.000000000000000000, 0.7882435220810439791, 1.000000000000000000),
 ( 1.000000000000000000, 0.7873519033454375871, 1.000000000000000000),
 ( 1.000000000000000000, 0.7832757266628368464, 1.000000000000000000),
 ( 1.000000000000000000, 0.7801295861738919424, 1.000000000000000000),
 ( 1.000000000000000000, 0.7702790648040356292, 1.000000000000000000),
 ( 1.000000000000000000, 0.7633849859748669253, 1.000000000000000000),
 ( 1.000000000000000000, 0.7458883219263792164, 1.000000000000000000),
 ( 1.000000000000000000, 0.7349125052205719433, 1.000000000000000000),
 ( 1.000000000000000000, 0.7151046345649968439, 1.000000000000000000),
 ( 1.000000000000000000, 0.7068896004544086287, 1.000000000000000000),
 ( 1.000000000000000000, 0.7071067811865473507, 1.000000000000000000) ) ) 
 REPRESENTATION_ITEM ( '' )  SURFACE ( )  );
#460 = EDGE_CURVE ( 'NONE', #5422, #1603, #3068, .T. ) ;
#461 = CARTESIAN_POINT ( 'NONE',  ( -9.527625652586081628, 3.768420980672145593, -11.58614873602432205 ) ) ;
#462 = CARTESIAN_POINT ( 'NONE',  ( 13.73333333333333250, 4.999999999999996447, -2.719477073916152232 ) ) ;
#463 = CARTESIAN_POINT ( 'NONE',  ( -7.203427653526013330, 16.30483108477092458, 11.01067374925738740 ) ) ;
#464 = CARTESIAN_POINT ( 'NONE',  ( 7.855809004240629001, 16.93077057452687839, -10.47849849167046976 ) ) ;
#465 = PLANE ( 'NONE',  #301 ) ;
#466 = ORIENTED_EDGE ( 'NONE', *, *, #3447, .F. ) ;
#467 = CARTESIAN_POINT ( 'NONE',  ( -7.998535265652121140, 4.063395705472427011, -11.73008099510140667 ) ) ;
#468 = CARTESIAN_POINT ( 'NONE',  ( -1.747631446962754298, 16.80181036654473559, 13.14081354651160538 ) ) ;
#469 = DIRECTION ( 'NONE',  ( 0.000000000000000000, -1.000000000000000000, -0.000000000000000000 ) ) ;
#470 = EDGE_CURVE ( 'NONE', #3582, #3207, #4040, .T. ) ;
#471 = CARTESIAN_POINT ( 'NONE',  ( 1.836970198721029589E-15, -1.046597125924626503, -15.00000000000000000 ) ) ;
#472 = CARTESIAN_POINT ( 'NONE',  ( 1.900000000000000133, 16.00000000000000000, 2.197037335532514280E-16 ) ) ;
#473 = CARTESIAN_POINT ( 'NONE',  ( 6.604973801232930875, 3.894580777457766541, -13.46913005306377720 ) ) ;
#474 = CARTESIAN_POINT ( 'NONE',  ( -14.16461854598968095, 4.607099469528462166, 1.732133385135664838 ) ) ;
#475 = VERTEX_POINT ( 'NONE', #5162 ) ;
#476 = CARTESIAN_POINT ( 'NONE',  ( 11.30955193725533370, 16.46819868874966630, -6.404211803263169855 ) ) ;
#477 = CARTESIAN_POINT ( 'NONE',  ( -11.17157729339425032, 14.39430030472775179, -9.722724610782238486 ) ) ;
#478 = CARTESIAN_POINT ( 'NONE',  ( -13.22347718894556401, 16.71832469119268794, 1.846846077495704064 ) ) ;
#479 = CARTESIAN_POINT ( 'NONE',  ( 11.42963713672103410, 16.44440290119825221, -6.240581371832296220 ) ) ;
#480 = CARTESIAN_POINT ( 'NONE',  ( -9.264501580313908136, 15.55953571197783525, -10.89759891132423419 ) ) ;
#481 = CARTESIAN_POINT ( 'NONE',  ( 14.89190164535298777, 3.267587546154536060, 1.803351922683148700 ) ) ;
#482 = CARTESIAN_POINT ( 'NONE',  ( -2.913725436338733488, 13.54063205933656455, -14.71428571428571708 ) ) ;
#483 = CARTESIAN_POINT ( 'NONE',  ( -14.08126787375660527, 3.901549709546961786, -5.169659568624048518 ) ) ;
#484 = CARTESIAN_POINT ( 'NONE',  ( 14.11389779736112082, 14.06732362297316463, -4.820575731209993720 ) ) ;
#485 = CARTESIAN_POINT ( 'NONE',  ( 0.5413601079002662297, 17.29921814651424228, 12.54593096217229409 ) ) ;
#486 = CARTESIAN_POINT ( 'NONE',  ( -9.880503104665089964, 12.99999999999999822, 11.28608250894452247 ) ) ;
#487 = CARTESIAN_POINT ( 'NONE',  ( -7.499999999999989342, 4.999999999999996447, 12.99038105676658539 ) ) ;
#488 = AXIS2_PLACEMENT_3D ( 'NONE', #3153, #3696, #785 ) ;
#489 = CARTESIAN_POINT ( 'NONE',  ( 11.88899367506460969, 4.003770645890965874, -7.544436850728260424 ) ) ;
#490 = ORIENTED_EDGE ( 'NONE', *, *, #1217, .F. ) ;
#491 = CARTESIAN_POINT ( 'NONE',  ( 2.074109250945315619, 16.48407345658108625, -13.43532076978693013 ) ) ;
#492 = CARTESIAN_POINT ( 'NONE',  ( 10.50646263419236348, 16.80181036654454374, 8.083900002778429794 ) ) ;
#493 = CIRCLE ( 'NONE', #6109, 9.999999999999998224 ) ;
#494 = AXIS2_PLACEMENT_3D ( 'NONE', #3482, #653, #2981 ) ;
#495 = CARTESIAN_POINT ( 'NONE',  ( 11.73366104792226494, 16.31664398817212458, 5.933538608645949175 ) ) ;
#496 = ORIENTED_EDGE ( 'NONE', *, *, #5734, .F. ) ;
#497 = CARTESIAN_POINT ( 'NONE',  ( -0.7132942098954490051, 4.009120202429380164, 14.09657599580352993 ) ) ;
#498 = DIRECTION ( 'NONE',  ( 0.000000000000000000, 0.000000000000000000, -1.000000000000000000 ) ) ;
#499 = CARTESIAN_POINT ( 'NONE',  ( -13.02624339616718352, 17.01783092815903231, -0.3749774612344357605 ) ) ;
#500 = CARTESIAN_POINT ( 'NONE',  ( -8.486535424740063505, 14.51205696741441642, 11.24889746808177904 ) ) ;
#501 = CARTESIAN_POINT ( 'NONE',  ( 6.136310843199544784, 16.99830047610607053, -11.52251658619730890 ) ) ;
#502 = CIRCLE ( 'NONE', #4771, 2.000000000000000000 ) ;
#503 = CARTESIAN_POINT ( 'NONE',  ( 11.35257835782099889, 3.999999999999996447, -8.647868598458288147 ) ) ;
#504 = ORIENTED_EDGE ( 'NONE', *, *, #2393, .F. ) ;
#505 = EDGE_CURVE ( 'NONE', #3455, #1695, #7217, .T. ) ;
#506 = FACE_OUTER_BOUND ( 'NONE', #4375, .T. ) ;
#507 = CARTESIAN_POINT ( 'NONE',  ( -2.104724298144911909, 14.33182026815213028, 14.69589870404005261 ) ) ;
#508 = CIRCLE ( 'NONE', #2219, 2.000000000000001776 ) ;
#509 = CARTESIAN_POINT ( 'NONE',  ( 11.67397823337876694, 4.107372228728873864, 8.125448727845174801 ) ) ;
#510 = CARTESIAN_POINT ( 'NONE',  ( -2.913725436338731711, 12.99999999999999822, 14.71428571428571708 ) ) ;
#511 = CARTESIAN_POINT ( 'NONE',  ( 2.131394549175969821, 4.808283127649771060, 14.86806671372891131 ) ) ;
#512 = B_SPLINE_CURVE_WITH_KNOTS ( 'NONE', 3,
 ( #421, #3865, #7329, #3825, #387, #1031, #4963, #2601, #5076, #1604, #3898, #5609, #4384, #2718, #5037, #7370 ),
 .UNSPECIFIED., .F., .F.,
 ( 4, 2, 2, 2, 2, 2, 2, 4 ),
 ( 0.000000000000000000, 0.0005078598180034132057, 0.001015719636006826411, 0.001523579454010239509, 0.002031439272013652823, 0.002539299090017066354, 0.003047158908020479017, 0.004062878544027303043 ),
 .UNSPECIFIED. ) ;
#513 = CARTESIAN_POINT ( 'NONE',  ( -8.673617379884035472E-16, 4.999999999999996447, -14.00000000000000000 ) ) ;
#514 = VERTEX_POINT ( 'NONE', #4515 ) ;
#515 = CARTESIAN_POINT ( 'NONE',  ( -1.576863848603687890, 16.91309265915789339, 13.01917734684413475 ) ) ;
#516 = EDGE_CURVE ( 'NONE', #3003, #4306, #965, .T. ) ;
#517 = CARTESIAN_POINT ( 'NONE',  ( 5.762394658047325535, 4.362682976374236965, 13.86450308711562052 ) ) ;
#518 = CARTESIAN_POINT ( 'NONE',  ( -11.31570734685954172, 13.89581248135484337, -8.593687042274188670 ) ) ;
#519 = CARTESIAN_POINT ( 'NONE',  ( -8.647258034146076966, 3.947308199542745033, 12.26144745187112939 ) ) ;
#520 = CARTESIAN_POINT ( 'NONE',  ( -12.47951010639896552, 15.58302086366380657, -5.563764546802107525 ) ) ;
#521 = CARTESIAN_POINT ( 'NONE',  ( -5.619207090191665976, 3.435280335374282679, 13.90848057518148018 ) ) ;
#522 = CARTESIAN_POINT ( 'NONE',  ( 8.518142425156518982, 4.467215551782194538, -11.44573990506621719 ) ) ;
#523 = CARTESIAN_POINT ( 'NONE',  ( -1.400278733528320203E-15, 17.33012701892219098, 12.49999999999999822 ) ) ;
#524 = LINE ( 'NONE', #950, #3066 ) ;
#525 = CIRCLE ( 'NONE', #4799, 0.9999999999999991118 ) ;
#526 = CARTESIAN_POINT ( 'NONE',  ( -4.833782609620603132, 12.99999999999999822, 14.19980794528325596 ) ) ;
#527 = CARTESIAN_POINT ( 'NONE',  ( 11.35579940710570668, 4.366773803862595393, -9.800388409426874503 ) ) ;
#528 = ORIENTED_EDGE ( 'NONE', *, *, #5403, .F. ) ;
#529 = CARTESIAN_POINT ( 'NONE',  ( -0.1076962429820637890, 17.33044428562115158, -12.49954207052170929 ) ) ;
#530 = CARTESIAN_POINT ( 'NONE',  ( 10.47849849166999903, 16.93077057452713774, 7.855809004240670745 ) ) ;
#531 = AXIS2_PLACEMENT_3D ( 'NONE', #64, #2317, #6980 ) ;
#532 = CARTESIAN_POINT ( 'NONE',  ( -11.10034834087723787, 16.42815922429076636, 6.839053837578415340 ) ) ;
#533 = ORIENTED_EDGE ( 'NONE', *, *, #2416, .F. ) ;
#534 = AXIS2_PLACEMENT_3D ( 'NONE', #5105, #6326, #984 ) ;
#535 = CARTESIAN_POINT ( 'NONE',  ( -1.024369362932536776, 4.052630740461603764, 14.15321486287381347 ) ) ;
#536 = CARTESIAN_POINT ( 'NONE',  ( 13.05035885331425760, 14.17016293417062656, -5.499999999999562128 ) ) ;
#537 = CARTESIAN_POINT ( 'NONE',  ( -13.96948270314907603, 14.54162390953169215, -1.714881499996779413 ) ) ;
#538 = CARTESIAN_POINT ( 'NONE',  ( 7.373983220515091475, 16.85085737450785714, -10.98522533473645346 ) ) ;
#539 = DIRECTION ( 'NONE',  ( 0.000000000000000000, -1.000000000000000000, 0.000000000000000000 ) ) ;
#540 = ORIENTED_EDGE ( 'NONE', *, *, #5844, .T. ) ;
#541 = CARTESIAN_POINT ( 'NONE',  ( -11.52251658619710994, 16.99830047610607053, -6.136310843199593634 ) ) ;
#542 = CARTESIAN_POINT ( 'NONE',  ( -11.58614873602431139, 3.768420980672143372, 9.527625652586090510 ) ) ;
#543 = ORIENTED_EDGE ( 'NONE', *, *, #5030, .T. ) ;
#544 = CARTESIAN_POINT ( 'NONE',  ( 12.06518629690191524, 3.214744458955211215, 8.913873809792359992 ) ) ;
#545 = CARTESIAN_POINT ( 'NONE',  ( 0.000000000000000000, 12.99999999999999822, 9.999999999999998224 ) ) ;
#546 = CARTESIAN_POINT ( 'NONE',  ( -7.500000000000001776, 2.999999999999996447, -12.99038105676657828 ) ) ;
#547 = CARTESIAN_POINT ( 'NONE',  ( -14.17732806933141276, 4.141551853311558062, 1.277022840705155371 ) ) ;
#548 = ADVANCED_FACE ( 'NONE', ( #434 ), #6932, .T. ) ;
#549 = ORIENTED_EDGE ( 'NONE', *, *, #2254, .T. ) ;
#550 = CARTESIAN_POINT ( 'NONE',  ( 14.95910484604907609, 3.901731976069200858, -1.133694935960482653 ) ) ;
#551 = CARTESIAN_POINT ( 'NONE',  ( 14.00527823653271753, 15.67656118341528071, -2.532482586500726107 ) ) ;
#552 = ORIENTED_EDGE ( 'NONE', *, *, #1826, .F. ) ;
#553 = CARTESIAN_POINT ( 'NONE',  ( -7.649131243479626363, 2.999999999930607952, 12.90428009319903246 ) ) ;
#554 = CARTESIAN_POINT ( 'NONE',  ( -6.027109780817409224, 3.199223961955117712, -13.73677955585925758 ) ) ;
#555 = DIRECTION ( 'NONE',  ( 0.000000000000000000, 1.000000000000000000, 0.000000000000000000 ) ) ;
#556 = ADVANCED_FACE ( 'NONE', ( #6194 ), #6666, .T. ) ;
#557 = CARTESIAN_POINT ( 'NONE',  ( 14.19980794528325063, -2.000000000000000000, 4.833782609620612902 ) ) ;
#558 = CARTESIAN_POINT ( 'NONE',  ( -13.16556307376510304, 12.99999999999999822, -5.507686957097270408 ) ) ;
#559 = CARTESIAN_POINT ( 'NONE',  ( 2.880970691227355385, 14.07809494866336308, 14.63061286681209872 ) ) ;
#560 = CARTESIAN_POINT ( 'NONE',  ( -6.156503352946134378, 17.33044428562116934, 10.87876909023519545 ) ) ;
#561 = CARTESIAN_POINT ( 'NONE',  ( -14.90995495196954046, 3.199223961955117712, -1.648759596344095968 ) ) ;
#562 = ADVANCED_FACE ( 'NONE', ( #6897 ), #3011, .T. ) ;
#563 = CARTESIAN_POINT ( 'NONE',  ( -14.08919953934219826, 3.934431103140404673, 5.147924617829572114 ) ) ;
#564 = VERTEX_POINT ( 'NONE', #2271 ) ;
#565 = CARTESIAN_POINT ( 'NONE',  ( 0.2458473362327080747, 17.32944964589907144, -12.50097769225831890 ) ) ;
#566 = CARTESIAN_POINT ( 'NONE',  ( 11.00134102768443967, 16.26662723198569793, 7.279393117288504911 ) ) ;
#567 = B_SPLINE_CURVE_WITH_KNOTS ( 'NONE', 3,
 ( #1461, #3149, #2575, #5472, #1429, #7267, #2033, #3763, #3692, #2537, #780, #3797, #206, #4864, #7193, #6085 ),
 .UNSPECIFIED., .F., .F.,
 ( 4, 2, 2, 2, 2, 2, 2, 4 ),
 ( 0.000000000000000000, 0.0009985881523668614385, 0.001497882228550291616, 0.001997176304733722010, 0.002496470380917152621, 0.002995764457100582364, 0.003495058533284012975, 0.003994352609467443152 ),
 .UNSPECIFIED. ) ;
#568 = DIRECTION ( 'NONE',  ( 0.000000000000000000, 1.000000000000000000, 0.000000000000000000 ) ) ;
#569 = VERTEX_POINT ( 'NONE', #1234 ) ;
#570 = CARTESIAN_POINT ( 'NONE',  ( 11.56751519734544864, 3.802689510443622023, 9.550199142363297256 ) ) ;
#571 = CARTESIAN_POINT ( 'NONE',  ( 5.539052375149227991, 15.39308095162503953, 12.59366281644376251 ) ) ;
#572 = CARTESIAN_POINT ( 'NONE',  ( -14.53623204181199924, 14.39430030472762034, -2.834337860240404794 ) ) ;
#573 = CARTESIAN_POINT ( 'NONE',  ( 7.489813340991393176, 16.14461645573572213, -10.98546540568763064 ) ) ;
#574 = CARTESIAN_POINT ( 'NONE',  ( -12.04422305177075003, 3.999999999999996447, 7.138793737353218205 ) ) ;
#575 = DIRECTION ( 'NONE',  ( 0.000000000000000000, -1.000000000000000000, 0.000000000000000000 ) ) ;
#576 = ORIENTED_EDGE ( 'NONE', *, *, #1945, .T. ) ;
#577 = CARTESIAN_POINT ( 'NONE',  ( -11.29968544425623556, 17.04175505156339554, -6.427706391235069816 ) ) ;
#578 = CARTESIAN_POINT ( 'NONE',  ( 13.53097049545302966, 16.36882392162266697, 2.163993327970088032 ) ) ;
#579 = VERTEX_POINT ( 'NONE', #2386 ) ;
#580 = CARTESIAN_POINT ( 'NONE',  ( 2.913725436338731267, 13.54176568429052985, -14.71428571428571352 ) ) ;
#581 = CARTESIAN_POINT ( 'NONE',  ( 2.253072478058655292, 3.563653805202690705, 14.83028674763171928 ) ) ;
#582 = CARTESIAN_POINT ( 'NONE',  ( 11.78554563124077603, 13.54770619938536669, -9.275282972438899876 ) ) ;
#583 = ORIENTED_EDGE ( 'NONE', *, *, #6992, .F. ) ;
#584 = CARTESIAN_POINT ( 'NONE',  ( 14.86666666666666536, 4.999999999999996447, -2.144203077510813404 ) ) ;
#585 = CARTESIAN_POINT ( 'NONE',  ( 5.819760849812007031, 4.283487441372496818, 13.83883922189137472 ) ) ;
#586 = CARTESIAN_POINT ( 'NONE',  ( 13.91069392487435508, 14.75504811013947126, -1.679185316001558625 ) ) ;
#587 = CARTESIAN_POINT ( 'NONE',  ( -7.647726554027003409, 2.999999999931400207, -12.90509109103263086 ) ) ;
#588 = EDGE_CURVE ( 'NONE', #1695, #7527, #6966, .T. ) ;
#589 = ORIENTED_EDGE ( 'NONE', *, *, #1715, .T. ) ;
#590 = CARTESIAN_POINT ( 'NONE',  ( -7.873696622452472482, 4.033568272321473636, 11.77958858459700764 ) ) ;
#591 = CARTESIAN_POINT ( 'NONE',  ( 14.85446167736905387, 3.436560184660548245, 2.089445153021753931 ) ) ;
#592 = DIRECTION ( 'NONE',  ( 0.000000000000000000, 0.000000000000000000, 1.000000000000000000 ) ) ;
#593 = CARTESIAN_POINT ( 'NONE',  ( -5.924964543223535607, 4.176876435823658973, -12.95301252895444399 ) ) ;
#594 = CARTESIAN_POINT ( 'NONE',  ( -5.006887361964757588, 4.186732713191919864, 14.13996336390422393 ) ) ;
#595 = CARTESIAN_POINT ( 'NONE',  ( 9.279875181938624706, 4.808283127649763955, 11.81042620466297421 ) ) ;
#596 = CARTESIAN_POINT ( 'NONE',  ( 14.15555555555555500, 12.99999999999999822, 1.812984715944098379 ) ) ;
#597 = CARTESIAN_POINT ( 'NONE',  ( -5.507686956949994439, 13.22805048829267172, -13.16556307209012111 ) ) ;
#598 = EDGE_CURVE ( 'NONE', #5516, #5751, #5997, .T. ) ;
#599 = CARTESIAN_POINT ( 'NONE',  ( -6.440191516407161920, 16.46435542854617040, 11.29258996243492241 ) ) ;
#600 = CARTESIAN_POINT ( 'NONE',  ( 0.1839636845705348855, 16.45747003169180900, 13.00620190101628459 ) ) ;
#601 = CARTESIAN_POINT ( 'NONE',  ( -5.813257476685417480, 17.30111769636926411, 11.12737602747620791 ) ) ;
#602 = CARTESIAN_POINT ( 'NONE',  ( -12.87383413215124328, 4.107372228728886299, 6.047237349409984475 ) ) ;
#603 = B_SPLINE_CURVE_WITH_KNOTS ( 'NONE', 3,
 ( #1732, #4063, #6383, #3951, #3992, #5663, #578, #1149, #2908, #3489, #5236, #3909, #433, #2765, #1044, #6850, #6272, #3371, #7459, #2228, #2344, #85, #6545, #1312, #1345, #3069, #3758, #2028, #353, #1528, #6690, #1491, #6618, #2677 ),
 .UNSPECIFIED., .F., .F.,
 ( 4, 2, 2, 2, 2, 2, 2, 2, 2, 2, 2, 2, 2, 2, 2, 2, 4 ),
 ( 0.000000000000000000, 0.001600104633265878734, 0.003200209266531757468, 0.004000261583164696835, 0.004400287741481169988, 0.004800313899797642274, 0.005600366216430583376, 0.006000392374747052192, 0.006400418533063521008, 0.007200470849696458640, 0.007600497008012928324, 0.008000523166329398875, 0.008800575482962331303, 0.009600627799595261996, 0.01040068011622820310, 0.01120073243286114420, 0.01280083706612702467 ),
 .UNSPECIFIED. ) ;
#604 = ORIENTED_EDGE ( 'NONE', *, *, #5582, .T. ) ;
#605 = CARTESIAN_POINT ( 'NONE',  ( 0.7362215276979521272, 16.30222877997759312, -13.13899139180578679 ) ) ;
#606 = CARTESIAN_POINT ( 'NONE',  ( 11.86238340852296247, 16.86433506345922240, 5.830798150201601970 ) ) ;
#607 = CARTESIAN_POINT ( 'NONE',  ( -14.19980794528325063, -2.000000000000000000, -4.833782609620615567 ) ) ;
#608 = ORIENTED_EDGE ( 'NONE', *, *, #6808, .T. ) ;
#609 = AXIS2_PLACEMENT_3D ( 'NONE', #7104, #6572, #2408 ) ;
#610 = CARTESIAN_POINT ( 'NONE',  ( 6.200578846650524056, 3.984706786667128853, 13.66403904409297354 ) ) ;
#611 = CARTESIAN_POINT ( 'NONE',  ( 11.47315234143895957, 4.401344754123194036, 8.477816314115036889 ) ) ;
#612 = CARTESIAN_POINT ( 'NONE',  ( -1.200315500968231808, 3.067136549718196381, 14.95287450679232855 ) ) ;
#613 = CARTESIAN_POINT ( 'NONE',  ( 7.127632024176487668, 17.21418835519339297, 10.50442117916766449 ) ) ;
#614 = CARTESIAN_POINT ( 'NONE',  ( -13.00255038942356300, 16.93077057452710577, -1.564080919115639956 ) ) ;
#615 = CARTESIAN_POINT ( 'NONE',  ( 13.66177648649597387, 3.982382847479344345, 6.205409209409366689 ) ) ;
#616 = CARTESIAN_POINT ( 'NONE',  ( 6.152826561405301931, 4.063647738888660932, -12.79767658370431072 ) ) ;
#617 = VECTOR ( 'NONE', #4692, 1000.000000000000000 ) ;
#618 = ORIENTED_EDGE ( 'NONE', *, *, #423, .T. ) ;
#619 = CARTESIAN_POINT ( 'NONE',  ( -11.11932057075126679, 16.44440290119786141, -6.778065430522169699 ) ) ;
#620 = ORIENTED_EDGE ( 'NONE', *, *, #2843, .F. ) ;
#621 = AXIS2_PLACEMENT_3D ( 'NONE', #1091, #3310, #5638 ) ;
#622 = CARTESIAN_POINT ( 'NONE',  ( 14.16858513836143807, 4.524881317935713021, 1.692057609715634348 ) ) ;
#623 = COLOUR_RGB ( '',0.7921568627450980005, 0.8196078431372548767, 0.9333333333333333481 ) ;
#624 = CARTESIAN_POINT ( 'NONE',  ( 1.353797656420211659, 3.945968001676106507, 14.94269593568386512 ) ) ;
#625 = CARTESIAN_POINT ( 'NONE',  ( 11.28608250912521882, 13.28474984484114962, -9.880503104458687957 ) ) ;
#626 = ORIENTED_EDGE ( 'NONE', *, *, #4802, .T. ) ;
#627 = CARTESIAN_POINT ( 'NONE',  ( 14.87357150862616351, 4.622023400374331459, -2.080414384024093177 ) ) ;
#628 = LINE ( 'NONE', #4828, #6341 ) ;
#629 = AXIS2_PLACEMENT_3D ( 'NONE', #5367, #5980, #4194 ) ;
#630 = AXIS2_PLACEMENT_3D ( 'NONE', #4716, #7051, #1287 ) ;
#631 = CARTESIAN_POINT ( 'NONE',  ( 14.71428571433921917, 13.28474984484080856, -2.913725436068545616 ) ) ;
#632 = CARTESIAN_POINT ( 'NONE',  ( -9.864347445916530788, 4.678371526212227849, -11.30028506792155696 ) ) ;
#633 = VERTEX_POINT ( 'NONE', #10 ) ;
#634 = CARTESIAN_POINT ( 'NONE',  ( -8.647868599247551913, 4.918760237672697322, 11.35257835837417595 ) ) ;
#635 = DIRECTION ( 'NONE',  ( -0.000000000000000000, 1.000000000000000000, -0.000000000000000000 ) ) ;
#636 = DIRECTION ( 'NONE',  ( -0.000000000000000000, 1.000000000000000000, -0.000000000000000000 ) ) ;
#637 = CARTESIAN_POINT ( 'NONE',  ( -14.98520250997278680, 3.007811910147806245, -0.6879303150590173610 ) ) ;
#638 = CARTESIAN_POINT ( 'NONE',  ( -5.494826045285426730, 3.535834181800182385, 13.95784295086985516 ) ) ;
#639 = CARTESIAN_POINT ( 'NONE',  ( 2.501140796741193222E-15, 2.999999999999996447, 14.99999999999999822 ) ) ;
#640 = CARTESIAN_POINT ( 'NONE',  ( 8.953040594892412329, 4.141511870957416797, 12.04683991270657728 ) ) ;
#641 = CARTESIAN_POINT ( 'NONE',  ( 8.611510693413048756, 4.700492690897981163, -11.37955977977939881 ) ) ;
#642 = CARTESIAN_POINT ( 'NONE',  ( -5.502846503033496539, 13.89581248135503877, -13.10020496421259928 ) ) ;
#643 = CARTESIAN_POINT ( 'NONE',  ( -7.465961107954100839, 16.80948711538515639, 10.97997295649570582 ) ) ;
#644 = LINE ( 'NONE', #2367, #617 ) ;
#645 = CARTESIAN_POINT ( 'NONE',  ( -13.07858046736117252, 4.401344754123210912, 5.697133232117524315 ) ) ;
#646 = VERTEX_POINT ( 'NONE', #1151 ) ;
#647 = CARTESIAN_POINT ( 'NONE',  ( -2.201154012253829340, 16.31616615544911397, -13.57425954478433994 ) ) ;
#648 = EDGE_CURVE ( 'NONE', #6617, #5042, #7438, .T. ) ;
#649 = CARTESIAN_POINT ( 'NONE',  ( 12.66917735554578606, 16.27517960485728921, 5.485008887375155240 ) ) ;
#650 = DIRECTION ( 'NONE',  ( 0.000000000000000000, -1.000000000000000000, 0.000000000000000000 ) ) ;
#651 = EDGE_LOOP ( 'NONE', ( #3118, #2807, #576, #6860 ) ) ;
#652 = FACE_OUTER_BOUND ( 'NONE', #2063, .T. ) ;
#653 = DIRECTION ( 'NONE',  ( 0.000000000000000000, -1.000000000000000000, 0.000000000000000000 ) ) ;
#654 = CARTESIAN_POINT ( 'NONE',  ( -12.09828971380344242, 16.04144829552216933, 5.705505583935166491 ) ) ;
#655 = CARTESIAN_POINT ( 'NONE',  ( 6.448782413678105563, 17.32506065368719561, 10.71906454797927566 ) ) ;
#656 = CARTESIAN_POINT ( 'NONE',  ( -12.67562728284730689, 17.20258509324224860, -0.9368572092452729372 ) ) ;
#657 = ADVANCED_FACE ( 'NONE', ( #2911 ), #5749, .T. ) ;
#658 = AXIS2_PLACEMENT_3D ( 'NONE', #891, #2648, #4969 ) ;
#659 = CARTESIAN_POINT ( 'NONE',  ( 14.08879175549156670, 3.932679644397246932, 5.149045486691670170 ) ) ;
#660 = CARTESIAN_POINT ( 'NONE',  ( 6.229861548701558505, 4.042053953700336599, -12.73694607676481994 ) ) ;
#661 = EDGE_LOOP ( 'NONE', ( #1651, #5960, #2342 ) ) ;
#662 = CARTESIAN_POINT ( 'NONE',  ( -11.18009269105312242, 16.46355971662036310, -6.636512582308587760 ) ) ;
#663 = VERTEX_POINT ( 'NONE', #546 ) ;
#664 = AXIS2_PLACEMENT_3D ( 'NONE', #3388, #5722, #4988 ) ;
#665 = CARTESIAN_POINT ( 'NONE',  ( 12.18643605401519281, 3.999999999999996447, 6.892473591256500498 ) ) ;
#666 = CARTESIAN_POINT ( 'NONE',  ( 0.000000000000000000, 18.00000000000000000, 0.000000000000000000 ) ) ;
#667 = CARTESIAN_POINT ( 'NONE',  ( -5.507686957097260638, 12.99999999999999822, 13.16556307376510837 ) ) ;
#668 =( BOUNDED_SURFACE ( )  B_SPLINE_SURFACE ( 3, 2, ( 
 ( #1000, #2224, #4551 ),
 ( #4018, #6955, #1725 ),
 ( #6885, #1653, #6337 ),
 ( #1108, #1568, #3442 ),
 ( #5775, #3904, #6223 ),
 ( #3329, #5658, #6843 ),
 ( #5081, #6266, #1039 ),
 ( #3367, #1913, #4665 ),
 ( #3519, #5962, #1835 ),
 ( #1799, #5928, #6577 ),
 ( #571, #3063, #4819 ),
 ( #2901, #5230, #4129 ),
 ( #7147, #78, #4778 ),
 ( #4173, #2378, #1267 ),
 ( #4244, #2412, #7111 ),
 ( #6501, #117, #5846 ),
 ( #2455, #6540, #696 ),
 ( #7032, #6459, #5307 ),
 ( #160, #5346, #5811 ),
 ( #1222, #5268, #3610 ),
 ( #4093, #1340, #7557 ),
 ( #3024, #2334, #6995 ),
 ( #1763, #6418, #655 ),
 ( #1879, #4212, #1308 ),
 ( #732, #5389, #3644 ),
 ( #4734, #1179, #613 ),
 ( #3565, #5889, #2494 ),
 ( #2942, #40, #4701 ),
 ( #2986, #7069, #5535 ),
 ( #5426, #4278, #4888 ),
 ( #1485, #810, #196 ),
 ( #3173, #7327, #3719 ),
 ( #6652, #3247, #7258 ),
 ( #1991, #313, #6614 ),
 ( #277, #1451, #3784 ),
 ( #4996, #2561, #1422 ),
 ( #2600, #2640, #6111 ),
 ( #2024, #5572, #6687 ),
 ( #3823, #349, #883 ),
 ( #7221, #4961, #4350 ) ),
 .UNSPECIFIED., .F., .F., .T. ) 
 B_SPLINE_SURFACE_WITH_KNOTS ( ( 4, 2, 2, 2, 2, 2, 2, 2, 2, 2, 2, 2, 2, 2, 2, 2, 2, 2, 2, 4 ),
 ( 3, 3 ),
 ( 0.000000000000000000, 0.0006748142658293164930, 0.001349628531658632986, 0.002024442797487949371, 0.002361849930402607455, 0.002699257063317265972, 0.003374071329146582573, 0.004048885594975898741, 0.004386292727890556825, 0.004723699860805214909, 0.005398514126634531944, 0.005735921259549190895, 0.006073328392463848979, 0.006748142658293165147, 0.007422956924122481315, 0.008097771189951797483, 0.008772585455781113650, 0.009447399721610429818, 0.01012221398743974599, 0.01079702825326906389 ),
 ( 0.000000000000000000, 1.000000000000000000 ),
 .UNSPECIFIED. ) 
 GEOMETRIC_REPRESENTATION_ITEM ( )  RATIONAL_B_SPLINE_SURFACE ( (
 ( 1.000000000000000000, 0.7867957924694435334, 1.000000000000000000),
 ( 1.000000000000000000, 0.7867893510871550866, 1.000000000000000000),
 ( 1.000000000000000000, 0.7886154144826832413, 1.000000000000000000),
 ( 1.000000000000000000, 0.7953661699510029548, 1.000000000000000000),
 ( 1.000000000000000000, 0.8003370620002963065, 1.000000000000000000),
 ( 1.000000000000000000, 0.8122778712297948900, 1.000000000000000000),
 ( 1.000000000000000000, 0.8191018390051790776, 1.000000000000000000),
 ( 1.000000000000000000, 0.8294273880737258464, 1.000000000000000000),
 ( 1.000000000000000000, 0.8328837475269883495, 1.000000000000000000),
 ( 1.000000000000000000, 0.8396202395223069104, 1.000000000000000000),
 ( 1.000000000000000000, 0.8429190808683767466, 1.000000000000000000),
 ( 1.000000000000000000, 0.8520089025836014018, 1.000000000000000000),
 ( 1.000000000000000000, 0.8570195765218697748, 1.000000000000000000),
 ( 1.000000000000000000, 0.8641253354132603093, 1.000000000000000000),
 ( 1.000000000000000000, 0.8660656719304187234, 1.000000000000000000),
 ( 1.000000000000000000, 0.8672705396855298066, 1.000000000000000000),
 ( 1.000000000000000000, 0.8674005837561250543, 1.000000000000000000),
 ( 1.000000000000000000, 0.8673400669030718602, 1.000000000000000000),
 ( 1.000000000000000000, 0.8671565711264513920, 1.000000000000000000),
 ( 1.000000000000000000, 0.8665197314968647868, 1.000000000000000000),
 ( 1.000000000000000000, 0.8660366921799336204, 1.000000000000000000),
 ( 1.000000000000000000, 0.8660201165652710031, 1.000000000000000000),
 ( 1.000000000000000000, 0.8661157520136419929, 1.000000000000000000),
 ( 1.000000000000000000, 0.8664506541182379618, 1.000000000000000000),
 ( 1.000000000000000000, 0.8666907191152478651, 1.000000000000000000),
 ( 1.000000000000000000, 0.8673394484498337942, 1.000000000000000000),
 ( 1.000000000000000000, 0.8676850451489539484, 1.000000000000000000),
 ( 1.000000000000000000, 0.8661932981187585590, 1.000000000000000000),
 ( 1.000000000000000000, 0.8643369046394937527, 1.000000000000000000),
 ( 1.000000000000000000, 0.8574128041483159990, 1.000000000000000000),
 ( 1.000000000000000000, 0.8524249261066665362, 1.000000000000000000),
 ( 1.000000000000000000, 0.8404064465174754250, 1.000000000000000000),
 ( 1.000000000000000000, 0.8333831374745951370, 1.000000000000000000),
 ( 1.000000000000000000, 0.8194743686560025386, 1.000000000000000000),
 ( 1.000000000000000000, 0.8124799750443733037, 1.000000000000000000),
 ( 1.000000000000000000, 0.8005275974375926085, 1.000000000000000000),
 ( 1.000000000000000000, 0.7955347744211698213, 1.000000000000000000),
 ( 1.000000000000000000, 0.7886441666173675813, 1.000000000000000000),
 ( 1.000000000000000000, 0.7867760218660140303, 1.000000000000000000),
 ( 1.000000000000000000, 0.7867957924694433114, 1.000000000000000000) ) ) 
 REPRESENTATION_ITEM ( '' )  SURFACE ( )  );
#669 = ADVANCED_FACE ( 'NONE', ( #3574 ), #1244, .T. ) ;
#670 = ORIENTED_EDGE ( 'NONE', *, *, #5893, .F. ) ;
#671 = FACE_OUTER_BOUND ( 'NONE', #2795, .T. ) ;
#672 = DIRECTION ( 'NONE',  ( 0.000000000000000000, 0.000000000000000000, -1.000000000000000000 ) ) ;
#673 = CARTESIAN_POINT ( 'NONE',  ( -14.71428571428571352, 4.999999999999996447, -2.913725436338733044 ) ) ;
#674 = FACE_OUTER_BOUND ( 'NONE', #4140, .T. ) ;
#675 = EDGE_LOOP ( 'NONE', ( #1966, #3165, #7100, #775 ) ) ;
#676 = CARTESIAN_POINT ( 'NONE',  ( -9.266352312794154500, 3.463178456121530413, 11.79640656436479063 ) ) ;
#677 = DIRECTION ( 'NONE',  ( 0.000000000000000000, 0.000000000000000000, -1.000000000000000000 ) ) ;
#678 = DIRECTION ( 'NONE',  ( -0.000000000000000000, -1.000000000000000000, -0.000000000000000000 ) ) ;
#679 = LINE ( 'NONE', #1289, #5288 ) ;
#680 = CARTESIAN_POINT ( 'NONE',  ( 9.548333649266886880, 3.799821379378624187, 11.56905636301613249 ) ) ;
#681 = CARTESIAN_POINT ( 'NONE',  ( 7.998541420388679768, 4.063451166399550729, -11.73005500268313384 ) ) ;
#682 = DIRECTION ( 'NONE',  ( 0.000000000000000000, -1.000000000000000000, 0.000000000000000000 ) ) ;
#683 = CARTESIAN_POINT ( 'NONE',  ( -7.624673442530349732, 16.04144829552177143, 10.99025763402356581 ) ) ;
#684 = CARTESIAN_POINT ( 'NONE',  ( 0.8871669377192090700, 16.22587304497630001, 13.20101543451734472 ) ) ;
#685 = B_SPLINE_CURVE_WITH_KNOTS ( 'NONE', 3,
 ( #2278, #6821, #3817, #1378, #3713, #4847, #231, #270, #6141, #1519, #344, #4991, #2555, #7321, #219, #975, #4607, #3382, #2238, #6282, #5677, #404 ),
 .UNSPECIFIED., .F., .F.,
 ( 4, 2, 2, 2, 2, 2, 2, 2, 2, 2, 4 ),
 ( 0.000000000000000000, 0.001429845047722006152, 0.002144767571583011071, 0.002859690095444016207, 0.003217151357374518992, 0.003574612619305021777, 0.003932073881235524995, 0.004289535143166026479, 0.004646996405096529698, 0.005004457667027032916, 0.005719380190888035884 ),
 .UNSPECIFIED. ) ;
#686 = CARTESIAN_POINT ( 'NONE',  ( 12.30110044909864975, 3.999546503159468802, -6.733905159912559668 ) ) ;
#687 = CARTESIAN_POINT ( 'NONE',  ( -13.66403904409255610, 3.984706786667200351, 6.200578846650525833 ) ) ;
#688 = ORIENTED_EDGE ( 'NONE', *, *, #7475, .T. ) ;
#689 = CARTESIAN_POINT ( 'NONE',  ( 12.63520274341867378, 17.23293512505071590, 0.8255276037002886591 ) ) ;
#690 = CARTESIAN_POINT ( 'NONE',  ( 13.50692180566423062, 15.08037049037471178, 5.467528266994863273 ) ) ;
#691 = CARTESIAN_POINT ( 'NONE',  ( 1.605428125922231608, 4.401344754123212688, -14.17494954623241377 ) ) ;
#692 = VERTEX_POINT ( 'NONE', #7266 ) ;
#693 = ADVANCED_FACE ( 'NONE', ( #3689 ), #3033, .F. ) ;
#694 = CARTESIAN_POINT ( 'NONE',  ( 6.941327254128644597, 3.928673933947040897, 13.29817706641306785 ) ) ;
#695 = CARTESIAN_POINT ( 'NONE',  ( -11.10214687039136017, 16.42786290564318463, 6.836574102174001411 ) ) ;
#696 = CARTESIAN_POINT ( 'NONE',  ( 5.384992396457862540, 17.12778597774545730, 11.63730412864084407 ) ) ;
#697 = CARTESIAN_POINT ( 'NONE',  ( 7.499999999999997335, 3.999999999999996447, -12.99038105676658184 ) ) ;
#698 = CARTESIAN_POINT ( 'NONE',  ( 14.43650204700713857, 15.06777341069431664, 2.020456964497824970 ) ) ;
#699 = CARTESIAN_POINT ( 'NONE',  ( 2.913725436338731267, -2.000000000000000000, -14.71428571428571708 ) ) ;
#700 = ORIENTED_EDGE ( 'NONE', *, *, #3845, .T. ) ;
#701 = ORIENTED_EDGE ( 'NONE', *, *, #2349, .T. ) ;
#702 = ADVANCED_FACE ( 'NONE', ( #854 ), #1393, .T. ) ;
#703 = CARTESIAN_POINT ( 'NONE',  ( -12.12435565298213369, 3.999999999999996447, 7.000000000000009770 ) ) ;
#704 = DIRECTION ( 'NONE',  ( 0.000000000000000000, 0.000000000000000000, 1.000000000000000000 ) ) ;
#705 = CARTESIAN_POINT ( 'NONE',  ( 11.35257835782099889, 12.99999999999999645, -8.647868598458288147 ) ) ;
#706 = ORIENTED_EDGE ( 'NONE', *, *, #238, .F. ) ;
#707 = CARTESIAN_POINT ( 'NONE',  ( 11.60767607543086655, 4.176876435823657197, 8.255155634000896470 ) ) ;
#708 = DIRECTION ( 'NONE',  ( 0.000000000000000000, 0.000000000000000000, 1.000000000000000000 ) ) ;
#709 = CARTESIAN_POINT ( 'NONE',  ( -10.97997295649579641, 16.80948711538495743, -7.465961107954059095 ) ) ;
#710 = CARTESIAN_POINT ( 'NONE',  ( 0.000000000000000000, 7.000000000000000000, 0.000000000000000000 ) ) ;
#711 = CARTESIAN_POINT ( 'NONE',  ( 8.625210212140938637, 3.096679977797669459, -12.27317862954326166 ) ) ;
#712 = ORIENTED_EDGE ( 'NONE', *, *, #922, .T. ) ;
#713 = CARTESIAN_POINT ( 'NONE',  ( -12.90428009319911595, 2.999999999930607952, -7.649131243479484255 ) ) ;
#714 = CARTESIAN_POINT ( 'NONE',  ( -0.3340813413526123599, 2.999999999999996003, -14.99999999999999645 ) ) ;
#715 = CARTESIAN_POINT ( 'NONE',  ( -14.93369435381218224, 3.984706786667268297, -1.462160722678573777 ) ) ;
#716 = CARTESIAN_POINT ( 'NONE',  ( 8.560797109984051190, 14.11544024326044600, -11.29406329479224880 ) ) ;
#717 = DIRECTION ( 'NONE',  ( 0.000000000000000000, 0.000000000000000000, 1.000000000000000000 ) ) ;
#718 = CARTESIAN_POINT ( 'NONE',  ( -11.42432586064584221, 4.524881317935713021, -8.549657443861230277 ) ) ;
#719 = CARTESIAN_POINT ( 'NONE',  ( -5.442185129827257661, 15.71364624161003221, -13.13683061434625365 ) ) ;
#720 = CARTESIAN_POINT ( 'NONE',  ( -4.994184175500420153, 4.215475591700815983, -14.14442632104382369 ) ) ;
#721 = CARTESIAN_POINT ( 'NONE',  ( -8.268439617981064416, 15.12475765911640302, 11.14333578425698157 ) ) ;
#722 = CARTESIAN_POINT ( 'NONE',  ( -10.59811666728750446, 17.30111769636926411, 6.729961578913659537 ) ) ;
#723 = CARTESIAN_POINT ( 'NONE',  ( 13.07858046736103397, 4.401344754123209135, -5.697133232117517210 ) ) ;
#724 = CARTESIAN_POINT ( 'NONE',  ( -14.19980794528325774, 4.999999999999998224, 4.833782609620621784 ) ) ;
#725 = ORIENTED_EDGE ( 'NONE', *, *, #2285, .F. ) ;
#726 = CARTESIAN_POINT ( 'NONE',  ( 13.67595811331037403, 15.39308095162524026, 1.499871338450105451 ) ) ;
#727 = CARTESIAN_POINT ( 'NONE',  ( 14.00299574718662399, 14.40389851827491086, 4.813279525059174446 ) ) ;
#728 = CARTESIAN_POINT ( 'NONE',  ( -12.59142773222599132, 3.907900456521123722, 8.153338511455173077 ) ) ;
#729 = CARTESIAN_POINT ( 'NONE',  ( 11.28608250894451892, 12.99999999999999822, 9.880503104665095293 ) ) ;
#730 = ORIENTED_EDGE ( 'NONE', *, *, #3917, .T. ) ;
#731 = CARTESIAN_POINT ( 'NONE',  ( -12.68346883813558001, 16.26117027160109885, 5.482098234837852857 ) ) ;
#732 = CARTESIAN_POINT ( 'NONE',  ( 6.836574102174041379, 16.42786290564318463, 11.10214687039135129 ) ) ;
#733 = CARTESIAN_POINT ( 'NONE',  ( -13.25303878197571628, 16.15247683347033103, 0.9840916999340992843 ) ) ;
#734 = CARTESIAN_POINT ( 'NONE',  ( 0.000000000000000000, 3.399999999999998579, 0.000000000000000000 ) ) ;
#735 = CARTESIAN_POINT ( 'NONE',  ( 5.502766591841254495, 13.90480324426300029, -13.09887931287191876 ) ) ;
#736 = VERTEX_POINT ( 'NONE', #7119 ) ;
#737 = ORIENTED_EDGE ( 'NONE', *, *, #84, .F. ) ;
#738 = CARTESIAN_POINT ( 'NONE',  ( 12.99038105676685184, 4.231561273113432442, 5.860076627227165602 ) ) ;
#739 = CARTESIAN_POINT ( 'NONE',  ( 1.358487128082847217, 3.102923436545238278, 14.93923515656374512 ) ) ;
#740 = CARTESIAN_POINT ( 'NONE',  ( 10.99883013190524395, 15.19381013832903626, -9.451046401015551268 ) ) ;
#741 = AXIS2_PLACEMENT_3D ( 'NONE', #7528, #6809, #1659 ) ;
#742 = ORIENTED_EDGE ( 'NONE', *, *, #5883, .F. ) ;
#743 = ADVANCED_FACE ( 'NONE', ( #4289 ), #6548, .F. ) ;
#744 = CARTESIAN_POINT ( 'NONE',  ( 4.977074295931801728, 16.62025081957873596, 12.49624309805606082 ) ) ;
#745 = CYLINDRICAL_SURFACE ( 'NONE', #4177, 1.000000000000000888 ) ;
#746 = CARTESIAN_POINT ( 'NONE',  ( -8.082919602111541479, 3.007541301891202501, -12.63706446699330321 ) ) ;
#747 = CIRCLE ( 'NONE', #1349, 1.000000000000000000 ) ;
#748 = ORIENTED_EDGE ( 'NONE', *, *, #3226, .F. ) ;
#749 = CARTESIAN_POINT ( 'NONE',  ( -1.812984715944098602, 3.999999999999996447, 14.15555555555555323 ) ) ;
#750 = CARTESIAN_POINT ( 'NONE',  ( 0.2252771197338833131, 17.32506065368711745, 12.50737341019440230 ) ) ;
#751 = CARTESIAN_POINT ( 'NONE',  ( -6.376787385936662389, 4.012211523182457107, -12.61061367518656162 ) ) ;
#752 = CARTESIAN_POINT ( 'NONE',  ( 9.215673151546621256, 14.07206457136663680, -11.72170531907451796 ) ) ;
#753 = ADVANCED_FACE ( 'NONE', ( #3619 ), #6232, .F. ) ;
#754 = CARTESIAN_POINT ( 'NONE',  ( 2.913725436338731267, 4.999999999999996447, -14.71428571428571530 ) ) ;
#755 = CARTESIAN_POINT ( 'NONE',  ( 7.867057388093089187, 4.032479215937834205, 11.78199704496053180 ) ) ;
#756 = CIRCLE ( 'NONE', #6603, 1.000000000000000000 ) ;
#757 = VECTOR ( 'NONE', #4381, 1000.000000000000000 ) ;
#758 = DIRECTION ( 'NONE',  ( 0.000000000000000000, 0.000000000000000000, -1.000000000000000000 ) ) ;
#759 = CARTESIAN_POINT ( 'NONE',  ( -5.576288617576015127, 15.65293292630068400, 12.43337030808151411 ) ) ;
#760 = CARTESIAN_POINT ( 'NONE',  ( 13.03516866731830603, 16.42540762683184496, 0.3852474579109091968 ) ) ;
#761 = CARTESIAN_POINT ( 'NONE',  ( 12.99038105676657473, 3.999999999999996891, -7.500000000000004441 ) ) ;
#762 = DIRECTION ( 'NONE',  ( -0.000000000000000000, -1.000000000000000000, -0.000000000000000000 ) ) ;
#763 = ORIENTED_EDGE ( 'NONE', *, *, #5871, .T. ) ;
#764 = CARTESIAN_POINT ( 'NONE',  ( 13.09008221646926273, 16.36206807681269382, 0.5979876568725390751 ) ) ;
#765 = CARTESIAN_POINT ( 'NONE',  ( 11.28608250894451004, 4.999999999999996447, -9.880503104665104175 ) ) ;
#766 = DIRECTION ( 'NONE',  ( 0.000000000000000000, 1.000000000000000000, 0.000000000000000000 ) ) ;
#767 = CARTESIAN_POINT ( 'NONE',  ( -1.802816763713356307, 4.839185763299935772, -14.15682339269230106 ) ) ;
#768 = ORIENTED_EDGE ( 'NONE', *, *, #3049, .F. ) ;
#769 = CARTESIAN_POINT ( 'NONE',  ( -1.504465057377836867, 4.293044502197794543, 14.17995422385828341 ) ) ;
#770 = CARTESIAN_POINT ( 'NONE',  ( -10.47703382026143082, 17.14268327565269701, 7.364416399830258975 ) ) ;
#771 = CARTESIAN_POINT ( 'NONE',  ( -9.880503104665089964, 4.999999999999996447, 11.28608250894452247 ) ) ;
#772 = CARTESIAN_POINT ( 'NONE',  ( -13.00377400971465924, 16.46004852382972672, 0.1441796171210228961 ) ) ;
#773 = DIRECTION ( 'NONE',  ( 0.000000000000000000, 0.000000000000000000, 1.000000000000000000 ) ) ;
#774 = ORIENTED_EDGE ( 'NONE', *, *, #3976, .F. ) ;
#775 = ORIENTED_EDGE ( 'NONE', *, *, #6665, .F. ) ;
#776 = VECTOR ( 'NONE', #4114, 1000.000000000000000 ) ;
#777 = DIRECTION ( 'NONE',  ( -0.000000000000000000, -1.000000000000000000, -0.000000000000000000 ) ) ;
#778 = CARTESIAN_POINT ( 'NONE',  ( 0.7077529355356173557, 4.008811356518029001, 14.09538817276225231 ) ) ;
#779 = ORIENTED_EDGE ( 'NONE', *, *, #2018, .T. ) ;
#780 = CARTESIAN_POINT ( 'NONE',  ( 14.77956548047893648, 3.901549709546963118, -2.563577421532575507 ) ) ;
#781 = AXIS2_PLACEMENT_3D ( 'NONE', #4578, #447, #5762 ) ;
#782 = CARTESIAN_POINT ( 'NONE',  ( -2.719477073916149124, -2.000000000000000000, 13.73333333333333073 ) ) ;
#783 = CARTESIAN_POINT ( 'NONE',  ( 14.89466674995229489, 4.283487441372428428, 1.879358871058372404 ) ) ;
#784 = VERTEX_POINT ( 'NONE', #6010 ) ;
#785 = DIRECTION ( 'NONE',  ( 0.000000000000000000, 0.000000000000000000, 1.000000000000000000 ) ) ;
#786 = CARTESIAN_POINT ( 'NONE',  ( -11.30033208034074121, 4.678312227110532184, -9.864292588004845541 ) ) ;
#787 = EDGE_CURVE ( 'NONE', #7289, #579, #4044, .T. ) ;
#788 = CARTESIAN_POINT ( 'NONE',  ( -5.997627067636087439, 3.212026121888200247, 13.74971650245327481 ) ) ;
#789 = CARTESIAN_POINT ( 'NONE',  ( 1.919414054034183303, 15.52528394055977046, 14.21134241428239164 ) ) ;
#790 = CARTESIAN_POINT ( 'NONE',  ( 12.12435565298213724, 3.999999999999996447, -7.000000000000003553 ) ) ;
#791 = DIRECTION ( 'NONE',  ( -0.000000000000000000, -1.000000000000000000, -0.000000000000000000 ) ) ;
#792 = CARTESIAN_POINT ( 'NONE',  ( 4.378112306951787759E-16, 3.399999999999998579, -3.575000000000000178 ) ) ;
#793 = CARTESIAN_POINT ( 'NONE',  ( -5.507686957097257974, 4.799810971035541662, 13.16556307376510482 ) ) ;
#794 = CARTESIAN_POINT ( 'NONE',  ( -5.826492595920602646, 16.85085737450785714, -11.87866946341451246 ) ) ;
#795 = CARTESIAN_POINT ( 'NONE',  ( 14.19980794507725186, 13.28506311036482757, -4.833782610225752840 ) ) ;
#796 = EDGE_CURVE ( 'NONE', #646, #1562, #266, .T. ) ;
#797 = DIRECTION ( 'NONE',  ( 0.000000000000000000, -1.000000000000000000, 0.000000000000000000 ) ) ;
#798 = CARTESIAN_POINT ( 'NONE',  ( -10.69648815029759525, 17.33111043878622937, 6.470300233964179526 ) ) ;
#799 = CARTESIAN_POINT ( 'NONE',  ( 13.97091208119439010, 3.565920217497899003, -5.461440022480442913 ) ) ;
#800 = CARTESIAN_POINT ( 'NONE',  ( -10.53367700834821541, 4.999999999999996447, -9.221802897687423339 ) ) ;
#801 = ORIENTED_EDGE ( 'NONE', *, *, #4525, .T. ) ;
#802 = CARTESIAN_POINT ( 'NONE',  ( 13.85063983462156045, 16.09491777460692319, 1.694662614951692348 ) ) ;
#803 = CARTESIAN_POINT ( 'NONE',  ( 7.666018904043632176, 4.009120202429369506, -11.85134581379611696 ) ) ;
#804 = CARTESIAN_POINT ( 'NONE',  ( 10.53367700834821186, -2.000000000000000000, -9.221802897687428668 ) ) ;
#805 = CARTESIAN_POINT ( 'NONE',  ( -2.913725436338733044, 4.999999999999996447, -14.71428571428571352 ) ) ;
#806 = VERTEX_POINT ( 'NONE', #3729 ) ;
#807 = EDGE_CURVE ( 'NONE', #857, #6583, #1348, .T. ) ;
#808 = CARTESIAN_POINT ( 'NONE',  ( -13.25315408226436098, -2.000000000000000000, 4.511530435645918047 ) ) ;
#809 = CARTESIAN_POINT ( 'NONE',  ( -11.80480987754767064, 16.26662723198570148, 5.887744247026470923 ) ) ;
#810 = CARTESIAN_POINT ( 'NONE',  ( 8.381702850494299639, 16.10833033166878181, 11.14297885617263439 ) ) ;
#811 = CARTESIAN_POINT ( 'NONE',  ( -14.60051445113068347, 14.13100405513735147, 2.863648009109637460 ) ) ;
#812 = CYLINDRICAL_SURFACE ( 'NONE', #5531, 1.000000000000000888 ) ;
#813 = CARTESIAN_POINT ( 'NONE',  ( -14.15105461707704038, 4.030426008847133090, -0.9786888362279251297 ) ) ;
#814 = ORIENTED_EDGE ( 'NONE', *, *, #7242, .F. ) ;
#815 = CARTESIAN_POINT ( 'NONE',  ( -13.98509868429530911, 14.51205696741441997, -1.725106533900577110 ) ) ;
#816 = CARTESIAN_POINT ( 'NONE',  ( -12.12435565298214257, 3.999999999999996447, -6.999999999999997335 ) ) ;
#817 = CARTESIAN_POINT ( 'NONE',  ( 13.15742172744288396, 2.999999999999996891, 7.210677071458254872 ) ) ;
#818 = CARTESIAN_POINT ( 'NONE',  ( -11.01143376257878082, 15.86351706009335061, -7.806741182394071998 ) ) ;
#819 = DIRECTION ( 'NONE',  ( 0.000000000000000000, -1.000000000000000000, 0.000000000000000000 ) ) ;
#820 = CARTESIAN_POINT ( 'NONE',  ( 4.820575731209993720, 14.06732362297316641, 14.11389779736112082 ) ) ;
#821 = CARTESIAN_POINT ( 'NONE',  ( 14.98086260373008471, 3.907067251463626878, 0.7715209681250372320 ) ) ;
#822 = CARTESIAN_POINT ( 'NONE',  ( 14.08949305862137535, 4.008548059588027179, -0.6841236772254838394 ) ) ;
#823 = MANIFOLD_SOLID_BREP ( 'Chamfer3', #5619 ) ;
#824 = LINE ( 'NONE', #7162, #5371 ) ;
#825 = CARTESIAN_POINT ( 'NONE',  ( -11.56786092247241626, 4.231589228635338706, -8.325798638595605539 ) ) ;
#826 = CARTESIAN_POINT ( 'NONE',  ( -5.821144506360193205, 4.281769720007535085, 13.83821731704529334 ) ) ;
#827 = CARTESIAN_POINT ( 'NONE',  ( 1.854719358720263944, 15.73442561444140786, 14.08911725517963021 ) ) ;
#828 = FACE_OUTER_BOUND ( 'NONE', #1796, .T. ) ;
#829 = CARTESIAN_POINT ( 'NONE',  ( 9.050574357866736364, 15.88150506235272097, -10.79686138065122769 ) ) ;
#830 = CARTESIAN_POINT ( 'NONE',  ( -0.9732546751469903779, 4.042053953700337487, -14.14544964346165479 ) ) ;
#831 = CARTESIAN_POINT ( 'NONE',  ( -7.613363466404589275, 16.05090863755782848, -10.98956092519347649 ) ) ;
#832 = B_SPLINE_CURVE_WITH_KNOTS ( 'NONE', 3,
 ( #185, #7207, #2515, #869, #3199, #4840, #5523, #2631, #7171, #1411, #1936, #3744, #4951, #7281, #4267, #6064, #263, #2704, #7356, #5100, #3350, #4412, #1513, #2125, #4535, #5680, #4491, #445, #480, #6786, #1674, #1551, #3385, #5596 ),
 .UNSPECIFIED., .F., .F.,
 ( 4, 2, 2, 2, 2, 2, 2, 2, 2, 2, 2, 2, 2, 2, 2, 2, 4 ),
 ( 0.000000000000000000, 0.001600104633265901069, 0.003200209266531802137, 0.004000261583164750612, 0.004400287741481226367, 0.004800313899797701254, 0.005600366216430643224, 0.006000392374747112040, 0.006400418533063580856, 0.007200470849696515886, 0.007600497008012981233, 0.008000523166329445712, 0.008800575482962374671, 0.009600627799595303630, 0.01040068011622823432, 0.01120073243286116328, 0.01280083706612702293 ),
 .UNSPECIFIED. ) ;
#833 = CARTESIAN_POINT ( 'NONE',  ( -4.799743105632040319, 15.19381013832877514, 13.68426134157768992 ) ) ;
#834 = CARTESIAN_POINT ( 'NONE',  ( 13.88005675639155712, 14.88492211286573941, -1.666152091559461423 ) ) ;
#835 = LINE ( 'NONE', #6977, #1716 ) ;
#836 = DIRECTION ( 'NONE',  ( 0.000000000000000000, 0.000000000000000000, 1.000000000000000000 ) ) ;
#837 = ORIENTED_EDGE ( 'NONE', *, *, #7233, .F. ) ;
#838 = LINE ( 'NONE', #3097, #5163 ) ;
#839 = DIRECTION ( 'NONE',  ( -1.000000000000000000, 0.000000000000000000, 0.000000000000000000 ) ) ;
#840 = EDGE_CURVE ( 'NONE', #5613, #569, #5710, .T. ) ;
#841 = CARTESIAN_POINT ( 'NONE',  ( -2.809485625965487454, 4.366773803862665559, -14.73460497154722582 ) ) ;
#842 = ORIENTED_EDGE ( 'NONE', *, *, #6448, .F. ) ;
#843 = DIRECTION ( 'NONE',  ( 0.000000000000000000, 0.000000000000000000, -1.000000000000000000 ) ) ;
#844 = CARTESIAN_POINT ( 'NONE',  ( -9.880503104665091740, 4.830693141506388066, 11.28608250894452425 ) ) ;
#845 = B_SPLINE_CURVE_WITH_KNOTS ( 'NONE', 3,
 ( #5409, #793, #1468, #6597, #6704, #3807, #6025, #904, #3233, #5558, #1053, #439, #6239, #5632 ),
 .UNSPECIFIED., .F., .F.,
 ( 4, 2, 2, 2, 2, 2, 4 ),
 ( 0.000000000000000000, 0.0005916620006911616067, 0.0008874930010367432232, 0.001183324001382324948, 0.001479155001727906456, 0.001774986002073488181, 0.002366648002764652932 ),
 .UNSPECIFIED. ) ;
#846 = CARTESIAN_POINT ( 'NONE',  ( -13.11798104881700944, 16.93155670826518744, 0.7120143532422276156 ) ) ;
#847 = CARTESIAN_POINT ( 'NONE',  ( 14.69149352146347631, 13.56600332138710030, 2.904238491937385813 ) ) ;
#848 = DIRECTION ( 'NONE',  ( 0.000000000000000000, 0.000000000000000000, 1.000000000000000000 ) ) ;
#849 = ADVANCED_FACE ( 'NONE', ( #6805 ), #2463, .F. ) ;
#850 = DIRECTION ( 'NONE',  ( -0.000000000000000000, -1.000000000000000000, -0.000000000000000000 ) ) ;
#851 = ORIENTED_EDGE ( 'NONE', *, *, #2101, .T. ) ;
#852 = CARTESIAN_POINT ( 'NONE',  ( -13.10600512293884989, 16.34294568665794145, -0.6488033170989676579 ) ) ;
#853 = CARTESIAN_POINT ( 'NONE',  ( 0.000000000000000000, 12.00000000000000000, 0.000000000000000000 ) ) ;
#854 = FACE_OUTER_BOUND ( 'NONE', #951, .T. ) ;
#855 = CARTESIAN_POINT ( 'NONE',  ( 6.010537559296540877, 17.32149913304451161, 10.97806587819273361 ) ) ;
#856 = CARTESIAN_POINT ( 'NONE',  ( 14.91717231420762246, 4.082589286013536878, 1.648401013582578623 ) ) ;
#857 = VERTEX_POINT ( 'NONE', #3836 ) ;
#858 = CARTESIAN_POINT ( 'NONE',  ( -11.35554034610205676, 4.368024099194736110, -9.800687569542953170 ) ) ;
#859 = CARTESIAN_POINT ( 'NONE',  ( -14.71428571428571352, 4.830546773239266400, 2.913725436338734376 ) ) ;
#860 = AXIS2_PLACEMENT_3D ( 'NONE', #6472, #1849, #708 ) ;
#861 = CARTESIAN_POINT ( 'NONE',  ( -5.586143455690884885, 3.460362391599564713, 13.92178665776230417 ) ) ;
#862 = CARTESIAN_POINT ( 'NONE',  ( 0.4470572173698465490, 16.99830047610587158, 13.04694750077438670 ) ) ;
#863 = CARTESIAN_POINT ( 'NONE',  ( -14.71852094677779377, 4.678312227110537513, -2.892561931404182385 ) ) ;
#864 = CARTESIAN_POINT ( 'NONE',  ( 8.041423320571063016, 3.929555441587424536, 12.66327943147096668 ) ) ;
#865 = CARTESIAN_POINT ( 'NONE',  ( -6.910636657574499964, 16.99830047610587158, -11.07545936882738147 ) ) ;
#866 = CIRCLE ( 'NONE', #7324, 0.9999999999999991118 ) ;
#867 = VECTOR ( 'NONE', #682, 1000.000000000000000 ) ;
#868 = CARTESIAN_POINT ( 'NONE',  ( 12.89029718480123954, 14.74415884604091787, -5.500993980620318524 ) ) ;
#869 = CARTESIAN_POINT ( 'NONE',  ( -4.799360541889942766, 15.08930232780942049, -13.76155985353909372 ) ) ;
#870 = CARTESIAN_POINT ( 'NONE',  ( 1.504308368080691904, 4.292873783416801814, 14.17996431217515685 ) ) ;
#871 = DIRECTION ( 'NONE',  ( 0.000000000000000000, -1.000000000000000000, -0.000000000000000000 ) ) ;
#872 = AXIS2_PLACEMENT_3D ( 'NONE', #5406, #678, #5364 ) ;
#873 = CARTESIAN_POINT ( 'NONE',  ( -2.913725436338742814, 4.999999999999998224, 14.71428571428572241 ) ) ;
#874 = CARTESIAN_POINT ( 'NONE',  ( -8.001327537648284860, 15.61628354953947806, -11.05266584457088896 ) ) ;
#875 = VECTOR ( 'NONE', #4138, 1000.000000000000000 ) ;
#876 = CARTESIAN_POINT ( 'NONE',  ( 11.40607333130084733, 4.186732713191918087, -9.742123800739937778 ) ) ;
#877 = CARTESIAN_POINT ( 'NONE',  ( -10.53367700834821541, -2.000000000000000000, -9.221802897687423339 ) ) ;
#878 = CARTESIAN_POINT ( 'NONE',  ( -12.23604312186370713, 16.81363579182194812, -5.064036296799280912 ) ) ;
#879 = CIRCLE ( 'NONE', #127, 15.00000000000000000 ) ;
#880 = CARTESIAN_POINT ( 'NONE',  ( -1.680760848228595172, 3.212026121888200247, -14.90641731977670403 ) ) ;
#881 = EDGE_CURVE ( 'NONE', #1733, #7187, #2089, .T. ) ;
#882 = CARTESIAN_POINT ( 'NONE',  ( -0.6705318403673754535, 2.994094911299064243, 14.98871011896563665 ) ) ;
#883 = CARTESIAN_POINT ( 'NONE',  ( 9.880503104457948993, 13.28474984484113719, 11.28608250912586541 ) ) ;
#884 = DIRECTION ( 'NONE',  ( -0.000000000000000000, -1.000000000000000000, -0.000000000000000000 ) ) ;
#885 = CARTESIAN_POINT ( 'NONE',  ( 13.31854594567250238, 3.007541301891202501, 6.902559056621999645 ) ) ;
#886 = CARTESIAN_POINT ( 'NONE',  ( -14.18012017722443296, 4.176876435823658085, -1.345336453523579001 ) ) ;
#887 = ORIENTED_EDGE ( 'NONE', *, *, #7560, .F. ) ;
#888 = FACE_OUTER_BOUND ( 'NONE', #5245, .T. ) ;
#889 = EDGE_CURVE ( 'NONE', #4550, #307, #15, .T. ) ;
#890 = CARTESIAN_POINT ( 'NONE',  ( -14.07869521028911208, 14.11976560169251904, 4.820505223099841530 ) ) ;
#891 = CARTESIAN_POINT ( 'NONE',  ( -8.673617379884035472E-16, 3.999999999999996447, -15.00000000000000000 ) ) ;
#892 = CARTESIAN_POINT ( 'NONE',  ( -10.75202076438242749, 17.32959717367248942, -6.378483251638334295 ) ) ;
#893 = CARTESIAN_POINT ( 'NONE',  ( -11.86364142202901917, 4.530546518778038489, 9.207041491847343551 ) ) ;
#894 = CARTESIAN_POINT ( 'NONE',  ( -7.200277339443517555, 2.999092996133977618, -13.15999804781019478 ) ) ;
#895 = CARTESIAN_POINT ( 'NONE',  ( 13.99999999999999822, 3.999999999999996447, -1.399121501912814018E-15 ) ) ;
#896 = CIRCLE ( 'NONE', #6260, 1.000000000000000888 ) ;
#897 = CARTESIAN_POINT ( 'NONE',  ( 14.17996431217515685, 4.292873783416803590, -1.504308368080690572 ) ) ;
#898 = CARTESIAN_POINT ( 'NONE',  ( 8.557254787489942061, 14.15000462751561905, -11.29210845849478240 ) ) ;
#899 = CARTESIAN_POINT ( 'NONE',  ( 11.28608250894451359, -2.000000000000000000, -9.880503104665104175 ) ) ;
#900 = EDGE_CURVE ( 'NONE', #3214, #1522, #1729, .T. ) ;
#901 = CARTESIAN_POINT ( 'NONE',  ( -7.499999999999988454, 3.999999999999996447, 12.99038105676658716 ) ) ;
#902 = CARTESIAN_POINT ( 'NONE',  ( 1.301789709174580922, 15.79958987962643668, 13.47636092610139258 ) ) ;
#903 = CARTESIAN_POINT ( 'NONE',  ( -14.16459022298605142, 4.607737795638432665, -1.732404432002632388 ) ) ;
#904 = CARTESIAN_POINT ( 'NONE',  ( -6.152826561405296601, 4.063647738888661820, 12.79767658370431604 ) ) ;
#905 = CARTESIAN_POINT ( 'NONE',  ( 1.737249554743002911, 4.614372152007838679, -14.16401783338926279 ) ) ;
#906 = CARTESIAN_POINT ( 'NONE',  ( -8.963573277137799167, 15.08037049037490362, -11.48847927795901391 ) ) ;
#907 = CARTESIAN_POINT ( 'NONE',  ( -5.459251338031644529, 16.10833033166840167, 12.83025702358671083 ) ) ;
#908 = AXIS2_PLACEMENT_3D ( 'NONE', #1, #7526, #6306 ) ;
#909 = CARTESIAN_POINT ( 'NONE',  ( 13.05286968105334822, 16.40558851998381584, -0.4658005354728871339 ) ) ;
#910 = CARTESIAN_POINT ( 'NONE',  ( -12.76623225174659915, 4.051461718327654893, -6.193333307668932974 ) ) ;
#911 = CARTESIAN_POINT ( 'NONE',  ( -14.03082172838353259, 3.997967014936480545, 0.3942786948736242691 ) ) ;
#912 = ORIENTED_EDGE ( 'NONE', *, *, #3076, .F. ) ;
#913 = CYLINDRICAL_SURFACE ( 'NONE', #7121, 1.999999999999998224 ) ;
#914 = CARTESIAN_POINT ( 'NONE',  ( 8.000013859369893510, 16.84331918830452324, -10.49998244371605338 ) ) ;
#915 = CARTESIAN_POINT ( 'NONE',  ( -2.144203072832888246, 4.903130381076451272, -14.86666666717658103 ) ) ;
#916 = ORIENTED_EDGE ( 'NONE', *, *, #2018, .F. ) ;
#917 = CARTESIAN_POINT ( 'NONE',  ( -11.28608250894450649, 12.99999999999999645, 9.880503104665109504 ) ) ;
#918 = CARTESIAN_POINT ( 'NONE',  ( -9.609993318413186714, 3.901733890749974343, 11.51761676287308056 ) ) ;
#919 = ORIENTED_EDGE ( 'NONE', *, *, #1070, .T. ) ;
#920 = CARTESIAN_POINT ( 'NONE',  ( 1.807501962579839194, 13.45280265710871781, -14.14348377927660749 ) ) ;
#921 = CARTESIAN_POINT ( 'NONE',  ( 13.54470590178327605, 3.064958436848806311, 6.447445540418704546 ) ) ;
#922 = EDGE_CURVE ( 'NONE', #7187, #1733, #3801, .T. ) ;
#923 = EDGE_LOOP ( 'NONE', ( #3210, #6593, #5964, #1068 ) ) ;
#924 = B_SPLINE_CURVE_WITH_KNOTS ( 'NONE', 3,
 ( #2047, #1327, #2014, #2590, #834, #7315, #6708, #1473, #6676, #302, #6135, #909, #2662, #3128, #3237, #4985, #1371, #760, #1978, #337, #1440, #4303, #6565, #5414, #5485, #222, #3667, #3162, #6640, #6029, #3091, #5987 ),
 .UNSPECIFIED., .F., .F.,
 ( 4, 2, 2, 2, 2, 2, 2, 2, 2, 2, 2, 2, 2, 2, 2, 4 ),
 ( 0.000000000000000000, 0.001151124732941973504, 0.002302249465883947008, 0.002877811832354933760, 0.003453374198825916175, 0.004028936565296899024, 0.004316717748532388280, 0.004604498931767878403, 0.004892280115003368526, 0.005180061298238857782, 0.005467842481474347038, 0.005755623664709836294, 0.006331186031180809602, 0.006906748397651788114, 0.008057873130593742536, 0.009208997863535697825 ),
 .UNSPECIFIED. ) ;
#925 = DIRECTION ( 'NONE',  ( -0.000000000000000000, 1.000000000000000000, -0.000000000000000000 ) ) ;
#926 = CARTESIAN_POINT ( 'NONE',  ( -11.60795262001551187, 4.176517398680564597, 8.254657891876158615 ) ) ;
#927 = CARTESIAN_POINT ( 'NONE',  ( -8.639558443368633434, 16.36882392162267408, 10.63616752293499346 ) ) ;
#928 = CARTESIAN_POINT ( 'NONE',  ( 14.16254569571054844, 4.343064212564020643, 4.942102663815796326 ) ) ;
#929 = CARTESIAN_POINT ( 'NONE',  ( 0.000000000000000000, 7.000000000000000000, 0.000000000000000000 ) ) ;
#930 = CARTESIAN_POINT ( 'NONE',  ( -11.39767491544387035, 4.214198939172967506, 9.751908996472872460 ) ) ;
#931 = ADVANCED_FACE ( 'NONE', ( #5082 ), #3787, .T. ) ;
#932 = CARTESIAN_POINT ( 'NONE',  ( 14.99703129287900794, 2.999092996133942979, 0.3443759336535501259 ) ) ;
#933 = ORIENTED_EDGE ( 'NONE', *, *, #460, .F. ) ;
#934 = DIRECTION ( 'NONE',  ( 0.000000000000000000, 0.000000000000000000, 1.000000000000000000 ) ) ;
#935 = CARTESIAN_POINT ( 'NONE',  ( -11.35257835782100599, 13.32447161457720952, -8.647868598458286371 ) ) ;
#936 = CARTESIAN_POINT ( 'NONE',  ( 4.833782617031471496, 4.837498224088177423, -14.19980794276050595 ) ) ;
#937 = CARTESIAN_POINT ( 'NONE',  ( -12.49373084338032314, 4.003651589268677924, -6.509397720488322214 ) ) ;
#938 = CYLINDRICAL_SURFACE ( 'NONE', #5049, 1.000000000000000888 ) ;
#939 = CARTESIAN_POINT ( 'NONE',  ( 1.576526969503559306, 4.365020954408578291, -14.17654935855839327 ) ) ;
#940 = ADVANCED_FACE ( 'NONE', ( #5347 ), #6502, .F. ) ;
#941 = CARTESIAN_POINT ( 'NONE',  ( -5.320045046763959284, 17.08328403755367475, -11.73789268481574410 ) ) ;
#942 = CARTESIAN_POINT ( 'NONE',  ( -13.09325846523366010, 16.84331918830451968, -1.678224010983891068 ) ) ;
#943 = CARTESIAN_POINT ( 'NONE',  ( 13.06468792226840137, 15.81384338419808699, -5.443223546346689368 ) ) ;
#944 = DIRECTION ( 'NONE',  ( -0.000000000000000000, -1.000000000000000000, -0.000000000000000000 ) ) ;
#945 = CARTESIAN_POINT ( 'NONE',  ( 1.344767123906685402, 4.176517398680562820, 14.18011080079764596 ) ) ;
#946 = DIRECTION ( 'NONE',  ( -0.000000000000000000, 1.000000000000000000, -0.000000000000000000 ) ) ;
#947 = CARTESIAN_POINT ( 'NONE',  ( 12.49624309805606082, 16.62025081957874306, -4.977074295931800840 ) ) ;
#948 = CARTESIAN_POINT ( 'NONE',  ( 7.499999999999997335, 4.999999999999996447, -11.99038105676658006 ) ) ;
#949 = CARTESIAN_POINT ( 'NONE',  ( -13.61046385495910727, 14.83976512858141739, -5.486863025730795762 ) ) ;
#950 = CARTESIAN_POINT ( 'NONE',  ( -8.673617379884035472E-16, 3.999999999999996447, -13.00000000000000178 ) ) ;
#951 = EDGE_LOOP ( 'NONE', ( #700, #133, #4694, #2557 ) ) ;
#952 =( BOUNDED_SURFACE ( )  B_SPLINE_SURFACE ( 3, 2, ( 
 ( #2187, #2767, #3451 ),
 ( #6964, #5746, #4026 ),
 ( #2799, #4516, #6853 ),
 ( #4636, #5785, #6893 ),
 ( #1046, #2152, #1575 ),
 ( #2230, #3373, #1661 ),
 ( #6195, #1082, #3412 ),
 ( #509, #3911, #544 ),
 ( #5624, #5164, #2729 ),
 ( #7497, #5051, #7383 ),
 ( #1006, #2332, #4171 ),
 ( #611, #1264, #570 ),
 ( #1220, #3563, #6993 ),
 ( #4700, #4663, #7031 ),
 ( #4054, #5925, #2296 ),
 ( #2452, #5886, #4776 ),
 ( #7108, #2865, #1761 ),
 ( #1876, #4626, #5192 ) ),
 .UNSPECIFIED., .F., .F., .T. ) 
 B_SPLINE_SURFACE_WITH_KNOTS ( ( 4, 2, 2, 2, 2, 2, 2, 2, 4 ),
 ( 3, 3 ),
 ( 0.001001835143902674681, 0.001483160195672278154, 0.001964485247441881410, 0.002445810299211485100, 0.002927135350981088357, 0.003408460402750691613, 0.003889785454520295303, 0.004371110506289898126, 0.004852435558059501816 ),
 ( 0.000000000000000000, 1.000000000000000000 ),
 .UNSPECIFIED. ) 
 GEOMETRIC_REPRESENTATION_ITEM ( )  RATIONAL_B_SPLINE_SURFACE ( (
 ( 1.000000000000000000, 0.7071067811865475727, 1.000000000000000000),
 ( 1.000000000000000000, 0.7068862653318062073, 1.000000000000000000),
 ( 1.000000000000000000, 0.7152614521121914981, 1.000000000000000000),
 ( 1.000000000000000000, 0.7353188346933899888, 1.000000000000000000),
 ( 1.000000000000000000, 0.7463742780416401379, 1.000000000000000000),
 ( 1.000000000000000000, 0.7639171294621033281, 1.000000000000000000),
 ( 1.000000000000000000, 0.7705876985465542894, 1.000000000000000000),
 ( 1.000000000000000000, 0.7802728411342545467, 1.000000000000000000),
 ( 1.000000000000000000, 0.7834142574742056775, 1.000000000000000000),
 ( 1.000000000000000000, 0.7873757974864482589, 1.000000000000000000),
 ( 1.000000000000000000, 0.7882590930829987963, 1.000000000000000000),
 ( 1.000000000000000000, 0.7889663206215723479, 1.000000000000000000),
 ( 1.000000000000000000, 0.7887727214691175881, 1.000000000000000000),
 ( 1.000000000000000000, 0.7881288200426028734, 1.000000000000000000),
 ( 1.000000000000000000, 0.7876692935215339197, 1.000000000000000000),
 ( 1.000000000000000000, 0.7870063584362596565, 1.000000000000000000),
 ( 1.000000000000000000, 0.7867917697739317262, 1.000000000000000000),
 ( 1.000000000000000000, 0.7867957924694416461, 1.000000000000000000) ) ) 
 REPRESENTATION_ITEM ( '' )  SURFACE ( )  );
#953 = CARTESIAN_POINT ( 'NONE',  ( -11.20742166521015193, 14.75504811013947126, 8.409564103756091313 ) ) ;
#954 = CARTESIAN_POINT ( 'NONE',  ( 11.86364142202916128, 4.530546518778110432, -9.207041491847338222 ) ) ;
#955 = ORIENTED_EDGE ( 'NONE', *, *, #2926, .F. ) ;
#956 = CARTESIAN_POINT ( 'NONE',  ( -8.253083951857366429, 4.177973432214298732, 11.60831954619402495 ) ) ;
#957 = CARTESIAN_POINT ( 'NONE',  ( 2.602085213965210642E-15, 2.999999999999996447, 15.00000000000000000 ) ) ;
#958 = EDGE_LOOP ( 'NONE', ( #2758, #1831, #1235, #6052 ) ) ;
#959 = CARTESIAN_POINT ( 'NONE',  ( -14.15555555555555500, 13.38415849608138330, 1.812984715944100822 ) ) ;
#960 = DIRECTION ( 'NONE',  ( 0.000000000000000000, 0.000000000000000000, -1.000000000000000000 ) ) ;
#961 = CARTESIAN_POINT ( 'NONE',  ( 13.25315408226436453, -2.000000000000000000, 4.511530435645903836 ) ) ;
#962 = CARTESIAN_POINT ( 'NONE',  ( -6.675046944788127767, 16.45601103265699194, 11.16598246369236946 ) ) ;
#963 = CARTESIAN_POINT ( 'NONE',  ( 8.968610998045171812, 15.99135119082486689, -10.76140562461011996 ) ) ;
#964 = CARTESIAN_POINT ( 'NONE',  ( 10.55839432582751414, 16.62025081957873596, 8.333526826816607169 ) ) ;
#965 = LINE ( 'NONE', #6851, #5016 ) ;
#966 = CYLINDRICAL_SURFACE ( 'NONE', #7461, 8.500000000000000000 ) ;
#967 = CARTESIAN_POINT ( 'NONE',  ( 7.500000000000007105, 4.999999999999996447, 12.99038105676657651 ) ) ;
#968 = CARTESIAN_POINT ( 'NONE',  ( 6.434762064604280241, 4.008811356518026336, -12.56084070158265398 ) ) ;
#969 = B_SPLINE_CURVE_WITH_KNOTS ( 'NONE', 3,
 ( #4213, #3645, #6181, #1452, #3939, #3283, #956, #6836, #4467, #1563, #4925, #6723, #7405, #2642 ),
 .UNSPECIFIED., .F., .F.,
 ( 4, 2, 2, 2, 2, 2, 4 ),
 ( 0.0005452115306558535501, 0.001001773849000001018, 0.001230055008172074860, 0.001458336167344148702, 0.001914898485688299639, 0.002143179644860375432, 0.002371460804032451443 ),
 .UNSPECIFIED. ) ;
#970 = CARTESIAN_POINT ( 'NONE',  ( 12.12435565298213724, 2.999999999999996447, -7.000000000000003553 ) ) ;
#971 = EDGE_CURVE ( 'NONE', #3617, #3279, #969, .T. ) ;
#972 = CARTESIAN_POINT ( 'NONE',  ( 11.84776466271801709, 16.24282390547153199, -5.851742671609607704 ) ) ;
#973 = LINE ( 'NONE', #2043, #7082 ) ;
#974 = CARTESIAN_POINT ( 'NONE',  ( -11.16004390720891593, 15.03165809364147343, -8.307078918498726594 ) ) ;
#975 = CARTESIAN_POINT ( 'NONE',  ( 6.339905834195016965, 16.45851114880713340, -11.35691418877484793 ) ) ;
#976 = CARTESIAN_POINT ( 'NONE',  ( 10.98956092519349781, 16.05090863755783204, -7.613363466404784674 ) ) ;
#977 = CARTESIAN_POINT ( 'NONE',  ( -13.94182075383884012, 4.808283127649762179, -5.588191531790156930 ) ) ;
#978 = DIRECTION ( 'NONE',  ( -0.000000000000000000, -1.000000000000000000, 0.000000000000000000 ) ) ;
#979 = EDGE_CURVE ( 'NONE', #1695, #6617, #4892, .T. ) ;
#980 = CARTESIAN_POINT ( 'NONE',  ( -2.156972549212872181, 16.37846897095927901, -13.52320933079798237 ) ) ;
#981 = ORIENTED_EDGE ( 'NONE', *, *, #1923, .T. ) ;
#982 = CARTESIAN_POINT ( 'NONE',  ( 10.51422732184405007, 17.21275850705174193, -7.112994097454897968 ) ) ;
#983 = AXIS2_PLACEMENT_3D ( 'NONE', #1790, #4120, #1209 ) ;
#984 = DIRECTION ( 'NONE',  ( 0.000000000000000000, 0.000000000000000000, 1.000000000000000000 ) ) ;
#985 = CARTESIAN_POINT ( 'NONE',  ( -0.3411642538948733705, 2.999121522247282456, -14.99708620329323239 ) ) ;
#986 = ORIENTED_EDGE ( 'NONE', *, *, #5455, .F. ) ;
#987 = AXIS2_PLACEMENT_3D ( 'NONE', #6823, #373, #2815 ) ;
#988 = EDGE_CURVE ( 'NONE', #1357, #5260, #512, .T. ) ;
#989 = CARTESIAN_POINT ( 'NONE',  ( -11.34767652563074591, 15.52528394056037087, 8.767932538315752922 ) ) ;
#990 = CARTESIAN_POINT ( 'NONE',  ( 11.47380089445772455, 4.399910688984997265, -8.476836797703038329 ) ) ;
#991 = ORIENTED_EDGE ( 'NONE', *, *, #6715, .T. ) ;
#992 = CARTESIAN_POINT ( 'NONE',  ( 2.913725436338731267, 12.99999999999999822, -14.71428571428571352 ) ) ;
#993 = CARTESIAN_POINT ( 'NONE',  ( 2.913725436338737929, 4.830546773239267289, 14.71428571428571352 ) ) ;
#994 = VECTOR ( 'NONE', #6205, 1000.000000000000000 ) ;
#995 = AXIS2_PLACEMENT_3D ( 'NONE', #4101, #6425, #3453 ) ;
#996 = CARTESIAN_POINT ( 'NONE',  ( -11.00542569338428933, 16.31664398817212458, 7.194879242573651190 ) ) ;
#997 = ORIENTED_EDGE ( 'NONE', *, *, #3917, .F. ) ;
#998 =( BOUNDED_SURFACE ( )  B_SPLINE_SURFACE ( 3, 2, ( 
 ( #5545, #3944, #7299 ),
 ( #1458, #5507, #3792 ),
 ( #356, #392, #6119 ),
 ( #7376, #2065, #890 ),
 ( #5043, #999, #3328 ),
 ( #5657, #4392, #3218 ),
 ( #1141, #6994, #1178 ),
 ( #2222, #5267, #39 ),
 ( #1038, #3608, #2453 ),
 ( #7181, #235, #5388 ),
 ( #1877, #6041, #2493 ),
 ( #6457, #5306, #159 ),
 ( #1221, #731, #6538 ),
 ( #654, #3138, #7220 ),
 ( #1990, #5961, #4818 ),
 ( #809, #3643, #3103 ),
 ( #7146, #4210, #2984 ),
 ( #4777, #5460, #1306 ),
 ( #5927, #77, #7109 ),
 ( #195, #4887, #3062 ),
 ( #2526, #4277, #7068 ),
 ( #1265, #3564, #3718 ),
 ( #1912, #4243, #6576 ),
 ( #1834, #115, #4172 ),
 ( #695, #1338, #3677 ),
 ( #2560, #6001, #4851 ),
 ( #6613, #5887, #770 ),
 ( #2411, #4733, #5425 ),
 ( #6500, #1947, #1383 ),
 ( #3023, #5344, #5073 ),
 ( #7402, #3822, #3246 ),
 ( #6213, #7326, #4313 ),
 ( #6720, #989, #7257 ),
 ( #953, #4995, #2096 ),
 ( #2599, #3208, #2023 ),
 ( #348, #4349, #4464 ),
 ( #6145, #312, #4424 ),
 ( #1560, #6795, #6757 ),
 ( #6074, #6651, #1421 ),
 ( #1523, #3321, #917 ) ),
 .UNSPECIFIED., .F., .F., .T. ) 
 B_SPLINE_SURFACE_WITH_KNOTS ( ( 4, 2, 2, 2, 2, 2, 2, 2, 2, 2, 2, 2, 2, 2, 2, 2, 2, 2, 2, 4 ),
 ( 3, 3 ),
 ( 0.000000000000000000, 0.0006748142658293173604, 0.001349628531658634721, 0.002024442797487951973, 0.002361849930402610924, 0.002699257063317269442, 0.003374071329146586910, 0.004048885594975903945, 0.004386292727890562897, 0.004723699860805221848, 0.005398514126634538883, 0.005735921259549197834, 0.006073328392463855918, 0.006748142658293173821, 0.007422956924122490856, 0.008097771189951807891, 0.008772585455781125793, 0.009447399721610443696, 0.01012221398743975986, 0.01079702825326907777 ),
 ( 0.000000000000000000, 1.000000000000000000 ),
 .UNSPECIFIED. ) 
 GEOMETRIC_REPRESENTATION_ITEM ( )  RATIONAL_B_SPLINE_SURFACE ( (
 ( 1.000000000000000000, 0.7867957924694429783, 1.000000000000000000),
 ( 1.000000000000000000, 0.7867893510872117080, 1.000000000000000000),
 ( 1.000000000000000000, 0.7886154144826074130, 1.000000000000000000),
 ( 1.000000000000000000, 0.7953661699510770067, 1.000000000000000000),
 ( 1.000000000000000000, 0.8003370620003338320, 1.000000000000000000),
 ( 1.000000000000000000, 0.8122778712297566983, 1.000000000000000000),
 ( 1.000000000000000000, 0.8191018390052037246, 1.000000000000000000),
 ( 1.000000000000000000, 0.8294273880737131899, 1.000000000000000000),
 ( 1.000000000000000000, 0.8328837475269816881, 1.000000000000000000),
 ( 1.000000000000000000, 0.8396202395223129056, 1.000000000000000000),
 ( 1.000000000000000000, 0.8429190808683766356, 1.000000000000000000),
 ( 1.000000000000000000, 0.8520089025836012908, 1.000000000000000000),
 ( 1.000000000000000000, 0.8570195765218183714, 1.000000000000000000),
 ( 1.000000000000000000, 0.8641253354133103803, 1.000000000000000000),
 ( 1.000000000000000000, 0.8660656719304435924, 1.000000000000000000),
 ( 1.000000000000000000, 0.8672705396855169280, 1.000000000000000000),
 ( 1.000000000000000000, 0.8674005837561182819, 1.000000000000000000),
 ( 1.000000000000000000, 0.8673400669030777443, 1.000000000000000000),
 ( 1.000000000000000000, 0.8671565711264891396, 1.000000000000000000),
 ( 1.000000000000000000, 0.8665197314967895137, 1.000000000000000000),
 ( 1.000000000000000000, 0.8660366921799085294, 1.000000000000000000),
 ( 1.000000000000000000, 0.8660201165652836597, 1.000000000000000000),
 ( 1.000000000000000000, 0.8661157520136608667, 1.000000000000000000),
 ( 1.000000000000000000, 0.8664506541182190880, 1.000000000000000000),
 ( 1.000000000000000000, 0.8666907191152602996, 1.000000000000000000),
 ( 1.000000000000000000, 0.8673394484498083701, 1.000000000000000000),
 ( 1.000000000000000000, 0.8676850451489536153, 1.000000000000000000),
 ( 1.000000000000000000, 0.8661932981187582259, 1.000000000000000000),
 ( 1.000000000000000000, 0.8643369046394422384, 1.000000000000000000),
 ( 1.000000000000000000, 0.8574128041483659590, 1.000000000000000000),
 ( 1.000000000000000000, 0.8524249261065903749, 1.000000000000000000),
 ( 1.000000000000000000, 0.8404064465175506982, 1.000000000000000000),
 ( 1.000000000000000000, 0.8333831374745318543, 1.000000000000000000),
 ( 1.000000000000000000, 0.8194743686560649332, 1.000000000000000000),
 ( 1.000000000000000000, 0.8124799750443473245, 1.000000000000000000),
 ( 1.000000000000000000, 0.8005275974376170334, 1.000000000000000000),
 ( 1.000000000000000000, 0.7955347744213080441, 1.000000000000000000),
 ( 1.000000000000000000, 0.7886441666172278042, 1.000000000000000000),
 ( 1.000000000000000000, 0.7867760218661201677, 1.000000000000000000),
 ( 1.000000000000000000, 0.7867957924694419791, 1.000000000000000000) ) ) 
 REPRESENTATION_ITEM ( '' )  SURFACE ( )  );
#999 = CARTESIAN_POINT ( 'NONE',  ( -13.77938375821389982, 14.33182026815232568, 5.525204641864038813 ) ) ;
#1000 = CARTESIAN_POINT ( 'NONE',  ( 5.507686957097277514, 12.99999999999999822, 13.16556307376510127 ) ) ;
#1001 = DIRECTION ( 'NONE',  ( 0.000000000000000000, 0.000000000000000000, 1.000000000000000000 ) ) ;
#1002 = CARTESIAN_POINT ( 'NONE',  ( 7.192194913158514780, 16.92071623829484395, -11.00773686982742738 ) ) ;
#1003 = CARTESIAN_POINT ( 'NONE',  ( 14.11060155110368086, 14.08033431901119670, 4.820245275847595323 ) ) ;
#1004 = CARTESIAN_POINT ( 'NONE',  ( -11.30150243530504817, 4.665349315078855419, 9.862967201992443478 ) ) ;
#1005 = CARTESIAN_POINT ( 'NONE',  ( -1.919798399972837410, 15.50732118243862523, 14.21640249282013890 ) ) ;
#1006 = CARTESIAN_POINT ( 'NONE',  ( 11.53458889730151071, 4.282960109847540053, 8.381027943893402110 ) ) ;
#1007 = CARTESIAN_POINT ( 'NONE',  ( 8.647868598458281042, 12.99999999999999822, -11.35257835782100422 ) ) ;
#1008 = CARTESIAN_POINT ( 'NONE',  ( -11.80280946417325616, 4.999999999999997335, -9.290267669330482647 ) ) ;
#1009 = CARTESIAN_POINT ( 'NONE',  ( -7.500000000000001776, 3.999999999999996447, -12.99038105676657828 ) ) ;
#1010 = CARTESIAN_POINT ( 'NONE',  ( 1.807422518707241688, 13.45670434138512839, 14.14329877021609150 ) ) ;
#1011 = CARTESIAN_POINT ( 'NONE',  ( -14.87357150862616351, 4.622023400374331459, 2.080414384024056762 ) ) ;
#1012 = DIRECTION ( 'NONE',  ( -0.000000000000000000, 1.000000000000000000, -0.000000000000000000 ) ) ;
#1013 = DIRECTION ( 'NONE',  ( 0.000000000000000000, 0.000000000000000000, -1.000000000000000000 ) ) ;
#1014 = CARTESIAN_POINT ( 'NONE',  ( 4.933842628651862405, 4.368024099194736110, 14.16541458282965493 ) ) ;
#1015 = CARTESIAN_POINT ( 'NONE',  ( -11.34486526957684305, 13.45280265710891321, -8.637084506622793256 ) ) ;
#1016 = CARTESIAN_POINT ( 'NONE',  ( -12.81946094743067732, 17.08802487472235754, 1.251724874553191036 ) ) ;
#1017 = EDGE_CURVE ( 'NONE', #1374, #5733, #1477, .T. ) ;
#1018 = CARTESIAN_POINT ( 'NONE',  ( 10.50442117916749574, 17.21418835519345336, -7.127632024176564940 ) ) ;
#1019 = CARTESIAN_POINT ( 'NONE',  ( -13.16157707681803579, 4.839185763299924226, -5.517126580601939168 ) ) ;
#1020 = DIRECTION ( 'NONE',  ( -1.509903313490212895E-14, 0.000000000000000000, 1.000000000000000000 ) ) ;
#1021 = VECTOR ( 'NONE', #3146, 1000.000000000000000 ) ;
#1022 = CARTESIAN_POINT ( 'NONE',  ( 4.511530435645913606, 12.99999999999999822, 13.25315408226436098 ) ) ;
#1023 = ORIENTED_EDGE ( 'NONE', *, *, #2853, .T. ) ;
#1024 = CARTESIAN_POINT ( 'NONE',  ( 9.880503109559558794, 4.837520475530926234, -11.28608250465963003 ) ) ;
#1025 = CARTESIAN_POINT ( 'NONE',  ( 5.833867118640314153, 16.21554403901578922, 11.88078770704316334 ) ) ;
#1026 = EDGE_CURVE ( 'NONE', #3207, #475, #6727, .T. ) ;
#1027 = AXIS2_PLACEMENT_3D ( 'NONE', #5140, #1636, #5599 ) ;
#1028 = CARTESIAN_POINT ( 'NONE',  ( -9.215673151546628361, 14.07206457136637567, 11.72170531907453039 ) ) ;
#1029 = FACE_OUTER_BOUND ( 'NONE', #6467, .T. ) ;
#1030 = ORIENTED_EDGE ( 'NONE', *, *, #2101, .F. ) ;
#1031 = CARTESIAN_POINT ( 'NONE',  ( 11.51761676287307345, 3.901733890749975231, 9.609993318413192043 ) ) ;
#1032 = AXIS2_PLACEMENT_3D ( 'NONE', #7141, #766, #191 ) ;
#1033 = CARTESIAN_POINT ( 'NONE',  ( 2.733890032603370823, 4.186732713191919864, 14.74901116270470780 ) ) ;
#1034 = EDGE_CURVE ( 'NONE', #7305, #2178, #4530, .T. ) ;
#1035 = CARTESIAN_POINT ( 'NONE',  ( -11.67453503714352081, 16.34294568665794856, 5.991122406802119826 ) ) ;
#1036 = VERTEX_POINT ( 'NONE', #4503 ) ;
#1037 = VECTOR ( 'NONE', #4180, 1000.000000000000000 ) ;
#1038 = CARTESIAN_POINT ( 'NONE',  ( -12.73234665095781359, 15.12475765911630710, 5.516192063076203134 ) ) ;
#1039 = CARTESIAN_POINT ( 'NONE',  ( 4.799836983642592259, 15.18019855795796680, 13.69105907601052508 ) ) ;
#1040 = CARTESIAN_POINT ( 'NONE',  ( -12.37529021073874524, 16.71832469119268438, -5.012322974481858928 ) ) ;
#1041 = CARTESIAN_POINT ( 'NONE',  ( 5.533279581122311441, 17.21418835519325796, -11.42492099134838490 ) ) ;
#1042 = CARTESIAN_POINT ( 'NONE',  ( 11.51832633155337149, 17.17619535981904733, 5.469610256243374380 ) ) ;
#1043 = VERTEX_POINT ( 'NONE', #2175 ) ;
#1044 = CARTESIAN_POINT ( 'NONE',  ( 12.55702589879664721, 17.29005908467787478, 0.5491462531320270291 ) ) ;
#1045 = CARTESIAN_POINT ( 'NONE',  ( -2.120154402676343697, 14.07206457136661903, 14.75913115776692841 ) ) ;
#1046 = CARTESIAN_POINT ( 'NONE',  ( 11.85134581379613294, 4.009120202429369506, 7.666018904043697013 ) ) ;
#1047 = CARTESIAN_POINT ( 'NONE',  ( -7.499999999999989342, 4.999999999999996447, 12.99038105676658539 ) ) ;
#1048 = CARTESIAN_POINT ( 'NONE',  ( -7.499999999999990230, 4.003567649046301469, 11.90598573715173991 ) ) ;
#1049 = CARTESIAN_POINT ( 'NONE',  ( 13.13752078182983318, 4.633999664551055275, 5.572058775767661842 ) ) ;
#1050 = CARTESIAN_POINT ( 'NONE',  ( 5.997627067636043918, 3.212026121888200247, -13.74971650245329258 ) ) ;
#1051 = CARTESIAN_POINT ( 'NONE',  ( -14.17502145141661707, 4.399910688985011475, 1.604255563316757227 ) ) ;
#1052 = ORIENTED_EDGE ( 'NONE', *, *, #3780, .T. ) ;
#1053 = CARTESIAN_POINT ( 'NONE',  ( -6.452278045502986004, 4.008548059588028067, 12.54392075382336635 ) ) ;
#1054 = CARTESIAN_POINT ( 'NONE',  ( 5.697133232117520762, 4.401344754123210912, 13.07858046736117430 ) ) ;
#1055 = CARTESIAN_POINT ( 'NONE',  ( -11.24631383074807545, 15.81384338419808344, -8.592739860026602727 ) ) ;
#1056 = CARTESIAN_POINT ( 'NONE',  ( -14.63328190453695754, 14.06732362297316463, -2.882207854585967066 ) ) ;
#1057 = CARTESIAN_POINT ( 'NONE',  ( 7.998535265652128246, 4.063395705472428787, 11.73008099510140489 ) ) ;
#1058 = CARTESIAN_POINT ( 'NONE',  ( 11.07545936882737436, 16.99830047610587158, -6.910636657574499964 ) ) ;
#1059 = CARTESIAN_POINT ( 'NONE',  ( -4.942069876338666568, 4.343291071816128834, -14.16255675161319871 ) ) ;
#1060 = DIRECTION ( 'NONE',  ( -1.000000000000000000, 0.000000000000000000, 0.000000000000000000 ) ) ;
#1061 = CYLINDRICAL_SURFACE ( 'NONE', #664, 0.9999999999999991118 ) ;
#1062 = ADVANCED_FACE ( 'NONE', ( #6258 ), #220, .T. ) ;
#1063 = CARTESIAN_POINT ( 'NONE',  ( 14.19980794528324886, 12.99999999999999822, -4.833782609620621784 ) ) ;
#1064 = DIRECTION ( 'NONE',  ( -0.000000000000000000, 1.000000000000000000, -0.000000000000000000 ) ) ;
#1065 = CARTESIAN_POINT ( 'NONE',  ( -0.1719725199278014649, 3.999999999495956082, -14.99999999995420019 ) ) ;
#1066 = CARTESIAN_POINT ( 'NONE',  ( -14.74902666381159300, 4.186591583603316735, -2.733803201866537247 ) ) ;
#1067 = CARTESIAN_POINT ( 'NONE',  ( 12.99038105676657473, 2.999999999999996447, -7.500000000000004441 ) ) ;
#1068 = ORIENTED_EDGE ( 'NONE', *, *, #5412, .F. ) ;
#1069 = CARTESIAN_POINT ( 'NONE',  ( 2.439596622427077310, 15.88150506235260373, -13.87564341571652449 ) ) ;
#1070 = EDGE_CURVE ( 'NONE', #5733, #5712, #3433, .T. ) ;
#1071 = CARTESIAN_POINT ( 'NONE',  ( 10.79686138065125434, 15.88150506235265169, 9.050574357866773667 ) ) ;
#1072 = CARTESIAN_POINT ( 'NONE',  ( 11.87599819090210218, 16.22587304497630711, 5.832198611796194143 ) ) ;
#1073 = VERTEX_POINT ( 'NONE', #3871 ) ;
#1074 = FACE_OUTER_BOUND ( 'NONE', #4894, .T. ) ;
#1075 = CARTESIAN_POINT ( 'NONE',  ( -12.82533577532797686, 17.08328403755364278, -1.261652182632813535 ) ) ;
#1076 = CARTESIAN_POINT ( 'NONE',  ( -8.048000317916471857, 15.55274925046519030, 11.06334821056332629 ) ) ;
#1077 = EDGE_CURVE ( 'NONE', #6816, #7404, #4614, .T. ) ;
#1078 = CARTESIAN_POINT ( 'NONE',  ( 7.207082241702334358, 16.30222877997778852, -11.01058956155989144 ) ) ;
#1079 = CARTESIAN_POINT ( 'NONE',  ( -12.99038105676657118, 3.999999999999997335, 7.500000000000010658 ) ) ;
#1080 = CARTESIAN_POINT ( 'NONE',  ( -7.788595958332416913, 4.016459677195015843, -11.81208716454688457 ) ) ;
#1081 = CARTESIAN_POINT ( 'NONE',  ( -1.261652182632766239, 17.08328403755368896, 12.82533577532791291 ) ) ;
#1082 = CARTESIAN_POINT ( 'NONE',  ( 12.38477897301234165, 3.902453538974730129, 8.466307916593878602 ) ) ;
#1083 = CARTESIAN_POINT ( 'NONE',  ( -13.95808136256740717, 3.536346359595048838, 5.494221923307057054 ) ) ;
#1084 = CARTESIAN_POINT ( 'NONE',  ( 4.833782609620611126, 4.999999999999996447, -14.19980794528324886 ) ) ;
#1085 = CARTESIAN_POINT ( 'NONE',  ( -14.17244227421765679, 4.106013060889043942, 1.196539283530178466 ) ) ;
#1086 = CARTESIAN_POINT ( 'NONE',  ( -1.932648082196570360, 16.62548432742737958, 13.30580703320269365 ) ) ;
#1087 = CARTESIAN_POINT ( 'NONE',  ( 4.854228358773103658, 4.678312227110531296, 14.19289401174504484 ) ) ;
#1088 = CARTESIAN_POINT ( 'NONE',  ( -11.38731609600261052, 15.40047773549967935, -8.823303108064591171 ) ) ;
#1089 = CARTESIAN_POINT ( 'NONE',  ( -14.71428571428571352, 13.54176985573761272, 2.913725436338732155 ) ) ;
#1090 = CARTESIAN_POINT ( 'NONE',  ( 12.68346883813518744, 16.26117027160148965, -5.482098234838143291 ) ) ;
#1091 = CARTESIAN_POINT ( 'NONE',  ( 0.000000000000000000, -2.000000000000000000, 0.000000000000000000 ) ) ;
#1092 = CARTESIAN_POINT ( 'NONE',  ( -6.316279372298279071, 3.096679977797669459, -13.60624047146665561 ) ) ;
#1093 = CARTESIAN_POINT ( 'NONE',  ( -2.576118348315105333, 15.55476767122635451, -14.07239746646662049 ) ) ;
#1094 = CARTESIAN_POINT ( 'NONE',  ( -13.15569787205512498, 3.977039156128713060, -7.207617098995552141 ) ) ;
#1095 = CARTESIAN_POINT ( 'NONE',  ( 9.290267669330477318, 4.999999999999997335, -11.80280946417325616 ) ) ;
#1096 = FACE_OUTER_BOUND ( 'NONE', #267, .T. ) ;
#1097 = CARTESIAN_POINT ( 'NONE',  ( -8.968018082011642633, 15.06777341069433440, 11.49214903224542006 ) ) ;
#1098 = CARTESIAN_POINT ( 'NONE',  ( 5.507686957097267744, 12.99999999999999822, -13.16556307376510659 ) ) ;
#1099 = CARTESIAN_POINT ( 'NONE',  ( 11.63941484547457428, 4.141551853311487008, -8.194598255929067321 ) ) ;
#1100 = VERTEX_POINT ( 'NONE', #3182 ) ;
#1101 = CARTESIAN_POINT ( 'NONE',  ( 0.3749774612344973779, 17.01783092815863441, -13.02624339616738425 ) ) ;
#1102 = CARTESIAN_POINT ( 'NONE',  ( 11.80280946203047776, 13.27412191024557231, 9.290267667433777632 ) ) ;
#1103 = TOROIDAL_SURFACE ( 'NONE', #5244, 1.000000000000000444, 1.000000000000000000 ) ;
#1104 = TOROIDAL_SURFACE ( 'NONE', #5378, 0.9999999999999986677, 1.000000000000000000 ) ;
#1105 = CARTESIAN_POINT ( 'NONE',  ( 11.20809107206486210, 16.46379014889337355, 6.587592242369495921 ) ) ;
#1106 = VERTEX_POINT ( 'NONE', #6803 ) ;
#1107 = ADVANCED_FACE ( 'NONE', ( #6693 ), #998, .T. ) ;
#1108 = CARTESIAN_POINT ( 'NONE',  ( 5.502846503033501868, 13.89581248135503877, 13.10020496421259928 ) ) ;
#1109 = CARTESIAN_POINT ( 'NONE',  ( -14.27335657409373582, 15.40047773549967580, -1.947546588872777873 ) ) ;
#1110 = CARTESIAN_POINT ( 'NONE',  ( 5.774270979191480357, 16.15247683346992957, -11.96951411249844277 ) ) ;
#1111 = AXIS2_PLACEMENT_3D ( 'NONE', #7290, #6401, #5363 ) ;
#1112 = CARTESIAN_POINT ( 'NONE',  ( -12.66327943147095958, 3.929555441587289977, 8.041423320571343680 ) ) ;
#1113 = ORIENTED_EDGE ( 'NONE', *, *, #5445, .F. ) ;
#1114 = LINE ( 'NONE', #5, #7319 ) ;
#1115 = CARTESIAN_POINT ( 'NONE',  ( -1.766836126494520487, 14.11544024326025237, 14.06134428023158023 ) ) ;
#1116 = EDGE_CURVE ( 'NONE', #6416, #6262, #3753, .T. ) ;
#1117 = DIRECTION ( 'NONE',  ( 0.000000000000000000, 0.000000000000000000, -1.000000000000000000 ) ) ;
#1118 = CARTESIAN_POINT ( 'NONE',  ( 2.585191681029243682, 3.932679644397176766, 14.77577431223027915 ) ) ;
#1119 = DIRECTION ( 'NONE',  ( 0.5000000000000001110, -0.000000000000000000, 0.8660254037844387076 ) ) ;
#1120 = ORIENTED_EDGE ( 'NONE', *, *, #7054, .F. ) ;
#1121 = CARTESIAN_POINT ( 'NONE',  ( 14.90641731977670403, 3.212026121888199803, -1.680760848228596949 ) ) ;
#1122 = CARTESIAN_POINT ( 'NONE',  ( 13.47746694520382604, 16.56095533821400068, -1.337564837681995966 ) ) ;
#1123 = EDGE_CURVE ( 'NONE', #857, #2221, #1600, .T. ) ;
#1124 = ORIENTED_EDGE ( 'NONE', *, *, #2491, .F. ) ;
#1125 = CARTESIAN_POINT ( 'NONE',  ( -9.800687569543027777, 4.368024099194739662, 11.35554034610199459 ) ) ;
#1126 = FACE_OUTER_BOUND ( 'NONE', #4052, .T. ) ;
#1127 = CARTESIAN_POINT ( 'NONE',  ( -7.500000000000001776, 3.999999999999996447, -10.99038105676658006 ) ) ;
#1128 = DIRECTION ( 'NONE',  ( 0.000000000000000000, 1.000000000000000000, 0.000000000000000000 ) ) ;
#1129 = CARTESIAN_POINT ( 'NONE',  ( -12.99038105676658006, 2.999999999999996447, -7.499999999999999112 ) ) ;
#1130 = CARTESIAN_POINT ( 'NONE',  ( 11.08407227511349546, 14.84133297373236537, -9.589098051731451022 ) ) ;
#1131 = CARTESIAN_POINT ( 'NONE',  ( 1.675835559961374122, 16.85652288648859454, 13.08257620290071799 ) ) ;
#1132 = CIRCLE ( 'NONE', #2603, 4.975000000000000533 ) ;
#1133 = CARTESIAN_POINT ( 'NONE',  ( -14.98871011896563665, 2.994094911299064243, -0.6705318403673775629 ) ) ;
#1134 = CARTESIAN_POINT ( 'NONE',  ( -13.62059788176195418, 3.105261479425882154, 6.285314631678645902 ) ) ;
#1135 = ORIENTED_EDGE ( 'NONE', *, *, #4437, .F. ) ;
#1136 = CARTESIAN_POINT ( 'NONE',  ( 1.594098081656258659, 16.26117027160149675, -13.72525533935262487 ) ) ;
#1137 = CARTESIAN_POINT ( 'NONE',  ( 10.76140562460998673, 15.99135119082492196, 8.968610998045257077 ) ) ;
#1138 = AXIS2_PLACEMENT_3D ( 'NONE', #6724, #6077, #2100 ) ;
#1139 = EDGE_LOOP ( 'NONE', ( #5298, #5215, #504, #2022 ) ) ;
#1140 = CIRCLE ( 'NONE', #6038, 14.19999999999999396 ) ;
#1141 = CARTESIAN_POINT ( 'NONE',  ( -12.89029718480142606, 14.74415884604091964, 5.500993980620306090 ) ) ;
#1142 = DIRECTION ( 'NONE',  ( -0.000000000000000000, -1.000000000000000000, 0.000000000000000000 ) ) ;
#1143 = CARTESIAN_POINT ( 'NONE',  ( -12.99966784511673623, 17.04175505156339199, 0.08328569925099596483 ) ) ;
#1144 = CARTESIAN_POINT ( 'NONE',  ( 5.610797504520242285, 15.79958987962643668, -12.32176576715933614 ) ) ;
#1145 = EDGE_CURVE ( 'NONE', #5919, #2301, #5502, .T. ) ;
#1146 = CARTESIAN_POINT ( 'NONE',  ( -12.81982844450897829, 3.977039156128854724, 7.789360012214676665 ) ) ;
#1147 = CARTESIAN_POINT ( 'NONE',  ( 13.53628884120409559, 3.061395714370281684, -6.465032513632539057 ) ) ;
#1148 = ORIENTED_EDGE ( 'NONE', *, *, #6486, .T. ) ;
#1149 = CARTESIAN_POINT ( 'NONE',  ( 13.31060112274839824, 16.62025081957873951, 1.937848772228545124 ) ) ;
#1150 = CARTESIAN_POINT ( 'NONE',  ( 14.19980794528325063, 4.999999999999996447, 4.833782609620612014 ) ) ;
#1151 = CARTESIAN_POINT ( 'NONE',  ( 7.499999999999997335, 4.999999999999996447, -10.99038105676658184 ) ) ;
#1152 = CARTESIAN_POINT ( 'NONE',  ( 11.48847927795941359, 15.08037049037488053, -8.963573277138014106 ) ) ;
#1153 = ORIENTED_EDGE ( 'NONE', *, *, #900, .T. ) ;
#1154 = EDGE_CURVE ( 'NONE', #3207, #5317, #5497, .T. ) ;
#1155 = CARTESIAN_POINT ( 'NONE',  ( 14.09538817276224165, 4.008811356518035218, -0.7077529355356425578 ) ) ;
#1156 = CARTESIAN_POINT ( 'NONE',  ( 13.42205201875543885, 16.49948735465795480, -2.061062864221948843 ) ) ;
#1157 = CARTESIAN_POINT ( 'NONE',  ( 7.499999999999997335, 2.999999999999996447, -12.99038105676658184 ) ) ;
#1158 = ORIENTED_EDGE ( 'NONE', *, *, #2558, .F. ) ;
#1159 = CARTESIAN_POINT ( 'NONE',  ( -9.125814555266421380, 4.362682976374238741, 11.92263170405854034 ) ) ;
#1160 = CARTESIAN_POINT ( 'NONE',  ( -4.856098580016206867, 4.664520003228054712, -14.19226461796859340 ) ) ;
#1161 = CARTESIAN_POINT ( 'NONE',  ( -13.25315408226436453, -2.000000000000000000, -4.511530435645906500 ) ) ;
#1162 = DIRECTION ( 'NONE',  ( -0.5000000000000000000, 0.000000000000000000, 0.8660254037844385966 ) ) ;
#1163 = CARTESIAN_POINT ( 'NONE',  ( -4.833782609620604021, 4.999999999999996447, 14.19980794528325418 ) ) ;
#1164 = EDGE_CURVE ( 'NONE', #3028, #6270, #7340, .T. ) ;
#1165 = CARTESIAN_POINT ( 'NONE',  ( 0.000000000000000000, 12.99999999999999822, 0.000000000000000000 ) ) ;
#1166 = CARTESIAN_POINT ( 'NONE',  ( 9.880503104665105951, 4.999999999999997335, 11.28608250894451182 ) ) ;
#1167 = CARTESIAN_POINT ( 'NONE',  ( 8.253083951857377087, 4.177973432214300509, -11.60831954619402318 ) ) ;
#1168 = CARTESIAN_POINT ( 'NONE',  ( -5.516192063076196028, 15.12475765911630177, -12.73234665095781182 ) ) ;
#1169 = CARTESIAN_POINT ( 'NONE',  ( -7.855809004240547289, 16.93077057452709155, 10.47849849167017311 ) ) ;
#1170 = CARTESIAN_POINT ( 'NONE',  ( -14.94148958443922304, 3.096679977797669014, -1.333061841923389945 ) ) ;
#1171 = CARTESIAN_POINT ( 'NONE',  ( -13.94180280457644194, 4.808246761477501963, 5.588232011426397250 ) ) ;
#1172 = ORIENTED_EDGE ( 'NONE', *, *, #372, .T. ) ;
#1173 = CARTESIAN_POINT ( 'NONE',  ( 0.4849220534735886878, 17.30550362272228782, -12.53645181536214359 ) ) ;
#1174 = CARTESIAN_POINT ( 'NONE',  ( 11.18009269105303360, 16.46355971662075746, 6.636512582308742303 ) ) ;
#1175 = CARTESIAN_POINT ( 'NONE',  ( 7.499999999999997335, 4.003567649046301469, -11.90598573715173636 ) ) ;
#1176 = ORIENTED_EDGE ( 'NONE', *, *, #3258, .F. ) ;
#1177 = CARTESIAN_POINT ( 'NONE',  ( 6.859859678249596193, 3.999999999999996447, 12.20526570601025362 ) ) ;
#1178 = CARTESIAN_POINT ( 'NONE',  ( -13.69105907601055350, 15.18019855795779094, 4.799836983642800092 ) ) ;
#1179 = CARTESIAN_POINT ( 'NONE',  ( 7.175613042175141842, 16.93155670826518389, 11.00449765801674218 ) ) ;
#1180 = CARTESIAN_POINT ( 'NONE',  ( -13.14081354651160716, 16.80181036654473559, -1.747631446962756741 ) ) ;
#1181 = CARTESIAN_POINT ( 'NONE',  ( 14.19291801388063767, 4.678371526212158571, 4.854160215867764805 ) ) ;
#1182 = CARTESIAN_POINT ( 'NONE',  ( -14.71428571428571352, 4.830693141506387178, -2.913725436338732599 ) ) ;
#1183 = ORIENTED_EDGE ( 'NONE', *, *, #3504, .F. ) ;
#1184 = CARTESIAN_POINT ( 'NONE',  ( -12.17696165215710025, 16.67762755837702215, -5.648356675400472149 ) ) ;
#1185 = ORIENTED_EDGE ( 'NONE', *, *, #4437, .T. ) ;
#1186 = CARTESIAN_POINT ( 'NONE',  ( 9.880503104665104175, -2.000000000000000000, 11.28608250894451359 ) ) ;
#1187 = CARTESIAN_POINT ( 'NONE',  ( 1.456846227021402429, 3.982382847479412735, 14.93415010283535516 ) ) ;
#1188 = CARTESIAN_POINT ( 'NONE',  ( 11.31497531606684426, 13.90480324426319569, -8.592578950132974569 ) ) ;
#1189 = VERTEX_POINT ( 'NONE', #5571 ) ;
#1190 = CARTESIAN_POINT ( 'NONE',  ( 14.86806671372863775, 4.808283127649771949, -2.131394549175933850 ) ) ;
#1191 = ORIENTED_EDGE ( 'NONE', *, *, #7420, .F. ) ;
#1192 = DIRECTION ( 'NONE',  ( 0.000000000000000000, 0.000000000000000000, -1.000000000000000000 ) ) ;
#1193 = CARTESIAN_POINT ( 'NONE',  ( 14.25078950664766353, 15.19381013832877869, -2.685431209672060060 ) ) ;
#1194 = CARTESIAN_POINT ( 'NONE',  ( -7.789360012214801010, 3.977039156128783670, -12.81982844450884507 ) ) ;
#1195 = EDGE_LOOP ( 'NONE', ( #432, #1023, #7369, #1868, #6764 ) ) ;
#1196 = CARTESIAN_POINT ( 'NONE',  ( -8.515940969790886328, 3.067136549718195937, 12.34941143199875846 ) ) ;
#1197 = EDGE_CURVE ( 'NONE', #4494, #3446, #3191, .T. ) ;
#1198 = CARTESIAN_POINT ( 'NONE',  ( 14.79758326581553618, 3.769298623094740730, 2.458869528432855667 ) ) ;
#1199 = CARTESIAN_POINT ( 'NONE',  ( -9.221802897687425116, 4.999999999999996447, -11.53367700834821363 ) ) ;
#1200 = LINE ( 'NONE', #3085, #5383 ) ;
#1201 = CARTESIAN_POINT ( 'NONE',  ( -7.210677071458246878, 2.999999999999996447, 13.15742172744288929 ) ) ;
#1202 = CARTESIAN_POINT ( 'NONE',  ( 14.71428571428571352, 4.999999999999996447, -2.913725436338734376 ) ) ;
#1203 = CARTESIAN_POINT ( 'NONE',  ( 9.263549183843988288, 3.460362391599495435, 11.79863547069363428 ) ) ;
#1204 = CARTESIAN_POINT ( 'NONE',  ( 7.644134073180407718, 4.007741545323919574, -11.85670569058606816 ) ) ;
#1205 = CARTESIAN_POINT ( 'NONE',  ( -5.607315934378261701, 15.78725876297865405, -12.33175809845190152 ) ) ;
#1206 = CARTESIAN_POINT ( 'NONE',  ( -5.648356675400560967, 16.67762755837662780, 12.17696165215710202 ) ) ;
#1207 = EDGE_CURVE ( 'NONE', #4727, #7289, #7455, .T. ) ;
#1208 = CARTESIAN_POINT ( 'NONE',  ( -1.505735865052275635, 15.38796119888014857, 13.68083067226899985 ) ) ;
#1209 = DIRECTION ( 'NONE',  ( 0.000000000000000000, 0.000000000000000000, 1.000000000000000000 ) ) ;
#1210 = FACE_OUTER_BOUND ( 'NONE', #5536, .T. ) ;
#1211 = ORIENTED_EDGE ( 'NONE', *, *, #4863, .F. ) ;
#1212 = CARTESIAN_POINT ( 'NONE',  ( -0.8815723818477883000, 16.86433506345882805, -13.18852445631249459 ) ) ;
#1213 = CARTESIAN_POINT ( 'NONE',  ( 13.06932091303822929, 16.38634809853075325, 0.5272499211969643440 ) ) ;
#1214 = CARTESIAN_POINT ( 'NONE',  ( 11.47172028253313947, 16.42786290564318463, 6.196454175217843030 ) ) ;
#1215 = CARTESIAN_POINT ( 'NONE',  ( -12.27767764633976633, 15.85327801013087345, 5.627618151244583977 ) ) ;
#1216 = VERTEX_POINT ( 'NONE', #98 ) ;
#1217 = EDGE_CURVE ( 'NONE', #5613, #6416, #5625, .T. ) ;
#1218 = CIRCLE ( 'NONE', #7462, 14.19999999999999396 ) ;
#1219 = CARTESIAN_POINT ( 'NONE',  ( 6.492379252587242355, 3.902453538974729685, 13.52442721853794083 ) ) ;
#1220 = CARTESIAN_POINT ( 'NONE',  ( 11.44573990506621719, 4.467215551782194538, 8.518142425156517206 ) ) ;
#1221 = CARTESIAN_POINT ( 'NONE',  ( -12.33175809845206494, 15.78725876297825614, 5.607315934378198641 ) ) ;
#1222 = CARTESIAN_POINT ( 'NONE',  ( 6.240581371832296220, 16.44440290119786141, 11.42963713672103410 ) ) ;
#1223 = CARTESIAN_POINT ( 'NONE',  ( -13.20047581643569146, 16.85085737450785714, -0.8934441286780574476 ) ) ;
#1224 = CARTESIAN_POINT ( 'NONE',  ( 5.506375568535525566, 13.45670434138532734, -13.15216728767406984 ) ) ;
#1225 = CARTESIAN_POINT ( 'NONE',  ( -0.3779407628213710679, 16.42701840007898539, -13.03373067361555293 ) ) ;
#1226 = AXIS2_PLACEMENT_3D ( 'NONE', #82, #2417, #3522 ) ;
#1227 = ORIENTED_EDGE ( 'NONE', *, *, #1305, .T. ) ;
#1228 = CARTESIAN_POINT ( 'NONE',  ( -11.09356896634293044, 17.01783092815903231, -6.837861705359244091 ) ) ;
#1229 = APPLICATION_CONTEXT ( 'automotive_design' ) ;
#1230 = VERTEX_POINT ( 'NONE', #5831 ) ;
#1231 = CIRCLE ( 'NONE', #5501, 0.9999999999999991118 ) ;
#1232 = CARTESIAN_POINT ( 'NONE',  ( 1.576863848603689000, 16.91309265915789695, -13.01917734684413475 ) ) ;
#1233 = AXIS2_PLACEMENT_3D ( 'NONE', #5080, #7411, #960 ) ;
#1234 = CARTESIAN_POINT ( 'NONE',  ( -14.19980794528325063, 12.99999999999999822, -4.833782609620614679 ) ) ;
#1235 = ORIENTED_EDGE ( 'NONE', *, *, #282, .F. ) ;
#1236 = CARTESIAN_POINT ( 'NONE',  ( 14.73460497154721871, 4.366773803862665559, -2.809485625965522537 ) ) ;
#1237 = CARTESIAN_POINT ( 'NONE',  ( 13.73333333333333250, 4.999999999999996447, 2.719477073916149124 ) ) ;
#1238 = AXIS2_PLACEMENT_3D ( 'NONE', #6196, #2115, #6738 ) ;
#1239 = CIRCLE ( 'NONE', #3569, 0.9999999999999991118 ) ;
#1240 = CARTESIAN_POINT ( 'NONE',  ( 14.86666666666666536, 12.99999999999999645, -2.144203077510813404 ) ) ;
#1241 = CARTESIAN_POINT ( 'NONE',  ( -8.476836797703187543, 4.399910688984975060, -11.47380089445784535 ) ) ;
#1242 = ORIENTED_EDGE ( 'NONE', *, *, #4334, .F. ) ;
#1243 = CARTESIAN_POINT ( 'NONE',  ( -8.125448727845297370, 4.107372228728939589, 11.67397823337865859 ) ) ;
#1244 =( BOUNDED_SURFACE ( )  B_SPLINE_SURFACE ( 3, 2, ( 
 ( #1807, #2996, #88 ),
 ( #2306, #4742, #6509 ),
 ( #6934, #511, #2840 ),
 ( #6388, #7499, #1700 ),
 ( #4638, #4028, #5239 ),
 ( #2877, #6350, #1118 ),
 ( #1735, #5203, #2347 ),
 ( #4067, #3492, #581 ),
 ( #5821, #1772, #4673 ),
 ( #7006, #1187, #3527 ),
 ( #5853, #624, #2953 ),
 ( #5276, #50, #739 ),
 ( #2465, #1277, #204 ),
 ( #778, #2572, #3113 ),
 ( #5511, #5396, #4324 ),
 ( #7191, #4862, #5433 ),
 ( #1885, #4825, #4219 ),
 ( #5969, #7156, #2535 ) ),
 .UNSPECIFIED., .F., .F., .T. ) 
 B_SPLINE_SURFACE_WITH_KNOTS ( ( 4, 2, 2, 2, 2, 2, 2, 2, 4 ),
 ( 3, 3 ),
 ( 0.001302520603113771101, 0.001783172609227538178, 0.002263824615341305038, 0.002744476621455072332, 0.003225128627568839192, 0.003705780633682606053, 0.004186432639796373346, 0.004667084645910139773, 0.005147736652023907067 ),
 ( 0.000000000000000000, 1.000000000000000000 ),
 .UNSPECIFIED. ) 
 GEOMETRIC_REPRESENTATION_ITEM ( )  RATIONAL_B_SPLINE_SURFACE ( (
 ( 1.000000000000000000, 0.7867957924694439775, 1.000000000000000000),
 ( 1.000000000000000000, 0.7867918659039014884, 1.000000000000000000),
 ( 1.000000000000000000, 0.7870059279259268292, 1.000000000000000000),
 ( 1.000000000000000000, 0.7876722697780657034, 1.000000000000000000),
 ( 1.000000000000000000, 0.7881326248067102025, 1.000000000000000000),
 ( 1.000000000000000000, 0.7887758449274115957, 1.000000000000000000),
 ( 1.000000000000000000, 0.7889663658733701013, 1.000000000000000000),
 ( 1.000000000000000000, 0.7882435220810439791, 1.000000000000000000),
 ( 1.000000000000000000, 0.7873519033454375871, 1.000000000000000000),
 ( 1.000000000000000000, 0.7832757266628368464, 1.000000000000000000),
 ( 1.000000000000000000, 0.7801295861738913873, 1.000000000000000000),
 ( 1.000000000000000000, 0.7702790648040350741, 1.000000000000000000),
 ( 1.000000000000000000, 0.7633849859748227384, 1.000000000000000000),
 ( 1.000000000000000000, 0.7458883219264236253, 1.000000000000000000),
 ( 1.000000000000000000, 0.7349125052206160191, 1.000000000000000000),
 ( 1.000000000000000000, 0.7151046345649526570, 1.000000000000000000),
 ( 1.000000000000000000, 0.7068896004544409362, 1.000000000000000000),
 ( 1.000000000000000000, 0.7071067811865473507, 1.000000000000000000) ) ) 
 REPRESENTATION_ITEM ( '' )  SURFACE ( )  );
#1245 = LINE ( 'NONE', #2396, #4899 ) ;
#1246 = CARTESIAN_POINT ( 'NONE',  ( -2.719477073916150456, -2.000000000000000000, -13.73333333333333250 ) ) ;
#1247 = CARTESIAN_POINT ( 'NONE',  ( 12.12435565298213724, 3.999999999999996447, -7.000000000000003553 ) ) ;
#1248 = CARTESIAN_POINT ( 'NONE',  ( -1.812984715944100600, 12.99999999999999822, -14.15555555555555500 ) ) ;
#1249 = CARTESIAN_POINT ( 'NONE',  ( 9.207041491847478554, 4.530546518778110432, 11.86364142202902094 ) ) ;
#1250 = EDGE_CURVE ( 'NONE', #4748, #7078, #5326, .T. ) ;
#1251 = CARTESIAN_POINT ( 'NONE',  ( -5.573927705368200591, 15.64112245143673974, -12.44170144688829183 ) ) ;
#1252 = CARTESIAN_POINT ( 'NONE',  ( -8.183535350661932384, 15.30520404997179007, 11.11026002088128095 ) ) ;
#1253 = CARTESIAN_POINT ( 'NONE',  ( 1.434127838001068023, 15.56139645840794472, 13.60097973664736415 ) ) ;
#1254 = CARTESIAN_POINT ( 'NONE',  ( 12.99428358905386638, 4.231589228635347588, -5.855162107008594852 ) ) ;
#1255 = CARTESIAN_POINT ( 'NONE',  ( -12.76922829793438297, 4.052630740461657055, 6.189477540278743639 ) ) ;
#1256 = EDGE_LOOP ( 'NONE', ( #1153, #3897 ) ) ;
#1257 = CARTESIAN_POINT ( 'NONE',  ( 14.09792160215078027, 15.71364624161013168, 1.855344732644854444 ) ) ;
#1258 = CARTESIAN_POINT ( 'NONE',  ( 11.29258996243494551, 16.46435542854617040, 6.440191516407127281 ) ) ;
#1259 = EDGE_CURVE ( 'NONE', #5210, #6729, #1245, .T. ) ;
#1260 = AXIS2_PLACEMENT_3D ( 'NONE', #5155, #4508, #2866 ) ;
#1261 = CARTESIAN_POINT ( 'NONE',  ( 0.8592839642174775472, 3.018240399783463257, -14.97634282415380724 ) ) ;
#1262 = ORIENTED_EDGE ( 'NONE', *, *, #1077, .F. ) ;
#1263 = CARTESIAN_POINT ( 'NONE',  ( 6.295095963415271889, 3.947308199542603813, 13.61946885658486472 ) ) ;
#1264 = CARTESIAN_POINT ( 'NONE',  ( 11.95948035083290151, 4.283487441372355597, 9.074905900140432635 ) ) ;
#1265 = CARTESIAN_POINT ( 'NONE',  ( -11.22366443966305383, 16.46435542854617040, 6.559574023786282737 ) ) ;
#1266 = CARTESIAN_POINT ( 'NONE',  ( -1.358021404713975588, 3.947308199542603369, 14.94235399756120408 ) ) ;
#1267 = CARTESIAN_POINT ( 'NONE',  ( 5.056913543733495331, 16.80181036654472138, 12.25409408115512555 ) ) ;
#1268 = B_SPLINE_CURVE_WITH_KNOTS ( 'NONE', 3,
 ( #6579, #7294, #2447, #4757, #7092, #6636, #6060, #1366, #5674, #6379, #6743, #4527, #1147, #2659, #4368, #5592 ),
 .UNSPECIFIED., .F., .F.,
 ( 4, 2, 2, 2, 2, 2, 2, 4 ),
 ( 0.000000000000000000, 0.0005078598180034127720, 0.001015719636006825544, 0.001523579454010238424, 0.002031439272013651088, 0.002539299090017063752, 0.003047158908020476849, 0.004062878544027304778 ),
 .UNSPECIFIED. ) ;
#1269 = CARTESIAN_POINT ( 'NONE',  ( -14.53043896854968509, 14.83976512858141739, 2.053469160110915404 ) ) ;
#1270 = CARTESIAN_POINT ( 'NONE',  ( 5.568940427895984868, 13.54770619938538267, -13.92540349704164804 ) ) ;
#1271 = EDGE_CURVE ( 'NONE', #7396, #5516, #1352, .T. ) ;
#1272 = CARTESIAN_POINT ( 'NONE',  ( -1.435440174634177390, 15.55852893247509883, -13.60235833197634925 ) ) ;
#1273 = ORIENTED_EDGE ( 'NONE', *, *, #6633, .F. ) ;
#1274 = ORIENTED_EDGE ( 'NONE', *, *, #6298, .F. ) ;
#1275 = CONICAL_SURFACE ( 'NONE', #2251, 3.575000000000000178, 0.7853981633974489451 ) ;
#1276 = CARTESIAN_POINT ( 'NONE',  ( 12.25740571700328907, 3.999744730399715120, 6.791986602973334897 ) ) ;
#1277 = CARTESIAN_POINT ( 'NONE',  ( 1.014489923333459886, 3.894580777457734566, 14.96709569344633373 ) ) ;
#1278 = CARTESIAN_POINT ( 'NONE',  ( 11.06328296634426778, 14.93491219094220490, -9.556180643080175230 ) ) ;
#1279 = CARTESIAN_POINT ( 'NONE',  ( -1.400278733528320203E-15, 17.33012701892219098, 12.49999999999999822 ) ) ;
#1280 = DIRECTION ( 'NONE',  ( 0.000000000000000000, 1.000000000000000000, 0.000000000000000000 ) ) ;
#1281 = CARTESIAN_POINT ( 'NONE',  ( 13.84095418852546011, 16.10833033166838746, -1.687278167414104413 ) ) ;
#1282 = CARTESIAN_POINT ( 'NONE',  ( -9.125215649537802065, 4.361631949948226783, -11.92306566418583635 ) ) ;
#1283 = EDGE_LOOP ( 'NONE', ( #7444, #4432, #5769, #5187 ) ) ;
#1284 = CARTESIAN_POINT ( 'NONE',  ( 7.327879885174575669, 3.998583320977852740, -11.96483432920441281 ) ) ;
#1285 = CARTESIAN_POINT ( 'NONE',  ( -11.67397823337864438, 4.107372228728920049, -8.125448727845169472 ) ) ;
#1286 = VECTOR ( 'NONE', #5820, 1000.000000000000000 ) ;
#1287 = DIRECTION ( 'NONE',  ( 0.000000000000000000, 0.000000000000000000, -1.000000000000000000 ) ) ;
#1288 = CARTESIAN_POINT ( 'NONE',  ( -14.90569473940513845, 3.214744458955245410, -1.687048016957982455 ) ) ;
#1289 = CARTESIAN_POINT ( 'NONE',  ( -4.833782609620619120, -2.000000000000000000, -14.19980794528324886 ) ) ;
#1290 = CARTESIAN_POINT ( 'NONE',  ( 2.334398076958447165E-15, 3.999999999999996447, 13.99999999999999822 ) ) ;
#1291 = CARTESIAN_POINT ( 'NONE',  ( 10.82875206333648599, 15.78240327593546866, -9.127760847453723514 ) ) ;
#1292 = CARTESIAN_POINT ( 'NONE',  ( 8.192666142396593187, 4.141617151279123554, -11.64031996218099962 ) ) ;
#1293 = CARTESIAN_POINT ( 'NONE',  ( -5.576398996430683930, 13.27412191024557053, -13.94701253896840143 ) ) ;
#1294 = CARTESIAN_POINT ( 'NONE',  ( -7.489813340991288371, 16.14461645573611293, 10.98546540568764129 ) ) ;
#1295 = DIRECTION ( 'NONE',  ( 0.000000000000000000, 0.000000000000000000, 1.000000000000000000 ) ) ;
#1296 = CARTESIAN_POINT ( 'NONE',  ( 13.15999804781019478, 2.999092996133977618, -7.200277339443516667 ) ) ;
#1297 = CARTESIAN_POINT ( 'NONE',  ( -13.81401337841942834, 3.287421879862404861, 5.847523184858979484 ) ) ;
#1298 = ORIENTED_EDGE ( 'NONE', *, *, #6254, .T. ) ;
#1299 = CARTESIAN_POINT ( 'NONE',  ( 13.00070914631153052, 17.04080462639315030, 0.1901196628015327794 ) ) ;
#1300 = CARTESIAN_POINT ( 'NONE',  ( 13.61046385495911437, 14.83976512858158792, 5.486863025730697174 ) ) ;
#1301 = CARTESIAN_POINT ( 'NONE',  ( -12.87823516092455201, 4.107142304944284561, 6.042654487140056041 ) ) ;
#1302 = CARTESIAN_POINT ( 'NONE',  ( 0.6879303150590163618, 3.007811910147840884, -14.98520250997278680 ) ) ;
#1303 = ORIENTED_EDGE ( 'NONE', *, *, #2755, .F. ) ;
#1304 = CARTESIAN_POINT ( 'NONE',  ( 1.812984715944103709, 12.99999999999999822, 14.15555555555555323 ) ) ;
#1305 = EDGE_CURVE ( 'NONE', #152, #5191, #4513, .T. ) ;
#1306 = CARTESIAN_POINT ( 'NONE',  ( -11.44584384047142933, 17.20258509324231255, 5.526471498498626289 ) ) ;
#1307 = CARTESIAN_POINT ( 'NONE',  ( -2.486957469814181199, 3.802689510443621579, 14.79286159074537821 ) ) ;
#1308 = CARTESIAN_POINT ( 'NONE',  ( 6.668375429921190367, 17.30235213935352689, 10.62961605351836347 ) ) ;
#1309 = CARTESIAN_POINT ( 'NONE',  ( -13.71433387864116327, 16.27517960485728565, 1.584431641322535445 ) ) ;
#1310 = FACE_OUTER_BOUND ( 'NONE', #2717, .T. ) ;
#1311 = ORIENTED_EDGE ( 'NONE', *, *, #6159, .T. ) ;
#1312 = CARTESIAN_POINT ( 'NONE',  ( 13.07753992222499129, 16.86133510028686544, -1.669260990359775931 ) ) ;
#1313 = EDGE_CURVE ( 'NONE', #1562, #2606, #4545, .T. ) ;
#1314 = LINE ( 'NONE', #4672, #1768 ) ;
#1315 = DIRECTION ( 'NONE',  ( 0.000000000000000000, 0.000000000000000000, 1.000000000000000000 ) ) ;
#1316 = CARTESIAN_POINT ( 'NONE',  ( 11.14118446248713390, 15.14124894725538617, -8.265978463461093995 ) ) ;
#1317 = CARTESIAN_POINT ( 'NONE',  ( 7.240358084082756385, 17.17619535981904377, 10.49598459648336402 ) ) ;
#1318 = CARTESIAN_POINT ( 'NONE',  ( -11.73717644089701118, 3.536346359595049726, -9.340942086419969925 ) ) ;
#1319 = ORIENTED_EDGE ( 'NONE', *, *, #6071, .F. ) ;
#1320 = CARTESIAN_POINT ( 'NONE',  ( -11.56751519734544686, 3.802689510443551857, -9.550199142363299032 ) ) ;
#1321 = CARTESIAN_POINT ( 'NONE',  ( -4.994721522614473663, 4.214198939172897340, 14.14423838406150225 ) ) ;
#1322 = CARTESIAN_POINT ( 'NONE',  ( -1.155111849801935708, 17.12778597774543243, 12.77069720519746632 ) ) ;
#1323 = CARTESIAN_POINT ( 'NONE',  ( -14.00000000046878768, 3.999999999999996447, -0.1618201052444657451 ) ) ;
#1324 = LINE ( 'NONE', #7339, #297 ) ;
#1325 = CARTESIAN_POINT ( 'NONE',  ( -1.575460519861954234, 4.363762369312537359, -14.17661040376638226 ) ) ;
#1326 = CARTESIAN_POINT ( 'NONE',  ( -5.610797504520291135, 15.79958987962644024, 12.32176576715920824 ) ) ;
#1327 = CARTESIAN_POINT ( 'NONE',  ( 14.15555555555555856, 13.38415849608138863, -1.812984715944102376 ) ) ;
#1328 = CARTESIAN_POINT ( 'NONE',  ( -11.02497696838600305, 15.09020611454483962, 9.494769824515467249 ) ) ;
#1329 = CARTESIAN_POINT ( 'NONE',  ( 13.14545196544397676, 4.684012049476067752, -5.554038505884824062 ) ) ;
#1330 = CARTESIAN_POINT ( 'NONE',  ( -8.556800279758730809, 14.15265989597376972, -11.29182121538298311 ) ) ;
#1331 = ORIENTED_EDGE ( 'NONE', *, *, #889, .T. ) ;
#1332 = CARTESIAN_POINT ( 'NONE',  ( 13.80395615036363388, 15.99135119082490952, 2.386342148662724316 ) ) ;
#1333 = CARTESIAN_POINT ( 'NONE',  ( 11.71651201125929909, 16.93155670826557824, 5.942368006641275180 ) ) ;
#1334 = CARTESIAN_POINT ( 'NONE',  ( -12.35600457841094624, 3.064958436848805867, 8.506336627523946703 ) ) ;
#1335 = CARTESIAN_POINT ( 'NONE',  ( 2.486957469814180754, 3.802689510443622023, -14.79286159074537821 ) ) ;
#1336 = ORIENTED_EDGE ( 'NONE', *, *, #5799, .F. ) ;
#1337 = CARTESIAN_POINT ( 'NONE',  ( 7.500000000000007105, 4.999999999999996447, 12.99038105676657651 ) ) ;
#1338 = CARTESIAN_POINT ( 'NONE',  ( -11.07545936882737081, 16.99830047610587513, 6.910636657574560360 ) ) ;
#1339 = CARTESIAN_POINT ( 'NONE',  ( -1.687048016958017094, 3.214744458955210327, 14.90569473940513490 ) ) ;
#1340 = CARTESIAN_POINT ( 'NONE',  ( 6.335706115410920880, 17.04080462639354110, 11.35400421931955606 ) ) ;
#1341 = CARTESIAN_POINT ( 'NONE',  ( -13.55575885024566496, 15.65293292630068045, 1.387477552385824930 ) ) ;
#1342 = CARTESIAN_POINT ( 'NONE',  ( 11.35257835782100599, 12.99999999999999822, 8.647868598458279266 ) ) ;
#1343 = ORIENTED_EDGE ( 'NONE', *, *, #1478, .T. ) ;
#1344 = ADVANCED_FACE ( 'NONE', ( #1029 ), #5864, .T. ) ;
#1345 = CARTESIAN_POINT ( 'NONE',  ( 13.22347718894556223, 16.71832469119269149, -1.846846077495703398 ) ) ;
#1346 = VERTEX_POINT ( 'NONE', #3358 ) ;
#1347 = CARTESIAN_POINT ( 'NONE',  ( 5.521879643902368073, 4.802888772988995747, 13.15960530698669118 ) ) ;
#1348 = LINE ( 'NONE', #6049, #5132 ) ;
#1349 = AXIS2_PLACEMENT_3D ( 'NONE', #4452, #1583, #1013 ) ;
#1350 = VERTEX_POINT ( 'NONE', #5689 ) ;
#1351 = CARTESIAN_POINT ( 'NONE',  ( 9.589098051731456351, 14.84133297373236715, 11.08407227511349902 ) ) ;
#1352 = B_SPLINE_CURVE_WITH_KNOTS ( 'NONE', 3,
 ( #3586, #714, #4683, #3936, #5909, #2431, #2784, #3979, #3628, #7086, #4751, #61, #6832, #6255, #4500, #1601 ),
 .UNSPECIFIED., .F., .F.,
 ( 4, 2, 2, 2, 2, 2, 2, 4 ),
 ( 0.000000000000000000, 0.0009985881523668607880, 0.001497882228550291182, 0.001997176304733721576, 0.002496470380917151753, 0.002995764457100582364, 0.003495058533284012975, 0.003994352609467443152 ),
 .UNSPECIFIED. ) ;
#1353 = EDGE_CURVE ( 'NONE', #3446, #6073, #453, .T. ) ;
#1354 = DIRECTION ( 'NONE',  ( 0.000000000000000000, 0.000000000000000000, 1.000000000000000000 ) ) ;
#1355 = CARTESIAN_POINT ( 'NONE',  ( 14.86666666624067901, 4.903143899974548248, 2.144203081401478528 ) ) ;
#1356 = AXIS2_PLACEMENT_3D ( 'NONE', #970, #1119, #3301 ) ;
#1357 = VERTEX_POINT ( 'NONE', #7441 ) ;
#1358 = AXIS2_PLACEMENT_3D ( 'NONE', #7235, #4906, #5586 ) ;
#1359 = CARTESIAN_POINT ( 'NONE',  ( -11.84054206087192718, 4.622770957791556334, -9.238671184212277510 ) ) ;
#1360 = CARTESIAN_POINT ( 'NONE',  ( -6.827827030295939181, 3.907900456520913668, 13.35671214268726636 ) ) ;
#1361 = CARTESIAN_POINT ( 'NONE',  ( 1.196860455546156388, 16.67762755837662070, 13.36973646937702576 ) ) ;
#1362 = CARTESIAN_POINT ( 'NONE',  ( 11.35257835782099889, 4.999999999999996447, -8.647868598458288147 ) ) ;
#1363 = CARTESIAN_POINT ( 'NONE',  ( 9.722724610781961374, 14.39430030472792055, -11.17157729339441374 ) ) ;
#1364 = CARTESIAN_POINT ( 'NONE',  ( 7.500000000000191847, 4.003567649046306798, 11.90598573715166886 ) ) ;
#1365 = CARTESIAN_POINT ( 'NONE',  ( 7.789360012214946671, 3.977039156128711728, 12.81982844450898362 ) ) ;
#1366 = CARTESIAN_POINT ( 'NONE',  ( 13.95808136256741427, 3.536346359595049726, -5.494221923307051725 ) ) ;
#1367 = AXIS2_PLACEMENT_3D ( 'NONE', #1487, #315, #5650 ) ;
#1368 = ADVANCED_FACE ( 'NONE', ( #2963 ), #2214, .F. ) ;
#1369 = CARTESIAN_POINT ( 'NONE',  ( -8.693385064645902105, 16.31616615544924542, -10.65507659721968459 ) ) ;
#1370 = CARTESIAN_POINT ( 'NONE',  ( 13.33486268487514614, 15.40047773549977528, -5.450053466029289417 ) ) ;
#1371 = CARTESIAN_POINT ( 'NONE',  ( 13.00754794416321580, 16.45601103265699550, 0.1977689937940484977 ) ) ;
#1372 = CARTESIAN_POINT ( 'NONE',  ( 12.99038105676657473, 2.999999999999996447, -7.500000000000004441 ) ) ;
#1373 = CARTESIAN_POINT ( 'NONE',  ( 5.619207090191673970, 3.435280335374282679, -13.90848057518148018 ) ) ;
#1374 = VERTEX_POINT ( 'NONE', #3005 ) ;
#1375 = CARTESIAN_POINT ( 'NONE',  ( 13.87564341571646054, 15.88150506235268900, 2.439596622427102179 ) ) ;
#1376 = CARTESIAN_POINT ( 'NONE',  ( 13.16556307303936180, 13.22779987598771179, 5.507686957033454789 ) ) ;
#1377 = CARTESIAN_POINT ( 'NONE',  ( 10.53367700834821541, -2.000000000000000000, 9.221802897687421563 ) ) ;
#1378 = CARTESIAN_POINT ( 'NONE',  ( 5.500123132698060857, 14.64269670743597374, -12.92519628903814777 ) ) ;
#1379 = CARTESIAN_POINT ( 'NONE',  ( -10.61442471868626747, 17.30550362272236598, -6.688180724844436043 ) ) ;
#1380 = CARTESIAN_POINT ( 'NONE',  ( 1.941871383057296896, 4.362682976374236077, -14.88820921331367586 ) ) ;
#1381 = ORIENTED_EDGE ( 'NONE', *, *, #238, .T. ) ;
#1382 = DIRECTION ( 'NONE',  ( 0.000000000000000000, 0.000000000000000000, 1.000000000000000000 ) ) ;
#1383 = CARTESIAN_POINT ( 'NONE',  ( -10.50360563964595428, 16.81363579182239931, 8.064706036936104994 ) ) ;
#1384 = CARTESIAN_POINT ( 'NONE',  ( -9.007699399683607666, 3.267587546154537836, 11.99508917419340115 ) ) ;
#1385 = CARTESIAN_POINT ( 'NONE',  ( -13.86570936197435167, 15.90511541514493032, 2.436725929349626174 ) ) ;
#1386 = CARTESIAN_POINT ( 'NONE',  ( 13.52181228253360779, 3.901731976069199970, 6.497743808341039262 ) ) ;
#1387 = ORIENTED_EDGE ( 'NONE', *, *, #5168, .F. ) ;
#1388 = CARTESIAN_POINT ( 'NONE',  ( -14.15749232157817694, 4.802888772988993971, -1.797714605233733387 ) ) ;
#1389 = ORIENTED_EDGE ( 'NONE', *, *, #6113, .F. ) ;
#1390 = CARTESIAN_POINT ( 'NONE',  ( 2.913725436338732155, 4.830693141506387178, -14.71428571428571530 ) ) ;
#1391 = CARTESIAN_POINT ( 'NONE',  ( 12.99038105676658184, 2.999999999999996447, 7.499999999999997335 ) ) ;
#1392 = CARTESIAN_POINT ( 'NONE',  ( -11.50387608389701555, 16.41724891115651985, -6.159692991679978746 ) ) ;
#1393 = CYLINDRICAL_SURFACE ( 'NONE', #7332, 1.000000000000000000 ) ;
#1394 = EDGE_CURVE ( 'NONE', #7375, #7012, #6833, .T. ) ;
#1395 = CARTESIAN_POINT ( 'NONE',  ( 14.98547865873362994, 3.007541301891202501, -0.6814814786791952850 ) ) ;
#1396 = AXIS2_PLACEMENT_3D ( 'NONE', #4263, #6058, #5046 ) ;
#1397 = CARTESIAN_POINT ( 'NONE',  ( 14.17268607725502605, 4.107372228728934260, 1.199855898772550278 ) ) ;
#1398 = DIRECTION ( 'NONE',  ( 0.000000000000000000, 1.000000000000000000, 0.000000000000000000 ) ) ;
#1399 = CARTESIAN_POINT ( 'NONE',  ( -11.88743333927153323, 4.003905949981415802, -7.549138681379734983 ) ) ;
#1400 = CARTESIAN_POINT ( 'NONE',  ( -14.83525960012956268, 3.535834181800182385, 2.220262530841353499 ) ) ;
#1401 = CARTESIAN_POINT ( 'NONE',  ( -6.293133214647975038, 3.102923436545239166, 13.61700072273521656 ) ) ;
#1402 = CARTESIAN_POINT ( 'NONE',  ( 0.3695734121418136064, 16.42786290564318463, 13.03302827739182845 ) ) ;
#1403 = CARTESIAN_POINT ( 'NONE',  ( -14.17976097921991041, 4.282960109847537389, -1.490888660588280512 ) ) ;
#1404 = EDGE_CURVE ( 'NONE', #1189, #569, #879, .T. ) ;
#1405 = CIRCLE ( 'NONE', #5662, 0.9999999999999991118 ) ;
#1406 = CARTESIAN_POINT ( 'NONE',  ( 9.880503104665104175, 12.99999999999999822, 11.28608250894451182 ) ) ;
#1407 = B_SPLINE_CURVE_WITH_KNOTS ( 'NONE', 3,
 ( #7451, #6925, #7412, #5736, #3945, #4475, #2832, #1690, #4628, #461, #5698, #2180, #7523, #6804, #2297, #2760 ),
 .UNSPECIFIED., .F., .F.,
 ( 4, 2, 2, 2, 2, 2, 2, 4 ),
 ( 0.000000000000000000, 0.0009985881523668592701, 0.001497882228550290315, 0.001997176304733721576, 0.002496470380917152187, 0.002995764457100584099, 0.003495058533284012975, 0.003994352609467442285 ),
 .UNSPECIFIED. ) ;
#1408 = CARTESIAN_POINT ( 'NONE',  ( 7.794000012382819698, 2.999121522247282901, 12.81727550784956726 ) ) ;
#1409 = CARTESIAN_POINT ( 'NONE',  ( -5.602673495379622892, 17.23293512505065195, -11.35517035961764343 ) ) ;
#1410 = CARTESIAN_POINT ( 'NONE',  ( -5.528704111602672278, 15.32409233017483530, 12.63694226799815645 ) ) ;
#1411 = CARTESIAN_POINT ( 'NONE',  ( -5.093244605863765706, 16.84331918830451968, -12.17820645469994290 ) ) ;
#1412 = DIRECTION ( 'NONE',  ( 0.000000000000000000, -1.000000000000000000, 0.000000000000000000 ) ) ;
#1413 = DIRECTION ( 'NONE',  ( 0.000000000000000000, 0.000000000000000000, -1.000000000000000000 ) ) ;
#1414 = CARTESIAN_POINT ( 'NONE',  ( -14.15952631160783426, 4.063647738888661820, 1.070334184595505889 ) ) ;
#1415 = VERTEX_POINT ( 'NONE', #2920 ) ;
#1416 = CARTESIAN_POINT ( 'NONE',  ( 12.82334038609027083, 2.999999999999997335, -7.789322928541748681 ) ) ;
#1417 = DIRECTION ( 'NONE',  ( 0.000000000000000000, -1.000000000000000000, 0.000000000000000000 ) ) ;
#1418 = B_SPLINE_CURVE_WITH_KNOTS ( 'NONE', 3,
 ( #3229, #4296, #5554, #6700, #3846, #6092, #329, #293, #1400, #4977, #5587, #3735, #6127, #4941, #859, #6054 ),
 .UNSPECIFIED., .F., .F.,
 ( 4, 2, 2, 2, 2, 2, 2, 4 ),
 ( 0.000000000000000000, 0.0009985881523668623059, 0.001497882228550293350, 0.001997176304733724178, 0.002496470380917154789, 0.002995764457100586267, 0.003495058533284014710, 0.003994352609467444019 ),
 .UNSPECIFIED. ) ;
#1419 = CARTESIAN_POINT ( 'NONE',  ( 1.654057780706459369, 4.467215551782233618, -14.17137273547492171 ) ) ;
#1420 = ORIENTED_EDGE ( 'NONE', *, *, #1915, .T. ) ;
#1421 = CARTESIAN_POINT ( 'NONE',  ( -11.28608250912590982, 13.28474984484099153, 9.880503104457899255 ) ) ;
#1422 = CARTESIAN_POINT ( 'NONE',  ( 9.720310283619600256, 14.40389851827508672, 11.16992021780987265 ) ) ;
#1423 = CARTESIAN_POINT ( 'NONE',  ( -14.43110154413237645, 15.08037049037469757, 2.018442527704824130 ) ) ;
#1424 = CARTESIAN_POINT ( 'NONE',  ( -5.700442021035566853, 16.05069592290859148, -12.09525698138048000 ) ) ;
#1425 = ORIENTED_EDGE ( 'NONE', *, *, #3037, .F. ) ;
#1426 = CARTESIAN_POINT ( 'NONE',  ( -14.12110661722066673, 13.76796568068119875, 1.798224397117926809 ) ) ;
#1427 = FACE_OUTER_BOUND ( 'NONE', #4135, .T. ) ;
#1428 = SURFACE_SIDE_STYLE ('',( #1999 ) ) ;
#1429 = CARTESIAN_POINT ( 'NONE',  ( 14.94190783706603121, 3.095467947649501728, -1.328476151411939421 ) ) ;
#1430 = CARTESIAN_POINT ( 'NONE',  ( -5.461440022480425149, 3.565920217497933642, -13.97091208119439720 ) ) ;
#1431 = CARTESIAN_POINT ( 'NONE',  ( 14.87769861530627580, 4.531312346189690921, 2.042055979961226786 ) ) ;
#1432 = CARTESIAN_POINT ( 'NONE',  ( 14.11032636042559751, 4.014779309274778107, -0.7804176301363293655 ) ) ;
#1433 = CARTESIAN_POINT ( 'NONE',  ( -12.58804710137181715, 3.907067251463594459, -8.158588059813732585 ) ) ;
#1434 = CARTESIAN_POINT ( 'NONE',  ( -5.799888830031902032, 4.281826903305205434, 13.02484736735301851 ) ) ;
#1435 = CARTESIAN_POINT ( 'NONE',  ( -0.5979876568725810415, 16.36206807681269382, 13.09008221646927517 ) ) ;
#1436 = CYLINDRICAL_SURFACE ( 'NONE', #3349, 1.000000000000000000 ) ;
#1437 = CARTESIAN_POINT ( 'NONE',  ( -6.335706115410914663, 17.04080462639354110, -11.35400421931956316 ) ) ;
#1438 = EDGE_CURVE ( 'NONE', #1043, #2598, #1218, .T. ) ;
#1439 = CARTESIAN_POINT ( 'NONE',  ( -4.802993776569755013, 14.93491219094235767, 13.80753668323260896 ) ) ;
#1440 = CARTESIAN_POINT ( 'NONE',  ( 13.13723700640236025, 16.30483108477092813, 0.7330144676481744614 ) ) ;
#1441 = CARTESIAN_POINT ( 'NONE',  ( -14.19980794276064806, 4.837498224088174759, -4.833782617031049611 ) ) ;
#1442 = CARTESIAN_POINT ( 'NONE',  ( -14.17996431217515685, 4.292873783416803590, 1.504308368080689018 ) ) ;
#1443 = VERTEX_POINT ( 'NONE', #1199 ) ;
#1444 =( BOUNDED_SURFACE ( )  B_SPLINE_SURFACE ( 3, 2, ( 
 ( #146, #7058, #3665 ),
 ( #597, #1293, #5331 ),
 ( #26, #2363, #6443 ),
 ( #642, #3592, #4689 ),
 ( #2437, #4153, #3547 ),
 ( #6982, #7020, #4083 ),
 ( #6407, #3633, #4759 ),
 ( #7094, #1862, #5949 ),
 ( #1168, #2969, #1788 ),
 ( #6485, #719, #3050 ),
 ( #2479, #4801, #3507 ),
 ( #1251, #4117, #7133 ),
 ( #1205, #66, #3704 ),
 ( #4336, #6637, #5410 ),
 ( #5483, #5446, #7169 ),
 ( #6166, #1976, #941 ),
 ( #6672, #794, #7312 ),
 ( #2044, #4874, #3773 ),
 ( #1934, #2079, #1409 ),
 ( #259, #3160, #7204 ),
 ( #3741, #1437, #6706 ),
 ( #5561, #6097, #4912 ),
 ( #5521, #182, #218 ),
 ( #2660, #4410, #4369 ),
 ( #4302, #865, #299 ),
 ( #6598, #2513, #6061 ),
 ( #335, #1470, #4838 ),
 ( #6133, #2628, #2012 ),
 ( #831, #7243, #2546 ),
 ( #4265, #2588, #3850 ),
 ( #6744, #1509, #1369 ),
 ( #3197, #3810, #6026 ),
 ( #4949, #3125, #7279 ),
 ( #4982, #906, #3235 ),
 ( #5593, #1627, #2237 ),
 ( #5753, #4569, #2738 ),
 ( #4453, #3268, #2197 ),
 ( #2774, #6903, #5095 ),
 ( #7504, #7390, #6316 ),
 ( #3964, #2276, #4606 ) ),
 .UNSPECIFIED., .F., .F., .T. ) 
 B_SPLINE_SURFACE_WITH_KNOTS ( ( 4, 2, 2, 2, 2, 2, 2, 2, 2, 2, 2, 2, 2, 2, 2, 2, 2, 2, 2, 4 ),
 ( 3, 3 ),
 ( 0.000000000000000000, 0.0006748142658293163846, 0.001349628531658632769, 0.002024442797487949371, 0.002361849930402607455, 0.002699257063317265538, 0.003374071329146582140, 0.004048885594975898741, 0.004386292727890556825, 0.004723699860805214909, 0.005398514126634531077, 0.005735921259549189161, 0.006073328392463847245, 0.006748142658293164280, 0.007422956924122481315, 0.008097771189951797483, 0.008772585455781113650, 0.009447399721610429818, 0.01012221398743974599, 0.01079702825326906215 ),
 ( 0.000000000000000000, 1.000000000000000000 ),
 .UNSPECIFIED. ) 
 GEOMETRIC_REPRESENTATION_ITEM ( )  RATIONAL_B_SPLINE_SURFACE ( (
 ( 1.000000000000000000, 0.7867957924694435334, 1.000000000000000000),
 ( 1.000000000000000000, 0.7867893510871272200, 1.000000000000000000),
 ( 1.000000000000000000, 0.7886154144827206558, 1.000000000000000000),
 ( 1.000000000000000000, 0.7953661699509655403, 1.000000000000000000),
 ( 1.000000000000000000, 0.8003370620002588920, 1.000000000000000000),
 ( 1.000000000000000000, 0.8122778712298331927, 1.000000000000000000),
 ( 1.000000000000000000, 0.8191018390051665321, 1.000000000000000000),
 ( 1.000000000000000000, 0.8294273880737320637, 1.000000000000000000),
 ( 1.000000000000000000, 0.8328837475269761370, 1.000000000000000000),
 ( 1.000000000000000000, 0.8396202395223197890, 1.000000000000000000),
 ( 1.000000000000000000, 0.8429190808683634240, 1.000000000000000000),
 ( 1.000000000000000000, 0.8520089025836259378, 1.000000000000000000),
 ( 1.000000000000000000, 0.8570195765218313610, 1.000000000000000000),
 ( 1.000000000000000000, 0.8641253354132980569, 1.000000000000000000),
 ( 1.000000000000000000, 0.8660656719304061779, 1.000000000000000000),
 ( 1.000000000000000000, 0.8672705396855360238, 1.000000000000000000),
 ( 1.000000000000000000, 0.8674005837561437060, 1.000000000000000000),
 ( 1.000000000000000000, 0.8673400669030525423, 1.000000000000000000),
 ( 1.000000000000000000, 0.8671565711264700438, 1.000000000000000000),
 ( 1.000000000000000000, 0.8665197314968269282, 1.000000000000000000),
 ( 1.000000000000000000, 0.8660366921799085294, 1.000000000000000000),
 ( 1.000000000000000000, 0.8660201165652836597, 1.000000000000000000),
 ( 1.000000000000000000, 0.8661157520136608667, 1.000000000000000000),
 ( 1.000000000000000000, 0.8664506541182190880, 1.000000000000000000),
 ( 1.000000000000000000, 0.8666907191152731782, 1.000000000000000000),
 ( 1.000000000000000000, 0.8673394484497835011, 1.000000000000000000),
 ( 1.000000000000000000, 0.8676850451489918070, 1.000000000000000000),
 ( 1.000000000000000000, 0.8661932981187204783, 1.000000000000000000),
 ( 1.000000000000000000, 0.8643369046394677735, 1.000000000000000000),
 ( 1.000000000000000000, 0.8574128041483407570, 1.000000000000000000),
 ( 1.000000000000000000, 0.8524249261065780514, 1.000000000000000000),
 ( 1.000000000000000000, 0.8404064465175636878, 1.000000000000000000),
 ( 1.000000000000000000, 0.8333831374745194198, 1.000000000000000000),
 ( 1.000000000000000000, 0.8194743686560775897, 1.000000000000000000),
 ( 1.000000000000000000, 0.8124799750443728596, 1.000000000000000000),
 ( 1.000000000000000000, 0.8005275974375921644, 1.000000000000000000),
 ( 1.000000000000000000, 0.7955347744211325178, 1.000000000000000000),
 ( 1.000000000000000000, 0.7886441666174059950, 1.000000000000000000),
 ( 1.000000000000000000, 0.7867760218659838323, 1.000000000000000000),
 ( 1.000000000000000000, 0.7867957924694434224, 1.000000000000000000) ) ) 
 REPRESENTATION_ITEM ( '' )  SURFACE ( )  );
#1445 = DIRECTION ( 'NONE',  ( 0.000000000000000000, -1.000000000000000000, 0.000000000000000000 ) ) ;
#1446 = CARTESIAN_POINT ( 'NONE',  ( 4.814093954405697318, 15.78240327593547576, -13.31924880523214938 ) ) ;
#1447 = EDGE_CURVE ( 'NONE', #7083, #2158, #6086, .T. ) ;
#1448 = CARTESIAN_POINT ( 'NONE',  ( -1.489572617743265770, 4.281826903305207210, -14.17979311555853528 ) ) ;
#1449 = ORIENTED_EDGE ( 'NONE', *, *, #7085, .F. ) ;
#1450 = CARTESIAN_POINT ( 'NONE',  ( -2.089445153021754820, 3.436560184660548689, 14.85446167736905387 ) ) ;
#1451 = CARTESIAN_POINT ( 'NONE',  ( 9.043575942818696589, 14.83976512858141739, 11.55699469484818742 ) ) ;
#1452 = CARTESIAN_POINT ( 'NONE',  ( -7.998541420388675327, 4.063451166399551617, 11.73005500268313384 ) ) ;
#1453 = CARTESIAN_POINT ( 'NONE',  ( 13.15569787205497931, 3.977039156128785002, 7.207617098995561022 ) ) ;
#1454 = ADVANCED_FACE ( 'NONE', ( #6517 ), #2559, .T. ) ;
#1455 = CARTESIAN_POINT ( 'NONE',  ( -14.17995422385827986, 4.293044502197793655, -1.504465057377837978 ) ) ;
#1456 = ORIENTED_EDGE ( 'NONE', *, *, #7224, .T. ) ;
#1457 = CARTESIAN_POINT ( 'NONE',  ( 4.511530435645904724, -2.000000000000000000, -13.25315408226436453 ) ) ;
#1458 = CARTESIAN_POINT ( 'NONE',  ( -13.16556307208949406, 13.22805048829252073, 5.507686956949948254 ) ) ;
#1459 = CARTESIAN_POINT ( 'NONE',  ( 12.99038105676657651, 3.999999999999996447, -7.500000000000005329 ) ) ;
#1460 = CARTESIAN_POINT ( 'NONE',  ( -10.48368589859871491, 17.17617608777599614, -7.263613547905533707 ) ) ;
#1461 = CARTESIAN_POINT ( 'NONE',  ( 15.00000000000000000, 2.999999999999996447, -1.734723475976807094E-15 ) ) ;
#1462 = CARTESIAN_POINT ( 'NONE',  ( 14.86807140902945967, 4.808246761477579234, 2.131350518151322593 ) ) ;
#1463 = CARTESIAN_POINT ( 'NONE',  ( 14.16462548862090287, 4.604426607162356966, -1.749855697232794549 ) ) ;
#1464 = AXIS2_PLACEMENT_3D ( 'NONE', #4965, #7186, #6116 ) ;
#1465 = CARTESIAN_POINT ( 'NONE',  ( -6.434762064604272247, 4.008811356518026336, 12.56084070158265575 ) ) ;
#1466 = CARTESIAN_POINT ( 'NONE',  ( 0.5779937646385585603, 17.28482863031515393, 12.56447337950907261 ) ) ;
#1467 = CARTESIAN_POINT ( 'NONE',  ( -14.86666666666667425, 4.999999999999997335, -2.144203077510819178 ) ) ;
#1468 = CARTESIAN_POINT ( 'NONE',  ( -5.566893257549908824, 4.604426607162356966, 13.14185335685466782 ) ) ;
#1469 = CARTESIAN_POINT ( 'NONE',  ( -14.19980794528324530, 12.99999999999999822, 4.833782609620626225 ) ) ;
#1470 = CARTESIAN_POINT ( 'NONE',  ( -7.357726306110989434, 16.86433506345922595, -10.98081102667500097 ) ) ;
#1471 = AXIS2_PLACEMENT_3D ( 'NONE', #6065, #871, #4414 ) ;
#1472 = CARTESIAN_POINT ( 'NONE',  ( -5.568940427896075462, 13.54770619938576992, 13.92540349704145619 ) ) ;
#1473 = CARTESIAN_POINT ( 'NONE',  ( 13.44174648374864134, 15.86165400212486887, -1.259295966836691205 ) ) ;
#1474 = CARTESIAN_POINT ( 'NONE',  ( -13.94701253978703015, 4.903130381076444166, -5.576399001641794584 ) ) ;
#1475 = AXIS2_PLACEMENT_3D ( 'NONE', #2542, #4869, #1504 ) ;
#1476 = CARTESIAN_POINT ( 'NONE',  ( -8.500662634606369394, 14.43550706382176507, -11.25620043306169649 ) ) ;
#1477 = CIRCLE ( 'NONE', #3314, 1.000000000000000000 ) ;
#1478 = EDGE_CURVE ( 'NONE', #569, #857, #6712, .T. ) ;
#1479 = CARTESIAN_POINT ( 'NONE',  ( 13.16556307376510304, 12.99999999999999645, 5.507686957097267744 ) ) ;
#1480 = DIRECTION ( 'NONE',  ( 0.000000000000000000, -1.000000000000000000, -0.000000000000000000 ) ) ;
#1481 = CARTESIAN_POINT ( 'NONE',  ( -12.65436945126900525, 16.49948735465837402, -4.926093210164554037 ) ) ;
#1482 = CARTESIAN_POINT ( 'NONE',  ( 2.131350518151391871, 4.808246761477512621, -14.86807140902945967 ) ) ;
#1483 = ORIENTED_EDGE ( 'NONE', *, *, #2994, .T. ) ;
#1484 = CARTESIAN_POINT ( 'NONE',  ( -2.913725436338732155, 4.999999999999996447, 14.71428571428571530 ) ) ;
#1485 = CARTESIAN_POINT ( 'NONE',  ( 7.979470232669750196, 15.65293292630088473, 11.04589275569560414 ) ) ;
#1486 = VERTEX_POINT ( 'NONE', #7084 ) ;
#1487 = CARTESIAN_POINT ( 'NONE',  ( -13.99999999999999822, 2.999999999999996447, 0.000000000000000000 ) ) ;
#1488 = ADVANCED_FACE ( 'NONE', ( #5943 ), #5361, .F. ) ;
#1489 = CARTESIAN_POINT ( 'NONE',  ( -7.403777475176106293, 16.19767252380139055, -10.99038105676658184 ) ) ;
#1490 = B_SPLINE_CURVE_WITH_KNOTS ( 'NONE', 3,
 ( #771, #844, #6146, #6003, #2527, #918, #4852, #7182, #1948, #1384, #5461, #236, #5768, #2289, #5648, #4618 ),
 .UNSPECIFIED., .F., .F.,
 ( 4, 2, 2, 2, 2, 2, 2, 4 ),
 ( 0.000000000000000000, 0.0005078598180034124467, 0.001015719636006824893, 0.001523579454010237340, 0.002031439272013649787, 0.002539299090017062017, 0.003047158908020474680, 0.004062878544027303043 ),
 .UNSPECIFIED. ) ;
#1491 = CARTESIAN_POINT ( 'NONE',  ( 14.63026204385968931, 14.08033431901119670, -2.880845914195892199 ) ) ;
#1492 = ORIENTED_EDGE ( 'NONE', *, *, #5464, .F. ) ;
#1493 = DIRECTION ( 'NONE',  ( -0.000000000000000000, 1.000000000000000000, -0.000000000000000000 ) ) ;
#1494 = CARTESIAN_POINT ( 'NONE',  ( -2.104045631365714542, 14.34089593620437597, -14.69339806473006504 ) ) ;
#1495 = CARTESIAN_POINT ( 'NONE',  ( -6.378483251638328966, 17.32959717367248587, 10.75202076438243104 ) ) ;
#1496 = CARTESIAN_POINT ( 'NONE',  ( 14.04424022090000079, 3.768420980672145593, 5.270086311128983958 ) ) ;
#1497 = DIRECTION ( 'NONE',  ( 0.000000000000000000, 0.000000000000000000, 1.000000000000000000 ) ) ;
#1498 = ADVANCED_FACE ( 'NONE', ( #6663 ), #5876, .F. ) ;
#1499 = CARTESIAN_POINT ( 'NONE',  ( 14.19980794528325063, 13.54176985573761627, 4.833782609620612014 ) ) ;
#1500 = CARTESIAN_POINT ( 'NONE',  ( 14.93369435381203836, 3.984706786667063128, 1.462160722678667035 ) ) ;
#1501 = CIRCLE ( 'NONE', #2245, 1.000000000000000888 ) ;
#1502 = CARTESIAN_POINT ( 'NONE',  ( 14.15555555555555500, 4.799810971035542551, -1.812984715944102376 ) ) ;
#1503 = CARTESIAN_POINT ( 'NONE',  ( 0.3800802782476659925, 16.42654693655869380, -13.03415170721067184 ) ) ;
#1504 = DIRECTION ( 'NONE',  ( 0.000000000000000000, 0.000000000000000000, 1.000000000000000000 ) ) ;
#1505 = CARTESIAN_POINT ( 'NONE',  ( 5.463925371249518825, 3.563653805202760427, -13.96994130788609212 ) ) ;
#1506 = CARTESIAN_POINT ( 'NONE',  ( 11.95390870531401006, 3.997967014936482322, -7.356866230123301875 ) ) ;
#1507 = DIRECTION ( 'NONE',  ( 0.000000000000000000, -1.000000000000000000, 0.000000000000000000 ) ) ;
#1508 = CYLINDRICAL_SURFACE ( 'NONE', #2207, 1.000000000000000888 ) ;
#1509 = CARTESIAN_POINT ( 'NONE',  ( -8.381702850494283652, 16.10833033166802153, -11.14297885617262551 ) ) ;
#1510 = CARTESIAN_POINT ( 'NONE',  ( -12.71094508743594176, 17.17617608777599258, -1.048630906459652623 ) ) ;
#1511 = CARTESIAN_POINT ( 'NONE',  ( 11.18950882892422172, 16.46004852382992567, -6.626750215992035287 ) ) ;
#1512 = AXIS2_PLACEMENT_3D ( 'NONE', #7531, #1577, #6236 ) ;
#1513 = CARTESIAN_POINT ( 'NONE',  ( -7.620510878564289214, 17.03592563587023534, -10.47465196686928302 ) ) ;
#1514 = CARTESIAN_POINT ( 'NONE',  ( -13.94701254168406201, 4.999999999999996447, -5.576398997336196928 ) ) ;
#1515 = CARTESIAN_POINT ( 'NONE',  ( -2.492602502540076426, 15.77728590453275359, -13.94492207225266078 ) ) ;
#1516 = ORIENTED_EDGE ( 'NONE', *, *, #1715, .F. ) ;
#1517 = CARTESIAN_POINT ( 'NONE',  ( 12.99038105676657651, 4.231561273113040755, -5.860076627227644330 ) ) ;
#1518 = CARTESIAN_POINT ( 'NONE',  ( 6.881046799117554791, 17.26706329440288101, -10.56396403299040898 ) ) ;
#1519 = CARTESIAN_POINT ( 'NONE',  ( 5.711611840659725381, 16.04373974975972317, -12.09084148613474241 ) ) ;
#1520 = CARTESIAN_POINT ( 'NONE',  ( -12.88660698121188553, 14.75504811013966844, -5.501129821118022178 ) ) ;
#1521 = DIRECTION ( 'NONE',  ( 0.000000000000000000, 0.000000000000000000, -1.000000000000000000 ) ) ;
#1522 = VERTEX_POINT ( 'NONE', #3766 ) ;
#1523 = CARTESIAN_POINT ( 'NONE',  ( -11.35257835782099356, 12.99999999999999645, 8.647868598458293476 ) ) ;
#1524 = CARTESIAN_POINT ( 'NONE',  ( 11.80280946695424049, 4.903130381076442390, -9.290267665534576835 ) ) ;
#1525 = ORIENTED_EDGE ( 'NONE', *, *, #5178, .F. ) ;
#1526 = CARTESIAN_POINT ( 'NONE',  ( 2.020456964497875596, 15.06777341069432019, -14.43650204700694317 ) ) ;
#1527 = DIRECTION ( 'NONE',  ( 0.000000000000000000, 0.000000000000000000, -1.000000000000000000 ) ) ;
#1528 = CARTESIAN_POINT ( 'NONE',  ( 14.29529504301835452, 15.09020611454483607, -2.710223386923296562 ) ) ;
#1529 = EDGE_LOOP ( 'NONE', ( #5351, #6889, #6606, #7408 ) ) ;
#1530 = EDGE_CURVE ( 'NONE', #242, #4727, #824, .T. ) ;
#1531 = CARTESIAN_POINT ( 'NONE',  ( -13.98394238340223517, 14.51664821311963927, 1.724439468475800208 ) ) ;
#1532 = CARTESIAN_POINT ( 'NONE',  ( -1.587955105248914922, 15.14124894725538439, -13.78153800449305066 ) ) ;
#1533 = CARTESIAN_POINT ( 'NONE',  ( -8.673617379884035472E-16, 4.999999999999996447, -15.00000000000000000 ) ) ;
#1534 = CARTESIAN_POINT ( 'NONE',  ( -11.72784128057408992, 17.08802487472235399, -5.325704933803386609 ) ) ;
#1535 = CARTESIAN_POINT ( 'NONE',  ( 8.968018082011644410, 15.06777341069415144, -11.49214903224541295 ) ) ;
#1536 = CARTESIAN_POINT ( 'NONE',  ( 10.63616752293498635, 16.36882392162266697, 8.639558443368636986 ) ) ;
#1537 = CARTESIAN_POINT ( 'NONE',  ( -5.762394658047109708, 4.362682976374243182, -13.86450308711576263 ) ) ;
#1538 = CARTESIAN_POINT ( 'NONE',  ( -1.594098081656290855, 16.26117027160108819, 13.72525533935283271 ) ) ;
#1539 = EDGE_CURVE ( 'NONE', #2355, #5265, #4627, .T. ) ;
#1540 = CARTESIAN_POINT ( 'NONE',  ( -1.812984715944098602, 12.99999999999999822, 14.15555555555555323 ) ) ;
#1541 = DIRECTION ( 'NONE',  ( 0.000000000000000000, 0.000000000000000000, 1.000000000000000000 ) ) ;
#1542 = CARTESIAN_POINT ( 'NONE',  ( -13.09494836643292892, 4.435645410447735415, 5.664278112616139005 ) ) ;
#1543 = DIRECTION ( 'NONE',  ( 0.000000000000000000, -1.000000000000000000, 0.000000000000000000 ) ) ;
#1544 = CARTESIAN_POINT ( 'NONE',  ( 7.351067428966187478, 3.999999999496027581, -13.07636731668982932 ) ) ;
#1545 = CARTESIAN_POINT ( 'NONE',  ( -14.88806037025014994, 3.283103708752143746, 1.834884427857398581 ) ) ;
#1546 = DIRECTION ( 'NONE',  ( -0.000000000000000000, 1.000000000000000000, -0.000000000000000000 ) ) ;
#1547 = CARTESIAN_POINT ( 'NONE',  ( 0.000000000000000000, 16.00000000000000000, 0.000000000000000000 ) ) ;
#1548 = CARTESIAN_POINT ( 'NONE',  ( -11.28608250894451537, 12.99999999999999822, -9.880503104665097069 ) ) ;
#1549 = CARTESIAN_POINT ( 'NONE',  ( 9.862812406383749675, 4.664520003228052936, -11.30163704255986801 ) ) ;
#1550 = CARTESIAN_POINT ( 'NONE',  ( 11.03589809421297474, 16.37135068137267169, -7.050282969972305303 ) ) ;
#1551 = CARTESIAN_POINT ( 'NONE',  ( -9.810016768012097543, 14.08033431901120203, -11.22975563690779488 ) ) ;
#1552 = CARTESIAN_POINT ( 'NONE',  ( -13.96994130788610633, 3.563653805202655622, -5.463925371249476193 ) ) ;
#1553 = DIRECTION ( 'NONE',  ( 0.000000000000000000, -1.000000000000000000, 0.000000000000000000 ) ) ;
#1554 = DIRECTION ( 'NONE',  ( 0.000000000000000000, -1.000000000000000000, 0.000000000000000000 ) ) ;
#1555 = CARTESIAN_POINT ( 'NONE',  ( 8.886143310490512093, 4.082589286013468488, -12.09444966994235671 ) ) ;
#1556 = CARTESIAN_POINT ( 'NONE',  ( 8.139242320506546946, 15.39747241391145316, 11.09329034439894457 ) ) ;
#1557 = CARTESIAN_POINT ( 'NONE',  ( -12.83025702358689379, 16.10833033166802508, -5.459251338031654299 ) ) ;
#1558 = CARTESIAN_POINT ( 'NONE',  ( 9.794073022835393161, 4.343064212564021531, 11.36125930283049712 ) ) ;
#1559 = VERTEX_POINT ( 'NONE', #7346 ) ;
#1560 = CARTESIAN_POINT ( 'NONE',  ( -11.34474476896679285, 13.45670434138532556, 8.636923201680692941 ) ) ;
#1561 = FACE_OUTER_BOUND ( 'NONE', #6949, .T. ) ;
#1562 = VERTEX_POINT ( 'NONE', #3336 ) ;
#1563 = CARTESIAN_POINT ( 'NONE',  ( -8.589351107171808053, 4.627674399260294891, 11.39579415506320714 ) ) ;
#1564 = CARTESIAN_POINT ( 'NONE',  ( 11.35257835685656325, 13.22805048829252073, 8.647868597082196018 ) ) ;
#1565 = ORIENTED_EDGE ( 'NONE', *, *, #1145, .T. ) ;
#1566 = B_SPLINE_CURVE_WITH_KNOTS ( 'NONE', 3,
 ( #316, #1489, #7223, #240, #6149, #2565, #279, #6762, #1993, #2643, #352, #4891, #6654, #1424, #2602, #3250, #4964, #7295, #4927, #2061, #4352, #6689, #5575, #2676 ),
 .UNSPECIFIED., .F., .F.,
 ( 4, 2, 2, 2, 2, 2, 2, 2, 2, 2, 2, 4 ),
 ( 0.003480577214941689770, 0.003838603505478815816, 0.004196629796015941861, 0.004554656086553067473, 0.004912682377090193953, 0.005270708667627320432, 0.005628734958164446044, 0.006344787539238692931, 0.007060840120312942420, 0.007776892701387192776, 0.008492945282461443132, 0.009208997863535692621 ),
 .UNSPECIFIED. ) ;
#1567 = CARTESIAN_POINT ( 'NONE',  ( -2.863648009109673875, 14.13100405513738345, -14.60051445113067103 ) ) ;
#1568 = CARTESIAN_POINT ( 'NONE',  ( 5.543458006220208567, 14.07206457136681088, 13.84185972175149537 ) ) ;
#1569 = DIRECTION ( 'NONE',  ( 0.000000000000000000, 0.000000000000000000, -1.000000000000000000 ) ) ;
#1570 = CARTESIAN_POINT ( 'NONE',  ( -15.00000000000000000, 4.999999999999996447, 0.000000000000000000 ) ) ;
#1571 = EDGE_CURVE ( 'NONE', #579, #1350, #5706, .T. ) ;
#1572 = CARTESIAN_POINT ( 'NONE',  ( 11.83688199408698516, 17.03592563587022823, 5.261059259827288059 ) ) ;
#1573 = CARTESIAN_POINT ( 'NONE',  ( -11.51769045222402532, 3.901549709546960898, 9.609905911854893290 ) ) ;
#1574 = CARTESIAN_POINT ( 'NONE',  ( -1.681148059118219296, 14.74415884604111326, 13.91382181467916901 ) ) ;
#1575 = CARTESIAN_POINT ( 'NONE',  ( 12.54025135939322411, 3.018240399783462813, 8.232333154153865351 ) ) ;
#1576 = CARTESIAN_POINT ( 'NONE',  ( 1.667382759160369821, 14.87853115669785531, -13.88205052617070479 ) ) ;
#1577 = DIRECTION ( 'NONE',  ( 0.000000000000000000, 1.000000000000000000, 0.000000000000000000 ) ) ;
#1578 = CARTESIAN_POINT ( 'NONE',  ( 7.207617098995561022, 3.977039156128785002, -13.15569787205497931 ) ) ;
#1579 = CARTESIAN_POINT ( 'NONE',  ( -14.93923515656374512, 3.102923436545238722, 1.358487128082845219 ) ) ;
#1580 = ORIENTED_EDGE ( 'NONE', *, *, #6542, .F. ) ;
#1581 = ADVANCED_FACE ( 'NONE', ( #5665 ), #1607, .F. ) ;
#1582 = CARTESIAN_POINT ( 'NONE',  ( 11.07188952712022534, 15.49446689349296413, -8.101045359740115970 ) ) ;
#1583 = DIRECTION ( 'NONE',  ( -0.000000000000000000, -1.000000000000000000, 0.000000000000000000 ) ) ;
#1584 = B_SPLINE_CURVE_WITH_KNOTS ( 'NONE', 3,
 ( #7250, #6102, #4842, #1330, #1476, #5566, #6033, #340, #4807, #874, #7137, #3203, #5527, #306 ),
 .UNSPECIFIED., .F., .F.,
 ( 4, 2, 2, 2, 2, 2, 4 ),
 ( 0.000000000000000000, 0.0008701443037354228763, 0.001740288607470845753, 0.002175360759338556757, 0.002610432911206268629, 0.003045505063073980067, 0.003480577214941689770 ),
 .UNSPECIFIED. ) ;
#1585 = CARTESIAN_POINT ( 'NONE',  ( 5.507686957097273073, 4.999999999999997335, 13.16556307376511015 ) ) ;
#1586 = CARTESIAN_POINT ( 'NONE',  ( -11.00231029986399278, 15.18019855795812134, -9.456886472716988123 ) ) ;
#1587 = CARTESIAN_POINT ( 'NONE',  ( -12.51255271458230034, 17.32149913304451161, -0.2837547223450522238 ) ) ;
#1588 = CARTESIAN_POINT ( 'NONE',  ( -14.19980794519442924, 13.28474984484109811, -4.833782609881532188 ) ) ;
#1589 = VECTOR ( 'NONE', #5264, 1000.000000000000000 ) ;
#1590 = CARTESIAN_POINT ( 'NONE',  ( 12.35469225475041988, 16.55014497691212583, -5.575156141383179609 ) ) ;
#1591 = CYLINDRICAL_SURFACE ( 'NONE', #3432, 15.00000000000000000 ) ;
#1592 = CARTESIAN_POINT ( 'NONE',  ( -13.02484736735301318, 4.281826903305239185, -5.799888830031881604 ) ) ;
#1593 = DIRECTION ( 'NONE',  ( -0.000000000000000000, 1.000000000000000000, -0.000000000000000000 ) ) ;
#1594 = CARTESIAN_POINT ( 'NONE',  ( 9.864292588004756723, 4.678312227110531296, -11.30033208034081760 ) ) ;
#1595 = CIRCLE ( 'NONE', #5860, 0.9999999999999991118 ) ;
#1596 = CARTESIAN_POINT ( 'NONE',  ( 0.2681656369885251356, 17.33012701892219098, 12.49999999999999822 ) ) ;
#1597 = CARTESIAN_POINT ( 'NONE',  ( -9.782255092698669330, 14.11976560169259187, 11.21402758742464378 ) ) ;
#1598 = VERTEX_POINT ( 'NONE', #2114 ) ;
#1599 = CIRCLE ( 'NONE', #1728, 1.000000000000000888 ) ;
#1600 = CIRCLE ( 'NONE', #3559, 1.000000000000000000 ) ;
#1601 = CARTESIAN_POINT ( 'NONE',  ( -2.913725436338732599, 4.999999999999996447, -14.71428571428571352 ) ) ;
#1602 = CARTESIAN_POINT ( 'NONE',  ( 12.66327943147096668, 3.929555441587355258, -8.041423320571336575 ) ) ;
#1603 = VERTEX_POINT ( 'NONE', #3562 ) ;
#1604 = CARTESIAN_POINT ( 'NONE',  ( 11.99508917419339404, 3.267587546154537836, 9.007699399683609442 ) ) ;
#1605 = CARTESIAN_POINT ( 'NONE',  ( 11.34486526957669383, 13.45280265710891321, 8.637084506622567659 ) ) ;
#1606 = AXIS2_PLACEMENT_3D ( 'NONE', #1165, #3353, #2854 ) ;
#1607 = TOROIDAL_SURFACE ( 'NONE', #4154, 0.9999999999999986677, 1.000000000000000000 ) ;
#1608 = CARTESIAN_POINT ( 'NONE',  ( 11.01249910494610162, 15.85327801013086990, 7.818971665584288466 ) ) ;
#1609 = ORIENTED_EDGE ( 'NONE', *, *, #5047, .T. ) ;
#1610 = CARTESIAN_POINT ( 'NONE',  ( -11.95390870531400296, 3.997967014936483210, 7.356866230123308092 ) ) ;
#1611 = CARTESIAN_POINT ( 'NONE',  ( 9.880503104665095293, 4.999999999999996447, -11.28608250894451714 ) ) ;
#1612 = DIRECTION ( 'NONE',  ( 0.000000000000000000, 0.000000000000000000, 1.000000000000000000 ) ) ;
#1613 = CARTESIAN_POINT ( 'NONE',  ( -6.193656735266924507, 16.42815922429076636, 11.47296853163098085 ) ) ;
#1614 = CARTESIAN_POINT ( 'NONE',  ( 6.636512582308742303, 16.46355971662115181, -11.18009269105303360 ) ) ;
#1615 = CARTESIAN_POINT ( 'NONE',  ( -11.81042620466282855, 4.808283127649761290, 9.279875181938626483 ) ) ;
#1616 = ORIENTED_EDGE ( 'NONE', *, *, #3215, .T. ) ;
#1617 = CARTESIAN_POINT ( 'NONE',  ( -8.065575361961188960, 4.084581422597010736, -11.70109125622899171 ) ) ;
#1618 = CARTESIAN_POINT ( 'NONE',  ( -1.855344732644891970, 15.71364624161013168, 14.09792160215078205 ) ) ;
#1619 = CARTESIAN_POINT ( 'NONE',  ( -13.16556307376509771, 4.999999999999996447, 5.507686957097282843 ) ) ;
#1620 = EDGE_CURVE ( 'NONE', #1603, #3617, #5994, .T. ) ;
#1621 = DIRECTION ( 'NONE',  ( 0.000000000000000000, 0.000000000000000000, 1.000000000000000000 ) ) ;
#1622 = CARTESIAN_POINT ( 'NONE',  ( 6.447445540418705434, 3.064958436848806311, -13.54470590178327605 ) ) ;
#1623 = CARTESIAN_POINT ( 'NONE',  ( -14.96709569344605839, 3.894580777457632426, 1.014489923333398158 ) ) ;
#1624 = DIRECTION ( 'NONE',  ( 0.000000000000000000, 0.000000000000000000, 1.000000000000000000 ) ) ;
#1625 = CARTESIAN_POINT ( 'NONE',  ( 12.12435565298214257, 3.999999999999996447, 6.999999999999996447 ) ) ;
#1626 = AXIS2_PLACEMENT_3D ( 'NONE', #141, #3123, #717 ) ;
#1627 = CARTESIAN_POINT ( 'NONE',  ( -9.043575942818884883, 14.83976512858121843, -11.55699469484799735 ) ) ;
#1628 = CARTESIAN_POINT ( 'NONE',  ( -13.94185480185941728, 15.78240327593547221, 2.490496741895650956 ) ) ;
#1629 = CARTESIAN_POINT ( 'NONE',  ( 7.788595958332421354, 4.016459677195016731, 11.81208716454688101 ) ) ;
#1630 = CARTESIAN_POINT ( 'NONE',  ( 10.71906454797928276, 17.32506065368720982, -6.448782413678050496 ) ) ;
#1631 = ADVANCED_FACE ( 'NONE', ( #652 ), #2314, .T. ) ;
#1632 = CARTESIAN_POINT ( 'NONE',  ( 0.000000000000000000, -2.000000000000000000, 0.000000000000000000 ) ) ;
#1633 = CARTESIAN_POINT ( 'NONE',  ( -6.465032513632533728, 3.061395714370280796, -13.53628884120409559 ) ) ;
#1634 = CARTESIAN_POINT ( 'NONE',  ( 12.99038105676658184, 4.999999999999996447, 7.499999999999996447 ) ) ;
#1635 = CIRCLE ( 'NONE', #4430, 0.9999999999999991118 ) ;
#1636 = DIRECTION ( 'NONE',  ( 0.000000000000000000, -1.000000000000000000, 0.000000000000000000 ) ) ;
#1637 = CARTESIAN_POINT ( 'NONE',  ( -13.79645725857617222, 3.264955391823475050, -5.888895256747368023 ) ) ;
#1638 = CARTESIAN_POINT ( 'NONE',  ( 8.653126464499022674, 3.105261479425882598, -12.25354108269273112 ) ) ;
#1639 = CARTESIAN_POINT ( 'NONE',  ( 7.811455540038185319, 15.86165400212486531, 11.01124594273812463 ) ) ;
#1640 = AXIS2_PLACEMENT_3D ( 'NONE', #7434, #4538, #6869 ) ;
#1641 = CARTESIAN_POINT ( 'NONE',  ( 9.609905911854891514, 3.901549709546961786, 11.51769045222402887 ) ) ;
#1642 = ADVANCED_FACE ( 'NONE', ( #3346 ), #5675, .F. ) ;
#1643 = CARTESIAN_POINT ( 'NONE',  ( 0.000000000000000000, 16.00000000000000000, 0.000000000000000000 ) ) ;
#1644 = DIRECTION ( 'NONE',  ( 1.000000000000000000, -0.000000000000000000, 1.224646799147353207E-16 ) ) ;
#1645 = CARTESIAN_POINT ( 'NONE',  ( 12.59142773222585809, 3.907900456521265831, -8.153338511455162418 ) ) ;
#1646 = ORIENTED_EDGE ( 'NONE', *, *, #1723, .F. ) ;
#1647 = CARTESIAN_POINT ( 'NONE',  ( -1.548809864450408247, 16.94059604637914518, -12.99180068935324428 ) ) ;
#1648 = AXIS2_PLACEMENT_3D ( 'NONE', #3816, #3133, #2710 ) ;
#1649 = CARTESIAN_POINT ( 'NONE',  ( 11.35186650922025642, 15.50732118243872293, 8.770795430931260128 ) ) ;
#1650 = CARTESIAN_POINT ( 'NONE',  ( 12.27054190957482049, 15.86165400212486887, 5.630290943710456908 ) ) ;
#1651 = ORIENTED_EDGE ( 'NONE', *, *, #48, .F. ) ;
#1652 = AXIS2_PLACEMENT_3D ( 'NONE', #7263, #1493, #4322 ) ;
#1653 = CARTESIAN_POINT ( 'NONE',  ( 5.569059885503155449, 13.54305173103447935, 13.92572375912754801 ) ) ;
#1654 = CARTESIAN_POINT ( 'NONE',  ( -14.01110420562659264, 15.65594707400754260, -2.534375059966385457 ) ) ;
#1655 = CARTESIAN_POINT ( 'NONE',  ( -7.372130411949083140, 16.21554403901578922, 10.99267098056681746 ) ) ;
#1656 = CARTESIAN_POINT ( 'NONE',  ( 5.443409875966543687, 15.52528394056054850, -13.26709057966499117 ) ) ;
#1657 = CARTESIAN_POINT ( 'NONE',  ( 12.78423900337654828, 16.38381850098475923, 4.894839191884799767 ) ) ;
#1658 = EDGE_LOOP ( 'NONE', ( #3275, #2103, #7251, #4249 ) ) ;
#1659 = DIRECTION ( 'NONE',  ( 0.000000000000000000, 0.000000000000000000, 1.000000000000000000 ) ) ;
#1660 = CARTESIAN_POINT ( 'NONE',  ( -1.714881499996795844, 14.54162390953169393, 13.96948270314910623 ) ) ;
#1661 = CARTESIAN_POINT ( 'NONE',  ( 12.34941143199877622, 3.067136549718231464, 8.515940969790857906 ) ) ;
#1662 = CARTESIAN_POINT ( 'NONE',  ( 6.436933537001376493, 3.067136549718196381, 13.54972693296700648 ) ) ;
#1663 = CYLINDRICAL_SURFACE ( 'NONE', #6852, 1.999999999999999112 ) ;
#1664 = CARTESIAN_POINT ( 'NONE',  ( 8.647868598458281042, 3.999999999999996447, -11.35257835782100422 ) ) ;
#1665 = CYLINDRICAL_SURFACE ( 'NONE', #5170, 1.999999999999998224 ) ;
#1666 = CARTESIAN_POINT ( 'NONE',  ( 6.293133214648035434, 3.102923436545239166, -13.61700072273518813 ) ) ;
#1667 = CARTESIAN_POINT ( 'NONE',  ( -14.83028674763172106, 3.563653805202690705, 2.253072478058652184 ) ) ;
#1668 = ORIENTED_EDGE ( 'NONE', *, *, #1964, .F. ) ;
#1669 = CARTESIAN_POINT ( 'NONE',  ( -2.285018555537346341, 16.18616108215217864, 13.67267419726172761 ) ) ;
#1670 = CARTESIAN_POINT ( 'NONE',  ( -11.27108736315310011, 13.56600332138710563, -9.860891073398210693 ) ) ;
#1671 = CARTESIAN_POINT ( 'NONE',  ( -14.63026204385968398, 14.08033431901119492, 2.880845914195889090 ) ) ;
#1672 = CARTESIAN_POINT ( 'NONE',  ( 8.416033321394683853, 4.308045407682641326, 11.51545534623322631 ) ) ;
#1673 = CARTESIAN_POINT ( 'NONE',  ( 11.44584384047143111, 17.20258509324230189, -5.526471498498666257 ) ) ;
#1674 = CARTESIAN_POINT ( 'NONE',  ( -9.589098051731449246, 14.84133297373236360, -11.08407227511349724 ) ) ;
#1675 = CARTESIAN_POINT ( 'NONE',  ( 14.71891098639996009, 4.664520003228055600, 2.890627575408725392 ) ) ;
#1676 = CARTESIAN_POINT ( 'NONE',  ( -9.880503104665089964, 4.999999999999996447, 11.28608250894452247 ) ) ;
#1677 = LINE ( 'NONE', #2707, #3827 ) ;
#1678 = CARTESIAN_POINT ( 'NONE',  ( 8.325798638595696133, 4.231589228635405320, -11.56786092247236475 ) ) ;
#1679 = CARTESIAN_POINT ( 'NONE',  ( 2.711160961634141664, 15.08610013976258557, 14.29700363019832565 ) ) ;
#1680 = EDGE_CURVE ( 'NONE', #1036, #2460, #2813, .T. ) ;
#1681 = CARTESIAN_POINT ( 'NONE',  ( -9.045844200877551700, 14.83240756451466602, 11.55897117105542371 ) ) ;
#1682 = CARTESIAN_POINT ( 'NONE',  ( -14.89190164535298599, 3.267587546154537836, -1.803351922683151143 ) ) ;
#1683 = CARTESIAN_POINT ( 'NONE',  ( 12.06895565422460415, 3.212026121888199803, -8.908790252140688537 ) ) ;
#1684 = EDGE_LOOP ( 'NONE', ( #1760, #4929, #4843, #2135 ) ) ;
#1685 = CARTESIAN_POINT ( 'NONE',  ( 0.9757255049070028274, 16.80948711538515994, -13.24191606716858871 ) ) ;
#1686 = CARTESIAN_POINT ( 'NONE',  ( 11.09379147799363707, 15.39308095162513901, 8.136905738161152257 ) ) ;
#1687 = EDGE_CURVE ( 'NONE', #5393, #5191, #628, .T. ) ;
#1688 = CARTESIAN_POINT ( 'NONE',  ( -11.33012486150266440, 13.76796568068119697, 8.617861318219423694 ) ) ;
#1689 = ORIENTED_EDGE ( 'NONE', *, *, #7233, .T. ) ;
#1690 = CARTESIAN_POINT ( 'NONE',  ( -9.235493961053720113, 3.435280335374283123, -11.82061637682236110 ) ) ;
#1691 = CARTESIAN_POINT ( 'NONE',  ( -14.09792160215078205, 15.71364624161003576, -1.855344732644808259 ) ) ;
#1692 = CARTESIAN_POINT ( 'NONE',  ( 7.102578354964915519, 16.94927187726854712, -11.02484037110818704 ) ) ;
#1693 = EDGE_CURVE ( 'NONE', #4282, #2518, #6453, .T. ) ;
#1694 = CARTESIAN_POINT ( 'NONE',  ( -11.88899367506460436, 4.003770645890964985, 7.544436850728335919 ) ) ;
#1695 = VERTEX_POINT ( 'NONE', #5904 ) ;
#1696 = CARTESIAN_POINT ( 'NONE',  ( -11.46128721331313827, 17.01496715519875380, -6.206221012455076291 ) ) ;
#1697 = CARTESIAN_POINT ( 'NONE',  ( -11.73758042002848967, 3.535834181800181497, 9.340433554844135955 ) ) ;
#1698 = CARTESIAN_POINT ( 'NONE',  ( -4.511530435645910941, -2.000000000000000000, -13.25315408226436276 ) ) ;
#1699 = CARTESIAN_POINT ( 'NONE',  ( -13.79844109687653209, 3.267587546154536060, 5.884202245669387210 ) ) ;
#1700 = CARTESIAN_POINT ( 'NONE',  ( 2.809485625965515876, 4.366773803862665559, 14.73460497154721871 ) ) ;
#1701 = CARTESIAN_POINT ( 'NONE',  ( -14.73460497154721516, 4.366773803862665559, 2.809485625965554512 ) ) ;
#1702 = ORIENTED_EDGE ( 'NONE', *, *, #2604, .T. ) ;
#1703 = CARTESIAN_POINT ( 'NONE',  ( 14.17732806933128487, 4.141551853311593590, -1.277022840705136275 ) ) ;
#1704 = CARTESIAN_POINT ( 'NONE',  ( 7.500000000000007105, 3.999999999999996447, 12.99038105676657651 ) ) ;
#1705 = CARTESIAN_POINT ( 'NONE',  ( -11.11026002088128806, 15.30520404997198369, -8.183535350661973240 ) ) ;
#1706 = CARTESIAN_POINT ( 'NONE',  ( 14.43110154413296087, 15.08037049037431743, -2.018442527704920941 ) ) ;
#1707 = CARTESIAN_POINT ( 'NONE',  ( 8.192392859317221721, 4.141498235221471980, 11.64044939195025385 ) ) ;
#1708 = CARTESIAN_POINT ( 'NONE',  ( -8.232333154153826271, 3.018240399783497452, 12.54025135939325253 ) ) ;
#1709 = DIRECTION ( 'NONE',  ( 0.000000000000000000, 0.000000000000000000, -1.000000000000000000 ) ) ;
#1710 = CARTESIAN_POINT ( 'NONE',  ( 12.73763331707832691, 4.039179813541598385, -6.230735127215714542 ) ) ;
#1711 = CARTESIAN_POINT ( 'NONE',  ( -14.04424022089999724, 3.768420980672147369, -5.270086311128986623 ) ) ;
#1712 = CARTESIAN_POINT ( 'NONE',  ( 12.98836474378054895, 16.18082439328295763, -4.856629834033906690 ) ) ;
#1713 = CARTESIAN_POINT ( 'NONE',  ( 6.115906738247129937, 16.40289631554419358, 11.54385135386283956 ) ) ;
#1714 = CYLINDRICAL_SURFACE ( 'NONE', #2323, 3.125000000000000000 ) ;
#1715 = EDGE_CURVE ( 'NONE', #3477, #3282, #12, .T. ) ;
#1716 = VECTOR ( 'NONE', #4610, 1000.000000000000000 ) ;
#1717 = CARTESIAN_POINT ( 'NONE',  ( -14.05447266715966315, 3.802689510443622023, 5.242662448382164442 ) ) ;
#1718 = ORIENTED_EDGE ( 'NONE', *, *, #2336, .T. ) ;
#1719 = CARTESIAN_POINT ( 'NONE',  ( 1.564080919115663049, 16.93077057452710221, -13.00255038942356123 ) ) ;
#1720 = CARTESIAN_POINT ( 'NONE',  ( 2.913725436338736152, 4.999999999999996447, 14.71428571428571352 ) ) ;
#1721 = AXIS2_PLACEMENT_3D ( 'NONE', #3201, #2049, #6747 ) ;
#1722 = ORIENTED_EDGE ( 'NONE', *, *, #139, .T. ) ;
#1723 = EDGE_CURVE ( 'NONE', #5265, #4547, #7077, .T. ) ;
#1724 = CARTESIAN_POINT ( 'NONE',  ( -0.7715209681250017049, 3.907067251463591351, 14.98086260372994793 ) ) ;
#1725 = CARTESIAN_POINT ( 'NONE',  ( 4.833782610225958898, 13.28506311036481335, 14.19980794507718080 ) ) ;
#1726 = CARTESIAN_POINT ( 'NONE',  ( -13.43532076978722323, 16.48407345658079137, -2.074109250945480376 ) ) ;
#1727 = CARTESIAN_POINT ( 'NONE',  ( 5.580368343960534716, 16.56095533821401133, -12.34061117205230040 ) ) ;
#1728 = AXIS2_PLACEMENT_3D ( 'NONE', #4447, #3299, #2731 ) ;
#1729 = CIRCLE ( 'NONE', #4772, 3.575000000000000178 ) ;
#1730 = CARTESIAN_POINT ( 'NONE',  ( -12.06895565422461836, 3.212026121888233998, 8.908790252140668997 ) ) ;
#1731 = ORIENTED_EDGE ( 'NONE', *, *, #4813, .F. ) ;
#1732 = CARTESIAN_POINT ( 'NONE',  ( 14.71428571428571708, 12.99999999999999822, 2.913725436338731267 ) ) ;
#1733 = VERTEX_POINT ( 'NONE', #1776 ) ;
#1734 = DIRECTION ( 'NONE',  ( 0.000000000000000000, 0.000000000000000000, -1.000000000000000000 ) ) ;
#1735 = CARTESIAN_POINT ( 'NONE',  ( 1.604255563316719924, 4.399910688984964402, 14.17502145141662773 ) ) ;
#1736 =( BOUNDED_SURFACE ( )  B_SPLINE_SURFACE ( 3, 2, ( 
 ( #198, #6005, #239 ),
 ( #3756, #3613, #2564 ),
 ( #4890, #2496, #847 ),
 ( #5929, #7071, #3176 ),
 ( #161, #3026, #7113 ),
 ( #5391, #3108, #2414 ),
 ( #4736, #698, #5348 ),
 ( #7149, #4246, #6580 ),
 ( #3680, #4468, #3940 ),
 ( #4809, #1257, #1375 ),
 ( #726, #4768, #1332 ),
 ( #6035, #802, #4236 ),
 ( #5301, #72, #1828 ),
 ( #5992, #228, #5380 ),
 ( #4164, #7139, #4271 ),
 ( #4307, #2552, #7213 ),
 ( #1905, #2445, #7101 ),
 ( #764, #1984, #5920 ),
 ( #1213, #1869, #689 ),
 ( #3018, #6533, #5338 ),
 ( #110, #1299, #5955 ),
 ( #3001, #1739, #4186 ),
 ( #3497, #1851, #5207 ),
 ( #4143, #16, #7009 ),
 ( #4070, #3580, #6395 ),
 ( #5358, #6431, #5282 ),
 ( #56, #2958, #5825 ),
 ( #1777, #4642, #4105 ),
 ( #7080, #1122, #7536 ),
 ( #2310, #4746, #1156 ),
 ( #6473, #1281, #6972 ),
 ( #5793, #6514, #4032 ),
 ( #2353, #6938, #551 ),
 ( #586, #1706, #1193 ),
 ( #2915, #3460, #3624 ),
 ( #5242, #2469, #6357 ),
 ( #2881, #2391, #4712 ),
 ( #4678, #3533, #5858 ),
 ( #7047, #5940, #631 ),
 ( #1812, #1240, #5905 ) ),
 .UNSPECIFIED., .F., .F., .T. ) 
 B_SPLINE_SURFACE_WITH_KNOTS ( ( 4, 2, 2, 2, 2, 2, 2, 2, 2, 2, 2, 2, 2, 2, 2, 2, 2, 2, 2, 4 ),
 ( 3, 3 ),
 ( 0.000000000000000000, 0.0006748142658293167099, 0.001349628531658633420, 0.002024442797487950238, 0.002361849930402608322, 0.002699257063317266839, 0.003374071329146583441, 0.004048885594975900476, 0.004386292727890558560, 0.004723699860805216644, 0.005398514126634533679, 0.005735921259549192630, 0.006073328392463850714, 0.006748142658293166882, 0.007422956924122483917, 0.008097771189951800952, 0.008772585455781117120, 0.009447399721610433287, 0.01012221398743974946, 0.01079702825326906736 ),
 ( 0.000000000000000000, 1.000000000000000000 ),
 .UNSPECIFIED. ) 
 GEOMETRIC_REPRESENTATION_ITEM ( )  RATIONAL_B_SPLINE_SURFACE ( (
 ( 1.000000000000000000, 0.7867957924694435334, 1.000000000000000000),
 ( 1.000000000000000000, 0.7867893510871359908, 1.000000000000000000),
 ( 1.000000000000000000, 0.7886154144827079993, 1.000000000000000000),
 ( 1.000000000000000000, 0.7953661699509777527, 1.000000000000000000),
 ( 1.000000000000000000, 0.8003370620003212865, 1.000000000000000000),
 ( 1.000000000000000000, 0.8122778712297694659, 1.000000000000000000),
 ( 1.000000000000000000, 0.8191018390051166831, 1.000000000000000000),
 ( 1.000000000000000000, 0.8294273880737569327, 1.000000000000000000),
 ( 1.000000000000000000, 0.8328837475270071122, 1.000000000000000000),
 ( 1.000000000000000000, 0.8396202395222879256, 1.000000000000000000),
 ( 1.000000000000000000, 0.8429190808683635350, 1.000000000000000000),
 ( 1.000000000000000000, 0.8520089025836260488, 1.000000000000000000),
 ( 1.000000000000000000, 0.8570195765218185935, 1.000000000000000000),
 ( 1.000000000000000000, 0.8641253354133106024, 1.000000000000000000),
 ( 1.000000000000000000, 0.8660656719303811979, 1.000000000000000000),
 ( 1.000000000000000000, 0.8672705396855486804, 1.000000000000000000),
 ( 1.000000000000000000, 0.8674005837561686860, 1.000000000000000000),
 ( 1.000000000000000000, 0.8673400669030268961, 1.000000000000000000),
 ( 1.000000000000000000, 0.8671565711264516141, 1.000000000000000000),
 ( 1.000000000000000000, 0.8665197314968650089, 1.000000000000000000),
 ( 1.000000000000000000, 0.8660366921799463880, 1.000000000000000000),
 ( 1.000000000000000000, 0.8660201165652648969, 1.000000000000000000),
 ( 1.000000000000000000, 0.8661157520136737453, 1.000000000000000000),
 ( 1.000000000000000000, 0.8664506541182066535, 1.000000000000000000),
 ( 1.000000000000000000, 0.8666907191152162238, 1.000000000000000000),
 ( 1.000000000000000000, 0.8673394484498965218, 1.000000000000000000),
 ( 1.000000000000000000, 0.8676850451489785954, 1.000000000000000000),
 ( 1.000000000000000000, 0.8661932981187325797, 1.000000000000000000),
 ( 1.000000000000000000, 0.8643369046394678845, 1.000000000000000000),
 ( 1.000000000000000000, 0.8574128041483407570, 1.000000000000000000),
 ( 1.000000000000000000, 0.8524249261066544348, 1.000000000000000000),
 ( 1.000000000000000000, 0.8404064465174886367, 1.000000000000000000),
 ( 1.000000000000000000, 0.8333831374745065412, 1.000000000000000000),
 ( 1.000000000000000000, 0.8194743686560900242, 1.000000000000000000),
 ( 1.000000000000000000, 0.8124799750443226776, 1.000000000000000000),
 ( 1.000000000000000000, 0.8005275974376427905, 1.000000000000000000),
 ( 1.000000000000000000, 0.7955347744211701544, 1.000000000000000000),
 ( 1.000000000000000000, 0.7886441666173679144, 1.000000000000000000),
 ( 1.000000000000000000, 0.7867760218660133642, 1.000000000000000000),
 ( 1.000000000000000000, 0.7867957924694429783, 1.000000000000000000) ) ) 
 REPRESENTATION_ITEM ( '' )  SURFACE ( )  );
#1737 = EDGE_LOOP ( 'NONE', ( #1609, #391, #7029, #6737 ) ) ;
#1738 = CARTESIAN_POINT ( 'NONE',  ( 14.95378216794268411, 3.064958436848772116, -1.188701323372324703 ) ) ;
#1739 = CARTESIAN_POINT ( 'NONE',  ( 12.99966784511673801, 17.04175505156339199, -0.08328569925099776894 ) ) ;
#1740 = CARTESIAN_POINT ( 'NONE',  ( -9.751908996472932856, 4.214198939172965730, -11.39767491544382061 ) ) ;
#1741 = VERTEX_POINT ( 'NONE', #5939 ) ;
#1742 = CARTESIAN_POINT ( 'NONE',  ( -8.518142425156462139, 4.467215551782242500, 11.44573990506615857 ) ) ;
#1743 = CARTESIAN_POINT ( 'NONE',  ( 14.77954536690816667, 3.901733890749973011, 2.563689962508006293 ) ) ;
#1744 = DIRECTION ( 'NONE',  ( 8.673617379884035472E-16, 0.000000000000000000, 1.000000000000000000 ) ) ;
#1745 = CARTESIAN_POINT ( 'NONE',  ( 12.94059036551851882, 4.159838408845740076, -5.946203543123019131 ) ) ;
#1746 = DIRECTION ( 'NONE',  ( -0.000000000000000000, -1.000000000000000000, -0.000000000000000000 ) ) ;
#1747 = CARTESIAN_POINT ( 'NONE',  ( -12.99038105676646815, 14.39804924711241085, -5.499999999999999112 ) ) ;
#1748 = CARTESIAN_POINT ( 'NONE',  ( -7.499999999999989342, 4.999999999999996447, 12.99038105676658539 ) ) ;
#1749 = CARTESIAN_POINT ( 'NONE',  ( -4.511530435645910053, 12.99999999999999822, -13.25315408226436276 ) ) ;
#1750 = CARTESIAN_POINT ( 'NONE',  ( -5.942368006641281397, 16.93155670826558179, 11.71651201125948383 ) ) ;
#1751 = VECTOR ( 'NONE', #3219, 1000.000000000000000 ) ;
#1752 = CARTESIAN_POINT ( 'NONE',  ( -0.8881167264763438762, 16.21554403901579278, 13.20599753058940173 ) ) ;
#1753 = CARTESIAN_POINT ( 'NONE',  ( -9.812706173326965597, 14.06732362297316641, 11.23168994277516219 ) ) ;
#1754 = CARTESIAN_POINT ( 'NONE',  ( -13.15716949199248731, 3.976587152145359738, 7.204953213197154760 ) ) ;
#1755 = ORIENTED_EDGE ( 'NONE', *, *, #2277, .T. ) ;
#1756 = CARTESIAN_POINT ( 'NONE',  ( -0.4470572173698861285, 16.99830047610607764, -13.04694750077408827 ) ) ;
#1757 = CARTESIAN_POINT ( 'NONE',  ( 14.07624042755576887, 14.13100405513721824, 4.820265302179833178 ) ) ;
#1758 = VECTOR ( 'NONE', #5832, 1000.000000000000000 ) ;
#1759 = CARTESIAN_POINT ( 'NONE',  ( 1.281174245991139271, 4.143710939356596512, -14.17750584964102778 ) ) ;
#1760 = ORIENTED_EDGE ( 'NONE', *, *, #3309, .T. ) ;
#1761 = CARTESIAN_POINT ( 'NONE',  ( 11.28608250465942042, 4.837520475530930675, 9.880503109559795050 ) ) ;
#1762 = AXIS2_PLACEMENT_3D ( 'NONE', #948, #839, #7320 ) ;
#1763 = CARTESIAN_POINT ( 'NONE',  ( 6.626750215992036175, 16.46004852382972672, 11.18950882892422172 ) ) ;
#1764 = CARTESIAN_POINT ( 'NONE',  ( -13.71353509606482923, 15.30520404997188777, -1.532019496000634806 ) ) ;
#1765 = CARTESIAN_POINT ( 'NONE',  ( 0.000000000000000000, -2.000000000000000000, 14.19999999999999396 ) ) ;
#1766 = ORIENTED_EDGE ( 'NONE', *, *, #3037, .T. ) ;
#1767 = ADVANCED_FACE ( 'NONE', ( #1888 ), #745, .T. ) ;
#1768 = VECTOR ( 'NONE', #777, 1000.000000000000000 ) ;
#1769 = CARTESIAN_POINT ( 'NONE',  ( -10.70324058552220947, 17.32944964589892578, -6.463398884759413932 ) ) ;
#1770 = ORIENTED_EDGE ( 'NONE', *, *, #881, .T. ) ;
#1771 = CARTESIAN_POINT ( 'NONE',  ( 6.001014539628513944, 4.130604814885190379, 12.90517125131061604 ) ) ;
#1772 = CARTESIAN_POINT ( 'NONE',  ( 1.646105641417506149, 4.080934495940446993, 14.91739096781691210 ) ) ;
#1773 = EDGE_LOOP ( 'NONE', ( #6422, #2864, #4916, #2325, #109 ) ) ;
#1774 = CARTESIAN_POINT ( 'NONE',  ( 14.86666666717658103, 4.903130381076452160, -2.144203072832748802 ) ) ;
#1775 = EDGE_CURVE ( 'NONE', #579, #7195, #4760, .T. ) ;
#1776 = CARTESIAN_POINT ( 'NONE',  ( 0.000000000000000000, 7.000000000000000000, -3.125000000000000000 ) ) ;
#1777 = CARTESIAN_POINT ( 'NONE',  ( 13.25303878197573404, 16.15247683347033103, -0.9840916999341374760 ) ) ;
#1778 = B_SPLINE_CURVE_WITH_KNOTS ( 'NONE', 3,
 ( #328, #2654, #1542, #5707, #2072, #3802, #5017, #1619 ),
 .UNSPECIFIED., .F., .F.,
 ( 4, 2, 2, 4 ),
 ( 0.001476356384911032150, 0.001923908594471741796, 0.002147684699252096728, 0.002371460804032452310 ),
 .UNSPECIFIED. ) ;
#1779 = CARTESIAN_POINT ( 'NONE',  ( -9.279875181938619377, 4.808283127649833233, -11.81042620466297954 ) ) ;
#1780 = VERTEX_POINT ( 'NONE', #4185 ) ;
#1781 = CARTESIAN_POINT ( 'NONE',  ( -7.140140322219274083, 3.999999999999996447, 12.04344560076588344 ) ) ;
#1782 = CARTESIAN_POINT ( 'NONE',  ( 14.98871011896563665, 2.994094911299065132, 0.6705318403673756755 ) ) ;
#1783 = DIRECTION ( 'NONE',  ( -0.000000000000000000, -1.000000000000000000, -0.000000000000000000 ) ) ;
#1784 = DIRECTION ( 'NONE',  ( 0.000000000000000000, 0.000000000000000000, 1.000000000000000000 ) ) ;
#1785 = CARTESIAN_POINT ( 'NONE',  ( 8.476836797703212412, 4.399910688985015028, 11.47380089445781159 ) ) ;
#1786 = DIRECTION ( 'NONE',  ( -0.000000000000000000, -1.000000000000000000, 0.000000000000000000 ) ) ;
#1787 = EDGE_CURVE ( 'NONE', #5896, #1562, #1239, .T. ) ;
#1788 = CARTESIAN_POINT ( 'NONE',  ( -4.810718918164654134, 15.65594707400751950, -13.40115970712684401 ) ) ;
#1789 = CARTESIAN_POINT ( 'NONE',  ( -7.987865666622750105, 15.64112245143654434, 11.04801371515091191 ) ) ;
#1790 = CARTESIAN_POINT ( 'NONE',  ( 0.000000000000000000, 12.99999999999999822, 0.000000000000000000 ) ) ;
#1791 = CARTESIAN_POINT ( 'NONE',  ( -13.47281781817678592, 3.894656027646193230, 6.597550462147800054 ) ) ;
#1792 = EDGE_LOOP ( 'NONE', ( #2174, #7256, #3144, #3675 ) ) ;
#1793 = CARTESIAN_POINT ( 'NONE',  ( -0.7120143532422089638, 16.93155670826518389, -13.11798104881681049 ) ) ;
#1794 = CARTESIAN_POINT ( 'NONE',  ( 12.08814663274766588, 16.05090863755743413, 5.710557204451988333 ) ) ;
#1795 = CARTESIAN_POINT ( 'NONE',  ( -12.85671015808044615, 14.87622484628147568, 5.497020985391332992 ) ) ;
#1796 = EDGE_LOOP ( 'NONE', ( #2345, #3252, #6644, #2624 ) ) ;
#1797 = CARTESIAN_POINT ( 'NONE',  ( 5.582811601712419858, 3.463178456121530857, 13.92309978547878657 ) ) ;
#1798 = CARTESIAN_POINT ( 'NONE',  ( -0.6377227951500166192, 3.928673933947246066, 14.98722279060173079 ) ) ;
#1799 = CARTESIAN_POINT ( 'NONE',  ( 5.529999745402866651, 15.30520404997188777, 12.64227951688175189 ) ) ;
#1800 = CARTESIAN_POINT ( 'NONE',  ( -14.43650204700713857, 15.06777341069431664, -2.020456964497975960 ) ) ;
#1801 = LINE ( 'NONE', #6461, #7205 ) ;
#1802 = CARTESIAN_POINT ( 'NONE',  ( 13.81088070764170261, 3.283103708752178385, 5.854973657592040581 ) ) ;
#1803 = CARTESIAN_POINT ( 'NONE',  ( -0.09496930016165068544, 16.46410161513774995, -13.00000000000000000 ) ) ;
#1804 = ORIENTED_EDGE ( 'NONE', *, *, #1271, .F. ) ;
#1805 = ORIENTED_EDGE ( 'NONE', *, *, #6574, .F. ) ;
#1806 = CARTESIAN_POINT ( 'NONE',  ( 14.15749232157818049, 4.802888772988996635, 1.797714605233731833 ) ) ;
#1807 = CARTESIAN_POINT ( 'NONE',  ( 1.812984715944103931, 4.999999999999996447, 14.15555555555555323 ) ) ;
#1808 = CARTESIAN_POINT ( 'NONE',  ( -5.682092722424947340, 15.99964016520267407, 12.14266425714150266 ) ) ;
#1809 = ADVANCED_FACE ( 'NONE', ( #3531 ), #1952, .T. ) ;
#1810 = CARTESIAN_POINT ( 'NONE',  ( -0.2706243894559373642, 17.32253131846997718, 12.51106549706211624 ) ) ;
#1811 = CARTESIAN_POINT ( 'NONE',  ( -10.98546540568762708, 16.14461645573650017, -7.489813340991409163 ) ) ;
#1812 = CARTESIAN_POINT ( 'NONE',  ( 14.15555555555555500, 12.99999999999999645, -1.812984715944102598 ) ) ;
#1813 = CARTESIAN_POINT ( 'NONE',  ( -8.324284977839871758, 4.230181196864224447, -11.56877396729916008 ) ) ;
#1814 = EDGE_LOOP ( 'NONE', ( #6125, #4463, #2409, #7334 ) ) ;
#1815 = CARTESIAN_POINT ( 'NONE',  ( 7.159088051053373647, 3.999999999999996447, -12.03250612388162288 ) ) ;
#1816 = DIRECTION ( 'NONE',  ( 0.000000000000000000, 0.000000000000000000, 1.000000000000000000 ) ) ;
#1817 = CARTESIAN_POINT ( 'NONE',  ( -5.787072153133922647, 4.293044502197795431, -13.03243311105064528 ) ) ;
#1818 = EDGE_CURVE ( 'NONE', #7174, #4748, #5510, .T. ) ;
#1819 = CARTESIAN_POINT ( 'NONE',  ( -5.270086311128978629, 3.768420980672145593, 14.04424022090000612 ) ) ;
#1820 = DIRECTION ( 'NONE',  ( 0.000000000000000000, 1.000000000000000000, 0.000000000000000000 ) ) ;
#1821 = CARTESIAN_POINT ( 'NONE',  ( 5.507686957097278402, 12.99999999999999822, 13.16556307376509949 ) ) ;
#1822 = DIRECTION ( 'NONE',  ( 0.000000000000000000, 0.000000000000000000, 1.000000000000000000 ) ) ;
#1823 = CARTESIAN_POINT ( 'NONE',  ( -6.255258330859218674, 16.44188171060341119, 11.42311460099446840 ) ) ;
#1824 = CARTESIAN_POINT ( 'NONE',  ( 1.724439468475803539, 14.51664821311963927, 13.98394238340223517 ) ) ;
#1825 = CARTESIAN_POINT ( 'NONE',  ( 14.16541458282960875, 4.368024099194741439, -4.933842628652007178 ) ) ;
#1826 = EDGE_CURVE ( 'NONE', #2598, #2418, #3038, .T. ) ;
#1827 = CARTESIAN_POINT ( 'NONE',  ( -1.098585707554079915, 16.05090863755782848, -13.32392067085673304 ) ) ;
#1828 = CARTESIAN_POINT ( 'NONE',  ( 13.43532076978702783, 16.48407345658101519, 2.074109250945158855 ) ) ;
#1829 = CARTESIAN_POINT ( 'NONE',  ( 13.12889313924335610, 15.73442561444141674, 5.438324546047281771 ) ) ;
#1830 = CARTESIAN_POINT ( 'NONE',  ( 1.490888660588258974, 4.282960109847523178, -14.17976097921990153 ) ) ;
#1831 = ORIENTED_EDGE ( 'NONE', *, *, #2434, .T. ) ;
#1832 = VECTOR ( 'NONE', #850, 1000.000000000000000 ) ;
#1833 = CARTESIAN_POINT ( 'NONE',  ( 7.204953213197075712, 3.976587152145355297, 13.15716949199235053 ) ) ;
#1834 = CARTESIAN_POINT ( 'NONE',  ( -11.12876992225553785, 16.44188171060341119, 6.765078269372597930 ) ) ;
#1835 = CARTESIAN_POINT ( 'NONE',  ( 4.810718918164613278, 15.65594707400752483, 13.40115970712685289 ) ) ;
#1836 = CARTESIAN_POINT ( 'NONE',  ( -14.86666666666666536, 12.99999999999999645, 2.144203077510812072 ) ) ;
#1837 = CARTESIAN_POINT ( 'NONE',  ( 14.05362768558294384, 3.799821379378554020, 5.244929883552583938 ) ) ;
#1838 = CARTESIAN_POINT ( 'NONE',  ( 5.787212894204185609, 4.292873783416801814, -13.03236350314076653 ) ) ;
#1839 = CIRCLE ( 'NONE', #2080, 2.000000000000000000 ) ;
#1840 = ORIENTED_EDGE ( 'NONE', *, *, #1259, .F. ) ;
#1841 = ORIENTED_EDGE ( 'NONE', *, *, #2144, .T. ) ;
#1842 = AXIS2_PLACEMENT_3D ( 'NONE', #406, #2165, #3853 ) ;
#1843 = CARTESIAN_POINT ( 'NONE',  ( 6.827007016428493280, 3.999999999999997335, 12.22423319861507274 ) ) ;
#1844 = AXIS2_PLACEMENT_3D ( 'NONE', #7014, #1856, #4191 ) ;
#1845 = CARTESIAN_POINT ( 'NONE',  ( -13.14819037277036884, 4.705527284777470065, -5.547812953076405762 ) ) ;
#1846 = CARTESIAN_POINT ( 'NONE',  ( 11.21259241844628640, 14.13100405513737812, -9.780249148950874272 ) ) ;
#1847 = ORIENTED_EDGE ( 'NONE', *, *, #4976, .T. ) ;
#1848 = CARTESIAN_POINT ( 'NONE',  ( 14.83028674763171395, 3.563653805202690705, -2.253072478058687267 ) ) ;
#1849 = DIRECTION ( 'NONE',  ( 0.000000000000000000, 1.000000000000000000, 0.000000000000000000 ) ) ;
#1850 = AXIS2_PLACEMENT_3D ( 'NONE', #4762, #7097, #1295 ) ;
#1851 = CARTESIAN_POINT ( 'NONE',  ( 13.00533352537149767, 17.03660441533995851, -0.1741974690278758897 ) ) ;
#1852 = CARTESIAN_POINT ( 'NONE',  ( -8.506336627523904070, 3.064958436848806311, -12.35600457841097466 ) ) ;
#1853 = ADVANCED_FACE ( 'NONE', ( #1926 ), #3341, .T. ) ;
#1854 = ORIENTED_EDGE ( 'NONE', *, *, #6159, .F. ) ;
#1855 = CARTESIAN_POINT ( 'NONE',  ( -8.381027943893494481, 4.282960109847537389, 11.53458889730157999 ) ) ;
#1856 = DIRECTION ( 'NONE',  ( -0.000000000000000000, -1.000000000000000000, -0.000000000000000000 ) ) ;
#1857 = CARTESIAN_POINT ( 'NONE',  ( -14.15321486287383124, 4.052630740461602876, -1.024369362932550320 ) ) ;
#1858 = CARTESIAN_POINT ( 'NONE',  ( -12.99038105676657118, 4.999999999999996447, 7.500000000000009770 ) ) ;
#1859 = CARTESIAN_POINT ( 'NONE',  ( -0.1618201052444634136, 3.999999999999996447, 14.00000000046878768 ) ) ;
#1860 = CARTESIAN_POINT ( 'NONE',  ( 10.49085129647212256, 16.86133510028686544, -7.984392384310433854 ) ) ;
#1861 = DIRECTION ( 'NONE',  ( 0.000000000000000000, 0.000000000000000000, -1.000000000000000000 ) ) ;
#1862 = CARTESIAN_POINT ( 'NONE',  ( -5.450053466029335603, 15.40047773549977350, -13.33486268487524207 ) ) ;
#1863 = ADVANCED_FACE ( 'NONE', ( #506 ), #2838, .T. ) ;
#1864 = CARTESIAN_POINT ( 'NONE',  ( -6.351807329232643795, 17.03660441534015035, 11.35004795217519913 ) ) ;
#1865 = CARTESIAN_POINT ( 'NONE',  ( 1.812984715944103709, 13.38415849608138686, 14.15555555555555678 ) ) ;
#1866 = CARTESIAN_POINT ( 'NONE',  ( 12.56464002369162181, 4.009120202429356183, -6.430557091760039867 ) ) ;
#1867 = CARTESIAN_POINT ( 'NONE',  ( -12.99038105676657118, 2.999999999999996447, 7.500000000000008882 ) ) ;
#1868 = ORIENTED_EDGE ( 'NONE', *, *, #4631, .T. ) ;
#1869 = CARTESIAN_POINT ( 'NONE',  ( 13.09908101153049920, 16.94927187726913331, 0.6385931022150513892 ) ) ;
#1870 = CARTESIAN_POINT ( 'NONE',  ( 12.32176576715900396, 15.79958987962683281, 5.610797504520384393 ) ) ;
#1871 = LINE ( 'NONE', #503, #4690 ) ;
#1872 = EDGE_CURVE ( 'NONE', #5152, #2993, #3448, .T. ) ;
#1873 = AXIS2_PLACEMENT_3D ( 'NONE', #3670, #2050, #6709 ) ;
#1874 = CARTESIAN_POINT ( 'NONE',  ( 0.000000000000000000, 18.00000000000000000, 0.000000000000000000 ) ) ;
#1875 = EDGE_LOOP ( 'NONE', ( #496, #281, #7144, #7153 ) ) ;
#1876 = CARTESIAN_POINT ( 'NONE',  ( 11.35257835782100599, 4.999999999999997335, 8.647868598458289924 ) ) ;
#1877 = CARTESIAN_POINT ( 'NONE',  ( -12.59366281644366481, 15.39308095162513901, 5.539052375149251972 ) ) ;
#1878 = CARTESIAN_POINT ( 'NONE',  ( -1.731838181454485870, 4.142845021969561614, 14.90922654021861504 ) ) ;
#1879 = CARTESIAN_POINT ( 'NONE',  ( 6.765078269372635233, 16.44188171060361014, 11.12876992225552542 ) ) ;
#1880 = CARTESIAN_POINT ( 'NONE',  ( -13.96785634099002671, 14.54792975267245225, 1.713907998563276358 ) ) ;
#1881 = CARTESIAN_POINT ( 'NONE',  ( 5.524542064880836989, 14.34089593620454117, -13.77687880765589234 ) ) ;
#1882 = ORIENTED_EDGE ( 'NONE', *, *, #4370, .F. ) ;
#1883 = VECTOR ( 'NONE', #6635, 1000.000000000000000 ) ;
#1884 = CARTESIAN_POINT ( 'NONE',  ( 5.924964543223540936, 4.176876435823658973, 12.95301252895444044 ) ) ;
#1885 = CARTESIAN_POINT ( 'NONE',  ( 0.1602652030397002381, 3.999999999999996447, 14.00000000035599612 ) ) ;
#1886 = ORIENTED_EDGE ( 'NONE', *, *, #7371, .F. ) ;
#1887 = CARTESIAN_POINT ( 'NONE',  ( 7.620510878564293655, 17.03592563587023179, 10.47465196686927769 ) ) ;
#1888 = FACE_OUTER_BOUND ( 'NONE', #1989, .T. ) ;
#1889 = FACE_OUTER_BOUND ( 'NONE', #1195, .T. ) ;
#1890 = CARTESIAN_POINT ( 'NONE',  ( -8.041423320571192690, 3.929555441587356146, -12.66327943147110346 ) ) ;
#1891 = VERTEX_POINT ( 'NONE', #5161 ) ;
#1892 = CARTESIAN_POINT ( 'NONE',  ( -11.98228315970864877, 3.999546503159472799, -7.286112903467286905 ) ) ;
#1893 = DIRECTION ( 'NONE',  ( 0.000000000000000000, -1.000000000000000000, 0.000000000000000000 ) ) ;
#1894 = CARTESIAN_POINT ( 'NONE',  ( 0.1741974690278747795, 17.03660441533995851, 13.00533352537149412 ) ) ;
#1895 = CARTESIAN_POINT ( 'NONE',  ( -7.000000000000000888, 3.999999999999996447, -12.12435565298213902 ) ) ;
#1896 = CARTESIAN_POINT ( 'NONE',  ( 9.456886472717096481, 15.18019855795785666, -11.00231029986409048 ) ) ;
#1897 = CARTESIAN_POINT ( 'NONE',  ( -1.504308368080689240, 4.292873783416803590, -14.17996431217515685 ) ) ;
#1898 = DIRECTION ( 'NONE',  ( 0.000000000000000000, 1.000000000000000000, 0.000000000000000000 ) ) ;
#1899 = CARTESIAN_POINT ( 'NONE',  ( -5.588232011426596202, 4.808246761477509956, -13.94180280457644550 ) ) ;
#1900 = CARTESIAN_POINT ( 'NONE',  ( 14.07869521028906057, 14.11976560169277484, -4.820505223099853964 ) ) ;
#1901 = CARTESIAN_POINT ( 'NONE',  ( 13.29817706641307495, 3.928673933947178565, -6.941327254128567326 ) ) ;
#1902 = DIRECTION ( 'NONE',  ( 0.000000000000000000, 0.000000000000000000, -1.000000000000000000 ) ) ;
#1903 = ORIENTED_EDGE ( 'NONE', *, *, #4250, .F. ) ;
#1904 = EDGE_CURVE ( 'NONE', #5733, #1036, #1114, .T. ) ;
#1905 = CARTESIAN_POINT ( 'NONE',  ( 13.13899139180580278, 16.30222877997759312, 0.7362215276979930945 ) ) ;
#1906 = CARTESIAN_POINT ( 'NONE',  ( 11.09356896634293044, 17.01783092815903231, 6.837861705359234321 ) ) ;
#1907 = CARTESIAN_POINT ( 'NONE',  ( -12.12435565298213369, 3.999999999999996447, 7.000000000000009770 ) ) ;
#1908 = CARTESIAN_POINT ( 'NONE',  ( -13.16556307376509771, 13.38336035297970739, 5.507686957097281955 ) ) ;
#1909 = ORIENTED_EDGE ( 'NONE', *, *, #2285, .T. ) ;
#1910 = DIRECTION ( 'NONE',  ( -2.602085213965210642E-15, 0.000000000000000000, 1.000000000000000000 ) ) ;
#1911 = CARTESIAN_POINT ( 'NONE',  ( -13.25315408226436453, 4.999999999999996447, -4.511530435645907389 ) ) ;
#1912 = CARTESIAN_POINT ( 'NONE',  ( -11.18950882892419862, 16.46004852382992567, 6.626750215992081472 ) ) ;
#1913 = CARTESIAN_POINT ( 'NONE',  ( 5.450053466029486593, 15.40047773549967935, 13.33486268487504667 ) ) ;
#1914 = CARTESIAN_POINT ( 'NONE',  ( -14.21134241428239164, 15.52528394055997119, 1.919414054034228378 ) ) ;
#1915 = EDGE_CURVE ( 'NONE', #2090, #6729, #164, .T. ) ;
#1916 = DIRECTION ( 'NONE',  ( 0.000000000000000000, 0.000000000000000000, -1.000000000000000000 ) ) ;
#1917 = CARTESIAN_POINT ( 'NONE',  ( 12.91643768617953292, 4.141551853311583820, 5.982729813402040797 ) ) ;
#1918 = ORIENTED_EDGE ( 'NONE', *, *, #4065, .T. ) ;
#1919 = ORIENTED_EDGE ( 'NONE', *, *, #5270, .T. ) ;
#1920 = LINE ( 'NONE', #1186, #1037 ) ;
#1921 = CARTESIAN_POINT ( 'NONE',  ( -12.18246646598854355, 15.95626350035945329, -5.666182283864530156 ) ) ;
#1922 = DIRECTION ( 'NONE',  ( 0.000000000000000000, 0.000000000000000000, 1.000000000000000000 ) ) ;
#1923 = EDGE_CURVE ( 'NONE', #7078, #3481, #603, .T. ) ;
#1924 = VERTEX_POINT ( 'NONE', #4388 ) ;
#1925 = CARTESIAN_POINT ( 'NONE',  ( 9.880503104665104175, 12.99999999999999822, 11.28608250894451182 ) ) ;
#1926 = FACE_OUTER_BOUND ( 'NONE', #205, .T. ) ;
#1927 = CARTESIAN_POINT ( 'NONE',  ( 14.15555555643000574, 4.918760237672628044, 1.812984716351403236 ) ) ;
#1928 = VERTEX_POINT ( 'NONE', #2102 ) ;
#1929 = CARTESIAN_POINT ( 'NONE',  ( -5.149045486691722573, 3.932679644397317098, 14.08879175549154894 ) ) ;
#1930 = CARTESIAN_POINT ( 'NONE',  ( 0.4601744975245934399, 17.30235213935360150, 12.53970524978225143 ) ) ;
#1931 = CARTESIAN_POINT ( 'NONE',  ( 1.812984715944099046, 12.99999999999999822, -14.15555555555555500 ) ) ;
#1932 = CARTESIAN_POINT ( 'NONE',  ( 9.268868759182961270, 15.53957261684860924, -10.90148128887380174 ) ) ;
#1933 = CARTESIAN_POINT ( 'NONE',  ( -0.1993759310500133330, 3.999999999999995559, -13.99999999999999822 ) ) ;
#1934 = CARTESIAN_POINT ( 'NONE',  ( -6.078048630619149684, 16.38634809853075325, -11.58198888150086781 ) ) ;
#1935 = CARTESIAN_POINT ( 'NONE',  ( 13.51260599674328589, 15.06777341069413900, -5.468483964995191293 ) ) ;
#1936 = CARTESIAN_POINT ( 'NONE',  ( -5.140337536938220708, 16.90846634617058442, -12.07123469388275971 ) ) ;
#1937 = CARTESIAN_POINT ( 'NONE',  ( -11.22975563690778067, 14.08033431901119670, 9.810016768012102872 ) ) ;
#1938 = CARTESIAN_POINT ( 'NONE',  ( 13.74285068352495465, 4.082589286013393881, -6.031029003717258696 ) ) ;
#1939 = DIRECTION ( 'NONE',  ( 0.000000000000000000, 0.000000000000000000, 1.000000000000000000 ) ) ;
#1940 = VERTEX_POINT ( 'NONE', #4431 ) ;
#1941 = FACE_OUTER_BOUND ( 'NONE', #6691, .T. ) ;
#1942 = FACE_OUTER_BOUND ( 'NONE', #4740, .T. ) ;
#1943 = CARTESIAN_POINT ( 'NONE',  ( 2.913725436338742814, 4.999999999999998224, -14.71428571428572241 ) ) ;
#1944 = ORIENTED_EDGE ( 'NONE', *, *, #6542, .T. ) ;
#1945 = EDGE_CURVE ( 'NONE', #7396, #2753, #273, .T. ) ;
#1946 = CARTESIAN_POINT ( 'NONE',  ( -1.737249554743003355, 4.614372152007838679, 14.16401783338926101 ) ) ;
#1947 = CARTESIAN_POINT ( 'NONE',  ( -11.00304633437055912, 16.56095533821400778, 7.897098601243297544 ) ) ;
#1948 = CARTESIAN_POINT ( 'NONE',  ( -9.236743421015624733, 3.436560184660547801, 11.81961859563313588 ) ) ;
#1949 = CARTESIAN_POINT ( 'NONE',  ( -14.53358980867860595, 14.40389851827506362, 2.833075529376568369 ) ) ;
#1950 = CARTESIAN_POINT ( 'NONE',  ( 12.29931781088910370, 3.999560766178295257, 6.736219664775244809 ) ) ;
#1951 = ORIENTED_EDGE ( 'NONE', *, *, #6071, .T. ) ;
#1952 = TOROIDAL_SURFACE ( 'NONE', #860, 9.999999999999998224, 5.000000000000000000 ) ;
#1953 = CARTESIAN_POINT ( 'NONE',  ( -14.00000000000000533, 3.999999999999998224, -0.1997550912658620503 ) ) ;
#1954 = EDGE_LOOP ( 'NONE', ( #4011, #1242, #3440 ) ) ;
#1955 = EDGE_CURVE ( 'NONE', #5885, #1346, #2567, .T. ) ;
#1956 = CARTESIAN_POINT ( 'NONE',  ( -14.12176449462087113, 13.76263167335938320, -1.798532632736211445 ) ) ;
#1957 = CARTESIAN_POINT ( 'NONE',  ( 13.16556307376510127, 4.924501532876425891, -5.507686957097276625 ) ) ;
#1958 = CARTESIAN_POINT ( 'NONE',  ( -13.73333333333333250, -2.000000000000000000, 2.719477073916150900 ) ) ;
#1959 = TOROIDAL_SURFACE ( 'NONE', #2932, 0.9999999999999995559, 1.000000000000000000 ) ;
#1960 = ORIENTED_EDGE ( 'NONE', *, *, #598, .F. ) ;
#1961 = CARTESIAN_POINT ( 'NONE',  ( 9.494769824515461920, 15.09020611454484317, 11.02497696838601016 ) ) ;
#1962 = CARTESIAN_POINT ( 'NONE',  ( -10.98522533473644813, 16.85085737450785359, -7.373983220515144765 ) ) ;
#1963 = FACE_OUTER_BOUND ( 'NONE', #3671, .T. ) ;
#1964 = EDGE_CURVE ( 'NONE', #1891, #6331, #4880, .T. ) ;
#1965 = AXIS2_PLACEMENT_3D ( 'NONE', #176, #3263, #3955 ) ;
#1966 = ORIENTED_EDGE ( 'NONE', *, *, #3548, .F. ) ;
#1967 = CIRCLE ( 'NONE', #6719, 2.000000000000000000 ) ;
#1968 = CARTESIAN_POINT ( 'NONE',  ( -12.99038105676658184, 3.999999999999996891, -7.499999999999997335 ) ) ;
#1969 = DIRECTION ( 'NONE',  ( 0.000000000000000000, -1.000000000000000000, 0.000000000000000000 ) ) ;
#1970 = CARTESIAN_POINT ( 'NONE',  ( 13.16556307376510127, 4.999999999999996447, -5.507686957097276625 ) ) ;
#1971 = CARTESIAN_POINT ( 'NONE',  ( -0.4849220534736188304, 17.30550362272228782, 12.53645181536214182 ) ) ;
#1972 = CARTESIAN_POINT ( 'NONE',  ( 8.307078918498687514, 15.03165809364156935, -11.16004390720889816 ) ) ;
#1973 = CARTESIAN_POINT ( 'NONE',  ( -8.095376221225099117E-16, 3.999999999999996447, -13.99999999999999822 ) ) ;
#1974 = VECTOR ( 'NONE', #5763, 1000.000000000000000 ) ;
#1975 = AXIS2_PLACEMENT_3D ( 'NONE', #2727, #2688, #7496 ) ;
#1976 = CARTESIAN_POINT ( 'NONE',  ( -5.775954959214431028, 16.80948711538515994, -11.95569846140280745 ) ) ;
#1977 = CARTESIAN_POINT ( 'NONE',  ( -5.500487948794216209, 14.12311881470149899, 13.05932101221012864 ) ) ;
#1978 = CARTESIAN_POINT ( 'NONE',  ( 13.05522189908017161, 16.40289631554419358, 0.4753950744329858424 ) ) ;
#1979 = B_SPLINE_CURVE_WITH_KNOTS ( 'NONE', 3,
 ( #6784, #5208, #1549, #3885, #6202, #2916, #5243, #5321, #3581, #2959, #2428, #711, #173, #5906, #4187, #1157 ),
 .UNSPECIFIED., .F., .F.,
 ( 4, 2, 2, 2, 2, 2, 2, 4 ),
 ( 0.000000000000000000, 0.0005078598180034132057, 0.001015719636006826411, 0.001523579454010239509, 0.002031439272013652823, 0.002539299090017066354, 0.003047158908020479017, 0.004062878544027303043 ),
 .UNSPECIFIED. ) ;
#1980 = CARTESIAN_POINT ( 'NONE',  ( -10.52844413324303474, 16.71832469119269859, 8.211154214463711298 ) ) ;
#1981 = CARTESIAN_POINT ( 'NONE',  ( -1.812984715944107483, 4.999999999999997335, 14.15555555555556033 ) ) ;
#1982 = CARTESIAN_POINT ( 'NONE',  ( 7.210677071458255760, 2.999999999999996447, -13.15742172744288574 ) ) ;
#1983 = ORIENTED_EDGE ( 'NONE', *, *, #4935, .T. ) ;
#1984 = CARTESIAN_POINT ( 'NONE',  ( 13.12907722402443333, 16.92071623829504290, 0.7247550688507115035 ) ) ;
#1985 = CARTESIAN_POINT ( 'NONE',  ( 8.369027260026944859, 3.894656027646297147, -12.45005521205832189 ) ) ;
#1986 = B_SPLINE_CURVE_WITH_KNOTS ( 'NONE', 3,
 ( #4238, #5382, #6571, #4022, #6340, #3445, #3486, #1301, #5419, #2904 ),
 .UNSPECIFIED., .F., .F.,
 ( 4, 2, 2, 2, 4 ),
 ( 0.000000000000000000, 0.0003690890962277580374, 0.0007381781924555160749, 0.001107267288683274221, 0.001476356384911032150 ),
 .UNSPECIFIED. ) ;
#1987 = CARTESIAN_POINT ( 'NONE',  ( 5.813257476685428138, 17.30111769636926411, -11.12737602747620791 ) ) ;
#1988 = CARTESIAN_POINT ( 'NONE',  ( -1.456846227021419971, 3.982382847479413179, -14.93415010283549371 ) ) ;
#1989 = EDGE_LOOP ( 'NONE', ( #6588, #6794, #2459, #6180 ) ) ;
#1990 = CARTESIAN_POINT ( 'NONE',  ( -11.97910132574593689, 16.14461645573611648, 5.768785443224937026 ) ) ;
#1991 = CARTESIAN_POINT ( 'NONE',  ( 8.409564103756251185, 14.75504811013967021, 11.20742166521023186 ) ) ;
#1992 = CARTESIAN_POINT ( 'NONE',  ( -13.18852445631288184, 16.86433506345883515, 0.8815723818477562146 ) ) ;
#1993 = CARTESIAN_POINT ( 'NONE',  ( -6.333826634638211495, 16.45766667073636924, -11.36132427383508947 ) ) ;
#1994 = CARTESIAN_POINT ( 'NONE',  ( 1.836970198721029589E-15, -1.046597125924626503, -15.00000000000000000 ) ) ;
#1995 = ORIENTED_EDGE ( 'NONE', *, *, #2755, .T. ) ;
#1996 = CARTESIAN_POINT ( 'NONE',  ( -13.68083067226899807, 15.38796119888014502, -1.505735865052277411 ) ) ;
#1997 = VECTOR ( 'NONE', #249, 1000.000000000000000 ) ;
#1998 = DIRECTION ( 'NONE',  ( 0.000000000000000000, 0.000000000000000000, 1.000000000000000000 ) ) ;
#1999 = SURFACE_STYLE_FILL_AREA ( #7231 ) ;
#2000 = EDGE_CURVE ( 'NONE', #1043, #3684, #2644, .T. ) ;
#2001 = CARTESIAN_POINT ( 'NONE',  ( 4.833782609620621784, 13.54063028116372713, 14.19980794528324175 ) ) ;
#2002 = CARTESIAN_POINT ( 'NONE',  ( 14.90569473940514023, 3.214744458955210771, 1.687048016957966468 ) ) ;
#2003 = CARTESIAN_POINT ( 'NONE',  ( 2.602085213965210642E-15, 4.999999999999996447, 15.00000000000000000 ) ) ;
#2004 = CARTESIAN_POINT ( 'NONE',  ( -12.81562211415658226, 2.999092996133977618, -7.796753953435537454 ) ) ;
#2005 = CARTESIAN_POINT ( 'NONE',  ( 9.221802897687428668, -2.000000000000000000, 10.53367700834821186 ) ) ;
#2006 = CARTESIAN_POINT ( 'NONE',  ( -6.604973801232917552, 3.894580777457905096, 13.46913005306364752 ) ) ;
#2007 = CARTESIAN_POINT ( 'NONE',  ( 1.783903996805163761, 13.90480324426319569, 14.09534554197425571 ) ) ;
#2008 = CARTESIAN_POINT ( 'NONE',  ( -14.74652460373142659, 4.215475591700885261, -2.747122793360317061 ) ) ;
#2009 = CIRCLE ( 'NONE', #2983, 3.125000000000000000 ) ;
#2010 = EDGE_CURVE ( 'NONE', #1940, #1924, #3196, .T. ) ;
#2011 = CARTESIAN_POINT ( 'NONE',  ( 8.225538672160661591, 3.017622708062998704, 12.54468515010468899 ) ) ;
#2012 = CARTESIAN_POINT ( 'NONE',  ( -7.837209032922839214, 16.94059604637913097, -10.47682450565874213 ) ) ;
#2013 = CARTESIAN_POINT ( 'NONE',  ( -5.438324546046976238, 15.73442561444141496, 13.12889313924355505 ) ) ;
#2014 = CARTESIAN_POINT ( 'NONE',  ( 14.12110661722067029, 13.76796568068119875, -1.798224397117928586 ) ) ;
#2015 = CARTESIAN_POINT ( 'NONE',  ( 1.575460519861956010, 4.363762369312536471, 14.17661040376638226 ) ) ;
#2016 = CARTESIAN_POINT ( 'NONE',  ( 6.470773119197288814, 3.060284748218928375, -13.53352952021849021 ) ) ;
#2017 = ORIENTED_EDGE ( 'NONE', *, *, #1154, .T. ) ;
#2018 = EDGE_CURVE ( 'NONE', #3481, #4550, #3868, .T. ) ;
#2019 = CARTESIAN_POINT ( 'NONE',  ( 7.549138681379592875, 4.003905949981416690, -11.88743333927153500 ) ) ;
#2020 = CYLINDRICAL_SURFACE ( 'NONE', #5538, 0.9999999999999991118 ) ;
#2021 = CARTESIAN_POINT ( 'NONE',  ( 1.812984715944107483, 4.999999999999997335, -14.15555555555556033 ) ) ;
#2022 = ORIENTED_EDGE ( 'NONE', *, *, #372, .F. ) ;
#2023 = CARTESIAN_POINT ( 'NONE',  ( -11.06328296634420738, 14.93491219094245537, 9.556180643080111281 ) ) ;
#2024 = CARTESIAN_POINT ( 'NONE',  ( 8.636923201680687612, 13.45670434138513194, 11.34474476896679640 ) ) ;
#2025 = CARTESIAN_POINT ( 'NONE',  ( 2.913725435711370437, 13.28506311036484355, -14.71428571440994304 ) ) ;
#2026 = CYLINDRICAL_SURFACE ( 'NONE', #1138, 2.000000000000000000 ) ;
#2027 = ORIENTED_EDGE ( 'NONE', *, *, #84, .T. ) ;
#2028 = CARTESIAN_POINT ( 'NONE',  ( 13.94185480185941906, 15.78240327593547576, -2.490496741895654065 ) ) ;
#2029 = ORIENTED_EDGE ( 'NONE', *, *, #7180, .T. ) ;
#2030 = CARTESIAN_POINT ( 'NONE',  ( 2.890627575408723171, 4.664520003228054712, -14.71891098639995832 ) ) ;
#2031 = CARTESIAN_POINT ( 'NONE',  ( -11.72734239910879950, 4.063647738888661820, 8.006699750202539434 ) ) ;
#2032 = DIRECTION ( 'NONE',  ( -0.000000000000000000, 1.000000000000000000, -0.000000000000000000 ) ) ;
#2033 = CARTESIAN_POINT ( 'NONE',  ( 14.89253009652686366, 3.264955391823475050, -1.798295736719180304 ) ) ;
#2034 = CARTESIAN_POINT ( 'NONE',  ( -5.991820929612806879, 3.214744458955211215, -13.75223431385990480 ) ) ;
#2035 = CARTESIAN_POINT ( 'NONE',  ( 14.71428571428572241, 4.999999999999998224, 2.913725436338742369 ) ) ;
#2036 = ORIENTED_EDGE ( 'NONE', *, *, #4065, .F. ) ;
#2037 = DIRECTION ( 'NONE',  ( -0.000000000000000000, 1.000000000000000000, -0.000000000000000000 ) ) ;
#2038 = EDGE_CURVE ( 'NONE', #2178, #4306, #2438, .T. ) ;
#2039 = CARTESIAN_POINT ( 'NONE',  ( -7.207617098995622307, 3.977039156128855613, 13.15569787205498642 ) ) ;
#2040 = CARTESIAN_POINT ( 'NONE',  ( 2.201154012253579317, 16.31616615544946569, 13.57425954478409480 ) ) ;
#2041 = CARTESIAN_POINT ( 'NONE',  ( -14.16131459924492653, 4.684012049476026007, -1.762787543028735193 ) ) ;
#2042 = DIRECTION ( 'NONE',  ( 0.000000000000000000, -1.000000000000000000, 0.000000000000000000 ) ) ;
#2043 = CARTESIAN_POINT ( 'NONE',  ( -14.15555555555555500, 3.999999999999996447, 1.812984715944100822 ) ) ;
#2044 = CARTESIAN_POINT ( 'NONE',  ( -6.027168606233483494, 16.36206807681249842, -11.63533756552555865 ) ) ;
#2045 = CARTESIAN_POINT ( 'NONE',  ( 13.69105907601049488, 15.18019855795786555, -4.799836983642840949 ) ) ;
#2046 = ADVANCED_FACE ( 'NONE', ( #6728 ), #5141, .F. ) ;
#2047 = CARTESIAN_POINT ( 'NONE',  ( 14.15555555555555500, 12.99999999999999822, -1.812984715944101932 ) ) ;
#2048 = CARTESIAN_POINT ( 'NONE',  ( 0.6841236772254851717, 4.008548059588028067, 14.08949305862137891 ) ) ;
#2049 = DIRECTION ( 'NONE',  ( -0.000000000000000000, -1.000000000000000000, -0.000000000000000000 ) ) ;
#2050 = DIRECTION ( 'NONE',  ( -0.000000000000000000, -1.000000000000000000, -0.000000000000000000 ) ) ;
#2051 = ORIENTED_EDGE ( 'NONE', *, *, #889, .F. ) ;
#2052 = CARTESIAN_POINT ( 'NONE',  ( 12.08966082165346734, 3.198062733046427741, -8.880628351283657906 ) ) ;
#2053 = CARTESIAN_POINT ( 'NONE',  ( 8.639558443368640539, 16.36882392162266697, -10.63616752293498813 ) ) ;
#2054 = CARTESIAN_POINT ( 'NONE',  ( -0.9220730286383677088, 4.032479215937830652, -14.13703744229555248 ) ) ;
#2055 = ORIENTED_EDGE ( 'NONE', *, *, #2604, .F. ) ;
#2056 = ADVANCED_FACE ( 'NONE', ( #3724 ), #241, .T. ) ;
#2057 = CARTESIAN_POINT ( 'NONE',  ( -2.913725436338732599, 4.830693141506387178, 14.71428571428571530 ) ) ;
#2058 = CARTESIAN_POINT ( 'NONE',  ( 5.006970310142142111, 4.186591583603317623, 14.13993337288814800 ) ) ;
#2059 = ORIENTED_EDGE ( 'NONE', *, *, #1571, .F. ) ;
#2060 = CARTESIAN_POINT ( 'NONE',  ( 2.139914543521768575, 13.54305173103468540, -14.84456048424113561 ) ) ;
#2061 = CARTESIAN_POINT ( 'NONE',  ( -5.499904108900865118, 14.18053881016014550, -13.04824907129575884 ) ) ;
#2062 = CARTESIAN_POINT ( 'NONE',  ( -14.15555555555555500, 4.999999999999996447, -1.812984715944100822 ) ) ;
#2063 = EDGE_LOOP ( 'NONE', ( #626, #3110, #3981, #6300 ) ) ;
#2064 = CARTESIAN_POINT ( 'NONE',  ( -13.13723700640235670, 16.30483108477092458, -0.7330144676481724630 ) ) ;
#2065 = CARTESIAN_POINT ( 'NONE',  ( -13.84185972175149359, 14.07206457136659061, 5.543458006220117085 ) ) ;
#2066 = CARTESIAN_POINT ( 'NONE',  ( -8.224718819026321626, 16.69940669386572196, 10.53546128695869477 ) ) ;
#2067 = CYLINDRICAL_SURFACE ( 'NONE', #3715, 2.000000000000000000 ) ;
#2068 = CARTESIAN_POINT ( 'NONE',  ( -13.84643864973604899, 14.84133297373236182, -4.804539141765345356 ) ) ;
#2069 = CARTESIAN_POINT ( 'NONE',  ( -11.35579940710556990, 4.366773803862596282, 9.800388409427029046 ) ) ;
#2070 = CARTESIAN_POINT ( 'NONE',  ( 14.98520250997278680, 3.007811910147840884, 0.6879303150590155846 ) ) ;
#2071 = FACE_OUTER_BOUND ( 'NONE', #7192, .T. ) ;
#2072 = CARTESIAN_POINT ( 'NONE',  ( -13.14827393120948251, 4.706239700329126308, 5.547622351867194546 ) ) ;
#2073 = DIRECTION ( 'NONE',  ( -0.000000000000000000, 1.000000000000000000, -0.000000000000000000 ) ) ;
#2074 = AXIS2_PLACEMENT_3D ( 'NONE', #1161, #3043, #2358 ) ;
#2075 = CARTESIAN_POINT ( 'NONE',  ( 4.994721522614501197, 4.214198939172965730, -14.14423838406149692 ) ) ;
#2076 = CARTESIAN_POINT ( 'NONE',  ( -14.77556702897313201, 3.934431103140405561, -2.586366273863414111 ) ) ;
#2077 = CARTESIAN_POINT ( 'NONE',  ( 11.35257835782100244, 13.32494543194743386, -8.647868598458288147 ) ) ;
#2078 = CARTESIAN_POINT ( 'NONE',  ( -4.833782609620619120, 12.99999999999999822, -14.19980794528324886 ) ) ;
#2079 = CARTESIAN_POINT ( 'NONE',  ( -5.996502656565577460, 16.94927187726912976, -11.66343347332339953 ) ) ;
#2080 = AXIS2_PLACEMENT_3D ( 'NONE', #1634, #3425, #1744 ) ;
#2081 = VECTOR ( 'NONE', #5060, 1000.000000000000000 ) ;
#2082 = CARTESIAN_POINT ( 'NONE',  ( 13.40115970712675697, 15.65594707400759589, -4.810718918164744728 ) ) ;
#2083 = CARTESIAN_POINT ( 'NONE',  ( -9.221802897687425116, 12.99999999999999822, -10.53367700834821186 ) ) ;
#2084 = CARTESIAN_POINT ( 'NONE',  ( 0.7804176301363305868, 4.014779309274778996, 14.11032636042559929 ) ) ;
#2085 = LINE ( 'NONE', #5449, #3795 ) ;
#2086 = AXIS2_PLACEMENT_3D ( 'NONE', #7052, #6480, #1784 ) ;
#2087 = CARTESIAN_POINT ( 'NONE',  ( -2.131350518151321705, 4.808246761477573905, 14.86807140902959823 ) ) ;
#2088 = CARTESIAN_POINT ( 'NONE',  ( 0.000000000000000000, 3.399999999999998579, 0.000000000000000000 ) ) ;
#2089 = CIRCLE ( 'NONE', #6847, 3.125000000000000000 ) ;
#2090 = VERTEX_POINT ( 'NONE', #7261 ) ;
#2091 = CARTESIAN_POINT ( 'NONE',  ( 7.286112903467423685, 3.999546503159471911, -11.98228315970865054 ) ) ;
#2092 = CARTESIAN_POINT ( 'NONE',  ( 5.325704933803382168, 17.08802487472235399, -11.72784128057408459 ) ) ;
#2093 = EDGE_CURVE ( 'NONE', #3861, #5970, #6907, .T. ) ;
#2094 = CARTESIAN_POINT ( 'NONE',  ( 1.732404432002673689, 4.607737795638407796, -14.16459022298616865 ) ) ;
#2095 = ORIENTED_EDGE ( 'NONE', *, *, #4113, .T. ) ;
#2096 = CARTESIAN_POINT ( 'NONE',  ( -10.99883013190554060, 15.19381013832881600, 9.451046401015391396 ) ) ;
#2097 = CARTESIAN_POINT ( 'NONE',  ( 6.027109780817414553, 3.199223961955119044, 13.73677955585926291 ) ) ;
#2098 = VERTEX_POINT ( 'NONE', #2260 ) ;
#2099 = CARTESIAN_POINT ( 'NONE',  ( 2.120154402676247773, 14.07206457136662081, -14.75913115776692841 ) ) ;
#2100 = DIRECTION ( 'NONE',  ( 0.000000000000000000, 0.000000000000000000, 1.000000000000000000 ) ) ;
#2101 = EDGE_CURVE ( 'NONE', #7551, #7037, #3804, .T. ) ;
#2102 = CARTESIAN_POINT ( 'NONE',  ( 1.900000000000000355, 16.00000000000000000, -2.481053203782619399 ) ) ;
#2103 = ORIENTED_EDGE ( 'NONE', *, *, #1123, .T. ) ;
#2104 = CARTESIAN_POINT ( 'NONE',  ( 1.803351922683150255, 3.267587546154536948, -14.89190164535298777 ) ) ;
#2105 = CARTESIAN_POINT ( 'NONE',  ( -2.913725436068638874, 13.28474984484114962, -14.71428571433919963 ) ) ;
#2106 = CARTESIAN_POINT ( 'NONE',  ( 13.16556307376510127, 4.999999999999996447, -5.507686957097276625 ) ) ;
#2107 = CARTESIAN_POINT ( 'NONE',  ( -10.55839432582751769, 16.62025081957874306, -8.333526826816608946 ) ) ;
#2108 = CARTESIAN_POINT ( 'NONE',  ( 8.469872295051834143, 14.54162390953149497, -11.24048614865609430 ) ) ;
#2109 = CARTESIAN_POINT ( 'NONE',  ( -11.47380089445787377, 4.399910688985011475, 8.476836797703315440 ) ) ;
#2110 = CARTESIAN_POINT ( 'NONE',  ( -6.822274543916506673, 3.907067251463735680, -13.35956806949683440 ) ) ;
#2111 = CARTESIAN_POINT ( 'NONE',  ( -1.614119421057556458, 15.03165809364147343, 13.81842099024196813 ) ) ;
#2112 = CIRCLE ( 'NONE', #2488, 3.575000000000000178 ) ;
#2113 = CARTESIAN_POINT ( 'NONE',  ( -1.812984715944100822, 4.999999999999996447, -14.15555555555555500 ) ) ;
#2114 = CARTESIAN_POINT ( 'NONE',  ( -14.71428571428571352, 4.999999999999996447, 2.913725436338733044 ) ) ;
#2115 = DIRECTION ( 'NONE',  ( -0.000000000000000000, -1.000000000000000000, 0.000000000000000000 ) ) ;
#2116 = CARTESIAN_POINT ( 'NONE',  ( -7.499999999999989342, 4.999999999999996447, 10.99038105676658539 ) ) ;
#2117 = CARTESIAN_POINT ( 'NONE',  ( 7.203086190910536146, 2.999121522247317539, -13.15843976174446794 ) ) ;
#2118 = CARTESIAN_POINT ( 'NONE',  ( -14.17979311555854949, 4.281826903305167242, 1.489572617743235350 ) ) ;
#2119 = AXIS2_PLACEMENT_3D ( 'NONE', #4687, #4115, #4080 ) ;
#2120 = CARTESIAN_POINT ( 'NONE',  ( 11.04976349994474738, 16.39139955593039844, -6.993669301536924010 ) ) ;
#2121 = CARTESIAN_POINT ( 'NONE',  ( 0.7828469668399689052, 4.012211523182457995, -14.10950549299133172 ) ) ;
#2122 = CARTESIAN_POINT ( 'NONE',  ( -11.49214903224481965, 15.06777341069435394, -8.968018082011642633 ) ) ;
#2123 = CARTESIAN_POINT ( 'NONE',  ( -14.39363719349679371, 14.84133297373236182, 2.762366374622551746 ) ) ;
#2124 = CARTESIAN_POINT ( 'NONE',  ( 11.09934677215977850, 17.30550362272248677, -5.848271090517249249 ) ) ;
#2125 = CARTESIAN_POINT ( 'NONE',  ( -7.984392384310435631, 16.86133510028686899, -10.49085129647212611 ) ) ;
#2126 = CARTESIAN_POINT ( 'NONE',  ( -13.92109796348667672, 4.622023400374320801, -5.635094047349785917 ) ) ;
#2127 = DIRECTION ( 'NONE',  ( 0.000000000000000000, -1.000000000000000000, 0.000000000000000000 ) ) ;
#2128 = CARTESIAN_POINT ( 'NONE',  ( -2.042055979961328482, 4.531312346189615425, 14.87769861530599513 ) ) ;
#2129 = CARTESIAN_POINT ( 'NONE',  ( -1.675835559961370125, 16.85652288648858743, -13.08257620290071443 ) ) ;
#2130 = UNCERTAINTY_MEASURE_WITH_UNIT (LENGTH_MEASURE( 1.000000000000000082E-05 ), #2611, 'distance_accuracy_value', 'NONE');
#2131 = CARTESIAN_POINT ( 'NONE',  ( 10.59811666728750623, 17.30111769636926056, -6.729961578913653319 ) ) ;
#2132 = CYLINDRICAL_SURFACE ( 'NONE', #5293, 1.000000000000000888 ) ;
#2133 = CARTESIAN_POINT ( 'NONE',  ( -13.39516803315704863, 15.67656118341514926, -4.809444863715146568 ) ) ;
#2134 = CARTESIAN_POINT ( 'NONE',  ( -9.290267667432193122, 13.27412191024521526, 11.80280946203068382 ) ) ;
#2135 = ORIENTED_EDGE ( 'NONE', *, *, #3966, .F. ) ;
#2136 = EDGE_CURVE ( 'NONE', #7039, #1100, #5741, .T. ) ;
#2137 = CARTESIAN_POINT ( 'NONE',  ( 0.000000000000000000, 3.399999999999998579, 0.000000000000000000 ) ) ;
#2138 = CARTESIAN_POINT ( 'NONE',  ( 11.78199704496053357, 4.032479215937836869, -7.867057388093156689 ) ) ;
#2139 = ORIENTED_EDGE ( 'NONE', *, *, #7283, .F. ) ;
#2140 = DIRECTION ( 'NONE',  ( 0.000000000000000000, 0.000000000000000000, 1.000000000000000000 ) ) ;
#2141 = CARTESIAN_POINT ( 'NONE',  ( 11.49214903224541295, 15.06777341069415144, 8.968018082011644410 ) ) ;
#2142 = CARTESIAN_POINT ( 'NONE',  ( 11.35257835782101132, 13.38336035297971449, 8.647868598458286371 ) ) ;
#2143 = ORIENTED_EDGE ( 'NONE', *, *, #4753, .T. ) ;
#2144 = EDGE_CURVE ( 'NONE', #569, #1486, #5959, .T. ) ;
#2145 = CARTESIAN_POINT ( 'NONE',  ( -2.119636405331907447, 14.08273162050476301, -14.75698559256689890 ) ) ;
#2146 = CARTESIAN_POINT ( 'NONE',  ( 13.16556307376510127, 13.23636016278648952, -5.507686957097276625 ) ) ;
#2147 = CARTESIAN_POINT ( 'NONE',  ( -12.78423900337654828, 16.38381850098476633, -4.894839191884806873 ) ) ;
#2148 = CARTESIAN_POINT ( 'NONE',  ( 1.660201499420339647E-15, 17.33012701892218743, -12.50000000000000178 ) ) ;
#2149 = CARTESIAN_POINT ( 'NONE',  ( -12.09578671560531582, 4.080934495940520712, 8.884264786689081816 ) ) ;
#2150 = CARTESIAN_POINT ( 'NONE',  ( -5.242662448382156448, 3.802689510443622023, -14.05447266715966670 ) ) ;
#2151 = CARTESIAN_POINT ( 'NONE',  ( -1.349119278872211503, 16.55014497691251307, 13.48705541924391937 ) ) ;
#2152 = CARTESIAN_POINT ( 'NONE',  ( 12.58804710137239269, 3.907067251463770763, 8.158588059814000815 ) ) ;
#2153 = CARTESIAN_POINT ( 'NONE',  ( -11.28608250465983964, 4.837520475530927122, -9.880503109559322539 ) ) ;
#2154 = EDGE_CURVE ( 'NONE', #3171, #6150, #493, .T. ) ;
#2155 = DIRECTION ( 'NONE',  ( 0.000000000000000000, 0.000000000000000000, 1.000000000000000000 ) ) ;
#2156 = CARTESIAN_POINT ( 'NONE',  ( 5.586143455690972814, 3.460362391599496323, -13.92178665776226687 ) ) ;
#2157 = CARTESIAN_POINT ( 'NONE',  ( -14.98743334316044873, 3.929555441587423203, 0.6324371624636890843 ) ) ;
#2158 = VERTEX_POINT ( 'NONE', #1175 ) ;
#2159 = CARTESIAN_POINT ( 'NONE',  ( -2.719477073916149124, -2.000000000000000000, 13.73333333333333073 ) ) ;
#2160 = CARTESIAN_POINT ( 'NONE',  ( -1.798258422803019618, 13.76698198670578854, -14.12119452490312455 ) ) ;
#2161 = CARTESIAN_POINT ( 'NONE',  ( -11.14333578425696381, 15.12475765911620584, -8.268439617981039547 ) ) ;
#2162 = CARTESIAN_POINT ( 'NONE',  ( 1.040949779275250140E-15, 2.000000000000000000, -8.500000000000000000 ) ) ;
#2163 = CARTESIAN_POINT ( 'NONE',  ( -10.53367700834820653, 12.99999999999999822, 9.221802897687433997 ) ) ;
#2164 = CARTESIAN_POINT ( 'NONE',  ( 12.44170144688824564, 15.64112245143673974, -5.573927705368213026 ) ) ;
#2165 = DIRECTION ( 'NONE',  ( -0.000000000000000000, 1.000000000000000000, -0.000000000000000000 ) ) ;
#2166 = CARTESIAN_POINT ( 'NONE',  ( -13.54470590178319078, 3.064958436848772116, -6.447445540418874188 ) ) ;
#2167 = CARTESIAN_POINT ( 'NONE',  ( -2.711160961634137667, 15.08610013976259445, -14.29700363019832743 ) ) ;
#2168 = CARTESIAN_POINT ( 'NONE',  ( 9.074905900140295856, 4.283487441372428428, -11.95948035083289973 ) ) ;
#2169 = CARTESIAN_POINT ( 'NONE',  ( 6.412695475152991875, 16.46379014889336645, 11.30906776769771227 ) ) ;
#2170 = CARTESIAN_POINT ( 'NONE',  ( -9.880503104183958385, 13.28506311036469079, 11.28608250936573221 ) ) ;
#2171 = EDGE_LOOP ( 'NONE', ( #6974, #2536, #6611 ) ) ;
#2172 = DIRECTION ( 'NONE',  ( -0.000000000000000000, -1.000000000000000000, -0.000000000000000000 ) ) ;
#2173 = CARTESIAN_POINT ( 'NONE',  ( 12.54468515010479734, 3.017622708062964065, -8.225538672160499942 ) ) ;
#2174 = ORIENTED_EDGE ( 'NONE', *, *, #7456, .F. ) ;
#2175 = CARTESIAN_POINT ( 'NONE',  ( 1.787984326755134977E-15, -2.000000000000000000, -14.19999999999999396 ) ) ;
#2176 = CARTESIAN_POINT ( 'NONE',  ( 11.29406329479230209, 14.11544024326025060, 8.560797109984134678 ) ) ;
#2177 = CARTESIAN_POINT ( 'NONE',  ( 12.14266425714150088, 15.99964016520267762, 5.682092722424955333 ) ) ;
#2178 = VERTEX_POINT ( 'NONE', #4661 ) ;
#2179 = CARTESIAN_POINT ( 'NONE',  ( -11.35257835782100067, 4.799810971035543439, 8.647868598458297029 ) ) ;
#2180 = CARTESIAN_POINT ( 'NONE',  ( -9.742123800739937778, 4.186732713191919864, -11.40607333130085266 ) ) ;
#2181 = CARTESIAN_POINT ( 'NONE',  ( 4.809444863715082619, 15.67656118341528071, -13.39516803315699178 ) ) ;
#2182 = CARTESIAN_POINT ( 'NONE',  ( 13.73520035530930450, 15.09020611454484140, 4.800525218502898817 ) ) ;
#2183 = VERTEX_POINT ( 'NONE', #729 ) ;
#2184 = EDGE_CURVE ( 'NONE', #5966, #1415, #35, .T. ) ;
#2185 = CARTESIAN_POINT ( 'NONE',  ( -8.647868598458284595, 4.999999999999996447, -11.35257835782100244 ) ) ;
#2186 = CARTESIAN_POINT ( 'NONE',  ( -2.211331989131659626, 16.30140306170818931, 13.58581402379445180 ) ) ;
#2187 = CARTESIAN_POINT ( 'NONE',  ( 12.12435565298214257, 3.999999999999996447, 6.999999999999995559 ) ) ;
#2188 = CARTESIAN_POINT ( 'NONE',  ( 8.647868598458286371, 13.29053781585672489, -11.35257835782100599 ) ) ;
#2189 = DIRECTION ( 'NONE',  ( 1.000000000000000000, -0.000000000000000000, 1.224646799147353207E-16 ) ) ;
#2190 = DIRECTION ( 'NONE',  ( 0.000000000000000000, 1.000000000000000000, 0.000000000000000000 ) ) ;
#2191 = CARTESIAN_POINT ( 'NONE',  ( 5.517126580601948049, 4.839185763299926890, -13.16157707681817612 ) ) ;
#2192 = CARTESIAN_POINT ( 'NONE',  ( -14.06838897340256445, 4.003770645890966762, 0.5891771324458099368 ) ) ;
#2193 = ORIENTED_EDGE ( 'NONE', *, *, #5506, .F. ) ;
#2194 = CARTESIAN_POINT ( 'NONE',  ( 11.50655415415871019, 16.42051656496474266, -6.149371988961489066 ) ) ;
#2195 = DIRECTION ( 'NONE',  ( -1.000000000000000000, 0.000000000000000000, 0.000000000000000000 ) ) ;
#2196 = ADVANCED_FACE ( 'NONE', ( #3058 ), #7244, .T. ) ;
#2197 = CARTESIAN_POINT ( 'NONE',  ( -9.780249148950984406, 14.13100405513735502, -11.21259241844619226 ) ) ;
#2198 = CARTESIAN_POINT ( 'NONE',  ( 8.502632036557582040, 4.425424731083011487, 11.45685543168676190 ) ) ;
#2199 = AXIS2_PLACEMENT_3D ( 'NONE', #6555, #3658, #4258 ) ;
#2200 = CARTESIAN_POINT ( 'NONE',  ( 11.10214687039138148, 16.42786290564318463, -6.836574102173947232 ) ) ;
#2201 = CARTESIAN_POINT ( 'NONE',  ( -11.35257835782100422, 4.999999999999996447, -8.647868598458282818 ) ) ;
#2202 = CARTESIAN_POINT ( 'NONE',  ( -1.798532632736208781, 13.76263167335938142, 14.12176449462087113 ) ) ;
#2203 = CARTESIAN_POINT ( 'NONE',  ( -2.281913779232688899, 16.19109144910488851, -13.66897389943741459 ) ) ;
#2204 = EDGE_LOOP ( 'NONE', ( #1124, #7292, #4275 ) ) ;
#2205 = DIRECTION ( 'NONE',  ( 0.000000000000000000, 0.000000000000000000, 1.000000000000000000 ) ) ;
#2206 = CARTESIAN_POINT ( 'NONE',  ( 8.125448727845311581, 4.107372228728893404, -11.67397823337877405 ) ) ;
#2207 = AXIS2_PLACEMENT_3D ( 'NONE', #4948, #7278, #3883 ) ;
#2208 = VECTOR ( 'NONE', #251, 1000.000000000000000 ) ;
#2209 = CARTESIAN_POINT ( 'NONE',  ( 1.852566035876793249, 16.71312311240654580, 13.22846863152638264 ) ) ;
#2210 = CARTESIAN_POINT ( 'NONE',  ( 9.235493961053725442, 3.435280335374283567, 11.82061637682236288 ) ) ;
#2211 = CONICAL_SURFACE ( 'NONE', #7331, 15.00000000000000000, 0.6981317007977323463 ) ;
#2212 = AXIS2_PLACEMENT_3D ( 'NONE', #1698, #6810, #2766 ) ;
#2213 = CARTESIAN_POINT ( 'NONE',  ( 2.913725436338737040, 12.99999999999999822, 14.71428571428571352 ) ) ;
#2214 = CYLINDRICAL_SURFACE ( 'NONE', #5855, 2.000000000000001776 ) ;
#2215 = CARTESIAN_POINT ( 'NONE',  ( 11.96036768013057738, 4.281769720007532420, -9.073675486470282436 ) ) ;
#2216 = ORIENTED_EDGE ( 'NONE', *, *, #5089, .F. ) ;
#2217 = CARTESIAN_POINT ( 'NONE',  ( -0.9204998121804714994, 17.21418835519330770, -12.66091160529887460 ) ) ;
#2218 = CARTESIAN_POINT ( 'NONE',  ( 11.04801371515085151, 15.64112245143654434, 7.987865666622575134 ) ) ;
#2219 = AXIS2_PLACEMENT_3D ( 'NONE', #6435, #3501, #5212 ) ;
#2220 = VECTOR ( 'NONE', #92, 1000.000000000000114 ) ;
#2221 = VERTEX_POINT ( 'NONE', #6072 ) ;
#2222 = CARTESIAN_POINT ( 'NONE',  ( -12.77416332826640577, 15.03165809364157290, 5.511342071743320581 ) ) ;
#2223 = CARTESIAN_POINT ( 'NONE',  ( -0.5940292051308221355, 4.003905949981417578, 14.06938859829306132 ) ) ;
#2224 = CARTESIAN_POINT ( 'NONE',  ( 5.576398997336202257, 12.99999999999999822, 13.94701254168405669 ) ) ;
#2225 = CARTESIAN_POINT ( 'NONE',  ( 5.871329819861093924, 17.30235213935362637, -11.08979055104276590 ) ) ;
#2226 = CARTESIAN_POINT ( 'NONE',  ( -11.35257835715658103, 4.918749111900994286, 8.647868597510296240 ) ) ;
#2227 = VERTEX_POINT ( 'NONE', #3243 ) ;
#2228 = CARTESIAN_POINT ( 'NONE',  ( 12.66208501060881986, 17.21275850705173127, -0.9029199244426755477 ) ) ;
#2229 = CARTESIAN_POINT ( 'NONE',  ( -0.8034688498632460707, 16.26662723198569793, 13.16713736431499093 ) ) ;
#2230 = CARTESIAN_POINT ( 'NONE',  ( 11.77958858459700586, 4.033568272321473636, 7.873696622452477811 ) ) ;
#2231 = CARTESIAN_POINT ( 'NONE',  ( -7.000000000000000888, 2.999999999999996447, -12.12435565298213902 ) ) ;
#2232 = CARTESIAN_POINT ( 'NONE',  ( 5.576399001642355913, 4.903130381076442390, -13.94701253978646704 ) ) ;
#2233 = CARTESIAN_POINT ( 'NONE',  ( -14.79326353281942019, 3.799821379378589103, 2.484571322566821561 ) ) ;
#2234 = ADVANCED_FACE ( 'NONE', ( #5421 ), #3055, .T. ) ;
#2235 = DIRECTION ( 'NONE',  ( 0.000000000000000000, 1.000000000000000000, 0.000000000000000000 ) ) ;
#2236 = CARTESIAN_POINT ( 'NONE',  ( 5.554038505884849819, 4.684012049476018014, 13.14545196544410643 ) ) ;
#2237 = CARTESIAN_POINT ( 'NONE',  ( -9.556180643080010029, 14.93491219094241984, -11.06328296634430863 ) ) ;
#2238 = CARTESIAN_POINT ( 'NONE',  ( 6.756762543186826342, 16.44554649559337633, -11.13003334242584330 ) ) ;
#2239 = CARTESIAN_POINT ( 'NONE',  ( -13.92540349704144909, 13.54770619938540221, -5.568940427895888057 ) ) ;
#2240 = CARTESIAN_POINT ( 'NONE',  ( 11.73789268481566950, 17.08328403755371738, -5.320045046763976160 ) ) ;
#2241 = CARTESIAN_POINT ( 'NONE',  ( -4.511530435645910053, 4.999999999999996447, -13.25315408226436276 ) ) ;
#2242 = CARTESIAN_POINT ( 'NONE',  ( 14.95528626626283142, 3.061395714370281684, 1.169262027503906509 ) ) ;
#2243 = DIRECTION ( 'NONE',  ( 1.776356839400249281E-15, 0.000000000000000000, 1.000000000000000000 ) ) ;
#2244 = EDGE_CURVE ( 'NONE', #5822, #2842, #524, .T. ) ;
#2245 = AXIS2_PLACEMENT_3D ( 'NONE', #1022, #3890, #2817 ) ;
#2246 = CARTESIAN_POINT ( 'NONE',  ( -12.99038105676658006, 3.999999999999996447, -7.499999999999999112 ) ) ;
#2247 = ORIENTED_EDGE ( 'NONE', *, *, #5403, .T. ) ;
#2248 = LINE ( 'NONE', #4579, #1974 ) ;
#2249 = CARTESIAN_POINT ( 'NONE',  ( 11.75024716121195922, 17.08425122492148418, -5.304282123404556515 ) ) ;
#2250 = CARTESIAN_POINT ( 'NONE',  ( 7.674809355097365504, 15.99964016520268117, 10.99216877284944438 ) ) ;
#2251 = AXIS2_PLACEMENT_3D ( 'NONE', #6406, #6981, #3506 ) ;
#2252 = CARTESIAN_POINT ( 'NONE',  ( -0.3358694275462949519, 3.977039156128642006, -14.99697711121050325 ) ) ;
#2253 = CARTESIAN_POINT ( 'NONE',  ( -4.805346707303462139, 15.55953571197783702, 13.47209317761504543 ) ) ;
#2254 = EDGE_CURVE ( 'NONE', #7360, #6797, #866, .T. ) ;
#2255 = CARTESIAN_POINT ( 'NONE',  ( -7.500000000000185629, 4.003567649046306798, -11.90598573715167063 ) ) ;
#2256 = B_SPLINE_CURVE_WITH_KNOTS ( 'NONE', 3,
 ( #523, #1596, #485, #5685, #6792, #2820, #2856, #1131, #2209, #7437, #3933, #6872, #450, #1679, #5643, #559, #4542, #3892 ),
 .UNSPECIFIED., .F., .F.,
 ( 4, 2, 2, 2, 2, 2, 2, 2, 4 ),
 ( 0.006413860353598610856, 0.007212232442664667786, 0.007611418487197695384, 0.008010604531730722982, 0.008808976620796772974, 0.009607348709862824701, 0.01040572079892887469, 0.01120409288799492642, 0.01280083706612703161 ),
 .UNSPECIFIED. ) ;
#2257 = ORIENTED_EDGE ( 'NONE', *, *, #3309, .F. ) ;
#2258 = CARTESIAN_POINT ( 'NONE',  ( 2.534375059966381016, 15.65594707400764030, -14.01110420562653047 ) ) ;
#2259 = CARTESIAN_POINT ( 'NONE',  ( 11.17157729339438532, 14.39430030472761679, 9.722724610782156773 ) ) ;
#2260 = CARTESIAN_POINT ( 'NONE',  ( -14.15555555555555500, 4.999999999999996447, 1.812984715944100822 ) ) ;
#2261 = ORIENTED_EDGE ( 'NONE', *, *, #5883, .T. ) ;
#2262 = DIRECTION ( 'NONE',  ( 0.000000000000000000, 0.000000000000000000, 1.000000000000000000 ) ) ;
#2263 = CARTESIAN_POINT ( 'NONE',  ( 0.000000000000000000, 2.000000000000000000, 0.000000000000000000 ) ) ;
#2264 = CARTESIAN_POINT ( 'NONE',  ( -14.75913115776692663, 14.07206457136661371, -2.120154402676296623 ) ) ;
#2265 = CARTESIAN_POINT ( 'NONE',  ( 6.032226618178653688, 16.37135068137228089, -11.62367320297121509 ) ) ;
#2266 = DIRECTION ( 'NONE',  ( 0.000000000000000000, 0.000000000000000000, -1.000000000000000000 ) ) ;
#2267 = ORIENTED_EDGE ( 'NONE', *, *, #1259, .T. ) ;
#2268 = CARTESIAN_POINT ( 'NONE',  ( -12.37061866345956673, 3.060284748218927930, 8.484993807777197361 ) ) ;
#2269 = DIRECTION ( 'NONE',  ( -1.908195823574487804E-14, 0.000000000000000000, 1.000000000000000000 ) ) ;
#2270 = CARTESIAN_POINT ( 'NONE',  ( -13.31586965316879834, 2.994094911299063799, 6.913657451678345112 ) ) ;
#2271 = CARTESIAN_POINT ( 'NONE',  ( 8.647868598458289924, 4.999999999999996447, 11.35257835782099889 ) ) ;
#2272 = CARTESIAN_POINT ( 'NONE',  ( -14.84969263953485807, 3.460362391599530518, 2.123151187068607726 ) ) ;
#2273 =( BOUNDED_SURFACE ( )  B_SPLINE_SURFACE ( 3, 2, ( 
 ( #816, #1968, #2541 ),
 ( #6629, #2617, #713 ),
 ( #1892, #4330, #2004 ),
 ( #1399, #6518, #4868 ),
 ( #6664, #1433, #3154 ),
 ( #3697, #5362, #4190 ),
 ( #4259, #4225, #3042 ),
 ( #1285, #3082, #3627 ),
 ( #5439, #135, #7196 ),
 ( #825, #3659, #3733 ),
 ( #4794, #6053, #5476 ),
 ( #2581, #6556, #1320 ),
 ( #7125, #5976, #211 ),
 ( #4831, #3767, #6091 ),
 ( #7163, #1359, #858 ),
 ( #3192, #6017, #786 ),
 ( #3119, #363, #2153 ),
 ( #3879, #1008, #435 ) ),
 .UNSPECIFIED., .F., .F., .T. ) 
 B_SPLINE_SURFACE_WITH_KNOTS ( ( 4, 2, 2, 2, 2, 2, 2, 2, 4 ),
 ( 3, 3 ),
 ( 0.001001835143902673813, 0.001483160195672277287, 0.001964485247441880543, 0.002445810299211483799, 0.002927135350981087056, 0.003408460402750690312, 0.003889785454520293569, 0.004371110506289896391, 0.004852435558059500081 ),
 ( 0.000000000000000000, 1.000000000000000000 ),
 .UNSPECIFIED. ) 
 GEOMETRIC_REPRESENTATION_ITEM ( )  RATIONAL_B_SPLINE_SURFACE ( (
 ( 1.000000000000000000, 0.7071067811865475727, 1.000000000000000000),
 ( 1.000000000000000000, 0.7068862653317711242, 1.000000000000000000),
 ( 1.000000000000000000, 0.7152614521122364621, 1.000000000000000000),
 ( 1.000000000000000000, 0.7353188346933459130, 1.000000000000000000),
 ( 1.000000000000000000, 0.7463742780417117473, 1.000000000000000000),
 ( 1.000000000000000000, 0.7639171294620314967, 1.000000000000000000),
 ( 1.000000000000000000, 0.7705876985465099915, 1.000000000000000000),
 ( 1.000000000000000000, 0.7802728411342988446, 1.000000000000000000),
 ( 1.000000000000000000, 0.7834142574742327669, 1.000000000000000000),
 ( 1.000000000000000000, 0.7873757974864220577, 1.000000000000000000),
 ( 1.000000000000000000, 0.7882590930830789544, 1.000000000000000000),
 ( 1.000000000000000000, 0.7889663206214915236, 1.000000000000000000),
 ( 1.000000000000000000, 0.7887727214692056288, 1.000000000000000000),
 ( 1.000000000000000000, 0.7881288200425135004, 1.000000000000000000),
 ( 1.000000000000000000, 0.7876692935216844660, 1.000000000000000000),
 ( 1.000000000000000000, 0.7870063584361080000, 1.000000000000000000),
 ( 1.000000000000000000, 0.7867917697740473004, 1.000000000000000000),
 ( 1.000000000000000000, 0.7867957924694418681, 1.000000000000000000) ) ) 
 REPRESENTATION_ITEM ( '' )  SURFACE ( )  );
#2274 = CARTESIAN_POINT ( 'NONE',  ( 14.94269593568386334, 3.945968001676174008, -1.353797656420210549 ) ) ;
#2275 = CARTESIAN_POINT ( 'NONE',  ( 4.833782603462692506, 4.837520475530921793, 14.19980794737949026 ) ) ;
#2276 = CARTESIAN_POINT ( 'NONE',  ( -9.290267669330468436, 13.00000000000000355, -11.80280946417324550 ) ) ;
#2277 = EDGE_CURVE ( 'NONE', #5042, #1695, #5376, .T. ) ;
#2278 = CARTESIAN_POINT ( 'NONE',  ( 5.507686957097267744, 12.99999999999999822, -13.16556307376510659 ) ) ;
#2279 = CARTESIAN_POINT ( 'NONE',  ( -9.752340428231059732, 4.215475591700814206, 11.39730352768347466 ) ) ;
#2280 = CARTESIAN_POINT ( 'NONE',  ( -7.209593167804762892, 2.999999999999995559, -13.15804751950900275 ) ) ;
#2281 = DIRECTION ( 'NONE',  ( -0.000000000000000000, 1.000000000000000000, -0.000000000000000000 ) ) ;
#2282 = CARTESIAN_POINT ( 'NONE',  ( -13.15742172744288396, 2.999999999999996891, -7.210677071458254872 ) ) ;
#2283 = CARTESIAN_POINT ( 'NONE',  ( 9.800687569543043764, 4.368024099194735221, -11.35554034610198038 ) ) ;
#2284 = CARTESIAN_POINT ( 'NONE',  ( 8.485379578689704161, 14.51664821311964104, 11.24822961484634476 ) ) ;
#2285 = EDGE_CURVE ( 'NONE', #7066, #7043, #2876, .T. ) ;
#2286 = CARTESIAN_POINT ( 'NONE',  ( -0.1602652030396947702, 3.999999999999996447, -14.00000000035613823 ) ) ;
#2287 = DIRECTION ( 'NONE',  ( 0.000000000000000000, -1.000000000000000000, -0.000000000000000000 ) ) ;
#2288 = CARTESIAN_POINT ( 'NONE',  ( -2.586366273863378584, 3.934431103140404673, 14.77556702897314089 ) ) ;
#2289 = CARTESIAN_POINT ( 'NONE',  ( -8.075052667287289765, 2.994094911299064243, 12.64533781280143288 ) ) ;
#2290 = ORIENTED_EDGE ( 'NONE', *, *, #3226, .T. ) ;
#2291 = CARTESIAN_POINT ( 'NONE',  ( 0.6385931022150580505, 16.94927187726912976, -13.09908101153040150 ) ) ;
#2292 = CARTESIAN_POINT ( 'NONE',  ( 11.20914912568312438, 14.74415884604091609, 8.412827834058809628 ) ) ;
#2293 = ADVANCED_FACE ( 'NONE', ( #2858 ), #4124, .T. ) ;
#2294 = CARTESIAN_POINT ( 'NONE',  ( 11.09507897453216074, 15.38796119888014680, 8.144420846659107482 ) ) ;
#2295 = ORIENTED_EDGE ( 'NONE', *, *, #1693, .F. ) ;
#2296 = CARTESIAN_POINT ( 'NONE',  ( 11.35554034610198215, 4.368024099194735221, 9.800687569543041988 ) ) ;
#2297 = CARTESIAN_POINT ( 'NONE',  ( -9.880503104665100622, 4.830546773239267289, -11.28608250894451182 ) ) ;
#2298 = CARTESIAN_POINT ( 'NONE',  ( -13.00050057827102279, 16.46355971662036310, -0.1573421432878318593 ) ) ;
#2299 = CARTESIAN_POINT ( 'NONE',  ( 5.710557204452132218, 16.05090863755782848, -12.08814663274733014 ) ) ;
#2300 = CARTESIAN_POINT ( 'NONE',  ( -12.81727550784968805, 2.999121522247317095, 7.794000012382628739 ) ) ;
#2301 = VERTEX_POINT ( 'NONE', #6027 ) ;
#2302 = B_SPLINE_CURVE_WITH_KNOTS ( 'NONE', 3,
 ( #4359, #4291, #6696, #6735, #324, #5661, #1536, #964, #3838, #3259, #5084, #360, #5583, #3293, #3991, #2686, #7417, #6807, #4478, #5011, #1042, #3221, #1572, #3907, #2725, #1657, #3370, #3949, #6228, #2182, #5703, #1003, #1499, #6157 ),
 .UNSPECIFIED., .F., .F.,
 ( 4, 2, 2, 2, 2, 2, 2, 2, 2, 2, 2, 2, 2, 2, 2, 2, 4 ),
 ( 0.000000000000000000, 0.001600104633265864856, 0.003200209266531729713, 0.004000261583164663008, 0.004400287741481132692, 0.004800313899797601508, 0.005600366216430533936, 0.006000392374747001017, 0.006400418533063468099, 0.007200470849696403997, 0.007600497008012875415, 0.008000523166329345098, 0.008800575482962286200, 0.009600627799595227302, 0.01040068011622817708, 0.01120073243286112512, 0.01280083706612702640 ),
 .UNSPECIFIED. ) ;
#2303 = CARTESIAN_POINT ( 'NONE',  ( -8.192392859317214615, 4.141498235221469315, -11.64044939195025563 ) ) ;
#2304 = VERTEX_POINT ( 'NONE', #3198 ) ;
#2305 = CARTESIAN_POINT ( 'NONE',  ( 13.09480576149459097, 4.435244514189633058, 5.664572460751148952 ) ) ;
#2306 = CARTESIAN_POINT ( 'NONE',  ( 1.812984715455378870, 4.918749111901028925, 14.15555555450628233 ) ) ;
#2307 = CARTESIAN_POINT ( 'NONE',  ( 11.27417378052287233, 15.73442561444142562, -8.650792709132144154 ) ) ;
#2308 = ORIENTED_EDGE ( 'NONE', *, *, #4844, .T. ) ;
#2309 = CARTESIAN_POINT ( 'NONE',  ( 12.12435565298214257, 3.999999999999996447, 6.999999999999996447 ) ) ;
#2310 = CARTESIAN_POINT ( 'NONE',  ( 13.47636092610139258, 15.79958987962643668, -1.301789709174579146 ) ) ;
#2311 = CARTESIAN_POINT ( 'NONE',  ( 7.500000000000191847, 4.003567649046306798, 11.90598573715166886 ) ) ;
#2312 = ORIENTED_EDGE ( 'NONE', *, *, #7096, .T. ) ;
#2313 = CARTESIAN_POINT ( 'NONE',  ( -8.954429130492801647, 4.142845021969630004, 12.04584984387924429 ) ) ;
#2314 =( BOUNDED_SURFACE ( )  B_SPLINE_SURFACE ( 3, 2, ( 
 ( #4775, #4732, #7067 ),
 ( #1177, #5343, #4699 ),
 ( #6894, #1833, #4170 ),
 ( #7107, #694, #5924 ),
 ( #6499, #3022, #114 ),
 ( #7030, #2451, #1662 ),
 ( #3518, #1219, #3994 ),
 ( #6309, #1263, #5845 ),
 ( #3606, #610, #2941 ),
 ( #5266, #37, #1797 ),
 ( #4128, #6456, #6394 ),
 ( #1054, #585, #4568 ),
 ( #5714, #517, #7468 ),
 ( #2914, #2809, #7389 ),
 ( #2236, #6902, #1014 ),
 ( #6315, #3418, #1087 ),
 ( #5172, #7503, #2275 ),
 ( #1585, #4605, #3920 ) ),
 .UNSPECIFIED., .F., .F., .T. ) 
 B_SPLINE_SURFACE_WITH_KNOTS ( ( 4, 2, 2, 2, 2, 2, 2, 2, 4 ),
 ( 3, 3 ),
 ( 0.001001835143902672079, 0.001483160195672275118, 0.001964485247441878375, 0.002445810299211481631, 0.002927135350981084454, 0.003408460402750687276, 0.003889785454520290533, 0.004371110506289893789, 0.004852435558059496612 ),
 ( 0.000000000000000000, 1.000000000000000000 ),
 .UNSPECIFIED. ) 
 GEOMETRIC_REPRESENTATION_ITEM ( )  RATIONAL_B_SPLINE_SURFACE ( (
 ( 1.000000000000000000, 0.7071067811865480168, 1.000000000000000000),
 ( 1.000000000000000000, 0.7068862653317845579, 1.000000000000000000),
 ( 1.000000000000000000, 0.7152614521122191427, 1.000000000000000000),
 ( 1.000000000000000000, 0.7353188346933643427, 1.000000000000000000),
 ( 1.000000000000000000, 0.7463742780416762201, 1.000000000000000000),
 ( 1.000000000000000000, 0.7639171294620676900, 1.000000000000000000),
 ( 1.000000000000000000, 0.7705876985465280882, 1.000000000000000000),
 ( 1.000000000000000000, 0.7802728411342814141, 1.000000000000000000),
 ( 1.000000000000000000, 0.7834142574741969067, 1.000000000000000000),
 ( 1.000000000000000000, 0.7873757974864572518, 1.000000000000000000),
 ( 1.000000000000000000, 0.7882590930830167819, 1.000000000000000000),
 ( 1.000000000000000000, 0.7889663206215545843, 1.000000000000000000),
 ( 1.000000000000000000, 0.7887727214692420441, 1.000000000000000000),
 ( 1.000000000000000000, 0.7881288200424788615, 1.000000000000000000),
 ( 1.000000000000000000, 0.7876692935215970914, 1.000000000000000000),
 ( 1.000000000000000000, 0.7870063584361982612, 1.000000000000000000),
 ( 1.000000000000000000, 0.7867917697739792438, 1.000000000000000000),
 ( 1.000000000000000000, 0.7867957924694417571, 1.000000000000000000) ) ) 
 REPRESENTATION_ITEM ( '' )  SURFACE ( )  );
#2315 = DIRECTION ( 'NONE',  ( 0.000000000000000000, -1.000000000000000000, 0.000000000000000000 ) ) ;
#2316 = CARTESIAN_POINT ( 'NONE',  ( -4.855904608909648701, 4.665349315078854531, 14.19233137127070243 ) ) ;
#2317 = DIRECTION ( 'NONE',  ( 1.000000000000000000, 0.000000000000000000, 1.156335439753954780E-16 ) ) ;
#2318 = CARTESIAN_POINT ( 'NONE',  ( -11.39777448599942211, 4.614372152007838679, -8.586511163815277570 ) ) ;
#2319 = DIRECTION ( 'NONE',  ( -8.673617379884043361E-16, 0.000000000000000000, 1.000000000000000000 ) ) ;
#2320 = CARTESIAN_POINT ( 'NONE',  ( -5.781679406348509076, 17.28482863031522498, 11.17015001414734066 ) ) ;
#2321 = CARTESIAN_POINT ( 'NONE',  ( -0.4753950744329827893, 16.40289631554419358, 13.05522189908016450 ) ) ;
#2322 = CARTESIAN_POINT ( 'NONE',  ( -4.814093954405686659, 15.78240327593546866, 13.31924880523214583 ) ) ;
#2323 = AXIS2_PLACEMENT_3D ( 'NONE', #1643, #6366, #3474 ) ;
#2324 = CARTESIAN_POINT ( 'NONE',  ( -12.30110044909878297, 3.999546503159467914, 6.733905159912496607 ) ) ;
#2325 = ORIENTED_EDGE ( 'NONE', *, *, #1945, .F. ) ;
#2326 = CARTESIAN_POINT ( 'NONE',  ( 1.818374091520301938, 15.81384338419808699, -14.03596340637348128 ) ) ;
#2327 = ADVANCED_FACE ( 'NONE', ( #6098 ), #5098, .T. ) ;
#2328 = CARTESIAN_POINT ( 'NONE',  ( 12.88660698121168302, 14.75504811013966844, 5.501129821118038166 ) ) ;
#2329 = AXIS2_PLACEMENT_3D ( 'NONE', #3969, #3423, #6285 ) ;
#2330 = CARTESIAN_POINT ( 'NONE',  ( -12.60081483958442838, 15.38796119888014502, 5.536409825609898583 ) ) ;
#2331 = ORIENTED_EDGE ( 'NONE', *, *, #6448, .T. ) ;
#2332 = CARTESIAN_POINT ( 'NONE',  ( 12.04584984387923896, 4.142845021969630004, 8.954429130492670197 ) ) ;
#2333 = CARTESIAN_POINT ( 'NONE',  ( -1.367056799069312767, 3.105261479425882154, 14.93844109617768012 ) ) ;
#2334 = CARTESIAN_POINT ( 'NONE',  ( 6.571961453881572268, 17.04175505156319659, 11.21639974500515358 ) ) ;
#2335 = CARTESIAN_POINT ( 'NONE',  ( -14.07539411463699430, 15.53957261684852575, -2.576335165359325163 ) ) ;
#2336 = EDGE_CURVE ( 'NONE', #7195, #7518, #3245, .T. ) ;
#2337 = CARTESIAN_POINT ( 'NONE',  ( 5.064036296798976267, 16.81363579182244194, -12.23604312186326304 ) ) ;
#2338 = VECTOR ( 'NONE', #4975, 1000.000000000000000 ) ;
#2339 = AXIS2_PLACEMENT_3D ( 'NONE', #666, #2421, #7041 ) ;
#2340 = CYLINDRICAL_SURFACE ( 'NONE', #4207, 3.125000000000000000 ) ;
#2341 = DIRECTION ( 'NONE',  ( 0.000000000000000000, -1.000000000000000000, 0.000000000000000000 ) ) ;
#2342 = ORIENTED_EDGE ( 'NONE', *, *, #7467, .F. ) ;
#2343 = CARTESIAN_POINT ( 'NONE',  ( -11.17015001414726605, 17.28482863031528183, -5.781679406348474437 ) ) ;
#2344 = CARTESIAN_POINT ( 'NONE',  ( 12.70996834032612988, 17.17619535981904733, -1.022341735070008584 ) ) ;
#2345 = ORIENTED_EDGE ( 'NONE', *, *, #2423, .T. ) ;
#2346 = CARTESIAN_POINT ( 'NONE',  ( 13.05089206173509986, 4.318726614409882814, 5.755405932665353497 ) ) ;
#2347 = CARTESIAN_POINT ( 'NONE',  ( 2.484571322566824669, 3.799821379378589103, 14.79326353281941842 ) ) ;
#2348 = CARTESIAN_POINT ( 'NONE',  ( 11.14297885617301631, 16.10833033166840877, -8.381702850494486157 ) ) ;
#2349 = EDGE_CURVE ( 'NONE', #3684, #7396, #1801, .T. ) ;
#2350 = EDGE_LOOP ( 'NONE', ( #7488, #1951, #5198, #3599, #4589, #4348 ) ) ;
#2351 = CARTESIAN_POINT ( 'NONE',  ( 14.97678535854841009, 3.017622708062964509, -0.8511828748498857511 ) ) ;
#2352 = CARTESIAN_POINT ( 'NONE',  ( -11.30163704255987334, 4.664520003228055600, -9.862812406383753228 ) ) ;
#2353 = CARTESIAN_POINT ( 'NONE',  ( 13.78153800449295652, 15.14124894725577875, -1.587955105248848309 ) ) ;
#2354 = CARTESIAN_POINT ( 'NONE',  ( -8.647868598458284595, 4.999999999999995559, -11.35257835782100067 ) ) ;
#2355 = VERTEX_POINT ( 'NONE', #2563 ) ;
#2356 = CARTESIAN_POINT ( 'NONE',  ( -8.198282368523301500, 4.143710939356607170, 11.63749310509608215 ) ) ;
#2357 = CARTESIAN_POINT ( 'NONE',  ( 14.71428571428571530, 4.999999999999996447, 2.913725436338731267 ) ) ;
#2358 = DIRECTION ( 'NONE',  ( 0.000000000000000000, 0.000000000000000000, -1.000000000000000000 ) ) ;
#2359 = CARTESIAN_POINT ( 'NONE',  ( -15.00000000010360068, 3.999999999531889117, -0.1736455522149817354 ) ) ;
#2360 = CARTESIAN_POINT ( 'NONE',  ( -4.833782609620600468, 4.830546773239266400, 14.19980794528325063 ) ) ;
#2361 = CARTESIAN_POINT ( 'NONE',  ( 8.582380787265439182, 4.607099469528496805, 11.40085280317538441 ) ) ;
#2362 = FACE_OUTER_BOUND ( 'NONE', #1283, .T. ) ;
#2363 = CARTESIAN_POINT ( 'NONE',  ( -5.569059885503053309, 13.54305173103449000, -13.92572375912774163 ) ) ;
#2364 = CARTESIAN_POINT ( 'NONE',  ( -7.062913610235840522, 16.36206807681249842, 11.03734990865301668 ) ) ;
#2365 = AXIS2_PLACEMENT_3D ( 'NONE', #5487, #5990, #1902 ) ;
#2366 = CARTESIAN_POINT ( 'NONE',  ( 1.666152091559463644, 14.88492211286573408, 13.88005675639155356 ) ) ;
#2367 = CARTESIAN_POINT ( 'NONE',  ( 1.899999999999999911, 16.00000000000000000, 2.481053203782620287 ) ) ;
#2368 = CARTESIAN_POINT ( 'NONE',  ( -13.94701254168406557, 4.999999999999997335, 5.576398997336206698 ) ) ;
#2369 = ORIENTED_EDGE ( 'NONE', *, *, #126, .F. ) ;
#2370 = CARTESIAN_POINT ( 'NONE',  ( 1.589010866700775404, 15.12475765911620762, -13.78463168105721515 ) ) ;
#2371 = CARTESIAN_POINT ( 'NONE',  ( 11.52251658619721297, 16.99830047610587513, 6.136310843199639820 ) ) ;
#2372 = CIRCLE ( 'NONE', #1027, 1.000000000000000888 ) ;
#2373 = DIRECTION ( 'NONE',  ( 0.000000000000000000, 0.000000000000000000, 1.000000000000000000 ) ) ;
#2374 = ORIENTED_EDGE ( 'NONE', *, *, #1904, .T. ) ;
#2375 = EDGE_CURVE ( 'NONE', #5393, #233, #1268, .T. ) ;
#2376 = CARTESIAN_POINT ( 'NONE',  ( -7.159088051053367430, 3.999999999999996447, 12.03250612388162466 ) ) ;
#2377 = TOROIDAL_SURFACE ( 'NONE', #4930, 0.9999999999999995559, 1.000000000000000000 ) ;
#2378 = CARTESIAN_POINT ( 'NONE',  ( 5.575156141383481589, 16.55014497691292519, 12.35469225475000954 ) ) ;
#2379 = CARTESIAN_POINT ( 'NONE',  ( -13.48327375377315285, 15.78725876297825614, -1.309801003009354758 ) ) ;
#2380 = CARTESIAN_POINT ( 'NONE',  ( 13.16157707681817612, 4.839185763299926890, 5.517126580601948049 ) ) ;
#2381 = CARTESIAN_POINT ( 'NONE',  ( 6.452278045502994885, 4.008548059588028956, -12.54392075382336991 ) ) ;
#2382 = ORIENTED_EDGE ( 'NONE', *, *, #4905, .T. ) ;
#2383 = ORIENTED_EDGE ( 'NONE', *, *, #2982, .F. ) ;
#2384 = ADVANCED_FACE ( 'NONE', ( #368 ), #402, .F. ) ;
#2385 = CARTESIAN_POINT ( 'NONE',  ( 0.6657364734238668813, 17.26934621805472858, -12.58604157259184397 ) ) ;
#2386 = CARTESIAN_POINT ( 'NONE',  ( -4.833782609620603132, 12.99999999999999822, 14.19980794528325596 ) ) ;
#2387 = CARTESIAN_POINT ( 'NONE',  ( 11.72010620377792556, 14.08273162050470972, -9.214151770087084969 ) ) ;
#2388 = EDGE_LOOP ( 'NONE', ( #1227, #5075, #4145, #742 ) ) ;
#2389 = CARTESIAN_POINT ( 'NONE',  ( 11.95361847715563108, 3.997937849271230526, 7.357643504599879591 ) ) ;
#2390 = CARTESIAN_POINT ( 'NONE',  ( -12.08801995951516695, 3.199223961955118156, -8.882845171152133901 ) ) ;
#2391 = CARTESIAN_POINT ( 'NONE',  ( 14.75698559256729148, 14.08273162050437222, -2.119636405331958517 ) ) ;
#2392 = CARTESIAN_POINT ( 'NONE',  ( -8.194598255929301800, 4.141551853311609577, -11.63941484547451211 ) ) ;
#2393 = EDGE_CURVE ( 'NONE', #1741, #4499, #6475, .T. ) ;
#2394 = ORIENTED_EDGE ( 'NONE', *, *, #4753, .F. ) ;
#2395 = CARTESIAN_POINT ( 'NONE',  ( -8.647868598458284595, 4.999999999999997335, 11.35257835782101132 ) ) ;
#2396 = CARTESIAN_POINT ( 'NONE',  ( -11.28608250894451004, -2.000000000000000000, 9.880503104665109504 ) ) ;
#2397 = CARTESIAN_POINT ( 'NONE',  ( -14.13827127161643027, 4.033568272321477188, -0.9290270044371126135 ) ) ;
#2398 = DIRECTION ( 'NONE',  ( 0.000000000000000000, 0.000000000000000000, -1.000000000000000000 ) ) ;
#2399 = DIRECTION ( 'NONE',  ( 0.000000000000000000, 0.000000000000000000, -1.000000000000000000 ) ) ;
#2400 = CARTESIAN_POINT ( 'NONE',  ( -13.16556307376510304, 13.47209074188294053, -5.507686957097270408 ) ) ;
#2401 = CARTESIAN_POINT ( 'NONE',  ( -11.82776670834659072, 4.012211523182458883, -7.732718107054676437 ) ) ;
#2402 = DIRECTION ( 'NONE',  ( 0.000000000000000000, 1.000000000000000000, 0.000000000000000000 ) ) ;
#2403 = CARTESIAN_POINT ( 'NONE',  ( -7.875957819394688642, 15.78725876297865405, 11.02195709544280611 ) ) ;
#2404 = CARTESIAN_POINT ( 'NONE',  ( -13.14545196544383643, 4.684012049476060646, 5.554038505884818733 ) ) ;
#2405 = VERTEX_POINT ( 'NONE', #2773 ) ;
#2406 = CARTESIAN_POINT ( 'NONE',  ( -1.854719358720306799, 15.73442561444142029, -14.08911725517942237 ) ) ;
#2407 = CARTESIAN_POINT ( 'NONE',  ( 10.94434166771312000, 17.32506065368722403, 6.058590996516197258 ) ) ;
#2408 = DIRECTION ( 'NONE',  ( 0.000000000000000000, 0.000000000000000000, -1.000000000000000000 ) ) ;
#2409 = ORIENTED_EDGE ( 'NONE', *, *, #4885, .T. ) ;
#2410 = CARTESIAN_POINT ( 'NONE',  ( -7.499999999999990230, 4.003567649046301469, 11.90598573715173991 ) ) ;
#2411 = CARTESIAN_POINT ( 'NONE',  ( -10.98542241256427054, 16.15247683346992957, 7.478767802784400232 ) ) ;
#2412 = CARTESIAN_POINT ( 'NONE',  ( 5.642418855328855898, 16.66860712098416997, 12.19007913430820089 ) ) ;
#2413 = CARTESIAN_POINT ( 'NONE',  ( -14.86666666544644144, 13.27382815172679287, 2.144203077264989599 ) ) ;
#2414 = CARTESIAN_POINT ( 'NONE',  ( 14.36225731196874555, 14.92702988626206739, 2.745904235963382067 ) ) ;
#2415 = CARTESIAN_POINT ( 'NONE',  ( 5.576398996939595953, 13.27382815172661701, -13.94701254050553274 ) ) ;
#2416 = EDGE_CURVE ( 'NONE', #5895, #3067, #4644, .T. ) ;
#2417 = DIRECTION ( 'NONE',  ( 0.000000000000000000, -1.000000000000000000, 0.000000000000000000 ) ) ;
#2418 = VERTEX_POINT ( 'NONE', #2698 ) ;
#2419 = VERTEX_POINT ( 'NONE', #2078 ) ;
#2420 = CARTESIAN_POINT ( 'NONE',  ( 5.787072153133924424, 4.293044502197794543, 13.03243311105063995 ) ) ;
#2421 = DIRECTION ( 'NONE',  ( 0.000000000000000000, 1.000000000000000000, 0.000000000000000000 ) ) ;
#2422 = VERTEX_POINT ( 'NONE', #3487 ) ;
#2423 = EDGE_CURVE ( 'NONE', #1598, #2098, #747, .T. ) ;
#2424 = CARTESIAN_POINT ( 'NONE',  ( 14.17502145141662950, 4.399910688984964402, -1.604255563316717925 ) ) ;
#2425 = DIRECTION ( 'NONE',  ( 0.000000000000000000, 1.000000000000000000, 0.000000000000000000 ) ) ;
#2426 = CARTESIAN_POINT ( 'NONE',  ( -11.00134102768443789, 16.26662723198549898, -7.279393117288506687 ) ) ;
#2427 = PLANE ( 'NONE',  #4310 ) ;
#2428 = CARTESIAN_POINT ( 'NONE',  ( 8.882845171152133901, 3.199223961955118156, -12.08801995951516695 ) ) ;
#2429 = EDGE_LOOP ( 'NONE', ( #1319, #4674, #549, #6324 ) ) ;
#2430 = CARTESIAN_POINT ( 'NONE',  ( -8.653126464499013792, 3.105261479425882154, 12.25354108269273645 ) ) ;
#2431 = CARTESIAN_POINT ( 'NONE',  ( -1.646019342953222608, 3.198062733046427741, -14.91026757033118066 ) ) ;
#2432 = CARTESIAN_POINT ( 'NONE',  ( -5.618927694500204240, 4.524881317935713909, -13.11638347036147678 ) ) ;
#2433 = CARTESIAN_POINT ( 'NONE',  ( 12.25765215827344967, 3.999742238278481743, -6.791635881554127785 ) ) ;
#2434 = EDGE_CURVE ( 'NONE', #2993, #736, #7447, .T. ) ;
#2435 = CARTESIAN_POINT ( 'NONE',  ( 1.812984715944103709, 4.999999999999996447, 14.15555555555555323 ) ) ;
#2436 = CARTESIAN_POINT ( 'NONE',  ( -12.12435565298214080, 3.999999999999996447, -6.999999999999998224 ) ) ;
#2437 = CARTESIAN_POINT ( 'NONE',  ( -5.500547170247440221, 14.11544024326044600, -13.06089942128673798 ) ) ;
#2438 = B_SPLINE_CURVE_WITH_KNOTS ( 'NONE', 3,
 ( #3285, #1953, #4928, #3179, #813, #3143, #886, #1455, #5503, #5541, #3828, #1388, #7296, #2062 ),
 .UNSPECIFIED., .F., .F.,
 ( 4, 2, 2, 2, 2, 2, 4 ),
 ( 2.452985197560197115E-19, 0.0005928652010081123186, 0.001185730402016224420, 0.001482163002520280959, 0.001778595603024337715, 0.002075028203528394254, 0.002371460804032451009 ),
 .UNSPECIFIED. ) ;
#2439 = CARTESIAN_POINT ( 'NONE',  ( -5.830798150201401242, 16.86433506345923661, 11.86238340852275996 ) ) ;
#2440 = CARTESIAN_POINT ( 'NONE',  ( -1.156612623789096572, 15.99296674015739406, 13.36118846965798745 ) ) ;
#2441 = CARTESIAN_POINT ( 'NONE',  ( -10.49598459648335691, 17.17619535981905088, 7.240358084082759049 ) ) ;
#2442 = CARTESIAN_POINT ( 'NONE',  ( 13.61946885658486650, 3.947308199542813423, -6.295095963415330509 ) ) ;
#2443 = CARTESIAN_POINT ( 'NONE',  ( -14.19980794737944585, 4.837520475530925346, 4.833782603462823069 ) ) ;
#2444 = ORIENTED_EDGE ( 'NONE', *, *, #3752, .F. ) ;
#2445 = CARTESIAN_POINT ( 'NONE',  ( 13.20047581643569146, 16.85085737450766175, 0.8934441286780893110 ) ) ;
#2446 = CARTESIAN_POINT ( 'NONE',  ( 11.46128721331314360, 17.01496715519855485, 6.206221012455070074 ) ) ;
#2447 = CARTESIAN_POINT ( 'NONE',  ( 14.19226461796859340, 4.664520003228055600, -4.856098580016210420 ) ) ;
#2448 = CARTESIAN_POINT ( 'NONE',  ( 0.1722019271349920500, 2.999999999930747840, -14.99999999999999822 ) ) ;
#2449 = VERTEX_POINT ( 'NONE', #1625 ) ;
#2450 = VECTOR ( 'NONE', #4893, 1000.000000000000000 ) ;
#2451 = CARTESIAN_POINT ( 'NONE',  ( 6.597550462147858674, 3.894656027646297591, 13.47281781817679125 ) ) ;
#2452 = CARTESIAN_POINT ( 'NONE',  ( 11.35878052288828677, 4.839156113676546411, 8.639668682331169691 ) ) ;
#2453 = CARTESIAN_POINT ( 'NONE',  ( -13.40115970712672855, 15.65594707400770957, 4.810718918164607949 ) ) ;
#2454 = CARTESIAN_POINT ( 'NONE',  ( -1.490888660588205017, 4.282960109847522290, 14.17976097921979850 ) ) ;
#2455 = CARTESIAN_POINT ( 'NONE',  ( 5.931909150103519934, 16.30222877997778497, 11.74681108925780393 ) ) ;
#2456 = CARTESIAN_POINT ( 'NONE',  ( -12.66091160529887638, 17.21418835519330415, 0.9204998121805254563 ) ) ;
#2457 = CARTESIAN_POINT ( 'NONE',  ( 13.94701254168406201, 4.999999999999996447, 5.576398997336192487 ) ) ;
#2458 = CIRCLE ( 'NONE', #6347, 1.000000000000000000 ) ;
#2459 = ORIENTED_EDGE ( 'NONE', *, *, #3557, .F. ) ;
#2460 = VERTEX_POINT ( 'NONE', #1469 ) ;
#2461 = CIRCLE ( 'NONE', #1356, 1.000000000000000888 ) ;
#2462 = CARTESIAN_POINT ( 'NONE',  ( 12.41112474532339327, 4.001665540206356120, 6.600511365826492671 ) ) ;
#2463 = TOROIDAL_SURFACE ( 'NONE', #7211, 0.9999999999999995559, 1.000000000000000000 ) ;
#2464 = CARTESIAN_POINT ( 'NONE',  ( -11.96049791042221777, 16.15961920737652591, -5.781002004980751785 ) ) ;
#2465 = CARTESIAN_POINT ( 'NONE',  ( 0.9220730286383970187, 4.032479215937835093, 14.13703744229554182 ) ) ;
#2466 = ORIENTED_EDGE ( 'NONE', *, *, #3356, .T. ) ;
#2467 = CARTESIAN_POINT ( 'NONE',  ( 14.99999999999999645, 3.999999999999996447, -2.240784408311342349E-15 ) ) ;
#2468 = CARTESIAN_POINT ( 'NONE',  ( -12.99038105676658006, 2.999999999999996447, -7.499999999999999112 ) ) ;
#2469 = CARTESIAN_POINT ( 'NONE',  ( 14.69339806473005794, 14.34089593620477743, -2.104045631365467184 ) ) ;
#2470 = CARTESIAN_POINT ( 'NONE',  ( -8.639696812090454259, 4.839185763299974852, -11.35876031310471035 ) ) ;
#2471 = ORIENTED_EDGE ( 'NONE', *, *, #5278, .T. ) ;
#2472 = EDGE_CURVE ( 'NONE', #2098, #6710, #973, .T. ) ;
#2473 = CARTESIAN_POINT ( 'NONE',  ( -5.588191531790077882, 4.808283127649763067, 13.94182075383884722 ) ) ;
#2474 = CARTESIAN_POINT ( 'NONE',  ( 1.548809864450510165, 16.94059604637914163, 12.99180068935323895 ) ) ;
#2475 = CARTESIAN_POINT ( 'NONE',  ( -14.98722279060173079, 3.928673933947245622, -0.6377227951500191727 ) ) ;
#2476 = CARTESIAN_POINT ( 'NONE',  ( 0.000000000000000000, 16.00000000000000000, -3.125000000000000000 ) ) ;
#2477 = CARTESIAN_POINT ( 'NONE',  ( 8.884264786689074711, 4.080934495940592655, 12.09578671560559648 ) ) ;
#2478 = DIRECTION ( 'NONE',  ( 0.000000000000000000, 1.000000000000000000, 0.000000000000000000 ) ) ;
#2479 = CARTESIAN_POINT ( 'NONE',  ( -5.539052375149250196, 15.39308095162503953, -12.59366281644364882 ) ) ;
#2480 = CARTESIAN_POINT ( 'NONE',  ( -5.517158147667559298, 4.839156113676549964, -13.16156282062376626 ) ) ;
#2481 = CARTESIAN_POINT ( 'NONE',  ( -5.064036296799121040, 16.81363579182231760, 12.23604312186335363 ) ) ;
#2482 = ADVANCED_FACE ( 'NONE', ( #5022 ), #1508, .T. ) ;
#2483 = CARTESIAN_POINT ( 'NONE',  ( 14.08919953934217517, 3.934431103140404673, -5.147924617829628069 ) ) ;
#2484 = CARTESIAN_POINT ( 'NONE',  ( -7.159176476580801030, 3.999999999999996447, -12.03245507137955883 ) ) ;
#2485 = EDGE_LOOP ( 'NONE', ( #4595, #5205 ) ) ;
#2486 = CARTESIAN_POINT ( 'NONE',  ( 13.05932101221012154, 14.12311881470131425, 5.500487948794225090 ) ) ;
#2487 = FACE_BOUND ( 'NONE', #4662, .T. ) ;
#2488 = AXIS2_PLACEMENT_3D ( 'NONE', #734, #80, #1916 ) ;
#2489 = CARTESIAN_POINT ( 'NONE',  ( 0.1736455522149718822, 3.999999999532099171, -15.00000000010359891 ) ) ;
#2490 = EDGE_LOOP ( 'NONE', ( #6550, #2960, #5237, #189 ) ) ;
#2491 = EDGE_CURVE ( 'NONE', #2753, #1741, #170, .T. ) ;
#2492 = DIRECTION ( 'NONE',  ( -0.000000000000000000, -1.000000000000000000, -0.000000000000000000 ) ) ;
#2493 = CARTESIAN_POINT ( 'NONE',  ( -13.14774777327278343, 15.99135119082478695, 4.835345152318431872 ) ) ;
#2494 = CARTESIAN_POINT ( 'NONE',  ( 7.364416399830339799, 17.14268327565266858, 10.47703382026142371 ) ) ;
#2495 = CARTESIAN_POINT ( 'NONE',  ( -13.42205201875535003, 16.49948735465805782, 2.061062864221853363 ) ) ;
#2496 = CARTESIAN_POINT ( 'NONE',  ( 14.84456048424113739, 13.54305173103468363, 2.139914543521620249 ) ) ;
#2497 = CARTESIAN_POINT ( 'NONE',  ( 5.499640303989870915, 14.54792975267244515, -12.95347242699075885 ) ) ;
#2498 = ORIENTED_EDGE ( 'NONE', *, *, #7545, .T. ) ;
#2499 = ORIENTED_EDGE ( 'NONE', *, *, #3734, .T. ) ;
#2500 = AXIS2_PLACEMENT_3D ( 'NONE', #2231, #3414, #6348 ) ;
#2501 = DIRECTION ( 'NONE',  ( -0.5000000000000001110, -0.000000000000000000, 0.8660254037844387076 ) ) ;
#2502 = ORIENTED_EDGE ( 'NONE', *, *, #7132, .T. ) ;
#2503 = CARTESIAN_POINT ( 'NONE',  ( 6.122281498153799184, 17.32959717367248587, 10.89993891572358287 ) ) ;
#2504 = CARTESIAN_POINT ( 'NONE',  ( -11.99508917419339227, 3.267587546154536948, -9.007699399683616548 ) ) ;
#2505 = CARTESIAN_POINT ( 'NONE',  ( 14.16131459924504199, 4.684012049476009132, 1.762787543028783155 ) ) ;
#2506 = ORIENTED_EDGE ( 'NONE', *, *, #6859, .T. ) ;
#2507 = CARTESIAN_POINT ( 'NONE',  ( -5.517126580601929398, 4.839185763299925114, 13.16157707681803934 ) ) ;
#2508 = CARTESIAN_POINT ( 'NONE',  ( 1.687278167414105301, 16.10833033166838746, 13.84095418852565551 ) ) ;
#2509 = CARTESIAN_POINT ( 'NONE',  ( -6.827007016428486175, 3.999999999999998224, -12.22423319861507096 ) ) ;
#2510 = CARTESIAN_POINT ( 'NONE',  ( 9.880503104184356289, 13.28506311036453269, -11.28608250936538404 ) ) ;
#2511 = CARTESIAN_POINT ( 'NONE',  ( 7.959214786790307805, 4.051461718327667327, 11.74670010441887058 ) ) ;
#2512 = EDGE_CURVE ( 'NONE', #3067, #7187, #6782, .T. ) ;
#2513 = CARTESIAN_POINT ( 'NONE',  ( -7.175613042175438494, 16.93155670826557468, -11.00449765801694113 ) ) ;
#2514 = CARTESIAN_POINT ( 'NONE',  ( 13.16556307376509949, 12.99999999999999822, -5.507686957097277514 ) ) ;
#2515 = CARTESIAN_POINT ( 'NONE',  ( -4.820575731209990167, 14.06732362297316818, -14.11389779736112082 ) ) ;
#2516 = CARTESIAN_POINT ( 'NONE',  ( 13.77768802533365289, 4.142845021969426611, -5.954797409725730795 ) ) ;
#2517 = CARTESIAN_POINT ( 'NONE',  ( 4.833782609620612014, 4.830546773239268177, -14.19980794528324886 ) ) ;
#2518 = VERTEX_POINT ( 'NONE', #6818 ) ;
#2519 =( BOUNDED_SURFACE ( )  B_SPLINE_SURFACE ( 3, 2, ( 
 ( #3590, #4151, #1166 ),
 ( #6482, #3544, #24 ),
 ( #4800, #595, #5216 ),
 ( #7543, #2924, #5251 ),
 ( #2361, #1249, #3047 ),
 ( #3009, #7018, #5913 ),
 ( #1785, #7131, #680 ),
 ( #5329, #640, #6441 ),
 ( #5867, #2477, #1203 ),
 ( #2967, #5290, #5444 ),
 ( #2586, #3664, #181 ),
 ( #2511, #4837, #4873 ),
 ( #755, #2625, #334 ),
 ( #4301, #2658, #2011 ),
 ( #258, #864, #4367 ),
 ( #3195, #1365, #1408 ),
 ( #4980, #3703, #2545 ),
 ( #5520, #4911, #5482 ) ),
 .UNSPECIFIED., .F., .F., .T. ) 
 B_SPLINE_SURFACE_WITH_KNOTS ( ( 4, 2, 2, 2, 2, 2, 2, 2, 4 ),
 ( 3, 3 ),
 ( 0.001302520603113770234, 0.001783172609227537311, 0.002263824615341304605, 0.002744476621455071465, 0.003225128627568838759, 0.003705780633682605619, 0.004186432639796372479, 0.004667084645910139773, 0.005147736652023907067 ),
 ( 0.000000000000000000, 1.000000000000000000 ),
 .UNSPECIFIED. ) 
 GEOMETRIC_REPRESENTATION_ITEM ( )  RATIONAL_B_SPLINE_SURFACE ( (
 ( 1.000000000000000000, 0.7867957924694433114, 1.000000000000000000),
 ( 1.000000000000000000, 0.7867918659038543039, 1.000000000000000000),
 ( 1.000000000000000000, 0.7870059279259896678, 1.000000000000000000),
 ( 1.000000000000000000, 0.7876722697780035309, 1.000000000000000000),
 ( 1.000000000000000000, 0.7881326248067466178, 1.000000000000000000),
 ( 1.000000000000000000, 0.7887758449273769568, 1.000000000000000000),
 ( 1.000000000000000000, 0.7889663658733621077, 1.000000000000000000),
 ( 1.000000000000000000, 0.7882435220810539711, 1.000000000000000000),
 ( 1.000000000000000000, 0.7873519033453393323, 1.000000000000000000),
 ( 1.000000000000000000, 0.7832757266629365445, 1.000000000000000000),
 ( 1.000000000000000000, 0.7801295861738568593, 1.000000000000000000),
 ( 1.000000000000000000, 0.7702790648040718224, 1.000000000000000000),
 ( 1.000000000000000000, 0.7633849859748049749, 1.000000000000000000),
 ( 1.000000000000000000, 0.7458883219264413889, 1.000000000000000000),
 ( 1.000000000000000000, 0.7349125052205983666, 1.000000000000000000),
 ( 1.000000000000000000, 0.7151046345649701985, 1.000000000000000000),
 ( 1.000000000000000000, 0.7068896004544290568, 1.000000000000000000),
 ( 1.000000000000000000, 0.7071067811865475727, 1.000000000000000000) ) ) 
 REPRESENTATION_ITEM ( '' )  SURFACE ( )  );
#2520 = CARTESIAN_POINT ( 'NONE',  ( 0.000000000000000000, 12.99999999999999822, 0.000000000000000000 ) ) ;
#2521 = CARTESIAN_POINT ( 'NONE',  ( -14.15555555555555500, 12.99999999999999822, 1.812984715944101044 ) ) ;
#2522 = EDGE_CURVE ( 'NONE', #4472, #2842, #2629, .T. ) ;
#2523 = CARTESIAN_POINT ( 'NONE',  ( -1.762599460242733507, 4.683386901737473629, -14.16133527209276899 ) ) ;
#2524 = EDGE_LOOP ( 'NONE', ( #6007, #1702, #4097, #3943 ) ) ;
#2525 = DIRECTION ( 'NONE',  ( 0.000000000000000000, 0.000000000000000000, 1.000000000000000000 ) ) ;
#2526 = CARTESIAN_POINT ( 'NONE',  ( -11.33743483434096611, 16.46355971662075746, 6.363987995962253841 ) ) ;
#2527 = CARTESIAN_POINT ( 'NONE',  ( -9.742056353669447333, 4.186591583603316735, 11.40613017102162274 ) ) ;
#2528 = CARTESIAN_POINT ( 'NONE',  ( -13.12874233373509902, 16.81363579182227141, 1.732437482217319635 ) ) ;
#2529 = CARTESIAN_POINT ( 'NONE',  ( 5.500487948794223314, 14.12311881470149899, -13.05932101220992969 ) ) ;
#2530 = EDGE_CURVE ( 'NONE', #1562, #7083, #3538, .T. ) ;
#2531 = ORIENTED_EDGE ( 'NONE', *, *, #4428, .F. ) ;
#2532 = ORIENTED_EDGE ( 'NONE', *, *, #5799, .T. ) ;
#2533 = CARTESIAN_POINT ( 'NONE',  ( -13.12841785121959148, 16.31664398817211747, 0.7282353545379662840 ) ) ;
#2534 = LINE ( 'NONE', #5006, #7117 ) ;
#2535 = CARTESIAN_POINT ( 'NONE',  ( 1.979416708409554975E-15, 2.999999999999996447, 14.99999999999999822 ) ) ;
#2536 = ORIENTED_EDGE ( 'NONE', *, *, #6346, .F. ) ;
#2537 = CARTESIAN_POINT ( 'NONE',  ( 14.79771196371507180, 3.768420980672146037, -2.458091484875676525 ) ) ;
#2538 = LINE ( 'NONE', #5473, #1997 ) ;
#2539 = CARTESIAN_POINT ( 'NONE',  ( 14.15321486287381525, 4.052630740461609093, 1.024369362932552541 ) ) ;
#2540 = ORIENTED_EDGE ( 'NONE', *, *, #6574, .T. ) ;
#2541 = CARTESIAN_POINT ( 'NONE',  ( -12.99038105676658184, 2.999999999999996447, -7.499999999999997335 ) ) ;
#2542 = CARTESIAN_POINT ( 'NONE',  ( 12.99038105676658184, 4.999999999999996447, 7.499999999999996447 ) ) ;
#2543 = CARTESIAN_POINT ( 'NONE',  ( 0.1076962429820648853, 17.33044428562124395, 12.49954207052154942 ) ) ;
#2544 = CARTESIAN_POINT ( 'NONE',  ( 9.045844200877949604, 14.83240756451486675, -11.55897117105580385 ) ) ;
#2545 = CARTESIAN_POINT ( 'NONE',  ( 7.647726554026982981, 2.999999999931400207, 12.90509109103264329 ) ) ;
#2546 = CARTESIAN_POINT ( 'NONE',  ( -8.064706036935888278, 16.81363579182238155, -10.50360563964614791 ) ) ;
#2547 = CARTESIAN_POINT ( 'NONE',  ( 13.06089942128673620, 14.11544024326025060, -5.500547170247442885 ) ) ;
#2548 = CARTESIAN_POINT ( 'NONE',  ( -9.221802897687425116, -2.000000000000000000, -11.53367700834821363 ) ) ;
#2549 = DIRECTION ( 'NONE',  ( -0.000000000000000000, 1.000000000000000000, -0.000000000000000000 ) ) ;
#2550 = CARTESIAN_POINT ( 'NONE',  ( -14.17667459282657738, 4.130308299584162235, 1.254903985561381941 ) ) ;
#2551 = ORIENTED_EDGE ( 'NONE', *, *, #5423, .T. ) ;
#2552 = CARTESIAN_POINT ( 'NONE',  ( 13.24191606716839331, 16.80948711538496099, 0.9757255049069676334 ) ) ;
#2553 = CARTESIAN_POINT ( 'NONE',  ( 7.499999999999994671, 2.999999999999996447, -12.99038105676658184 ) ) ;
#2554 = LINE ( 'NONE', #6647, #4812 ) ;
#2555 = CARTESIAN_POINT ( 'NONE',  ( 5.925184271772755196, 16.30062072611450219, -11.75255820896436454 ) ) ;
#2556 = CARTESIAN_POINT ( 'NONE',  ( -2.253072478058686379, 3.563653805202691149, -14.83028674763171395 ) ) ;
#2557 = ORIENTED_EDGE ( 'NONE', *, *, #5653, .F. ) ;
#2558 = EDGE_CURVE ( 'NONE', #95, #4727, #4764, .T. ) ;
#2559 =( BOUNDED_SURFACE ( )  B_SPLINE_SURFACE ( 3, 2, ( 
 ( #2848, #6359, #2918 ),
 ( #1781, #4146, #553 ),
 ( #2884, #4715, #6940 ),
 ( #5175, #2961, #6398 ),
 ( #5211, #5246, #1708 ),
 ( #590, #4189, #1196 ),
 ( #19, #4035, #2430 ),
 ( #1243, #519, #4108 ),
 ( #2356, #5758, #5908 ),
 ( #6434, #7050, #676 ),
 ( #1855, #2313, #96 ),
 ( #6478, #4609, #3583 ),
 ( #1742, #1159, #7506 ),
 ( #5862, #6975, #2279 ),
 ( #5828, #5796, #1125 ),
 ( #3463, #4646, #7539 ),
 ( #634, #4074, #4749 ),
 ( #2395, #3500, #5285 ) ),
 .UNSPECIFIED., .F., .F., .T. ) 
 B_SPLINE_SURFACE_WITH_KNOTS ( ( 4, 2, 2, 2, 2, 2, 2, 2, 4 ),
 ( 3, 3 ),
 ( 0.001001835143902671428, 0.001483160195672275118, 0.001964485247441878808, 0.002445810299211482498, 0.002927135350981086188, 0.003408460402750689879, 0.003889785454520293569, 0.004371110506289897259, 0.004852435558059500949 ),
 ( 0.000000000000000000, 1.000000000000000000 ),
 .UNSPECIFIED. ) 
 GEOMETRIC_REPRESENTATION_ITEM ( )  RATIONAL_B_SPLINE_SURFACE ( (
 ( 1.000000000000000000, 0.7071067811865473507, 1.000000000000000000),
 ( 1.000000000000000000, 0.7068862653318046529, 1.000000000000000000),
 ( 1.000000000000000000, 0.7152614521121919422, 1.000000000000000000),
 ( 1.000000000000000000, 0.7353188346933904329, 1.000000000000000000),
 ( 1.000000000000000000, 0.7463742780416754430, 1.000000000000000000),
 ( 1.000000000000000000, 0.7639171294620669128, 1.000000000000000000),
 ( 1.000000000000000000, 0.7705876985466251217, 1.000000000000000000),
 ( 1.000000000000000000, 0.7802728411341832704, 1.000000000000000000),
 ( 1.000000000000000000, 0.7834142574742224419, 1.000000000000000000),
 ( 1.000000000000000000, 0.7873757974864294962, 1.000000000000000000),
 ( 1.000000000000000000, 0.7882590930829803666, 1.000000000000000000),
 ( 1.000000000000000000, 0.7889663206215896674, 1.000000000000000000),
 ( 1.000000000000000000, 0.7887727214692507038, 1.000000000000000000),
 ( 1.000000000000000000, 0.7881288200424697576, 1.000000000000000000),
 ( 1.000000000000000000, 0.7876692935215785507, 1.000000000000000000),
 ( 1.000000000000000000, 0.7870063584362152476, 1.000000000000000000),
 ( 1.000000000000000000, 0.7867917697739650329, 1.000000000000000000),
 ( 1.000000000000000000, 0.7867957924694418681, 1.000000000000000000) ) ) 
 REPRESENTATION_ITEM ( '' )  SURFACE ( )  );
#2560 = CARTESIAN_POINT ( 'NONE',  ( -11.03589809421299606, 16.37135068137266813, 7.050282969972225366 ) ) ;
#2561 = CARTESIAN_POINT ( 'NONE',  ( 9.168855999849428784, 14.34089593620476322, 11.67283317629025774 ) ) ;
#2562 = CARTESIAN_POINT ( 'NONE',  ( -13.02033660023177042, 16.44188171060361014, 0.2943446787389795705 ) ) ;
#2563 = CARTESIAN_POINT ( 'NONE',  ( 7.500000000001944223, 16.12864346198168164, -10.99038105676658184 ) ) ;
#2564 = CARTESIAN_POINT ( 'NONE',  ( 14.71428571440995015, 13.28506311036469079, 2.913725435711330469 ) ) ;
#2565 = CARTESIAN_POINT ( 'NONE',  ( -6.750896493523675268, 16.44667749271684798, -11.13224226246344273 ) ) ;
#2566 = VECTOR ( 'NONE', #1280, 1000.000000000000000 ) ;
#2567 = LINE ( 'NONE', #5001, #2450 ) ;
#2568 = DIRECTION ( 'NONE',  ( 0.000000000000000000, 0.000000000000000000, -1.000000000000000000 ) ) ;
#2569 = EDGE_CURVE ( 'NONE', #7037, #1036, #3185, .T. ) ;
#2570 = CARTESIAN_POINT ( 'NONE',  ( 13.60430984361095597, 3.095467947649503060, 6.320459823088496520 ) ) ;
#2571 = CARTESIAN_POINT ( 'NONE',  ( -11.04820240344469440, 16.38964867619609933, -6.999467481303596195 ) ) ;
#2572 = CARTESIAN_POINT ( 'NONE',  ( 0.7652844104612354093, 3.907900456521088639, 14.98116554175091331 ) ) ;
#2573 = VECTOR ( 'NONE', #5633, 1000.000000000000000 ) ;
#2574 = CIRCLE ( 'NONE', #1358, 0.9999999999999991118 ) ;
#2575 = CARTESIAN_POINT ( 'NONE',  ( 14.98876103017780714, 2.994285338930128493, -0.6680919990761537974 ) ) ;
#2576 = CARTESIAN_POINT ( 'NONE',  ( -6.436933537001372052, 3.067136549718196381, -13.54972693296700825 ) ) ;
#2577 = CARTESIAN_POINT ( 'NONE',  ( 14.99999999999999645, 3.999999999999996447, -1.499058752049443647E-15 ) ) ;
#2578 = CIRCLE ( 'NONE', #4043, 0.9999999999999991118 ) ;
#2579 = CARTESIAN_POINT ( 'NONE',  ( 14.17661040376638226, 4.363762369312535583, -1.575460519861955122 ) ) ;
#2580 = AXIS2_PLACEMENT_3D ( 'NONE', #6112, #884, #2140 ) ;
#2581 = CARTESIAN_POINT ( 'NONE',  ( -11.47315234143892404, 4.401344754123157621, -8.477816314114921425 ) ) ;
#2582 = EDGE_CURVE ( 'NONE', #1073, #2606, #5009, .T. ) ;
#2583 = CARTESIAN_POINT ( 'NONE',  ( -5.582237758724242660, 4.607099469528385782, 13.13298618831100661 ) ) ;
#2584 = CARTESIAN_POINT ( 'NONE',  ( 1.713907998563207302, 14.54792975267245403, 13.96785634098989703 ) ) ;
#2585 = CARTESIAN_POINT ( 'NONE',  ( 11.28608250894451004, 4.999999999999996447, -9.880503104665104175 ) ) ;
#2586 = CARTESIAN_POINT ( 'NONE',  ( 8.122454553271976962, 4.106013060889049271, 11.67542540137588247 ) ) ;
#2587 = CIRCLE ( 'NONE', #4653, 1.000000000000000888 ) ;
#2588 = CARTESIAN_POINT ( 'NONE',  ( -8.229324991265805522, 16.27517960485689130, -11.08474571422301125 ) ) ;
#2589 = CARTESIAN_POINT ( 'NONE',  ( -5.501129821118011520, 14.75504811013966844, 12.88660698121189085 ) ) ;
#2590 = CARTESIAN_POINT ( 'NONE',  ( 13.98394238340223517, 14.51664821311963571, -1.724439468475801540 ) ) ;
#2591 = CARTESIAN_POINT ( 'NONE',  ( -10.47465196686927236, 17.03592563587023534, 7.620510878564292767 ) ) ;
#2592 = CARTESIAN_POINT ( 'NONE',  ( -14.14544964346166189, 4.042053953700337487, 0.9732546751469899338 ) ) ;
#2593 = EDGE_LOOP ( 'NONE', ( #670, #6335, #842, #7556 ) ) ;
#2594 = CARTESIAN_POINT ( 'NONE',  ( 7.791966415364431242, 3.976587152145433013, -12.81825726170334789 ) ) ;
#2595 = DIRECTION ( 'NONE',  ( 0.000000000000000000, 1.000000000000000000, 0.000000000000000000 ) ) ;
#2596 = CARTESIAN_POINT ( 'NONE',  ( -13.26709057966439786, 15.52528394055997474, -5.443409875966741751 ) ) ;
#2597 = CARTESIAN_POINT ( 'NONE',  ( 1.762787543028780268, 4.684012049476009132, -14.16131459924503488 ) ) ;
#2598 = VERTEX_POINT ( 'NONE', #1765 ) ;
#2599 = CARTESIAN_POINT ( 'NONE',  ( -11.23956442842718317, 14.54792975267244515, 8.468216037000013685 ) ) ;
#2600 = CARTESIAN_POINT ( 'NONE',  ( 8.592578950132882198, 13.90480324426319925, 11.31497531606678209 ) ) ;
#2601 = CARTESIAN_POINT ( 'NONE',  ( 11.73717644089700585, 3.536346359595049726, 9.340942086419966373 ) ) ;
#2602 = CARTESIAN_POINT ( 'NONE',  ( -5.632870599227121744, 15.88004558182180759, -12.25905902929457802 ) ) ;
#2603 = AXIS2_PLACEMENT_3D ( 'NONE', #6749, #6066, #3889 ) ;
#2604 = EDGE_CURVE ( 'NONE', #4669, #7305, #2999, .T. ) ;
#2605 = DIRECTION ( 'NONE',  ( 0.000000000000000000, 1.000000000000000000, 0.000000000000000000 ) ) ;
#2606 = VERTEX_POINT ( 'NONE', #1098 ) ;
#2607 = LINE ( 'NONE', #6657, #4575 ) ;
#2608 = AXIS2_PLACEMENT_3D ( 'NONE', #5912, #6522, #7510 ) ;
#2609 = CARTESIAN_POINT ( 'NONE',  ( -1.766098209239181260, 14.12311881470130004, -14.05994772714713115 ) ) ;
#2610 = DIRECTION ( 'NONE',  ( -0.000000000000000000, 1.000000000000000000, -0.000000000000000000 ) ) ;
#2611 =( LENGTH_UNIT ( ) NAMED_UNIT ( * ) SI_UNIT ( .MILLI., .METRE. ) );
#2612 = CARTESIAN_POINT ( 'NONE',  ( 14.00000000035655390, 3.999999999999996447, -0.1602652030396948535 ) ) ;
#2613 = EDGE_CURVE ( 'NONE', #6797, #579, #5631, .T. ) ;
#2614 = VECTOR ( 'NONE', #3701, 1000.000000000000000 ) ;
#2615 = CARTESIAN_POINT ( 'NONE',  ( 14.71852094677779021, 4.678312227110531296, 2.892561931404213027 ) ) ;
#2616 = CARTESIAN_POINT ( 'NONE',  ( 13.99999999999999822, 3.999999999999996447, -0.1993759310500139159 ) ) ;
#2617 = CARTESIAN_POINT ( 'NONE',  ( -12.90355828074818945, 3.999999999531469008, -7.650381459523771355 ) ) ;
#2618 = CYLINDRICAL_SURFACE ( 'NONE', #4537, 1.999999999999999556 ) ;
#2619 = CARTESIAN_POINT ( 'NONE',  ( -6.736219664775306981, 3.999560766178291704, 12.29931781088910903 ) ) ;
#2620 = B_SPLINE_CURVE_WITH_KNOTS ( 'NONE', 3,
 ( #6620, #1390, #2030, #6692, #319, #4433, #3830, #3253, #7335, #2104, #6766, #3870, #6185, #5153, #4017, #5735 ),
 .UNSPECIFIED., .F., .F.,
 ( 4, 2, 2, 2, 2, 2, 2, 4 ),
 ( 0.000000000000000000, 0.0005078598180034127720, 0.001015719636006825544, 0.001523579454010238424, 0.002031439272013651088, 0.002539299090017063752, 0.003047158908020476849, 0.004062878544027301309 ),
 .UNSPECIFIED. ) ;
#2621 = CARTESIAN_POINT ( 'NONE',  ( -0.7247550688507320427, 16.92071623829504290, 13.12907722402453103 ) ) ;
#2622 = CARTESIAN_POINT ( 'NONE',  ( -12.65634395981256688, 4.021877728794277296, -6.325984467650355825 ) ) ;
#2623 = TOROIDAL_SURFACE ( 'NONE', #3607, 1.000000000000000444, 1.000000000000000000 ) ;
#2624 = ORIENTED_EDGE ( 'NONE', *, *, #4216, .T. ) ;
#2625 = CARTESIAN_POINT ( 'NONE',  ( 8.362121892213199459, 3.894580777457699927, 12.45464012973034151 ) ) ;
#2626 = DIRECTION ( 'NONE',  ( 0.000000000000000000, 0.000000000000000000, 1.000000000000000000 ) ) ;
#2627 = EDGE_CURVE ( 'NONE', #3648, #1216, #5495, .T. ) ;
#2628 = CARTESIAN_POINT ( 'NONE',  ( -7.721379793976765882, 16.67762755837661359, -10.98010119661097406 ) ) ;
#2629 = B_SPLINE_CURVE_WITH_KNOTS ( 'NONE', 3,
 ( #2737, #5057, #2160, #4486, #3570, #6504, #1272, #5850, #5272, #4704, #7036, #2989, #1225, #3615, #1803, #4178 ),
 .UNSPECIFIED., .F., .F.,
 ( 4, 2, 2, 2, 2, 2, 2, 4 ),
 ( 0.000000000000000000, 0.001149644654124140717, 0.002299289308248281434, 0.002874111635310353744, 0.003448933962372425187, 0.004023756289434497063, 0.004311167452965535170, 0.004598578616496572409 ),
 .UNSPECIFIED. ) ;
#2630 = CARTESIAN_POINT ( 'NONE',  ( -5.443409875966633393, 15.52528394056016481, 13.26709057966440497 ) ) ;
#2631 = CARTESIAN_POINT ( 'NONE',  ( -4.977074295931796399, 16.62025081957873951, -12.49624309805606082 ) ) ;
#2632 = CARTESIAN_POINT ( 'NONE',  ( -13.92178665776229352, 3.460362391599531406, -5.586143455690905313 ) ) ;
#2633 = CARTESIAN_POINT ( 'NONE',  ( 14.19980794528325063, 12.99999999999999822, 4.833782609620612014 ) ) ;
#2634 = CARTESIAN_POINT ( 'NONE',  ( -14.16462548862089932, 4.604426607162358742, 1.749855697232792773 ) ) ;
#2635 = CARTESIAN_POINT ( 'NONE',  ( 8.088366383860922326, 3.007811910147840884, -12.63360089696126742 ) ) ;
#2636 = CARTESIAN_POINT ( 'NONE',  ( 9.880503104665097069, 12.99999999999999822, -11.28608250894451714 ) ) ;
#2637 = CARTESIAN_POINT ( 'NONE',  ( -1.196539283530158260, 4.106013060889035060, -14.17244227421767278 ) ) ;
#2638 = ORIENTED_EDGE ( 'NONE', *, *, #5227, .T. ) ;
#2639 = CARTESIAN_POINT ( 'NONE',  ( -2.733803201866535471, 4.186591583603316735, 14.74902666381159300 ) ) ;
#2640 = CARTESIAN_POINT ( 'NONE',  ( 9.214151770087079640, 14.08273162050476834, 11.72010620377791668 ) ) ;
#2641 = ORIENTED_EDGE ( 'NONE', *, *, #2277, .F. ) ;
#2642 = CARTESIAN_POINT ( 'NONE',  ( -8.647868598458273937, 4.999999999999996447, 11.35257835782100777 ) ) ;
#2643 = CARTESIAN_POINT ( 'NONE',  ( -6.151218662403824311, 16.41702334936802288, -11.50897117984305318 ) ) ;
#2644 = LINE ( 'NONE', #1994, #6489 ) ;
#2645 = EDGE_LOOP ( 'NONE', ( #4284, #5696, #5649, #5466 ) ) ;
#2646 = CARTESIAN_POINT ( 'NONE',  ( -13.24343948118285752, 16.16451511327516499, -0.9593535021593543322 ) ) ;
#2647 = CARTESIAN_POINT ( 'NONE',  ( -11.64990834579252876, 4.130308299584161347, 8.175116027219795356 ) ) ;
#2648 = DIRECTION ( 'NONE',  ( -0.000000000000000000, 1.000000000000000000, -0.000000000000000000 ) ) ;
#2649 = CARTESIAN_POINT ( 'NONE',  ( -10.49998244371604805, 16.84331918830451613, -8.000013859369889957 ) ) ;
#2650 = CARTESIAN_POINT ( 'NONE',  ( -11.44606569533558194, 4.466339822256686354, 8.517667704006933960 ) ) ;
#2651 = CARTESIAN_POINT ( 'NONE',  ( -5.582811601712268867, 3.463178456121495774, -13.92309978547884874 ) ) ;
#2652 = CARTESIAN_POINT ( 'NONE',  ( 14.99999999999999822, 2.999999999930747840, 0.1722019271349912450 ) ) ;
#2653 = VERTEX_POINT ( 'NONE', #2213 ) ;
#2654 = CARTESIAN_POINT ( 'NONE',  ( -13.05075654363782789, 4.318531402295731958, 5.755640349088899654 ) ) ;
#2655 = CARTESIAN_POINT ( 'NONE',  ( 2.139857865800623760, 13.54770619938522103, 14.84422340033417598 ) ) ;
#2656 = CARTESIAN_POINT ( 'NONE',  ( 11.60795262001551187, 4.176517398680562820, -8.254657891876151510 ) ) ;
#2657 = EDGE_CURVE ( 'NONE', #6262, #1443, #132, .T. ) ;
#2658 = CARTESIAN_POINT ( 'NONE',  ( 8.153338511455169524, 3.907900456521123722, 12.59142773222585099 ) ) ;
#2659 = CARTESIAN_POINT ( 'NONE',  ( 13.31586965316880189, 2.994094911299064687, -6.913657451678340671 ) ) ;
#2660 = CARTESIAN_POINT ( 'NONE',  ( -6.765078269372589048, 16.44188171060361014, -11.12876992225554496 ) ) ;
#2661 = CARTESIAN_POINT ( 'NONE',  ( 12.25409408115556076, 16.80181036654437676, -5.056913543733408289 ) ) ;
#2662 = CARTESIAN_POINT ( 'NONE',  ( 13.03271057284534606, 16.42815922429076636, -0.3726201907537307068 ) ) ;
#2663 = CARTESIAN_POINT ( 'NONE',  ( -13.61700072273520945, 3.102923436545238722, -6.293133214647986584 ) ) ;
#2664 = ADVANCED_FACE ( 'NONE', ( #4655 ), #1714, .F. ) ;
#2665 = CARTESIAN_POINT ( 'NONE',  ( -2.892561931404180164, 4.678312227110531296, 14.71852094677779732 ) ) ;
#2666 = CARTESIAN_POINT ( 'NONE',  ( -0.2681656369885246360, 17.33012701892219454, -12.50000000000000711 ) ) ;
#2667 = FACE_OUTER_BOUND ( 'NONE', #6368, .T. ) ;
#2668 = CARTESIAN_POINT ( 'NONE',  ( 4.833782609620612014, 13.54176985573761449, -14.19980794528324886 ) ) ;
#2669 = CARTESIAN_POINT ( 'NONE',  ( -12.72913956773596489, 15.14124894725558335, -5.515559541031787916 ) ) ;
#2670 = CARTESIAN_POINT ( 'NONE',  ( -1.646105641417487941, 4.080934495940447881, -14.91739096781677709 ) ) ;
#2671 = EDGE_LOOP ( 'NONE', ( #4209, #2290, #912, #2139, #4506, #2764, #4444, #210, #5323, #7297, #981, #620, #1298, #1389, #6212, #6493 ) ) ;
#2672 = DIRECTION ( 'NONE',  ( 0.000000000000000000, 0.000000000000000000, -1.000000000000000000 ) ) ;
#2673 = CARTESIAN_POINT ( 'NONE',  ( 5.884202245669380993, 3.267587546154537836, 13.79844109687654274 ) ) ;
#2674 = VERTEX_POINT ( 'NONE', #5804 ) ;
#2675 = CARTESIAN_POINT ( 'NONE',  ( 2.054445291108465188, 14.83240756451487030, -14.53328477618512515 ) ) ;
#2676 = CARTESIAN_POINT ( 'NONE',  ( -5.507686957097273961, 12.99999999999999822, -13.16556307376510127 ) ) ;
#2677 = CARTESIAN_POINT ( 'NONE',  ( 14.71428571428571352, 12.99999999999999822, -2.913725436338734376 ) ) ;
#2678 = EDGE_LOOP ( 'NONE', ( #1847, #4974, #6531, #4774, #327 ) ) ;
#2679 = CARTESIAN_POINT ( 'NONE',  ( 7.499999999999997335, 3.999999999999996447, -10.99038105676658184 ) ) ;
#2680 = CARTESIAN_POINT ( 'NONE',  ( -2.144203077510812072, 12.99999999999999645, -14.86666666666666536 ) ) ;
#2681 = CARTESIAN_POINT ( 'NONE',  ( -14.77954536690817022, 3.901733890749974787, -2.563689962508008957 ) ) ;
#2682 = LINE ( 'NONE', #3288, #1021 ) ;
#2683 = B_SPLINE_CURVE_WITH_KNOTS ( 'NONE', 3,
 ( #1364, #7017, #3702, #7055 ),
 .UNSPECIFIED., .F., .F.,
 ( 4, 4 ),
 ( 0.001821205213464016214, 0.002366648002764650330 ),
 .UNSPECIFIED. ) ;
#2684 = CARTESIAN_POINT ( 'NONE',  ( -10.63616752293498990, 16.36882392162267763, -8.639558443368642315 ) ) ;
#2685 = CARTESIAN_POINT ( 'NONE',  ( 1.899999999999999911, 12.00000000000000000, 2.481053203782620287 ) ) ;
#2686 = CARTESIAN_POINT ( 'NONE',  ( 10.69431115584768754, 17.32149913304451516, 6.502015155285765680 ) ) ;
#2687 = CARTESIAN_POINT ( 'NONE',  ( -6.285314631678532216, 3.105261479425883042, -13.62059788176200570 ) ) ;
#2688 = DIRECTION ( 'NONE',  ( -0.000000000000000000, -1.000000000000000000, -0.000000000000000000 ) ) ;
#2689 = ORIENTED_EDGE ( 'NONE', *, *, #840, .T. ) ;
#2690 = CARTESIAN_POINT ( 'NONE',  ( 8.152517752642253868, 15.36885808127248687, -11.09821342991980941 ) ) ;
#2691 = LINE ( 'NONE', #899, #2338 ) ;
#2692 = CARTESIAN_POINT ( 'NONE',  ( -14.11389779736111905, 14.06732362297316463, 4.820575731209996384 ) ) ;
#2693 = AXIS2_PLACEMENT_3D ( 'NONE', #487, #5146, #7516 ) ;
#2694 = DIRECTION ( 'NONE',  ( 0.000000000000000000, -1.000000000000000000, 0.000000000000000000 ) ) ;
#2695 = CARTESIAN_POINT ( 'NONE',  ( 5.854973657592039693, 3.283103708752179717, -13.81088070764170617 ) ) ;
#2696 = CARTESIAN_POINT ( 'NONE',  ( -14.71428571302215893, 4.837520475530915576, -2.913725442719721226 ) ) ;
#2697 = CARTESIAN_POINT ( 'NONE',  ( 0.000000000000000000, -2.000000000000000000, 8.500000000000000000 ) ) ;
#2698 = CARTESIAN_POINT ( 'NONE',  ( 0.000000000000000000, -1.046597125924626503, 15.00000000000000000 ) ) ;
#2699 = CARTESIAN_POINT ( 'NONE',  ( -11.29406329479238558, 14.11544024326044600, -8.560797109984283892 ) ) ;
#2700 = TOROIDAL_SURFACE ( 'NONE', #6115, 1.000000000000000444, 1.000000000000000000 ) ;
#2701 = CARTESIAN_POINT ( 'NONE',  ( -13.31060112274840002, 16.62025081957873951, -1.937848772228544680 ) ) ;
#2702 = ADVANCED_FACE ( 'NONE', ( #6293 ), #3546, .T. ) ;
#2703 = CARTESIAN_POINT ( 'NONE',  ( 10.98010119661076978, 16.67762755837662070, -7.721379793976660189 ) ) ;
#2704 = CARTESIAN_POINT ( 'NONE',  ( -6.470300233964176861, 17.33111043878622937, -10.69648815029760591 ) ) ;
#2705 = FACE_OUTER_BOUND ( 'NONE', #6573, .T. ) ;
#2706 = CIRCLE ( 'NONE', #1965, 4.975000000000000533 ) ;
#2707 = CARTESIAN_POINT ( 'NONE',  ( 11.35257835782100422, 3.999999999999996447, 8.647868598458279266 ) ) ;
#2708 = ORIENTED_EDGE ( 'NONE', *, *, #516, .T. ) ;
#2709 = CARTESIAN_POINT ( 'NONE',  ( 10.69648815029760058, 17.33111043878622581, -6.470300233964175085 ) ) ;
#2710 = DIRECTION ( 'NONE',  ( 0.000000000000000000, 0.000000000000000000, -1.000000000000000000 ) ) ;
#2711 = CARTESIAN_POINT ( 'NONE',  ( -12.34061117205251179, 16.56095533821321197, -5.580368343960532052 ) ) ;
#2712 = EDGE_CURVE ( 'NONE', #2909, #5885, #644, .T. ) ;
#2713 = CARTESIAN_POINT ( 'NONE',  ( -8.307078918498600473, 15.03165809364147343, 11.16004390720886619 ) ) ;
#2714 = ORIENTED_EDGE ( 'NONE', *, *, #4473, .F. ) ;
#2715 = CARTESIAN_POINT ( 'NONE',  ( -1.169262027503907841, 3.061395714370281684, 14.95528626626283497 ) ) ;
#2716 = CARTESIAN_POINT ( 'NONE',  ( 11.28608251410101104, 4.837498224088121468, -9.880503098775051285 ) ) ;
#2717 = EDGE_LOOP ( 'NONE', ( #6008, #5784, #5201, #3561, #7115 ) ) ;
#2718 = CARTESIAN_POINT ( 'NONE',  ( 12.64533781280142399, 2.994094911299063799, 8.075052667287291541 ) ) ;
#2719 = CARTESIAN_POINT ( 'NONE',  ( 12.99038105676658184, 3.999999999999996447, 7.499999999999994671 ) ) ;
#2720 = EDGE_CURVE ( 'NONE', #7078, #4640, #4518, .T. ) ;
#2721 = CARTESIAN_POINT ( 'NONE',  ( 11.35568309531483067, 16.45747003169181966, 6.343783726296273962 ) ) ;
#2722 = ORIENTED_EDGE ( 'NONE', *, *, #1116, .F. ) ;
#2723 = CARTESIAN_POINT ( 'NONE',  ( 10.53367700834821719, 4.999999999999996447, 9.221802897687419787 ) ) ;
#2724 = CARTESIAN_POINT ( 'NONE',  ( 7.875957819394790782, 15.78725876297825614, -11.02195709544281321 ) ) ;
#2725 = CARTESIAN_POINT ( 'NONE',  ( 12.37529021073874524, 16.71832469119268438, 5.012322974481855375 ) ) ;
#2726 = CARTESIAN_POINT ( 'NONE',  ( -5.697133232117516322, 4.401344754123210912, -13.07858046736117608 ) ) ;
#2727 = CARTESIAN_POINT ( 'NONE',  ( -12.99038105676658006, 4.999999999999996447, -7.499999999999999112 ) ) ;
#2728 = AXIS2_PLACEMENT_3D ( 'NONE', #961, #5615, #4933 ) ;
#2729 = CARTESIAN_POINT ( 'NONE',  ( 11.97111031651600577, 3.287421879862405749, 9.039524921499928922 ) ) ;
#2730 = CARTESIAN_POINT ( 'NONE',  ( 1.504690256009524330, 15.39075523191874950, -13.67962077176047231 ) ) ;
#2731 = DIRECTION ( 'NONE',  ( -1.734723475976807094E-16, 0.000000000000000000, -1.000000000000000000 ) ) ;
#2732 = CARTESIAN_POINT ( 'NONE',  ( 5.670694106942891111, 4.530546518778114873, -13.90535253665198923 ) ) ;
#2733 = CARTESIAN_POINT ( 'NONE',  ( -14.77577431223028093, 3.932679644397176766, 2.585191681029240574 ) ) ;
#2734 = EDGE_LOOP ( 'NONE', ( #5341, #3782 ) ) ;
#2735 = AXIS2_PLACEMENT_3D ( 'NONE', #4458, #4005, #7474 ) ;
#2736 = CARTESIAN_POINT ( 'NONE',  ( 12.99038105676641131, 14.39804924711261691, -5.500000000000005329 ) ) ;
#2737 = CARTESIAN_POINT ( 'NONE',  ( -1.812984715944100600, 12.99999999999999822, -14.15555555555555500 ) ) ;
#2738 = CARTESIAN_POINT ( 'NONE',  ( -9.720310283619509661, 14.40389851827503520, -11.16992021780997391 ) ) ;
#2739 = CARTESIAN_POINT ( 'NONE',  ( 11.80480987754767419, 16.26662723198569793, -5.887744247026465594 ) ) ;
#2740 = TOROIDAL_SURFACE ( 'NONE', #4440, 0.9999999999999995559, 1.000000000000000000 ) ;
#2741 = CARTESIAN_POINT ( 'NONE',  ( 0.000000000000000000, 3.399999999999998579, 3.575000000000000178 ) ) ;
#2742 = CARTESIAN_POINT ( 'NONE',  ( -13.52181228253361134, 3.901731976069061858, -6.497743808341109428 ) ) ;
#2743 = CARTESIAN_POINT ( 'NONE',  ( 1.899999999999999911, 16.00000000000000000, 2.481053203782620287 ) ) ;
#2744 = DIRECTION ( 'NONE',  ( 0.000000000000000000, 0.000000000000000000, -1.000000000000000000 ) ) ;
#2745 = ADVANCED_FACE ( 'NONE', ( #3551 ), #1103, .F. ) ;
#2746 = CARTESIAN_POINT ( 'NONE',  ( 8.647258034146076966, 3.947308199542606033, -12.26144745187113294 ) ) ;
#2747 = CYLINDRICAL_SURFACE ( 'NONE', #534, 2.000000000000000000 ) ;
#2748 = AXIS2_PLACEMENT_3D ( 'NONE', #5697, #2262, #3441 ) ;
#2749 = CARTESIAN_POINT ( 'NONE',  ( -1.303873187969412709E-15, 2.999999999999996447, -14.99999999999999822 ) ) ;
#2750 = ORIENTED_EDGE ( 'NONE', *, *, #3649, .T. ) ;
#2751 = CARTESIAN_POINT ( 'NONE',  ( -1.803351922683150033, 3.267587546154536060, 14.89190164535298777 ) ) ;
#2752 = CARTESIAN_POINT ( 'NONE',  ( 11.35876031310478318, 4.839185763299926890, -8.639696812090544853 ) ) ;
#2753 = VERTEX_POINT ( 'NONE', #6491 ) ;
#2754 = CARTESIAN_POINT ( 'NONE',  ( 1.812984715234539523, 13.22805048829267172, -14.15555555403216204 ) ) ;
#2755 = EDGE_CURVE ( 'NONE', #5895, #1733, #2085, .T. ) ;
#2756 = CARTESIAN_POINT ( 'NONE',  ( 11.24048614865604279, 14.54162390953169215, 8.469872295051743549 ) ) ;
#2757 = CARTESIAN_POINT ( 'NONE',  ( -11.30906776769770694, 16.46379014889337711, 6.412695475152994540 ) ) ;
#2758 = ORIENTED_EDGE ( 'NONE', *, *, #5209, .F. ) ;
#2759 = CARTESIAN_POINT ( 'NONE',  ( -2.913725436338733932, 12.99999999999999645, -14.71428571428571530 ) ) ;
#2760 = CARTESIAN_POINT ( 'NONE',  ( -9.880503104665098846, 4.999999999999996447, -11.28608250894451359 ) ) ;
#2761 = EDGE_CURVE ( 'NONE', #633, #5085, #3552, .T. ) ;
#2762 = CARTESIAN_POINT ( 'NONE',  ( 5.485008887375157016, 16.27517960485689841, -12.66917735554598146 ) ) ;
#2763 = FACE_OUTER_BOUND ( 'NONE', #3725, .T. ) ;
#2764 = ORIENTED_EDGE ( 'NONE', *, *, #3364, .F. ) ;
#2765 = CARTESIAN_POINT ( 'NONE',  ( 12.58918461679358280, 17.26706329440288101, 0.6771793161701965547 ) ) ;
#2766 = DIRECTION ( 'NONE',  ( 0.000000000000000000, 0.000000000000000000, 1.000000000000000000 ) ) ;
#2767 = CARTESIAN_POINT ( 'NONE',  ( 12.99038105676658184, 3.999999999999996447, 7.499999999999994671 ) ) ;
#2768 = DIRECTION ( 'NONE',  ( 1.156482317317871971E-16, -0.000000000000000000, 1.000000000000000000 ) ) ;
#2769 = CARTESIAN_POINT ( 'NONE',  ( 2.160119828535544073, 16.37417753715288526, -13.52667334521142983 ) ) ;
#2770 = CARTESIAN_POINT ( 'NONE',  ( 5.244929883552523542, 3.799821379378518937, -14.05362768558296871 ) ) ;
#2771 = CARTESIAN_POINT ( 'NONE',  ( -14.89481999283076341, 4.281769720007674529, 1.877849636914292963 ) ) ;
#2772 = FACE_OUTER_BOUND ( 'NONE', #4910, .T. ) ;
#2773 = CARTESIAN_POINT ( 'NONE',  ( -9.221802897687414458, 4.999999999999996447, 11.53367700834822074 ) ) ;
#2774 = CARTESIAN_POINT ( 'NONE',  ( -8.636923201680774653, 13.45670434138513016, -11.34474476896686213 ) ) ;
#2775 = CARTESIAN_POINT ( 'NONE',  ( -12.55702589879665076, 17.29005908467787833, -0.5491462531320254747 ) ) ;
#2776 = CARTESIAN_POINT ( 'NONE',  ( 10.59215624950891232, 17.28482863031517880, -6.782793973160438306 ) ) ;
#2777 = CARTESIAN_POINT ( 'NONE',  ( -11.13255668351556871, 15.19636796204956930, -8.249908894056236619 ) ) ;
#2778 = DIRECTION ( 'NONE',  ( -1.953992523340275196E-14, 0.000000000000000000, 1.000000000000000000 ) ) ;
#2779 = CARTESIAN_POINT ( 'NONE',  ( 2.428612866367529932E-15, 3.999999999999996447, 13.99999999999999822 ) ) ;
#2780 = LINE ( 'NONE', #5102, #3107 ) ;
#2781 = DIRECTION ( 'NONE',  ( 0.000000000000000000, 0.000000000000000000, -1.000000000000000000 ) ) ;
#2782 = CARTESIAN_POINT ( 'NONE',  ( 12.99038105676658006, 4.999999999999996447, 5.499999999999996447 ) ) ;
#2783 = DIRECTION ( 'NONE',  ( 0.000000000000000000, 0.000000000000000000, 1.000000000000000000 ) ) ;
#2784 = CARTESIAN_POINT ( 'NONE',  ( -1.798295736719178750, 3.264955391823475495, -14.89253009652686366 ) ) ;
#2785 = CARTESIAN_POINT ( 'NONE',  ( 12.90509109103255625, 2.999999999931400207, -7.647726554027131307 ) ) ;
#2786 = ORIENTED_EDGE ( 'NONE', *, *, #1818, .F. ) ;
#2787 = CARTESIAN_POINT ( 'NONE',  ( 1.155111849801924384, 17.12778597774543243, -12.77069720519746987 ) ) ;
#2788 = CARTESIAN_POINT ( 'NONE',  ( 11.28148588170153310, 15.71364624161003043, 8.655736472323523500 ) ) ;
#2789 = ORIENTED_EDGE ( 'NONE', *, *, #2712, .T. ) ;
#2790 = EDGE_CURVE ( 'NONE', #3572, #1100, #3913, .T. ) ;
#2791 = DIRECTION ( 'NONE',  ( 0.000000000000000000, -1.000000000000000000, 0.000000000000000000 ) ) ;
#2792 = CARTESIAN_POINT ( 'NONE',  ( -14.86666666666666536, 12.99999999999999822, -2.144203077510811628 ) ) ;
#2793 = CARTESIAN_POINT ( 'NONE',  ( 4.926093210164849800, 16.49948735465787308, -12.65436945126946711 ) ) ;
#2794 = CARTESIAN_POINT ( 'NONE',  ( 0.000000000000000000, 16.00000000000000000, 0.000000000000000000 ) ) ;
#2795 = EDGE_LOOP ( 'NONE', ( #1331, #5430, #7049, #7161 ) ) ;
#2796 = CARTESIAN_POINT ( 'NONE',  ( -12.82334038609026905, 2.999999999999996891, 7.789322928541755786 ) ) ;
#2797 = CARTESIAN_POINT ( 'NONE',  ( -0.9936359200582980389, 16.14461645573611293, 13.25859878421629112 ) ) ;
#2798 = ADVANCED_FACE ( 'NONE', ( #304 ), #6788, .T. ) ;
#2799 = CARTESIAN_POINT ( 'NONE',  ( 11.98228315970864699, 3.999546503159472799, 7.286112903467284241 ) ) ;
#2800 = DIRECTION ( 'NONE',  ( -0.000000000000000000, -1.000000000000000000, -0.000000000000000000 ) ) ;
#2801 = CARTESIAN_POINT ( 'NONE',  ( -2.719477073916150456, 4.999999999999996447, -13.73333333333333250 ) ) ;
#2802 = CARTESIAN_POINT ( 'NONE',  ( -12.99038105676657295, 4.999999999999996447, 5.500000000000009770 ) ) ;
#2803 = CARTESIAN_POINT ( 'NONE',  ( -14.16255675161319516, 4.343291071816128834, 4.942069876338676337 ) ) ;
#2804 = CARTESIAN_POINT ( 'NONE',  ( 2.863648009109652559, 14.13100405513731772, 14.60051445113068880 ) ) ;
#2805 = CARTESIAN_POINT ( 'NONE',  ( -14.95378216794268766, 3.064958436848806755, 1.188701323372288510 ) ) ;
#2806 =( BOUNDED_SURFACE ( )  B_SPLINE_SURFACE ( 3, 2, ( 
 ( #5173, #5023, #1548 ),
 ( #6937, #369, #3884 ),
 ( #1015, #4528, #1670 ),
 ( #518, #403, #4000 ),
 ( #2699, #7353, #477 ),
 ( #3347, #6201, #5634 ),
 ( #5058, #2122, #1586 ),
 ( #974, #1088, #6281 ),
 ( #2161, #3419, #5676 ),
 ( #1705, #4031, #2846 ),
 ( #6354, #1055, #3381 ),
 ( #5715, #2810, #6783 ),
 ( #3304, #4487, #3921 ),
 ( #5130, #6241, #7469 ),
 ( #1811, #3532, #5824 ),
 ( #2426, #709, #4791 ),
 ( #13, #1962, #3840 ),
 ( #6193, #4134, #6961 ),
 ( #5312, #5456, #6466 ),
 ( #619, #1228, #1379 ),
 ( #662, #4062, #1769 ),
 ( #6930, #577, #2992 ),
 ( #4098, #5782, #3714 ),
 ( #4596, #1696, #4023 ),
 ( #6343, #541, #2343 ),
 ( #2872, #5199, #6382 ),
 ( #5817, #2907, #4 ),
 ( #7001, #1184, #3524 ),
 ( #3818, #2711, #878 ),
 ( #3169, #5530, #1481 ),
 ( #345, #1557, #4882 ),
 ( #5492, #6142, #271 ),
 ( #2669, #2596, #2133 ),
 ( #1520, #3859, #6175 ),
 ( #4919, #949, #5031 ),
 ( #6864, #4532, #6243 ),
 ( #4488, #7429, #5134 ),
 ( #6939, #2239, #6283 ),
 ( #6905, #7537, #1588 ),
 ( #4033, #5794, #5756 ) ),
 .UNSPECIFIED., .F., .F., .T. ) 
 B_SPLINE_SURFACE_WITH_KNOTS ( ( 4, 2, 2, 2, 2, 2, 2, 2, 2, 2, 2, 2, 2, 2, 2, 2, 2, 2, 2, 4 ),
 ( 3, 3 ),
 ( 0.000000000000000000, 0.0006748142658293162762, 0.001349628531658632552, 0.002024442797487948937, 0.002361849930402607021, 0.002699257063317265105, 0.003374071329146581706, 0.004048885594975897874, 0.004386292727890555958, 0.004723699860805214042, 0.005398514126634530209, 0.005735921259549189161, 0.006073328392463847245, 0.006748142658293163412, 0.007422956924122479580, 0.008097771189951795748, 0.008772585455781111916, 0.009447399721610428083, 0.01012221398743974425, 0.01079702825326906042 ),
 ( 0.000000000000000000, 1.000000000000000000 ),
 .UNSPECIFIED. ) 
 GEOMETRIC_REPRESENTATION_ITEM ( )  RATIONAL_B_SPLINE_SURFACE ( (
 ( 1.000000000000000000, 0.7867957924694434224, 1.000000000000000000),
 ( 1.000000000000000000, 0.7867893510871465379, 1.000000000000000000),
 ( 1.000000000000000000, 0.7886154144826955648, 1.000000000000000000),
 ( 1.000000000000000000, 0.7953661699509901872, 1.000000000000000000),
 ( 1.000000000000000000, 0.8003370620002708824, 1.000000000000000000),
 ( 1.000000000000000000, 0.8122778712298200920, 1.000000000000000000),
 ( 1.000000000000000000, 0.8191018390052537956, 1.000000000000000000),
 ( 1.000000000000000000, 0.8294273880736885429, 1.000000000000000000),
 ( 1.000000000000000000, 0.8328837475270008950, 1.000000000000000000),
 ( 1.000000000000000000, 0.8396202395222943649, 1.000000000000000000),
 ( 1.000000000000000000, 0.8429190808683827418, 1.000000000000000000),
 ( 1.000000000000000000, 0.8520089025835885232, 1.000000000000000000),
 ( 1.000000000000000000, 0.8570195765218440176, 1.000000000000000000),
 ( 1.000000000000000000, 0.8641253354132851783, 1.000000000000000000),
 ( 1.000000000000000000, 0.8660656719303936324, 1.000000000000000000),
 ( 1.000000000000000000, 0.8672705396855423521, 1.000000000000000000),
 ( 1.000000000000000000, 0.8674005837561121757, 1.000000000000000000),
 ( 1.000000000000000000, 0.8673400669030842947, 1.000000000000000000),
 ( 1.000000000000000000, 0.8671565711264515031, 1.000000000000000000),
 ( 1.000000000000000000, 0.8665197314968648978, 1.000000000000000000),
 ( 1.000000000000000000, 0.8660366921798959838, 1.000000000000000000),
 ( 1.000000000000000000, 0.8660201165652898769, 1.000000000000000000),
 ( 1.000000000000000000, 0.8661157520136478771, 1.000000000000000000),
 ( 1.000000000000000000, 0.8664506541182311894, 1.000000000000000000),
 ( 1.000000000000000000, 0.8666907191152287693, 1.000000000000000000),
 ( 1.000000000000000000, 0.8673394484498713197, 1.000000000000000000),
 ( 1.000000000000000000, 0.8676850451489537264, 1.000000000000000000),
 ( 1.000000000000000000, 0.8661932981187583369, 1.000000000000000000),
 ( 1.000000000000000000, 0.8643369046395189548, 1.000000000000000000),
 ( 1.000000000000000000, 0.8574128041482905749, 1.000000000000000000),
 ( 1.000000000000000000, 0.8524249261065657279, 1.000000000000000000),
 ( 1.000000000000000000, 0.8404064465175764553, 1.000000000000000000),
 ( 1.000000000000000000, 0.8333831374745317433, 1.000000000000000000),
 ( 1.000000000000000000, 0.8194743686560648221, 1.000000000000000000),
 ( 1.000000000000000000, 0.8124799750443602031, 1.000000000000000000),
 ( 1.000000000000000000, 0.8005275974376048209, 1.000000000000000000),
 ( 1.000000000000000000, 0.7955347744212325489, 1.000000000000000000),
 ( 1.000000000000000000, 0.7886441666173039655, 1.000000000000000000),
 ( 1.000000000000000000, 0.7867760218660621030, 1.000000000000000000),
 ( 1.000000000000000000, 0.7867957924694430893, 1.000000000000000000) ) ) 
 REPRESENTATION_ITEM ( '' )  SURFACE ( )  );
#2807 = ORIENTED_EDGE ( 'NONE', *, *, #7560, .T. ) ;
#2808 = CARTESIAN_POINT ( 'NONE',  ( 12.48301650129759111, 15.57769828401842460, -5.562876332489749664 ) ) ;
#2809 = CARTESIAN_POINT ( 'NONE',  ( 5.670376953056699421, 4.531312346189690921, 13.90549294068460284 ) ) ;
#2810 = CARTESIAN_POINT ( 'NONE',  ( -11.14767464797511565, 16.09491777460652884, -8.392940792702960451 ) ) ;
#2811 = CARTESIAN_POINT ( 'NONE',  ( -13.53097049545302610, 16.36882392162266697, -2.163993327970088476 ) ) ;
#2812 = EDGE_CURVE ( 'NONE', #6039, #3455, #835, .T. ) ;
#2813 = CIRCLE ( 'NONE', #3178, 1.000000000000000000 ) ;
#2814 = CARTESIAN_POINT ( 'NONE',  ( 11.35400421931955961, 17.04080462639354110, -6.335706115410818740 ) ) ;
#2815 = DIRECTION ( 'NONE',  ( 1.224646799147353454E-16, 0.000000000000000000, -1.000000000000000000 ) ) ;
#2816 = CARTESIAN_POINT ( 'NONE',  ( 15.00000000000000000, 2.999999999999996447, -1.734723475976807094E-15 ) ) ;
#2817 = DIRECTION ( 'NONE',  ( 0.000000000000000000, 0.000000000000000000, -1.000000000000000000 ) ) ;
#2818 = CARTESIAN_POINT ( 'NONE',  ( 9.368444765113075334, 3.565920217497967837, -11.71520184131028941 ) ) ;
#2819 = AXIS2_PLACEMENT_3D ( 'NONE', #6240, #4981, #7427 ) ;
#2820 = CARTESIAN_POINT ( 'NONE',  ( 1.260608332900891027, 17.08407666565372907, 12.82422012126512811 ) ) ;
#2821 = CARTESIAN_POINT ( 'NONE',  ( -9.275500598738085856, 13.54305173103482574, 11.78580921560652861 ) ) ;
#2822 = CIRCLE ( 'NONE', #872, 15.00000000000000000 ) ;
#2823 = AXIS2_PLACEMENT_3D ( 'NONE', #5353, #4934, #4252 ) ;
#2824 = CARTESIAN_POINT ( 'NONE',  ( -12.98836474378054362, 16.18082439328296118, 4.856629834033911131 ) ) ;
#2825 = CARTESIAN_POINT ( 'NONE',  ( -8.333526826816600064, 16.62025081957874306, 10.55839432582752302 ) ) ;
#2826 = CARTESIAN_POINT ( 'NONE',  ( 12.04683991270672294, 4.141511870957485186, -8.953040594892685888 ) ) ;
#2827 = ORIENTED_EDGE ( 'NONE', *, *, #2835, .T. ) ;
#2828 = CARTESIAN_POINT ( 'NONE',  ( 1.349119278872228822, 16.55014497691213293, -13.48705541924411300 ) ) ;
#2829 = CARTESIAN_POINT ( 'NONE',  ( 11.24631383074807545, 15.81384338419808699, 8.592739860026698651 ) ) ;
#2830 = ORIENTED_EDGE ( 'NONE', *, *, #6151, .T. ) ;
#2831 = APPLICATION_PROTOCOL_DEFINITION ( 'draft international standard', 'automotive_design', 1998, #3585 ) ;
#2832 = CARTESIAN_POINT ( 'NONE',  ( -9.003634839779495636, 3.264955391823474162, -11.99816152185699458 ) ) ;
#2833 = CARTESIAN_POINT ( 'NONE',  ( -14.71428571440988442, 13.28506311036484355, -2.913725435711665757 ) ) ;
#2834 = CARTESIAN_POINT ( 'NONE',  ( 8.243157104514878597, 16.26117027160109885, -11.08937075647922654 ) ) ;
#2835 = EDGE_CURVE ( 'NONE', #736, #5605, #5138, .T. ) ;
#2836 = CARTESIAN_POINT ( 'NONE',  ( -9.221802897687425116, 4.999999999999996447, -10.53367700834821186 ) ) ;
#2837 = ORIENTED_EDGE ( 'NONE', *, *, #4428, .T. ) ;
#2838 = CYLINDRICAL_SURFACE ( 'NONE', #741, 1.000000000000000000 ) ;
#2839 = CARTESIAN_POINT ( 'NONE',  ( -5.507686957097260638, 12.99999999999999822, 13.16556307376510837 ) ) ;
#2840 = CARTESIAN_POINT ( 'NONE',  ( 2.892632945959056734, 4.678371526212158571, 14.71850766178429915 ) ) ;
#2841 = CARTESIAN_POINT ( 'NONE',  ( -14.71850766178430803, 4.678371526212158571, 2.892632945959012769 ) ) ;
#2842 = VERTEX_POINT ( 'NONE', #6248 ) ;
#2843 = EDGE_CURVE ( 'NONE', #5191, #3481, #4396, .T. ) ;
#2844 = CARTESIAN_POINT ( 'NONE',  ( 11.09609694137711955, 16.43264738721185836, -6.838526846438353957 ) ) ;
#2845 = AXIS2_PLACEMENT_3D ( 'NONE', #800, #6604, #2744 ) ;
#2846 = CARTESIAN_POINT ( 'NONE',  ( -10.79686138065122059, 15.88150506235262327, -9.050574357866846498 ) ) ;
#2847 = CARTESIAN_POINT ( 'NONE',  ( -14.06984828761738093, 15.55953571197783702, 2.574494266290806355 ) ) ;
#2848 = CARTESIAN_POINT ( 'NONE',  ( -6.999999999999988454, 3.999999999999996447, 12.12435565298214613 ) ) ;
#2849 = CARTESIAN_POINT ( 'NONE',  ( -5.494221923307046396, 3.536346359595048838, -13.95808136256740717 ) ) ;
#2850 = LINE ( 'NONE', #5177, #5984 ) ;
#2851 = VECTOR ( 'NONE', #3241, 1000.000000000000000 ) ;
#2852 = CARTESIAN_POINT ( 'NONE',  ( -7.499999999999990230, 2.999999999999996447, 12.99038105676658539 ) ) ;
#2853 = EDGE_CURVE ( 'NONE', #6208, #7012, #1839, .T. ) ;
#2854 = DIRECTION ( 'NONE',  ( -3.197442310920450836E-14, 0.000000000000000000, 1.000000000000000000 ) ) ;
#2855 = CYLINDRICAL_SURFACE ( 'NONE', #4804, 0.9999999999999991118 ) ;
#2856 = CARTESIAN_POINT ( 'NONE',  ( 1.370528865785298311, 17.03171344788464125, 12.88647056264517055 ) ) ;
#2857 = AXIS2_PLACEMENT_3D ( 'NONE', #804, #5454, #230 ) ;
#2858 = FACE_OUTER_BOUND ( 'NONE', #5655, .T. ) ;
#2859 = CARTESIAN_POINT ( 'NONE',  ( -4.894839191884792662, 16.38381850098476278, 12.78423900337655006 ) ) ;
#2860 = CARTESIAN_POINT ( 'NONE',  ( 11.71686882982736222, 3.563653805202726677, -9.366361376382313253 ) ) ;
#2861 = ORIENTED_EDGE ( 'NONE', *, *, #3691, .T. ) ;
#2862 = CARTESIAN_POINT ( 'NONE',  ( 1.499871338450117886, 15.39308095162523848, -13.67595811331038647 ) ) ;
#2863 = CARTESIAN_POINT ( 'NONE',  ( 11.28608250936533608, 13.28506311036463927, 9.880503104184409580 ) ) ;
#2864 = ORIENTED_EDGE ( 'NONE', *, *, #3831, .T. ) ;
#2865 = CARTESIAN_POINT ( 'NONE',  ( 11.80280946185894386, 4.903143899974593545, 9.290267672488042194 ) ) ;
#2866 = DIRECTION ( 'NONE',  ( -8.881784197001252323E-15, 0.000000000000000000, 1.000000000000000000 ) ) ;
#2867 = CARTESIAN_POINT ( 'NONE',  ( -13.25859878421623783, 16.14461645573611293, -0.9936359200581833528 ) ) ;
#2868 = CARTESIAN_POINT ( 'NONE',  ( 5.781679406348477102, 17.28482863031528183, -11.17015001414726250 ) ) ;
#2869 = B_SPLINE_CURVE_WITH_KNOTS ( 'NONE', 3,
 ( #1129, #2282, #4540, #5180, #6870, #6943, #1637, #6289, #5723, #1711, #483, #5142, #3468, #4038, #6362, #7476 ),
 .UNSPECIFIED., .F., .F.,
 ( 4, 2, 2, 2, 2, 2, 2, 4 ),
 ( 0.000000000000000000, 0.0009985881523668590533, 0.001497882228550289664, 0.001997176304733720709, 0.002496470380917151753, 0.002995764457100581930, 0.003495058533284012975, 0.003994352609467444019 ),
 .UNSPECIFIED. ) ;
#2870 = CARTESIAN_POINT ( 'NONE',  ( -12.45464012973019940, 3.894580777457699927, 8.362121892213203012 ) ) ;
#2871 = ORIENTED_EDGE ( 'NONE', *, *, #881, .F. ) ;
#2872 = CARTESIAN_POINT ( 'NONE',  ( -11.62367320297130746, 16.37135068137267524, -6.032226618178554212 ) ) ;
#2873 = CARTESIAN_POINT ( 'NONE',  ( -11.28608250894451004, 4.830546773239269065, 9.880503104665113057 ) ) ;
#2874 = ORIENTED_EDGE ( 'NONE', *, *, #4481, .F. ) ;
#2875 = DIRECTION ( 'NONE',  ( -0.000000000000000000, 1.000000000000000000, -0.000000000000000000 ) ) ;
#2876 = B_SPLINE_CURVE_WITH_KNOTS ( 'NONE', 3,
 ( #5032, #5645, #4462, #7399, #7439, #6793, #6915, #2210, #6253, #5070, #1641, #7514, #1558, #6176, #4543, #3977 ),
 .UNSPECIFIED., .F., .F.,
 ( 4, 2, 2, 2, 2, 2, 2, 4 ),
 ( 0.000000000000000000, 0.0009985881523668627396, 0.001497882228550292700, 0.001997176304733722877, 0.002496470380917153054, 0.002995764457100582798, 0.003495058533284013409, 0.003994352609467443152 ),
 .UNSPECIFIED. ) ;
#2877 = CARTESIAN_POINT ( 'NONE',  ( 1.653483764996426020, 4.466339822256647274, 14.17141751754961909 ) ) ;
#2878 = CARTESIAN_POINT ( 'NONE',  ( -14.13703744229554182, 4.032479215937831540, 0.9220730286383600482 ) ) ;
#2879 = ORIENTED_EDGE ( 'NONE', *, *, #4481, .T. ) ;
#2880 = CARTESIAN_POINT ( 'NONE',  ( 14.93923515656374690, 3.102923436545238722, -1.358487128082829676 ) ) ;
#2881 = CARTESIAN_POINT ( 'NONE',  ( 14.09534554197426459, 13.90480324426300029, -1.783903996805166425 ) ) ;
#2882 = VERTEX_POINT ( 'NONE', #1676 ) ;
#2883 = B_SPLINE_CURVE_WITH_KNOTS ( 'NONE', 3,
 ( #2436, #7093, #4758, #2401, #3545, #2968, #65, #3632, #5948, #718, #2318, #3048, #4721, #7019 ),
 .UNSPECIFIED., .F., .F.,
 ( 4, 2, 2, 2, 2, 2, 4 ),
 ( 0.000000000000000000, 0.0005928652010081154628, 0.001185730402016230926, 0.001482163002520286163, 0.001778595603024341184, 0.002075028203528396422, 0.002371460804032451443 ),
 .UNSPECIFIED. ) ;
#2884 = CARTESIAN_POINT ( 'NONE',  ( -7.286112903467137691, 3.999546503159473687, 11.98228315970865410 ) ) ;
#2885 = EDGE_CURVE ( 'NONE', #6160, #3207, #2458, .T. ) ;
#2886 = CARTESIAN_POINT ( 'NONE',  ( -6.913657451678336230, 2.994094911299063799, -13.31586965316880189 ) ) ;
#2887 = CARTESIAN_POINT ( 'NONE',  ( 0.000000000000000000, 2.000000000000000000, 0.000000000000000000 ) ) ;
#2888 = CARTESIAN_POINT ( 'NONE',  ( -12.20448825481070187, 3.999999999999996447, -6.861206263003161610 ) ) ;
#2889 = FACE_OUTER_BOUND ( 'NONE', #5542, .T. ) ;
#2890 = CARTESIAN_POINT ( 'NONE',  ( 5.557140442302713090, 15.55274925046519030, 12.50144683026256764 ) ) ;
#2891 = CARTESIAN_POINT ( 'NONE',  ( -8.707976690686637156, 16.30140306170808628, 10.65999408113097147 ) ) ;
#2892 = EDGE_CURVE ( 'NONE', #7483, #6755, #6718, .T. ) ;
#2893 = CARTESIAN_POINT ( 'NONE',  ( -0.1009766956328452259, 16.46379014889337355, 13.00028771752248602 ) ) ;
#2894 = CARTESIAN_POINT ( 'NONE',  ( 12.12435565298213724, 3.999999999999996447, -7.000000000000004441 ) ) ;
#2895 = CARTESIAN_POINT ( 'NONE',  ( -13.92119497317551158, 4.622770957791538571, 5.634874627187486773 ) ) ;
#2896 = ORIENTED_EDGE ( 'NONE', *, *, #5844, .F. ) ;
#2897 = CARTESIAN_POINT ( 'NONE',  ( -0.3558985483697139074, 17.01496715519875380, -13.02887639302648815 ) ) ;
#2898 = CARTESIAN_POINT ( 'NONE',  ( 11.08979055104299505, 17.30235213935348781, 5.871329819861160537 ) ) ;
#2899 = CARTESIAN_POINT ( 'NONE',  ( 0.6377227951500072933, 3.928673933947177677, -14.98722279060173257 ) ) ;
#2900 = EDGE_LOOP ( 'NONE', ( #6505, #4524, #1960, #4162 ) ) ;
#2901 = CARTESIAN_POINT ( 'NONE',  ( 5.573927705368258323, 15.64112245143673974, 12.44170144688805912 ) ) ;
#2902 = CARTESIAN_POINT ( 'NONE',  ( -13.81842099024192372, 15.03165809364147343, -1.614119421057526926 ) ) ;
#2903 = CARTESIAN_POINT ( 'NONE',  ( 6.837861705359410180, 17.01783092815982101, -11.09356896634294287 ) ) ;
#2904 = CARTESIAN_POINT ( 'NONE',  ( -12.99038105676657118, 4.231561273113036314, 5.860076627227654100 ) ) ;
#2905 = DIRECTION ( 'NONE',  ( 0.000000000000000000, 0.000000000000000000, -1.000000000000000000 ) ) ;
#2906 = EDGE_LOOP ( 'NONE', ( #4417, #4731, #46, #4822 ) ) ;
#2907 = CARTESIAN_POINT ( 'NONE',  ( -11.86238340852275819, 16.86433506345883870, -5.830798150201509600 ) ) ;
#2908 = CARTESIAN_POINT ( 'NONE',  ( 13.23633652460688381, 16.69940669386571841, 1.855084792781403813 ) ) ;
#2909 = VERTEX_POINT ( 'NONE', #2743 ) ;
#2910 = CARTESIAN_POINT ( 'NONE',  ( 2.723552004763401868, 15.09340063615189464, -14.31592324130633820 ) ) ;
#2911 = FACE_OUTER_BOUND ( 'NONE', #2485, .T. ) ;
#2912 = VERTEX_POINT ( 'NONE', #5761 ) ;
#2913 = CARTESIAN_POINT ( 'NONE',  ( 14.15555555450628411, 4.918749111901029814, -1.812984715455377316 ) ) ;
#2914 = CARTESIAN_POINT ( 'NONE',  ( 5.581988863750022567, 4.607737795638415790, 13.13309718330409481 ) ) ;
#2915 = CARTESIAN_POINT ( 'NONE',  ( 13.96785634098993079, 14.54792975267245403, -1.713907998563223289 ) ) ;
#2916 = CARTESIAN_POINT ( 'NONE',  ( 9.609993318413195595, 3.901733890749974787, -11.51761676287307345 ) ) ;
#2917 = ORIENTED_EDGE ( 'NONE', *, *, #7475, .F. ) ;
#2918 = CARTESIAN_POINT ( 'NONE',  ( -7.499999999999988454, 2.999999999999996447, 12.99038105676658539 ) ) ;
#2919 = CARTESIAN_POINT ( 'NONE',  ( 14.71428571428571530, 4.830693141506387178, 2.913725436338731267 ) ) ;
#2920 = CARTESIAN_POINT ( 'NONE',  ( -5.507686957097273961, 4.999999999999996447, -13.16556307376510127 ) ) ;
#2921 = CARTESIAN_POINT ( 'NONE',  ( -14.99999999999999822, 2.999999999999996447, -1.126884912541547465E-16 ) ) ;
#2922 = CARTESIAN_POINT ( 'NONE',  ( -4.942102663815788333, 4.343064212564023308, 14.16254569571054844 ) ) ;
#2923 = CARTESIAN_POINT ( 'NONE',  ( -13.15843976174449814, 2.999121522247317539, -7.203086190910481967 ) ) ;
#2924 = CARTESIAN_POINT ( 'NONE',  ( 9.238477461276239922, 4.622023400374323465, 11.84068357946251027 ) ) ;
#2925 = CARTESIAN_POINT ( 'NONE',  ( 14.15555555555555500, 4.999999999999996447, 1.812984715944098602 ) ) ;
#2926 = EDGE_CURVE ( 'NONE', #2405, #7360, #2850, .T. ) ;
#2927 = CARTESIAN_POINT ( 'NONE',  ( -2.719477073916149124, 4.999999999999996447, 14.73333333333333073 ) ) ;
#2928 = CARTESIAN_POINT ( 'NONE',  ( -8.392940792702953345, 16.09491777460653594, 11.14767464797511920 ) ) ;
#2929 = CARTESIAN_POINT ( 'NONE',  ( -0.9593535021593533330, 16.16451511327515789, 13.24343948118285752 ) ) ;
#2930 = CARTESIAN_POINT ( 'NONE',  ( -12.49624309805605016, 16.62025081957873951, 4.977074295931807058 ) ) ;
#2931 = CARTESIAN_POINT ( 'NONE',  ( -5.469610256243368163, 17.17619535981905088, 11.51832633155337859 ) ) ;
#2932 = AXIS2_PLACEMENT_3D ( 'NONE', #6360, #555, #5640 ) ;
#2933 = CARTESIAN_POINT ( 'NONE',  ( -13.83883922189136939, 4.283487441372498594, 5.819760849812010584 ) ) ;
#2934 = ORIENTED_EDGE ( 'NONE', *, *, #5089, .T. ) ;
#2935 = CARTESIAN_POINT ( 'NONE',  ( -0.5877751087582309131, 16.37135068137267169, -13.08250958815083997 ) ) ;
#2936 = CARTESIAN_POINT ( 'NONE',  ( 12.23604312186355081, 16.81363579182214707, 5.064036296799109493 ) ) ;
#2937 = ADVANCED_FACE ( 'NONE', ( #7509 ), #1959, .F. ) ;
#2938 = CIRCLE ( 'NONE', #7448, 1.999999999999998224 ) ;
#2939 = CARTESIAN_POINT ( 'NONE',  ( -12.50144683026256764, 15.55274925046519563, 5.557140442302718419 ) ) ;
#2940 = ORIENTED_EDGE ( 'NONE', *, *, #3320, .T. ) ;
#2941 = CARTESIAN_POINT ( 'NONE',  ( 5.847523184858819612, 3.287421879862370666, 13.81401337841949584 ) ) ;
#2942 = CARTESIAN_POINT ( 'NONE',  ( 7.478767802784297203, 16.15247683346992957, 10.98542241256428653 ) ) ;
#2943 = CARTESIAN_POINT ( 'NONE',  ( -13.09008221646926451, 16.36206807681249842, -0.5979876568725477348 ) ) ;
#2944 = CARTESIAN_POINT ( 'NONE',  ( 4.830547525282162802, 13.57088042692321928, -14.17495449819312014 ) ) ;
#2945 = AXIS2_PLACEMENT_3D ( 'NONE', #5103, #7435, #2205 ) ;
#2946 = AXIS2_PLACEMENT_3D ( 'NONE', #6623, #4901, #1315 ) ;
#2947 = EDGE_CURVE ( 'NONE', #1522, #3214, #4886, .T. ) ;
#2948 = CARTESIAN_POINT ( 'NONE',  ( -14.71891098639995654, 4.664520003228054712, -2.890627575408726280 ) ) ;
#2949 = EDGE_LOOP ( 'NONE', ( #3571, #318, #1262, #466 ) ) ;
#2950 = ORIENTED_EDGE ( 'NONE', *, *, #2512, .F. ) ;
#2951 = B_SPLINE_CURVE_WITH_KNOTS ( 'NONE', 3,
 ( #6042, #6758, #7291, #4382, #2058, #4924, #4314, #3754, #5498, #2673, #2097, #6721, #3678, #4425, #6075, #3139 ),
 .UNSPECIFIED., .F., .F.,
 ( 4, 2, 2, 2, 2, 2, 2, 4 ),
 ( 0.000000000000000000, 0.0005078598180034127720, 0.001015719636006825544, 0.001523579454010238424, 0.002031439272013651088, 0.002539299090017063752, 0.003047158908020476849, 0.004062878544027304778 ),
 .UNSPECIFIED. ) ;
#2952 = CARTESIAN_POINT ( 'NONE',  ( 5.507686957097279290, 4.899988397038737453, 13.16556307376510304 ) ) ;
#2953 = CARTESIAN_POINT ( 'NONE',  ( 1.680760848228580073, 3.212026121888199359, 14.90641731977670581 ) ) ;
#2954 = CARTESIAN_POINT ( 'NONE',  ( -5.507686957097261526, 13.38415849608138863, 13.16556307376511192 ) ) ;
#2955 = ORIENTED_EDGE ( 'NONE', *, *, #6914, .T. ) ;
#2956 = CARTESIAN_POINT ( 'NONE',  ( -0.1346471910492809954, 17.33012701892219098, 12.49999999999999822 ) ) ;
#2957 = CARTESIAN_POINT ( 'NONE',  ( -11.36123643599370325, 4.343291071816129723, -9.794098991266517729 ) ) ;
#2958 = CARTESIAN_POINT ( 'NONE',  ( 13.18852445631249459, 16.86433506345922950, -0.8815723818478400364 ) ) ;
#2959 = CARTESIAN_POINT ( 'NONE',  ( 9.007699399683611219, 3.267587546154536504, -11.99508917419339227 ) ) ;
#2960 = ORIENTED_EDGE ( 'NONE', *, *, #588, .T. ) ;
#2961 = CARTESIAN_POINT ( 'NONE',  ( -8.045895536473421927, 3.928673933946976504, 12.66045427126318224 ) ) ;
#2962 = CARTESIAN_POINT ( 'NONE',  ( -12.99038105676646815, 14.39804924711241085, -5.499999999999999112 ) ) ;
#2963 = FACE_OUTER_BOUND ( 'NONE', #4073, .T. ) ;
#2964 = CARTESIAN_POINT ( 'NONE',  ( -6.673315516063889952, 3.997937849271231414, -12.34871542555087842 ) ) ;
#2965 = CARTESIAN_POINT ( 'NONE',  ( -2.719477073916150456, 4.999999999999996447, -14.73333333333333073 ) ) ;
#2966 = CARTESIAN_POINT ( 'NONE',  ( -0.1736455522149794872, 3.999999999531889117, 15.00000000010360068 ) ) ;
#2967 = CARTESIAN_POINT ( 'NONE',  ( 8.194598255929175679, 4.141551853311576714, 11.63941484547448901 ) ) ;
#2968 = CARTESIAN_POINT ( 'NONE',  ( -11.64961666545337593, 4.130604814885190379, -8.175698874009352579 ) ) ;
#2969 = CARTESIAN_POINT ( 'NONE',  ( -5.445607061888881439, 15.50732118243872293, -13.27166490919326769 ) ) ;
#2970 = CARTESIAN_POINT ( 'NONE',  ( -9.200385287461816830, 15.65594707400768826, 10.86678464716036707 ) ) ;
#2971 = AXIS2_PLACEMENT_3D ( 'NONE', #4755, #4836, #7089 ) ;
#2972 = CARTESIAN_POINT ( 'NONE',  ( 13.83883922189137650, 4.283487441372571425, -5.819760849812073644 ) ) ;
#2973 = CARTESIAN_POINT ( 'NONE',  ( -13.39953532361065491, 3.018240399783497896, 6.744009670000104428 ) ) ;
#2974 = ORIENTED_EDGE ( 'NONE', *, *, #3126, .T. ) ;
#2975 = CARTESIAN_POINT ( 'NONE',  ( -1.584431641322528339, 16.27517960485689130, -13.71433387864075826 ) ) ;
#2976 = CARTESIAN_POINT ( 'NONE',  ( 12.65436945126918289, 16.49948735465816796, 4.926093210164713909 ) ) ;
#2977 = TOROIDAL_SURFACE ( 'NONE', #414, 0.9999999999999995559, 1.000000000000000000 ) ;
#2978 = CARTESIAN_POINT ( 'NONE',  ( 0.7132942098954757615, 4.009120202429383717, -14.09657599580353171 ) ) ;
#2979 = ORIENTED_EDGE ( 'NONE', *, *, #4053, .T. ) ;
#2980 = CARTESIAN_POINT ( 'NONE',  ( -6.999999999999989342, 3.999999999999996447, 12.12435565298214435 ) ) ;
#2981 = DIRECTION ( 'NONE',  ( 0.000000000000000000, 0.000000000000000000, -1.000000000000000000 ) ) ;
#2982 = EDGE_CURVE ( 'NONE', #6039, #5613, #1595, .T. ) ;
#2983 = AXIS2_PLACEMENT_3D ( 'NONE', #4451, #1507, #4526 ) ;
#2984 = CARTESIAN_POINT ( 'NONE',  ( -11.63730412864091512, 17.12778597774542888, 5.384992396457807473 ) ) ;
#2985 = CARTESIAN_POINT ( 'NONE',  ( -1.281174245991153704, 4.143710939356612499, 14.17750584964100824 ) ) ;
#2986 = CARTESIAN_POINT ( 'NONE',  ( 7.613363466404782898, 16.05090863755783559, 10.98956092519349781 ) ) ;
#2987 = CARTESIAN_POINT ( 'NONE',  ( -13.06932091303822929, 16.38634809853055785, -0.5272499211969736699 ) ) ;
#2988 = LINE ( 'NONE', #699, #3343 ) ;
#2989 = CARTESIAN_POINT ( 'NONE',  ( -0.4707976610394310479, 16.40420278377183649, -13.05408237977473718 ) ) ;
#2990 = VERTEX_POINT ( 'NONE', #5064 ) ;
#2991 = PRODUCT_DEFINITION_FORMATION_WITH_SPECIFIED_SOURCE ( 'ANY', '', #5717, .NOT_KNOWN. ) ;
#2992 = CARTESIAN_POINT ( 'NONE',  ( -10.87876909023502314, 17.33044428562122619, -6.156503352946251617 ) ) ;
#2993 = VERTEX_POINT ( 'NONE', #7394 ) ;
#2994 = EDGE_CURVE ( 'NONE', #2422, #1415, #3363, .T. ) ;
#2995 = DIRECTION ( 'NONE',  ( -0.8660254037844385966, 0.000000000000000000, -0.5000000000000000000 ) ) ;
#2996 = CARTESIAN_POINT ( 'NONE',  ( 2.144203077510816069, 4.999999999999996447, 14.86666666666666359 ) ) ;
#2997 = CARTESIAN_POINT ( 'NONE',  ( 11.55699469484799380, 14.83976512858121843, -9.043575942819085611 ) ) ;
#2998 = CARTESIAN_POINT ( 'NONE',  ( 14.15555555555555500, 4.999999999999995559, -1.812984715944102376 ) ) ;
#2999 = B_SPLINE_CURVE_WITH_KNOTS ( 'NONE', 3,
 ( #6421, #1182, #2948, #357, #1066, #2681, #5222, #4544, #3393, #1682, #561, #1170, #6328, #1133, #6154, #7549 ),
 .UNSPECIFIED., .F., .F.,
 ( 4, 2, 2, 2, 2, 2, 2, 4 ),
 ( 0.000000000000000000, 0.0005078598180034130972, 0.001015719636006826194, 0.001523579454010239509, 0.002031439272013652389, 0.002539299090017065486, 0.003047158908020479017, 0.004062878544027303911 ),
 .UNSPECIFIED. ) ;
#3000 = CARTESIAN_POINT ( 'NONE',  ( -11.51761676287307345, 3.901733890749974787, -9.609993318413195595 ) ) ;
#3001 = CARTESIAN_POINT ( 'NONE',  ( 12.99976554019338693, 16.46435542854636935, -0.06892552277182618925 ) ) ;
#3002 = CARTESIAN_POINT ( 'NONE',  ( -9.800388409426949110, 4.366773803862596282, -11.35579940710564095 ) ) ;
#3003 = VERTEX_POINT ( 'NONE', #4684 ) ;
#3004 = DIRECTION ( 'NONE',  ( 0.000000000000000000, -1.000000000000000000, -0.000000000000000000 ) ) ;
#3005 = CARTESIAN_POINT ( 'NONE',  ( -13.16556307376509771, 4.999999999999996447, 5.507686957097282843 ) ) ;
#3006 = CARTESIAN_POINT ( 'NONE',  ( -13.99999999999999822, 3.999999999999996447, -1.051759251705443659E-16 ) ) ;
#3007 = DIRECTION ( 'NONE',  ( -0.000000000000000000, 1.000000000000000000, -0.000000000000000000 ) ) ;
#3008 = LINE ( 'NONE', #6023, #776 ) ;
#3009 = CARTESIAN_POINT ( 'NONE',  ( 8.517667704006875340, 4.466339822256607306, 11.44606569533559792 ) ) ;
#3010 = CARTESIAN_POINT ( 'NONE',  ( 8.502858842989153842, 4.425746052527239627, -11.45670239305015414 ) ) ;
#3011 =( BOUNDED_SURFACE ( )  B_SPLINE_SURFACE ( 3, 2, ( 
 ( #7464, #3339, #1084 ),
 ( #399, #2232, #936 ),
 ( #2191, #6237, #437 ),
 ( #4406, #6197, #6814 ),
 ( #3996, #2732, #2075 ),
 ( #3377, #6162, #7349 ),
 ( #5126, #5709, #2770 ),
 ( #6740, #331, #1505 ),
 ( #5091, #4564, #2156 ),
 ( #6277, #7423, #2695 ),
 ( #5556, #6857, #1050 ),
 ( #3847, #4448, #1666 ),
 ( #6311, #473, #1622 ),
 ( #968, #3264, #5588 ),
 ( #4483, #3300, #365 ),
 ( #5019, #1578, #2117 ),
 ( #6779, #1544, #5629 ),
 ( #3915, #4601, #3415 ) ),
 .UNSPECIFIED., .F., .F., .T. ) 
 B_SPLINE_SURFACE_WITH_KNOTS ( ( 4, 2, 2, 2, 2, 2, 2, 2, 4 ),
 ( 3, 3 ),
 ( 0.001302520603113773053, 0.001783172609227539913, 0.002263824615341306773, 0.002744476621455073199, 0.003225128627568840060, 0.003705780633682606920, 0.004186432639796373346, 0.004667084645910139773, 0.005147736652023907067 ),
 ( 0.000000000000000000, 1.000000000000000000 ),
 .UNSPECIFIED. ) 
 GEOMETRIC_REPRESENTATION_ITEM ( )  RATIONAL_B_SPLINE_SURFACE ( (
 ( 1.000000000000000000, 0.7867957924694433114, 1.000000000000000000),
 ( 1.000000000000000000, 0.7867918659038340978, 1.000000000000000000),
 ( 1.000000000000000000, 0.7870059279260168683, 1.000000000000000000),
 ( 1.000000000000000000, 0.7876722697779772187, 1.000000000000000000),
 ( 1.000000000000000000, 0.7881326248067012097, 1.000000000000000000),
 ( 1.000000000000000000, 0.7887758449274205885, 1.000000000000000000),
 ( 1.000000000000000000, 0.7889663658733613305, 1.000000000000000000),
 ( 1.000000000000000000, 0.7882435220810531940, 1.000000000000000000),
 ( 1.000000000000000000, 0.7873519033453485472, 1.000000000000000000),
 ( 1.000000000000000000, 0.7832757266629276627, 1.000000000000000000),
 ( 1.000000000000000000, 0.7801295861738829496, 1.000000000000000000),
 ( 1.000000000000000000, 0.7702790648040443999, 1.000000000000000000),
 ( 1.000000000000000000, 0.7633849859747960931, 1.000000000000000000),
 ( 1.000000000000000000, 0.7458883219264502706, 1.000000000000000000),
 ( 1.000000000000000000, 0.7349125052206242348, 1.000000000000000000),
 ( 1.000000000000000000, 0.7151046345649432201, 1.000000000000000000),
 ( 1.000000000000000000, 0.7068896004544481526, 1.000000000000000000),
 ( 1.000000000000000000, 0.7071067811865475727, 1.000000000000000000) ) ) 
 REPRESENTATION_ITEM ( '' )  SURFACE ( )  );
#3012 = DIRECTION ( 'NONE',  ( 0.000000000000000000, 0.000000000000000000, 1.000000000000000000 ) ) ;
#3013 = CARTESIAN_POINT ( 'NONE',  ( -6.032226618178494704, 16.37135068137267169, 11.62367320297135542 ) ) ;
#3014 = FACE_OUTER_BOUND ( 'NONE', #1875, .T. ) ;
#3015 = CARTESIAN_POINT ( 'NONE',  ( 13.54972693296700825, 3.067136549718195937, -6.436933537001373828 ) ) ;
#3016 = CARTESIAN_POINT ( 'NONE',  ( -13.74285068352522465, 4.082589286013395657, 6.031029003717263137 ) ) ;
#3017 = ORIENTED_EDGE ( 'NONE', *, *, #648, .F. ) ;
#3018 = CARTESIAN_POINT ( 'NONE',  ( 13.01864680235456895, 16.44440290119746706, 0.3103165659696807688 ) ) ;
#3019 = CARTESIAN_POINT ( 'NONE',  ( 11.11932057075126679, 16.44440290119786141, 6.778065430522165258 ) ) ;
#3020 = CARTESIAN_POINT ( 'NONE',  ( 1.731838181454488979, 4.142845021969564279, -14.90922654021861149 ) ) ;
#3021 = ORIENTED_EDGE ( 'NONE', *, *, #1478, .F. ) ;
#3022 = CARTESIAN_POINT ( 'NONE',  ( 6.822274543916440059, 3.907067251463699709, 13.35956806949711684 ) ) ;
#3023 = CARTESIAN_POINT ( 'NONE',  ( -11.01997605798450230, 15.79958987962643668, 7.865563421581105885 ) ) ;
#3024 = CARTESIAN_POINT ( 'NONE',  ( 6.559574023786240993, 16.46435542854617040, 11.22366443966308225 ) ) ;
#3025 = CARTESIAN_POINT ( 'NONE',  ( -12.99180068935311283, 16.94059604637924110, 1.548809864450414464 ) ) ;
#3026 = CARTESIAN_POINT ( 'NONE',  ( 14.69589870403985365, 14.33182026815232391, 2.104724298144861283 ) ) ;
#3027 = DIRECTION ( 'NONE',  ( 0.000000000000000000, 1.000000000000000000, 0.000000000000000000 ) ) ;
#3028 = VERTEX_POINT ( 'NONE', #3662 ) ;
#3029 = EDGE_CURVE ( 'NONE', #6797, #5210, #2822, .T. ) ;
#3030 = EDGE_LOOP ( 'NONE', ( #5354, #5386, #7285 ) ) ;
#3031 = CARTESIAN_POINT ( 'NONE',  ( 12.12435565298214257, 2.999999999999996447, 6.999999999999996447 ) ) ;
#3032 = CARTESIAN_POINT ( 'NONE',  ( -12.28894679109563803, 15.83728656559487824, -5.624370284653010366 ) ) ;
#3033 = CYLINDRICAL_SURFACE ( 'NONE', #6356, 3.575000000000000178 ) ;
#3034 = CARTESIAN_POINT ( 'NONE',  ( -5.498562804712528340, 14.51664821311964104, 12.97266908332215429 ) ) ;
#3035 = EDGE_LOOP ( 'NONE', ( #2955, #6923, #5819, #3319, #1983 ) ) ;
#3036 = CARTESIAN_POINT ( 'NONE',  ( 9.127760847453721738, 15.78240327593546866, 10.82875206333648599 ) ) ;
#3037 = EDGE_CURVE ( 'NONE', #4922, #7083, #4400, .T. ) ;
#3038 = LINE ( 'NONE', #3579, #2220 ) ;
#3039 = DIRECTION ( 'NONE',  ( 0.000000000000000000, 1.000000000000000000, 0.000000000000000000 ) ) ;
#3040 = CARTESIAN_POINT ( 'NONE',  ( -8.153338511455300974, 3.907900456521053556, -12.59142773222599665 ) ) ;
#3041 = EDGE_LOOP ( 'NONE', ( #5078, #5843, #2540, #1336 ) ) ;
#3042 = CARTESIAN_POINT ( 'NONE',  ( -12.25354108269271158, 3.105261479425848403, -8.653126464499049320 ) ) ;
#3043 = DIRECTION ( 'NONE',  ( 0.000000000000000000, -1.000000000000000000, 0.000000000000000000 ) ) ;
#3044 = CARTESIAN_POINT ( 'NONE',  ( -5.507686957097276625, 4.899988397038737453, -13.16556307376510304 ) ) ;
#3045 = CARTESIAN_POINT ( 'NONE',  ( 9.290267669330464884, 12.99999999999999822, -11.80280946417324728 ) ) ;
#3046 = FACE_OUTER_BOUND ( 'NONE', #6372, .T. ) ;
#3047 = CARTESIAN_POINT ( 'NONE',  ( 9.751908996472948843, 4.214198939173036784, 11.39767491544380640 ) ) ;
#3048 = CARTESIAN_POINT ( 'NONE',  ( -11.36189070175296756, 4.802888772988996635, -8.635612677675812421 ) ) ;
#3049 = EDGE_CURVE ( 'NONE', #1559, #5751, #1200, .T. ) ;
#3050 = CARTESIAN_POINT ( 'NONE',  ( -4.825069057849716181, 15.88150506235271742, -13.23645800307824416 ) ) ;
#3051 = CARTESIAN_POINT ( 'NONE',  ( -6.636512582308650821, 16.46355971662075746, 11.18009269105308334 ) ) ;
#3052 = CARTESIAN_POINT ( 'NONE',  ( 13.35956806949711861, 3.907067251463736124, -6.822274543916440059 ) ) ;
#3053 = CARTESIAN_POINT ( 'NONE',  ( -13.25315408226436453, 4.999999999999996447, -4.511530435645907389 ) ) ;
#3054 = VERTEX_POINT ( 'NONE', #1931 ) ;
#3055 =( BOUNDED_SURFACE ( )  B_SPLINE_SURFACE ( 3, 2, ( 
 ( #5569, #4992, #805 ),
 ( #4311, #915, #4921 ),
 ( #767, #193, #274 ),
 ( #2523, #3170, #841 ),
 ( #4848, #346, #6610 ),
 ( #3135, #232, #4347 ),
 ( #6683, #5493, #310 ),
 ( #1448, #6649, #2556 ),
 ( #4883, #2670, #3781 ),
 ( #7218, #1988, #6107 ),
 ( #2637, #7322, #880 ),
 ( #3206, #4958, #7288 ),
 ( #2054, #4379, #6143 ),
 ( #6716, #3819, #3318 ),
 ( #6873, #5106, #380 ),
 ( #4582, #2252, #985 ),
 ( #2286, #1065, #7479 ),
 ( #3357, #415, #2749 ) ),
 .UNSPECIFIED., .F., .F., .T. ) 
 B_SPLINE_SURFACE_WITH_KNOTS ( ( 4, 2, 2, 2, 2, 2, 2, 2, 4 ),
 ( 3, 3 ),
 ( 0.001302520603113771101, 0.001783172609227537744, 0.002263824615341304605, 0.002744476621455071465, 0.003225128627568837891, 0.003705780633682604318, 0.004186432639796370744, 0.004667084645910138038, 0.005147736652023904465 ),
 ( 0.000000000000000000, 1.000000000000000000 ),
 .UNSPECIFIED. ) 
 GEOMETRIC_REPRESENTATION_ITEM ( )  RATIONAL_B_SPLINE_SURFACE ( (
 ( 1.000000000000000000, 0.7867957924694435334, 1.000000000000000000),
 ( 1.000000000000000000, 0.7867918659039089269, 1.000000000000000000),
 ( 1.000000000000000000, 0.7870059279259179474, 1.000000000000000000),
 ( 1.000000000000000000, 0.7876722697780745852, 1.000000000000000000),
 ( 1.000000000000000000, 0.7881326248067190843, 1.000000000000000000),
 ( 1.000000000000000000, 0.7887758449274027139, 1.000000000000000000),
 ( 1.000000000000000000, 0.7889663658733702123, 1.000000000000000000),
 ( 1.000000000000000000, 0.7882435220810440901, 1.000000000000000000),
 ( 1.000000000000000000, 0.7873519033454289273, 1.000000000000000000),
 ( 1.000000000000000000, 0.7832757266628461723, 1.000000000000000000),
 ( 1.000000000000000000, 0.7801295861738919424, 1.000000000000000000),
 ( 1.000000000000000000, 0.7702790648040356292, 1.000000000000000000),
 ( 1.000000000000000000, 0.7633849859748580435, 1.000000000000000000),
 ( 1.000000000000000000, 0.7458883219263880981, 1.000000000000000000),
 ( 1.000000000000000000, 0.7349125052205719433, 1.000000000000000000),
 ( 1.000000000000000000, 0.7151046345649968439, 1.000000000000000000),
 ( 1.000000000000000000, 0.7068896004544085176, 1.000000000000000000),
 ( 1.000000000000000000, 0.7071067811865480168, 1.000000000000000000) ) ) 
 REPRESENTATION_ITEM ( '' )  SURFACE ( )  );
#3056 = CARTESIAN_POINT ( 'NONE',  ( 11.00773686982752331, 16.92071623829484039, 7.192194913158564518 ) ) ;
#3057 = CARTESIAN_POINT ( 'NONE',  ( -12.63706446699319841, 3.007541301891202057, 8.082919602111715562 ) ) ;
#3058 = FACE_OUTER_BOUND ( 'NONE', #651, .T. ) ;
#3059 = ORIENTED_EDGE ( 'NONE', *, *, #3258, .T. ) ;
#3060 = AXIS2_PLACEMENT_3D ( 'NONE', #172, #3079, #1192 ) ;
#3061 = FACE_OUTER_BOUND ( 'NONE', #2671, .T. ) ;
#3062 = CARTESIAN_POINT ( 'NONE',  ( -11.09934677215959553, 17.30550362272252940, 5.848271090517464188 ) ) ;
#3063 = CARTESIAN_POINT ( 'NONE',  ( 5.443223546346642294, 15.81384338419788982, 13.06468792226840314 ) ) ;
#3064 = CARTESIAN_POINT ( 'NONE',  ( -13.91069392487424672, 14.75504811013966666, 1.679185316001481132 ) ) ;
#3065 = CARTESIAN_POINT ( 'NONE',  ( 13.13298618831114695, 4.607099469528414204, 5.582237758724245325 ) ) ;
#3066 = VECTOR ( 'NONE', #4498, 1000.000000000000000 ) ;
#3067 = VERTEX_POINT ( 'NONE', #5249 ) ;
#3068 = CIRCLE ( 'NONE', #7325, 1.000000000000000444 ) ;
#3069 = CARTESIAN_POINT ( 'NONE',  ( 13.51889534091835010, 16.38381850098476988, -2.153064414076343525 ) ) ;
#3070 = ORIENTED_EDGE ( 'NONE', *, *, #6584, .F. ) ;
#3071 = CIRCLE ( 'NONE', #5252, 1.000000000000000888 ) ;
#3072 = CARTESIAN_POINT ( 'NONE',  ( 12.87839441020290643, 4.107152169173311940, 6.042479082344446084 ) ) ;
#3073 = AXIS2_PLACEMENT_3D ( 'NONE', #697, #118, #7112 ) ;
#3074 = DIRECTION ( 'NONE',  ( -0.000000000000000000, 1.000000000000000000, -0.000000000000000000 ) ) ;
#3075 = CARTESIAN_POINT ( 'NONE',  ( 11.23956442842737324, 14.54792975267245403, -8.468216037000320995 ) ) ;
#3076 = EDGE_CURVE ( 'NONE', #6150, #3171, #3799, .T. ) ;
#3077 = ORIENTED_EDGE ( 'NONE', *, *, #5366, .T. ) ;
#3078 = CARTESIAN_POINT ( 'NONE',  ( 9.810016768012101096, 14.08033431901119670, 11.22975563690778600 ) ) ;
#3079 = DIRECTION ( 'NONE',  ( -0.000000000000000000, -1.000000000000000000, 0.000000000000000000 ) ) ;
#3080 = CARTESIAN_POINT ( 'NONE',  ( -7.794000012382777953, 2.999121522247317539, -12.81727550784959391 ) ) ;
#3081 = ORIENTED_EDGE ( 'NONE', *, *, #2892, .F. ) ;
#3082 = CARTESIAN_POINT ( 'NONE',  ( -12.26144745187085938, 3.947308199542534979, -8.647258034145799854 ) ) ;
#3083 = DIRECTION ( 'NONE',  ( 0.000000000000000000, -1.000000000000000000, 0.000000000000000000 ) ) ;
#3084 = CARTESIAN_POINT ( 'NONE',  ( 0.2943446787389772390, 16.44188171060361014, 13.02033660023177042 ) ) ;
#3085 = CARTESIAN_POINT ( 'NONE',  ( -2.719477073916150456, -2.000000000000000000, -14.73333333333333073 ) ) ;
#3086 = ADVANCED_FACE ( 'NONE', ( #138 ), #6559, .T. ) ;
#3087 = DIRECTION ( 'NONE',  ( 0.000000000000000000, -1.000000000000000000, 0.000000000000000000 ) ) ;
#3088 = DIRECTION ( 'NONE',  ( 0.000000000000000000, -1.000000000000000000, 0.000000000000000000 ) ) ;
#3089 = CARTESIAN_POINT ( 'NONE',  ( 14.15555555555555500, 4.999999999999996447, -1.812984715944102154 ) ) ;
#3090 = CARTESIAN_POINT ( 'NONE',  ( -5.576398997336185381, 12.99999999999999645, 13.94701254168405846 ) ) ;
#3091 = CARTESIAN_POINT ( 'NONE',  ( 14.15555555555555678, 13.38336035297971094, 1.812984715944100156 ) ) ;
#3092 = CARTESIAN_POINT ( 'NONE',  ( -11.75024716121194857, 17.08425122492147707, 5.304282123404561844 ) ) ;
#3093 = CARTESIAN_POINT ( 'NONE',  ( 13.16556307472580833, 4.918760237672662683, -5.507686957181745058 ) ) ;
#3094 = ADVANCED_FACE ( 'NONE', ( #3503 ), #7440, .T. ) ;
#3095 = CARTESIAN_POINT ( 'NONE',  ( 5.270086311128983958, 3.768420980672145593, -14.04424022090000079 ) ) ;
#3096 = ORIENTED_EDGE ( 'NONE', *, *, #3845, .F. ) ;
#3097 = CARTESIAN_POINT ( 'NONE',  ( 2.913725436338736596, -2.000000000000000000, 14.71428571428571530 ) ) ;
#3098 = CARTESIAN_POINT ( 'NONE',  ( -12.90509109103255270, 2.999999999931400207, 7.647726554027135748 ) ) ;
#3099 = CIRCLE ( 'NONE', #2971, 1.000000000000000888 ) ;
#3100 = CARTESIAN_POINT ( 'NONE',  ( 2.586366273863403009, 3.934431103140404673, -14.77556702897313556 ) ) ;
#3101 = CARTESIAN_POINT ( 'NONE',  ( -1.576526969503558862, 4.365020954408578291, 14.17654935855839504 ) ) ;
#3102 = DIRECTION ( 'NONE',  ( -0.000000000000000000, 1.000000000000000000, -0.000000000000000000 ) ) ;
#3103 = CARTESIAN_POINT ( 'NONE',  ( -11.73789268481564818, 17.08328403755374936, 5.320045046763929086 ) ) ;
#3104 = CARTESIAN_POINT ( 'NONE',  ( -1.654057780706490011, 4.467215551782195426, 14.17137273547502829 ) ) ;
#3105 = CARTESIAN_POINT ( 'NONE',  ( 11.35257835782099889, 12.99999999999999822, -8.647868598458288147 ) ) ;
#3106 = CARTESIAN_POINT ( 'NONE',  ( -12.53970524978232426, 17.30235213935355887, 0.4601744975245820601 ) ) ;
#3107 = VECTOR ( 'NONE', #946, 1000.000000000000000 ) ;
#3108 = CARTESIAN_POINT ( 'NONE',  ( 14.53328477618493686, 14.83240756451486853, 2.054445291108367488 ) ) ;
#3109 = CARTESIAN_POINT ( 'NONE',  ( 12.99342924280024647, 4.230181196864249316, 5.856709657401180102 ) ) ;
#3110 = ORIENTED_EDGE ( 'NONE', *, *, #5168, .T. ) ;
#3111 = VERTEX_POINT ( 'NONE', #2585 ) ;
#3112 = CARTESIAN_POINT ( 'NONE',  ( 7.000000000000005329, 3.999999999999996447, 12.12435565298213724 ) ) ;
#3113 = CARTESIAN_POINT ( 'NONE',  ( 0.8511828748499131736, 3.017622708062964065, 14.97678535854840831 ) ) ;
#3114 = EDGE_LOOP ( 'NONE', ( #2383, #4620, #1274, #7366, #3021, #4783 ) ) ;
#3115 = CARTESIAN_POINT ( 'NONE',  ( 4.891412052084392670, 16.36882392162266697, 12.80016085090507794 ) ) ;
#3116 = CARTESIAN_POINT ( 'NONE',  ( -6.189477540278734757, 4.052630740461657055, -12.76922829793439185 ) ) ;
#3117 = DIRECTION ( 'NONE',  ( 0.4999999999999993339, 0.000000000000000000, -0.8660254037844390407 ) ) ;
#3118 = ORIENTED_EDGE ( 'NONE', *, *, #2393, .T. ) ;
#3119 = CARTESIAN_POINT ( 'NONE',  ( -11.35257835837437490, 4.918760237672651137, -8.647868599247853894 ) ) ;
#3120 = CARTESIAN_POINT ( 'NONE',  ( -6.999999999999989342, 3.999999999999996447, 12.12435565298214613 ) ) ;
#3121 = CARTESIAN_POINT ( 'NONE',  ( 0.8815723818477353424, 16.86433506345923306, 13.18852445631268822 ) ) ;
#3122 = CARTESIAN_POINT ( 'NONE',  ( 8.647868597081295405, 13.22805048829237506, -11.35257835685593086 ) ) ;
#3123 = DIRECTION ( 'NONE',  ( 0.000000000000000000, 1.000000000000000000, 0.000000000000000000 ) ) ;
#3124 = DIRECTION ( 'NONE',  ( -0.000000000000000000, 1.000000000000000000, -0.000000000000000000 ) ) ;
#3125 = CARTESIAN_POINT ( 'NONE',  ( -8.767932538315349689, 15.52528394055978289, -11.34767652563075124 ) ) ;
#3126 = EDGE_CURVE ( 'NONE', #5042, #5907, #3578, .T. ) ;
#3127 = CARTESIAN_POINT ( 'NONE',  ( 13.47781645423327923, 15.53957261684860391, -4.806525355454006387 ) ) ;
#3128 = CARTESIAN_POINT ( 'NONE',  ( 13.00620190101628282, 16.45747003169180900, -0.1839636845705296675 ) ) ;
#3129 = CARTESIAN_POINT ( 'NONE',  ( -10.47611640602089089, 17.08802487472235754, 7.493756013627295154 ) ) ;
#3130 = CARTESIAN_POINT ( 'NONE',  ( -14.17661040376638226, 4.363762369312538247, 1.575460519861954456 ) ) ;
#3131 = ORIENTED_EDGE ( 'NONE', *, *, #2144, .F. ) ;
#3132 = CARTESIAN_POINT ( 'NONE',  ( 11.51769045222402710, 3.901549709546960898, -9.609905911854886185 ) ) ;
#3133 = DIRECTION ( 'NONE',  ( 0.000000000000000000, -1.000000000000000000, 0.000000000000000000 ) ) ;
#3134 = EDGE_CURVE ( 'NONE', #475, #2304, #105, .T. ) ;
#3135 = CARTESIAN_POINT ( 'NONE',  ( -1.653483764996436456, 4.466339822256689907, -14.17141751754959778 ) ) ;
#3136 = ORIENTED_EDGE ( 'NONE', *, *, #2184, .T. ) ;
#3137 = CARTESIAN_POINT ( 'NONE',  ( 13.16556307376510127, 12.99999999999999822, -5.507686957097276625 ) ) ;
#3138 = CARTESIAN_POINT ( 'NONE',  ( -12.35469225475001664, 16.55014497691252728, 5.575156141383484254 ) ) ;
#3139 = CARTESIAN_POINT ( 'NONE',  ( 7.500000000000006217, 2.999999999999996447, 12.99038105676657651 ) ) ;
#3140 = CARTESIAN_POINT ( 'NONE',  ( -14.15555555489451223, 13.22779987598786455, 1.812984715636204003 ) ) ;
#3141 = CARTESIAN_POINT ( 'NONE',  ( -9.221802897687414458, -2.000000000000000000, 10.53367700834821896 ) ) ;
#3142 = ADVANCED_FACE ( 'NONE', ( #828 ), #459, .T. ) ;
#3143 = CARTESIAN_POINT ( 'NONE',  ( -14.17671341363786119, 4.130604814885189491, -1.255554585857243000 ) ) ;
#3144 = ORIENTED_EDGE ( 'NONE', *, *, #2853, .F. ) ;
#3145 = CARTESIAN_POINT ( 'NONE',  ( -1.812984715944098379, 4.999999999999996447, 14.15555555555555323 ) ) ;
#3146 = DIRECTION ( 'NONE',  ( -0.000000000000000000, 1.000000000000000000, -0.000000000000000000 ) ) ;
#3147 = B_SPLINE_CURVE_WITH_KNOTS ( 'NONE', 3,
 ( #2357, #2919, #1675, #3539, #6976, #1743, #1198, #4075, #591, #481, #6322, #7013, #2242, #1782, #4109, #2816 ),
 .UNSPECIFIED., .F., .F.,
 ( 4, 2, 2, 2, 2, 2, 2, 4 ),
 ( 0.000000000000000000, 0.0005078598180034130972, 0.001015719636006826194, 0.001523579454010239292, 0.002031439272013652389, 0.002539299090017065486, 0.003047158908020478583, 0.004062878544027304778 ),
 .UNSPECIFIED. ) ;
#3148 = CARTESIAN_POINT ( 'NONE',  ( -11.30383001371376928, 16.46876687578680531, -6.413029475385101819 ) ) ;
#3149 = CARTESIAN_POINT ( 'NONE',  ( 14.99999999999999822, 2.999999999999996447, -0.3340813413526133591 ) ) ;
#3150 = CARTESIAN_POINT ( 'NONE',  ( 12.99038105676658184, 3.999999999999996447, 7.499999999999996447 ) ) ;
#3151 = CARTESIAN_POINT ( 'NONE',  ( 14.79286159074539064, 3.802689510443552745, 2.486957469814113253 ) ) ;
#3152 = EDGE_LOOP ( 'NONE', ( #748, #5429, #4793, #2940, #490, #2689, #4714, #4064, #6831, #3950, #6963, #4203, #6177, #3529, #201, #3396 ) ) ;
#3153 = CARTESIAN_POINT ( 'NONE',  ( 7.500000000000007105, 4.999999999999996447, 12.99038105676657651 ) ) ;
#3154 = CARTESIAN_POINT ( 'NONE',  ( -12.54025135939315660, 3.018240399783497896, -8.232333154153966603 ) ) ;
#3155 = CARTESIAN_POINT ( 'NONE',  ( -5.698184653713504133, 4.399910688984973284, 13.07805645777453840 ) ) ;
#3156 = CARTESIAN_POINT ( 'NONE',  ( 1.679185316001492456, 14.75504811013966666, 13.91069392487425915 ) ) ;
#3157 = CARTESIAN_POINT ( 'NONE',  ( -14.15682682999877251, 4.839156113676609472, -1.802782297735517902 ) ) ;
#3158 = CARTESIAN_POINT ( 'NONE',  ( 9.880503104665095293, 12.99999999999999822, -11.28608250894451714 ) ) ;
#3159 = CARTESIAN_POINT ( 'NONE',  ( 13.25315408226436276, -2.000000000000000000, -4.511530435645912718 ) ) ;
#3160 = CARTESIAN_POINT ( 'NONE',  ( -6.188381690807756463, 17.01783092815864151, -11.46854642757712384 ) ) ;
#3161 = CARTESIAN_POINT ( 'NONE',  ( -5.576398996939589736, 13.27382815172631680, 13.94701254050632322 ) ) ;
#3162 = CARTESIAN_POINT ( 'NONE',  ( 13.88274809868677728, 14.87622484628146857, 1.667795260555171799 ) ) ;
#3163 = CARTESIAN_POINT ( 'NONE',  ( -10.89993891572357576, 17.32959717367248587, 6.122281498153801849 ) ) ;
#3164 = CARTESIAN_POINT ( 'NONE',  ( 8.647868598458281042, 12.99999999999999822, -11.35257835782100422 ) ) ;
#3165 = ORIENTED_EDGE ( 'NONE', *, *, #2093, .F. ) ;
#3166 = ADVANCED_FACE ( 'NONE', ( #3416 ), #2700, .F. ) ;
#3167 = DIRECTION ( 'NONE',  ( -0.000000000000000000, -1.000000000000000000, -0.000000000000000000 ) ) ;
#3168 = DIRECTION ( 'NONE',  ( -0.000000000000000000, 1.000000000000000000, -0.000000000000000000 ) ) ;
#3169 = CARTESIAN_POINT ( 'NONE',  ( -12.32176576715919936, 15.79958987962683636, -5.610797504520301793 ) ) ;
#3170 = CARTESIAN_POINT ( 'NONE',  ( -2.080414384023987040, 4.622023400374332347, -14.87357150862616173 ) ) ;
#3171 = VERTEX_POINT ( 'NONE', #5750 ) ;
#3172 = DIRECTION ( 'NONE',  ( 0.000000000000000000, -1.000000000000000000, 0.000000000000000000 ) ) ;
#3173 = CARTESIAN_POINT ( 'NONE',  ( 8.179560974442383170, 15.32409233017463812, 11.10646934465446911 ) ) ;
#3174 = CARTESIAN_POINT ( 'NONE',  ( -14.69339806473006327, 14.34089593620476499, 2.104045631365616398 ) ) ;
#3175 = EDGE_CURVE ( 'NONE', #2753, #5822, #6355, .T. ) ;
#3176 = CARTESIAN_POINT ( 'NONE',  ( 14.60276031579857126, 14.11976560169259720, 2.864667622864548679 ) ) ;
#3177 = CARTESIAN_POINT ( 'NONE',  ( 13.39586802495468731, 3.017622708062929426, 6.751246686387951890 ) ) ;
#3178 = AXIS2_PLACEMENT_3D ( 'NONE', #5400, #7008, #5857 ) ;
#3179 = CARTESIAN_POINT ( 'NONE',  ( -14.10950549299133527, 4.012211523182457995, -0.7828469668399697934 ) ) ;
#3180 = ORIENTED_EDGE ( 'NONE', *, *, #2627, .T. ) ;
#3181 = CARTESIAN_POINT ( 'NONE',  ( -13.36118846965798390, 15.99296674015739406, -1.156612623789097904 ) ) ;
#3182 = CARTESIAN_POINT ( 'NONE',  ( 7.500000000000007105, 4.999999999999996447, 10.99038105676657828 ) ) ;
#3183 = DIRECTION ( 'NONE',  ( 0.000000000000000000, -1.000000000000000000, 0.000000000000000000 ) ) ;
#3184 = EDGE_CURVE ( 'NONE', #233, #2304, #2461, .T. ) ;
#3185 = CIRCLE ( 'NONE', #5989, 1.000000000000000000 ) ;
#3186 = AXIS2_PLACEMENT_3D ( 'NONE', #7546, #2402, #3012 ) ;
#3187 = CARTESIAN_POINT ( 'NONE',  ( 4.856629834033909354, 16.18082439328296118, 12.98836474378055073 ) ) ;
#3188 = CARTESIAN_POINT ( 'NONE',  ( 14.16459022298618109, 4.607737795638420231, 1.732404432002685901 ) ) ;
#3189 = CIRCLE ( 'NONE', #3305, 5.000000000000000888 ) ;
#3190 = DIRECTION ( 'NONE',  ( 0.000000000000000000, 0.000000000000000000, 1.000000000000000000 ) ) ;
#3191 = CIRCLE ( 'NONE', #4402, 3.575000000000000178 ) ;
#3192 = CARTESIAN_POINT ( 'NONE',  ( -11.35878052288829743, 4.839156113676591708, -8.639668682331208771 ) ) ;
#3193 = CARTESIAN_POINT ( 'NONE',  ( -5.763069931406058721, 4.361631949948360010, 13.86420139960368481 ) ) ;
#3194 = CARTESIAN_POINT ( 'NONE',  ( 2.053469160110868774, 14.83976512858123620, 14.53043896854948258 ) ) ;
#3195 = CARTESIAN_POINT ( 'NONE',  ( 7.283411841060944525, 3.999560766178289484, 11.98339626061228813 ) ) ;
#3196 = CIRCLE ( 'NONE', #1464, 8.500000000000000000 ) ;
#3197 = CARTESIAN_POINT ( 'NONE',  ( -8.179560974442434684, 15.32409233017503247, -11.10646934465448687 ) ) ;
#3198 = CARTESIAN_POINT ( 'NONE',  ( 12.12435565298213724, 3.999999999999996447, -7.000000000000003553 ) ) ;
#3199 = CARTESIAN_POINT ( 'NONE',  ( -4.791230746600288803, 15.55649591536800358, -13.50420136572478214 ) ) ;
#3200 = CARTESIAN_POINT ( 'NONE',  ( -14.05362768558294739, 3.799821379378623742, -5.244929883552573280 ) ) ;
#3201 = CARTESIAN_POINT ( 'NONE',  ( 7.500000000000007105, 4.999999999999996447, 12.99038105676657651 ) ) ;
#3202 = CARTESIAN_POINT ( 'NONE',  ( 13.73333333333333250, 12.99999999999999822, -2.719477073916151788 ) ) ;
#3203 = CARTESIAN_POINT ( 'NONE',  ( -7.724404027745191748, 15.94702836531056533, -11.00061049966971893 ) ) ;
#3204 = ORIENTED_EDGE ( 'NONE', *, *, #91, .T. ) ;
#3205 = CARTESIAN_POINT ( 'NONE',  ( 4.805346707303471021, 15.55953571197784235, -13.47209317761504366 ) ) ;
#3206 = CARTESIAN_POINT ( 'NONE',  ( -1.019532147327721461, 4.051461718327682426, -14.15254809445917061 ) ) ;
#3207 = VERTEX_POINT ( 'NONE', #3454 ) ;
#3208 = CARTESIAN_POINT ( 'NONE',  ( -11.55699469484779129, 14.83976512858160390, 9.043575942819092717 ) ) ;
#3209 = CARTESIAN_POINT ( 'NONE',  ( -8.647868598458284595, 4.999999999999996447, -11.35257835782100244 ) ) ;
#3210 = ORIENTED_EDGE ( 'NONE', *, *, #3548, .T. ) ;
#3211 = DIRECTION ( 'NONE',  ( 0.000000000000000000, -1.000000000000000000, 0.000000000000000000 ) ) ;
#3212 = CARTESIAN_POINT ( 'NONE',  ( 13.74971650245329258, 3.212026121888234442, 5.997627067636043918 ) ) ;
#3213 = AXIS2_PLACEMENT_3D ( 'NONE', #2263, #427, #3483 ) ;
#3214 = VERTEX_POINT ( 'NONE', #5630 ) ;
#3215 = EDGE_CURVE ( 'NONE', #514, #1443, #4372, .T. ) ;
#3216 = CARTESIAN_POINT ( 'NONE',  ( -13.00754794416321047, 16.45601103265699550, -0.1977689937940452780 ) ) ;
#3217 = AXIS2_PLACEMENT_3D ( 'NONE', #2520, #4376, #6139 ) ;
#3218 = CARTESIAN_POINT ( 'NONE',  ( -13.81103180583544443, 14.92702988626209404, 4.803105831280709559 ) ) ;
#3219 = DIRECTION ( 'NONE',  ( 0.000000000000000000, 1.000000000000000000, 0.000000000000000000 ) ) ;
#3220 = CARTESIAN_POINT ( 'NONE',  ( -11.51832633155337504, 17.17619535981904377, -5.469610256243377933 ) ) ;
#3221 = CARTESIAN_POINT ( 'NONE',  ( 11.72784128057408992, 17.08802487472235399, 5.325704933803382168 ) ) ;
#3222 = CIRCLE ( 'NONE', #1762, 0.9999999999999991118 ) ;
#3223 = CARTESIAN_POINT ( 'NONE',  ( -6.430557091759972366, 4.009120202429378388, -12.56464002369148503 ) ) ;
#3224 = B_SPLINE_CURVE_WITH_KNOTS ( 'NONE', 3,
 ( #2255, #4584, #2484, #4202 ),
 .UNSPECIFIED., .F., .F.,
 ( 4, 4 ),
 ( 0.001821205213464017082, 0.002366648002764648595 ),
 .UNSPECIFIED. ) ;
#3225 = DIRECTION ( 'NONE',  ( -0.000000000000000000, -1.000000000000000000, -0.000000000000000000 ) ) ;
#3226 = EDGE_CURVE ( 'NONE', #5932, #3171, #3189, .T. ) ;
#3227 = CARTESIAN_POINT ( 'NONE',  ( 14.18011080079764596, 4.176517398680567261, -1.344767123906684736 ) ) ;
#3228 = CARTESIAN_POINT ( 'NONE',  ( 0.000000000000000000, -2.000000000000000000, 0.000000000000000000 ) ) ;
#3229 = CARTESIAN_POINT ( 'NONE',  ( -15.00000000000000000, 2.999999999999996447, 0.000000000000000000 ) ) ;
#3230 = CARTESIAN_POINT ( 'NONE',  ( -6.205409209409571858, 3.982382847479342569, 13.66177648649625809 ) ) ;
#3231 = CARTESIAN_POINT ( 'NONE',  ( 2.061062864221901769, 16.49948735465795835, 13.42205201875544240 ) ) ;
#3232 = CARTESIAN_POINT ( 'NONE',  ( -14.15555555643001284, 4.918760237672634261, -1.812984716351408343 ) ) ;
#3233 = CARTESIAN_POINT ( 'NONE',  ( -6.229861548701554064, 4.042053953700337487, 12.73694607676482526 ) ) ;
#3234 = CARTESIAN_POINT ( 'NONE',  ( 0.1997550912658611899, 3.999999999999996447, -13.99999999999999822 ) ) ;
#3235 = CARTESIAN_POINT ( 'NONE',  ( -9.451046401015407383, 15.19381013832905758, -10.99883013190534875 ) ) ;
#3236 = CARTESIAN_POINT ( 'NONE',  ( -4.813279525059146025, 14.40389851827507073, 14.00299574718657425 ) ) ;
#3237 = CARTESIAN_POINT ( 'NONE',  ( 12.99972950651184433, 16.46439443573020966, -0.08923821285192980179 ) ) ;
#3238 = CARTESIAN_POINT ( 'NONE',  ( 1.254903985561384383, 4.130308299584161347, 14.17667459282657738 ) ) ;
#3239 = CARTESIAN_POINT ( 'NONE',  ( -1.732404432002643269, 4.607737795638445100, 14.16459022298606385 ) ) ;
#3240 = CARTESIAN_POINT ( 'NONE',  ( -8.673617379884035472E-16, 4.999999999999996447, -15.00000000000000000 ) ) ;
#3241 = DIRECTION ( 'NONE',  ( -0.000000000000000000, 1.000000000000000000, -0.000000000000000000 ) ) ;
#3242 = CARTESIAN_POINT ( 'NONE',  ( 6.378483251638336071, 17.32959717367248942, -10.75202076438242926 ) ) ;
#3243 = CARTESIAN_POINT ( 'NONE',  ( 5.507686957097278402, 12.99999999999999822, 13.16556307376509949 ) ) ;
#3244 = ORIENTED_EDGE ( 'NONE', *, *, #5745, .F. ) ;
#3245 = B_SPLINE_CURVE_WITH_KNOTS ( 'NONE', 3,
 ( #667, #2954, #4182, #3034, #6967, #3493, #5277, #51, #1808, #4139, #5007, #5700, #1613, #6189, #7452, #4553, #962, #7415, #7491, #3947, #463, #1655, #3290, #3989, #6303, #1076, #3406, #5738, #500, #4214, #4780, #5848 ),
 .UNSPECIFIED., .F., .F.,
 ( 4, 2, 2, 2, 2, 2, 2, 2, 2, 2, 2, 2, 2, 2, 2, 4 ),
 ( 0.000000000000000000, 0.001151124732941960277, 0.002302249465883920553, 0.002877811832354899933, 0.003453374198825874975, 0.004028936565296849584, 0.004316717748532337105, 0.004604498931767822892, 0.004892280115003310413, 0.005180061298238797067, 0.005467842481474283721, 0.005755623664709771242, 0.006331186031180751489, 0.006906748397651735205, 0.008057873130593713046, 0.009208997863535690886 ),
 .UNSPECIFIED. ) ;
#3246 = CARTESIAN_POINT ( 'NONE',  ( -10.65507659721953004, 16.31616615544948345, 8.693385064645791971 ) ) ;
#3247 = CARTESIAN_POINT ( 'NONE',  ( 8.767932538315363900, 15.52528394056015593, 11.34767652563017215 ) ) ;
#3248 = ORIENTED_EDGE ( 'NONE', *, *, #1680, .F. ) ;
#3249 = CARTESIAN_POINT ( 'NONE',  ( 1.784497617352895693, 13.89581248135503877, -14.09653354530779978 ) ) ;
#3250 = CARTESIAN_POINT ( 'NONE',  ( -5.546941514936472473, 15.50463209291605438, -12.53588500505918013 ) ) ;
#3251 = B_SPLINE_CURVE_WITH_KNOTS ( 'NONE', 3,
 ( #5124, #580, #7463, #2910, #5238, #3914, #2769, #5090, #7422, #6856, #1232, #4824, #4741, #2385, #7075, #6547, #7155, #6424 ),
 .UNSPECIFIED., .F., .F.,
 ( 4, 2, 2, 2, 2, 2, 2, 2, 4 ),
 ( 0.000000000000000000, 0.001603465088399649678, 0.003206930176799299356, 0.004008662720999126364, 0.004409528993099039000, 0.004810395265198951636, 0.005612127809398780379, 0.006012994081498694750, 0.006413860353598608254 ),
 .UNSPECIFIED. ) ;
#3252 = ORIENTED_EDGE ( 'NONE', *, *, #5305, .T. ) ;
#3253 = CARTESIAN_POINT ( 'NONE',  ( 2.220904921670405763, 3.536346359595051059, -14.83516400972701454 ) ) ;
#3254 = CARTESIAN_POINT ( 'NONE',  ( -11.52805513506006818, 4.292873783416801814, 8.392751417970975680 ) ) ;
#3255 = CARTESIAN_POINT ( 'NONE',  ( -8.000013859369884628, 16.84331918830451968, 10.49998244371605693 ) ) ;
#3256 = CYLINDRICAL_SURFACE ( 'NONE', #2728, 1.000000000000000000 ) ;
#3257 = CARTESIAN_POINT ( 'NONE',  ( -11.41714724628673139, 17.21275850705173838, -5.549090913153927218 ) ) ;
#3258 = EDGE_CURVE ( 'NONE', #514, #7226, #3071, .T. ) ;
#3259 = CARTESIAN_POINT ( 'NONE',  ( 10.49998244371604983, 16.84331918830451613, 8.000013859369891733 ) ) ;
#3260 = CARTESIAN_POINT ( 'NONE',  ( 14.82988478759347117, 3.565920217498003808, 2.255710239884147317 ) ) ;
#3261 = CARTESIAN_POINT ( 'NONE',  ( -14.71428571428571708, -2.000000000000000000, -2.913725436338733488 ) ) ;
#3262 = CARTESIAN_POINT ( 'NONE',  ( 1.263143926221077962, 15.85619971944323936, -13.44490677877408125 ) ) ;
#3263 = DIRECTION ( 'NONE',  ( -0.000000000000000000, 1.000000000000000000, -0.000000000000000000 ) ) ;
#3264 = CARTESIAN_POINT ( 'NONE',  ( 6.827827030295954280, 3.907900456521053556, -13.35671214268712070 ) ) ;
#3265 = CARTESIAN_POINT ( 'NONE',  ( -14.73453019819495680, 4.368024099194741439, -2.809874236727731844 ) ) ;
#3266 = DIRECTION ( 'NONE',  ( 0.000000000000000000, 0.000000000000000000, 1.000000000000000000 ) ) ;
#3267 = CARTESIAN_POINT ( 'NONE',  ( 1.812984715944098824, 4.899988397038736565, -14.15555555555555323 ) ) ;
#3268 = CARTESIAN_POINT ( 'NONE',  ( -9.214151770087466886, 14.08273162050477723, -11.72010620377811385 ) ) ;
#3269 = CARTESIAN_POINT ( 'NONE',  ( -14.71428571428571530, 13.54063028116373069, -2.913725436338733044 ) ) ;
#3270 = CARTESIAN_POINT ( 'NONE',  ( 11.46854642757751108, 17.01783092815942666, -6.188381690807764457 ) ) ;
#3271 = CARTESIAN_POINT ( 'NONE',  ( 0.000000000000000000, -1.046597125924626503, 0.000000000000000000 ) ) ;
#3272 = CARTESIAN_POINT ( 'NONE',  ( -12.29931781088910370, 3.999560766178295257, -6.736219664775247473 ) ) ;
#3273 = CARTESIAN_POINT ( 'NONE',  ( -2.913725436338733044, 12.99999999999999822, -14.71428571428571352 ) ) ;
#3274 = PRODUCT_DEFINITION_CONTEXT ( 'detailed design', #3585, 'design' ) ;
#3275 = ORIENTED_EDGE ( 'NONE', *, *, #807, .F. ) ;
#3276 = CARTESIAN_POINT ( 'NONE',  ( 9.039524921499840104, 3.287421879862369778, -11.97111031651607327 ) ) ;
#3277 = CARTESIAN_POINT ( 'NONE',  ( 9.880503104665093517, 13.54063028116372891, -11.28608250894451537 ) ) ;
#3278 = DIRECTION ( 'NONE',  ( 0.000000000000000000, -1.000000000000000000, 0.000000000000000000 ) ) ;
#3279 = VERTEX_POINT ( 'NONE', #3706 ) ;
#3280 = CARTESIAN_POINT ( 'NONE',  ( 9.221802897687428668, 12.99999999999999822, 10.53367700834821008 ) ) ;
#3281 = CARTESIAN_POINT ( 'NONE',  ( 11.84068357946265415, 4.622023400374322577, -9.238477461276097813 ) ) ;
#3282 = VERTEX_POINT ( 'NONE', #5563 ) ;
#3283 = CARTESIAN_POINT ( 'NONE',  ( -8.192666142396582529, 4.141617151279123554, 11.64031996218100140 ) ) ;
#3284 = CARTESIAN_POINT ( 'NONE',  ( 0.3340813413526143028, 2.999999999999997780, 15.00000000000000533 ) ) ;
#3285 = CARTESIAN_POINT ( 'NONE',  ( -13.99999999999999822, 3.999999999999996447, 0.000000000000000000 ) ) ;
#3286 = ORIENTED_EDGE ( 'NONE', *, *, #6859, .F. ) ;
#3287 = CARTESIAN_POINT ( 'NONE',  ( -2.833075529376630097, 14.40389851827487178, -14.53358980867866279 ) ) ;
#3288 = CARTESIAN_POINT ( 'NONE',  ( -8.647868598458284595, 3.999999999999996447, -11.35257835782100244 ) ) ;
#3289 = CARTESIAN_POINT ( 'NONE',  ( -10.56396403299040010, 17.26706329440287746, -6.881046799117552126 ) ) ;
#3290 = CARTESIAN_POINT ( 'NONE',  ( -7.452544244670990636, 16.16451511327515433, 10.98947827310648861 ) ) ;
#3291 = CARTESIAN_POINT ( 'NONE',  ( 7.987865666622757210, 15.64112245143674329, -11.04801371515090835 ) ) ;
#3292 =( BOUNDED_SURFACE ( )  B_SPLINE_SURFACE ( 3, 2, ( 
 ( #2998, #584, #4141 ),
 ( #2913, #1774, #5318 ),
 ( #5240, #1190, #4068 ),
 ( #3530, #627, #1236 ),
 ( #3622, #54, #7079 ),
 ( #5171, #90, #4744 ),
 ( #2424, #6392, #3577 ),
 ( #4710, #5206, #1848 ),
 ( #7045, #6353, #5938 ),
 ( #1703, #4184, #6511 ),
 ( #6969, #2274, #1121 ),
 ( #5792, #550, #2880 ),
 ( #7535, #4641, #1738 ),
 ( #1155, #11, #2351 ),
 ( #4675, #6050, #1395 ),
 ( #7232, #4326, #128 ),
 ( #2612, #5398, #3730 ),
 ( #5356, #2467, #6123 ) ),
 .UNSPECIFIED., .F., .F., .T. ) 
 B_SPLINE_SURFACE_WITH_KNOTS ( ( 4, 2, 2, 2, 2, 2, 2, 2, 4 ),
 ( 3, 3 ),
 ( 0.001302520603113771318, 0.001783172609227538178, 0.002263824615341305038, 0.002744476621455071465, 0.003225128627568838325, 0.003705780633682605185, 0.004186432639796371612, 0.004667084645910138038, 0.005147736652023905332 ),
 ( 0.000000000000000000, 1.000000000000000000 ),
 .UNSPECIFIED. ) 
 GEOMETRIC_REPRESENTATION_ITEM ( )  RATIONAL_B_SPLINE_SURFACE ( (
 ( 1.000000000000000000, 0.7867957924694435334, 1.000000000000000000),
 ( 1.000000000000000000, 0.7867918659039027096, 1.000000000000000000),
 ( 1.000000000000000000, 0.7870059279259266072, 1.000000000000000000),
 ( 1.000000000000000000, 0.7876722697780654814, 1.000000000000000000),
 ( 1.000000000000000000, 0.7881326248067190843, 1.000000000000000000),
 ( 1.000000000000000000, 0.7887758449274027139, 1.000000000000000000),
 ( 1.000000000000000000, 0.7889663658733789831, 1.000000000000000000),
 ( 1.000000000000000000, 0.7882435220810350973, 1.000000000000000000),
 ( 1.000000000000000000, 0.7873519033454374760, 1.000000000000000000),
 ( 1.000000000000000000, 0.7832757266628367354, 1.000000000000000000),
 ( 1.000000000000000000, 0.7801295861738919424, 1.000000000000000000),
 ( 1.000000000000000000, 0.7702790648040356292, 1.000000000000000000),
 ( 1.000000000000000000, 0.7633849859748669253, 1.000000000000000000),
 ( 1.000000000000000000, 0.7458883219263792164, 1.000000000000000000),
 ( 1.000000000000000000, 0.7349125052205721653, 1.000000000000000000),
 ( 1.000000000000000000, 0.7151046345649970659, 1.000000000000000000),
 ( 1.000000000000000000, 0.7068896004544084066, 1.000000000000000000),
 ( 1.000000000000000000, 0.7071067811865473507, 1.000000000000000000) ) ) 
 REPRESENTATION_ITEM ( '' )  SURFACE ( )  );
#3293 = CARTESIAN_POINT ( 'NONE',  ( 10.56396403299040720, 17.26706329440288101, 6.881046799117552126 ) ) ;
#3294 = CARTESIAN_POINT ( 'NONE',  ( -5.670376953056900149, 4.531312346189698026, -13.90549294068446784 ) ) ;
#3295 = CARTESIAN_POINT ( 'NONE',  ( -1.309801003009352760, 15.78725876297825614, 13.48327375377315107 ) ) ;
#3296 = CARTESIAN_POINT ( 'NONE',  ( 0.4704728852760866609, 16.40427471400058934, -13.05401681879797060 ) ) ;
#3297 = EDGE_CURVE ( 'NONE', #5991, #7105, #924, .T. ) ;
#3298 = AXIS2_PLACEMENT_3D ( 'NONE', #5721, #7473, #2243 ) ;
#3299 = DIRECTION ( 'NONE',  ( -1.000000000000000000, -0.000000000000000000, 1.734723475976806848E-16 ) ) ;
#3300 = CARTESIAN_POINT ( 'NONE',  ( 6.946010022589395483, 3.929555441587358366, -13.29571659393494443 ) ) ;
#3301 = DIRECTION ( 'NONE',  ( -0.8660254037844385966, 0.000000000000000000, 0.5000000000000000000 ) ) ;
#3302 = CARTESIAN_POINT ( 'NONE',  ( 11.96384687571773497, 16.15706900899149190, -5.778940753291125887 ) ) ;
#3303 = CARTESIAN_POINT ( 'NONE',  ( 3.827021247335478803E-16, 16.00000000000000000, 3.125000000000000000 ) ) ;
#3304 = CARTESIAN_POINT ( 'NONE',  ( -11.02195709544280611, 15.78725876297825614, -7.875957819394721504 ) ) ;
#3305 = AXIS2_PLACEMENT_3D ( 'NONE', #4876, #4338, #7246 ) ;
#3306 = TOROIDAL_SURFACE ( 'NONE', #6839, 1.000000000000000444, 1.000000000000000000 ) ;
#3307 = CARTESIAN_POINT ( 'NONE',  ( 4.511530435645913606, 4.999999999999996447, 13.25315408226436453 ) ) ;
#3308 = CARTESIAN_POINT ( 'NONE',  ( 11.00304633437056268, 16.56095533821360988, -7.897098601243296656 ) ) ;
#3309 = EDGE_CURVE ( 'NONE', #1230, #5169, #5754, .T. ) ;
#3310 = DIRECTION ( 'NONE',  ( 0.000000000000000000, 1.000000000000000000, 0.000000000000000000 ) ) ;
#3311 = CARTESIAN_POINT ( 'NONE',  ( -13.07805645777453663, 4.399910688984937757, -5.698184653713543213 ) ) ;
#3312 = VECTOR ( 'NONE', #635, 1000.000000000000000 ) ;
#3313 = FACE_OUTER_BOUND ( 'NONE', #2490, .T. ) ;
#3314 = AXIS2_PLACEMENT_3D ( 'NONE', #351, #3211, #7293 ) ;
#3315 = CARTESIAN_POINT ( 'NONE',  ( 10.49598459648336402, 17.17619535981904377, -7.240358084082752832 ) ) ;
#3316 = CARTESIAN_POINT ( 'NONE',  ( -9.221802897687414458, -2.000000000000000000, 10.53367700834821896 ) ) ;
#3317 = B_SPLINE_CURVE_WITH_KNOTS ( 'NONE', 3,
 ( #4405, #6739, #2692, #4423, #3509, #2824, #5221, #2930, #5877, #5295, #6030, #3092, #6566, #186, #223, #6528, #3163, #798, #722, #5486, #2441, #3129, #2591, #4914, #1980, #3635, #3668, #5334, #7247, #1328, #4157, #1937, #4304, #6490 ),
 .UNSPECIFIED., .F., .F.,
 ( 4, 2, 2, 2, 2, 2, 2, 2, 2, 2, 2, 2, 2, 2, 2, 2, 4 ),
 ( 0.000000000000000000, 0.001600104633265884372, 0.003200209266531768744, 0.004000261583164711580, 0.004400287741481181264, 0.004800313899797651815, 0.005600366216430587712, 0.006000392374747054794, 0.006400418533063521875, 0.007200470849696456038, 0.007600497008012923987, 0.008000523166329391936, 0.008800575482962326099, 0.009600627799595261996, 0.01040068011622820657, 0.01120073243286114767, 0.01280083706612703508 ),
 .UNSPECIFIED. ) ;
#3318 = CARTESIAN_POINT ( 'NONE',  ( -0.8511828748498834196, 3.017622708062964509, -14.97678535854841009 ) ) ;
#3319 = ORIENTED_EDGE ( 'NONE', *, *, #5745, .T. ) ;
#3320 = EDGE_CURVE ( 'NONE', #2419, #6416, #832, .T. ) ;
#3321 = CARTESIAN_POINT ( 'NONE',  ( -11.80280946417324017, 12.99999999999999467, 9.290267669330480871 ) ) ;
#3322 = CARTESIAN_POINT ( 'NONE',  ( 12.09578671560531937, 4.080934495940519824, -8.884264786689213267 ) ) ;
#3323 = ORIENTED_EDGE ( 'NONE', *, *, #971, .F. ) ;
#3324 = CARTESIAN_POINT ( 'NONE',  ( 1.812984715944098824, 12.99999999999999822, -14.15555555555555500 ) ) ;
#3325 = CARTESIAN_POINT ( 'NONE',  ( 11.67465946006910116, 14.33182026815210186, 9.170694062175630989 ) ) ;
#3326 = CARTESIAN_POINT ( 'NONE',  ( -11.17171941074428432, 16.45747003169181610, 6.662418174720015962 ) ) ;
#3327 = ORIENTED_EDGE ( 'NONE', *, *, #516, .F. ) ;
#3328 = CARTESIAN_POINT ( 'NONE',  ( -14.00591515363463024, 14.39430030472783351, 4.813507431029857564 ) ) ;
#3329 = CARTESIAN_POINT ( 'NONE',  ( 5.499610408097372449, 14.54162390953169393, 12.95536764865311596 ) ) ;
#3330 = CARTESIAN_POINT ( 'NONE',  ( -14.19980794528325063, 13.54176985573761982, -4.833782609620615567 ) ) ;
#3331 = CARTESIAN_POINT ( 'NONE',  ( 6.058590996516264759, 17.32506065368709258, -10.94434166771334915 ) ) ;
#3332 = DIRECTION ( 'NONE',  ( 0.000000000000000000, 1.000000000000000000, 0.000000000000000000 ) ) ;
#3333 = CARTESIAN_POINT ( 'NONE',  ( -4.833782609620612902, 4.999999999999998224, -14.19980794528326307 ) ) ;
#3334 = CARTESIAN_POINT ( 'NONE',  ( -1.947546588872871132, 15.40047773549967403, 14.27335657409373404 ) ) ;
#3335 = AXIS2_PLACEMENT_3D ( 'NONE', #3240, #762, #1939 ) ;
#3336 = CARTESIAN_POINT ( 'NONE',  ( 5.507686957097267744, 4.999999999999996447, -13.16556307376510304 ) ) ;
#3337 = DIRECTION ( 'NONE',  ( 0.000000000000000000, 0.000000000000000000, -1.000000000000000000 ) ) ;
#3338 = CARTESIAN_POINT ( 'NONE',  ( -13.90906374865487827, 3.436560184660547801, 5.617718256353433581 ) ) ;
#3339 = CARTESIAN_POINT ( 'NONE',  ( 5.576398997336192487, 4.999999999999996447, -13.94701254168406201 ) ) ;
#3340 = CARTESIAN_POINT ( 'NONE',  ( -14.99999999999999822, 2.999999999931400207, 0.1705799314679286582 ) ) ;
#3341 =( BOUNDED_SURFACE ( )  B_SPLINE_SURFACE ( 3, 2, ( 
 ( #129, #4790, #7122 ),
 ( #4255, #6552, #3655 ),
 ( #5972, #5584, #894 ),
 ( #4293, #5436, #208 ),
 ( #3223, #2110, #4938 ),
 ( #361, #5550, #2576 ),
 ( #3116, #4972, #2687 ),
 ( #7268, #5513, #2034 ),
 ( #5012, #4360, #7342 ),
 ( #6626, #325, #2651 ),
 ( #7303, #4441, #1430 ),
 ( #2726, #7343, #2150 ),
 ( #4442, #1537, #147 ),
 ( #7270, #3294, #720 ),
 ( #5621, #6526, #5372 ),
 ( #2480, #1899, #4327 ),
 ( #6087, #6307, #5200 ),
 ( #3410, #5783, #3333 ) ),
 .UNSPECIFIED., .F., .F., .T. ) 
 B_SPLINE_SURFACE_WITH_KNOTS ( ( 4, 2, 2, 2, 2, 2, 2, 2, 4 ),
 ( 3, 3 ),
 ( 0.001001835143902674464, 0.001483160195672277503, 0.001964485247441880543, 0.002445810299211483799, 0.002927135350981087056, 0.003408460402750689879, 0.003889785454520293135, 0.004371110506289896391, 0.004852435558059499214 ),
 ( 0.000000000000000000, 1.000000000000000000 ),
 .UNSPECIFIED. ) 
 GEOMETRIC_REPRESENTATION_ITEM ( )  RATIONAL_B_SPLINE_SURFACE ( (
 ( 1.000000000000000000, 0.7071067811865479058, 1.000000000000000000),
 ( 1.000000000000000000, 0.7068862653317448119, 1.000000000000000000),
 ( 1.000000000000000000, 0.7152614521122719893, 1.000000000000000000),
 ( 1.000000000000000000, 0.7353188346933101638, 1.000000000000000000),
 ( 1.000000000000000000, 0.7463742780416674494, 1.000000000000000000),
 ( 1.000000000000000000, 0.7639171294620769048, 1.000000000000000000),
 ( 1.000000000000000000, 0.7705876985465988094, 1.000000000000000000),
 ( 1.000000000000000000, 0.7802728411342102488, 1.000000000000000000),
 ( 1.000000000000000000, 0.7834142574742151144, 1.000000000000000000),
 ( 1.000000000000000000, 0.7873757974864399323, 1.000000000000000000),
 ( 1.000000000000000000, 0.7882590930830079001, 1.000000000000000000),
 ( 1.000000000000000000, 0.7889663206215634661, 1.000000000000000000),
 ( 1.000000000000000000, 0.7887727214692952238, 1.000000000000000000),
 ( 1.000000000000000000, 0.7881288200424254597, 1.000000000000000000),
 ( 1.000000000000000000, 0.7876692935215963143, 1.000000000000000000),
 ( 1.000000000000000000, 0.7870063584361974840, 1.000000000000000000),
 ( 1.000000000000000000, 0.7867917697739799099, 1.000000000000000000),
 ( 1.000000000000000000, 0.7867957924694415350, 1.000000000000000000) ) ) 
 REPRESENTATION_ITEM ( '' )  SURFACE ( )  );
#3342 = EDGE_LOOP ( 'NONE', ( #6899, #5646, #5379, #6221 ) ) ;
#3343 = VECTOR ( 'NONE', #3027, 1000.000000000000000 ) ;
#3344 = CARTESIAN_POINT ( 'NONE',  ( 10.98754595105522824, 16.18422701321748036, -7.430675926421668187 ) ) ;
#3345 = CARTESIAN_POINT ( 'NONE',  ( 1.255554585857243000, 4.130604814885191267, -14.17671341363786652 ) ) ;
#3346 = FACE_OUTER_BOUND ( 'NONE', #2678, .T. ) ;
#3347 = CARTESIAN_POINT ( 'NONE',  ( -11.24048614865595574, 14.54162390953149497, -8.469872295051601441 ) ) ;
#3348 = CARTESIAN_POINT ( 'NONE',  ( 10.94908792175476364, 17.32944964589897552, -6.037578807498954703 ) ) ;
#3349 = AXIS2_PLACEMENT_3D ( 'NONE', #3159, #3124, #3771 ) ;
#3350 = CARTESIAN_POINT ( 'NONE',  ( -7.240358084082753720, 17.17619535981904733, -10.49598459648336579 ) ) ;
#3351 = CARTESIAN_POINT ( 'NONE',  ( -12.47817080751052465, 4.003770645890960544, -6.523952122674375964 ) ) ;
#3352 = CARTESIAN_POINT ( 'NONE',  ( -0.5413601079002654526, 17.29921814651424583, -12.54593096217229409 ) ) ;
#3353 = DIRECTION ( 'NONE',  ( -0.000000000000000000, -1.000000000000000000, -0.000000000000000000 ) ) ;
#3354 = CARTESIAN_POINT ( 'NONE',  ( -2.719477073916150456, -2.000000000000000000, -13.73333333333333250 ) ) ;
#3355 = DIRECTION ( 'NONE',  ( 0.000000000000000000, 0.000000000000000000, 1.000000000000000000 ) ) ;
#3356 = EDGE_CURVE ( 'NONE', #3684, #2418, #3682, .T. ) ;
#3357 = CARTESIAN_POINT ( 'NONE',  ( -1.216948308771451586E-15, 3.999999999999996447, -14.00000000000000000 ) ) ;
#3358 = CARTESIAN_POINT ( 'NONE',  ( 1.900000000000000355, 12.00000000000000000, -2.481053203782619399 ) ) ;
#3359 = CARTESIAN_POINT ( 'NONE',  ( 11.30028506792148768, 4.678371526212228737, -9.864347445916614276 ) ) ;
#3360 = ORIENTED_EDGE ( 'NONE', *, *, #1250, .T. ) ;
#3361 = CARTESIAN_POINT ( 'NONE',  ( 2.144203076937481356, 13.27412191024541421, -14.86666666386159719 ) ) ;
#3362 = CARTESIAN_POINT ( 'NONE',  ( 11.00231029986409226, 15.18019855795785666, 9.456886472717096481 ) ) ;
#3363 = B_SPLINE_CURVE_WITH_KNOTS ( 'NONE', 3,
 ( #1895, #2509, #2964, #751, #4834, #6437, #593, #1817, #5978, #2432, #4228, #4717, #3044, #7015 ),
 .UNSPECIFIED., .F., .F.,
 ( 4, 2, 2, 2, 2, 2, 4 ),
 ( 0.000000000000000000, 0.0005928652010081117765, 0.001185730402016223553, 0.001482163002520280526, 0.001778595603024337498, 0.002075028203528394687, 0.002371460804032451443 ),
 .UNSPECIFIED. ) ;
#3364 = EDGE_CURVE ( 'NONE', #3282, #2653, #3922, .T. ) ;
#3365 = CARTESIAN_POINT ( 'NONE',  ( -11.35257835782099356, 12.99999999999999822, 8.647868598458293476 ) ) ;
#3366 = ORIENTED_EDGE ( 'NONE', *, *, #1923, .F. ) ;
#3367 = CARTESIAN_POINT ( 'NONE',  ( 5.511342071743309923, 15.03165809364147520, 12.77416332826649281 ) ) ;
#3368 = CARTESIAN_POINT ( 'NONE',  ( -10.95168844787417761, 17.33111043878623292, -6.028280352454857827 ) ) ;
#3369 = CARTESIAN_POINT ( 'NONE',  ( 7.385704808739594007, 17.12778597774545375, -10.48219227883897275 ) ) ;
#3370 = CARTESIAN_POINT ( 'NONE',  ( 12.97364189279319646, 16.19641629605645505, 4.859130905515655741 ) ) ;
#3371 = CARTESIAN_POINT ( 'NONE',  ( 12.49858058641903824, 17.33111043878623647, -0.2552002975765667037 ) ) ;
#3372 = CARTESIAN_POINT ( 'NONE',  ( -2.864667622864549124, 14.11976560169259720, 14.60276031579857126 ) ) ;
#3373 = CARTESIAN_POINT ( 'NONE',  ( 12.45005521205790977, 3.894656027646228758, 8.369027260026522086 ) ) ;
#3374 = DIRECTION ( 'NONE',  ( -0.000000000000000000, -1.000000000000000000, -0.000000000000000000 ) ) ;
#3375 = CARTESIAN_POINT ( 'NONE',  ( 1.040949779275250140E-15, -2.000000000000000000, -8.500000000000000000 ) ) ;
#3376 = CARTESIAN_POINT ( 'NONE',  ( -13.53628884120409026, 3.061395714370280796, 6.465032513632542610 ) ) ;
#3377 = CARTESIAN_POINT ( 'NONE',  ( 5.653749813542738423, 4.466339822256688130, -13.09954946033192869 ) ) ;
#3378 = CARTESIAN_POINT ( 'NONE',  ( -14.90938969717448614, 4.141511870957347519, 1.730140639936847968 ) ) ;
#3379 = ORIENTED_EDGE ( 'NONE', *, *, #6254, .F. ) ;
#3380 = CARTESIAN_POINT ( 'NONE',  ( 11.22611839560280877, 16.47044367606250503, -6.544366019271528501 ) ) ;
#3381 = CARTESIAN_POINT ( 'NONE',  ( -10.76140562461001871, 15.99135119082495038, -8.968610998045186022 ) ) ;
#3382 = CARTESIAN_POINT ( 'NONE',  ( 6.645734795194521816, 16.46039941262980832, -11.17813696186081351 ) ) ;
#3383 = DIRECTION ( 'NONE',  ( -0.000000000000000000, -1.000000000000000000, 0.000000000000000000 ) ) ;
#3384 = CARTESIAN_POINT ( 'NONE',  ( 10.62961605351835637, 17.30235213935351268, -6.668375429921247211 ) ) ;
#3385 = CARTESIAN_POINT ( 'NONE',  ( -9.880503104665102398, 13.54176985573761627, -11.28608250894451359 ) ) ;
#3386 = CARTESIAN_POINT ( 'NONE',  ( -5.884202245669378328, 3.267587546154536060, -13.79844109687654274 ) ) ;
#3387 = CARTESIAN_POINT ( 'NONE',  ( 0.000000000000000000, 12.99999999999999822, 0.000000000000000000 ) ) ;
#3388 = CARTESIAN_POINT ( 'NONE',  ( -10.53367700834820653, -2.000000000000000000, 9.221802897687433997 ) ) ;
#3389 = CARTESIAN_POINT ( 'NONE',  ( -12.12435565298214080, 3.999999999999996447, -6.999999999999998224 ) ) ;
#3390 = CARTESIAN_POINT ( 'NONE',  ( 8.647868599247756194, 4.918760237672683999, -11.35257835837430740 ) ) ;
#3391 = CARTESIAN_POINT ( 'NONE',  ( -13.16556307376509771, 12.99999999999999822, 5.507686957097281955 ) ) ;
#3392 = CARTESIAN_POINT ( 'NONE',  ( -9.290267669330461331, 12.99999999999999822, 11.80280946417325438 ) ) ;
#3393 = CARTESIAN_POINT ( 'NONE',  ( -14.85446167736905743, 3.436560184660549133, -2.089445153021757040 ) ) ;
#3394 = EDGE_CURVE ( 'NONE', #1415, #784, #383, .T. ) ;
#3395 = CARTESIAN_POINT ( 'NONE',  ( 12.81727550784969161, 2.999121522247317539, -7.794000012382621634 ) ) ;
#3396 = ORIENTED_EDGE ( 'NONE', *, *, #2154, .F. ) ;
#3397 = CARTESIAN_POINT ( 'NONE',  ( 1.694662614951595092, 16.09491777460652173, -13.85063983462155512 ) ) ;
#3398 = CARTESIAN_POINT ( 'NONE',  ( 11.00557297587789840, 16.55014497691213293, 7.911899277860730884 ) ) ;
#3399 = B_SPLINE_CURVE_WITH_KNOTS ( 'NONE', 3,
 ( #6207, #2666, #3352, #3972, #6911, #5065, #410, #2129, #7395, #980, #2203, #1515, #1093, #2167, #4415, #6288, #482, #3273 ),
 .UNSPECIFIED., .F., .F.,
 ( 4, 2, 2, 2, 2, 2, 2, 2, 4 ),
 ( 0.006413860353598608254, 0.007212232442664662582, 0.007611418487197691048, 0.008010604531730719513, 0.008808976620796771240, 0.009607348709862821232, 0.01040572079892887296, 0.01120409288799492295, 0.01280083706612702120 ),
 .UNSPECIFIED. ) ;
#3400 = CARTESIAN_POINT ( 'NONE',  ( 11.06845627942985111, 16.40289631554418648, 6.939315160833039009 ) ) ;
#3401 = ORIENTED_EDGE ( 'NONE', *, *, #4525, .F. ) ;
#3402 = PRODUCT_CONTEXT ( 'NONE', #1229, 'mechanical' ) ;
#3403 = ADVANCED_FACE ( 'NONE', ( #7432 ), #2211, .T. ) ;
#3404 = CARTESIAN_POINT ( 'NONE',  ( 13.09394524411572824, 13.93743510992577583, -5.502475670062692004 ) ) ;
#3405 = CARTESIAN_POINT ( 'NONE',  ( -12.53645181536196951, 17.30550362272239795, -0.4849220534735386723 ) ) ;
#3406 = CARTESIAN_POINT ( 'NONE',  ( -8.144420846659100377, 15.38796119888014147, 11.09507897453215897 ) ) ;
#3407 = CARTESIAN_POINT ( 'NONE',  ( 5.467528266995062225, 15.08037049037409361, -13.50692180566384515 ) ) ;
#3408 = CARTESIAN_POINT ( 'NONE',  ( -11.74670010441896473, 4.051461718327630912, 7.959214786790331786 ) ) ;
#3409 = ORIENTED_EDGE ( 'NONE', *, *, #3297, .F. ) ;
#3410 = CARTESIAN_POINT ( 'NONE',  ( -5.507686957097268632, 4.999999999999997335, -13.16556307376511192 ) ) ;
#3411 = CARTESIAN_POINT ( 'NONE',  ( -2.834337860240307982, 14.39430030472762922, 14.53623204181201523 ) ) ;
#3412 = CARTESIAN_POINT ( 'NONE',  ( 12.25354108269266717, 3.105261479425883042, 8.653126464499111492 ) ) ;
#3413 = EDGE_CURVE ( 'NONE', #2990, #6755, #5996, .T. ) ;
#3414 = DIRECTION ( 'NONE',  ( 0.8660254037844387076, -0.000000000000000000, -0.5000000000000001110 ) ) ;
#3415 = CARTESIAN_POINT ( 'NONE',  ( 7.499999999999997335, 2.999999999999996447, -12.99038105676658184 ) ) ;
#3416 = FACE_OUTER_BOUND ( 'NONE', #5071, .T. ) ;
#3417 = CARTESIAN_POINT ( 'NONE',  ( -1.849404276323559415, 16.70454744069783004, 13.23141788603454572 ) ) ;
#3418 = CARTESIAN_POINT ( 'NONE',  ( 5.588232011426597090, 4.808246761477578346, 13.94180280457630339 ) ) ;
#3419 = CARTESIAN_POINT ( 'NONE',  ( -11.35186650922005569, 15.50732118243872470, -8.770795430931261905 ) ) ;
#3420 = CARTESIAN_POINT ( 'NONE',  ( 7.643571516726511916, 4.007725254572977569, 11.85689803100656725 ) ) ;
#3421 = VECTOR ( 'NONE', #5944, 1000.000000000000000 ) ;
#3422 = CARTESIAN_POINT ( 'NONE',  ( 11.73249193867816942, 16.92071623829483329, -5.936882310865922996 ) ) ;
#3423 = DIRECTION ( 'NONE',  ( -0.000000000000000000, 1.000000000000000000, -0.000000000000000000 ) ) ;
#3424 = CARTESIAN_POINT ( 'NONE',  ( -5.269348156693452800, 3.769298623094741174, -14.04451778702818032 ) ) ;
#3425 = DIRECTION ( 'NONE',  ( -0.000000000000000000, -1.000000000000000000, -0.000000000000000000 ) ) ;
#3426 = FACE_OUTER_BOUND ( 'NONE', #4585, .T. ) ;
#3427 = CARTESIAN_POINT ( 'NONE',  ( -13.07636731669049190, 3.999999999496235414, -7.351067428966626238 ) ) ;
#3428 = CARTESIAN_POINT ( 'NONE',  ( 7.963737322594814039, 4.052630740461649950, -11.74485893500176559 ) ) ;
#3429 = VECTOR ( 'NONE', #650, 1000.000000000000000 ) ;
#3430 = DIRECTION ( 'NONE',  ( 0.000000000000000000, -1.000000000000000000, -0.000000000000000000 ) ) ;
#3431 = CARTESIAN_POINT ( 'NONE',  ( -9.456886472717243919, 15.18019855795801298, 11.00231029986385245 ) ) ;
#3432 = AXIS2_PLACEMENT_3D ( 'NONE', #1632, #3927, #6246 ) ;
#3433 = CIRCLE ( 'NONE', #1233, 1.000000000000000000 ) ;
#3434 = CARTESIAN_POINT ( 'NONE',  ( -7.883827131477425532, 16.90846634617058442, 10.48728023795661102 ) ) ;
#3435 = CARTESIAN_POINT ( 'NONE',  ( 12.38811734657314112, 3.901731976069061858, -8.461361037708110544 ) ) ;
#3436 = ORIENTED_EDGE ( 'NONE', *, *, #6305, .F. ) ;
#3437 = CARTESIAN_POINT ( 'NONE',  ( -0.06892552277182599496, 16.46435542854617040, -12.99976554019338693 ) ) ;
#3438 = CARTESIAN_POINT ( 'NONE',  ( 11.06512756987194024, 14.92702988626230720, 9.559151480687956948 ) ) ;
#3439 = CARTESIAN_POINT ( 'NONE',  ( 11.30271510139137625, 16.46439443573021677, 6.422582193937826922 ) ) ;
#3440 = ORIENTED_EDGE ( 'NONE', *, *, #4113, .F. ) ;
#3441 = DIRECTION ( 'NONE',  ( 1.000000000000000000, 0.000000000000000000, 0.000000000000000000 ) ) ;
#3442 = CARTESIAN_POINT ( 'NONE',  ( 4.820505223099710079, 14.11976560169274997, 14.07869521028911386 ) ) ;
#3443 = CARTESIAN_POINT ( 'NONE',  ( -14.09653354530782821, 13.89581248135503877, -1.784497617352911014 ) ) ;
#3444 = CARTESIAN_POINT ( 'NONE',  ( 6.688180724844355218, 17.30550362272254716, -10.61442471868596549 ) ) ;
#3445 = CARTESIAN_POINT ( 'NONE',  ( -12.65783464201204822, 4.022122106470566116, 6.324280315027940524 ) ) ;
#3446 = VERTEX_POINT ( 'NONE', #2741 ) ;
#3447 = EDGE_CURVE ( 'NONE', #3690, #6816, #502, .T. ) ;
#3448 = B_SPLINE_CURVE_WITH_KNOTS ( 'NONE', 3,
 ( #2185, #6891, #6344, #4634, #6229, #5086, #5704, #7418, #2303, #1617, #467, #1080, #6962, #5818 ),
 .UNSPECIFIED., .F., .F.,
 ( 4, 2, 2, 2, 2, 2, 4 ),
 ( 0.000000000000000000, 0.0002276506516830043578, 0.0004553013033660087156, 0.0009106026067320167807, 0.001138253258415017994, 0.001365903910098018991, 0.001821205213464017082 ),
 .UNSPECIFIED. ) ;
#3449 = CARTESIAN_POINT ( 'NONE',  ( -11.36125930283049357, 4.343064212564022419, 9.794073022835398490 ) ) ;
#3450 = CARTESIAN_POINT ( 'NONE',  ( -2.576335165359417090, 15.53957261684851687, 14.07539411463698187 ) ) ;
#3451 = CARTESIAN_POINT ( 'NONE',  ( 12.99038105676658184, 2.999999999999996447, 7.499999999999994671 ) ) ;
#3452 = CARTESIAN_POINT ( 'NONE',  ( -15.00000000000000000, 2.999999999999996447, 0.000000000000000000 ) ) ;
#3453 = DIRECTION ( 'NONE',  ( 0.000000000000000000, 0.000000000000000000, -1.000000000000000000 ) ) ;
#3454 = CARTESIAN_POINT ( 'NONE',  ( 12.99038105676657651, 4.999999999999996447, -5.500000000000005329 ) ) ;
#3455 = VERTEX_POINT ( 'NONE', #2201 ) ;
#3456 = CARTESIAN_POINT ( 'NONE',  ( 11.35257835782100599, 4.999999999999996447, 8.647868598458279266 ) ) ;
#3457 = ADVANCED_FACE ( 'NONE', ( #6866 ), #4456, .T. ) ;
#3458 = AXIS2_PLACEMENT_3D ( 'NONE', #224, #2549, #7209 ) ;
#3459 = DIRECTION ( 'NONE',  ( -0.000000000000000000, 1.000000000000000000, -0.000000000000000000 ) ) ;
#3460 = CARTESIAN_POINT ( 'NONE',  ( 14.53043896854967798, 14.83976512858142627, -2.053469160111062397 ) ) ;
#3461 = DIRECTION ( 'NONE',  ( 0.000000000000000000, 0.000000000000000000, -1.000000000000000000 ) ) ;
#3462 = ORIENTED_EDGE ( 'NONE', *, *, #2349, .F. ) ;
#3463 = CARTESIAN_POINT ( 'NONE',  ( -8.639668682331230087, 4.839156113676523319, 11.35878052288834184 ) ) ;
#3464 = CARTESIAN_POINT ( 'NONE',  ( -4.833782609620618231, 4.830693141506387178, -14.19980794528324353 ) ) ;
#3465 = DIRECTION ( 'NONE',  ( -0.000000000000000000, 1.000000000000000000, -0.000000000000000000 ) ) ;
#3466 = AXIS2_PLACEMENT_3D ( 'NONE', #229, #1445, #4845 ) ;
#3467 = CARTESIAN_POINT ( 'NONE',  ( -7.499999999999984013, 16.12864346198308851, -10.99038105676658006 ) ) ;
#3468 = CARTESIAN_POINT ( 'NONE',  ( -14.16254569571054667, 4.343064212564020643, -4.942102663815798991 ) ) ;
#3469 = CARTESIAN_POINT ( 'NONE',  ( 11.28608250894451182, 12.99999999999999822, -9.880503104665102398 ) ) ;
#3470 = CARTESIAN_POINT ( 'NONE',  ( 7.368816822721154125, 16.22587304497630001, 10.98883125318288378 ) ) ;
#3471 = CIRCLE ( 'NONE', #1648, 1.000000000000000000 ) ;
#3472 = CARTESIAN_POINT ( 'NONE',  ( -6.778065430522155488, 16.44440290119786141, 11.11932057075127211 ) ) ;
#3473 = CARTESIAN_POINT ( 'NONE',  ( 0.7282353545379697257, 16.31664398817212103, 13.12841785121959504 ) ) ;
#3474 = DIRECTION ( 'NONE',  ( 0.000000000000000000, 0.000000000000000000, -1.000000000000000000 ) ) ;
#3475 = CARTESIAN_POINT ( 'NONE',  ( -1.941871383057154787, 4.362682976374300914, 14.88820921331396008 ) ) ;
#3476 = CARTESIAN_POINT ( 'NONE',  ( -12.91866735108716568, 4.143710939356600953, 5.979223481117816874 ) ) ;
#3477 = VERTEX_POINT ( 'NONE', #5062 ) ;
#3478 = CARTESIAN_POINT ( 'NONE',  ( 0.8934441286780614444, 16.85085737450765464, -13.20047581643559198 ) ) ;
#3479 = CARTESIAN_POINT ( 'NONE',  ( 11.28608250894451714, 12.99999999999999822, 9.880503104665093517 ) ) ;
#3480 = CARTESIAN_POINT ( 'NONE',  ( 1.139648245525380466, 3.902453538974800740, -14.95868716918111652 ) ) ;
#3481 = VERTEX_POINT ( 'NONE', #5719 ) ;
#3482 = CARTESIAN_POINT ( 'NONE',  ( -9.221802897687416234, 12.99999999999999822, 10.53367700834822074 ) ) ;
#3483 = DIRECTION ( 'NONE',  ( 0.000000000000000000, -0.000000000000000000, -1.000000000000000000 ) ) ;
#3484 = CARTESIAN_POINT ( 'NONE',  ( -13.16713736431501935, 16.26662723198569793, -0.8034688498633062448 ) ) ;
#3485 = CARTESIAN_POINT ( 'NONE',  ( 5.459251338031359424, 16.10833033166799311, -12.83025702358672149 ) ) ;
#3486 = CARTESIAN_POINT ( 'NONE',  ( -12.73763331707831981, 4.039179813541597497, 6.230735127215722535 ) ) ;
#3487 = CARTESIAN_POINT ( 'NONE',  ( -7.000000000000000888, 3.999999999999996447, -12.12435565298213902 ) ) ;
#3488 = ORIENTED_EDGE ( 'NONE', *, *, #1217, .T. ) ;
#3489 = CARTESIAN_POINT ( 'NONE',  ( 13.09325846523366010, 16.84331918830451613, 1.678224010983891956 ) ) ;
#3490 = CARTESIAN_POINT ( 'NONE',  ( 13.99999999999999822, 3.999999999999996447, -1.619075244245019823E-15 ) ) ;
#3491 = LINE ( 'NONE', #472, #1286 ) ;
#3492 = CARTESIAN_POINT ( 'NONE',  ( 1.730140639936833535, 4.141511870957417685, 14.90938969717448437 ) ) ;
#3493 = CARTESIAN_POINT ( 'NONE',  ( -5.537450089552829802, 15.39747241391144961, 12.59543578931554464 ) ) ;
#3494 = ADVANCED_FACE ( 'NONE', ( #6321 ), #1591, .T. ) ;
#3495 = ORIENTED_EDGE ( 'NONE', *, *, #6438, .F. ) ;
#3496 = CARTESIAN_POINT ( 'NONE',  ( 11.52796805367280975, 4.293044502197793655, 8.392882070724358101 ) ) ;
#3497 = CARTESIAN_POINT ( 'NONE',  ( 13.00377400971466102, 16.46004852382972672, -0.1441796171210315003 ) ) ;
#3498 = CARTESIAN_POINT ( 'NONE',  ( -8.582380787265382338, 4.607099469528417757, -11.40085280317540040 ) ) ;
#3499 = ORIENTED_EDGE ( 'NONE', *, *, #2038, .F. ) ;
#3500 = CARTESIAN_POINT ( 'NONE',  ( -9.290267669330471989, 4.999999999999997335, 11.80280946417326327 ) ) ;
#3501 = DIRECTION ( 'NONE',  ( -0.000000000000000000, -1.000000000000000000, -0.000000000000000000 ) ) ;
#3502 = CARTESIAN_POINT ( 'NONE',  ( 0.000000000000000000, 12.99999999999999822, 0.000000000000000000 ) ) ;
#3503 = FACE_OUTER_BOUND ( 'NONE', #2524, .T. ) ;
#3504 = EDGE_CURVE ( 'NONE', #2418, #3684, #143, .T. ) ;
#3505 = CARTESIAN_POINT ( 'NONE',  ( 12.99038105676657651, 4.231561273113040755, -5.860076627227644330 ) ) ;
#3506 = DIRECTION ( 'NONE',  ( 0.000000000000000000, 0.000000000000000000, -1.000000000000000000 ) ) ;
#3507 = CARTESIAN_POINT ( 'NONE',  ( -4.835345152318409667, 15.99135119082495393, -13.14774777327265554 ) ) ;
#3508 = CARTESIAN_POINT ( 'NONE',  ( -6.206221012455064745, 17.01496715519855840, 11.46128721331304590 ) ) ;
#3509 = CARTESIAN_POINT ( 'NONE',  ( -13.50420136572477858, 15.55649591536800713, 4.791230746600295909 ) ) ;
#3510 = CARTESIAN_POINT ( 'NONE',  ( -5.261059259827278289, 17.03592563587022823, 11.83688199408698694 ) ) ;
#3511 = ADVANCED_FACE ( 'NONE', ( #5759 ), #4902, .T. ) ;
#3512 = CARTESIAN_POINT ( 'NONE',  ( -12.99038105676657118, 3.999999999999997335, 7.500000000000010658 ) ) ;
#3513 = ORIENTED_EDGE ( 'NONE', *, *, #1915, .F. ) ;
#3514 = CARTESIAN_POINT ( 'NONE',  ( -0.1441796171210262267, 16.46004852382972672, -13.00377400971466102 ) ) ;
#3515 = CARTESIAN_POINT ( 'NONE',  ( 10.98522533473635221, 16.85085737450785714, 7.373983220515043513 ) ) ;
#3516 = CARTESIAN_POINT ( 'NONE',  ( 1.462160722678632840, 3.984706786667063128, -14.93369435381190335 ) ) ;
#3517 = ORIENTED_EDGE ( 'NONE', *, *, #2712, .F. ) ;
#3518 = CARTESIAN_POINT ( 'NONE',  ( 6.189477540278797818, 4.052630740461632186, 12.76922829793438652 ) ) ;
#3519 = CARTESIAN_POINT ( 'NONE',  ( 5.516192063076184482, 15.12475765911630177, 12.73234665095791485 ) ) ;
#3520 = CARTESIAN_POINT ( 'NONE',  ( -13.37812763211817568, 16.66860712098378272, -1.208561499647244464 ) ) ;
#3521 = CARTESIAN_POINT ( 'NONE',  ( 14.19980794528324886, 4.999999999999996447, 4.833782609620612014 ) ) ;
#3522 = DIRECTION ( 'NONE',  ( 0.000000000000000000, 0.000000000000000000, -1.000000000000000000 ) ) ;
#3523 = ORIENTED_EDGE ( 'NONE', *, *, #3752, .T. ) ;
#3524 = CARTESIAN_POINT ( 'NONE',  ( -12.02563437010946501, 16.94059604637905636, -5.154591656430569380 ) ) ;
#3525 = ORIENTED_EDGE ( 'NONE', *, *, #2892, .T. ) ;
#3526 = CARTESIAN_POINT ( 'NONE',  ( 14.15105461707704393, 4.030426008847132202, 0.9786888362279237974 ) ) ;
#3527 = CARTESIAN_POINT ( 'NONE',  ( 1.834884427857365941, 3.283103708752178385, 14.88806037025015527 ) ) ;
#3528 = CARTESIAN_POINT ( 'NONE',  ( 11.27085412017893162, 13.57088042692302743, -9.860596930282749639 ) ) ;
#3529 = ORIENTED_EDGE ( 'NONE', *, *, #6584, .T. ) ;
#3530 = CARTESIAN_POINT ( 'NONE',  ( 14.16133527209279563, 4.683386901737486951, -1.762599460242750826 ) ) ;
#3531 = FACE_OUTER_BOUND ( 'NONE', #3152, .T. ) ;
#3532 = CARTESIAN_POINT ( 'NONE',  ( -10.98151763466115227, 16.66860712098416641, -7.735708776789527619 ) ) ;
#3533 = CARTESIAN_POINT ( 'NONE',  ( 14.84422340033417420, 13.54770619938581966, -2.139857865800769865 ) ) ;
#3534 = B_SPLINE_CURVE_WITH_KNOTS ( 'NONE', 3,
 ( #4571, #3925, #7391, #5678, #443, #2198, #1672, #5097, #1707, #6318, #1057, #1629, #3420, #2311 ),
 .UNSPECIFIED., .F., .F.,
 ( 4, 2, 2, 2, 2, 2, 4 ),
 ( 0.000000000000000000, 0.0002276506516830033820, 0.0004553013033660067641, 0.0009106026067320141786, 0.001138253258415015826, 0.001365903910098017256, 0.001821205213464016214 ),
 .UNSPECIFIED. ) ;
#3535 = CARTESIAN_POINT ( 'NONE',  ( -7.959214786790322904, 4.051461718327688644, -11.74670010441882795 ) ) ;
#3536 = EDGE_LOOP ( 'NONE', ( #6717, #6546, #381 ) ) ;
#3537 = CARTESIAN_POINT ( 'NONE',  ( 6.999999999999996447, 3.999999999999996447, -12.12435565298214257 ) ) ;
#3538 = B_SPLINE_CURVE_WITH_KNOTS ( 'NONE', 3,
 ( #5931, #4096, #5234, #44, #1838, #4132, #4738, #616, #660, #6999, #2381, #6463, #5894, #5310 ),
 .UNSPECIFIED., .F., .F.,
 ( 4, 2, 2, 2, 2, 2, 4 ),
 ( 0.000000000000000000, 0.0005916620006911631246, 0.0008874930010367439821, 0.001183324001382324948, 0.001479155001727905589, 0.001774986002073486663, 0.002366648002764650330 ),
 .UNSPECIFIED. ) ;
#3539 = CARTESIAN_POINT ( 'NONE',  ( 14.73616886760517453, 4.343291071816127946, 2.801320315619495460 ) ) ;
#3540 = FACE_OUTER_BOUND ( 'NONE', #6498, .T. ) ;
#3541 = CARTESIAN_POINT ( 'NONE',  ( -14.99691962856143590, 3.976587152145143467, -0.3389122302890650862 ) ) ;
#3542 = DIRECTION ( 'NONE',  ( -0.000000000000000000, -1.000000000000000000, -0.000000000000000000 ) ) ;
#3543 = CARTESIAN_POINT ( 'NONE',  ( 2.501140796741193222E-15, 3.999999999999996447, 14.99999999999999645 ) ) ;
#3544 = CARTESIAN_POINT ( 'NONE',  ( 9.290267665533876951, 4.903130381076449495, 11.80280946695198807 ) ) ;
#3545 = CARTESIAN_POINT ( 'NONE',  ( -11.76582837061582332, 4.030426008847133090, -7.923096703112130434 ) ) ;
#3546 =( BOUNDED_SURFACE ( )  B_SPLINE_SURFACE ( 3, 2, ( 
 ( #2894, #761, #1372 ),
 ( #7172, #3707, #5296 ),
 ( #686, #4841, #1296 ),
 ( #3597, #1901, #5878 ),
 ( #1866, #3052, #5375 ),
 ( #6602, #4158, #3015 ),
 ( #4201, #4233, #149 ),
 ( #3636, #2442, #6567 ),
 ( #5952, #5335, #7023 ),
 ( #1254, #1938, #108 ),
 ( #4725, #2516, #799 ),
 ( #723, #2972, #5415 ),
 ( #4763, #5917, #2483 ),
 ( #68, #29, #4268 ),
 ( #1329, #4806, #1825 ),
 ( #7136, #3669, #6447 ),
 ( #3093, #187, #7060 ),
 ( #5988, #6031, #5258 ) ),
 .UNSPECIFIED., .F., .F., .T. ) 
 B_SPLINE_SURFACE_WITH_KNOTS ( ( 4, 2, 2, 2, 2, 2, 2, 2, 4 ),
 ( 3, 3 ),
 ( 0.001001835143902675331, 0.001483160195672278371, 0.001964485247441881410, 0.002445810299211484667, 0.002927135350981087923, 0.003408460402750691180, 0.003889785454520294436, 0.004371110506289898126, 0.004852435558059500949 ),
 ( 0.000000000000000000, 1.000000000000000000 ),
 .UNSPECIFIED. ) 
 GEOMETRIC_REPRESENTATION_ITEM ( )  RATIONAL_B_SPLINE_SURFACE ( (
 ( 1.000000000000000000, 0.7071067811865475727, 1.000000000000000000),
 ( 1.000000000000000000, 0.7068862653317657951, 1.000000000000000000),
 ( 1.000000000000000000, 0.7152614521122456770, 1.000000000000000000),
 ( 1.000000000000000000, 0.7353188346933373642, 1.000000000000000000),
 ( 1.000000000000000000, 0.7463742780416663392, 1.000000000000000000),
 ( 1.000000000000000000, 0.7639171294620757946, 1.000000000000000000),
 ( 1.000000000000000000, 0.7705876985466076912, 1.000000000000000000),
 ( 1.000000000000000000, 0.7802728411342013670, 1.000000000000000000),
 ( 1.000000000000000000, 0.7834142574742239962, 1.000000000000000000),
 ( 1.000000000000000000, 0.7873757974864310505, 1.000000000000000000),
 ( 1.000000000000000000, 0.7882590930830525311, 1.000000000000000000),
 ( 1.000000000000000000, 0.7889663206215188351, 1.000000000000000000),
 ( 1.000000000000000000, 0.7887727214692330513, 1.000000000000000000),
 ( 1.000000000000000000, 0.7881288200424876322, 1.000000000000000000),
 ( 1.000000000000000000, 0.7876692935216407232, 1.000000000000000000),
 ( 1.000000000000000000, 0.7870063584361530751, 1.000000000000000000),
 ( 1.000000000000000000, 0.7867917697740128835, 1.000000000000000000),
 ( 1.000000000000000000, 0.7867957924694417571, 1.000000000000000000) ) ) 
 REPRESENTATION_ITEM ( '' )  SURFACE ( )  );
#3547 = CARTESIAN_POINT ( 'NONE',  ( -4.813507431029760752, 14.39430030472784239, -14.00591515363465867 ) ) ;
#3548 = EDGE_CURVE ( 'NONE', #5970, #2183, #2578, .T. ) ;
#3549 = CARTESIAN_POINT ( 'NONE',  ( -8.243157104514267530, 16.26117027160110595, 11.08937075647902937 ) ) ;
#3550 = CARTESIAN_POINT ( 'NONE',  ( -1.667795260555172465, 14.87622484628148278, 13.88274809868677906 ) ) ;
#3551 = FACE_OUTER_BOUND ( 'NONE', #6295, .T. ) ;
#3552 = CIRCLE ( 'NONE', #1471, 1.000000000000000888 ) ;
#3553 = FACE_OUTER_BOUND ( 'NONE', #5608, .T. ) ;
#3554 = ORIENTED_EDGE ( 'NONE', *, *, #5227, .F. ) ;
#3555 = CARTESIAN_POINT ( 'NONE',  ( -2.061062864221922641, 16.49948735465795835, -13.42205201875544063 ) ) ;
#3556 = CARTESIAN_POINT ( 'NONE',  ( 11.61628859643069411, 17.14268327565249095, 5.391169244740179778 ) ) ;
#3557 = EDGE_CURVE ( 'NONE', #95, #7483, #6557, .T. ) ;
#3558 = VECTOR ( 'NONE', #1893, 1000.000000000000000 ) ;
#3559 = AXIS2_PLACEMENT_3D ( 'NONE', #3895, #6178, #843 ) ;
#3560 = CARTESIAN_POINT ( 'NONE',  ( -12.14943495137008256, 15.99296674015738340, 5.678938320289866226 ) ) ;
#3561 = ORIENTED_EDGE ( 'NONE', *, *, #7430, .F. ) ;
#3562 = CARTESIAN_POINT ( 'NONE',  ( -6.999999999999989342, 3.999999999999996447, 12.12435565298214435 ) ) ;
#3563 = CARTESIAN_POINT ( 'NONE',  ( 11.92263170405881745, 4.362682976374363086, 9.125814555266419603 ) ) ;
#3564 = CARTESIAN_POINT ( 'NONE',  ( -11.21639974500534187, 17.04175505156319659, 6.571961453881676185 ) ) ;
#3565 = CARTESIAN_POINT ( 'NONE',  ( 7.194693019358330055, 16.31414662415538785, 11.00869046065134071 ) ) ;
#3566 = CARTESIAN_POINT ( 'NONE',  ( -14.25672345635987703, 15.18019855795802009, -2.688748776146720143 ) ) ;
#3567 = CARTESIAN_POINT ( 'NONE',  ( 5.507686957033454789, 13.22779987598770468, -13.16556307303936180 ) ) ;
#3568 = VECTOR ( 'NONE', #4363, 1000.000000000000000 ) ;
#3569 = AXIS2_PLACEMENT_3D ( 'NONE', #4142, #7046, #672 ) ;
#3570 = CARTESIAN_POINT ( 'NONE',  ( -1.666571681182114073, 14.88259884894645602, -13.88076342525623019 ) ) ;
#3571 = ORIENTED_EDGE ( 'NONE', *, *, #3821, .F. ) ;
#3572 = VERTEX_POINT ( 'NONE', #4226 ) ;
#3573 = CARTESIAN_POINT ( 'NONE',  ( 5.577506669573992326, 4.614372152007838679, 13.13502404074242769 ) ) ;
#3574 = FACE_OUTER_BOUND ( 'NONE', #1529, .T. ) ;
#3575 = CARTESIAN_POINT ( 'NONE',  ( 11.29322280297092185, 14.12311881470151143, -8.559459778352600523 ) ) ;
#3576 = ORIENTED_EDGE ( 'NONE', *, *, #7313, .F. ) ;
#3577 = CARTESIAN_POINT ( 'NONE',  ( 14.79326353281942730, 3.799821379378589103, -2.484571322566788254 ) ) ;
#3578 = B_SPLINE_CURVE_WITH_KNOTS ( 'NONE', 3,
 ( #5519, #5557, #3806, #5020, #2622, #937, #6130, #4262, #4407, #6670 ),
 .UNSPECIFIED., .F., .F.,
 ( 4, 2, 2, 2, 4 ),
 ( 0.0008928245944732656056, 0.001261280446546111760, 0.001629736298618958239, 0.001998192150691804284, 0.002366648002764650763 ),
 .UNSPECIFIED. ) ;
#3579 = CARTESIAN_POINT ( 'NONE',  ( 0.000000000000000000, -1.046597125924626503, 15.00000000000000000 ) ) ;
#3580 = CARTESIAN_POINT ( 'NONE',  ( 13.04694750077409360, 16.99830047610607764, -0.4470572173699169372 ) ) ;
#3581 = CARTESIAN_POINT ( 'NONE',  ( 9.236743421015628286, 3.436560184660546913, -11.81961859563312700 ) ) ;
#3582 = VERTEX_POINT ( 'NONE', #1970 ) ;
#3583 = CARTESIAN_POINT ( 'NONE',  ( -9.550199142363204885, 3.802689510443621579, 11.56751519734552325 ) ) ;
#3584 = B_SPLINE_CURVE_WITH_KNOTS ( 'NONE', 3,
 ( #1063, #6944, #484, #7512, #5143, #1712, #5764, #947, #7477, #5602, #5104, #2249, #4580, #6912, #6209, #377, #4006, #2709, #2131, #982, #3315, #7436, #101, #1860, #4649, #5833, #5368, #1291, #4195, #7056, #1130, #5800, #6363, #3469 ),
 .UNSPECIFIED., .F., .F.,
 ( 4, 2, 2, 2, 2, 2, 2, 2, 2, 2, 2, 2, 2, 2, 2, 2, 4 ),
 ( 0.000000000000000000, 0.001600104633265886324, 0.003200209266531772647, 0.004000261583164714183, 0.004400287741481186468, 0.004800313899797658754, 0.005600366216430596386, 0.006000392374747062600, 0.006400418533063529682, 0.007200470849696462977, 0.007600497008012930059, 0.008000523166329397140, 0.008800575482962329568, 0.009600627799595263731, 0.01040068011622820657, 0.01120073243286114593, 0.01280083706612702814 ),
 .UNSPECIFIED. ) ;
#3585 = APPLICATION_CONTEXT ( 'automotive_design' ) ;
#3586 = CARTESIAN_POINT ( 'NONE',  ( -8.673617379884035472E-16, 2.999999999999996447, -15.00000000000000000 ) ) ;
#3587 = CARTESIAN_POINT ( 'NONE',  ( -14.95287450679232855, 3.067136549718196825, -1.200315500968226479 ) ) ;
#3588 = CARTESIAN_POINT ( 'NONE',  ( 12.41177144860030346, 4.001679225056249400, -6.599749824424915090 ) ) ;
#3589 = CIRCLE ( 'NONE', #6507, 1.000000000000000000 ) ;
#3590 = CARTESIAN_POINT ( 'NONE',  ( 8.647868598458289924, 4.999999999999996447, 11.35257835782100067 ) ) ;
#3591 = CARTESIAN_POINT ( 'NONE',  ( 7.499999999999997335, 4.003567649046301469, -11.90598573715173636 ) ) ;
#3592 = CARTESIAN_POINT ( 'NONE',  ( -5.543458006220300049, 14.07206457136682332, -13.84185972175129820 ) ) ;
#3593 = CARTESIAN_POINT ( 'NONE',  ( -7.373983220515086145, 16.85085737450785359, 10.98522533473655294 ) ) ;
#3594 = CIRCLE ( 'NONE', #1396, 3.125000000000000000 ) ;
#3595 = CARTESIAN_POINT ( 'NONE',  ( 1.798224397117930584, 13.76796568068119697, 14.12110661722066851 ) ) ;
#3596 = CARTESIAN_POINT ( 'NONE',  ( -11.28608250894451714, 4.999999999999996447, -9.880503104665097069 ) ) ;
#3597 = CARTESIAN_POINT ( 'NONE',  ( 12.48146254440231395, 4.003905949981420243, -6.520249916913326338 ) ) ;
#3598 = CARTESIAN_POINT ( 'NONE',  ( -13.15999804781019122, 2.999092996133977618, 7.200277339443520219 ) ) ;
#3599 = ORIENTED_EDGE ( 'NONE', *, *, #460, .T. ) ;
#3600 = ADVANCED_FACE ( 'NONE', ( #3660 ), #6483, .F. ) ;
#3601 =( BOUNDED_SURFACE ( )  B_SPLINE_SURFACE ( 3, 2, ( 
 ( #6596, #3045, #3158 ),
 ( #3122, #5481, #2510 ),
 ( #6560, #5365, #257 ),
 ( #5443, #752, #5407 ),
 ( #716, #180, #1363 ),
 ( #2108, #2544, #7130 ),
 ( #4835, #1535, #1896 ),
 ( #1972, #4872, #1932 ),
 ( #6190, #4300, #4438 ),
 ( #6632, #3739, #829 ),
 ( #5008, #6771, #963 ),
 ( #3291, #5617, #395 ),
 ( #2724, #2834, #5115 ),
 ( #5739, #3990, #3948 ),
 ( #573, #4667, #464 ),
 ( #3906, #5158, #6225 ),
 ( #1078, #538, #3369 ),
 ( #7453, #1002, #4593 ),
 ( #6927, #1692, #6268 ),
 ( #5778, #2903, #3444 ),
 ( #1614, #4059, #7492 ),
 ( #4510, #5702, #5232 ),
 ( #6377, #4021, #3331 ),
 ( #5660, #429, #2225 ),
 ( #7559, #501, #2868 ),
 ( #2265, #5196, #1041 ),
 ( #7525, #4630, #6339 ),
 ( #1110, #6958, #6845 ),
 ( #2299, #1727, #2337 ),
 ( #1144, #2762, #2793 ),
 ( #4555, #3485, #5813 ),
 ( #6998, #6887, #5083 ),
 ( #7416, #1656, #2181 ),
 ( #6304, #3407, #5963 ),
 ( #2497, #199, #4855 ),
 ( #2529, #1881, #6543 ),
 ( #735, #4247, #6581 ),
 ( #1224, #1270, #2944 ),
 ( #3567, #2415, #5309 ),
 ( #3614, #5271, #6006 ) ),
 .UNSPECIFIED., .F., .F., .T. ) 
 B_SPLINE_SURFACE_WITH_KNOTS ( ( 4, 2, 2, 2, 2, 2, 2, 2, 2, 2, 2, 2, 2, 2, 2, 2, 2, 2, 2, 4 ),
 ( 3, 3 ),
 ( 0.000000000000000000, 0.0006748142658293168183, 0.001349628531658633637, 0.002024442797487950238, 0.002361849930402608756, 0.002699257063317267273, 0.003374071329146583875, 0.004048885594975900476, 0.004386292727890558560, 0.004723699860805217511, 0.005398514126634534546, 0.005735921259549192630, 0.006073328392463850714, 0.006748142658293167749, 0.007422956924122484784, 0.008097771189951800952, 0.008772585455781117120, 0.009447399721610435022, 0.01012221398743975292, 0.01079702825326906909 ),
 ( 0.000000000000000000, 1.000000000000000000 ),
 .UNSPECIFIED. ) 
 GEOMETRIC_REPRESENTATION_ITEM ( )  RATIONAL_B_SPLINE_SURFACE ( (
 ( 1.000000000000000000, 0.7867957924694434224, 1.000000000000000000),
 ( 1.000000000000000000, 0.7867893510871081242, 1.000000000000000000),
 ( 1.000000000000000000, 0.7886154144827454138, 1.000000000000000000),
 ( 1.000000000000000000, 0.7953661699509403382, 1.000000000000000000),
 ( 1.000000000000000000, 0.8003370620003340541, 1.000000000000000000),
 ( 1.000000000000000000, 0.8122778712297569204, 1.000000000000000000),
 ( 1.000000000000000000, 0.8191018390052289266, 1.000000000000000000),
 ( 1.000000000000000000, 0.8294273880737009774, 1.000000000000000000),
 ( 1.000000000000000000, 0.8328837475270068902, 1.000000000000000000),
 ( 1.000000000000000000, 0.8396202395222877035, 1.000000000000000000),
 ( 1.000000000000000000, 0.8429190808684077219, 1.000000000000000000),
 ( 1.000000000000000000, 0.8520089025835377861, 1.000000000000000000),
 ( 1.000000000000000000, 0.8570195765218185935, 1.000000000000000000),
 ( 1.000000000000000000, 0.8641253354133106024, 1.000000000000000000),
 ( 1.000000000000000000, 0.8660656719304434814, 1.000000000000000000),
 ( 1.000000000000000000, 0.8672705396855168170, 1.000000000000000000),
 ( 1.000000000000000000, 0.8674005837561374888, 1.000000000000000000),
 ( 1.000000000000000000, 0.8673400669030589816, 1.000000000000000000),
 ( 1.000000000000000000, 0.8671565711265017962, 1.000000000000000000),
 ( 1.000000000000000000, 0.8665197314967645337, 1.000000000000000000),
 ( 1.000000000000000000, 0.8660366921798959838, 1.000000000000000000),
 ( 1.000000000000000000, 0.8660201165652898769, 1.000000000000000000),
 ( 1.000000000000000000, 0.8661157520136861798, 1.000000000000000000),
 ( 1.000000000000000000, 0.8664506541181937749, 1.000000000000000000),
 ( 1.000000000000000000, 0.8666907191152666279, 1.000000000000000000),
 ( 1.000000000000000000, 0.8673394484497958246, 1.000000000000000000),
 ( 1.000000000000000000, 0.8676850451489280802, 1.000000000000000000),
 ( 1.000000000000000000, 0.8661932981187835390, 1.000000000000000000),
 ( 1.000000000000000000, 0.8643369046394172583, 1.000000000000000000),
 ( 1.000000000000000000, 0.8574128041483916052, 1.000000000000000000),
 ( 1.000000000000000000, 0.8524249261066918493, 1.000000000000000000),
 ( 1.000000000000000000, 0.8404064465174503340, 1.000000000000000000),
 ( 1.000000000000000000, 0.8333831374745948040, 1.000000000000000000),
 ( 1.000000000000000000, 0.8194743686560022056, 1.000000000000000000),
 ( 1.000000000000000000, 0.8124799750444106072, 1.000000000000000000),
 ( 1.000000000000000000, 0.8005275974375544168, 1.000000000000000000),
 ( 1.000000000000000000, 0.7955347744212830641, 1.000000000000000000),
 ( 1.000000000000000000, 0.7886441666172534504, 1.000000000000000000),
 ( 1.000000000000000000, 0.7867760218660999616, 1.000000000000000000),
 ( 1.000000000000000000, 0.7867957924694430893, 1.000000000000000000) ) ) 
 REPRESENTATION_ITEM ( '' )  SURFACE ( )  );
#3602 = CARTESIAN_POINT ( 'NONE',  ( 11.17015001414740993, 17.28482863031516459, 5.781679406348597006 ) ) ;
#3603 = CIRCLE ( 'NONE', #3968, 0.9999999999999991118 ) ;
#3604 = CARTESIAN_POINT ( 'NONE',  ( 0.3443759336535509030, 2.999092996133942979, -14.99703129287900794 ) ) ;
#3605 = EDGE_LOOP ( 'NONE', ( #5901, #6759 ) ) ;
#3606 = CARTESIAN_POINT ( 'NONE',  ( 5.979223481117800887, 4.143710939356608947, 12.91866735108730957 ) ) ;
#3607 = AXIS2_PLACEMENT_3D ( 'NONE', #1748, #2478, #4081 ) ;
#3608 = CARTESIAN_POINT ( 'NONE',  ( -13.27166490919326414, 15.50732118243892899, 5.445607061888744660 ) ) ;
#3609 = CARTESIAN_POINT ( 'NONE',  ( -1.842903061903451656, 3.287421879862370222, 14.88704810635879916 ) ) ;
#3610 = CARTESIAN_POINT ( 'NONE',  ( 5.848271090517442872, 17.30550362272244058, 11.09934677215977139 ) ) ;
#3611 = CARTESIAN_POINT ( 'NONE',  ( -14.71428571428571530, 12.99999999999999645, 2.913725436338733932 ) ) ;
#3612 = EDGE_CURVE ( 'NONE', #6073, #806, #2706, .T. ) ;
#3613 = CARTESIAN_POINT ( 'NONE',  ( 14.86666666386080493, 13.27412191024540355, 2.144203076938025365 ) ) ;
#3614 = CARTESIAN_POINT ( 'NONE',  ( 5.507686957097267744, 12.99999999999999645, -13.16556307376510304 ) ) ;
#3615 = CARTESIAN_POINT ( 'NONE',  ( -0.1895577942652222070, 16.45689740444158033, -13.00673079421878775 ) ) ;
#3616 = EDGE_LOOP ( 'NONE', ( #6016, #5350, #4030, #5923 ) ) ;
#3617 = VERTEX_POINT ( 'NONE', #1048 ) ;
#3618 = CARTESIAN_POINT ( 'NONE',  ( 14.17654935855839682, 4.365020954408580067, 1.576526969503559750 ) ) ;
#3619 = FACE_OUTER_BOUND ( 'NONE', #5880, .T. ) ;
#3620 = CARTESIAN_POINT ( 'NONE',  ( 11.04589275569562190, 15.65293292630088118, -7.979470232669806151 ) ) ;
#3621 = EDGE_CURVE ( 'NONE', #7328, #692, #756, .T. ) ;
#3622 = CARTESIAN_POINT ( 'NONE',  ( 14.16461854598971115, 4.607099469528427527, -1.732133385135659287 ) ) ;
#3623 = DIRECTION ( 'NONE',  ( 0.000000000000000000, -1.000000000000000000, -0.000000000000000000 ) ) ;
#3624 = CARTESIAN_POINT ( 'NONE',  ( 14.35917441964982189, 14.93491219094238431, -2.744253716888402916 ) ) ;
#3625 = CARTESIAN_POINT ( 'NONE',  ( -8.884264786688925497, 4.080934495940448770, -12.09578671560574570 ) ) ;
#3626 = ORIENTED_EDGE ( 'NONE', *, *, #1447, .T. ) ;
#3627 = CARTESIAN_POINT ( 'NONE',  ( -12.06518629690186373, 3.214744458955245854, -8.913873809792429270 ) ) ;
#3628 = CARTESIAN_POINT ( 'NONE',  ( -2.220262530841353499, 3.535834181800182385, -14.83525960012956268 ) ) ;
#3629 = CARTESIAN_POINT ( 'NONE',  ( -14.17750584964103133, 4.143710939356603618, -1.281174245991153926 ) ) ;
#3630 = CARTESIAN_POINT ( 'NONE',  ( 12.87823516092455556, 4.107142304944286337, -6.042654487140048047 ) ) ;
#3631 = CARTESIAN_POINT ( 'NONE',  ( 0.000000000000000000, 2.000000000000000000, 8.500000000000000000 ) ) ;
#3632 = CARTESIAN_POINT ( 'NONE',  ( -11.52796805367280619, 4.293044502197792767, -8.392882070724359878 ) ) ;
#3633 = CARTESIAN_POINT ( 'NONE',  ( -5.468483964995090929, 15.06777341069413545, -13.51260599674309226 ) ) ;
#3634 = CARTESIAN_POINT ( 'NONE',  ( -6.991272282419021877, 16.38634809853055785, 11.05473896030385994 ) ) ;
#3635 = CARTESIAN_POINT ( 'NONE',  ( -10.63117458930019943, 16.38381850098476278, 8.624056149033551222 ) ) ;
#3636 = CARTESIAN_POINT ( 'NONE',  ( 12.87383413215124683, 4.107372228728921826, -6.047237349409896545 ) ) ;
#3637 = CARTESIAN_POINT ( 'NONE',  ( -13.77768802533365289, 4.142845021969494113, 5.954797409725808066 ) ) ;
#3638 = ORIENTED_EDGE ( 'NONE', *, *, #1207, .F. ) ;
#3639 = CARTESIAN_POINT ( 'NONE',  ( 13.68426134157745544, 15.19381013832907179, 4.799743105632204632 ) ) ;
#3640 = CARTESIAN_POINT ( 'NONE',  ( -12.38811734657341290, 3.901731976069130248, 8.461361037708112320 ) ) ;
#3641 = ORIENTED_EDGE ( 'NONE', *, *, #1693, .T. ) ;
#3642 = ADVANCED_FACE ( 'NONE', ( #4519 ), #8, .F. ) ;
#3643 = CARTESIAN_POINT ( 'NONE',  ( -11.95569846140269554, 16.80948711538535889, 5.775954959214345763 ) ) ;
#3644 = CARTESIAN_POINT ( 'NONE',  ( 6.782793973160487155, 17.28482863031520722, 10.59215624950882351 ) ) ;
#3645 = CARTESIAN_POINT ( 'NONE',  ( -7.644134073180401501, 4.007741545323921351, 11.85670569058607704 ) ) ;
#3646 = CARTESIAN_POINT ( 'NONE',  ( 14.16528503307112885, 4.366773803862665559, 4.934216562120268712 ) ) ;
#3647 = ORIENTED_EDGE ( 'NONE', *, *, #3966, .T. ) ;
#3648 = VERTEX_POINT ( 'NONE', #2116 ) ;
#3649 = EDGE_CURVE ( 'NONE', #1924, #4767, #6855, .T. ) ;
#3650 = CARTESIAN_POINT ( 'NONE',  ( -8.673617379884035472E-16, 2.999999999999996447, -15.00000000000000000 ) ) ;
#3651 = DIRECTION ( 'NONE',  ( -0.000000000000000000, -1.000000000000000000, -0.000000000000000000 ) ) ;
#3652 = CARTESIAN_POINT ( 'NONE',  ( 11.34767652563036933, 15.52528394055976158, -8.767932538315172053 ) ) ;
#3653 = ORIENTED_EDGE ( 'NONE', *, *, #4292, .T. ) ;
#3654 = CARTESIAN_POINT ( 'NONE',  ( 5.447331539530416933, 17.17617608777599258, 11.53231680505836820 ) ) ;
#3655 = CARTESIAN_POINT ( 'NONE',  ( -7.350868756520480218, 2.999999999930747840, -13.07648202033406193 ) ) ;
#3656 = CARTESIAN_POINT ( 'NONE',  ( -8.122454553271953870, 4.106013060889028843, -11.67542540137593043 ) ) ;
#3657 = EDGE_LOOP ( 'NONE', ( #7185, #2750, #2714, #1805 ) ) ;
#3658 = DIRECTION ( 'NONE',  ( -0.000000000000000000, 1.000000000000000000, -0.000000000000000000 ) ) ;
#3659 = CARTESIAN_POINT ( 'NONE',  ( -12.09444966994263559, 4.082589286013464047, -8.886143310490368208 ) ) ;
#3660 = FACE_OUTER_BOUND ( 'NONE', #1792, .T. ) ;
#3661 = CARTESIAN_POINT ( 'NONE',  ( -0.8255276037002877709, 17.23293512505071590, 12.63520274341867022 ) ) ;
#3662 = CARTESIAN_POINT ( 'NONE',  ( -2.913725436338732155, 4.999999999999996447, 14.71428571428571530 ) ) ;
#3663 = DIRECTION ( 'NONE',  ( 1.000000000000000000, -0.000000000000000000, 1.224646799147353207E-16 ) ) ;
#3664 = CARTESIAN_POINT ( 'NONE',  ( 8.643771129885662319, 3.945968001676313008, 12.26385545311860881 ) ) ;
#3665 = CARTESIAN_POINT ( 'NONE',  ( -4.833782609620618231, 12.99999999999999822, -14.19980794528324530 ) ) ;
#3666 = CARTESIAN_POINT ( 'NONE',  ( -5.524542064880728631, 14.34089593620455716, 13.77687880765588879 ) ) ;
#3667 = CARTESIAN_POINT ( 'NONE',  ( 13.68083067226899630, 15.38796119888014147, 1.505735865052275413 ) ) ;
#3668 = CARTESIAN_POINT ( 'NONE',  ( -10.69495175088723293, 16.19641629605645150, 8.805938006003117380 ) ) ;
#3669 = CARTESIAN_POINT ( 'NONE',  ( 13.94180280457644550, 4.808246761477518838, -5.588232011426665480 ) ) ;
#3670 = CARTESIAN_POINT ( 'NONE',  ( 15.00000000000000000, 4.999999999999996447, -1.734723475976807094E-15 ) ) ;
#3671 = EDGE_LOOP ( 'NONE', ( #4954, #4940, #6569, #4257 ) ) ;
#3672 = CARTESIAN_POINT ( 'NONE',  ( 13.77687880765588879, 14.34089593620454650, 5.524542064880936465 ) ) ;
#3673 = DIRECTION ( 'NONE',  ( -0.000000000000000000, 1.000000000000000000, -0.000000000000000000 ) ) ;
#3674 = CARTESIAN_POINT ( 'NONE',  ( 2.080652912303202928, 4.622770957791549229, -14.87354581140003162 ) ) ;
#3675 = ORIENTED_EDGE ( 'NONE', *, *, #6592, .F. ) ;
#3676 = CARTESIAN_POINT ( 'NONE',  ( -1.255554585857242555, 4.130604814885192155, 14.17671341363786297 ) ) ;
#3677 = CARTESIAN_POINT ( 'NONE',  ( -10.59215624950882351, 17.28482863031521433, 6.782793973160462286 ) ) ;
#3678 = CARTESIAN_POINT ( 'NONE',  ( 6.465032513632541722, 3.061395714370281684, 13.53628884120409559 ) ) ;
#3679 = CARTESIAN_POINT ( 'NONE',  ( -14.25078950664747701, 15.19381013832909311, 2.685431209672097808 ) ) ;
#3680 = CARTESIAN_POINT ( 'NONE',  ( 13.78463168105728265, 15.12475765911630177, 1.589010866700828473 ) ) ;
#3681 = CARTESIAN_POINT ( 'NONE',  ( 13.09954946033192691, 4.466339822256688130, 5.653749813542739311 ) ) ;
#3682 = CIRCLE ( 'NONE', #1842, 15.00000000000000000 ) ;
#3683 = ORIENTED_EDGE ( 'NONE', *, *, #4292, .F. ) ;
#3684 = VERTEX_POINT ( 'NONE', #471 ) ;
#3685 = CIRCLE ( 'NONE', #1238, 1.000000000000000000 ) ;
#3686 = CARTESIAN_POINT ( 'NONE',  ( 12.94043701617170505, 4.159617511040991644, 5.946468803676071779 ) ) ;
#3687 = MECHANICAL_DESIGN_GEOMETRIC_PRESENTATION_REPRESENTATION (  '', ( #3931 ), #5869 ) ;
#3688 = CARTESIAN_POINT ( 'NONE',  ( -11.66940925490365188, 16.34511245006093105, -5.996493952506583902 ) ) ;
#3689 = FACE_OUTER_BOUND ( 'NONE', #3616, .T. ) ;
#3690 = VERTEX_POINT ( 'NONE', #2802 ) ;
#3691 = EDGE_CURVE ( 'NONE', #5265, #633, #6895, .T. ) ;
#3692 = CARTESIAN_POINT ( 'NONE',  ( 14.83525960012956091, 3.535834181800183273, -2.220262530841354387 ) ) ;
#3693 = CARTESIAN_POINT ( 'NONE',  ( -11.28608250894451714, 4.999999999999996447, -9.880503104665097069 ) ) ;
#3694 = CARTESIAN_POINT ( 'NONE',  ( 14.71428571302217136, 4.837520475530925346, 2.913725442719663938 ) ) ;
#3695 = ORIENTED_EDGE ( 'NONE', *, *, #3780, .F. ) ;
#3696 = DIRECTION ( 'NONE',  ( 0.000000000000000000, 1.000000000000000000, 0.000000000000000000 ) ) ;
#3697 = CARTESIAN_POINT ( 'NONE',  ( -11.77958858459700586, 4.033568272321479853, -7.873696622452621696 ) ) ;
#3698 = CARTESIAN_POINT ( 'NONE',  ( -5.576399001641855868, 4.903130381076442390, 13.94701253978647060 ) ) ;
#3699 = CARTESIAN_POINT ( 'NONE',  ( 0.7264416968691840282, 16.31414662415498995, 13.13115211100262769 ) ) ;
#3700 = CARTESIAN_POINT ( 'NONE',  ( 12.02466768745713388, 3.999999999999996447, -7.172664621192490486 ) ) ;
#3701 = DIRECTION ( 'NONE',  ( -0.000000000000000000, 1.000000000000000000, -0.000000000000000000 ) ) ;
#3702 = CARTESIAN_POINT ( 'NONE',  ( 7.159176476580806359, 3.999999999999996447, 12.03245507137955705 ) ) ;
#3703 = CARTESIAN_POINT ( 'NONE',  ( 7.648932570987273749, 3.999999999495816638, 12.90439479676282275 ) ) ;
#3704 = CARTESIAN_POINT ( 'NONE',  ( -4.921429083350516542, 16.48407345658117151, -12.67238372010073455 ) ) ;
#3705 = CARTESIAN_POINT ( 'NONE',  ( -4.833782609620602244, 12.99999999999999645, 14.19980794528325241 ) ) ;
#3706 = CARTESIAN_POINT ( 'NONE',  ( -8.647868598458273937, 4.999999999999996447, 11.35257835782100777 ) ) ;
#3707 = CARTESIAN_POINT ( 'NONE',  ( 13.07720383296351052, 3.999999999531890449, -7.349618540579384351 ) ) ;
#3708 = CARTESIAN_POINT ( 'NONE',  ( -13.99999999999999645, 3.999999999999996447, 0.1993759310500126947 ) ) ;
#3709 = ORIENTED_EDGE ( 'NONE', *, *, #6756, .T. ) ;
#3710 = ADVANCED_FACE ( 'NONE', ( #5555 ), #5018, .T. ) ;
#3711 = CARTESIAN_POINT ( 'NONE',  ( 12.99038105676657651, 2.999999999999996447, -7.500000000000004441 ) ) ;
#3712 = CARTESIAN_POINT ( 'NONE',  ( 13.25315408226436453, 4.999999999999996447, -4.511530435645912718 ) ) ;
#3713 = CARTESIAN_POINT ( 'NONE',  ( 5.502726113240053785, 14.86879307877178746, -12.84685325652407784 ) ) ;
#3714 = CARTESIAN_POINT ( 'NONE',  ( -10.94434166771319816, 17.32506065368718851, -6.058590996516196370 ) ) ;
#3715 = AXIS2_PLACEMENT_3D ( 'NONE', #1459, #2610, #6621 ) ;
#3716 = CARTESIAN_POINT ( 'NONE',  ( 2.144203077510816513, 4.999999999999997335, -14.86666666666667602 ) ) ;
#3717 = FACE_OUTER_BOUND ( 'NONE', #5816, .T. ) ;
#3718 = CARTESIAN_POINT ( 'NONE',  ( -10.77107284725302350, 17.33044428562118355, 6.343038717575488761 ) ) ;
#3719 = CARTESIAN_POINT ( 'NONE',  ( 9.043121237864255590, 15.90511541514485749, 10.78969358428672010 ) ) ;
#3720 = CARTESIAN_POINT ( 'NONE',  ( -14.05994772714698904, 14.12311881470150965, 1.766098209239101324 ) ) ;
#3721 = CONICAL_SURFACE ( 'NONE', #7364, 3.575000000000000178, 0.7853981633974489451 ) ;
#3722 = CARTESIAN_POINT ( 'NONE',  ( 12.20448825481052602, 3.999999999999996447, 6.861206263003056804 ) ) ;
#3723 = B_SPLINE_CURVE_WITH_KNOTS ( 'NONE', 3,
 ( #2636, #3277, #7287, #7363, #4420, #5603, #2053, #6752, #269, #914, #4957, #4377, #4309, #1518, #6140, #379, #3242, #6714, #1987, #5029, #343, #2092, #4881, #6070, #4273, #7215, #6682, #1446, #3205, #4918, #3779, #5529, #2668, #4990 ),
 .UNSPECIFIED., .F., .F.,
 ( 4, 2, 2, 2, 2, 2, 2, 2, 2, 2, 2, 2, 2, 2, 2, 2, 4 ),
 ( 0.000000000000000000, 0.001600104633265869844, 0.003200209266531739687, 0.004000261583164676019, 0.004400287741481144835, 0.004800313899797613651, 0.005600366216430549549, 0.006000392374747014895, 0.006400418533063480242, 0.007200470849696412670, 0.007600497008012880619, 0.008000523166329346833, 0.008800575482962287935, 0.009600627799595229037, 0.01040068011622817708, 0.01120073243286112685, 0.01280083706612702640 ),
 .UNSPECIFIED. ) ;
#3724 = FACE_OUTER_BOUND ( 'NONE', #3869, .T. ) ;
#3725 = EDGE_LOOP ( 'NONE', ( #2029, #6433, #2193, #1420 ) ) ;
#3726 = CARTESIAN_POINT ( 'NONE',  ( -13.03516866731830248, 16.42540762683184496, -0.3852474579109061437 ) ) ;
#3727 = CARTESIAN_POINT ( 'NONE',  ( 13.31469382292627479, 2.994285338930128937, 6.915795871823825713 ) ) ;
#3728 = CARTESIAN_POINT ( 'NONE',  ( -10.99520821564667372, 16.26423092811340254, -7.295363596226645875 ) ) ;
#3729 = CARTESIAN_POINT ( 'NONE',  ( 0.000000000000000000, 2.000000000000000000, -4.975000000000000533 ) ) ;
#3730 = CARTESIAN_POINT ( 'NONE',  ( 14.99999999999999822, 2.999999999931400207, -0.1705799314679310730 ) ) ;
#3731 = CARTESIAN_POINT ( 'NONE',  ( 14.18096074560428299, 4.231589228635352029, 1.426422666581544929 ) ) ;
#3732 = ORIENTED_EDGE ( 'NONE', *, *, #7379, .T. ) ;
#3733 = CARTESIAN_POINT ( 'NONE',  ( -11.79640656436473023, 3.463178456121565940, -9.266352312794229107 ) ) ;
#3734 = EDGE_CURVE ( 'NONE', #6270, #2990, #1599, .T. ) ;
#3735 = CARTESIAN_POINT ( 'NONE',  ( -14.74901116270471135, 4.186732713191920752, 2.733890032603367271 ) ) ;
#3736 = CARTESIAN_POINT ( 'NONE',  ( -5.635094047349846313, 4.622023400374322577, 13.92109796348668205 ) ) ;
#3737 = CARTESIAN_POINT ( 'NONE',  ( 0.9840916999342096405, 16.15247683347033103, 13.25303878197576779 ) ) ;
#3738 = CARTESIAN_POINT ( 'NONE',  ( -14.87769861530585835, 4.531312346189617202, -2.042055979961261425 ) ) ;
#3739 = CARTESIAN_POINT ( 'NONE',  ( 8.655736472323324548, 15.71364624161004286, -11.28148588170152600 ) ) ;
#3740 = FACE_OUTER_BOUND ( 'NONE', #2388, .T. ) ;
#3741 = CARTESIAN_POINT ( 'NONE',  ( -6.363987995962391508, 16.46355971662075390, -11.33743483434088972 ) ) ;
#3742 = CARTESIAN_POINT ( 'NONE',  ( 13.77938375821391048, 14.33182026815211785, -5.525204641864034372 ) ) ;
#3743 = ADVANCED_FACE ( 'NONE', ( #4860 ), #2273, .T. ) ;
#3744 = CARTESIAN_POINT ( 'NONE',  ( -5.304282123404558291, 17.08425122492148418, -11.75024716121196100 ) ) ;
#3745 = DIRECTION ( 'NONE',  ( 0.000000000000000000, 0.000000000000000000, -1.000000000000000000 ) ) ;
#3746 = CARTESIAN_POINT ( 'NONE',  ( 7.499999999999997335, 2.999999999999996447, -12.99038105676658184 ) ) ;
#3747 = ORIENTED_EDGE ( 'NONE', *, *, #2613, .F. ) ;
#3748 = CARTESIAN_POINT ( 'NONE',  ( 13.94701254050553274, 13.27382815172632036, 5.576398996939595953 ) ) ;
#3749 = CARTESIAN_POINT ( 'NONE',  ( 2.719477073916149568, 12.99999999999999822, -13.73333333333333250 ) ) ;
#3750 = CARTESIAN_POINT ( 'NONE',  ( 2.892561931404214359, 4.678312227110537513, -14.71852094677778666 ) ) ;
#3751 = EDGE_LOOP ( 'NONE', ( #4557, #2498, #5504, #2861 ) ) ;
#3752 = EDGE_CURVE ( 'NONE', #1106, #1374, #1778, .T. ) ;
#3753 = LINE ( 'NONE', #3862, #757 ) ;
#3754 = CARTESIAN_POINT ( 'NONE',  ( 5.494221923307051725, 3.536346359595050615, 13.95808136256741427 ) ) ;
#3755 = CARTESIAN_POINT ( 'NONE',  ( -13.47636092610142455, 15.79958987962644379, 1.301789709174622223 ) ) ;
#3756 = CARTESIAN_POINT ( 'NONE',  ( 14.15555555403151189, 13.22805048829252783, 1.812984715234236432 ) ) ;
#3757 = CARTESIAN_POINT ( 'NONE',  ( 12.12435565298214257, 3.999999999999996447, 6.999999999999995559 ) ) ;
#3758 = CARTESIAN_POINT ( 'NONE',  ( 13.66506891151876779, 16.19641629605645505, -2.278690141905956867 ) ) ;
#3759 = ORIENTED_EDGE ( 'NONE', *, *, #2530, .F. ) ;
#3760 = CARTESIAN_POINT ( 'NONE',  ( -13.05286968105334822, 16.40558851998381940, 0.4658005354728868008 ) ) ;
#3761 = PLANE ( 'NONE',  #3953 ) ;
#3762 = SURFACE_STYLE_USAGE ( .BOTH. , #1428 ) ;
#3763 = CARTESIAN_POINT ( 'NONE',  ( 14.85470105124539941, 3.435280335374284011, -2.087864198359111079 ) ) ;
#3764 = CARTESIAN_POINT ( 'NONE',  ( 14.74652460373141949, 4.215475591700883484, 2.747122793360357917 ) ) ;
#3765 = FACE_OUTER_BOUND ( 'NONE', #1737, .T. ) ;
#3766 = CARTESIAN_POINT ( 'NONE',  ( 4.378112306951787759E-16, 7.000000000000000000, -3.575000000000000178 ) ) ;
#3767 = CARTESIAN_POINT ( 'NONE',  ( -11.86343696072306386, 4.531312346189686480, -9.207321662249652761 ) ) ;
#3768 = CARTESIAN_POINT ( 'NONE',  ( -6.523952122674297804, 4.003770645890964097, 12.47817080751052998 ) ) ;
#3769 = CARTESIAN_POINT ( 'NONE',  ( -0.3749774612345260771, 17.01783092815863441, 13.02624339616718707 ) ) ;
#3770 = CARTESIAN_POINT ( 'NONE',  ( -14.15555555450632497, 4.918749111901030702, 1.812984715455394413 ) ) ;
#3771 = DIRECTION ( 'NONE',  ( 0.000000000000000000, 0.000000000000000000, 1.000000000000000000 ) ) ;
#3772 = PRODUCT_RELATED_PRODUCT_CATEGORY ( 'part', '', ( #5717 ) ) ;
#3773 = CARTESIAN_POINT ( 'NONE',  ( -5.526471498498619184, 17.20258509324231255, -11.44584384047143821 ) ) ;
#3774 = CARTESIAN_POINT ( 'NONE',  ( -4.820265302179766564, 14.13100405513718805, 14.07624042755579907 ) ) ;
#3775 = CARTESIAN_POINT ( 'NONE',  ( 10.53367700834821008, 12.99999999999999822, -9.221802897687426892 ) ) ;
#3776 = CARTESIAN_POINT ( 'NONE',  ( 0.3942786948736263786, 3.997967014936483210, 14.03082172838353081 ) ) ;
#3777 = DIRECTION ( 'NONE',  ( 0.000000000000000000, 1.000000000000000000, 0.000000000000000000 ) ) ;
#3778 = CARTESIAN_POINT ( 'NONE',  ( 12.64660182385012277, 2.994285338930129825, -8.072965158353987647 ) ) ;
#3779 = CARTESIAN_POINT ( 'NONE',  ( 4.804539141765340915, 14.84133297373236537, -13.84643864973605787 ) ) ;
#3780 = EDGE_CURVE ( 'NONE', #1559, #4472, #6970, .T. ) ;
#3781 = CARTESIAN_POINT ( 'NONE',  ( -2.123151187068609058, 3.460362391599531851, -14.84969263953485807 ) ) ;
#3782 = ORIENTED_EDGE ( 'NONE', *, *, #1438, .T. ) ;
#3783 = CARTESIAN_POINT ( 'NONE',  ( -2.890627575408724947, 4.664520003228054712, 14.71891098639995832 ) ) ;
#3784 = CARTESIAN_POINT ( 'NONE',  ( 9.556180643079926540, 14.93491219094237721, 11.06328296634440278 ) ) ;
#3785 = CARTESIAN_POINT ( 'NONE',  ( 2.834337860240328411, 14.39430030472786548, -14.53623204181192641 ) ) ;
#3786 = FACE_OUTER_BOUND ( 'NONE', #3751, .T. ) ;
#3787 =( BOUNDED_SURFACE ( )  B_SPLINE_SURFACE ( 3, 2, ( 
 ( #3946, #2792, #4702 ),
 ( #6460, #7490, #2833 ),
 ( #5231, #7558, #4592 ),
 ( #3443, #2264, #5195 ),
 ( #6926, #7033, #572 ),
 ( #537, #4666, #5308 ),
 ( #6886, #1800, #3566 ),
 ( #2902, #1109, #2335 ),
 ( #6996, #5737, #1654 ),
 ( #1764, #1691, #41 ),
 ( #6419, #5269, #4094 ),
 ( #5776, #4130, #4019 ),
 ( #2379, #3988, #1726 ),
 ( #5156, #6338, #1180 ),
 ( #2867, #3520, #614 ),
 ( #3484, #5847, #1075 ),
 ( #7524, #1223, #5890 ),
 ( #2943, #6302, #656 ),
 ( #2987, #79, #4552 ),
 ( #4058, #499, #3405 ),
 ( #2298, #6375, #4629 ),
 ( #6956, #1143, #5812 ),
 ( #772, #6004, #4245 ),
 ( #2562, #5462, #3106 ),
 ( #4889, #237, #6076 ),
 ( #4315, #846, #2456 ),
 ( #5390, #1992, #5427 ),
 ( #733, #6615, #3025 ),
 ( #6578, #197, #2528 ),
 ( #3755, #1309, #2495 ),
 ( #1341, #7222, #4820 ),
 ( #6653, #7148, #1385 ),
 ( #4853, #1914, #4174 ),
 ( #3064, #1423, #3679 ),
 ( #1880, #1269, #7183 ),
 ( #3720, #3174, #1949 ),
 ( #4279, #6043, #811 ),
 ( #4779, #4735, #5499 ),
 ( #3140, #2413, #6541 ),
 ( #7070, #1836, #3611 ) ),
 .UNSPECIFIED., .F., .F., .T. ) 
 B_SPLINE_SURFACE_WITH_KNOTS ( ( 4, 2, 2, 2, 2, 2, 2, 2, 2, 2, 2, 2, 2, 2, 2, 2, 2, 2, 2, 4 ),
 ( 3, 3 ),
 ( 0.000000000000000000, 0.0006748142658293162762, 0.001349628531658632552, 0.002024442797487948937, 0.002361849930402607021, 0.002699257063317265105, 0.003374071329146581706, 0.004048885594975897874, 0.004386292727890555958, 0.004723699860805214042, 0.005398514126634530209, 0.005735921259549189161, 0.006073328392463847245, 0.006748142658293163412, 0.007422956924122479580, 0.008097771189951795748, 0.008772585455781111916, 0.009447399721610428083, 0.01012221398743974425, 0.01079702825326906042 ),
 ( 0.000000000000000000, 1.000000000000000000 ),
 .UNSPECIFIED. ) 
 GEOMETRIC_REPRESENTATION_ITEM ( )  RATIONAL_B_SPLINE_SURFACE ( (
 ( 1.000000000000000000, 0.7867957924694435334, 1.000000000000000000),
 ( 1.000000000000000000, 0.7867893510871547536, 1.000000000000000000),
 ( 1.000000000000000000, 0.7886154144826829082, 1.000000000000000000),
 ( 1.000000000000000000, 0.7953661699510026217, 1.000000000000000000),
 ( 1.000000000000000000, 0.8003370620003340541, 1.000000000000000000),
 ( 1.000000000000000000, 0.8122778712297569204, 1.000000000000000000),
 ( 1.000000000000000000, 0.8191018390051166831, 1.000000000000000000),
 ( 1.000000000000000000, 0.8294273880737569327, 1.000000000000000000),
 ( 1.000000000000000000, 0.8328837475270070012, 1.000000000000000000),
 ( 1.000000000000000000, 0.8396202395222878145, 1.000000000000000000),
 ( 1.000000000000000000, 0.8429190808683765246, 1.000000000000000000),
 ( 1.000000000000000000, 0.8520089025836011798, 1.000000000000000000),
 ( 1.000000000000000000, 0.8570195765217553108, 1.000000000000000000),
 ( 1.000000000000000000, 0.8641253354133741071, 1.000000000000000000),
 ( 1.000000000000000000, 0.8660656719304313800, 1.000000000000000000),
 ( 1.000000000000000000, 0.8672705396855235893, 1.000000000000000000),
 ( 1.000000000000000000, 0.8674005837561495902, 1.000000000000000000),
 ( 1.000000000000000000, 0.8673400669030457699, 1.000000000000000000),
 ( 1.000000000000000000, 0.8671565711264708209, 1.000000000000000000),
 ( 1.000000000000000000, 0.8665197314968277054, 1.000000000000000000),
 ( 1.000000000000000000, 0.8660366921799467210, 1.000000000000000000),
 ( 1.000000000000000000, 0.8660201165652652300, 1.000000000000000000),
 ( 1.000000000000000000, 0.8661157520136737453, 1.000000000000000000),
 ( 1.000000000000000000, 0.8664506541182066535, 1.000000000000000000),
 ( 1.000000000000000000, 0.8666907191152225520, 1.000000000000000000),
 ( 1.000000000000000000, 0.8673394484498839763, 1.000000000000000000),
 ( 1.000000000000000000, 0.8676850451489409588, 1.000000000000000000),
 ( 1.000000000000000000, 0.8661932981187711045, 1.000000000000000000),
 ( 1.000000000000000000, 0.8643369046395190658, 1.000000000000000000),
 ( 1.000000000000000000, 0.8574128041482906859, 1.000000000000000000),
 ( 1.000000000000000000, 0.8524249261066411121, 1.000000000000000000),
 ( 1.000000000000000000, 0.8404064465175006271, 1.000000000000000000),
 ( 1.000000000000000000, 0.8333831374745569454, 1.000000000000000000),
 ( 1.000000000000000000, 0.8194743686560398421, 1.000000000000000000),
 ( 1.000000000000000000, 0.8124799750443604252, 1.000000000000000000),
 ( 1.000000000000000000, 0.8005275974376050430, 1.000000000000000000),
 ( 1.000000000000000000, 0.7955347744211828109, 1.000000000000000000),
 ( 1.000000000000000000, 0.7886441666173552578, 1.000000000000000000),
 ( 1.000000000000000000, 0.7867760218660232452, 1.000000000000000000),
 ( 1.000000000000000000, 0.7867957924694429783, 1.000000000000000000) ) ) 
 REPRESENTATION_ITEM ( '' )  SURFACE ( )  );
#3788 = VECTOR ( 'NONE', #5107, 1000.000000000000000 ) ;
#3789 = DIRECTION ( 'NONE',  ( 0.000000000000000000, -1.000000000000000000, 0.000000000000000000 ) ) ;
#3790 = ORIENTED_EDGE ( 'NONE', *, *, #139, .F. ) ;
#3791 = CARTESIAN_POINT ( 'NONE',  ( -13.60097973664736948, 15.56139645840794117, 1.434127838001066024 ) ) ;
#3792 = CARTESIAN_POINT ( 'NONE',  ( -14.19980794507712929, 13.28506311036463039, 4.833782610226116105 ) ) ;
#3793 = CARTESIAN_POINT ( 'NONE',  ( 13.79645725857617222, 3.264955391823474162, 5.888895256747365359 ) ) ;
#3794 = CARTESIAN_POINT ( 'NONE',  ( -10.70014718494103789, 16.18082439328296473, -8.819938904715163730 ) ) ;
#3795 = VECTOR ( 'NONE', #2127, 1000.000000000000000 ) ;
#3796 = VECTOR ( 'NONE', #1398, 1000.000000000000000 ) ;
#3797 = CARTESIAN_POINT ( 'NONE',  ( 14.74901116270470780, 4.186732713191921640, -2.733890032603369047 ) ) ;
#3798 = CARTESIAN_POINT ( 'NONE',  ( 14.00000000046878768, 3.999999999999996447, 0.1618201052444651900 ) ) ;
#3799 = CIRCLE ( 'NONE', #2086, 9.999999999999998224 ) ;
#3800 = ORIENTED_EDGE ( 'NONE', *, *, #323, .T. ) ;
#3801 = CIRCLE ( 'NONE', #3923, 3.125000000000000000 ) ;
#3802 = CARTESIAN_POINT ( 'NONE',  ( -13.16210930526821166, 4.850680187506436702, 5.515851247025892690 ) ) ;
#3803 = CARTESIAN_POINT ( 'NONE',  ( -7.351067428966438833, 3.999999999496165248, 13.07636731669036223 ) ) ;
#3804 = B_SPLINE_CURVE_WITH_KNOTS ( 'NONE', 3,
 ( #3365, #6922, #1688, #4015, #3901, #6220, #4505, #5695, #7449, #6334, #996, #5772, #532, #3326, #5654, #2757, #5077, #3942, #6261, #1035, #6415, #7028, #155, #3560, #1215, #2939, #2330, #1795, #4730, #4773, #1908, #5884 ),
 .UNSPECIFIED., .F., .F.,
 ( 4, 2, 2, 2, 2, 2, 2, 2, 2, 2, 2, 2, 2, 2, 2, 4 ),
 ( 0.000000000000000000, 0.001151124732941954856, 0.002302249465883909711, 0.002877811832354891259, 0.003453374198825870205, 0.004028936565296849584, 0.004316717748532342309, 0.004604498931767833300, 0.004892280115003325158, 0.005180061298238817016, 0.005467842481474309742, 0.005755623664709800733, 0.006331186031180777510, 0.006906748397651758624, 0.008057873130593728658, 0.009208997863535697825 ),
 .UNSPECIFIED. ) ;
#3805 = CARTESIAN_POINT ( 'NONE',  ( 2.532482586500594213, 15.67656118341497340, 14.00527823653291826 ) ) ;
#3806 = CARTESIAN_POINT ( 'NONE',  ( -12.87839441020290465, 4.107152169173311940, -6.042479082344449637 ) ) ;
#3807 = CARTESIAN_POINT ( 'NONE',  ( -5.925452908921489126, 4.176517398680564597, 12.95271974392220748 ) ) ;
#3808 = AXIS2_PLACEMENT_3D ( 'NONE', #7530, #4817, #1734 ) ;
#3809 = CARTESIAN_POINT ( 'NONE',  ( 1.504465057377837089, 4.293044502197793655, -14.17995422385828164 ) ) ;
#3810 = CARTESIAN_POINT ( 'NONE',  ( -8.650792709132336000, 15.73442561444182175, -11.27417378052326669 ) ) ;
#3811 = CARTESIAN_POINT ( 'NONE',  ( 13.84185972175129997, 14.07206457136681088, -5.543458006220399525 ) ) ;
#3812 = DIRECTION ( 'NONE',  ( 0.000000000000000000, -1.000000000000000000, -0.000000000000000000 ) ) ;
#3813 = CARTESIAN_POINT ( 'NONE',  ( -13.77698055264343502, 4.141511870957486074, -5.956349102281941477 ) ) ;
#3814 = CARTESIAN_POINT ( 'NONE',  ( 12.99038105676658184, 4.999999999999996447, 7.499999999999996447 ) ) ;
#3815 = CARTESIAN_POINT ( 'NONE',  ( 11.36125930283049712, 4.343064212564022419, -9.794073022835393161 ) ) ;
#3816 = CARTESIAN_POINT ( 'NONE',  ( 13.73333333333333250, 12.99999999999999822, 2.719477073916149124 ) ) ;
#3817 = CARTESIAN_POINT ( 'NONE',  ( 5.499765108668121627, 13.95286274430424811, -13.10906775673892888 ) ) ;
#3818 = CARTESIAN_POINT ( 'NONE',  ( -12.08814663274745627, 16.05090863755743769, -5.710557204452078928 ) ) ;
#3819 = CARTESIAN_POINT ( 'NONE',  ( -0.7652844104612351872, 3.907900456521300470, -14.98116554175119575 ) ) ;
#3820 = ORIENTED_EDGE ( 'NONE', *, *, #1145, .F. ) ;
#3821 = EDGE_CURVE ( 'NONE', #1106, #3690, #6846, .T. ) ;
#3822 = CARTESIAN_POINT ( 'NONE',  ( -11.14297885617262551, 16.10833033166840877, 8.381702850494100687 ) ) ;
#3823 = CARTESIAN_POINT ( 'NONE',  ( 8.647868597861620543, 13.22779987598785034, 11.35257835740281962 ) ) ;
#3824 = ORIENTED_EDGE ( 'NONE', *, *, #382, .T. ) ;
#3825 = CARTESIAN_POINT ( 'NONE',  ( 11.36123643599370503, 4.343291071816128834, 9.794098991266510623 ) ) ;
#3826 = FACE_OUTER_BOUND ( 'NONE', #4092, .T. ) ;
#3827 = VECTOR ( 'NONE', #1554, 1000.000000000000000 ) ;
#3828 = CARTESIAN_POINT ( 'NONE',  ( -14.16401783338926101, 4.614372152007838679, -1.737249554743004021 ) ) ;
#3829 = ORIENTED_EDGE ( 'NONE', *, *, #2657, .T. ) ;
#3830 = CARTESIAN_POINT ( 'NONE',  ( 2.458869528432855667, 3.769298623094740730, -14.79758326581553618 ) ) ;
#3831 = EDGE_CURVE ( 'NONE', #5751, #45, #1231, .T. ) ;
#3832 = AXIS2_PLACEMENT_3D ( 'NONE', #2246, #1593, #7359 ) ;
#3833 = CARTESIAN_POINT ( 'NONE',  ( -11.39199765962186284, 4.604426607162357854, 8.597732231070992270 ) ) ;
#3834 = CARTESIAN_POINT ( 'NONE',  ( -4.800525218502889047, 15.09020611454483785, 13.73520035530930983 ) ) ;
#3835 = DIRECTION ( 'NONE',  ( 0.000000000000000000, -0.7071067811865470176, -0.7071067811865480168 ) ) ;
#3836 = CARTESIAN_POINT ( 'NONE',  ( -13.25315408226436453, 12.99999999999999822, -5.511530435645907389 ) ) ;
#3837 =( BOUNDED_SURFACE ( )  B_SPLINE_SURFACE ( 3, 2, ( 
 ( #5892, #2457, #3521 ),
 ( #6420, #5428, #4175 ),
 ( #2380, #4737, #1181 ),
 ( #7072, #6503, #3646 ),
 ( #3065, #120, #5392 ),
 ( #3681, #162, #659 ),
 ( #7034, #5849, #1837 ),
 ( #5349, #4821, #4781 ),
 ( #3109, #7114, #7150 ),
 ( #1917, #615, #1802 ),
 ( #4131, #6462, #3212 ),
 ( #4317, #1386, #4385 ),
 ( #5463, #6114, #921 ),
 ( #4999, #4280, #3177 ),
 ( #7184, #6044, #885 ),
 ( #1950, #1453, #7260 ),
 ( #3722, #3866, #388 ),
 ( #3757, #2719, #6616 ) ),
 .UNSPECIFIED., .F., .F., .T. ) 
 B_SPLINE_SURFACE_WITH_KNOTS ( ( 4, 2, 2, 2, 2, 2, 2, 2, 4 ),
 ( 3, 3 ),
 ( 0.001302520603113773053, 0.001783172609227539913, 0.002263824615341306773, 0.002744476621455074067, 0.003225128627568840927, 0.003705780633682607787, 0.004186432639796375081, 0.004667084645910141508, 0.005147736652023908802 ),
 ( 0.000000000000000000, 1.000000000000000000 ),
 .UNSPECIFIED. ) 
 GEOMETRIC_REPRESENTATION_ITEM ( )  RATIONAL_B_SPLINE_SURFACE ( (
 ( 1.000000000000000000, 0.7867957924694433114, 1.000000000000000000),
 ( 1.000000000000000000, 0.7867918659038337648, 1.000000000000000000),
 ( 1.000000000000000000, 0.7870059279260168683, 1.000000000000000000),
 ( 1.000000000000000000, 0.7876722697779772187, 1.000000000000000000),
 ( 1.000000000000000000, 0.7881326248067368478, 1.000000000000000000),
 ( 1.000000000000000000, 0.7887758449273849504, 1.000000000000000000),
 ( 1.000000000000000000, 0.7889663658733703233, 1.000000000000000000),
 ( 1.000000000000000000, 0.7882435220810442011, 1.000000000000000000),
 ( 1.000000000000000000, 0.7873519033453579841, 1.000000000000000000),
 ( 1.000000000000000000, 0.7832757266629191140, 1.000000000000000000),
 ( 1.000000000000000000, 0.7801295861738829496, 1.000000000000000000),
 ( 1.000000000000000000, 0.7702790648040443999, 1.000000000000000000),
 ( 1.000000000000000000, 0.7633849859747962041, 1.000000000000000000),
 ( 1.000000000000000000, 0.7458883219264502706, 1.000000000000000000),
 ( 1.000000000000000000, 0.7349125052206242348, 1.000000000000000000),
 ( 1.000000000000000000, 0.7151046345649432201, 1.000000000000000000),
 ( 1.000000000000000000, 0.7068896004544488187, 1.000000000000000000),
 ( 1.000000000000000000, 0.7071067811865473507, 1.000000000000000000) ) ) 
 REPRESENTATION_ITEM ( '' )  SURFACE ( )  );
#3838 = CARTESIAN_POINT ( 'NONE',  ( 10.53546128695868944, 16.69940669386572196, 8.224718819026328731 ) ) ;
#3839 = CIRCLE ( 'NONE', #6271, 1.000000000000000888 ) ;
#3840 = CARTESIAN_POINT ( 'NONE',  ( -10.48219227883880755, 17.12778597774551770, -7.385704808739668614 ) ) ;
#3841 = CARTESIAN_POINT ( 'NONE',  ( 14.17976097921991041, 4.282960109847537389, 1.490888660588278292 ) ) ;
#3842 = CARTESIAN_POINT ( 'NONE',  ( 13.99999999999999822, 3.999999999999996447, -1.619075244245019823E-15 ) ) ;
#3843 = CARTESIAN_POINT ( 'NONE',  ( -4.833782609620604021, -2.000000000000000000, 14.19980794528325418 ) ) ;
#3844 = CARTESIAN_POINT ( 'NONE',  ( 1.154074960062978938, 15.99584343217868465, -13.35936009354572818 ) ) ;
#3845 = EDGE_CURVE ( 'NONE', #5033, #6710, #3685, .T. ) ;
#3846 = CARTESIAN_POINT ( 'NONE',  ( -14.94190783706603121, 3.095467947649501728, 1.328476151411938089 ) ) ;
#3847 = CARTESIAN_POINT ( 'NONE',  ( 6.193333307668931198, 4.051461718327655781, -12.76623225174660092 ) ) ;
#3848 = CARTESIAN_POINT ( 'NONE',  ( -14.17137273547503717, 4.467215551782208749, -1.654057780706504444 ) ) ;
#3849 = CARTESIAN_POINT ( 'NONE',  ( 11.35257835782099889, 12.99999999999999822, -8.647868598458288147 ) ) ;
#3850 = CARTESIAN_POINT ( 'NONE',  ( -8.495958808590742706, 16.49948735465792993, -10.59330658704740102 ) ) ;
#3851 = CARTESIAN_POINT ( 'NONE',  ( -12.50076474979212549, 17.32959717367248587, -0.1479181513411557958 ) ) ;
#3852 = CARTESIAN_POINT ( 'NONE',  ( 11.00869046065133894, 16.31414662415498995, -7.194693019358330055 ) ) ;
#3853 = DIRECTION ( 'NONE',  ( 0.000000000000000000, 0.000000000000000000, 1.000000000000000000 ) ) ;
#3854 = CARTESIAN_POINT ( 'NONE',  ( 0.9732546751469924873, 4.042053953700338376, 14.14544964346166189 ) ) ;
#3855 = DIRECTION ( 'NONE',  ( 0.000000000000000000, -1.000000000000000000, 0.000000000000000000 ) ) ;
#3856 = ORIENTED_EDGE ( 'NONE', *, *, #5355, .T. ) ;
#3857 = CARTESIAN_POINT ( 'NONE',  ( 14.19980794528324886, 12.99999999999999645, 4.833782609620611126 ) ) ;
#3858 = DIRECTION ( 'NONE',  ( 0.000000000000000000, 0.000000000000000000, 1.000000000000000000 ) ) ;
#3859 = CARTESIAN_POINT ( 'NONE',  ( -13.50692180566442957, 15.08037049037470290, -5.467528266994866826 ) ) ;
#3860 = CARTESIAN_POINT ( 'NONE',  ( -9.221802897687416234, 12.99999999999999822, 10.53367700834822074 ) ) ;
#3861 = VERTEX_POINT ( 'NONE', #5121 ) ;
#3862 = CARTESIAN_POINT ( 'NONE',  ( -9.880503104665100622, -2.000000000000000000, -11.28608250894451714 ) ) ;
#3863 = CARTESIAN_POINT ( 'NONE',  ( 11.81042620466283743, 4.808283127649763067, -9.279875181938763262 ) ) ;
#3864 = ORIENTED_EDGE ( 'NONE', *, *, #5423, .F. ) ;
#3865 = CARTESIAN_POINT ( 'NONE',  ( 11.28608250894451537, 4.830693141506387178, 9.880503104665093517 ) ) ;
#3866 = CARTESIAN_POINT ( 'NONE',  ( 13.07636731669039776, 3.999999999496374414, 7.351067428966516992 ) ) ;
#3867 = B_SPLINE_CURVE_WITH_KNOTS ( 'NONE', 3,
 ( #2852, #1201, #5250, #7053, #7542, #5866, #4078, #521, #638, #1819, #4754, #594, #2922, #2316, #2360, #1163 ),
 .UNSPECIFIED., .F., .F.,
 ( 4, 2, 2, 2, 2, 2, 2, 4 ),
 ( 0.000000000000000000, 0.0009985881523668631733, 0.001497882228550293567, 0.001997176304733724178, 0.002496470380917154355, 0.002995764457100584532, 0.003495058533284015143, 0.003994352609467444887 ),
 .UNSPECIFIED. ) ;
#3868 = LINE ( 'NONE', #6183, #1832 ) ;
#3869 = EDGE_LOOP ( 'NONE', ( #5810, #2374, #4459, #3986 ) ) ;
#3870 = CARTESIAN_POINT ( 'NONE',  ( 1.333061841923389279, 3.096679977797669459, -14.94148958443922304 ) ) ;
#3871 = CARTESIAN_POINT ( 'NONE',  ( 4.833782609620611126, 12.99999999999999822, -14.19980794528325063 ) ) ;
#3872 = CARTESIAN_POINT ( 'NONE',  ( 14.19980794528324530, 4.830546773239267289, 4.833782609620609350 ) ) ;
#3873 = CARTESIAN_POINT ( 'NONE',  ( -11.83688199408698161, 17.03592563587022823, -5.261059259827289836 ) ) ;
#3874 = DIRECTION ( 'NONE',  ( 0.000000000000000000, 0.000000000000000000, -1.000000000000000000 ) ) ;
#3875 = CARTESIAN_POINT ( 'NONE',  ( -11.56905636301618401, 3.799821379378482966, 9.548333649266824708 ) ) ;
#3876 = EDGE_CURVE ( 'NONE', #2912, #4047, #2587, .T. ) ;
#3877 = CARTESIAN_POINT ( 'NONE',  ( -2.074109250945478156, 16.48407345658079137, 13.43532076978722145 ) ) ;
#3878 = CARTESIAN_POINT ( 'NONE',  ( 8.500764372055968465, 14.43457416282089589, -11.25629707315057004 ) ) ;
#3879 = CARTESIAN_POINT ( 'NONE',  ( -11.35257835782100422, 4.999999999999997335, -8.647868598458293476 ) ) ;
#3880 = CARTESIAN_POINT ( 'NONE',  ( 2.144203077265436796, 13.27382815172678399, 14.86666666544743087 ) ) ;
#3881 = CARTESIAN_POINT ( 'NONE',  ( -14.99697711121050325, 3.977039156128711284, 0.3358694275462982826 ) ) ;
#3882 = CARTESIAN_POINT ( 'NONE',  ( -0.6657364734238659931, 17.26934621805472503, 12.58604157259183687 ) ) ;
#3883 = DIRECTION ( 'NONE',  ( 0.000000000000000000, 0.000000000000000000, 1.000000000000000000 ) ) ;
#3884 = CARTESIAN_POINT ( 'NONE',  ( -11.28608250936562918, 13.28506311036468368, -9.880503104184079177 ) ) ;
#3885 = CARTESIAN_POINT ( 'NONE',  ( 9.794098991266515952, 4.343291071816127946, -11.36123643599370503 ) ) ;
#3886 = CARTESIAN_POINT ( 'NONE',  ( 11.00449765801693935, 16.93155670826557468, -7.175613042175440270 ) ) ;
#3887 = DIRECTION ( 'NONE',  ( -0.000000000000000000, -1.000000000000000000, -0.000000000000000000 ) ) ;
#3888 = CARTESIAN_POINT ( 'NONE',  ( -12.91643768617967147, 4.141551853311550069, -5.982729813402087871 ) ) ;
#3889 = DIRECTION ( 'NONE',  ( 0.000000000000000000, 0.000000000000000000, -1.000000000000000000 ) ) ;
#3890 = DIRECTION ( 'NONE',  ( 0.000000000000000000, -1.000000000000000000, 0.000000000000000000 ) ) ;
#3891 = CARTESIAN_POINT ( 'NONE',  ( 9.880503104665109504, 4.999999999999997335, -11.28608250894451892 ) ) ;
#3892 = CARTESIAN_POINT ( 'NONE',  ( 2.913725436338737040, 12.99999999999999822, 14.71428571428571352 ) ) ;
#3893 = CARTESIAN_POINT ( 'NONE',  ( -8.647868597081528108, 13.22805048829253494, 11.35257835685610317 ) ) ;
#3894 = EDGE_LOOP ( 'NONE', ( #7178, #3244, #5394, #5109 ) ) ;
#3895 = CARTESIAN_POINT ( 'NONE',  ( -13.25315408226436809, 12.99999999999999822, -4.511530435645907389 ) ) ;
#3896 = CARTESIAN_POINT ( 'NONE',  ( 11.38277636701945816, 4.683386901737481622, -8.607123545313159596 ) ) ;
#3897 = ORIENTED_EDGE ( 'NONE', *, *, #2947, .T. ) ;
#3898 = CARTESIAN_POINT ( 'NONE',  ( 12.08801995951516695, 3.199223961955118600, 8.882845171152130348 ) ) ;
#3899 = CARTESIAN_POINT ( 'NONE',  ( 11.80280946417324728, 12.99999999999999822, 9.290267669330464884 ) ) ;
#3900 = CARTESIAN_POINT ( 'NONE',  ( -0.3443759336535494042, 2.999092996133977618, 14.99703129287900794 ) ) ;
#3901 = CARTESIAN_POINT ( 'NONE',  ( -11.18740571122518190, 14.88492211286573585, 8.382958416054856698 ) ) ;
#3902 = ORIENTED_EDGE ( 'NONE', *, *, #38, .T. ) ;
#3903 = CARTESIAN_POINT ( 'NONE',  ( -1.812984715636204003, 13.22779987598785745, -14.15555555489451223 ) ) ;
#3904 = CARTESIAN_POINT ( 'NONE',  ( 5.525204641864037924, 14.33182026815212140, 13.77938375821370798 ) ) ;
#3905 = DIRECTION ( 'NONE',  ( 0.000000000000000000, -1.000000000000000000, 0.000000000000000000 ) ) ;
#3906 = CARTESIAN_POINT ( 'NONE',  ( 7.279393117288512016, 16.26662723198589333, -11.00134102768443789 ) ) ;
#3907 = CARTESIAN_POINT ( 'NONE',  ( 12.16011228683190204, 16.86133510028686544, 5.093147537914556544 ) ) ;
#3908 = AXIS2_PLACEMENT_3D ( 'NONE', #7225, #4319, #6655 ) ;
#3909 = CARTESIAN_POINT ( 'NONE',  ( 12.82815360405782279, 17.08425122492148418, 1.281480512897970714 ) ) ;
#3910 = CARTESIAN_POINT ( 'NONE',  ( -2.386342148662749185, 15.99135119082490952, 13.80395615036363210 ) ) ;
#3911 = CARTESIAN_POINT ( 'NONE',  ( 12.26144745187113116, 3.947308199542604701, 8.647258034145938410 ) ) ;
#3912 = CARTESIAN_POINT ( 'NONE',  ( 1.798499828900349540, 13.76360733082316656, -14.12167888160488260 ) ) ;
#3913 = CIRCLE ( 'NONE', #1721, 2.000000000000000000 ) ;
#3914 = CARTESIAN_POINT ( 'NONE',  ( 2.285018555537348117, 16.18616108215218574, -13.67267419726173294 ) ) ;
#3915 = CARTESIAN_POINT ( 'NONE',  ( 6.999999999999997335, 3.999999999999996447, -12.12435565298214257 ) ) ;
#3916 = CARTESIAN_POINT ( 'NONE',  ( -14.00000000035655390, 3.999999999999996447, 0.1602652030396960192 ) ) ;
#3917 = EDGE_CURVE ( 'NONE', #1216, #7195, #6699, .T. ) ;
#3918 = CARTESIAN_POINT ( 'NONE',  ( 11.61554268235279075, 16.37635551973292536, -6.039813748599026866 ) ) ;
#3919 = CARTESIAN_POINT ( 'NONE',  ( -7.500000000000001776, 4.999999999999996447, -11.99038105676657828 ) ) ;
#3920 = CARTESIAN_POINT ( 'NONE',  ( 4.833782609620617343, 4.999999999999998224, 14.19980794528325951 ) ) ;
#3921 = CARTESIAN_POINT ( 'NONE',  ( -10.59827446915589277, 16.48407345658085887, -8.513891686436341644 ) ) ;
#3922 = CIRCLE ( 'NONE', #7454, 15.00000000000000000 ) ;
#3923 = AXIS2_PLACEMENT_3D ( 'NONE', #5659, #6224, #1001 ) ;
#3924 = CARTESIAN_POINT ( 'NONE',  ( -12.54321905559907968, 17.30111769636926056, 0.5292593601886993460 ) ) ;
#3925 = CARTESIAN_POINT ( 'NONE',  ( 8.647868598458289924, 4.922974328501219077, 11.35257835782099889 ) ) ;
#3926 = CARTESIAN_POINT ( 'NONE',  ( 13.13683061434634602, 15.71364624161003398, -5.442185129827406875 ) ) ;
#3927 = DIRECTION ( 'NONE',  ( 0.000000000000000000, 1.000000000000000000, 0.000000000000000000 ) ) ;
#3928 = CARTESIAN_POINT ( 'NONE',  ( -13.39586802495476547, 3.017622708062964509, -6.751246686387789353 ) ) ;
#3929 = CIRCLE ( 'NONE', #629, 1.000000000000000000 ) ;
#3930 = DIRECTION ( 'NONE',  ( -0.000000000000000000, 1.000000000000000000, -0.000000000000000000 ) ) ;
#3931 = STYLED_ITEM ( 'NONE', ( #6084 ), #823 ) ;
#3932 = CARTESIAN_POINT ( 'NONE',  ( 9.290267672487622974, 4.903143899974598874, -11.80280946185866142 ) ) ;
#3933 = CARTESIAN_POINT ( 'NONE',  ( 2.281913779232692008, 16.19109144910489206, 13.66897389943741459 ) ) ;
#3934 = CARTESIAN_POINT ( 'NONE',  ( -9.170694062175822836, 14.33182026815251575, 11.67465946006910116 ) ) ;
#3935 = ADVANCED_FACE ( 'NONE', ( #6126 ), #966, .F. ) ;
#3936 = CARTESIAN_POINT ( 'NONE',  ( -1.162910856758917255, 3.060284748218929707, -14.95576692697448529 ) ) ;
#3937 = CARTESIAN_POINT ( 'NONE',  ( 11.98339626061228280, 3.999560766178290372, -7.283411841060805969 ) ) ;
#3938 = EDGE_LOOP ( 'NONE', ( #6544, #4168, #1425, #6929 ) ) ;
#3939 = CARTESIAN_POINT ( 'NONE',  ( -8.065222206394414783, 4.084426661403344205, 11.70125887881190430 ) ) ;
#3940 = CARTESIAN_POINT ( 'NONE',  ( 14.01110420562659620, 15.65594707400754615, 2.534375059966357924 ) ) ;
#3941 = CARTESIAN_POINT ( 'NONE',  ( 11.11026002088128983, 15.30520404997188777, 8.183535350661969687 ) ) ;
#3942 = CARTESIAN_POINT ( 'NONE',  ( -11.48141093746803953, 16.42540762683184496, 6.183950248364935121 ) ) ;
#3943 = ORIENTED_EDGE ( 'NONE', *, *, #2038, .T. ) ;
#3944 = CARTESIAN_POINT ( 'NONE',  ( -13.94701254168405669, 12.99999999999999822, 5.576398997336208474 ) ) ;
#3945 = CARTESIAN_POINT ( 'NONE',  ( -8.621448013977543567, 3.095467947649501284, -12.27583369219901321 ) ) ;
#3946 = CARTESIAN_POINT ( 'NONE',  ( -14.15555555555555500, 12.99999999999999822, -1.812984715944100600 ) ) ;
#3947 = CARTESIAN_POINT ( 'NONE',  ( -7.114882716136736285, 16.34294568665793435, 11.02573172004456481 ) ) ;
#3948 = CARTESIAN_POINT ( 'NONE',  ( 8.083900002778099392, 16.80181036654471427, -10.50646263419239013 ) ) ;
#3949 = CARTESIAN_POINT ( 'NONE',  ( 13.31924880523214405, 15.78240327593547221, 4.814093954405697318 ) ) ;
#3950 = ORIENTED_EDGE ( 'NONE', *, *, #4250, .T. ) ;
#3951 = CARTESIAN_POINT ( 'NONE',  ( 14.31754069980988398, 15.08930232780941694, 2.724411775572207706 ) ) ;
#3952 = CARTESIAN_POINT ( 'NONE',  ( -2.139914543521669099, 13.54305173103468185, 14.84456048424113561 ) ) ;
#3953 = AXIS2_PLACEMENT_3D ( 'NONE', #853, #3183, #285 ) ;
#3954 = CARTESIAN_POINT ( 'NONE',  ( 1.812984715944099046, 12.99999999999999822, -14.15555555555555500 ) ) ;
#3955 = DIRECTION ( 'NONE',  ( 0.000000000000000000, 0.000000000000000000, -1.000000000000000000 ) ) ;
#3956 = CARTESIAN_POINT ( 'NONE',  ( 13.16556307376510304, 4.924478127548159279, 5.507686957097267744 ) ) ;
#3957 = CARTESIAN_POINT ( 'NONE',  ( 2.913725436338736596, 12.99999999999999645, 14.71428571428571352 ) ) ;
#3958 = CARTESIAN_POINT ( 'NONE',  ( -7.499999999999989342, 4.999999999999996447, 12.99038105676658539 ) ) ;
#3959 = ORIENTED_EDGE ( 'NONE', *, *, #5079, .T. ) ;
#3960 = VECTOR ( 'NONE', #3930, 1000.000000000000000 ) ;
#3961 = CARTESIAN_POINT ( 'NONE',  ( 10.99604179877840870, 16.26806181960364839, -7.287919350014078645 ) ) ;
#3962 = DIRECTION ( 'NONE',  ( -0.000000000000000000, 1.000000000000000000, -0.000000000000000000 ) ) ;
#3963 = B_SPLINE_CURVE_WITH_KNOTS ( 'NONE', 3,
 ( #4374, #265, #2634, #3130, #1442, #5416, #2550, #1414, #2592, #4915, #6138, #911, #3708, #7210 ),
 .UNSPECIFIED., .F., .F.,
 ( 4, 2, 2, 2, 2, 2, 4 ),
 ( 0.000000000000000000, 0.0005916620006911621488, 0.0008874930010367432232, 0.001183324001382324298, 0.001479155001727905372, 0.001774986002073486446, 0.002366648002764648595 ),
 .UNSPECIFIED. ) ;
#3964 = CARTESIAN_POINT ( 'NONE',  ( -8.647868598458284595, 13.00000000000000000, -11.35257835782100244 ) ) ;
#3965 = CARTESIAN_POINT ( 'NONE',  ( 1.812984715944098824, 3.999999999999996447, -14.15555555555555500 ) ) ;
#3966 = EDGE_CURVE ( 'NONE', #1230, #3111, #2691, .T. ) ;
#3967 = CARTESIAN_POINT ( 'NONE',  ( 11.08474571422321020, 16.27517960485728565, -8.229324991265610123 ) ) ;
#3968 = AXIS2_PLACEMENT_3D ( 'NONE', #3749, #3430, #6364 ) ;
#3969 = CARTESIAN_POINT ( 'NONE',  ( 0.000000000000000000, -1.046597125924626503, 0.000000000000000000 ) ) ;
#3970 = FACE_OUTER_BOUND ( 'NONE', #113, .T. ) ;
#3971 = CARTESIAN_POINT ( 'NONE',  ( 12.99038105676657651, 4.999999999999996447, -6.500000000000005329 ) ) ;
#3972 = CARTESIAN_POINT ( 'NONE',  ( -0.9133290855593529933, 17.20978350469592399, -12.66600362622708609 ) ) ;
#3973 = CARTESIAN_POINT ( 'NONE',  ( 8.913873809792450587, 3.214744458955210771, -12.06518629690184952 ) ) ;
#3974 = CARTESIAN_POINT ( 'NONE',  ( 7.194879242573646749, 16.31664398817212458, 11.00542569338429466 ) ) ;
#3975 = AXIS2_PLACEMENT_3D ( 'NONE', #6896, #2190, #1621 ) ;
#3976 = EDGE_CURVE ( 'NONE', #3279, #3648, #5508, .T. ) ;
#3977 = CARTESIAN_POINT ( 'NONE',  ( 9.880503104665104175, 4.999999999999996447, 11.28608250894451182 ) ) ;
#3978 = CARTESIAN_POINT ( 'NONE',  ( -5.549090913153918336, 17.21275850705174193, 11.41714724628673494 ) ) ;
#3979 = CARTESIAN_POINT ( 'NONE',  ( -2.087864198359109302, 3.435280335374284011, -14.85470105124539408 ) ) ;
#3980 = CARTESIAN_POINT ( 'NONE',  ( 12.04422305177076247, 3.999999999999996447, -7.138793737353165803 ) ) ;
#3981 = ORIENTED_EDGE ( 'NONE', *, *, #6305, .T. ) ;
#3982 = CARTESIAN_POINT ( 'NONE',  ( 2.211331989131659626, 16.30140306170818576, -13.58581402379445180 ) ) ;
#3983 = CARTESIAN_POINT ( 'NONE',  ( 11.55897117105542371, 14.83240756451503906, 9.045844200877755981 ) ) ;
#3984 = EDGE_CURVE ( 'NONE', #2842, #3054, #5600, .T. ) ;
#3985 = CARTESIAN_POINT ( 'NONE',  ( 11.53701700381632556, 16.40558851998381229, 6.123039743710754657 ) ) ;
#3986 = ORIENTED_EDGE ( 'NONE', *, *, #6381, .F. ) ;
#3987 = PLANE ( 'NONE',  #3213 ) ;
#3988 = CARTESIAN_POINT ( 'NONE',  ( -13.72525533935283804, 16.26117027160069028, -1.594098081656317722 ) ) ;
#3989 = CARTESIAN_POINT ( 'NONE',  ( -7.682250149368115899, 15.99296674015738695, 10.99282232758099731 ) ) ;
#3990 = CARTESIAN_POINT ( 'NONE',  ( 7.911899277860534596, 16.55014497691252728, -11.00557297587789485 ) ) ;
#3991 = CARTESIAN_POINT ( 'NONE',  ( 10.60013029777101146, 17.29005908467788188, 6.754087555003700061 ) ) ;
#3992 = CARTESIAN_POINT ( 'NONE',  ( 14.09059681383831908, 15.55649591536800003, 2.602773140913459127 ) ) ;
#3993 = CARTESIAN_POINT ( 'NONE',  ( -2.534375059966334831, 15.65594707400754970, 14.01110420562659975 ) ) ;
#3994 = CARTESIAN_POINT ( 'NONE',  ( 6.285314631678537545, 3.105261479425883042, 13.62059788176200215 ) ) ;
#3995 = CARTESIAN_POINT ( 'NONE',  ( -8.647868598458284595, 12.99999999999999822, -11.35257835782100244 ) ) ;
#3996 = CARTESIAN_POINT ( 'NONE',  ( 5.582237758724244436, 4.607099469528414204, -13.13298618831114872 ) ) ;
#3997 = CARTESIAN_POINT ( 'NONE',  ( -14.86806671372863597, 4.808283127649771060, 2.131394549175967157 ) ) ;
#3998 = ORIENTED_EDGE ( 'NONE', *, *, #126, .T. ) ;
#3999 = CARTESIAN_POINT ( 'NONE',  ( -2.160119828535542741, 16.37417753715288171, 13.52667334521142628 ) ) ;
#4000 = CARTESIAN_POINT ( 'NONE',  ( -11.21402758742463845, 14.11976560169259187, -9.782255092698674659 ) ) ;
#4001 = CARTESIAN_POINT ( 'NONE',  ( 0.000000000000000000, 12.99999999999999822, 0.000000000000000000 ) ) ;
#4002 = CARTESIAN_POINT ( 'NONE',  ( 11.33743483434092880, 16.46355971662075390, -6.363987995962322231 ) ) ;
#4003 = DIRECTION ( 'NONE',  ( 0.000000000000000000, 0.000000000000000000, 1.000000000000000000 ) ) ;
#4004 = CARTESIAN_POINT ( 'NONE',  ( -12.79447867761619051, 15.01735847542793323, -5.503576273675283126 ) ) ;
#4005 = DIRECTION ( 'NONE',  ( 0.000000000000000000, -1.000000000000000000, 0.000000000000000000 ) ) ;
#4006 = CARTESIAN_POINT ( 'NONE',  ( 10.89993891572358287, 17.32959717367248587, -6.122281498153796520 ) ) ;
#4007 = CARTESIAN_POINT ( 'NONE',  ( 8.617861318219420141, 13.76796568068119342, 11.33012486150267151 ) ) ;
#4008 = CARTESIAN_POINT ( 'NONE',  ( -9.559151480687992475, 14.92702988626213312, 11.06512756987198998 ) ) ;
#4009 = CARTESIAN_POINT ( 'NONE',  ( -6.881046799117548574, 17.26706329440288812, 10.56396403299041253 ) ) ;
#4010 = CARTESIAN_POINT ( 'NONE',  ( 12.25851359465244705, 3.102923436545238722, -8.646101941915686595 ) ) ;
#4011 = ORIENTED_EDGE ( 'NONE', *, *, #3413, .F. ) ;
#4012 = CARTESIAN_POINT ( 'NONE',  ( 0.9368572092452994715, 17.20258509324230900, -12.67562728284721452 ) ) ;
#4013 = ADVANCED_FACE ( 'NONE', ( #6274 ), #1663, .F. ) ;
#4014 = CARTESIAN_POINT ( 'NONE',  ( 1.328476151411941197, 3.095467947649502172, 14.94190783706603831 ) ) ;
#4015 = CARTESIAN_POINT ( 'NONE',  ( -11.24822961484633410, 14.51664821311963571, 8.485379578689702385 ) ) ;
#4016 = ORIENTED_EDGE ( 'NONE', *, *, #4072, .T. ) ;
#4017 = CARTESIAN_POINT ( 'NONE',  ( 0.3353329254848501084, 2.999999999999997335, -15.00000000000000355 ) ) ;
#4018 = CARTESIAN_POINT ( 'NONE',  ( 5.507686956950017532, 13.22805048829266461, 13.16556307209034316 ) ) ;
#4019 = CARTESIAN_POINT ( 'NONE',  ( -13.58581402379424219, 16.30140306170841313, -2.211331989131823494 ) ) ;
#4020 = EDGE_CURVE ( 'NONE', #242, #3028, #272, .T. ) ;
#4021 = CARTESIAN_POINT ( 'NONE',  ( 6.351807329232598498, 17.03660441533995495, -11.35004795217509788 ) ) ;
#4022 = CARTESIAN_POINT ( 'NONE',  ( -12.41177144860030346, 4.001679225056249400, 6.599749824424919531 ) ) ;
#4023 = CARTESIAN_POINT ( 'NONE',  ( -11.08979055104290978, 17.30235213935353045, -5.871329819861170307 ) ) ;
#4024 = CARTESIAN_POINT ( 'NONE',  ( -11.40607333130084555, 4.186732713191918087, 9.742123800739946660 ) ) ;
#4025 = CARTESIAN_POINT ( 'NONE',  ( -2.020456964497777008, 15.06777341069432019, 14.43650204700714390 ) ) ;
#4026 = CARTESIAN_POINT ( 'NONE',  ( 12.90428009319908753, 2.999999999930607952, 7.649131243479528663 ) ) ;
#4027 = CARTESIAN_POINT ( 'NONE',  ( -13.15804751950899565, 2.999999999999995559, 7.209593167804772662 ) ) ;
#4028 = CARTESIAN_POINT ( 'NONE',  ( 2.041711114622584144, 4.530546518778253429, 14.87773559879037144 ) ) ;
#4029 = CARTESIAN_POINT ( 'NONE',  ( -14.01963150583611650, 3.999560766178289484, 0.3159215502769204265 ) ) ;
#4030 = ORIENTED_EDGE ( 'NONE', *, *, #900, .F. ) ;
#4031 = CARTESIAN_POINT ( 'NONE',  ( -11.28148588170172495, 15.71364624161003576, -8.655736472323523500 ) ) ;
#4032 = CARTESIAN_POINT ( 'NONE',  ( 13.86570936197435344, 15.90511541514493388, -2.436725929349578212 ) ) ;
#4033 = CARTESIAN_POINT ( 'NONE',  ( -13.16556307376510304, 12.99999999999999822, -5.507686957097270408 ) ) ;
#4034 = ORIENTED_EDGE ( 'NONE', *, *, #5926, .F. ) ;
#4035 = CARTESIAN_POINT ( 'NONE',  ( -8.466307916593740046, 3.902453538974594238, 12.38477897301233988 ) ) ;
#4036 = DIRECTION ( 'NONE',  ( -0.000000000000000000, 1.000000000000000000, -0.000000000000000000 ) ) ;
#4037 = DIRECTION ( 'NONE',  ( -0.000000000000000000, -1.000000000000000000, -0.000000000000000000 ) ) ;
#4038 = CARTESIAN_POINT ( 'NONE',  ( -14.19233137127069710, 4.665349315078853643, -4.855904608909660247 ) ) ;
#4039 = CARTESIAN_POINT ( 'NONE',  ( 2.602085213965210642E-15, 2.999999999999996447, 15.00000000000000000 ) ) ;
#4040 = CIRCLE ( 'NONE', #5010, 2.000000000000000000 ) ;
#4041 = CARTESIAN_POINT ( 'NONE',  ( 5.790895236511865996, 16.16451511327516499, 11.94883177526584461 ) ) ;
#4042 = CARTESIAN_POINT ( 'NONE',  ( -9.050574357866860709, 15.88150506235255399, 10.79686138065126855 ) ) ;
#4043 = AXIS2_PLACEMENT_3D ( 'NONE', #213, #3083, #7164 ) ;
#4044 = CIRCLE ( 'NONE', #4166, 15.00000000000000000 ) ;
#4045 = CARTESIAN_POINT ( 'NONE',  ( -4.833782609620604021, 13.54176985573761627, 14.19980794528325596 ) ) ;
#4046 = CARTESIAN_POINT ( 'NONE',  ( -14.14442632104382724, 4.215475591700884372, 4.994184175500411271 ) ) ;
#4047 = VERTEX_POINT ( 'NONE', #3490 ) ;
#4048 = CARTESIAN_POINT ( 'NONE',  ( -0.2943446787389795705, 16.44188171060361014, -13.02033660023177220 ) ) ;
#4049 = CARTESIAN_POINT ( 'NONE',  ( 10.99025763402354805, 16.04144829552177143, 7.624673442530233380 ) ) ;
#4050 = B_SPLINE_CURVE_WITH_KNOTS ( 'NONE', 3,
 ( #5720, #3464, #1160, #1059, #20, #6868, #3424, #2849, #7433, #3386, #554, #1092, #1633, #2886, #2280, #7472 ),
 .UNSPECIFIED., .F., .F.,
 ( 4, 2, 2, 2, 2, 2, 2, 4 ),
 ( 0.000000000000000000, 0.0005078598180034132057, 0.001015719636006826411, 0.001523579454010239509, 0.002031439272013652823, 0.002539299090017066354, 0.003047158908020479017, 0.004062878544027303043 ),
 .UNSPECIFIED. ) ;
#4051 = CARTESIAN_POINT ( 'NONE',  ( 11.09616347955714311, 16.42540762683184852, 6.851218418953370026 ) ) ;
#4052 = EDGE_LOOP ( 'NONE', ( #7425, #997, #1449, #2059 ) ) ;
#4053 = EDGE_CURVE ( 'NONE', #6583, #6617, #6231, .T. ) ;
#4054 = CARTESIAN_POINT ( 'NONE',  ( 11.38266442241520515, 4.684012049476082851, 8.607276093360150426 ) ) ;
#4055 =( LENGTH_UNIT ( ) NAMED_UNIT ( * ) SI_UNIT ( .MILLI., .METRE. ) );
#4056 = CARTESIAN_POINT ( 'NONE',  ( -0.8592839642174683323, 3.018240399783497896, 14.97634282415380724 ) ) ;
#4057 = FACE_OUTER_BOUND ( 'NONE', #5789, .T. ) ;
#4058 = CARTESIAN_POINT ( 'NONE',  ( -13.01864680235456362, 16.44440290119786141, -0.3103165659696683343 ) ) ;
#4059 = CARTESIAN_POINT ( 'NONE',  ( 6.665003030900808589, 17.04080462639393190, -11.16388455651784994 ) ) ;
#4060 = CARTESIAN_POINT ( 'NONE',  ( -12.25851359465242396, 3.102923436545203639, 8.646101941915715017 ) ) ;
#4061 = ORIENTED_EDGE ( 'NONE', *, *, #423, .F. ) ;
#4062 = CARTESIAN_POINT ( 'NONE',  ( -11.16388455651784284, 17.04080462639315385, -6.665003030900813918 ) ) ;
#4063 = CARTESIAN_POINT ( 'NONE',  ( 14.71428571428571352, 13.54063028116373069, 2.913725436338731711 ) ) ;
#4064 = ORIENTED_EDGE ( 'NONE', *, *, #4813, .T. ) ;
#4065 = EDGE_CURVE ( 'NONE', #1780, #95, #7151, .T. ) ;
#4066 = DIRECTION ( 'NONE',  ( 0.000000000000000000, 0.000000000000000000, 1.000000000000000000 ) ) ;
#4067 = CARTESIAN_POINT ( 'NONE',  ( 1.489572617743278204, 4.281826903305214316, 14.17979311555853705 ) ) ;
#4068 = CARTESIAN_POINT ( 'NONE',  ( 14.71850766178430270, 4.678371526212158571, -2.892632945959047852 ) ) ;
#4069 = CIRCLE ( 'NONE', #166, 15.00000000000000000 ) ;
#4070 = CARTESIAN_POINT ( 'NONE',  ( 13.03302827739182668, 16.42786290564318463, -0.3695734121417993956 ) ) ;
#4071 = CARTESIAN_POINT ( 'NONE',  ( -9.290267665534152286, 4.903130381076394428, -11.80280946695438438 ) ) ;
#4072 = EDGE_CURVE ( 'NONE', #1741, #5822, #4176, .T. ) ;
#4073 = EDGE_LOOP ( 'NONE', ( #6045, #3525, #2095, #604, #1918 ) ) ;
#4074 = CARTESIAN_POINT ( 'NONE',  ( -9.290267672487473760, 4.903143899974594433, 11.80280946185852997 ) ) ;
#4075 = CARTESIAN_POINT ( 'NONE',  ( 14.83516400972701632, 3.536346359595049726, 2.220904921670405319 ) ) ;
#4076 = CARTESIAN_POINT ( 'NONE',  ( -10.53367700834821363, 12.99999999999999822, -9.221802897687423339 ) ) ;
#4077 = CIRCLE ( 'NONE', #781, 0.9999999999999991118 ) ;
#4078 = CARTESIAN_POINT ( 'NONE',  ( -5.888895256747360030, 3.264955391823473718, 13.79645725857617933 ) ) ;
#4079 = B_SPLINE_CURVE_WITH_KNOTS ( 'NONE', 3,
 ( #7345, #1502, #1463, #2579, #897, #3227, #5552, #4295, #4866, #1432, #822, #6628, #2616, #3842 ),
 .UNSPECIFIED., .F., .F.,
 ( 4, 2, 2, 2, 2, 2, 4 ),
 ( 0.000000000000000000, 0.0005916620006911621488, 0.0008874930010367434400, 0.001183324001382324731, 0.001479155001727905806, 0.001774986002073487314, 0.002366648002764649462 ),
 .UNSPECIFIED. ) ;
#4080 = DIRECTION ( 'NONE',  ( -0.5000000000000000000, 0.000000000000000000, -0.8660254037844385966 ) ) ;
#4081 = DIRECTION ( 'NONE',  ( 0.000000000000000000, 0.000000000000000000, 1.000000000000000000 ) ) ;
#4082 =( BOUNDED_SURFACE ( )  B_SPLINE_SURFACE ( 3, 2, ( 
 ( #431, #396, #4439 ),
 ( #2226, #5116, #7457 ),
 ( #6848, #1615, #7341 ),
 ( #6269, #4556, #2069 ),
 ( #6888, #893, #930 ),
 ( #2650, #4971, #4398 ),
 ( #2109, #6772, #3875 ),
 ( #6192, #5620, #5048 ),
 ( #7381, #2149, #4632 ),
 ( #7103, #5233, #6959 ),
 ( #4594, #6928, #1730 ),
 ( #3408, #3640, #4060 ),
 ( #5957, #2870, #1334 ),
 ( #5740, #728, #6378 ),
 ( #1694, #1112, #3057 ),
 ( #5780, #1146, #2300 ),
 ( #574, #7493, #3098 ),
 ( #1907, #1079, #4770 ) ),
 .UNSPECIFIED., .F., .F., .T. ) 
 B_SPLINE_SURFACE_WITH_KNOTS ( ( 4, 2, 2, 2, 2, 2, 2, 2, 4 ),
 ( 3, 3 ),
 ( 0.001302520603113773269, 0.001783172609227540346, 0.002263824615341307640, 0.002744476621455074934, 0.003225128627568841794, 0.003705780633682608655, 0.004186432639796375949, 0.004667084645910143242, 0.005147736652023910536 ),
 ( 0.000000000000000000, 1.000000000000000000 ),
 .UNSPECIFIED. ) 
 GEOMETRIC_REPRESENTATION_ITEM ( )  RATIONAL_B_SPLINE_SURFACE ( (
 ( 1.000000000000000000, 0.7867957924694419791, 1.000000000000000000),
 ( 1.000000000000000000, 0.7867918659038355411, 1.000000000000000000),
 ( 1.000000000000000000, 0.7870059279260164242, 1.000000000000000000),
 ( 1.000000000000000000, 0.7876722697779767746, 1.000000000000000000),
 ( 1.000000000000000000, 0.7881326248067725970, 1.000000000000000000),
 ( 1.000000000000000000, 0.7887758449273496453, 1.000000000000000000),
 ( 1.000000000000000000, 0.7889663658733516716, 1.000000000000000000),
 ( 1.000000000000000000, 0.7882435220810612986, 1.000000000000000000),
 ( 1.000000000000000000, 0.7873519033453572069, 1.000000000000000000),
 ( 1.000000000000000000, 0.7832757266629183368, 1.000000000000000000),
 ( 1.000000000000000000, 0.7801295861738651860, 1.000000000000000000),
 ( 1.000000000000000000, 0.7702790648040623855, 1.000000000000000000),
 ( 1.000000000000000000, 0.7633849859748138567, 1.000000000000000000),
 ( 1.000000000000000000, 0.7458883219264325071, 1.000000000000000000),
 ( 1.000000000000000000, 0.7349125052205978115, 1.000000000000000000),
 ( 1.000000000000000000, 0.7151046345649696434, 1.000000000000000000),
 ( 1.000000000000000000, 0.7068896004544282796, 1.000000000000000000),
 ( 1.000000000000000000, 0.7071067811865467956, 1.000000000000000000) ) ) 
 REPRESENTATION_ITEM ( '' )  SURFACE ( )  );
#4083 = CARTESIAN_POINT ( 'NONE',  ( -4.803105831280791271, 14.92702988626208160, -13.81103180583542134 ) ) ;
#4084 = B_SPLINE_CURVE_WITH_KNOTS ( 'NONE', 3,
 ( #5935, #959, #1426, #1531, #5431, #243, #3791, #6152, #202, #4859, #2533, #3760, #6730, #6118, #4355, #6082, #3216, #3726, #6046, #852, #2064, #7188, #2646, #3181, #283, #4967, #1996, #355, #815, #1956, #7298, #5505 ),
 .UNSPECIFIED., .F., .F.,
 ( 4, 2, 2, 2, 2, 2, 2, 2, 2, 2, 2, 2, 2, 2, 2, 4 ),
 ( 0.000000000000000000, 0.001151124732941963096, 0.002302249465883926191, 0.002877811832354906438, 0.003453374198825883215, 0.004028936565296859992, 0.004316717748532347514, 0.004604498931767835902, 0.004892280115003322556, 0.005180061298238810945, 0.005467842481474298466, 0.005755623664709785120, 0.006331186031180766234, 0.006906748397651751685, 0.008057873130593721719, 0.009208997863535692621 ),
 .UNSPECIFIED. ) ;
#4085 = CARTESIAN_POINT ( 'NONE',  ( -7.385704808739601113, 17.12778597774548928, 10.48219227883889815 ) ) ;
#4086 = CARTESIAN_POINT ( 'NONE',  ( -6.028280352454854274, 17.33111043878623292, 10.95168844787417584 ) ) ;
#4087 = CARTESIAN_POINT ( 'NONE',  ( -12.48146254440217007, 4.003905949981421131, 6.520249916913401833 ) ) ;
#4088 = ORIENTED_EDGE ( 'NONE', *, *, #7132, .F. ) ;
#4089 = CARTESIAN_POINT ( 'NONE',  ( -0.5779937646385590044, 17.28482863031525341, -12.56447337950891274 ) ) ;
#4090 = CARTESIAN_POINT ( 'NONE',  ( 12.72913956773617095, 15.14124894725558335, 5.515559541031767488 ) ) ;
#4091 = CARTESIAN_POINT ( 'NONE',  ( -6.536729513059930422E-16, 3.999999999999996447, -14.00000000000000000 ) ) ;
#4092 = EDGE_LOOP ( 'NONE', ( #955, #3495, #6313, #1722 ) ) ;
#4093 = CARTESIAN_POINT ( 'NONE',  ( 6.363987995962322231, 16.46355971662075746, 11.33743483434093058 ) ) ;
#4094 = CARTESIAN_POINT ( 'NONE',  ( -13.80395615036373691, 15.99135119082479051, -2.386342148662670137 ) ) ;
#4095 = ADVANCED_FACE ( 'NONE', ( #1126 ), #7508, .T. ) ;
#4096 = CARTESIAN_POINT ( 'NONE',  ( 5.507686957097268632, 4.799810971035542551, -13.16556307376510304 ) ) ;
#4097 = ORIENTED_EDGE ( 'NONE', *, *, #1034, .T. ) ;
#4098 = CARTESIAN_POINT ( 'NONE',  ( -11.33368844604525449, 16.46004852382972672, -6.377023793722587541 ) ) ;
#4099 = ORIENTED_EDGE ( 'NONE', *, *, #1017, .F. ) ;
#4100 = CARTESIAN_POINT ( 'NONE',  ( 5.507686957097278402, 4.999999999999996447, 13.16556307376510127 ) ) ;
#4101 = CARTESIAN_POINT ( 'NONE',  ( -2.719477073916150456, 4.999999999999996447, -13.73333333333333250 ) ) ;
#4102 = EDGE_CURVE ( 'NONE', #784, #663, #4050, .T. ) ;
#4103 = CARTESIAN_POINT ( 'NONE',  ( -0.5371673375699428377, 17.29195439308066540, 12.55436958164580830 ) ) ;
#4104 = DIRECTION ( 'NONE',  ( 0.000000000000000000, 0.000000000000000000, 1.000000000000000000 ) ) ;
#4105 = CARTESIAN_POINT ( 'NONE',  ( 12.99180068935324606, 16.94059604637914518, -1.548809864450385598 ) ) ;
#4106 = CARTESIAN_POINT ( 'NONE',  ( -9.263549183843894141, 3.460362391599460352, -11.79863547069370533 ) ) ;
#4107 = ORIENTED_EDGE ( 'NONE', *, *, #5072, .F. ) ;
#4108 = CARTESIAN_POINT ( 'NONE',  ( -8.913873809792441705, 3.214744458955210327, 12.06518629690185485 ) ) ;
#4109 = CARTESIAN_POINT ( 'NONE',  ( 15.00000000000000178, 2.999999999999996003, 0.3353329254848494978 ) ) ;
#4110 = CARTESIAN_POINT ( 'NONE',  ( 4.378112306951786773E-16, 3.399999999999998579, 3.575000000000000178 ) ) ;
#4111 = DIRECTION ( 'NONE',  ( 0.000000000000000000, 0.000000000000000000, -1.000000000000000000 ) ) ;
#4112 = CYLINDRICAL_SURFACE ( 'NONE', #5911, 0.9999999999999991118 ) ;
#4113 = EDGE_CURVE ( 'NONE', #6755, #6331, #508, .T. ) ;
#4114 = DIRECTION ( 'NONE',  ( -0.000000000000000000, 1.000000000000000000, -0.000000000000000000 ) ) ;
#4115 = DIRECTION ( 'NONE',  ( -0.8660254037844387076, -0.000000000000000000, 0.5000000000000001110 ) ) ;
#4116 = CARTESIAN_POINT ( 'NONE',  ( -9.221802897687425116, -2.000000000000000000, -10.53367700834821363 ) ) ;
#4117 = CARTESIAN_POINT ( 'NONE',  ( -5.457699041918790961, 16.09491777460652528, -12.84233726292666411 ) ) ;
#4118 = CARTESIAN_POINT ( 'NONE',  ( -7.207082241702279291, 16.30222877997778852, 11.01058956155990387 ) ) ;
#4119 = CARTESIAN_POINT ( 'NONE',  ( 0.3726201907537358138, 16.42815922429076281, 13.03271057284534251 ) ) ;
#4120 = DIRECTION ( 'NONE',  ( -0.000000000000000000, -1.000000000000000000, -0.000000000000000000 ) ) ;
#4121 = CARTESIAN_POINT ( 'NONE',  ( -13.09979768577262860, 4.467215551782224736, 5.653230310318367202 ) ) ;
#4122 = ORIENTED_EDGE ( 'NONE', *, *, #5305, .F. ) ;
#4123 = CARTESIAN_POINT ( 'NONE',  ( -0.7264416968692312127, 16.31414662415498995, -13.13115211100265256 ) ) ;
#4124 =( BOUNDED_SURFACE ( )  B_SPLINE_SURFACE ( 3, 2, ( 
 ( #7365, #3392, #486 ),
 ( #3893, #2134, #2170 ),
 ( #6830, #2821, #6211 ),
 ( #5145, #1028, #1597 ),
 ( #6754, #3934, #5604 ),
 ( #5183, #1681, #4008 ),
 ( #6327, #1097, #3431 ),
 ( #2713, #5688, #451 ),
 ( #721, #67, #2970 ),
 ( #1252, #5915, #4042 ),
 ( #4199, #6983, #5294 ),
 ( #1789, #2928, #2891 ),
 ( #2403, #3549, #5255 ),
 ( #683, #148, #5873 ),
 ( #1294, #5373, #1169 ),
 ( #4616, #643, #6946 ),
 ( #4118, #3593, #4085 ),
 ( #2364, #6365, #6527 ),
 ( #3634, #4691, #7021 ),
 ( #3472, #28, #4724 ),
 ( #3051, #6445, #5802 ),
 ( #599, #7059, #560 ),
 ( #5220, #1864, #5950 ),
 ( #1823, #3508, #4155 ),
 ( #6487, #7547, #2320 ),
 ( #3013, #1750, #106 ),
 ( #5332, #2439, #4761 ),
 ( #5836, #1206, #7095 ),
 ( #4652, #6408, #2481 ),
 ( #1326, #6707, #4371 ),
 ( #759, #907, #6134 ),
 ( #1410, #2013, #6564 ),
 ( #184, #2630, #5522 ),
 ( #2589, #4803, #833 ),
 ( #4950, #7280, #1439 ),
 ( #1977, #3666, #3236 ),
 ( #5562, #5484, #3774 ),
 ( #5986, #1472, #6600 ),
 ( #7135, #3161, #6063 ),
 ( #4231, #3090, #3705 ) ),
 .UNSPECIFIED., .F., .F., .T. ) 
 B_SPLINE_SURFACE_WITH_KNOTS ( ( 4, 2, 2, 2, 2, 2, 2, 2, 2, 2, 2, 2, 2, 2, 2, 2, 2, 2, 2, 4 ),
 ( 3, 3 ),
 ( 0.000000000000000000, 0.0006748142658293166014, 0.001349628531658633203, 0.002024442797487949804, 0.002361849930402608322, 0.002699257063317266406, 0.003374071329146583007, 0.004048885594975899609, 0.004386292727890558560, 0.004723699860805216644, 0.005398514126634532811, 0.005735921259549190895, 0.006073328392463848979, 0.006748142658293166014, 0.007422956924122483049, 0.008097771189951799217, 0.008772585455781117120, 0.009447399721610433287, 0.01012221398743974946, 0.01079702825326906562 ),
 ( 0.000000000000000000, 1.000000000000000000 ),
 .UNSPECIFIED. ) 
 GEOMETRIC_REPRESENTATION_ITEM ( )  RATIONAL_B_SPLINE_SURFACE ( (
 ( 1.000000000000000000, 0.7867957924694429783, 1.000000000000000000),
 ( 1.000000000000000000, 0.7867893510872592255, 1.000000000000000000),
 ( 1.000000000000000000, 0.7886154144825450185, 1.000000000000000000),
 ( 1.000000000000000000, 0.7953661699511394012, 1.000000000000000000),
 ( 1.000000000000000000, 0.8003370620003082969, 1.000000000000000000),
 ( 1.000000000000000000, 0.8122778712297817894, 1.000000000000000000),
 ( 1.000000000000000000, 0.8191018390051794107, 1.000000000000000000),
 ( 1.000000000000000000, 0.8294273880737261795, 1.000000000000000000),
 ( 1.000000000000000000, 0.8328837475269758039, 1.000000000000000000),
 ( 1.000000000000000000, 0.8396202395223194559, 1.000000000000000000),
 ( 1.000000000000000000, 0.8429190808683828529, 1.000000000000000000),
 ( 1.000000000000000000, 0.8520089025835886343, 1.000000000000000000),
 ( 1.000000000000000000, 0.8570195765218693307, 1.000000000000000000),
 ( 1.000000000000000000, 0.8641253354132598652, 1.000000000000000000),
 ( 1.000000000000000000, 0.8660656719303809759, 1.000000000000000000),
 ( 1.000000000000000000, 0.8672705396855484583, 1.000000000000000000),
 ( 1.000000000000000000, 0.8674005837561120646, 1.000000000000000000),
 ( 1.000000000000000000, 0.8673400669030841836, 1.000000000000000000),
 ( 1.000000000000000000, 0.8671565711265017962, 1.000000000000000000),
 ( 1.000000000000000000, 0.8665197314967645337, 1.000000000000000000),
 ( 1.000000000000000000, 0.8660366921799084183, 1.000000000000000000),
 ( 1.000000000000000000, 0.8660201165652835487, 1.000000000000000000),
 ( 1.000000000000000000, 0.8661157520136484322, 1.000000000000000000),
 ( 1.000000000000000000, 0.8664506541182317445, 1.000000000000000000),
 ( 1.000000000000000000, 0.8666907191152350975, 1.000000000000000000),
 ( 1.000000000000000000, 0.8673394484498587742, 1.000000000000000000),
 ( 1.000000000000000000, 0.8676850451489283023, 1.000000000000000000),
 ( 1.000000000000000000, 0.8661932981187837610, 1.000000000000000000),
 ( 1.000000000000000000, 0.8643369046394171473, 1.000000000000000000),
 ( 1.000000000000000000, 0.8574128041483914942, 1.000000000000000000),
 ( 1.000000000000000000, 0.8524249261066159100, 1.000000000000000000),
 ( 1.000000000000000000, 0.8404064465175258292, 1.000000000000000000),
 ( 1.000000000000000000, 0.8333831374745570564, 1.000000000000000000),
 ( 1.000000000000000000, 0.8194743686560398421, 1.000000000000000000),
 ( 1.000000000000000000, 0.8124799750443473245, 1.000000000000000000),
 ( 1.000000000000000000, 0.8005275974376170334, 1.000000000000000000),
 ( 1.000000000000000000, 0.7955347744213085992, 1.000000000000000000),
 ( 1.000000000000000000, 0.7886441666172283593, 1.000000000000000000),
 ( 1.000000000000000000, 0.7867760218661185023, 1.000000000000000000),
 ( 1.000000000000000000, 0.7867957924694425342, 1.000000000000000000) ) ) 
 REPRESENTATION_ITEM ( '' )  SURFACE ( )  );
#4125 = CARTESIAN_POINT ( 'NONE',  ( 11.33368844604522074, 16.46004852382992212, 6.377023793722631062 ) ) ;
#4126 = CARTESIAN_POINT ( 'NONE',  ( -7.003638763992781186E-16, 3.999999999999995115, -14.99999999999999822 ) ) ;
#4127 = ORIENTED_EDGE ( 'NONE', *, *, #1164, .F. ) ;
#4128 = CARTESIAN_POINT ( 'NONE',  ( 5.798733035326364416, 4.282960109847523178, 13.02547755788978101 ) ) ;
#4129 = CARTESIAN_POINT ( 'NONE',  ( 4.877837333107928330, 16.30140306170817155, 12.87132607026275899 ) ) ;
#4130 = CARTESIAN_POINT ( 'NONE',  ( -13.85063983462155512, 16.09491777460692674, -1.694662614951740975 ) ) ;
#4131 = CARTESIAN_POINT ( 'NONE',  ( 12.87196468490603785, 4.106013060889059929, 6.049987720945629199 ) ) ;
#4132 = CARTESIAN_POINT ( 'NONE',  ( 5.925452908921493567, 4.176517398680565485, -12.95271974392220393 ) ) ;
#4133 = ORIENTED_EDGE ( 'NONE', *, *, #5636, .F. ) ;
#4134 = CARTESIAN_POINT ( 'NONE',  ( -11.00773686982742561, 16.92071623829484039, -7.192194913158468594 ) ) ;
#4135 = EDGE_LOOP ( 'NONE', ( #5672, #1148 ) ) ;
#4136 = PRODUCT_DEFINITION ( 'UNKNOWN', '', #2991, #3274 ) ;
#4137 = CARTESIAN_POINT ( 'NONE',  ( 14.15555555555555500, 4.899988397038736565, 1.812984715944099268 ) ) ;
#4138 = DIRECTION ( 'NONE',  ( -0.000000000000000000, 1.000000000000000000, -0.000000000000000000 ) ) ;
#4139 = CARTESIAN_POINT ( 'NONE',  ( -5.832198611796184373, 16.22587304497630356, 11.87599819090210040 ) ) ;
#4140 = EDGE_LOOP ( 'NONE', ( #3829, #3709, #4422, #5438, #814, #2934 ) ) ;
#4141 = CARTESIAN_POINT ( 'NONE',  ( 14.71428571428571352, 4.999999999999995559, -2.913725436338734820 ) ) ;
#4142 = CARTESIAN_POINT ( 'NONE',  ( 4.511530435645905612, 4.999999999999996447, -13.25315408226436631 ) ) ;
#4143 = CARTESIAN_POINT ( 'NONE',  ( 13.02033660023177220, 16.44188171060361014, -0.2943446787389757957 ) ) ;
#4144 = CARTESIAN_POINT ( 'NONE',  ( -8.379904285526553309, 4.281826903305201881, -11.53527474960971055 ) ) ;
#4145 = ORIENTED_EDGE ( 'NONE', *, *, #6914, .F. ) ;
#4146 = CARTESIAN_POINT ( 'NONE',  ( -7.650381459524025374, 3.999999999532099615, 12.90355828074829958 ) ) ;
#4147 = ADVANCED_FACE ( 'NONE', ( #3970 ), #7540, .T. ) ;
#4148 = DIRECTION ( 'NONE',  ( 0.000000000000000000, 1.000000000000000000, 0.000000000000000000 ) ) ;
#4149 = CARTESIAN_POINT ( 'NONE',  ( -14.96657772217472449, 3.894656027646294927, -1.022762606118602369 ) ) ;
#4150 = CARTESIAN_POINT ( 'NONE',  ( -14.19980794528324530, 4.999999999999996447, 4.833782609620627113 ) ) ;
#4151 = CARTESIAN_POINT ( 'NONE',  ( 9.290267669330475542, 4.999999999999996447, 11.80280946417324728 ) ) ;
#4152 = CYLINDRICAL_SURFACE ( 'NONE', #6890, 0.9999999999999991118 ) ;
#4153 = CARTESIAN_POINT ( 'NONE',  ( -5.525204641864228883, 14.33182026815230259, -13.77938375821371508 ) ) ;
#4154 = AXIS2_PLACEMENT_3D ( 'NONE', #4445, #6775, #1541 ) ;
#4155 = CARTESIAN_POINT ( 'NONE',  ( -5.871329819861211163, 17.30235213935351979, 11.08979055104291156 ) ) ;
#4156 = EDGE_CURVE ( 'NONE', #4748, #2912, #3147, .T. ) ;
#4157 = CARTESIAN_POINT ( 'NONE',  ( -11.08407227511349369, 14.84133297373236537, 9.589098051731456351 ) ) ;
#4158 = CARTESIAN_POINT ( 'NONE',  ( 13.47281781817678770, 3.894656027646262952, -6.597550462147856898 ) ) ;
#4159 = AXIS2_PLACEMENT_3D ( 'NONE', #3387, #5213, #1020 ) ;
#4160 = CARTESIAN_POINT ( 'NONE',  ( -13.07720383296308952, 3.999999999531539174, 7.349618540579216486 ) ) ;
#4161 = CIRCLE ( 'NONE', #6219, 0.9999999999999991118 ) ;
#4162 = ORIENTED_EDGE ( 'NONE', *, *, #7379, .F. ) ;
#4163 = CARTESIAN_POINT ( 'NONE',  ( -1.337564837681992413, 16.56095533821400423, -13.47746694520382604 ) ) ;
#4164 = CARTESIAN_POINT ( 'NONE',  ( 13.25859878421631599, 16.14461645573611293, 0.9936359200583477769 ) ) ;
#4165 = CARTESIAN_POINT ( 'NONE',  ( 13.39516803315717475, 15.67656118341499294, 4.809444863715048868 ) ) ;
#4166 = AXIS2_PLACEMENT_3D ( 'NONE', #4358, #3651, #704 ) ;
#4167 = CARTESIAN_POINT ( 'NONE',  ( 1.842903061903419237, 3.287421879862336471, -14.88704810635880449 ) ) ;
#4168 = ORIENTED_EDGE ( 'NONE', *, *, #2530, .T. ) ;
#4169 = EDGE_CURVE ( 'NONE', #564, #2301, #5863, .T. ) ;
#4170 = CARTESIAN_POINT ( 'NONE',  ( 7.200277339443410085, 2.999092996133942979, 13.15999804781025162 ) ) ;
#4171 = CARTESIAN_POINT ( 'NONE',  ( 11.71520184131035691, 3.565920217497933198, 9.368444765112990069 ) ) ;
#4172 = CARTESIAN_POINT ( 'NONE',  ( -10.62961605351827643, 17.30235213935355532, 6.668375429921217012 ) ) ;
#4173 = CARTESIAN_POINT ( 'NONE',  ( 5.705505583935233993, 16.04144829552216578, 12.09828971380327722 ) ) ;
#4174 = CARTESIAN_POINT ( 'NONE',  ( -14.00527823653290405, 15.67656118341496629, 2.532482586500686583 ) ) ;
#4175 = CARTESIAN_POINT ( 'NONE',  ( 14.19980794276056990, 4.837498224088173870, 4.833782617031283202 ) ) ;
#4176 = CIRCLE ( 'NONE', #5623, 1.999999999999998224 ) ;
#4177 = AXIS2_PLACEMENT_3D ( 'NONE', #782, #5357, #4104 ) ;
#4178 = CARTESIAN_POINT ( 'NONE',  ( -2.405973638386228884E-14, 16.46410161513774995, -13.00000000000000178 ) ) ;
#4179 = ORIENTED_EDGE ( 'NONE', *, *, #5893, .T. ) ;
#4180 = DIRECTION ( 'NONE',  ( -0.000000000000000000, -1.000000000000000000, -0.000000000000000000 ) ) ;
#4181 = CARTESIAN_POINT ( 'NONE',  ( -13.05089206173509986, 4.318726614409882814, -5.755405932665354385 ) ) ;
#4182 = CARTESIAN_POINT ( 'NONE',  ( -5.503245299001241264, 13.76796568068120052, 13.12834925862060587 ) ) ;
#4183 = ORIENTED_EDGE ( 'NONE', *, *, #5118, .T. ) ;
#4184 = CARTESIAN_POINT ( 'NONE',  ( 14.93415010283521305, 3.982382847479412735, -1.456846227021437290 ) ) ;
#4185 = CARTESIAN_POINT ( 'NONE',  ( 1.812984715944103709, 12.99999999999999822, 14.15555555555555323 ) ) ;
#4186 = CARTESIAN_POINT ( 'NONE',  ( 12.49954207052147659, 17.33044428562128303, -0.1076962429820634282 ) ) ;
#4187 = CARTESIAN_POINT ( 'NONE',  ( 7.790406832195231779, 2.999999999999995559, -12.82271459402415026 ) ) ;
#4188 = ORIENTED_EDGE ( 'NONE', *, *, #1571, .T. ) ;
#4189 = CARTESIAN_POINT ( 'NONE',  ( -8.369027260026799198, 3.894656027646332674, 12.45005521205819043 ) ) ;
#4190 = CARTESIAN_POINT ( 'NONE',  ( -12.34941143199884017, 3.067136549718196381, -8.515940969790765536 ) ) ;
#4191 = DIRECTION ( 'NONE',  ( -7.105427357601001859E-15, 0.000000000000000000, 1.000000000000000000 ) ) ;
#4192 = CARTESIAN_POINT ( 'NONE',  ( -14.93844109617767657, 3.105261479425847959, -1.367056799069352957 ) ) ;
#4193 = DIRECTION ( 'NONE',  ( 0.000000000000000000, 0.000000000000000000, 1.000000000000000000 ) ) ;
#4194 = DIRECTION ( 'NONE',  ( 0.000000000000000000, 0.000000000000000000, -1.000000000000000000 ) ) ;
#4195 = CARTESIAN_POINT ( 'NONE',  ( 10.89759891132422709, 15.55953571197783170, -9.264501580313911688 ) ) ;
#4196 = FACE_OUTER_BOUND ( 'NONE', #6554, .T. ) ;
#4197 = EDGE_CURVE ( 'NONE', #7527, #6039, #4608, .T. ) ;
#4198 = CARTESIAN_POINT ( 'NONE',  ( -1.812984715944098379, 4.999999999999996447, 14.15555555555555323 ) ) ;
#4199 = CARTESIAN_POINT ( 'NONE',  ( -8.136905738161056334, 15.39308095162513901, 11.09379147799361220 ) ) ;
#4200 = CIRCLE ( 'NONE', #6512, 1.000000000000000888 ) ;
#4201 = CARTESIAN_POINT ( 'NONE',  ( 12.76922829793439185, 4.052630740461621528, -6.189477540278820911 ) ) ;
#4202 = CARTESIAN_POINT ( 'NONE',  ( -7.000000000000000888, 3.999999999999996447, -12.12435565298213902 ) ) ;
#4203 = ORIENTED_EDGE ( 'NONE', *, *, #2613, .T. ) ;
#4204 = CARTESIAN_POINT ( 'NONE',  ( 12.83025702358690090, 16.10833033166840522, 5.459251338031358536 ) ) ;
#4205 = CARTESIAN_POINT ( 'NONE',  ( -11.28608250894450826, 4.999999999999996447, 9.880503104665109504 ) ) ;
#4206 = ADVANCED_FACE ( 'NONE', ( #253 ), #7197, .T. ) ;
#4207 = AXIS2_PLACEMENT_3D ( 'NONE', #5995, #539, #5814 ) ;
#4208 = CARTESIAN_POINT ( 'NONE',  ( 1.200315500968225368, 3.067136549718231908, -14.95287450679232855 ) ) ;
#4209 = ORIENTED_EDGE ( 'NONE', *, *, #7371, .T. ) ;
#4210 = CARTESIAN_POINT ( 'NONE',  ( -11.87866946341450891, 16.85085737450805254, 5.826492595920609752 ) ) ;
#4211 = CARTESIAN_POINT ( 'NONE',  ( -1.605428125922285343, 4.401344754123211800, 14.17494954623251324 ) ) ;
#4212 = CARTESIAN_POINT ( 'NONE',  ( 6.822655380571365669, 17.01496715519875380, 11.10538866494345989 ) ) ;
#4213 = CARTESIAN_POINT ( 'NONE',  ( -7.499999999999990230, 4.003567649046301469, 11.90598573715173991 ) ) ;
#4214 = CARTESIAN_POINT ( 'NONE',  ( -8.618457196795294095, 13.76263167335937787, 11.33054048223468691 ) ) ;
#4215 = FACE_OUTER_BOUND ( 'NONE', #4466, .T. ) ;
#4216 = EDGE_CURVE ( 'NONE', #7305, #1598, #1418, .T. ) ;
#4217 = ORIENTED_EDGE ( 'NONE', *, *, #7545, .F. ) ;
#4218 = CARTESIAN_POINT ( 'NONE',  ( 5.618927694500208680, 4.524881317935713909, 13.11638347036147323 ) ) ;
#4219 = CARTESIAN_POINT ( 'NONE',  ( 0.1705799314679309342, 2.999999999931400207, 14.99999999999999822 ) ) ;
#4220 = ORIENTED_EDGE ( 'NONE', *, *, #7096, .F. ) ;
#4221 = CARTESIAN_POINT ( 'NONE',  ( 8.211154214463709522, 16.71832469119269149, 10.52844413324304007 ) ) ;
#4222 = CARTESIAN_POINT ( 'NONE',  ( -12.27317862954326344, 3.096679977797670791, -8.625210212140940413 ) ) ;
#4223 = CARTESIAN_POINT ( 'NONE',  ( -7.283411841060870806, 3.999560766178297921, -11.98339626061214602 ) ) ;
#4224 = ORIENTED_EDGE ( 'NONE', *, *, #1154, .F. ) ;
#4225 = CARTESIAN_POINT ( 'NONE',  ( -12.38477897301262054, 3.902453538974798963, -8.466307916594017158 ) ) ;
#4226 = CARTESIAN_POINT ( 'NONE',  ( 5.507686957097278402, 4.999999999999996447, 13.16556307376510127 ) ) ;
#4227 = CARTESIAN_POINT ( 'NONE',  ( 1.732437482217286329, 16.81363579182235313, 13.12874233373501376 ) ) ;
#4228 = CARTESIAN_POINT ( 'NONE',  ( -5.577506669573986997, 4.614372152007840455, -13.13502404074242946 ) ) ;
#4229 = CARTESIAN_POINT ( 'NONE',  ( -1.749855697232792995, 4.604426607162359630, -14.16462548862090287 ) ) ;
#4230 = DIRECTION ( 'NONE',  ( -0.000000000000000000, -1.000000000000000000, 0.000000000000000000 ) ) ;
#4231 = CARTESIAN_POINT ( 'NONE',  ( -5.507686957097260638, 12.99999999999999645, 13.16556307376510659 ) ) ;
#4232 = CARTESIAN_POINT ( 'NONE',  ( 1.150495484292057835, 15.99964016520267762, 13.35690207752231728 ) ) ;
#4233 = CARTESIAN_POINT ( 'NONE',  ( 13.52442721853794971, 3.902453538974522740, -6.492379252587163307 ) ) ;
#4234 = CARTESIAN_POINT ( 'NONE',  ( 6.915795871823826602, 2.994285338930128493, -13.31469382292627479 ) ) ;
#4235 = ORIENTED_EDGE ( 'NONE', *, *, #5313, .F. ) ;
#4236 = CARTESIAN_POINT ( 'NONE',  ( 13.58581402379444647, 16.30140306170818576, 2.211331989131707587 ) ) ;
#4237 = CARTESIAN_POINT ( 'NONE',  ( 11.29968544425633503, 17.04175505156319659, 6.427706391235019190 ) ) ;
#4238 = CARTESIAN_POINT ( 'NONE',  ( -12.12435565298213369, 3.999999999999996447, 7.000000000000009770 ) ) ;
#4239 = CARTESIAN_POINT ( 'NONE',  ( 0.9290270044371238267, 4.033568272321460313, -14.13827127161655461 ) ) ;
#4240 = ORIENTED_EDGE ( 'NONE', *, *, #1904, .F. ) ;
#4241 = CARTESIAN_POINT ( 'NONE',  ( -0.3950969483952490591, 3.997937849271231414, 14.03095902066377398 ) ) ;
#4242 = ADVANCED_FACE ( 'NONE', ( #5477 ), #2618, .F. ) ;
#4243 = CARTESIAN_POINT ( 'NONE',  ( -11.17585048314728979, 17.03660441534034931, 6.653526196138851212 ) ) ;
#4244 = CARTESIAN_POINT ( 'NONE',  ( 5.768785443225056930, 16.14461645573650017, 11.97910132574575925 ) ) ;
#4245 = CARTESIAN_POINT ( 'NONE',  ( -12.50737341019432947, 17.32506065368716008, 0.2252771197338855336 ) ) ;
#4246 = CARTESIAN_POINT ( 'NONE',  ( 14.27335657409373582, 15.40047773549967580, 1.947546588872846485 ) ) ;
#4247 = CARTESIAN_POINT ( 'NONE',  ( 5.542833822479530603, 14.08273162050472926, -13.83974260910978771 ) ) ;
#4248 = ORIENTED_EDGE ( 'NONE', *, *, #5496, .T. ) ;
#4249 = ORIENTED_EDGE ( 'NONE', *, *, #4053, .F. ) ;
#4250 = EDGE_CURVE ( 'NONE', #2460, #5210, #3317, .T. ) ;
#4251 = CARTESIAN_POINT ( 'NONE',  ( 0.000000000000000000, -1.046597125924626503, 0.000000000000000000 ) ) ;
#4252 = DIRECTION ( 'NONE',  ( 0.000000000000000000, 0.000000000000000000, 1.000000000000000000 ) ) ;
#4253 = ORIENTED_EDGE ( 'NONE', *, *, #648, .T. ) ;
#4254 = CARTESIAN_POINT ( 'NONE',  ( 5.708137817676032455, 17.26706329440288101, 11.24114334916060542 ) ) ;
#4255 = CARTESIAN_POINT ( 'NONE',  ( -6.859859678249295101, 3.999999999999996447, -12.20526570600984506 ) ) ;
#4256 = CARTESIAN_POINT ( 'NONE',  ( 14.06938859829305777, 4.003905949981416690, 0.5940292051308242449 ) ) ;
#4257 = ORIENTED_EDGE ( 'NONE', *, *, #7467, .T. ) ;
#4258 = DIRECTION ( 'NONE',  ( 0.000000000000000000, 0.000000000000000000, 1.000000000000000000 ) ) ;
#4259 = CARTESIAN_POINT ( 'NONE',  ( -11.74485893500189171, 4.052630740461623304, -7.963737322594959700 ) ) ;
#4260 = CARTESIAN_POINT ( 'NONE',  ( -4.934216562120155025, 4.366773803862666448, 14.16528503307116793 ) ) ;
#4261 = CARTESIAN_POINT ( 'NONE',  ( 1.584431641322509465, 16.27517960485689130, 13.71433387864076003 ) ) ;
#4262 = CARTESIAN_POINT ( 'NONE',  ( -12.25740571700328907, 3.999744730399715120, -6.791986602973337561 ) ) ;
#4263 = CARTESIAN_POINT ( 'NONE',  ( 0.000000000000000000, 16.00000000000000000, 0.000000000000000000 ) ) ;
#4264 = CARTESIAN_POINT ( 'NONE',  ( -9.880503104665100622, 12.99999999999999822, -11.28608250894451537 ) ) ;
#4265 = CARTESIAN_POINT ( 'NONE',  ( -7.865563421581169834, 15.79958987962643668, -11.01997605798451652 ) ) ;
#4266 = CARTESIAN_POINT ( 'NONE',  ( 12.77416332826650702, 15.03165809364156935, -5.511342071743306370 ) ) ;
#4267 = CARTESIAN_POINT ( 'NONE',  ( -5.802938343792950704, 17.29005908467787478, -11.14927655090303205 ) ) ;
#4268 = CARTESIAN_POINT ( 'NONE',  ( 14.14442632104384856, 4.215475591700884372, -4.994184175500344658 ) ) ;
#4269 = CARTESIAN_POINT ( 'NONE',  ( 14.19980794528324708, 4.999999999999996447, -4.833782609620621784 ) ) ;
#4270 = ORIENTED_EDGE ( 'NONE', *, *, #6725, .T. ) ;
#4271 = CARTESIAN_POINT ( 'NONE',  ( 13.00255038942368380, 16.93077057452699918, 1.564080919115826251 ) ) ;
#4272 = CARTESIAN_POINT ( 'NONE',  ( -1.812984715944100600, 3.999999999999996447, -14.15555555555555500 ) ) ;
#4273 = CARTESIAN_POINT ( 'NONE',  ( 5.012322974481856264, 16.71832469119269149, -12.37529021073875057 ) ) ;
#4274 = CARTESIAN_POINT ( 'NONE',  ( 1.812984716351403680, 4.918760237672620939, -14.15555555643000574 ) ) ;
#4275 = ORIENTED_EDGE ( 'NONE', *, *, #4072, .F. ) ;
#4276 = CYLINDRICAL_SURFACE ( 'NONE', #4521, 1.000000000000000000 ) ;
#4277 = CARTESIAN_POINT ( 'NONE',  ( -11.35400421931916348, 17.04080462639354465, 6.335706115410726369 ) ) ;
#4278 = CARTESIAN_POINT ( 'NONE',  ( 8.229324991265604794, 16.27517960485728921, 11.08474571422320842 ) ) ;
#4279 = CARTESIAN_POINT ( 'NONE',  ( -14.09534554197410650, 13.90480324426319569, 1.783903996805086933 ) ) ;
#4280 = CARTESIAN_POINT ( 'NONE',  ( 13.35671214268712070, 3.907900456521053556, 6.827827030295953392 ) ) ;
#4281 = AXIS2_PLACEMENT_3D ( 'NONE', #967, #5123, #6275 ) ;
#4282 = VERTEX_POINT ( 'NONE', #3596 ) ;
#4283 = ADVANCED_FACE ( 'NONE', ( #3014 ), #107, .F. ) ;
#4284 = ORIENTED_EDGE ( 'NONE', *, *, #2000, .F. ) ;
#4285 = FACE_OUTER_BOUND ( 'NONE', #4884, .T. ) ;
#4286 = FACE_OUTER_BOUND ( 'NONE', #7494, .T. ) ;
#4287 = AXIS2_PLACEMENT_3D ( 'NONE', #462, #6156, #4436 ) ;
#4288 = CARTESIAN_POINT ( 'NONE',  ( -10.99543832271901955, 15.98114689893981932, -7.691088018550173544 ) ) ;
#4289 = FACE_OUTER_BOUND ( 'NONE', #4389, .T. ) ;
#4290 = ORIENTED_EDGE ( 'NONE', *, *, #3184, .F. ) ;
#4291 = CARTESIAN_POINT ( 'NONE',  ( 11.28608250894451537, 13.54063028116372891, 9.880503104665097069 ) ) ;
#4292 = EDGE_CURVE ( 'NONE', #7105, #7174, #5951, .T. ) ;
#4293 = CARTESIAN_POINT ( 'NONE',  ( -6.520249916913393839, 4.003905949981411361, -12.48146254440245428 ) ) ;
#4294 = CARTESIAN_POINT ( 'NONE',  ( -7.500000000000000000, 3.999999999999996447, -12.99038105676657828 ) ) ;
#4295 = CARTESIAN_POINT ( 'NONE',  ( 14.15952631160783604, 4.063647738888660932, -1.070334184595506999 ) ) ;
#4296 = CARTESIAN_POINT ( 'NONE',  ( -14.99999999999999822, 2.999999999999996447, 0.3340813413526116382 ) ) ;
#4297 = CARTESIAN_POINT ( 'NONE',  ( -6.269980054202445530, 4.032479215937837758, 12.70407007359891161 ) ) ;
#4298 = CARTESIAN_POINT ( 'NONE',  ( -0.1573421432878245596, 16.46355971662036310, 13.00050057827102279 ) ) ;
#4299 = CARTESIAN_POINT ( 'NONE',  ( -14.89466674995229312, 4.283487441372430204, -1.879358871058376623 ) ) ;
#4300 = CARTESIAN_POINT ( 'NONE',  ( 8.770795430931451975, 15.50732118243873181, -11.35186650922025287 ) ) ;
#4301 = CARTESIAN_POINT ( 'NONE',  ( 7.660626108157976510, 4.008811356518029889, 11.85308776604701109 ) ) ;
#4302 = CARTESIAN_POINT ( 'NONE',  ( -6.836574102173944567, 16.42786290564318463, -11.10214687039138504 ) ) ;
#4303 = CARTESIAN_POINT ( 'NONE',  ( 13.20599753058941062, 16.21554403901579633, 0.8881167264763493163 ) ) ;
#4304 = CARTESIAN_POINT ( 'NONE',  ( -11.28608250894451004, 13.54176985573761449, 9.880503104665109504 ) ) ;
#4305 = CARTESIAN_POINT ( 'NONE',  ( 6.029639219047524534, 3.198062733046426853, -13.73568016460669305 ) ) ;
#4306 = VERTEX_POINT ( 'NONE', #4373 ) ;
#4307 = CARTESIAN_POINT ( 'NONE',  ( 13.16713736431498027, 16.26662723198569793, 0.8034688498632208686 ) ) ;
#4308 = CYLINDRICAL_SURFACE ( 'NONE', #3466, 1.000000000000000000 ) ;
#4309 = CARTESIAN_POINT ( 'NONE',  ( 7.263613547905532819, 17.17617608777599614, -10.48368589859871669 ) ) ;
#4310 = AXIS2_PLACEMENT_3D ( 'NONE', #710, #3039, #130 ) ;
#4311 = CARTESIAN_POINT ( 'NONE',  ( -1.812984715455407070, 4.918749111901015603, -14.15555555450635161 ) ) ;
#4312 = ORIENTED_EDGE ( 'NONE', *, *, #6486, .F. ) ;
#4313 = CARTESIAN_POINT ( 'NONE',  ( -10.78969358428677872, 15.90511541514491967, 9.043121237864117035 ) ) ;
#4314 = CARTESIAN_POINT ( 'NONE',  ( 5.269348156693456353, 3.769298623094741174, 14.04451778702817677 ) ) ;
#4315 = CARTESIAN_POINT ( 'NONE',  ( -13.08250958815084886, 16.37135068137267169, 0.5877751087582628875 ) ) ;
#4316 = AXIS2_PLACEMENT_3D ( 'NONE', #7167, #3663, #3874 ) ;
#4317 = CARTESIAN_POINT ( 'NONE',  ( 12.76623225174660092, 4.051461718327654893, 6.193333307668931198 ) ) ;
#4318 = B_SPLINE_CURVE_WITH_KNOTS ( 'NONE', 3,
 ( #6733, #7301, #6187, #6120, #6769, #5546, #1957, #2106 ),
 .UNSPECIFIED., .F., .F.,
 ( 4, 2, 2, 4 ),
 ( 0.001476356384911036487, 0.001923908594471742881, 0.002147684699252096728, 0.002371460804032450576 ),
 .UNSPECIFIED. ) ;
#4319 = DIRECTION ( 'NONE',  ( -0.000000000000000000, 1.000000000000000000, -0.000000000000000000 ) ) ;
#4320 = ORIENTED_EDGE ( 'NONE', *, *, #5445, .T. ) ;
#4321 = AXIS2_PLACEMENT_3D ( 'NONE', #2836, #5159, #2266 ) ;
#4322 = DIRECTION ( 'NONE',  ( 0.000000000000000000, 0.000000000000000000, 1.000000000000000000 ) ) ;
#4323 = CARTESIAN_POINT ( 'NONE',  ( 14.19980794528325063, 4.999999999999996447, 4.833782609620612014 ) ) ;
#4324 = CARTESIAN_POINT ( 'NONE',  ( 0.6814814786791951740, 3.007541301891202057, 14.98547865873362994 ) ) ;
#4325 = VECTOR ( 'NONE', #7228, 1000.000000000000000 ) ;
#4326 = CARTESIAN_POINT ( 'NONE',  ( 14.99697711121049970, 3.977039156128710840, -0.3358694275462913437 ) ) ;
#4327 = CARTESIAN_POINT ( 'NONE',  ( -4.854228358773075236, 4.678312227110531296, -14.19289401174505727 ) ) ;
#4328 = CARTESIAN_POINT ( 'NONE',  ( 14.17137273547490928, 4.467215551782220295, 1.654057780706446268 ) ) ;
#4329 = ORIENTED_EDGE ( 'NONE', *, *, #7044, .F. ) ;
#4330 = CARTESIAN_POINT ( 'NONE',  ( -12.81825726170320046, 3.976587152145287796, -7.791966415364300680 ) ) ;
#4331 = CARTESIAN_POINT ( 'NONE',  ( -6.447445540418697441, 3.064958436848806311, 13.54470590178327782 ) ) ;
#4332 = CARTESIAN_POINT ( 'NONE',  ( 2.119636405332108176, 14.08273162050496019, 14.75698559256729148 ) ) ;
#4333 = CARTESIAN_POINT ( 'NONE',  ( -14.86807140902945967, 4.808246761477583675, -2.131350518151290174 ) ) ;
#4334 = EDGE_CURVE ( 'NONE', #6331, #2990, #5968, .T. ) ;
#4335 = CARTESIAN_POINT ( 'NONE',  ( -1.070334184595506333, 4.063647738888661820, -14.15952631160783604 ) ) ;
#4336 = CARTESIAN_POINT ( 'NONE',  ( -5.705505583935087444, 16.04144829552177143, -12.09828971380361828 ) ) ;
#4337 = CARTESIAN_POINT ( 'NONE',  ( 12.95536764865291879, 14.54162390953169215, -5.499610408097368897 ) ) ;
#4338 = DIRECTION ( 'NONE',  ( 1.000000000000000000, -0.000000000000000000, 1.224646799147353207E-16 ) ) ;
#4339 = CARTESIAN_POINT ( 'NONE',  ( 1.070334184595508109, 4.063647738888660932, 14.15952631160783604 ) ) ;
#4340 = ADVANCED_FACE ( 'NONE', ( #2705 ), #175, .T. ) ;
#4341 = CARTESIAN_POINT ( 'NONE',  ( -1.802782297735507910, 4.839156113676598814, 14.15682682999876185 ) ) ;
#4342 = CARTESIAN_POINT ( 'NONE',  ( 5.888895256747365359, 3.264955391823474162, -13.79645725857617222 ) ) ;
#4343 = ORIENTED_EDGE ( 'NONE', *, *, #5701, .T. ) ;
#4344 = CARTESIAN_POINT ( 'NONE',  ( 8.045895536473016918, 3.928673933946977836, -12.66045427126304013 ) ) ;
#4345 = B_SPLINE_CURVE_WITH_KNOTS ( 'NONE', 3,
 ( #5067, #7513, #4007, #2284, #6210, #1556, #412, #1639, #2250, #3470, #3974, #5182, #7398, #5725, #4613, #2169, #5217, #6945, #1713, #4581, #6291, #1025, #4041, #4497, #5144, #2890, #6829, #6252, #7478, #6913, #5330, #1821 ),
 .UNSPECIFIED., .F., .F.,
 ( 4, 2, 2, 2, 2, 2, 2, 2, 2, 2, 2, 2, 2, 2, 2, 4 ),
 ( 0.000000000000000000, 0.001151124732941967866, 0.002302249465883935732, 0.002877811832354917713, 0.003453374198825896659, 0.004028936565296876472, 0.004316717748532364861, 0.004604498931767854117, 0.004892280115003342505, 0.005180061298238831761, 0.005467842481474320150, 0.005755623664709810273, 0.006331186031180783581, 0.006906748397651761226, 0.008057873130593728658, 0.009208997863535696091 ),
 .UNSPECIFIED. ) ;
#4346 = DIRECTION ( 'NONE',  ( 0.000000000000000000, 0.000000000000000000, 1.000000000000000000 ) ) ;
#4347 = CARTESIAN_POINT ( 'NONE',  ( -2.585191681029241018, 3.932679644397177654, -14.77577431223028093 ) ) ;
#4348 = ORIENTED_EDGE ( 'NONE', *, *, #971, .T. ) ;
#4349 = CARTESIAN_POINT ( 'NONE',  ( -11.67283317629065209, 14.34089593620455894, 9.168855999849037985 ) ) ;
#4350 = CARTESIAN_POINT ( 'NONE',  ( 9.880503104665104175, 12.99999999999999822, 11.28608250894451004 ) ) ;
#4351 = CARTESIAN_POINT ( 'NONE',  ( 2.864667622864449203, 14.11976560169279082, -14.60276031579855882 ) ) ;
#4352 = CARTESIAN_POINT ( 'NONE',  ( -5.502401436108387500, 13.94572114180166089, -13.09265172911979924 ) ) ;
#4353 = DIRECTION ( 'NONE',  ( 7.871877887341989994E-17, 0.7660444431189777914, -0.6427876096865396960 ) ) ;
#4354 = EDGE_LOOP ( 'NONE', ( #3517, #6826, #6722, #7466 ) ) ;
#4355 = CARTESIAN_POINT ( 'NONE',  ( -12.99972950651184789, 16.46439443573021322, 0.08923821285193180020 ) ) ;
#4356 = CARTESIAN_POINT ( 'NONE',  ( -12.12435565298213369, 3.999999999999996447, 7.000000000000009770 ) ) ;
#4357 = CARTESIAN_POINT ( 'NONE',  ( 14.13996336390421860, 4.186732713191919864, 5.006887361964766470 ) ) ;
#4358 = CARTESIAN_POINT ( 'NONE',  ( 0.000000000000000000, 12.99999999999999822, 0.000000000000000000 ) ) ;
#4359 = CARTESIAN_POINT ( 'NONE',  ( 11.28608250894451892, 12.99999999999999822, 9.880503104665095293 ) ) ;
#4360 = CARTESIAN_POINT ( 'NONE',  ( -6.200578846650448561, 3.984706786667267409, -13.66403904409242109 ) ) ;
#4361 = DIRECTION ( 'NONE',  ( -0.8660254037844390407, 0.000000000000000000, -0.4999999999999992784 ) ) ;
#4362 = ORIENTED_EDGE ( 'NONE', *, *, #2184, .F. ) ;
#4363 = DIRECTION ( 'NONE',  ( -0.000000000000000000, 1.000000000000000000, -0.000000000000000000 ) ) ;
#4364 = CARTESIAN_POINT ( 'NONE',  ( -6.861206263002934236, 3.999999999999996447, 12.20448825481041588 ) ) ;
#4365 = CARTESIAN_POINT ( 'NONE',  ( -0.2458473362327014966, 17.32944964589888670, 12.50097769225863331 ) ) ;
#4366 = CARTESIAN_POINT ( 'NONE',  ( -14.87354581140003162, 4.622770957791481727, -2.080652912303309066 ) ) ;
#4367 = CARTESIAN_POINT ( 'NONE',  ( 8.082919602111511281, 3.007541301891237140, 12.63706446699332631 ) ) ;
#4368 = CARTESIAN_POINT ( 'NONE',  ( 13.15804751950900453, 2.999999999999996447, -7.209593167804769998 ) ) ;
#4369 = CARTESIAN_POINT ( 'NONE',  ( -6.668375429921163722, 17.30235213935360861, -10.62961605351821071 ) ) ;
#4370 = EDGE_CURVE ( 'NONE', #7012, #692, #5139, .T. ) ;
#4371 = CARTESIAN_POINT ( 'NONE',  ( -4.926093210164688152, 16.49948735465800453, 12.65436945126938362 ) ) ;
#4372 = LINE ( 'NONE', #2548, #7091 ) ;
#4373 = CARTESIAN_POINT ( 'NONE',  ( -14.15555555555555500, 4.999999999999996447, -1.812984715944100822 ) ) ;
#4374 = CARTESIAN_POINT ( 'NONE',  ( -14.15555555555555500, 4.999999999999996447, 1.812984715944100822 ) ) ;
#4375 = EDGE_LOOP ( 'NONE', ( #5570, #6216, #2786, #3683 ) ) ;
#4376 = DIRECTION ( 'NONE',  ( -0.000000000000000000, -1.000000000000000000, -0.000000000000000000 ) ) ;
#4377 = CARTESIAN_POINT ( 'NONE',  ( 7.523871480653261834, 17.08425122492148063, -10.46876664831398962 ) ) ;
#4378 = EDGE_CURVE ( 'NONE', #2183, #5919, #4782, .T. ) ;
#4379 = CARTESIAN_POINT ( 'NONE',  ( -1.014489923333442345, 3.894580777457529397, -14.96709569344606194 ) ) ;
#4380 = ORIENTED_EDGE ( 'NONE', *, *, #6381, .T. ) ;
#4381 = DIRECTION ( 'NONE',  ( -0.000000000000000000, -1.000000000000000000, -0.000000000000000000 ) ) ;
#4382 = CARTESIAN_POINT ( 'NONE',  ( 4.942069876338670120, 4.343291071816128834, 14.16255675161319516 ) ) ;
#4383 = ORIENTED_EDGE ( 'NONE', *, *, #2375, .F. ) ;
#4384 = CARTESIAN_POINT ( 'NONE',  ( 12.36702681370018553, 3.061395714370280796, 8.490253752630300355 ) ) ;
#4385 = CARTESIAN_POINT ( 'NONE',  ( 13.61700072273518813, 3.102923436545204083, 6.293133214648035434 ) ) ;
#4386 = ADVANCED_FACE ( 'NONE', ( #448 ), #7511, .F. ) ;
#4387 = AXIS2_PLACEMENT_3D ( 'NONE', #59, #3004, #5324 ) ;
#4388 = CARTESIAN_POINT ( 'NONE',  ( 1.040949779275250140E-15, -2.000000000000000000, -8.500000000000000000 ) ) ;
#4389 = EDGE_LOOP ( 'NONE', ( #4224, #314, #991, #1944 ) ) ;
#4390 = B_SPLINE_CURVE_WITH_KNOTS ( 'NONE', 3,
 ( #558, #2400, #7090, #1747 ),
 .UNSPECIFIED., .F., .F.,
 ( 4, 4 ),
 ( 0.000000000000000000, 0.001414612288203158375 ),
 .UNSPECIFIED. ) ;
#4391 = DIRECTION ( 'NONE',  ( 0.000000000000000000, -1.000000000000000000, 0.000000000000000000 ) ) ;
#4392 = CARTESIAN_POINT ( 'NONE',  ( -13.61341646216382451, 14.83240756451487030, 5.487440575307385160 ) ) ;
#4393 = CARTESIAN_POINT ( 'NONE',  ( -7.263613547905525714, 17.17617608777598903, 10.48368589859871847 ) ) ;
#4394 = CARTESIAN_POINT ( 'NONE',  ( 13.73568016460669305, 3.198062733046426853, 6.029639219047524534 ) ) ;
#4395 = DIRECTION ( 'NONE',  ( 0.000000000000000000, 1.000000000000000000, 0.000000000000000000 ) ) ;
#4396 = CIRCLE ( 'NONE', #4159, 15.00000000000000000 ) ;
#4397 = AXIS2_PLACEMENT_3D ( 'NONE', #1337, #5387, #2525 ) ;
#4398 = CARTESIAN_POINT ( 'NONE',  ( -11.50360007446232125, 3.932679644397246932, 9.626728825538686252 ) ) ;
#4399 = CARTESIAN_POINT ( 'NONE',  ( 14.99691962856143945, 3.976587152145073301, 0.3389122302890700822 ) ) ;
#4400 = CIRCLE ( 'NONE', #6226, 1.000000000000000888 ) ;
#4401 = LINE ( 'NONE', #6662, #2208 ) ;
#4402 = AXIS2_PLACEMENT_3D ( 'NONE', #2137, #5534, #4960 ) ;
#4403 = CARTESIAN_POINT ( 'NONE',  ( 8.329678831305743714, 14.97788600782064705, -11.16957655900753110 ) ) ;
#4404 = CARTESIAN_POINT ( 'NONE',  ( -2.719477073916150900, 12.99999999999999822, -13.73333333333333250 ) ) ;
#4405 = CARTESIAN_POINT ( 'NONE',  ( -14.19980794528324530, 12.99999999999999822, 4.833782609620626225 ) ) ;
#4406 = CARTESIAN_POINT ( 'NONE',  ( 5.554211726779418434, 4.683386901737481622, -13.14537582726216414 ) ) ;
#4407 = CARTESIAN_POINT ( 'NONE',  ( -12.18643605401519281, 3.999999999999996447, -6.892473591256502274 ) ) ;
#4408 = CARTESIAN_POINT ( 'NONE',  ( 11.33662983478211039, 13.64989080648309105, -8.626125618230213732 ) ) ;
#4409 = CARTESIAN_POINT ( 'NONE',  ( 1.345336453523578557, 4.176876435823658973, -14.18012017722443474 ) ) ;
#4410 = CARTESIAN_POINT ( 'NONE',  ( -6.822655380571363004, 17.01496715519855840, -11.10538866494346166 ) ) ;
#4411 = CARTESIAN_POINT ( 'NONE',  ( 11.95569846140270087, 16.80948711538515994, -5.775954959214438134 ) ) ;
#4412 = CARTESIAN_POINT ( 'NONE',  ( -7.493756013627293378, 17.08802487472235754, -10.47611640602090155 ) ) ;
#4413 = CARTESIAN_POINT ( 'NONE',  ( -12.70407007359876772, 4.032479215937834205, -6.269980054202523689 ) ) ;
#4414 = DIRECTION ( 'NONE',  ( 0.000000000000000000, 0.000000000000000000, -1.000000000000000000 ) ) ;
#4415 = CARTESIAN_POINT ( 'NONE',  ( -2.763049482195384154, 14.83765751968489788, -14.39495115136263692 ) ) ;
#4416 = UNCERTAINTY_MEASURE_WITH_UNIT (LENGTH_MEASURE( 1.000000000000000082E-05 ), #4055, 'distance_accuracy_value', 'NONE');
#4417 = ORIENTED_EDGE ( 'NONE', *, *, #2835, .F. ) ;
#4418 = EDGE_CURVE ( 'NONE', #2518, #1486, #2869, .T. ) ;
#4419 = CARTESIAN_POINT ( 'NONE',  ( 8.158588059813586923, 3.907067251463701041, -12.58804710137196103 ) ) ;
#4420 = CARTESIAN_POINT ( 'NONE',  ( 9.299366067238029387, 15.55649591536800536, -10.90142822481132434 ) ) ;
#4421 = CARTESIAN_POINT ( 'NONE',  ( 2.747122793360324611, 4.215475591700884372, -14.74652460373142659 ) ) ;
#4422 = ORIENTED_EDGE ( 'NONE', *, *, #1872, .T. ) ;
#4423 = CARTESIAN_POINT ( 'NONE',  ( -13.76155985353909017, 15.08930232780941871, 4.799360541889949872 ) ) ;
#4424 = CARTESIAN_POINT ( 'NONE',  ( -11.21259241844621002, 14.13100405513716495, 9.780249148951014604 ) ) ;
#4425 = CARTESIAN_POINT ( 'NONE',  ( 6.913657451678343335, 2.994094911299064687, 13.31586965316880189 ) ) ;
#4426 = ORIENTED_EDGE ( 'NONE', *, *, #3394, .T. ) ;
#4427 = CARTESIAN_POINT ( 'NONE',  ( 1.681148059118251936, 14.74415884604111326, -13.91382181467921697 ) ) ;
#4428 = EDGE_CURVE ( 'NONE', #1073, #5896, #2248, .T. ) ;
#4429 = DIRECTION ( 'NONE',  ( 0.000000000000000000, -1.000000000000000000, 0.000000000000000000 ) ) ;
#4430 = AXIS2_PLACEMENT_3D ( 'NONE', #2723, #2791, #6374 ) ;
#4431 = CARTESIAN_POINT ( 'NONE',  ( 0.000000000000000000, -2.000000000000000000, 8.500000000000000000 ) ) ;
#4432 = ORIENTED_EDGE ( 'NONE', *, *, #1353, .T. ) ;
#4433 = CARTESIAN_POINT ( 'NONE',  ( 2.563689962508007625, 3.901733890749975231, -14.77954536690817022 ) ) ;
#4434 = CARTESIAN_POINT ( 'NONE',  ( -11.82969226874961777, 4.014779309274780772, 7.731024673472116859 ) ) ;
#4435 = CARTESIAN_POINT ( 'NONE',  ( 7.499999999999997335, 2.999999999999996447, -12.99038105676658184 ) ) ;
#4436 = DIRECTION ( 'NONE',  ( 0.000000000000000000, 0.000000000000000000, -1.000000000000000000 ) ) ;
#4437 = EDGE_CURVE ( 'NONE', #3003, #1189, #3929, .T. ) ;
#4438 = CARTESIAN_POINT ( 'NONE',  ( 9.200385287461950057, 15.65594707400752839, -10.86678464716039549 ) ) ;
#4439 = CARTESIAN_POINT ( 'NONE',  ( -11.28608250894450649, 4.999999999999995559, 9.880503104665109504 ) ) ;
#4440 = AXIS2_PLACEMENT_3D ( 'NONE', #7351, #2235, #1624 ) ;
#4441 = CARTESIAN_POINT ( 'NONE',  ( -5.954797409725732571, 4.142845021969491448, -13.77768802533365289 ) ) ;
#4442 = CARTESIAN_POINT ( 'NONE',  ( -5.653230310318372531, 4.467215551782196314, -13.09979768577263748 ) ) ;
#4443 = CARTESIAN_POINT ( 'NONE',  ( -1.818374091520289726, 15.81384338419808522, 14.03596340637358431 ) ) ;
#4444 = ORIENTED_EDGE ( 'NONE', *, *, #6633, .T. ) ;
#4445 = CARTESIAN_POINT ( 'NONE',  ( -8.673617379884035472E-16, 4.999999999999996447, -15.00000000000000000 ) ) ;
#4446 = DIRECTION ( 'NONE',  ( 0.000000000000000000, 0.000000000000000000, -1.000000000000000000 ) ) ;
#4447 = CARTESIAN_POINT ( 'NONE',  ( 2.428612866367529932E-15, 2.999999999999996447, 13.99999999999999822 ) ) ;
#4448 = CARTESIAN_POINT ( 'NONE',  ( 6.497743808341039262, 3.901731976069201746, -13.52181228253360779 ) ) ;
#4449 = CARTESIAN_POINT ( 'NONE',  ( -14.74663051908748201, 4.214198939173035896, 2.746563468617594150 ) ) ;
#4450 = TOROIDAL_SURFACE ( 'NONE', #3975, 0.9999999999999986677, 1.000000000000000000 ) ;
#4451 = CARTESIAN_POINT ( 'NONE',  ( 0.000000000000000000, 12.00000000000000000, 0.000000000000000000 ) ) ;
#4452 = CARTESIAN_POINT ( 'NONE',  ( -13.73333333333333250, 4.999999999999996447, 2.719477073916150900 ) ) ;
#4453 = CARTESIAN_POINT ( 'NONE',  ( -8.592578950132788052, 13.90480324426319569, -11.31497531606672347 ) ) ;
#4454 = DIRECTION ( 'NONE',  ( 0.000000000000000000, 0.000000000000000000, 1.000000000000000000 ) ) ;
#4455 = CARTESIAN_POINT ( 'NONE',  ( 12.67238372010071679, 16.48407345658115375, -4.921429083350612466 ) ) ;
#4456 = CYLINDRICAL_SURFACE ( 'NONE', #621, 15.00000000000000000 ) ;
#4457 = CARTESIAN_POINT ( 'NONE',  ( -13.86420139960368125, 4.361631949948358233, -5.763069931406141322 ) ) ;
#4458 = CARTESIAN_POINT ( 'NONE',  ( -9.221802897687425116, -2.000000000000000000, -10.53367700834821363 ) ) ;
#4459 = ORIENTED_EDGE ( 'NONE', *, *, #1680, .T. ) ;
#4460 = CARTESIAN_POINT ( 'NONE',  ( 8.607276093360152203, 4.684012049476082851, -11.38266442241520338 ) ) ;
#4461 = CARTESIAN_POINT ( 'NONE',  ( 7.500000000000191847, 4.003567649046306798, 11.90598573715166886 ) ) ;
#4462 = CARTESIAN_POINT ( 'NONE',  ( 8.072965158353987647, 2.994285338930129381, 12.64660182385012099 ) ) ;
#4463 = ORIENTED_EDGE ( 'NONE', *, *, #1197, .F. ) ;
#4464 = CARTESIAN_POINT ( 'NONE',  ( -11.16992021781006450, 14.40389851827497480, 9.720310283619436831 ) ) ;
#4465 = CARTESIAN_POINT ( 'NONE',  ( 12.45464012973034684, 3.894580777457564036, -8.362121892213190577 ) ) ;
#4466 = EDGE_LOOP ( 'NONE', ( #4122, #5160, #3499 ) ) ;
#4467 = CARTESIAN_POINT ( 'NONE',  ( -8.502858842989148513, 4.425746052527240515, 11.45670239305015770 ) ) ;
#4468 = CARTESIAN_POINT ( 'NONE',  ( 14.21640249282014246, 15.50732118243862701, 1.919798399972874048 ) ) ;
#4469 = CARTESIAN_POINT ( 'NONE',  ( 11.08937075647922832, 16.26117027160149675, 8.243157104514681421 ) ) ;
#4470 = CARTESIAN_POINT ( 'NONE',  ( -0.3389122302890625327, 3.976587152145144799, 14.99691962856143590 ) ) ;
#4471 = CARTESIAN_POINT ( 'NONE',  ( 11.35257835782100599, 12.99999999999999822, 8.647868598458279266 ) ) ;
#4472 = VERTEX_POINT ( 'NONE', #1248 ) ;
#4473 = EDGE_CURVE ( 'NONE', #6257, #4767, #5874, .T. ) ;
#4474 = CARTESIAN_POINT ( 'NONE',  ( -11.85979707659787685, 4.008548059588028067, 7.637215013118392903 ) ) ;
#4475 = CARTESIAN_POINT ( 'NONE',  ( -8.880628351283652577, 3.198062733046428185, -12.08966082165346378 ) ) ;
#4476 = CARTESIAN_POINT ( 'NONE',  ( 0.000000000000000000, 7.000000000000000000, 0.000000000000000000 ) ) ;
#4477 = DIRECTION ( 'NONE',  ( 1.734723475976807489E-15, 0.000000000000000000, 1.000000000000000000 ) ) ;
#4478 = CARTESIAN_POINT ( 'NONE',  ( 11.12737602747620969, 17.30111769636926411, 5.813257476685428138 ) ) ;
#4479 = CARTESIAN_POINT ( 'NONE',  ( -12.64660182385011744, 2.994285338930128049, 8.072965158353994752 ) ) ;
#4480 = CARTESIAN_POINT ( 'NONE',  ( -2.904238491937386257, 13.56600332138710030, 14.69149352146347631 ) ) ;
#4481 = EDGE_CURVE ( 'NONE', #7039, #7450, #2683, .T. ) ;
#4482 = CARTESIAN_POINT ( 'NONE',  ( 0.7288080003983160582, 16.30690729021736374, -13.13557528377342010 ) ) ;
#4483 = CARTESIAN_POINT ( 'NONE',  ( 6.523952122674373300, 4.003770645890960544, -12.47817080751052465 ) ) ;
#4484 = CARTESIAN_POINT ( 'NONE',  ( -14.15254809445918660, 4.051461718327670880, 1.019532147327701255 ) ) ;
#4485 = DIRECTION ( 'NONE',  ( 0.000000000000000000, 0.000000000000000000, 1.000000000000000000 ) ) ;
#4486 = CARTESIAN_POINT ( 'NONE',  ( -1.724689819007300118, 14.51474393080220970, -13.98438321870164991 ) ) ;
#4487 = CARTESIAN_POINT ( 'NONE',  ( -11.08937075647922477, 16.26117027160110240, -8.243157104514478917 ) ) ;
#4488 = CARTESIAN_POINT ( 'NONE',  ( -13.09887931287210705, 13.90480324426319747, -5.502766591841269594 ) ) ;
#4489 = EDGE_CURVE ( 'NONE', #6816, #7551, #3008, .T. ) ;
#4490 = CARTESIAN_POINT ( 'NONE',  ( 11.63730412864092756, 17.12778597774543954, -5.384992396457755959 ) ) ;
#4491 = CARTESIAN_POINT ( 'NONE',  ( -8.805938006003103169, 16.19641629605644439, -10.69495175088724181 ) ) ;
#4492 = CARTESIAN_POINT ( 'NONE',  ( -12.56084070158278898, 4.008811356518031666, -6.434762064604214515 ) ) ;
#4493 = CARTESIAN_POINT ( 'NONE',  ( -2.913725436338732599, 4.999999999999996447, -14.71428571428571352 ) ) ;
#4494 = VERTEX_POINT ( 'NONE', #792 ) ;
#4495 = CARTESIAN_POINT ( 'NONE',  ( 12.99038105676658184, 4.999999999999996447, 7.499999999999996447 ) ) ;
#4496 = CARTESIAN_POINT ( 'NONE',  ( 9.266352312794225554, 3.463178456121530857, -11.79640656436473378 ) ) ;
#4497 = CARTESIAN_POINT ( 'NONE',  ( 5.678938320289864450, 15.99296674015738340, 12.14943495137008256 ) ) ;
#4498 = DIRECTION ( 'NONE',  ( -0.000000000000000000, 1.000000000000000000, -0.000000000000000000 ) ) ;
#4499 = VERTEX_POINT ( 'NONE', #754 ) ;
#4500 = CARTESIAN_POINT ( 'NONE',  ( -2.913725436338733044, 4.830546773239267289, -14.71428571428571530 ) ) ;
#4501 = CARTESIAN_POINT ( 'NONE',  ( 11.35257835715643715, 4.918749111901025373, -8.647868597510074196 ) ) ;
#4502 = VERTEX_POINT ( 'NONE', #5408 ) ;
#4503 = CARTESIAN_POINT ( 'NONE',  ( -13.25315408226436098, 12.99999999999999822, 5.511530435645918047 ) ) ;
#4504 = CARTESIAN_POINT ( 'NONE',  ( 1.646019342953225717, 3.198062733046427297, 14.91026757033117711 ) ) ;
#4505 = CARTESIAN_POINT ( 'NONE',  ( -11.06173004929345716, 15.56139645840793762, 8.042481008307063917 ) ) ;
#4506 = ORIENTED_EDGE ( 'NONE', *, *, #7044, .T. ) ;
#4507 = CARTESIAN_POINT ( 'NONE',  ( -2.018442527704825018, 15.08037049037489119, -14.43110154413237822 ) ) ;
#4508 = DIRECTION ( 'NONE',  ( -0.000000000000000000, -1.000000000000000000, -0.000000000000000000 ) ) ;
#4509 = CARTESIAN_POINT ( 'NONE',  ( -10.90142822481132256, 15.55649591536800180, -9.299366067238029387 ) ) ;
#4510 = CARTESIAN_POINT ( 'NONE',  ( 6.440191516407127281, 16.46435542854597500, -11.29258996243494551 ) ) ;
#4511 = EDGE_CURVE ( 'NONE', #2518, #5907, #3099, .T. ) ;
#4512 = FACE_OUTER_BOUND ( 'NONE', #5229, .T. ) ;
#4513 = CIRCLE ( 'NONE', #630, 1.000000000000000000 ) ;
#4514 = CARTESIAN_POINT ( 'NONE',  ( -11.28608250894450826, 4.999999999999996447, 9.880503104665109504 ) ) ;
#4515 = CARTESIAN_POINT ( 'NONE',  ( -9.221802897687425116, 12.99999999999999822, -11.53367700834821363 ) ) ;
#4516 = CARTESIAN_POINT ( 'NONE',  ( 12.81825726170334789, 3.976587152145503179, 7.791966415364290910 ) ) ;
#4517 = CARTESIAN_POINT ( 'NONE',  ( -2.405973638386228884E-14, 16.46410161513774995, -13.00000000000000178 ) ) ;
#4518 = CIRCLE ( 'NONE', #983, 15.00000000000000000 ) ;
#4519 = FACE_OUTER_BOUND ( 'NONE', #3030, .T. ) ;
#4520 = CARTESIAN_POINT ( 'NONE',  ( 13.16556307376510304, 4.999999999999996447, 5.507686957097267744 ) ) ;
#4521 = AXIS2_PLACEMENT_3D ( 'NONE', #808, #194, #1382 ) ;
#4522 = CARTESIAN_POINT ( 'NONE',  ( 2.144203077510814737, 12.99999999999999645, 14.86666666666666359 ) ) ;
#4523 = CARTESIAN_POINT ( 'NONE',  ( -14.98547865873362994, 3.007541301891202057, 0.6814814786791935086 ) ) ;
#4524 = ORIENTED_EDGE ( 'NONE', *, *, #3049, .T. ) ;
#4525 = EDGE_CURVE ( 'NONE', #3067, #2909, #409, .T. ) ;
#4526 = DIRECTION ( 'NONE',  ( 0.000000000000000000, 0.000000000000000000, -1.000000000000000000 ) ) ;
#4527 = CARTESIAN_POINT ( 'NONE',  ( 13.60624047146665028, 3.096679977797670347, -6.316279372298280848 ) ) ;
#4528 = CARTESIAN_POINT ( 'NONE',  ( -11.78580921560651973, 13.54305173103448467, -9.275500598738084079 ) ) ;
#4529 = AXIS2_PLACEMENT_3D ( 'NONE', #330, #7348, #2155 ) ;
#4530 = CIRCLE ( 'NONE', #1367, 1.000000000000000888 ) ;
#4531 = CARTESIAN_POINT ( 'NONE',  ( -13.07753992222499129, 16.86133510028686544, 1.669260990359775265 ) ) ;
#4532 = CARTESIAN_POINT ( 'NONE',  ( -13.77687880765587991, 14.34089593620476499, -5.524542064880836101 ) ) ;
#4533 = CARTESIAN_POINT ( 'NONE',  ( 12.59366281644366836, 15.39308095162503953, -5.539052375149247531 ) ) ;
#4534 = CARTESIAN_POINT ( 'NONE',  ( -11.23342783744548079, 14.59771498944551027, -8.462803269805094786 ) ) ;
#4535 = CARTESIAN_POINT ( 'NONE',  ( -8.211154214463707746, 16.71832469119268438, -10.52844413324304185 ) ) ;
#4536 = DIRECTION ( 'NONE',  ( 8.881784197001254296E-16, 0.000000000000000000, 1.000000000000000000 ) ) ;
#4537 = AXIS2_PLACEMENT_3D ( 'NONE', #7307, #2073, #7237 ) ;
#4538 = DIRECTION ( 'NONE',  ( -0.5000000000000006661, 0.000000000000000000, -0.8660254037844382635 ) ) ;
#4539 = AXIS2_PLACEMENT_3D ( 'NONE', #7333, #3789, #6763 ) ;
#4540 = CARTESIAN_POINT ( 'NONE',  ( -13.31469382292627479, 2.994285338930128937, -6.915795871823825713 ) ) ;
#4541 = CARTESIAN_POINT ( 'NONE',  ( 8.198282368523216235, 4.143710939356542333, -11.63749310509613188 ) ) ;
#4542 = CARTESIAN_POINT ( 'NONE',  ( 2.913725436338737484, 13.54063205933656278, 14.71428571428571530 ) ) ;
#4543 = CARTESIAN_POINT ( 'NONE',  ( 9.880503104665104175, 4.830546773239265512, 11.28608250894451359 ) ) ;
#4544 = CARTESIAN_POINT ( 'NONE',  ( -14.83516400972701454, 3.536346359595049726, -2.220904921670407539 ) ) ;
#4545 = LINE ( 'NONE', #6519, #3421 ) ;
#4546 = CARTESIAN_POINT ( 'NONE',  ( 11.53527474960982602, 4.281826903305181453, -8.379904285526707852 ) ) ;
#4547 = VERTEX_POINT ( 'NONE', #4719 ) ;
#4548 = CARTESIAN_POINT ( 'NONE',  ( -0.9840916999341559057, 16.15247683347033103, -13.25303878197574470 ) ) ;
#4549 = CARTESIAN_POINT ( 'NONE',  ( 1.798295736719182081, 3.264955391823475050, 14.89253009652686544 ) ) ;
#4550 = VERTEX_POINT ( 'NONE', #1202 ) ;
#4551 = CARTESIAN_POINT ( 'NONE',  ( 4.833782609620621784, 12.99999999999999822, 14.19980794528324530 ) ) ;
#4552 = CARTESIAN_POINT ( 'NONE',  ( -12.63520274341875904, 17.23293512505065905, -0.8255276037003322909 ) ) ;
#4553 = CARTESIAN_POINT ( 'NONE',  ( -6.587592242369489703, 16.46379014889337000, 11.20809107206486743 ) ) ;
#4554 = CIRCLE ( 'NONE', #5777, 1.000000000000000000 ) ;
#4555 = CARTESIAN_POINT ( 'NONE',  ( 5.576288617576067530, 15.65293292630088473, -12.43337030808132582 ) ) ;
#4556 = CARTESIAN_POINT ( 'NONE',  ( -11.84068357946264349, 4.622023400374320801, 9.238477461276247027 ) ) ;
#4557 = ORIENTED_EDGE ( 'NONE', *, *, #183, .T. ) ;
#4558 = PRODUCT_DEFINITION_SHAPE ( 'NONE', 'NONE',  #4136 ) ;
#4559 = CARTESIAN_POINT ( 'NONE',  ( -12.27583369219900611, 3.095467947649501728, 8.621448013977552449 ) ) ;
#4560 = CARTESIAN_POINT ( 'NONE',  ( -2.144203077510809852, 12.99999999999999822, 14.86666666666666536 ) ) ;
#4561 = VECTOR ( 'NONE', #4798, 1000.000000000000000 ) ;
#4562 = CARTESIAN_POINT ( 'NONE',  ( 8.377365290641758833, 14.84393960149432168, -11.19250055616882733 ) ) ;
#4563 = CARTESIAN_POINT ( 'NONE',  ( -14.04451778702817499, 3.769298623094740286, 5.269348156693461682 ) ) ;
#4564 = CARTESIAN_POINT ( 'NONE',  ( 6.033126181128261045, 4.080934495940520712, -13.74189235702287348 ) ) ;
#4565 = CARTESIAN_POINT ( 'NONE',  ( -14.93415010283521305, 3.982382847479482457, 1.456846227021435292 ) ) ;
#4566 = AXIS2_PLACEMENT_3D ( 'NONE', #25, #1786, #1117 ) ;
#4567 = CARTESIAN_POINT ( 'NONE',  ( -2.723552004763401424, 15.09340063615189287, 14.31592324130633820 ) ) ;
#4568 = CARTESIAN_POINT ( 'NONE',  ( 5.242662448382160889, 3.802689510443622023, 14.05447266715966492 ) ) ;
#4569 = CARTESIAN_POINT ( 'NONE',  ( -9.168855999849224503, 14.34089593620495862, -11.67283317629045847 ) ) ;
#4570 = CARTESIAN_POINT ( 'NONE',  ( -14.71428571428571352, 12.99999999999999822, 2.913725436338733044 ) ) ;
#4571 = CARTESIAN_POINT ( 'NONE',  ( 8.647868598458289924, 4.999999999999996447, 11.35257835782099889 ) ) ;
#4572 =( BOUNDED_SURFACE ( )  B_SPLINE_SURFACE ( 3, 2, ( 
 ( #6492, #3512, #1867 ),
 ( #6367, #4160, #31 ),
 ( #2324, #1754, #3598 ),
 ( #4087, #7024, #6948 ),
 ( #5918, #5297, #2973 ),
 ( #7099, #1791, #4657 ),
 ( #1255, #6530, #1134 ),
 ( #602, #6986, #4765 ),
 ( #3476, #687, #1297 ),
 ( #5879, #3016, #5805 ),
 ( #69, #3637, #5259 ),
 ( #645, #2933, #1717 ),
 ( #4121, #6411, #563 ),
 ( #151, #5838, #4046 ),
 ( #2404, #2895, #4726 ),
 ( #5336, #1171, #7061 ),
 ( #5223, #5953, #2443 ),
 ( #7550, #2368, #724 ) ),
 .UNSPECIFIED., .F., .F., .T. ) 
 B_SPLINE_SURFACE_WITH_KNOTS ( ( 4, 2, 2, 2, 2, 2, 2, 2, 4 ),
 ( 3, 3 ),
 ( 0.001001835143902672946, 0.001483160195672276419, 0.001964485247441879676, 0.002445810299211483366, 0.002927135350981086622, 0.003408460402750689879, 0.003889785454520293569, 0.004371110506289896391, 0.004852435558059500081 ),
 ( 0.000000000000000000, 1.000000000000000000 ),
 .UNSPECIFIED. ) 
 GEOMETRIC_REPRESENTATION_ITEM ( )  RATIONAL_B_SPLINE_SURFACE ( (
 ( 1.000000000000000000, 0.7071067811865467956, 1.000000000000000000),
 ( 1.000000000000000000, 0.7068862653317976585, 1.000000000000000000),
 ( 1.000000000000000000, 0.7152614521122006019, 1.000000000000000000),
 ( 1.000000000000000000, 0.7353188346933813291, 1.000000000000000000),
 ( 1.000000000000000000, 0.7463742780416314782, 1.000000000000000000),
 ( 1.000000000000000000, 0.7639171294621125430, 1.000000000000000000),
 ( 1.000000000000000000, 0.7705876985466072471, 1.000000000000000000),
 ( 1.000000000000000000, 0.7802728411342009229, 1.000000000000000000),
 ( 1.000000000000000000, 0.7834142574742231080, 1.000000000000000000),
 ( 1.000000000000000000, 0.7873757974864301623, 1.000000000000000000),
 ( 1.000000000000000000, 0.7882590930830252196, 1.000000000000000000),
 ( 1.000000000000000000, 0.7889663206215450364, 1.000000000000000000),
 ( 1.000000000000000000, 0.7887727214692324962, 1.000000000000000000),
 ( 1.000000000000000000, 0.7881288200424870771, 1.000000000000000000),
 ( 1.000000000000000000, 0.7876692935215431346, 1.000000000000000000),
 ( 1.000000000000000000, 0.7870063584362511078, 1.000000000000000000),
 ( 1.000000000000000000, 0.7867917697739379435, 1.000000000000000000),
 ( 1.000000000000000000, 0.7867957924694417571, 1.000000000000000000) ) ) 
 REPRESENTATION_ITEM ( '' )  SURFACE ( )  );
#4573 = CARTESIAN_POINT ( 'NONE',  ( 12.33175809845183046, 15.78725876297865405, -5.607315934378294564 ) ) ;
#4574 = ADVANCED_FACE ( 'NONE', ( #3046 ), #5686, .T. ) ;
#4575 = VECTOR ( 'NONE', #925, 1000.000000000000000 ) ;
#4576 = DIRECTION ( 'NONE',  ( -0.000000000000000000, 1.000000000000000000, -0.000000000000000000 ) ) ;
#4577 = CARTESIAN_POINT ( 'NONE',  ( 8.647868598458289924, 3.999999999999996447, 11.35257835782099889 ) ) ;
#4578 = CARTESIAN_POINT ( 'NONE',  ( -2.719477073916150900, 12.99999999999999822, -13.73333333333333250 ) ) ;
#4579 = CARTESIAN_POINT ( 'NONE',  ( 4.833782609620613790, -2.000000000000000000, -14.19980794528325063 ) ) ;
#4580 = CARTESIAN_POINT ( 'NONE',  ( 11.53231680505836643, 17.17617608777599258, -5.447331539530412492 ) ) ;
#4581 = CARTESIAN_POINT ( 'NONE',  ( 5.991122406802113609, 16.34294568665793435, 11.67453503714352259 ) ) ;
#4582 = CARTESIAN_POINT ( 'NONE',  ( -0.3159215502769239792, 3.999560766178289484, -14.01963150583612183 ) ) ;
#4583 = EDGE_CURVE ( 'NONE', #3481, #5991, #6997, .T. ) ;
#4584 = CARTESIAN_POINT ( 'NONE',  ( -7.328003899904737217, 3.998586912249564307, -11.96479192804594049 ) ) ;
#4585 = EDGE_LOOP ( 'NONE', ( #5773, #7400, #7157, #1840 ) ) ;
#4586 = CARTESIAN_POINT ( 'NONE',  ( 1.108032079779945223, 16.04144829552177143, -13.33017902646535902 ) ) ;
#4587 = CARTESIAN_POINT ( 'NONE',  ( 11.35257835782100422, 12.99999999999999822, 8.647868598458279266 ) ) ;
#4588 = CARTESIAN_POINT ( 'NONE',  ( 12.49585788729453206, 15.56139645840793406, 5.558498728340301120 ) ) ;
#4589 = ORIENTED_EDGE ( 'NONE', *, *, #1620, .T. ) ;
#4590 =( NAMED_UNIT ( * ) PLANE_ANGLE_UNIT ( ) SI_UNIT ( $, .RADIAN. ) );
#4591 = CARTESIAN_POINT ( 'NONE',  ( -14.71428571428571352, 12.99999999999999822, 2.913725436338733044 ) ) ;
#4592 = CARTESIAN_POINT ( 'NONE',  ( -14.69149352146349052, 13.56600332138690845, -2.904238491937487954 ) ) ;
#4593 = CARTESIAN_POINT ( 'NONE',  ( 7.149155784348672604, 17.20258509324228768, -10.50898663122616483 ) ) ;
#4594 = CARTESIAN_POINT ( 'NONE',  ( -11.67542540137577944, 4.106013060889083910, 8.122454553271966304 ) ) ;
#4595 = ORIENTED_EDGE ( 'NONE', *, *, #3076, .T. ) ;
#4596 = CARTESIAN_POINT ( 'NONE',  ( -11.42311460099449860, 16.44188171060361014, -6.255258330859182259 ) ) ;
#4597 = CARTESIAN_POINT ( 'NONE',  ( -12.08966082165346023, 3.198062733046426853, 8.880628351283661459 ) ) ;
#4598 = CARTESIAN_POINT ( 'NONE',  ( -2.054445291108318639, 14.83240756451506570, 14.53328477618473613 ) ) ;
#4599 = DIRECTION ( 'NONE',  ( 0.000000000000000000, 0.000000000000000000, 1.000000000000000000 ) ) ;
#4600 = CARTESIAN_POINT ( 'NONE',  ( -12.99038105676657295, 2.999999999999996447, 7.500000000000010658 ) ) ;
#4601 = CARTESIAN_POINT ( 'NONE',  ( 7.499999999999997335, 3.999999999999996891, -12.99038105676658184 ) ) ;
#4602 = CARTESIAN_POINT ( 'NONE',  ( -14.94269593568386334, 3.945968001676174008, 1.353797656420209217 ) ) ;
#4603 = EDGE_LOOP ( 'NONE', ( #6358, #1030, #5434, #1903, #3248 ) ) ;
#4604 = CARTESIAN_POINT ( 'NONE',  ( 11.64961666545338126, 4.130604814885190379, 8.175698874009349026 ) ) ;
#4605 = CARTESIAN_POINT ( 'NONE',  ( 5.576398997336202257, 4.999999999999997335, 13.94701254168406912 ) ) ;
#4606 = CARTESIAN_POINT ( 'NONE',  ( -9.880503104665098846, 13.00000000000000000, -11.28608250894451537 ) ) ;
#4607 = CARTESIAN_POINT ( 'NONE',  ( 6.438030518568878868, 16.46655466368761367, -11.29149362077469476 ) ) ;
#4608 = B_SPLINE_CURVE_WITH_KNOTS ( 'NONE', 3,
 ( #2962, #5137, #4004, #5760, #520, #3032, #1921, #2464, #6586, #3688, #7230, #1392, #5469, #3148, #6048, #245, #2571, #3728, #4900, #4288, #818, #6622, #2777, #4534, #6320, #212, #935, #6667 ),
 .UNSPECIFIED., .F., .F.,
 ( 4, 2, 2, 2, 2, 2, 2, 2, 2, 2, 2, 2, 2, 4 ),
 ( 0.001414612288203158375, 0.002388910485119726673, 0.002876059583578011690, 0.003363208682036296707, 0.003850357780494582157, 0.004093932329723724665, 0.004337506878952866740, 0.004824655977411150889, 0.005311805075869433304, 0.005798954174327716586, 0.006286103272785999868, 0.007260401469702561228, 0.008234699666619122588, 0.009208997863535685682 ),
 .UNSPECIFIED. ) ;
#4609 = CARTESIAN_POINT ( 'NONE',  ( -9.074905900140285198, 4.283487441372353821, 11.95948035083290861 ) ) ;
#4610 = DIRECTION ( 'NONE',  ( 0.000000000000000000, -1.000000000000000000, 0.000000000000000000 ) ) ;
#4611 = LINE ( 'NONE', #557, #4926 ) ;
#4612 = CARTESIAN_POINT ( 'NONE',  ( 9.238671184212693177, 4.622770957791544788, -11.84054206087234640 ) ) ;
#4613 = CARTESIAN_POINT ( 'NONE',  ( 6.577147312574023630, 16.46439443573021322, 11.21347688853943581 ) ) ;
#4614 = B_SPLINE_CURVE_WITH_KNOTS ( 'NONE', 3,
 ( #7264, #2179, #3833, #6842, #3254, #926, #2647, #2031, #6153, #4434, #4474, #1610, #5578, #4356 ),
 .UNSPECIFIED., .F., .F.,
 ( 4, 2, 2, 2, 2, 2, 4 ),
 ( 0.000000000000000000, 0.0005916620006911637751, 0.0008874930010367448495, 0.001183324001382325815, 0.001479155001727906890, 0.001774986002073488181, 0.002366648002764650763 ),
 .UNSPECIFIED. ) ;
#4615 = EDGE_CURVE ( 'NONE', #806, #6073, #1132, .T. ) ;
#4616 = CARTESIAN_POINT ( 'NONE',  ( -7.279393117288553761, 16.26662723198569793, 11.00134102768443789 ) ) ;
#4617 = DIRECTION ( 'NONE',  ( 0.000000000000000000, 0.000000000000000000, -1.000000000000000000 ) ) ;
#4618 = CARTESIAN_POINT ( 'NONE',  ( -7.499999999999990230, 2.999999999999996447, 12.99038105676658539 ) ) ;
#4619 = B_SPLINE_CURVE_WITH_KNOTS ( 'NONE', 3,
 ( #738, #3686, #3072, #5352, #4708, #6009, #2462, #1276, #665, #4785 ),
 .UNSPECIFIED., .F., .F.,
 ( 4, 2, 2, 2, 4 ),
 ( 0.0008928245944732653887, 0.001261280446546111760, 0.001629736298618958239, 0.001998192150691804718, 0.002366648002764651197 ),
 .UNSPECIFIED. ) ;
#4620 = ORIENTED_EDGE ( 'NONE', *, *, #4197, .F. ) ;
#4621 = CARTESIAN_POINT ( 'NONE',  ( 1.855344732644856220, 15.71364624161004109, -14.09792160215077494 ) ) ;
#4622 = CARTESIAN_POINT ( 'NONE',  ( 10.97997295649579996, 16.80948711538515639, 7.465961107954057319 ) ) ;
#4623 = ADVANCED_FACE ( 'NONE', ( #6206 ), #5450, .F. ) ;
#4624 = CARTESIAN_POINT ( 'NONE',  ( 12.59543578931554109, 15.39747241391144961, 5.537450089552838683 ) ) ;
#4625 = ORIENTED_EDGE ( 'NONE', *, *, #1116, .T. ) ;
#4626 = CARTESIAN_POINT ( 'NONE',  ( 11.80280946417325438, 4.999999999999998224, 9.290267669330475542 ) ) ;
#4627 = B_SPLINE_CURVE_WITH_KNOTS ( 'NONE', 3,
 ( #5475, #7236, #292, #4867, #252, #2690, #6811, #4403, #4562, #3878, #898, #6233, #2188, #1007 ),
 .UNSPECIFIED., .F., .F.,
 ( 4, 2, 2, 2, 2, 2, 4 ),
 ( 0.005719380190888035884, 0.006155582399968994277, 0.006591784609049950935, 0.007027986818130907594, 0.007464189027211864252, 0.008336593445373777569, 0.009208997863535690886 ),
 .UNSPECIFIED. ) ;
#4628 = CARTESIAN_POINT ( 'NONE',  ( -9.340433554844121744, 3.535834181800181941, -11.73758042002849500 ) ) ;
#4629 = CARTESIAN_POINT ( 'NONE',  ( -12.50097769225877897, 17.32944964589880144, -0.2458473362327109890 ) ) ;
#4630 = CARTESIAN_POINT ( 'NONE',  ( 5.830798150201410124, 16.86433506345962385, -11.86238340852295359 ) ) ;
#4631 = EDGE_CURVE ( 'NONE', #692, #3861, #5526, .T. ) ;
#4632 = CARTESIAN_POINT ( 'NONE',  ( -11.79863547069357743, 3.460362391599530074, 9.263549183844062895 ) ) ;
#4633 = ORIENTED_EDGE ( 'NONE', *, *, #7401, .T. ) ;
#4634 = CARTESIAN_POINT ( 'NONE',  ( -8.611348867866405854, 4.699817067872113618, -11.37967868670002858 ) ) ;
#4635 = ORIENTED_EDGE ( 'NONE', *, *, #1447, .F. ) ;
#4636 = CARTESIAN_POINT ( 'NONE',  ( 11.88743333927153856, 4.003905949981415802, 7.549138681379732319 ) ) ;
#4637 = DIRECTION ( 'NONE',  ( 0.000000000000000000, 0.000000000000000000, 1.000000000000000000 ) ) ;
#4638 = CARTESIAN_POINT ( 'NONE',  ( 1.732133385135661285, 4.607099469528455060, 14.16461854598967385 ) ) ;
#4639 = CARTESIAN_POINT ( 'NONE',  ( 11.80280946417324195, 12.99999999999999645, -9.290267669330471989 ) ) ;
#4640 = VERTEX_POINT ( 'NONE', #2633 ) ;
#4641 = CARTESIAN_POINT ( 'NONE',  ( 14.96709569344605839, 3.894580777457529841, -1.014489923333451227 ) ) ;
#4642 = CARTESIAN_POINT ( 'NONE',  ( 13.36973646937723004, 16.67762755837661715, -1.196860455546062463 ) ) ;
#4643 = CARTESIAN_POINT ( 'NONE',  ( -7.138793737352831847, 3.999999999999996447, -12.04422305177037877 ) ) ;
#4644 = CIRCLE ( 'NONE', #6599, 3.125000000000000000 ) ;
#4645 = ORIENTED_EDGE ( 'NONE', *, *, #4631, .F. ) ;
#4646 = CARTESIAN_POINT ( 'NONE',  ( -9.279839397603064199, 4.808246761477509956, 11.81045228642516598 ) ) ;
#4647 = DIRECTION ( 'NONE',  ( 0.000000000000000000, -1.000000000000000000, 0.000000000000000000 ) ) ;
#4648 = LINE ( 'NONE', #6481, #7004 ) ;
#4649 = CARTESIAN_POINT ( 'NONE',  ( 10.52844413324303652, 16.71832469119268438, -8.211154214463707746 ) ) ;
#4650 = AXIS2_PLACEMENT_3D ( 'NONE', #513, #6278, #7424 ) ;
#4651 = CARTESIAN_POINT ( 'NONE',  ( 8.415545559297921585, 4.307627381600814154, -11.51573910970474479 ) ) ;
#4652 = CARTESIAN_POINT ( 'NONE',  ( -5.710557204452068270, 16.05090863755783204, 12.08814663274746337 ) ) ;
#4653 = AXIS2_PLACEMENT_3D ( 'NONE', #5666, #2768, #7384 ) ;
#4654 = VECTOR ( 'NONE', #418, 1000.000000000000000 ) ;
#4655 = FACE_OUTER_BOUND ( 'NONE', #7074, .T. ) ;
#4656 = EDGE_CURVE ( 'NONE', #3446, #4494, #2112, .T. ) ;
#4657 = CARTESIAN_POINT ( 'NONE',  ( -13.54972693296703312, 3.067136549718196381, 6.436933537001322314 ) ) ;
#4658 = ORIENTED_EDGE ( 'NONE', *, *, #1305, .F. ) ;
#4659 = CARTESIAN_POINT ( 'NONE',  ( 0.8255276037002939882, 17.23293512505071590, -12.63520274341867022 ) ) ;
#4660 = CARTESIAN_POINT ( 'NONE',  ( 11.05473896030385461, 16.38634809853055785, 6.991272282419031647 ) ) ;
#4661 = CARTESIAN_POINT ( 'NONE',  ( -13.99999999999999822, 3.999999999999996447, 0.000000000000000000 ) ) ;
#4662 = EDGE_LOOP ( 'NONE', ( #6684, #1456 ) ) ;
#4663 = CARTESIAN_POINT ( 'NONE',  ( 11.86343696072293419, 4.531312346189539042, 9.207321662249503547 ) ) ;
#4664 = ADVANCED_FACE ( 'NONE', ( #119 ), #1736, .T. ) ;
#4665 = CARTESIAN_POINT ( 'NONE',  ( 4.806525355454136061, 15.53957261684855418, 13.47781645423326147 ) ) ;
#4666 = CARTESIAN_POINT ( 'NONE',  ( -14.53328477618473435, 14.83240756451506215, -2.054445291108319527 ) ) ;
#4667 = CARTESIAN_POINT ( 'NONE',  ( 7.735708776789418373, 16.66860712098338837, -10.98151763466135122 ) ) ;
#4668 = DIRECTION ( 'NONE',  ( 0.000000000000000000, 0.000000000000000000, -1.000000000000000000 ) ) ;
#4669 = VERTEX_POINT ( 'NONE', #673 ) ;
#4670 = ORIENTED_EDGE ( 'NONE', *, *, #91, .F. ) ;
#4671 = ADVANCED_FACE ( 'NONE', ( #5320, #93 ), #2427, .F. ) ;
#4672 = CARTESIAN_POINT ( 'NONE',  ( -2.913725436338733044, -2.000000000000000000, -14.71428571428571708 ) ) ;
#4673 = CARTESIAN_POINT ( 'NONE',  ( 2.123151187068644585, 3.460362391599494991, 14.84969263953485274 ) ) ;
#4674 = ORIENTED_EDGE ( 'NONE', *, *, #2926, .T. ) ;
#4675 = CARTESIAN_POINT ( 'NONE',  ( 14.06838897340256445, 4.003770645890966762, -0.5891771324458073833 ) ) ;
#4676 = AXIS2_PLACEMENT_3D ( 'NONE', #3814, #3777, #836 ) ;
#4677 = CARTESIAN_POINT ( 'NONE',  ( -12.82271459402415203, 2.999999999999996003, -7.790406832195231779 ) ) ;
#4678 = CARTESIAN_POINT ( 'NONE',  ( 14.14329877021608262, 13.45670434138532734, -1.807422518707234804 ) ) ;
#4679 = CARTESIAN_POINT ( 'NONE',  ( -9.366361376382121406, 3.563653805202759983, -11.71686882982751499 ) ) ;
#4680 = ORIENTED_EDGE ( 'NONE', *, *, #2657, .F. ) ;
#4681 = CARTESIAN_POINT ( 'NONE',  ( 7.499999999999997335, 4.003567649046301469, -11.90598573715173636 ) ) ;
#4682 = DIRECTION ( 'NONE',  ( 0.000000000000000000, 0.000000000000000000, -1.000000000000000000 ) ) ;
#4683 = CARTESIAN_POINT ( 'NONE',  ( -0.6680919990761526872, 2.994285338930128049, -14.98876103017780359 ) ) ;
#4684 = CARTESIAN_POINT ( 'NONE',  ( -14.15555555555555500, 12.99999999999999822, -1.812984715944101044 ) ) ;
#4685 = AXIS2_PLACEMENT_3D ( 'NONE', #2887, #5214, #2398 ) ;
#4686 = CARTESIAN_POINT ( 'NONE',  ( 12.65783464201205533, 4.022122106470566116, -6.324280315027931643 ) ) ;
#4687 = CARTESIAN_POINT ( 'NONE',  ( 7.000000000000005329, 2.999999999999996447, 12.12435565298213724 ) ) ;
#4688 = CARTESIAN_POINT ( 'NONE',  ( 8.065222206394421889, 4.084426661403343317, -11.70125887881190252 ) ) ;
#4689 = CARTESIAN_POINT ( 'NONE',  ( -4.820505223099704750, 14.11976560169274997, -14.07869521028911386 ) ) ;
#4690 = VECTOR ( 'NONE', #3673, 1000.000000000000000 ) ;
#4691 = CARTESIAN_POINT ( 'NONE',  ( -7.102578354964907525, 16.94927187726854712, 11.02484037110819060 ) ) ;
#4692 = DIRECTION ( 'NONE',  ( 0.000000000000000000, -1.000000000000000000, 0.000000000000000000 ) ) ;
#4693 = DIRECTION ( 'NONE',  ( 0.000000000000000000, 0.000000000000000000, -1.000000000000000000 ) ) ;
#4694 = ORIENTED_EDGE ( 'NONE', *, *, #2423, .F. ) ;
#4695 = CARTESIAN_POINT ( 'NONE',  ( 0.5272499211969501332, 16.38634809853075325, -13.06932091303822574 ) ) ;
#4696 = CARTESIAN_POINT ( 'NONE',  ( 10.48219227883889637, 17.12778597774548928, 7.385704808739606442 ) ) ;
#4697 = CARTESIAN_POINT ( 'NONE',  ( -5.507686957097273961, 3.999999999999996447, -13.16556307376510127 ) ) ;
#4698 = ORIENTED_EDGE ( 'NONE', *, *, #3821, .T. ) ;
#4699 = CARTESIAN_POINT ( 'NONE',  ( 7.350868756520566372, 2.999999999930747840, 13.07648202033401041 ) ) ;
#4700 = CARTESIAN_POINT ( 'NONE',  ( 11.40069275130138138, 4.607737795638445100, 8.582601359236194938 ) ) ;
#4701 = CARTESIAN_POINT ( 'NONE',  ( 7.837209032922744179, 16.94059604637897465, 10.47682450565907786 ) ) ;
#4702 = CARTESIAN_POINT ( 'NONE',  ( -14.71428571428571352, 12.99999999999999822, -2.913725436338733044 ) ) ;
#4703 = CARTESIAN_POINT ( 'NONE',  ( -5.507686957097273961, 12.99999999999999822, -13.16556307376510127 ) ) ;
#4704 = CARTESIAN_POINT ( 'NONE',  ( -0.8907502976541070705, 16.22345403447150147, -13.20282679354267330 ) ) ;
#4705 = ORIENTED_EDGE ( 'NONE', *, *, #5322, .F. ) ;
#4706 = ADVANCED_FACE ( 'NONE', ( #1889 ), #5973, .F. ) ;
#4707 = ORIENTED_EDGE ( 'NONE', *, *, #1787, .F. ) ;
#4708 = CARTESIAN_POINT ( 'NONE',  ( 12.65634395981256688, 4.021877728794277296, 6.325984467650354048 ) ) ;
#4709 = CARTESIAN_POINT ( 'NONE',  ( -13.16556307376510304, 4.999999999999996447, -5.507686957097270408 ) ) ;
#4710 = CARTESIAN_POINT ( 'NONE',  ( 14.17979311555853883, 4.281826903305214316, -1.489572617743276428 ) ) ;
#4711 = CARTESIAN_POINT ( 'NONE',  ( 9.221802897687421563, 12.99999999999999822, -10.53367700834821541 ) ) ;
#4712 = CARTESIAN_POINT ( 'NONE',  ( 14.60051445113075275, 14.13100405513693580, -2.863648009109662773 ) ) ;
#4713 = CARTESIAN_POINT ( 'NONE',  ( -8.643771129885806204, 3.945968001676246839, -12.26385545311861058 ) ) ;
#4714 = ORIENTED_EDGE ( 'NONE', *, *, #1404, .F. ) ;
#4715 = CARTESIAN_POINT ( 'NONE',  ( -7.791966415363998699, 3.976587152145430792, 12.81825726170320934 ) ) ;
#4716 = CARTESIAN_POINT ( 'NONE',  ( 13.25315408226436453, 12.99999999999999822, -4.511530435645912718 ) ) ;
#4717 = CARTESIAN_POINT ( 'NONE',  ( -5.521879643902364521, 4.802888772988996635, -13.15960530698669828 ) ) ;
#4718 = LINE ( 'NONE', #6942, #1758 ) ;
#4719 = CARTESIAN_POINT ( 'NONE',  ( 9.880503104665097069, 12.99999999999999822, -11.28608250894451714 ) ) ;
#4720 = CARTESIAN_POINT ( 'NONE',  ( -12.99038105676658006, 4.999999999999996447, -7.499999999999999112 ) ) ;
#4721 = CARTESIAN_POINT ( 'NONE',  ( -11.35257835782100422, 4.899988397038735677, -8.647868598458279266 ) ) ;
#4722 = EDGE_CURVE ( 'NONE', #3028, #7289, #2538, .T. ) ;
#4723 = LINE ( 'NONE', #6525, #867 ) ;
#4724 = CARTESIAN_POINT ( 'NONE',  ( -6.688180724844348113, 17.30550362272254716, 10.61442471868596904 ) ) ;
#4725 = CARTESIAN_POINT ( 'NONE',  ( 13.02547755788992312, 4.282960109847526731, -5.798733035326366192 ) ) ;
#4726 = CARTESIAN_POINT ( 'NONE',  ( -14.16541458282964072, 4.368024099194735221, 4.933842628651910367 ) ) ;
#4727 = VERTEX_POINT ( 'NONE', #287 ) ;
#4728 = CARTESIAN_POINT ( 'NONE',  ( -2.436725929349370823, 15.90511541514528737, -13.86570936197410475 ) ) ;
#4729 = CARTESIAN_POINT ( 'NONE',  ( 10.61442471868626924, 17.30550362272236598, 6.688180724844431602 ) ) ;
#4730 = CARTESIAN_POINT ( 'NONE',  ( -12.97400400198234571, 14.51205696741441820, 5.498563259555242055 ) ) ;
#4731 = ORIENTED_EDGE ( 'NONE', *, *, #5693, .T. ) ;
#4732 = CARTESIAN_POINT ( 'NONE',  ( 7.500000000000006217, 3.999999999999995115, 12.99038105676657473 ) ) ;
#4733 = CARTESIAN_POINT ( 'NONE',  ( -10.98010119661076445, 16.67762755837622279, 7.721379793976665518 ) ) ;
#4734 = CARTESIAN_POINT ( 'NONE',  ( 7.050282969972131220, 16.37135068137267169, 11.03589809421302803 ) ) ;
#4735 = CARTESIAN_POINT ( 'NONE',  ( -14.84422340033437848, 13.54770619938521570, 2.139857865800669057 ) ) ;
#4736 = CARTESIAN_POINT ( 'NONE',  ( 13.91382181467919210, 14.74415884604111504, 1.681148059118235727 ) ) ;
#4737 = CARTESIAN_POINT ( 'NONE',  ( 13.94182075383912611, 4.808283127649760402, 5.588191531790084099 ) ) ;
#4738 = CARTESIAN_POINT ( 'NONE',  ( 6.001558565606787354, 4.130308299584163123, -12.90481233135391825 ) ) ;
#4739 = ORIENTED_EDGE ( 'NONE', *, *, #1207, .T. ) ;
#4740 = EDGE_LOOP ( 'NONE', ( #5093, #5284, #2871, #1303 ) ) ;
#4741 = CARTESIAN_POINT ( 'NONE',  ( 1.038719223037400941, 17.17956975291490451, -12.70655714476242792 ) ) ;
#4742 = CARTESIAN_POINT ( 'NONE',  ( 2.144203072832610690, 4.903130381076450384, 14.86666666717657748 ) ) ;
#4743 = EDGE_CURVE ( 'NONE', #3446, #3214, #7269, .T. ) ;
#4744 = CARTESIAN_POINT ( 'NONE',  ( 14.77577431223028626, 3.932679644397246932, -2.585191681029208155 ) ) ;
#4745 = CARTESIAN_POINT ( 'NONE',  ( -11.40613017102161564, 4.186591583603316735, -9.742056353669452662 ) ) ;
#4746 = CARTESIAN_POINT ( 'NONE',  ( 13.71433387864076003, 16.27517960485689130, -1.584431641322532780 ) ) ;
#4747 = CARTESIAN_POINT ( 'NONE',  ( -9.073675486470696328, 4.281769720007600810, -11.96036768013072127 ) ) ;
#4748 = VERTEX_POINT ( 'NONE', #5687 ) ;
#4749 = CARTESIAN_POINT ( 'NONE',  ( -9.880503109559553465, 4.837520475530918240, 11.28608250465963714 ) ) ;
#4750 = CARTESIAN_POINT ( 'NONE',  ( -4.833782609620602244, 4.999999999999997335, 14.19980794528325418 ) ) ;
#4751 = CARTESIAN_POINT ( 'NONE',  ( -2.563577421532574618, 3.901549709546961786, -14.77956548047893115 ) ) ;
#4752 = CARTESIAN_POINT ( 'NONE',  ( -14.99999999999999822, 2.999999999930747840, -0.1722019271349931324 ) ) ;
#4753 = EDGE_CURVE ( 'NONE', #2606, #2355, #685, .T. ) ;
#4754 = CARTESIAN_POINT ( 'NONE',  ( -5.169659568624039636, 3.901549709546961786, 14.08126787375661237 ) ) ;
#4755 = CARTESIAN_POINT ( 'NONE',  ( -12.12435565298214080, 2.999999999999996447, -6.999999999999998224 ) ) ;
#4756 = CARTESIAN_POINT ( 'NONE',  ( -9.880503104665098846, 4.999999999999996447, -11.28608250894451359 ) ) ;
#4757 = CARTESIAN_POINT ( 'NONE',  ( 14.16255675161319516, 4.343291071816128834, -4.942069876338668344 ) ) ;
#4758 = CARTESIAN_POINT ( 'NONE',  ( -11.95361847715562753, 3.997937849271229638, -7.357643504599881368 ) ) ;
#4759 = CARTESIAN_POINT ( 'NONE',  ( -4.799836983642659760, 15.18019855795789397, -13.69105907601054106 ) ) ;
#4760 = CIRCLE ( 'NONE', #3060, 1.000000000000000888 ) ;
#4761 = CARTESIAN_POINT ( 'NONE',  ( -5.391169244740081190, 17.14268327565250871, 11.61628859643070655 ) ) ;
#4762 = CARTESIAN_POINT ( 'NONE',  ( 0.000000000000000000, 2.000000000000000000, 0.000000000000000000 ) ) ;
#4763 = CARTESIAN_POINT ( 'NONE',  ( 13.09979768577263037, 4.467215551782224736, -5.653230310318361873 ) ) ;
#4764 = CIRCLE ( 'NONE', #1226, 1.000000000000000888 ) ;
#4765 = CARTESIAN_POINT ( 'NONE',  ( -13.75223431385994566, 3.214744458955210327, 5.991820929612714508 ) ) ;
#4766 = AXIS2_PLACEMENT_3D ( 'NONE', #5459, #5424, #234 ) ;
#4767 = VERTEX_POINT ( 'NONE', #2162 ) ;
#4768 = CARTESIAN_POINT ( 'NONE',  ( 14.03596340637348483, 15.81384338419789160, 1.818374091520251534 ) ) ;
#4769 = CARTESIAN_POINT ( 'NONE',  ( 10.70324058552188440, 17.32944964589905368, 6.463398884759530283 ) ) ;
#4770 = CARTESIAN_POINT ( 'NONE',  ( -12.99038105676657118, 2.999999999999996447, 7.500000000000009770 ) ) ;
#4771 = AXIS2_PLACEMENT_3D ( 'NONE', #5136, #3887, #4003 ) ;
#4772 = AXIS2_PLACEMENT_3D ( 'NONE', #929, #3905, #1569 ) ;
#4773 = CARTESIAN_POINT ( 'NONE',  ( -13.12907311497088614, 13.76263167335937609, 5.503307297825579703 ) ) ;
#4774 = ORIENTED_EDGE ( 'NONE', *, *, #4169, .T. ) ;
#4775 = CARTESIAN_POINT ( 'NONE',  ( 7.000000000000006217, 3.999999999999996447, 12.12435565298213724 ) ) ;
#4776 = CARTESIAN_POINT ( 'NONE',  ( 11.30033208034081937, 4.678312227110531296, 9.864292588004754947 ) ) ;
#4777 = CARTESIAN_POINT ( 'NONE',  ( -11.63533756552563325, 16.36206807681249842, 6.027168606233421322 ) ) ;
#4778 = CARTESIAN_POINT ( 'NONE',  ( 4.921429083350530753, 16.48407345658079848, 12.67238372010115377 ) ) ;
#4779 = CARTESIAN_POINT ( 'NONE',  ( -14.14329877021624071, 13.45670434138513016, 1.807422518707311188 ) ) ;
#4780 = CARTESIAN_POINT ( 'NONE',  ( -8.647868598458273937, 13.38336035297971094, 11.35257835782100777 ) ) ;
#4781 = CARTESIAN_POINT ( 'NONE',  ( 13.96994130788611521, 3.563653805202725788, 5.463925371249457541 ) ) ;
#4782 = CIRCLE ( 'NONE', #1606, 15.00000000000000000 ) ;
#4783 = ORIENTED_EDGE ( 'NONE', *, *, #840, .F. ) ;
#4784 = EDGE_LOOP ( 'NONE', ( #1646, #5954, #2394, #156, #226 ) ) ;
#4785 = CARTESIAN_POINT ( 'NONE',  ( 12.12435565298214257, 3.999999999999996447, 6.999999999999996447 ) ) ;
#4786 = DIRECTION ( 'NONE',  ( 0.000000000000000000, -1.000000000000000000, 0.000000000000000000 ) ) ;
#4787 = CARTESIAN_POINT ( 'NONE',  ( 10.65507659721959932, 16.31616615544934845, -8.693385064645873683 ) ) ;
#4788 = ORIENTED_EDGE ( 'NONE', *, *, #4722, .T. ) ;
#4789 = CARTESIAN_POINT ( 'NONE',  ( 5.304282123404559179, 17.08425122492147352, 11.75024716121196100 ) ) ;
#4790 = CARTESIAN_POINT ( 'NONE',  ( -7.500000000000000000, 3.999999999999996447, -12.99038105676657828 ) ) ;
#4791 = CARTESIAN_POINT ( 'NONE',  ( -10.47624050218320413, 17.08328403755355041, -7.505290728564027347 ) ) ;
#4792 = CARTESIAN_POINT ( 'NONE',  ( -9.207041491847201442, 4.530546518778259646, -11.86364142202902272 ) ) ;
#4793 = ORIENTED_EDGE ( 'NONE', *, *, #5118, .F. ) ;
#4794 = CARTESIAN_POINT ( 'NONE',  ( -11.53458889730154624, 4.282960109847576469, -8.381027943893521126 ) ) ;
#4795 = CARTESIAN_POINT ( 'NONE',  ( -5.956349102282070263, 4.141511870957486963, 13.77698055264315791 ) ) ;
#4796 = CARTESIAN_POINT ( 'NONE',  ( 2.104045631365667024, 14.34089593620497816, 14.69339806473025511 ) ) ;
#4797 = CARTESIAN_POINT ( 'NONE',  ( -14.98086260373008471, 3.907067251463699264, -0.7715209681250394524 ) ) ;
#4798 = DIRECTION ( 'NONE',  ( 0.000000000000000000, 1.000000000000000000, 0.000000000000000000 ) ) ;
#4799 = AXIS2_PLACEMENT_3D ( 'NONE', #6249, #6790, #5682 ) ;
#4800 = CARTESIAN_POINT ( 'NONE',  ( 8.639696812090450706, 4.839185763299909127, 11.35876031310471568 ) ) ;
#4801 = CARTESIAN_POINT ( 'NONE',  ( -5.443223546346786179, 15.81384338419808699, -13.06468792226840314 ) ) ;
#4802 = EDGE_CURVE ( 'NONE', #3572, #3477, #896, .T. ) ;
#4803 = CARTESIAN_POINT ( 'NONE',  ( -5.467528266994952979, 15.08037049037449684, 13.50692180566444200 ) ) ;
#4804 = AXIS2_PLACEMENT_3D ( 'NONE', #3354, #449, #2781 ) ;
#4805 = CARTESIAN_POINT ( 'NONE',  ( 14.15555555555555500, 3.999999999999996447, 1.812984715944098602 ) ) ;
#4806 = CARTESIAN_POINT ( 'NONE',  ( 13.92119497317551335, 4.622770957791554558, -5.634874627187199891 ) ) ;
#4807 = CARTESIAN_POINT ( 'NONE',  ( -8.150541820249348035, 15.37247773615931834, -11.09753534628573313 ) ) ;
#4808 = EDGE_LOOP ( 'NONE', ( #4016, #6516, #425, #1172 ) ) ;
#4809 = CARTESIAN_POINT ( 'NONE',  ( 13.71353509606476884, 15.30520404997188777, 1.532019496000584180 ) ) ;
#4810 = CARTESIAN_POINT ( 'NONE',  ( 11.42311460099453591, 16.44188171060340764, 6.255258330859132521 ) ) ;
#4811 = PLANE ( 'NONE',  #1032 ) ;
#4812 = VECTOR ( 'NONE', #1417, 1000.000000000000000 ) ;
#4813 = EDGE_CURVE ( 'NONE', #1189, #5033, #6867, .T. ) ;
#4814 = CARTESIAN_POINT ( 'NONE',  ( -7.003638763992780200E-16, 2.999999999999996447, -14.99999999999999822 ) ) ;
#4815 = ORIENTED_EDGE ( 'NONE', *, *, #3691, .F. ) ;
#4816 = CARTESIAN_POINT ( 'NONE',  ( 12.99038105676657651, 2.999999999999996447, -7.500000000000004441 ) ) ;
#4817 = DIRECTION ( 'NONE',  ( 0.000000000000000000, -1.000000000000000000, 0.000000000000000000 ) ) ;
#4818 = CARTESIAN_POINT ( 'NONE',  ( -12.04257941078619965, 16.93077057452689971, 5.146741385183068118 ) ) ;
#4819 = CARTESIAN_POINT ( 'NONE',  ( 4.835345152318395456, 15.99135119082490597, 13.14774777327269817 ) ) ;
#4820 = CARTESIAN_POINT ( 'NONE',  ( -13.57425954478409658, 16.31616615544946569, 2.201154012253576653 ) ) ;
#4821 = CARTESIAN_POINT ( 'NONE',  ( 13.77698055264329646, 4.141511870957486074, 5.956349102281937924 ) ) ;
#4822 = ORIENTED_EDGE ( 'NONE', *, *, #5322, .T. ) ;
#4823 = ORIENTED_EDGE ( 'NONE', *, *, #3297, .T. ) ;
#4824 = CARTESIAN_POINT ( 'NONE',  ( 1.272755422193980523, 17.08825131365502159, -12.82333045940416660 ) ) ;
#4825 = CARTESIAN_POINT ( 'NONE',  ( 0.1719725199278013261, 3.999999999496304248, 14.99999999995419309 ) ) ;
#4826 = ORIENTED_EDGE ( 'NONE', *, *, #2761, .F. ) ;
#4827 = CARTESIAN_POINT ( 'NONE',  ( 9.880503104665111280, 13.54176985573762337, 11.28608250894451714 ) ) ;
#4828 = CARTESIAN_POINT ( 'NONE',  ( 14.19980794528324886, -2.000000000000000000, -4.833782609620621784 ) ) ;
#4829 = CARTESIAN_POINT ( 'NONE',  ( 14.73453019819496568, 4.368024099194735221, 2.809874236727695429 ) ) ;
#4830 = ORIENTED_EDGE ( 'NONE', *, *, #4511, .F. ) ;
#4831 = CARTESIAN_POINT ( 'NONE',  ( -11.40069275130142934, 4.607737795638477962, -8.582601359236303296 ) ) ;
#4832 = CARTESIAN_POINT ( 'NONE',  ( -5.856709657401128588, 4.230181196864284843, 12.99342924279996936 ) ) ;
#4833 = CARTESIAN_POINT ( 'NONE',  ( -0.7362215276979510170, 16.30222877997759312, 13.13899139180578501 ) ) ;
#4834 = CARTESIAN_POINT ( 'NONE',  ( -6.227957913964909054, 4.030426008847132202, -12.74451720684374934 ) ) ;
#4835 = CARTESIAN_POINT ( 'NONE',  ( 8.412827834058809628, 14.74415884604091609, -11.20914912568312261 ) ) ;
#4836 = DIRECTION ( 'NONE',  ( 0.5000000000000001110, -0.000000000000000000, -0.8660254037844387076 ) ) ;
#4837 = CARTESIAN_POINT ( 'NONE',  ( 8.461361037708108768, 3.901731976069060082, 12.38811734657313579 ) ) ;
#4838 = CARTESIAN_POINT ( 'NONE',  ( -7.364416399830241211, 17.14268327565251226, -10.47703382026176300 ) ) ;
#4839 = CARTESIAN_POINT ( 'NONE',  ( 13.15236723215670445, 13.45280265710871781, -5.506399272653944799 ) ) ;
#4840 = CARTESIAN_POINT ( 'NONE',  ( -4.856629834033904025, 16.18082439328296118, -12.98836474378055073 ) ) ;
#4841 = CARTESIAN_POINT ( 'NONE',  ( 13.15716949199235231, 3.976587152145215853, -7.204953213197137885 ) ) ;
#4842 = CARTESIAN_POINT ( 'NONE',  ( -8.630410115392912473, 13.58083659896507989, -11.33989466267646584 ) ) ;
#4843 = ORIENTED_EDGE ( 'NONE', *, *, #6427, .F. ) ;
#4844 = EDGE_CURVE ( 'NONE', #2674, #1073, #4069, .T. ) ;
#4845 = DIRECTION ( 'NONE',  ( 0.000000000000000000, 0.000000000000000000, -1.000000000000000000 ) ) ;
#4846 = LINE ( 'NONE', #7176, #179 ) ;
#4847 = CARTESIAN_POINT ( 'NONE',  ( 5.526496619253745912, 15.30127842321402731, -12.65128281973380098 ) ) ;
#4848 = CARTESIAN_POINT ( 'NONE',  ( -1.732133385135645742, 4.607099469528414204, -14.16461854598970049 ) ) ;
#4849 = ORIENTED_EDGE ( 'NONE', *, *, #2582, .T. ) ;
#4850 = CARTESIAN_POINT ( 'NONE',  ( -0.7828469668399676840, 4.012211523182458883, 14.10950549299133527 ) ) ;
#4851 = CARTESIAN_POINT ( 'NONE',  ( -10.50442117916764673, 17.21418835519337875, 7.127632024176553394 ) ) ;
#4852 = CARTESIAN_POINT ( 'NONE',  ( -9.528235109122075386, 3.769298623094740286, 11.58564825859532554 ) ) ;
#4853 = CARTESIAN_POINT ( 'NONE',  ( -13.78153800449306310, 15.14124894725558157, 1.587955105248923582 ) ) ;
#4854 = ADVANCED_FACE ( 'NONE', ( #3540 ), #3256, .T. ) ;
#4855 = CARTESIAN_POINT ( 'NONE',  ( 4.802993776569763007, 14.93491219094235944, -13.80753668323260541 ) ) ;
#4856 = ORIENTED_EDGE ( 'NONE', *, *, #5506, .T. ) ;
#4857 = CARTESIAN_POINT ( 'NONE',  ( -8.095376221225099117E-16, 2.999999999999996447, -13.99999999999999822 ) ) ;
#4858 = ORIENTED_EDGE ( 'NONE', *, *, #183, .F. ) ;
#4859 = CARTESIAN_POINT ( 'NONE',  ( -13.20101543451734827, 16.22587304497630001, 0.8871669377192065165 ) ) ;
#4860 = FACE_OUTER_BOUND ( 'NONE', #5795, .T. ) ;
#4861 = LINE ( 'NONE', #7190, #1751 ) ;
#4862 = CARTESIAN_POINT ( 'NONE',  ( 0.3358694275462824064, 3.977039156128852948, 14.99697711121036114 ) ) ;
#4863 = EDGE_CURVE ( 'NONE', #5152, #7226, #2682, .T. ) ;
#4864 = CARTESIAN_POINT ( 'NONE',  ( 14.71887181090209751, 4.665349315078855419, -2.890828935965644497 ) ) ;
#4865 = CARTESIAN_POINT ( 'NONE',  ( 14.17494954623240488, 4.401344754123196701, 1.605428125922211846 ) ) ;
#4866 = CARTESIAN_POINT ( 'NONE',  ( 14.14544964346165656, 4.042053953700337487, -0.9732546751469911550 ) ) ;
#4867 = CARTESIAN_POINT ( 'NONE',  ( 7.919244456088401662, 15.72921702846881509, -11.03239387688782713 ) ) ;
#4868 = CARTESIAN_POINT ( 'NONE',  ( -12.63360089696130473, 3.007811910147806245, -8.088366383860861930 ) ) ;
#4869 = DIRECTION ( 'NONE',  ( 0.000000000000000000, 1.000000000000000000, 0.000000000000000000 ) ) ;
#4870 = CARTESIAN_POINT ( 'NONE',  ( 1.098585707554099011, 16.05090863755782848, 13.32392067085674547 ) ) ;
#4871 = CARTESIAN_POINT ( 'NONE',  ( -14.18096074560427944, 4.231589228635344924, -1.426422666581533827 ) ) ;
#4872 = CARTESIAN_POINT ( 'NONE',  ( 8.823303108064587619, 15.40047773549978061, -11.38731609600232098 ) ) ;
#4873 = CARTESIAN_POINT ( 'NONE',  ( 8.646101941915684819, 3.102923436545204083, 12.25851359465244350 ) ) ;
#4874 = CARTESIAN_POINT ( 'NONE',  ( -5.936882310865922996, 16.92071623829484395, -11.73249193867817297 ) ) ;
#4875 = CARTESIAN_POINT ( 'NONE',  ( 12.73234665095772122, 15.12475765911620584, -5.516192063076212015 ) ) ;
#4876 = CARTESIAN_POINT ( 'NONE',  ( 1.224646799147353059E-15, 12.99999999999999822, -9.999999999999998224 ) ) ;
#4877 = DIRECTION ( 'NONE',  ( -0.000000000000000000, -1.000000000000000000, -0.000000000000000000 ) ) ;
#4878 = EDGE_LOOP ( 'NONE', ( #4320, #1516, #6918, #168 ) ) ;
#4879 = CARTESIAN_POINT ( 'NONE',  ( 7.873696622452547089, 4.033568272321473636, -11.77958858459702007 ) ) ;
#4880 = CIRCLE ( 'NONE', #4539, 0.9999999999999991118 ) ;
#4881 = CARTESIAN_POINT ( 'NONE',  ( 5.261059259827284507, 17.03592563587023534, -11.83688199408698161 ) ) ;
#4882 = CARTESIAN_POINT ( 'NONE',  ( -12.85623060947348684, 16.31616615544915305, -4.880874480138359672 ) ) ;
#4883 = CARTESIAN_POINT ( 'NONE',  ( -1.424655275500983809, 4.230181196864248427, -14.18099463524111670 ) ) ;
#4884 = EDGE_LOOP ( 'NONE', ( #1185, #737, #4107, #3327 ) ) ;
#4885 = EDGE_CURVE ( 'NONE', #4494, #806, #2534, .T. ) ;
#4886 = CIRCLE ( 'NONE', #260, 3.575000000000000178 ) ;
#4887 = CARTESIAN_POINT ( 'NONE',  ( -11.46854642757730502, 17.01783092815982457, 6.188381690807970514 ) ) ;
#4888 = CARTESIAN_POINT ( 'NONE',  ( 8.495958808590451383, 16.49948735465818572, 10.59330658704728734 ) ) ;
#4889 = CARTESIAN_POINT ( 'NONE',  ( -13.03302827739181957, 16.42786290564318463, 0.3695734121417710294 ) ) ;
#4890 = CARTESIAN_POINT ( 'NONE',  ( 14.14348377927656664, 13.45280265710891321, 1.807501962579819876 ) ) ;
#4891 = CARTESIAN_POINT ( 'NONE',  ( -5.923030433206055712, 16.29903314301567718, -11.75527112938295282 ) ) ;
#4892 = CIRCLE ( 'NONE', #144, 1.999999999999999112 ) ;
#4893 = DIRECTION ( 'NONE',  ( 1.156335439753954780E-16, 0.000000000000000000, -1.000000000000000000 ) ) ;
#4894 = EDGE_LOOP ( 'NONE', ( #7116, #2532 ) ) ;
#4895 = ADVANCED_FACE ( 'NONE', ( #7338 ), #321, .F. ) ;
#4896 = CARTESIAN_POINT ( 'NONE',  ( -8.647868598458273937, 12.99999999999999822, 11.35257835782100955 ) ) ;
#4897 = AXIS2_PLACEMENT_3D ( 'NONE', #1047, #3374, #934 ) ;
#4898 = CARTESIAN_POINT ( 'NONE',  ( 13.95784295086984805, 3.535834181800181941, 5.494826045285433835 ) ) ;
#4899 = VECTOR ( 'NONE', #2172, 1000.000000000000000 ) ;
#4900 = CARTESIAN_POINT ( 'NONE',  ( -10.98733643599469900, 16.18102038338918902, -7.435786370921590560 ) ) ;
#4901 = DIRECTION ( 'NONE',  ( 0.000000000000000000, 1.000000000000000000, 0.000000000000000000 ) ) ;
#4902 =( BOUNDED_SURFACE ( )  B_SPLINE_SURFACE ( 3, 2, ( 
 ( #5325, #97, #4750 ),
 ( #7199, #3698, #254 ),
 ( #2507, #2473, #4942 ),
 ( #6668, #3736, #4260 ),
 ( #2583, #6055, #1321 ),
 ( #5517, #3193, #1929 ),
 ( #3155, #826, #6701 ),
 ( #1434, #4795, #6594 ),
 ( #4832, #5478, #861 ),
 ( #7126, #3230, #6018 ),
 ( #4907, #6630, #788 ),
 ( #5404, #7238, #1401 ),
 ( #4297, #2006, #4331 ),
 ( #1465, #1360, #5440 ),
 ( #3768, #6093, #294 ),
 ( #2619, #2039, #7273 ),
 ( #4364, #3803, #6128 ),
 ( #3120, #901, #136 ) ),
 .UNSPECIFIED., .F., .F., .T. ) 
 B_SPLINE_SURFACE_WITH_KNOTS ( ( 4, 2, 2, 2, 2, 2, 2, 2, 4 ),
 ( 3, 3 ),
 ( 0.001302520603113771751, 0.001783172609227538829, 0.002263824615341305906, 0.002744476621455072766, 0.003225128627568839626, 0.003705780633682606920, 0.004186432639796374214, 0.004667084645910141508, 0.005147736652023907934 ),
 ( 0.000000000000000000, 1.000000000000000000 ),
 .UNSPECIFIED. ) 
 GEOMETRIC_REPRESENTATION_ITEM ( )  RATIONAL_B_SPLINE_SURFACE ( (
 ( 1.000000000000000000, 0.7867957924694428673, 1.000000000000000000),
 ( 1.000000000000000000, 0.7867918659038423135, 1.000000000000000000),
 ( 1.000000000000000000, 0.7870059279260070983, 1.000000000000000000),
 ( 1.000000000000000000, 0.7876722697779854343, 1.000000000000000000),
 ( 1.000000000000000000, 0.7881326248067009876, 1.000000000000000000),
 ( 1.000000000000000000, 0.7887758449274203665, 1.000000000000000000),
 ( 1.000000000000000000, 0.7889663658733702123, 1.000000000000000000),
 ( 1.000000000000000000, 0.7882435220810440901, 1.000000000000000000),
 ( 1.000000000000000000, 0.7873519033453932892, 1.000000000000000000),
 ( 1.000000000000000000, 0.7832757266628824766, 1.000000000000000000),
 ( 1.000000000000000000, 0.7801295861738826165, 1.000000000000000000),
 ( 1.000000000000000000, 0.7702790648040440669, 1.000000000000000000),
 ( 1.000000000000000000, 0.7633849859747517952, 1.000000000000000000),
 ( 1.000000000000000000, 0.7458883219264945685, 1.000000000000000000),
 ( 1.000000000000000000, 0.7349125052206246789, 1.000000000000000000),
 ( 1.000000000000000000, 0.7151046345649436642, 1.000000000000000000),
 ( 1.000000000000000000, 0.7068896004544473755, 1.000000000000000000),
 ( 1.000000000000000000, 0.7071067811865473507, 1.000000000000000000) ) ) 
 REPRESENTATION_ITEM ( '' )  SURFACE ( )  );
#4903 = CARTESIAN_POINT ( 'NONE',  ( 5.093244605863769259, 16.84331918830451968, 12.17820645469994290 ) ) ;
#4904 = CARTESIAN_POINT ( 'NONE',  ( 14.84916391450649442, 3.463178456121531745, 2.126693221114029253 ) ) ;
#4905 = EDGE_CURVE ( 'NONE', #2882, #6797, #4861, .T. ) ;
#4906 = DIRECTION ( 'NONE',  ( 0.000000000000000000, -1.000000000000000000, 0.000000000000000000 ) ) ;
#4907 = CARTESIAN_POINT ( 'NONE',  ( -6.049987720945622094, 4.106013060889060817, 12.87196468490604140 ) ) ;
#4908 = CARTESIAN_POINT ( 'NONE',  ( 1.766098209239177264, 14.12311881470151143, 14.05994772714711694 ) ) ;
#4909 = CARTESIAN_POINT ( 'NONE',  ( 11.35257835782100067, 4.799810971035541662, -8.647868598458289924 ) ) ;
#4910 = EDGE_LOOP ( 'NONE', ( #2444, #4698, #6184 ) ) ;
#4911 = CARTESIAN_POINT ( 'NONE',  ( 7.500000000000007105, 3.999999999999996891, 12.99038105676657473 ) ) ;
#4912 = CARTESIAN_POINT ( 'NONE',  ( -6.343038717575388397, 17.33044428562120132, -10.77107284725304304 ) ) ;
#4913 = CARTESIAN_POINT ( 'NONE',  ( 13.10020496421241276, 13.89581248135503877, -5.502846503033486769 ) ) ;
#4914 = CARTESIAN_POINT ( 'NONE',  ( -10.49085129647211900, 16.86133510028687255, 7.984392384310444513 ) ) ;
#4915 = CARTESIAN_POINT ( 'NONE',  ( -14.11032636042559929, 4.014779309274778107, 0.7804176301363282553 ) ) ;
#4916 = ORIENTED_EDGE ( 'NONE', *, *, #6346, .T. ) ;
#4917 = DIRECTION ( 'NONE',  ( 0.000000000000000000, 0.000000000000000000, 1.000000000000000000 ) ) ;
#4918 = CARTESIAN_POINT ( 'NONE',  ( 4.800525218502900593, 15.09020611454484495, -13.73520035530930805 ) ) ;
#4919 = CARTESIAN_POINT ( 'NONE',  ( -12.95347242699036094, 14.54792975267245225, -5.499640303989870027 ) ) ;
#4920 = AXIS2_PLACEMENT_3D ( 'NONE', #3202, #1553, #1413 ) ;
#4921 = CARTESIAN_POINT ( 'NONE',  ( -2.913725428659660555, 4.837498224088173870, -14.71428571580632472 ) ) ;
#4922 = VERTEX_POINT ( 'NONE', #4435 ) ;
#4923 = CARTESIAN_POINT ( 'NONE',  ( -2.458869528432855667, 3.769298623094740730, 14.79758326581553618 ) ) ;
#4924 = CARTESIAN_POINT ( 'NONE',  ( 5.169552048494979957, 3.901733890749974343, 14.08130672538107220 ) ) ;
#4925 = CARTESIAN_POINT ( 'NONE',  ( -8.611510693413039874, 4.700492690897981163, 11.37955977977940414 ) ) ;
#4926 = VECTOR ( 'NONE', #4037, 1000.000000000000000 ) ;
#4927 = CARTESIAN_POINT ( 'NONE',  ( -5.500101089159018741, 14.63993272846198579, -12.92606444060682236 ) ) ;
#4928 = CARTESIAN_POINT ( 'NONE',  ( -14.03095902066377754, 3.997937849271230526, -0.3950969483952516681 ) ) ;
#4929 = ORIENTED_EDGE ( 'NONE', *, *, #6715, .F. ) ;
#4930 = AXIS2_PLACEMENT_3D ( 'NONE', #4720, #1820, #6405 ) ;
#4931 = LINE ( 'NONE', #2679, #4325 ) ;
#4932 = CARTESIAN_POINT ( 'NONE',  ( -2.744253716888250594, 14.93491219094255307, -14.35917441964979169 ) ) ;
#4933 = DIRECTION ( 'NONE',  ( 0.000000000000000000, 0.000000000000000000, -1.000000000000000000 ) ) ;
#4934 = DIRECTION ( 'NONE',  ( -0.000000000000000000, -1.000000000000000000, -0.000000000000000000 ) ) ;
#4935 = EDGE_CURVE ( 'NONE', #6160, #3582, #4318, .T. ) ;
#4936 = CIRCLE ( 'NONE', #5543, 1.000000000000000888 ) ;
#4937 = CARTESIAN_POINT ( 'NONE',  ( 7.112994097454899745, 17.21275850705173127, 10.51422732184405007 ) ) ;
#4938 = CARTESIAN_POINT ( 'NONE',  ( -6.744009670000037815, 3.018240399783497896, -13.39953532361068511 ) ) ;
#4939 = CARTESIAN_POINT ( 'NONE',  ( 14.15555555555556033, 4.999999999999997335, 1.812984715944107039 ) ) ;
#4940 = ORIENTED_EDGE ( 'NONE', *, *, #4156, .T. ) ;
#4941 = CARTESIAN_POINT ( 'NONE',  ( -14.71887181090209928, 4.665349315078853643, 2.890828935965644053 ) ) ;
#4942 = CARTESIAN_POINT ( 'NONE',  ( -4.854160215867860728, 4.678371526212159459, 14.19291801388060570 ) ) ;
#4943 = CARTESIAN_POINT ( 'NONE',  ( -0.9368572092452862599, 17.20258509324230900, 12.67562728284721452 ) ) ;
#4944 = CARTESIAN_POINT ( 'NONE',  ( 11.52805513506006818, 4.292873783416801814, -8.392751417970970351 ) ) ;
#4945 = EDGE_LOOP ( 'NONE', ( #3800, #6774, #3180, #730, #1718 ) ) ;
#4946 = ADVANCED_FACE ( 'NONE', ( #5468 ), #5897, .F. ) ;
#4947 = CARTESIAN_POINT ( 'NONE',  ( -1.812984715944101488, 4.799810971035543439, -14.15555555555555856 ) ) ;
#4948 = CARTESIAN_POINT ( 'NONE',  ( 9.221802897687421563, -2.000000000000000000, -10.53367700834821541 ) ) ;
#4949 = CARTESIAN_POINT ( 'NONE',  ( -8.265978463461250314, 15.14124894725558157, -11.14118446248721206 ) ) ;
#4950 = CARTESIAN_POINT ( 'NONE',  ( -5.499640303989860257, 14.54792975267244159, 12.95347242699056700 ) ) ;
#4951 = CARTESIAN_POINT ( 'NONE',  ( -5.447331539530412492, 17.17617608777599969, -11.53231680505837176 ) ) ;
#4952 = CARTESIAN_POINT ( 'NONE',  ( -13.66177648649610887, 3.982382847479343013, -6.205409209409442184 ) ) ;
#4953 = CARTESIAN_POINT ( 'NONE',  ( 12.99038105676641131, 14.39804924711261691, -5.500000000000005329 ) ) ;
#4954 = ORIENTED_EDGE ( 'NONE', *, *, #1818, .T. ) ;
#4955 = ADVANCED_FACE ( 'NONE', ( #4286 ), #2067, .F. ) ;
#4956 = CARTESIAN_POINT ( 'NONE',  ( 14.19980794519455003, 13.28474984484103594, 4.833782609881176029 ) ) ;
#4957 = CARTESIAN_POINT ( 'NONE',  ( 7.883827131477429084, 16.90846634617058442, -10.48728023795660924 ) ) ;
#4958 = CARTESIAN_POINT ( 'NONE',  ( -1.133694935960463113, 3.901731976069271024, -14.95910484604907609 ) ) ;
#4959 = ORIENTED_EDGE ( 'NONE', *, *, #807, .T. ) ;
#4960 = DIRECTION ( 'NONE',  ( 0.000000000000000000, 0.000000000000000000, -1.000000000000000000 ) ) ;
#4961 = CARTESIAN_POINT ( 'NONE',  ( 9.290267669330473765, 12.99999999999999822, 11.80280946417324373 ) ) ;
#4962 = ORIENTED_EDGE ( 'NONE', *, *, #5790, .T. ) ;
#4963 = CARTESIAN_POINT ( 'NONE',  ( 11.58564825859532377, 3.769298623094739842, 9.528235109122084268 ) ) ;
#4964 = CARTESIAN_POINT ( 'NONE',  ( -5.525970388052924065, 15.29497415075910816, -12.65455584884675844 ) ) ;
#4965 = CARTESIAN_POINT ( 'NONE',  ( 0.000000000000000000, -2.000000000000000000, 0.000000000000000000 ) ) ;
#4966 = ORIENTED_EDGE ( 'NONE', *, *, #4020, .F. ) ;
#4967 = CARTESIAN_POINT ( 'NONE',  ( -13.60514076021918406, 15.55274925046519208, -1.438098619699248903 ) ) ;
#4968 = CARTESIAN_POINT ( 'NONE',  ( -1.679185316001489126, 14.75504811013986206, -13.91069392487425915 ) ) ;
#4969 = DIRECTION ( 'NONE',  ( 0.000000000000000000, 0.000000000000000000, 1.000000000000000000 ) ) ;
#4970 = CARTESIAN_POINT ( 'NONE',  ( -12.97364189279320179, 16.19641629605645505, -4.859130905515659293 ) ) ;
#4971 = CARTESIAN_POINT ( 'NONE',  ( -11.92306566418583458, 4.361631949948421294, 9.125215649537663509 ) ) ;
#4972 = CARTESIAN_POINT ( 'NONE',  ( -6.492379252587090477, 3.902453538974592906, -13.52442721853794794 ) ) ;
#4973 = CARTESIAN_POINT ( 'NONE',  ( 15.00000000010360068, 3.999999999531890005, 0.1736455522149717157 ) ) ;
#4974 = ORIENTED_EDGE ( 'NONE', *, *, #2790, .T. ) ;
#4975 = DIRECTION ( 'NONE',  ( -0.000000000000000000, -1.000000000000000000, -0.000000000000000000 ) ) ;
#4976 = EDGE_CURVE ( 'NONE', #2227, #3572, #244, .T. ) ;
#4977 = CARTESIAN_POINT ( 'NONE',  ( -14.79771196371507180, 3.768420980672145593, 2.458091484875675192 ) ) ;
#4978 = CARTESIAN_POINT ( 'NONE',  ( 1.812984715636441369, 13.22779987598784857, 14.15555555489501671 ) ) ;
#4979 = CARTESIAN_POINT ( 'NONE',  ( 11.64990834579253054, 4.130308299584160459, -8.175116027219788251 ) ) ;
#4980 = CARTESIAN_POINT ( 'NONE',  ( 7.138793737353039681, 3.999999999999996447, 12.04422305177071628 ) ) ;
#4981 = DIRECTION ( 'NONE',  ( 0.000000000000000000, -1.000000000000000000, -0.000000000000000000 ) ) ;
#4982 = CARTESIAN_POINT ( 'NONE',  ( -8.409564103756245856, 14.75504811013966666, -11.20742166521023364 ) ) ;
#4983 = CARTESIAN_POINT ( 'NONE',  ( 11.22366443966308047, 16.46435542854616685, -6.559574023786240993 ) ) ;
#4984 = EDGE_CURVE ( 'NONE', #5260, #7328, #7413, .T. ) ;
#4985 = CARTESIAN_POINT ( 'NONE',  ( 13.00028771752248957, 16.46379014889337711, 0.1009766956328490839 ) ) ;
#4986 = CARTESIAN_POINT ( 'NONE',  ( 1.749855697232795881, 4.604426607162356966, 14.16462548862090109 ) ) ;
#4987 = CARTESIAN_POINT ( 'NONE',  ( -2.144203077510816513, 4.999999999999997335, 14.86666666666667602 ) ) ;
#4988 = DIRECTION ( 'NONE',  ( 0.000000000000000000, 0.000000000000000000, -1.000000000000000000 ) ) ;
#4989 = CARTESIAN_POINT ( 'NONE',  ( 7.499999999999994671, 3.999999999999996447, -12.99038105676658184 ) ) ;
#4990 = CARTESIAN_POINT ( 'NONE',  ( 4.833782609620611126, 12.99999999999999822, -14.19980794528325063 ) ) ;
#4991 = CARTESIAN_POINT ( 'NONE',  ( 5.861097865535509044, 16.24543879388421885, -11.83974335557767077 ) ) ;
#4992 = CARTESIAN_POINT ( 'NONE',  ( -2.144203077510811628, 4.999999999999997335, -14.86666666666666536 ) ) ;
#4993 = ORIENTED_EDGE ( 'NONE', *, *, #1872, .F. ) ;
#4994 = ADVANCED_FACE ( 'NONE', ( #1427 ), #3761, .T. ) ;
#4995 = CARTESIAN_POINT ( 'NONE',  ( -11.48847927795900503, 15.08037049037430855, 8.963573277137411921 ) ) ;
#4996 = CARTESIAN_POINT ( 'NONE',  ( 8.559459778352893622, 14.12311881470151320, 11.29322280297109060 ) ) ;
#4997 = EDGE_LOOP ( 'NONE', ( #5452, #2331, #933, #4343 ) ) ;
#4998 = CARTESIAN_POINT ( 'NONE',  ( 2.745904235963430029, 14.92702988626206384, -14.36225731196873667 ) ) ;
#4999 = CARTESIAN_POINT ( 'NONE',  ( 12.56084070158265398, 4.008811356518026336, 6.434762064604279352 ) ) ;
#5000 = AXIS2_PLACEMENT_3D ( 'NONE', #4711, #3623, #5319 ) ;
#5001 = CARTESIAN_POINT ( 'NONE',  ( 1.900000000000000133, 12.00000000000000000, 2.197037335532514280E-16 ) ) ;
#5002 = ORIENTED_EDGE ( 'NONE', *, *, #282, .T. ) ;
#5003 = CARTESIAN_POINT ( 'NONE',  ( -12.99038105676646815, 14.39804924711241085, -5.499999999999999112 ) ) ;
#5004 = CARTESIAN_POINT ( 'NONE',  ( -2.532482586500653277, 15.67656118341482063, -14.00527823653299286 ) ) ;
#5005 = CARTESIAN_POINT ( 'NONE',  ( -4.804539141765332033, 14.84133297373236360, 13.84643864973605432 ) ) ;
#5006 = CARTESIAN_POINT ( 'NONE',  ( 0.000000000000000000, 3.399999999999998579, -3.575000000000000178 ) ) ;
#5007 = CARTESIAN_POINT ( 'NONE',  ( -5.933538608645937629, 16.31664398817212103, 11.73366104792226672 ) ) ;
#5008 = CARTESIAN_POINT ( 'NONE',  ( 8.136905738161063439, 15.39308095162504308, -11.09379147799360865 ) ) ;
#5009 = CIRCLE ( 'NONE', #5611, 0.9999999999999991118 ) ;
#5010 = AXIS2_PLACEMENT_3D ( 'NONE', #6124, #3225, #2269 ) ;
#5011 = CARTESIAN_POINT ( 'NONE',  ( 11.41714724628673139, 17.21275850705173838, 5.549090913153925442 ) ) ;
#5012 = CARTESIAN_POINT ( 'NONE',  ( -5.979223481117765360, 4.143710939356634704, -12.91866735108703423 ) ) ;
#5013 = CARTESIAN_POINT ( 'NONE',  ( -1.784497617352914345, 13.89581248135484337, 14.09653354530783709 ) ) ;
#5014 = VECTOR ( 'NONE', #5628, 1000.000000000000000 ) ;
#5015 = DIRECTION ( 'NONE',  ( 0.000000000000000000, 1.000000000000000000, 0.000000000000000000 ) ) ;
#5016 = VECTOR ( 'NONE', #5664, 1000.000000000000000 ) ;
#5017 = CARTESIAN_POINT ( 'NONE',  ( -13.16556307376509949, 4.924501532876424115, 5.507686957097281955 ) ) ;
#5018 = CYLINDRICAL_SURFACE ( 'NONE', #4529, 0.9999999999999991118 ) ;
#5019 = CARTESIAN_POINT ( 'NONE',  ( 6.736219664775244809, 3.999560766178295257, -12.29931781088910370 ) ) ;
#5020 = CARTESIAN_POINT ( 'NONE',  ( -12.73680104816764391, 4.038844952730962667, -6.231810639383197348 ) ) ;
#5021 = CARTESIAN_POINT ( 'NONE',  ( -1.038719223037399830, 17.17956975291490807, 12.70655714476242260 ) ) ;
#5022 = FACE_OUTER_BOUND ( 'NONE', #5933, .T. ) ;
#5023 = CARTESIAN_POINT ( 'NONE',  ( -11.80280946417324550, 12.99999999999999822, -9.290267669330466660 ) ) ;
#5024 = CARTESIAN_POINT ( 'NONE',  ( -12.58918461679357748, 17.26706329440287746, -0.6771793161701967767 ) ) ;
#5025 = CARTESIAN_POINT ( 'NONE',  ( 11.10538866494346344, 17.01496715519835945, -6.822655380571315931 ) ) ;
#5026 = CARTESIAN_POINT ( 'NONE',  ( -13.14537582726230092, 4.683386901737484287, -5.554211726779432645 ) ) ;
#5027 = CARTESIAN_POINT ( 'NONE',  ( -7.499999999999990230, 2.999999999999996447, 12.99038105676658539 ) ) ;
#5028 = FACE_OUTER_BOUND ( 'NONE', #52, .T. ) ;
#5029 = CARTESIAN_POINT ( 'NONE',  ( 5.549090913153925442, 17.21275850705173838, -11.41714724628673139 ) ) ;
#5030 = EDGE_CURVE ( 'NONE', #4640, #3861, #4554, .T. ) ;
#5031 = CARTESIAN_POINT ( 'NONE',  ( -13.80753668323265693, 14.93491219094219424, -4.802993776569785211 ) ) ;
#5032 = CARTESIAN_POINT ( 'NONE',  ( 7.500000000000006217, 2.999999999999996447, 12.99038105676657651 ) ) ;
#5033 = VERTEX_POINT ( 'NONE', #4591 ) ;
#5034 = CARTESIAN_POINT ( 'NONE',  ( -0.3353329254848487206, 2.999999999999996891, 15.00000000000000355 ) ) ;
#5035 = CARTESIAN_POINT ( 'NONE',  ( 11.44606569533553575, 4.466339822256655268, -8.517667704006822049 ) ) ;
#5036 = ORIENTED_EDGE ( 'NONE', *, *, #5982, .T. ) ;
#5037 = CARTESIAN_POINT ( 'NONE',  ( 12.82271459402415203, 2.999999999999995559, 7.790406832195230002 ) ) ;
#5038 = CARTESIAN_POINT ( 'NONE',  ( 11.16004390720889994, 15.03165809364156935, 8.307078918498687514 ) ) ;
#5039 = ADVANCED_FACE ( 'NONE', ( #393, #1074 ), #3987, .T. ) ;
#5040 = VECTOR ( 'NONE', #305, 1000.000000000000000 ) ;
#5041 = CARTESIAN_POINT ( 'NONE',  ( 11.18891489752528479, 14.87622484628147568, 8.385727113295455837 ) ) ;
#5042 = VERTEX_POINT ( 'NONE', #6301 ) ;
#5043 = CARTESIAN_POINT ( 'NONE',  ( -13.06089942128692982, 14.11544024326044777, 5.500547170247449102 ) ) ;
#5044 = CARTESIAN_POINT ( 'NONE',  ( 13.15140348802874115, 13.47113536147253576, -5.506284682753523008 ) ) ;
#5045 = CARTESIAN_POINT ( 'NONE',  ( 12.99038105676657651, 4.999999999999996447, -7.500000000000005329 ) ) ;
#5046 = DIRECTION ( 'NONE',  ( 0.000000000000000000, 0.000000000000000000, 1.000000000000000000 ) ) ;
#5047 = EDGE_CURVE ( 'NONE', #6208, #1357, #1635, .T. ) ;
#5048 = CARTESIAN_POINT ( 'NONE',  ( -11.71686882982738176, 3.563653805202794622, 9.366361376382284831 ) ) ;
#5049 = AXIS2_PLACEMENT_3D ( 'NONE', #2159, #1012, #3266 ) ;
#5050 = CARTESIAN_POINT ( 'NONE',  ( -1.812984715944098824, 12.99999999999999822, 14.15555555555555500 ) ) ;
#5051 = CARTESIAN_POINT ( 'NONE',  ( 12.09444966994222348, 4.082589286013394769, 8.886143310490506764 ) ) ;
#5052 = DIRECTION ( 'NONE',  ( 0.000000000000000000, -1.000000000000000000, -0.000000000000000000 ) ) ;
#5053 = DIRECTION ( 'NONE',  ( 0.000000000000000000, 0.000000000000000000, -1.000000000000000000 ) ) ;
#5054 = CARTESIAN_POINT ( 'NONE',  ( -14.99708620329323239, 2.999121522247317095, 0.3411642538948722603 ) ) ;
#5055 = CIRCLE ( 'NONE', #7134, 5.000000000000000888 ) ;
#5056 = CARTESIAN_POINT ( 'NONE',  ( 0.000000000000000000, -2.000000000000000000, 0.000000000000000000 ) ) ;
#5057 = CARTESIAN_POINT ( 'NONE',  ( -1.812984715944100156, 13.38366455755633666, -14.15555555555555323 ) ) ;
#5058 = CARTESIAN_POINT ( 'NONE',  ( -11.20914912568308885, 14.74415884604111326, -8.412827834058738574 ) ) ;
#5059 = CARTESIAN_POINT ( 'NONE',  ( -13.02416466841564890, 16.90846634617058442, -1.583954455926151805 ) ) ;
#5060 = DIRECTION ( 'NONE',  ( 0.000000000000000000, -1.000000000000000000, 0.000000000000000000 ) ) ;
#5061 = CARTESIAN_POINT ( 'NONE',  ( 11.97910132574594044, 16.14461645573611293, -5.768785443224931697 ) ) ;
#5062 = CARTESIAN_POINT ( 'NONE',  ( 4.833782609620621784, 4.999999999999996447, 14.19980794528324708 ) ) ;
#5063 = CARTESIAN_POINT ( 'NONE',  ( -14.14423838406149869, 4.214198939172965730, -4.994721522614486098 ) ) ;
#5064 = CARTESIAN_POINT ( 'NONE',  ( 2.428612866367529932E-15, 3.999999999999996447, 13.99999999999999822 ) ) ;
#5065 = CARTESIAN_POINT ( 'NONE',  ( -1.260608332900888140, 17.08407666565372907, -12.82422012126512811 ) ) ;
#5066 = CARTESIAN_POINT ( 'NONE',  ( 8.639668682331171468, 4.839156113676546411, -11.35878052288828499 ) ) ;
#5067 = CARTESIAN_POINT ( 'NONE',  ( 8.647868598458289924, 12.99999999999999822, 11.35257835782099889 ) ) ;
#5068 = DIRECTION ( 'NONE',  ( -0.000000000000000000, 1.000000000000000000, -0.000000000000000000 ) ) ;
#5069 = B_SPLINE_CURVE_WITH_KNOTS ( 'NONE', 3,
 ( #157, #7145, #4241, #4850, #6575, #3676, #6000, #769, #3101, #7179, #1946, #5370, #5872, #4198 ),
 .UNSPECIFIED., .F., .F.,
 ( 4, 2, 2, 2, 2, 2, 4 ),
 ( 0.000000000000000000, 0.0005928652010081119934, 0.001185730402016223987, 0.001482163002520281176, 0.001778595603024338149, 0.002075028203528395121, 0.002371460804032452310 ),
 .UNSPECIFIED. ) ;
#5070 = CARTESIAN_POINT ( 'NONE',  ( 9.527625652586086957, 3.768420980672145593, 11.58614873602432027 ) ) ;
#5071 = EDGE_LOOP ( 'NONE', ( #3323, #4179, #774 ) ) ;
#5072 = EDGE_CURVE ( 'NONE', #4306, #4669, #5903, .T. ) ;
#5073 = CARTESIAN_POINT ( 'NONE',  ( -10.59330658704758044, 16.49948735465791572, 8.495958808590543754 ) ) ;
#5074 = CARTESIAN_POINT ( 'NONE',  ( 11.56905636301621243, 3.799821379378554909, -9.548333649266787404 ) ) ;
#5075 = ORIENTED_EDGE ( 'NONE', *, *, #1687, .F. ) ;
#5076 = CARTESIAN_POINT ( 'NONE',  ( 11.81961859563313055, 3.436560184660547357, 9.236743421015628286 ) ) ;
#5077 = CARTESIAN_POINT ( 'NONE',  ( -11.36375145748640314, 16.45601103265699194, 6.332500999375080042 ) ) ;
#5078 = ORIENTED_EDGE ( 'NONE', *, *, #3649, .F. ) ;
#5079 = EDGE_CURVE ( 'NONE', #5317, #152, #7227, .T. ) ;
#5080 = CARTESIAN_POINT ( 'NONE',  ( -13.25315408226436098, 4.999999999999996447, 4.511530435645918047 ) ) ;
#5081 = CARTESIAN_POINT ( 'NONE',  ( 5.500993980620318524, 14.74415884604111504, 12.89029718480126263 ) ) ;
#5082 = FACE_OUTER_BOUND ( 'NONE', #163, .T. ) ;
#5083 = CARTESIAN_POINT ( 'NONE',  ( 4.822588124110026797, 15.90511541514508664, -13.22641951363623569 ) ) ;
#5084 = CARTESIAN_POINT ( 'NONE',  ( 10.48728023795660746, 16.90846634617058086, 7.883827131477430861 ) ) ;
#5085 = VERTEX_POINT ( 'NONE', #1611 ) ;
#5086 = CARTESIAN_POINT ( 'NONE',  ( -8.502632036557574935, 4.425424731083014152, -11.45685543168676368 ) ) ;
#5087 = CARTESIAN_POINT ( 'NONE',  ( -1.532019496000594172, 15.30520404997188777, 13.71353509606478127 ) ) ;
#5088 = DIRECTION ( 'NONE',  ( 0.000000000000000000, 0.000000000000000000, -1.000000000000000000 ) ) ;
#5089 = EDGE_CURVE ( 'NONE', #663, #6262, #1407, .T. ) ;
#5090 = CARTESIAN_POINT ( 'NONE',  ( 1.932648082196571693, 16.62548432742737603, -13.30580703320269720 ) ) ;
#5091 = CARTESIAN_POINT ( 'NONE',  ( 5.856709657401179214, 4.230181196864250204, -12.99342924280024825 ) ) ;
#5092 = DIRECTION ( 'NONE',  ( 0.000000000000000000, 0.000000000000000000, 1.000000000000000000 ) ) ;
#5093 = ORIENTED_EDGE ( 'NONE', *, *, #2416, .T. ) ;
#5094 = CARTESIAN_POINT ( 'NONE',  ( -13.25315408226436453, 4.999999999999996447, -5.511530435645907389 ) ) ;
#5095 = CARTESIAN_POINT ( 'NONE',  ( -9.860596930282630623, 13.57088042692304874, -11.27085412017902932 ) ) ;
#5096 = CARTESIAN_POINT ( 'NONE',  ( -12.49858058641903291, 17.33111043878623647, 0.2552002975765684800 ) ) ;
#5097 = CARTESIAN_POINT ( 'NONE',  ( 8.252991595866017605, 4.177885365146817520, 11.60837507575572758 ) ) ;
#5098 =( BOUNDED_SURFACE ( )  B_SPLINE_SURFACE ( 3, 2, ( 
 ( #2514, #5411, #5447 ),
 ( #262, #300, #795 ),
 ( #4839, #221, #6638 ),
 ( #4913, #3811, #1900 ),
 ( #2547, #3742, #7245 ),
 ( #4337, #7170, #6674 ),
 ( #868, #1935, #2045 ),
 ( #4266, #1370, #3127 ),
 ( #4875, #7206, #2082 ),
 ( #7470, #3926, #5718 ),
 ( #4533, #943, #5637 ),
 ( #2164, #405, #371 ),
 ( #4573, #1090, #4455 ),
 ( #336, #1590, #2661 ),
 ( #5061, #6865, #7355 ),
 ( #2739, #4411, #2240 ),
 ( #6908, #7392, #4490 ),
 ( #5135, #3422, #1673 ),
 ( #6319, #6822, #6745 ),
 ( #479, #3270, #2124 ),
 ( #4002, #2814, #3348 ),
 ( #4983, #7314, #6203 ),
 ( #1511, #6244, #1630 ),
 ( #5679, #5025, #3384 ),
 ( #2200, #1058, #2776 ),
 ( #1550, #3886, #1018 ),
 ( #3852, #7431, #6169 ),
 ( #5595, #2703, #6785 ),
 ( #976, #3308, #444 ),
 ( #5099, #3967, #6284 ),
 ( #3620, #2348, #4787 ),
 ( #89, #2307, #5900 ),
 ( #1316, #3652, #6510 ),
 ( #7042, #1152, #740 ),
 ( #3075, #2997, #1278 ),
 ( #3575, #6426, #125 ),
 ( #1188, #2387, #1846 ),
 ( #6389, #582, #3528 ),
 ( #7533, #5854, #625 ),
 ( #705, #4639, #5316 ) ),
 .UNSPECIFIED., .F., .F., .T. ) 
 B_SPLINE_SURFACE_WITH_KNOTS ( ( 4, 2, 2, 2, 2, 2, 2, 2, 2, 2, 2, 2, 2, 2, 2, 2, 2, 2, 2, 4 ),
 ( 3, 3 ),
 ( 0.000000000000000000, 0.0006748142658293161678, 0.001349628531658632336, 0.002024442797487948503, 0.002361849930402606587, 0.002699257063317264671, 0.003374071329146580839, 0.004048885594975897007, 0.004386292727890555090, 0.004723699860805213174, 0.005398514126634529342, 0.005735921259549187426, 0.006073328392463845510, 0.006748142658293161678, 0.007422956924122477845, 0.008097771189951794013, 0.008772585455781110181, 0.009447399721610426349, 0.01012221398743974252, 0.01079702825326905868 ),
 ( 0.000000000000000000, 1.000000000000000000 ),
 .UNSPECIFIED. ) 
 GEOMETRIC_REPRESENTATION_ITEM ( )  RATIONAL_B_SPLINE_SURFACE ( (
 ( 1.000000000000000000, 0.7867957924694437555, 1.000000000000000000),
 ( 1.000000000000000000, 0.7867893510871544205, 1.000000000000000000),
 ( 1.000000000000000000, 0.7886154144826832413, 1.000000000000000000),
 ( 1.000000000000000000, 0.7953661699510029548, 1.000000000000000000),
 ( 1.000000000000000000, 0.8003370620002963065, 1.000000000000000000),
 ( 1.000000000000000000, 0.8122778712297948900, 1.000000000000000000),
 ( 1.000000000000000000, 0.8191018390051914011, 1.000000000000000000),
 ( 1.000000000000000000, 0.8294273880737195181, 1.000000000000000000),
 ( 1.000000000000000000, 0.8328837475270072233, 1.000000000000000000),
 ( 1.000000000000000000, 0.8396202395222880366, 1.000000000000000000),
 ( 1.000000000000000000, 0.8429190808683637570, 1.000000000000000000),
 ( 1.000000000000000000, 0.8520089025836262708, 1.000000000000000000),
 ( 1.000000000000000000, 0.8570195765217936135, 1.000000000000000000),
 ( 1.000000000000000000, 0.8641253354133362485, 1.000000000000000000),
 ( 1.000000000000000000, 0.8660656719304562490, 1.000000000000000000),
 ( 1.000000000000000000, 0.8672705396855108217, 1.000000000000000000),
 ( 1.000000000000000000, 0.8674005837561247212, 1.000000000000000000),
 ( 1.000000000000000000, 0.8673400669030715271, 1.000000000000000000),
 ( 1.000000000000000000, 0.8671565711264828114, 1.000000000000000000),
 ( 1.000000000000000000, 0.8665197314968020592, 1.000000000000000000),
 ( 1.000000000000000000, 0.8660366921799085294, 1.000000000000000000),
 ( 1.000000000000000000, 0.8660201165652836597, 1.000000000000000000),
 ( 1.000000000000000000, 0.8661157520136483212, 1.000000000000000000),
 ( 1.000000000000000000, 0.8664506541182316335, 1.000000000000000000),
 ( 1.000000000000000000, 0.8666907191152731782, 1.000000000000000000),
 ( 1.000000000000000000, 0.8673394484497835011, 1.000000000000000000),
 ( 1.000000000000000000, 0.8676850451489538374, 1.000000000000000000),
 ( 1.000000000000000000, 0.8661932981187584479, 1.000000000000000000),
 ( 1.000000000000000000, 0.8643369046394933086, 1.000000000000000000),
 ( 1.000000000000000000, 0.8574128041483155549, 1.000000000000000000),
 ( 1.000000000000000000, 0.8524249261065907080, 1.000000000000000000),
 ( 1.000000000000000000, 0.8404064465175510312, 1.000000000000000000),
 ( 1.000000000000000000, 0.8333831374746071274, 1.000000000000000000),
 ( 1.000000000000000000, 0.8194743686559892160, 1.000000000000000000),
 ( 1.000000000000000000, 0.8124799750443728596, 1.000000000000000000),
 ( 1.000000000000000000, 0.8005275974375921644, 1.000000000000000000),
 ( 1.000000000000000000, 0.7955347744213214778, 1.000000000000000000),
 ( 1.000000000000000000, 0.7886441666172159248, 1.000000000000000000),
 ( 1.000000000000000000, 0.7867760218661269400, 1.000000000000000000),
 ( 1.000000000000000000, 0.7867957924694434224, 1.000000000000000000) ) ) 
 REPRESENTATION_ITEM ( '' )  SURFACE ( )  );
#5099 = CARTESIAN_POINT ( 'NONE',  ( 11.01997605798448987, 15.79958987962644024, -7.865563421580975323 ) ) ;
#5100 = CARTESIAN_POINT ( 'NONE',  ( -7.112994097454897968, 17.21275850705173838, -10.51422732184405895 ) ) ;
#5101 = CARTESIAN_POINT ( 'NONE',  ( -13.16556307261241443, 4.918749111901025373, -5.507686956995916816 ) ) ;
#5102 = CARTESIAN_POINT ( 'NONE',  ( 1.900000000000000355, 16.00000000000000000, -2.481053203782619399 ) ) ;
#5103 = CARTESIAN_POINT ( 'NONE',  ( -8.673617379884035472E-16, 3.999999999999996447, -15.00000000000000000 ) ) ;
#5104 = CARTESIAN_POINT ( 'NONE',  ( 12.07123469388276149, 16.90846634617058442, -5.140337536938224261 ) ) ;
#5105 = CARTESIAN_POINT ( 'NONE',  ( -12.99038105676657118, 3.999999999999996447, 7.500000000000009770 ) ) ;
#5106 = CARTESIAN_POINT ( 'NONE',  ( -0.6324371624636941913, 3.929555441587491149, -14.98743334316044873 ) ) ;
#5107 = DIRECTION ( 'NONE',  ( 8.659560562354937789E-17, -0.7071067811865470176, 0.7071067811865480168 ) ) ;
#5108 = CARTESIAN_POINT ( 'NONE',  ( 12.63706446699320018, 3.007541301891202501, -8.082919602111708457 ) ) ;
#5109 = ORIENTED_EDGE ( 'NONE', *, *, #1026, .F. ) ;
#5110 = CARTESIAN_POINT ( 'NONE',  ( 0.7247550688507451433, 16.92071623829504290, -13.12907722402453281 ) ) ;
#5111 = CARTESIAN_POINT ( 'NONE',  ( 10.86678464716037418, 15.65594707400758523, 9.200385287461914530 ) ) ;
#5112 = CARTESIAN_POINT ( 'NONE',  ( 11.06334821056332451, 15.55274925046519385, 8.048000317916482516 ) ) ;
#5113 = ORIENTED_EDGE ( 'NONE', *, *, #6427, .T. ) ;
#5114 = CARTESIAN_POINT ( 'NONE',  ( -13.73333333333333250, 4.999999999999996447, -2.719477073916151344 ) ) ;
#5115 = CARTESIAN_POINT ( 'NONE',  ( 8.513891686436709350, 16.48407345658081269, -10.59827446915566007 ) ) ;
#5116 = CARTESIAN_POINT ( 'NONE',  ( -11.80280946695268796, 4.903130381076444166, 9.290267665534019059 ) ) ;
#5117 = AXIS2_PLACEMENT_3D ( 'NONE', #1237, #6590, #7159 ) ;
#5118 = EDGE_CURVE ( 'NONE', #2419, #200, #6024, .T. ) ;
#5119 = CARTESIAN_POINT ( 'NONE',  ( -11.82061637682236288, 3.435280335374281346, 9.235493961053728995 ) ) ;
#5120 = CARTESIAN_POINT ( 'NONE',  ( -1.208561499647301085, 16.66860712098416997, 13.37812763211818101 ) ) ;
#5121 = CARTESIAN_POINT ( 'NONE',  ( 13.16556307376510304, 12.99999999999999822, 5.507686957097267744 ) ) ;
#5122 = AXIS2_PLACEMENT_3D ( 'NONE', #5766, #5726, #2783 ) ;
#5123 = DIRECTION ( 'NONE',  ( 0.000000000000000000, 1.000000000000000000, 0.000000000000000000 ) ) ;
#5124 = CARTESIAN_POINT ( 'NONE',  ( 2.913725436338731711, 12.99999999999999822, -14.71428571428571708 ) ) ;
#5125 = CIRCLE ( 'NONE', #6349, 0.9999999999999991118 ) ;
#5126 = CARTESIAN_POINT ( 'NONE',  ( 5.698184653713510350, 4.399910688984972396, -13.07805645777453663 ) ) ;
#5127 = CARTESIAN_POINT ( 'NONE',  ( -14.09538817276225231, 4.008811356518034330, 0.7077529355356483309 ) ) ;
#5128 = CARTESIAN_POINT ( 'NONE',  ( -2.913725436338730379, 13.54176568429052452, 14.71428571428571530 ) ) ;
#5129 = ADVANCED_FACE ( 'NONE', ( #4057 ), #668, .T. ) ;
#5130 = CARTESIAN_POINT ( 'NONE',  ( -10.99025763402355871, 16.04144829552216933, -7.624673442530331968 ) ) ;
#5131 = AXIS2_PLACEMENT_3D ( 'NONE', #1246, #6402, #4111 ) ;
#5132 = VECTOR ( 'NONE', #819, 1000.000000000000000 ) ;
#5133 = CARTESIAN_POINT ( 'NONE',  ( -14.29529504301835452, 15.09020611454483962, 2.710223386923294786 ) ) ;
#5134 = CARTESIAN_POINT ( 'NONE',  ( -14.07624042755581328, 14.13100405513731772, -4.820265302179649325 ) ) ;
#5135 = CARTESIAN_POINT ( 'NONE',  ( 11.63533756552555687, 16.36206807681249842, -6.027168606233486159 ) ) ;
#5136 = CARTESIAN_POINT ( 'NONE',  ( -12.99038105676657118, 4.999999999999996447, 7.500000000000009770 ) ) ;
#5137 = CARTESIAN_POINT ( 'NONE',  ( -12.90785324070601270, 14.71161461295779738, -5.499999999999841016 ) ) ;
#5138 = LINE ( 'NONE', #1127, #378 ) ;
#5139 = CIRCLE ( 'NONE', #5256, 2.000000000000000000 ) ;
#5140 = CARTESIAN_POINT ( 'NONE',  ( -2.719477073916149124, 4.999999999999996447, 13.73333333333333073 ) ) ;
#5141 = TOROIDAL_SURFACE ( 'NONE', #6105, 0.9999999999999991118, 1.000000000000000000 ) ;
#5142 = CARTESIAN_POINT ( 'NONE',  ( -14.13996336390421860, 4.186732713191919864, -5.006887361964769134 ) ) ;
#5143 = CARTESIAN_POINT ( 'NONE',  ( 13.50420136572477858, 15.55649591536799825, -4.791230746600290580 ) ) ;
#5144 = CARTESIAN_POINT ( 'NONE',  ( 5.627618151244579536, 15.85327801013087345, 12.27767764633976810 ) ) ;
#5145 = CARTESIAN_POINT ( 'NONE',  ( -8.593687042274407162, 13.89581248135484337, 11.31570734685969803 ) ) ;
#5146 = DIRECTION ( 'NONE',  ( -0.000000000000000000, -1.000000000000000000, -0.000000000000000000 ) ) ;
#5147 = CARTESIAN_POINT ( 'NONE',  ( 12.26385545311861058, 3.945968001676314785, -8.643771129885664095 ) ) ;
#5148 = ORIENTED_EDGE ( 'NONE', *, *, #2761, .T. ) ;
#5149 = CARTESIAN_POINT ( 'NONE',  ( 2.386342148662749185, 15.99135119082490597, -13.80395615036363210 ) ) ;
#5150 = CARTESIAN_POINT ( 'NONE',  ( 10.98546540568762886, 16.14461645573611293, 7.489813340991407387 ) ) ;
#5151 = CARTESIAN_POINT ( 'NONE',  ( 10.99267098056680858, 16.21554403901578212, 7.372130411949091133 ) ) ;
#5152 = VERTEX_POINT ( 'NONE', #3209 ) ;
#5153 = CARTESIAN_POINT ( 'NONE',  ( 0.6705318403673767857, 2.994094911299066020, -14.98871011896563665 ) ) ;
#5154 = CARTESIAN_POINT ( 'NONE',  ( -0.6879303150590148075, 3.007811910147806245, 14.98520250997278680 ) ) ;
#5155 = CARTESIAN_POINT ( 'NONE',  ( 0.000000000000000000, 12.99999999999999822, 0.000000000000000000 ) ) ;
#5156 = CARTESIAN_POINT ( 'NONE',  ( -13.33017902646525066, 16.04144829552216933, -1.108032079779804890 ) ) ;
#5157 = CIRCLE ( 'NONE', #1873, 1.999999999999999112 ) ;
#5158 = CARTESIAN_POINT ( 'NONE',  ( 7.465961107954104392, 16.80948711538535534, -10.97997295649570049 ) ) ;
#5159 = DIRECTION ( 'NONE',  ( 0.000000000000000000, -1.000000000000000000, -0.000000000000000000 ) ) ;
#5160 = ORIENTED_EDGE ( 'NONE', *, *, #5871, .F. ) ;
#5161 = CARTESIAN_POINT ( 'NONE',  ( 2.913725436338736152, 4.999999999999996447, 14.71428571428571352 ) ) ;
#5162 = CARTESIAN_POINT ( 'NONE',  ( 11.35257835782099889, 4.999999999999996447, -8.647868598458288147 ) ) ;
#5163 = VECTOR ( 'NONE', #3167, 1000.000000000000000 ) ;
#5164 = CARTESIAN_POINT ( 'NONE',  ( 12.20187832141433226, 3.984706786667200351, 8.733115507161384627 ) ) ;
#5165 = CARTESIAN_POINT ( 'NONE',  ( -12.99038105676658006, 3.999999999999996447, -7.499999999999999112 ) ) ;
#5166 = CARTESIAN_POINT ( 'NONE',  ( -14.19980794528324353, 4.830693141506387178, 4.833782609620627113 ) ) ;
#5167 = CARTESIAN_POINT ( 'NONE',  ( -14.87773559879023111, 4.530546518778181486, 2.041711114622581036 ) ) ;
#5168 = EDGE_CURVE ( 'NONE', #3477, #7066, #2951, .T. ) ;
#5169 = VERTEX_POINT ( 'NONE', #3105 ) ;
#5170 = AXIS2_PLACEMENT_3D ( 'NONE', #1009, #2875, #4637 ) ;
#5171 = CARTESIAN_POINT ( 'NONE',  ( 14.17141751754958712, 4.466339822256676584, -1.653483764996424465 ) ) ;
#5172 = CARTESIAN_POINT ( 'NONE',  ( 5.507686957181746834, 4.918760237672631597, 13.16556307472580833 ) ) ;
#5173 = CARTESIAN_POINT ( 'NONE',  ( -11.35257835782100244, 12.99999999999999822, -8.647868598458282818 ) ) ;
#5174 = DIRECTION ( 'NONE',  ( 0.000000000000000000, -1.000000000000000000, 0.000000000000000000 ) ) ;
#5175 = CARTESIAN_POINT ( 'NONE',  ( -7.549138681379863769, 4.003905949981414913, 11.88743333927153856 ) ) ;
#5176 = CARTESIAN_POINT ( 'NONE',  ( -4.511530435645896731, -2.000000000000000000, 13.25315408226436809 ) ) ;
#5177 = CARTESIAN_POINT ( 'NONE',  ( -9.221802897687414458, -2.000000000000000000, 11.53367700834822074 ) ) ;
#5178 = EDGE_CURVE ( 'NONE', #2882, #5422, #1490, .T. ) ;
#5179 = DIRECTION ( 'NONE',  ( 0.000000000000000000, 0.000000000000000000, 1.000000000000000000 ) ) ;
#5180 = CARTESIAN_POINT ( 'NONE',  ( -13.53352952021849198, 3.060284748218930595, -6.470773119197293255 ) ) ;
#5181 = CARTESIAN_POINT ( 'NONE',  ( 8.954429130492814082, 4.142845021969562502, -12.04584984387923541 ) ) ;
#5182 = CARTESIAN_POINT ( 'NONE',  ( 6.929829937342591784, 16.40558851998380874, 11.07121646834343665 ) ) ;
#5183 = CARTESIAN_POINT ( 'NONE',  ( -8.469872295051594335, 14.54162390953149497, 11.24048614865596107 ) ) ;
#5184 = CARTESIAN_POINT ( 'NONE',  ( -5.325704933803374175, 17.08802487472235399, 11.72784128057408992 ) ) ;
#5185 = ADVANCED_FACE ( 'NONE', ( #1561 ), #6167, .T. ) ;
#5186 = CARTESIAN_POINT ( 'NONE',  ( 11.74670010441884926, 4.051461718327677985, -7.959214786790317575 ) ) ;
#5187 = ORIENTED_EDGE ( 'NONE', *, *, #4885, .F. ) ;
#5188 = CARTESIAN_POINT ( 'NONE',  ( 1.532019496000636805, 15.30520404997198547, -13.71353509606483456 ) ) ;
#5189 = CARTESIAN_POINT ( 'NONE',  ( 11.27108736315320137, 13.56600332138717135, 9.860891073398077467 ) ) ;
#5190 = CARTESIAN_POINT ( 'NONE',  ( 12.85355780278464977, 14.88492211286573230, 5.497098340336703970 ) ) ;
#5191 = VERTEX_POINT ( 'NONE', #5728 ) ;
#5192 = CARTESIAN_POINT ( 'NONE',  ( 11.28608250894452070, 4.999999999999997335, 9.880503104665107728 ) ) ;
#5193 = CARTESIAN_POINT ( 'NONE',  ( -1.139648245525361814, 3.902453538974729685, 14.95868716918111829 ) ) ;
#5194 = CARTESIAN_POINT ( 'NONE',  ( 12.99038105676641131, 14.39804924711261691, -5.500000000000005329 ) ) ;
#5195 = CARTESIAN_POINT ( 'NONE',  ( -14.60276031579855704, 14.11976560169279082, -2.864667622864450536 ) ) ;
#5196 = CARTESIAN_POINT ( 'NONE',  ( 5.942368006641474132, 16.93155670826518389, -11.71651201125909481 ) ) ;
#5197 = FACE_OUTER_BOUND ( 'NONE', #2734, .T. ) ;
#5198 = ORIENTED_EDGE ( 'NONE', *, *, #5178, .T. ) ;
#5199 = CARTESIAN_POINT ( 'NONE',  ( -11.71651201125948205, 16.93155670826518744, -5.942368006641387979 ) ) ;
#5200 = CARTESIAN_POINT ( 'NONE',  ( -4.833782603462989158, 4.837520475530921793, -14.19980794737939256 ) ) ;
#5201 = ORIENTED_EDGE ( 'NONE', *, *, #7456, .T. ) ;
#5202 = CARTESIAN_POINT ( 'NONE',  ( 13.16210736820439031, 4.850501015510592318, 5.515856967085818852 ) ) ;
#5203 = CARTESIAN_POINT ( 'NONE',  ( 1.877849636914313392, 4.281769720007604363, 14.89481999283075986 ) ) ;
#5204 = CARTESIAN_POINT ( 'NONE',  ( -14.15682339269227441, 4.839185763299921561, 1.802816763713340320 ) ) ;
#5205 = ORIENTED_EDGE ( 'NONE', *, *, #2154, .T. ) ;
#5206 = CARTESIAN_POINT ( 'NONE',  ( 14.90938969717448792, 4.141511870957416797, -1.730140639936883273 ) ) ;
#5207 = CARTESIAN_POINT ( 'NONE',  ( 12.50737341019440407, 17.32506065368711745, -0.2252771197338877540 ) ) ;
#5208 = CARTESIAN_POINT ( 'NONE',  ( 9.880503104665093517, 4.830693141506387178, -11.28608250894451537 ) ) ;
#5209 = EDGE_CURVE ( 'NONE', #2993, #2422, #3224, .T. ) ;
#5210 = VERTEX_POINT ( 'NONE', #7482 ) ;
#5211 = CARTESIAN_POINT ( 'NONE',  ( -7.666018904043691684, 4.009120202429369506, 11.85134581379613650 ) ) ;
#5212 = DIRECTION ( 'NONE',  ( -1.776356839400249281E-15, 0.000000000000000000, 1.000000000000000000 ) ) ;
#5213 = DIRECTION ( 'NONE',  ( -0.000000000000000000, -1.000000000000000000, -0.000000000000000000 ) ) ;
#5214 = DIRECTION ( 'NONE',  ( 0.000000000000000000, -1.000000000000000000, 0.000000000000000000 ) ) ;
#5215 = ORIENTED_EDGE ( 'NONE', *, *, #5982, .F. ) ;
#5216 = CARTESIAN_POINT ( 'NONE',  ( 9.864347445916536117, 4.678371526212159459, 11.30028506792154985 ) ) ;
#5217 = CARTESIAN_POINT ( 'NONE',  ( 6.332500999375078266, 16.45601103265699550, 11.36375145748641025 ) ) ;
#5218 = ADVANCED_FACE ( 'NONE', ( #1210 ), #4572, .T. ) ;
#5219 = CARTESIAN_POINT ( 'NONE',  ( 0.000000000000000000, 2.000000000000000000, 3.575000000000000178 ) ) ;
#5220 = CARTESIAN_POINT ( 'NONE',  ( -6.377023793722530698, 16.46004852382992567, 11.33368844604529180 ) ) ;
#5221 = CARTESIAN_POINT ( 'NONE',  ( -12.80016085090507083, 16.36882392162266697, 4.891412052084395334 ) ) ;
#5222 = CARTESIAN_POINT ( 'NONE',  ( -14.79758326581553618, 3.769298623094739842, -2.458869528432857887 ) ) ;
#5223 = CARTESIAN_POINT ( 'NONE',  ( -13.16556307472623111, 4.918760237672666236, 5.507686957181788578 ) ) ;
#5224 = ORIENTED_EDGE ( 'NONE', *, *, #5540, .T. ) ;
#5225 = CARTESIAN_POINT ( 'NONE',  ( -0.4601744975245940505, 17.30235213935360150, -12.53970524978225320 ) ) ;
#5226 = CARTESIAN_POINT ( 'NONE',  ( 11.02484037110818349, 16.94927187726893791, 7.102578354965020324 ) ) ;
#5227 = EDGE_CURVE ( 'NONE', #1486, #6583, #3589, .T. ) ;
#5228 = CARTESIAN_POINT ( 'NONE',  ( 2.126693221114063892, 3.463178456121566384, -14.84916391450648909 ) ) ;
#5229 = EDGE_LOOP ( 'NONE', ( #458, #3401, #533, #2896 ) ) ;
#5230 = CARTESIAN_POINT ( 'NONE',  ( 5.457699041919087612, 16.09491777460691964, 12.84233726292665700 ) ) ;
#5231 = CARTESIAN_POINT ( 'NONE',  ( -14.14348377927657552, 13.45280265710871781, -1.807501962579826316 ) ) ;
#5232 = CARTESIAN_POINT ( 'NONE',  ( 6.156503352946230301, 17.33044428562110895, -10.87876909023526117 ) ) ;
#5233 = CARTESIAN_POINT ( 'NONE',  ( -12.20493025947459031, 3.982382847479345678, 8.728740893425570135 ) ) ;
#5234 = CARTESIAN_POINT ( 'NONE',  ( 5.566893257549917706, 4.604426607162358742, -13.14185335685466782 ) ) ;
#5235 = EDGE_LOOP ( 'NONE', ( #3286, #4635, #3759, #7124 ) ) ;
#5236 = CARTESIAN_POINT ( 'NONE',  ( 13.02416466841565246, 16.90846634617058442, 1.583954455926151805 ) ) ;
#5237 = ORIENTED_EDGE ( 'NONE', *, *, #4197, .T. ) ;
#5238 = CARTESIAN_POINT ( 'NONE',  ( 2.601231265626369193, 15.56154386039297322, -14.08794693618169624 ) ) ;
#5239 = CARTESIAN_POINT ( 'NONE',  ( 2.746563468617596815, 4.214198939173035896, 14.74663051908748024 ) ) ;
#5240 = CARTESIAN_POINT ( 'NONE',  ( 14.15682339269227441, 4.839185763299921561, -1.802816763713341430 ) ) ;
#5241 = CARTESIAN_POINT ( 'NONE',  ( -12.64533781280142577, 2.994094911299064243, -8.075052667287295094 ) ) ;
#5242 = CARTESIAN_POINT ( 'NONE',  ( 14.05994772714708496, 14.12311881470151143, -1.766098209239157057 ) ) ;
#5243 = CARTESIAN_POINT ( 'NONE',  ( 9.528235109122082491, 3.769298623094738954, -11.58564825859532377 ) ) ;
#5244 = AXIS2_PLACEMENT_3D ( 'NONE', #7098, #6529, #7248 ) ;
#5245 = EDGE_LOOP ( 'NONE', ( #4849, #5806, #4707, #2531 ) ) ;
#5246 = CARTESIAN_POINT ( 'NONE',  ( -8.158588059813716598, 3.907067251463665070, 12.58804710137211380 ) ) ;
#5247 = DIRECTION ( 'NONE',  ( -0.000000000000000000, -1.000000000000000000, -0.000000000000000000 ) ) ;
#5248 = CARTESIAN_POINT ( 'NONE',  ( 0.000000000000000000, -2.000000000000000000, 0.000000000000000000 ) ) ;
#5249 = CARTESIAN_POINT ( 'NONE',  ( 3.827021247335478803E-16, 16.00000000000000000, 3.125000000000000000 ) ) ;
#5250 = CARTESIAN_POINT ( 'NONE',  ( -6.915795871823815943, 2.994285338930128493, 13.31469382292627834 ) ) ;
#5251 = CARTESIAN_POINT ( 'NONE',  ( 9.800388409426954439, 4.366773803862666448, 11.35579940710563385 ) ) ;
#5252 = AXIS2_PLACEMENT_3D ( 'NONE', #2083, #3812, #6601 ) ;
#5253 = CARTESIAN_POINT ( 'NONE',  ( 8.647868598458279266, 4.922981599811111053, -11.35257835782100599 ) ) ;
#5254 = CARTESIAN_POINT ( 'NONE',  ( -7.500000000000001776, 4.999999999999996447, -12.99038105676657828 ) ) ;
#5255 = CARTESIAN_POINT ( 'NONE',  ( -8.513891686436092954, 16.48407345658118572, 10.59827446915564408 ) ) ;
#5256 = AXIS2_PLACEMENT_3D ( 'NONE', #4495, #1746, #6404 ) ;
#5257 = CARTESIAN_POINT ( 'NONE',  ( -1.265178541393664702, 15.85327801013088056, 13.44658981682886534 ) ) ;
#5258 = CARTESIAN_POINT ( 'NONE',  ( 14.19980794528325951, 4.999999999999998224, -4.833782609620615567 ) ) ;
#5259 = CARTESIAN_POINT ( 'NONE',  ( -13.97091208119439365, 3.565920217497933198, 5.461440022480433143 ) ) ;
#5260 = VERTEX_POINT ( 'NONE', #6449 ) ;
#5261 = CARTESIAN_POINT ( 'NONE',  ( -0.08328569925099578442, 17.04175505156319659, -12.99966784511673623 ) ) ;
#5262 = ADVANCED_FACE ( 'NONE', ( #3553 ), #290, .F. ) ;
#5263 = CARTESIAN_POINT ( 'NONE',  ( 12.43337030808153543, 15.65293292630088118, 5.576288617576017792 ) ) ;
#5264 = DIRECTION ( 'NONE',  ( -0.000000000000000000, -1.000000000000000000, -0.000000000000000000 ) ) ;
#5265 = VERTEX_POINT ( 'NONE', #3164 ) ;
#5266 = CARTESIAN_POINT ( 'NONE',  ( 5.855162107008609063, 4.231589228635337818, 12.99428358905386283 ) ) ;
#5267 = CARTESIAN_POINT ( 'NONE',  ( -13.33486268487514081, 15.40047773549978061, 5.450053466029295635 ) ) ;
#5268 = CARTESIAN_POINT ( 'NONE',  ( 6.188381690807853275, 17.01783092815903586, 11.46854642757751996 ) ) ;
#5269 = CARTESIAN_POINT ( 'NONE',  ( -14.03596340637348483, 15.81384338419788982, -1.818374091520228664 ) ) ;
#5270 = EDGE_CURVE ( 'NONE', #6416, #514, #5652, .T. ) ;
#5271 = CARTESIAN_POINT ( 'NONE',  ( 5.576398997336192487, 12.99999999999999645, -13.94701254168406024 ) ) ;
#5272 = CARTESIAN_POINT ( 'NONE',  ( -1.152997946801423756, 15.99681520817622804, -13.35870070936142540 ) ) ;
#5273 = ORIENTED_EDGE ( 'NONE', *, *, #787, .T. ) ;
#5274 = ORIENTED_EDGE ( 'NONE', *, *, #1394, .F. ) ;
#5275 = CARTESIAN_POINT ( 'NONE',  ( 6.376787385936665942, 4.012211523182457107, 12.61061367518655807 ) ) ;
#5276 = CARTESIAN_POINT ( 'NONE',  ( 1.019532147327723681, 4.051461718327681538, 14.15254809445916884 ) ) ;
#5277 = CARTESIAN_POINT ( 'NONE',  ( -5.558498728340295791, 15.56139645840794294, 12.49585788729453917 ) ) ;
#5278 = EDGE_CURVE ( 'NONE', #2460, #5033, #6634, .T. ) ;
#5279 = ORIENTED_EDGE ( 'NONE', *, *, #38, .F. ) ;
#5280 = CARTESIAN_POINT ( 'NONE',  ( 11.35257835782100599, 4.899988397038736565, 8.647868598458279266 ) ) ;
#5281 = CARTESIAN_POINT ( 'NONE',  ( 4.833782609620622672, -2.000000000000000000, 14.19980794528324886 ) ) ;
#5282 = CARTESIAN_POINT ( 'NONE',  ( 12.66091160529887816, 17.21418835519330770, -0.9204998121804294220 ) ) ;
#5283 = CARTESIAN_POINT ( 'NONE',  ( -8.517667704006925078, 4.466339822256686354, -11.44606569533558904 ) ) ;
#5284 = ORIENTED_EDGE ( 'NONE', *, *, #2512, .T. ) ;
#5285 = CARTESIAN_POINT ( 'NONE',  ( -9.880503104665104175, 4.999999999999998224, 11.28608250894452603 ) ) ;
#5286 = CARTESIAN_POINT ( 'NONE',  ( 14.71428571428571708, -2.000000000000000000, 2.913725436338731267 ) ) ;
#5287 = CARTESIAN_POINT ( 'NONE',  ( -14.09657599580365606, 4.009120202429365953, -0.7132942098954894172 ) ) ;
#5288 = VECTOR ( 'NONE', #1128, 1000.000000000000000 ) ;
#5289 = CARTESIAN_POINT ( 'NONE',  ( -0.1722019271349903569, 2.999999999930747840, 14.99999999999999822 ) ) ;
#5290 = CARTESIAN_POINT ( 'NONE',  ( 8.728740893425566583, 3.982382847479276400, 12.20493025947430965 ) ) ;
#5291 = CARTESIAN_POINT ( 'NONE',  ( -4.511530435645896731, 4.999999999999996447, 13.25315408226436986 ) ) ;
#5292 = FACE_OUTER_BOUND ( 'NONE', #958, .T. ) ;
#5293 = AXIS2_PLACEMENT_3D ( 'NONE', #3316, #1064, #3355 ) ;
#5294 = CARTESIAN_POINT ( 'NONE',  ( -8.968610998045180693, 15.99135119082495393, 10.76140562461002403 ) ) ;
#5295 = CARTESIAN_POINT ( 'NONE',  ( -12.17820645469993579, 16.84331918830451968, 5.093244605863772811 ) ) ;
#5296 = CARTESIAN_POINT ( 'NONE',  ( 13.07648202033405838, 2.999999999930747840, -7.350868756520485547 ) ) ;
#5297 = CARTESIAN_POINT ( 'NONE',  ( -13.35956806949711151, 3.907067251463806734, 6.822274543916519995 ) ) ;
#5298 = ORIENTED_EDGE ( 'NONE', *, *, #7003, .T. ) ;
#5299 = CARTESIAN_POINT ( 'NONE',  ( -1.687278167414049790, 16.10833033166840877, -13.84095418852584025 ) ) ;
#5300 =( GEOMETRIC_REPRESENTATION_CONTEXT ( 3 ) GLOBAL_UNCERTAINTY_ASSIGNED_CONTEXT ( ( #4416 ) ) GLOBAL_UNIT_ASSIGNED_CONTEXT ( ( #4055, #4590, #7410 ) ) REPRESENTATION_CONTEXT ( 'NONE', 'WORKASPACE' ) );
#5301 = CARTESIAN_POINT ( 'NONE',  ( 13.48327375377290949, 15.78725876297825614, 1.309801003009035458 ) ) ;
#5302 = CARTESIAN_POINT ( 'NONE',  ( 12.02563437010934067, 16.94059604637915584, 5.154591656430497437 ) ) ;
#5303 = CARTESIAN_POINT ( 'NONE',  ( 1.024369362932573413, 4.052630740461619752, -14.15321486287379926 ) ) ;
#5304 = ORIENTED_EDGE ( 'NONE', *, *, #5693, .F. ) ;
#5305 = EDGE_CURVE ( 'NONE', #2098, #2178, #3963, .T. ) ;
#5306 = CARTESIAN_POINT ( 'NONE',  ( -12.84233726292684885, 16.09491777460731043, 5.457699041918796290 ) ) ;
#5307 = CARTESIAN_POINT ( 'NONE',  ( 5.526471498498563228, 17.20258509324227703, 11.44584384047151815 ) ) ;
#5308 = CARTESIAN_POINT ( 'NONE',  ( -14.36225731196866384, 14.92702988626230365, -2.745904235963357198 ) ) ;
#5309 = CARTESIAN_POINT ( 'NONE',  ( 4.833782609881176029, 13.28474984484100574, -14.19980794519455003 ) ) ;
#5310 = CARTESIAN_POINT ( 'NONE',  ( 6.999999999999996447, 3.999999999999996447, -12.12435565298214257 ) ) ;
#5311 = EDGE_LOOP ( 'NONE', ( #3653, #3856, #121, #4823 ) ) ;
#5312 = CARTESIAN_POINT ( 'NONE',  ( -11.05473896030385283, 16.38634809853055785, -6.991272282419036088 ) ) ;
#5313 = EDGE_CURVE ( 'NONE', #4922, #5896, #5958, .T. ) ;
#5314 = CARTESIAN_POINT ( 'NONE',  ( 6.227957913964914383, 4.030426008847131314, 12.74451720684374934 ) ) ;
#5315 = CARTESIAN_POINT ( 'NONE',  ( -13.09480576149459097, 4.435244514189633058, -5.664572460751152505 ) ) ;
#5316 = CARTESIAN_POINT ( 'NONE',  ( 11.28608250894451182, 12.99999999999999645, -9.880503104665102398 ) ) ;
#5317 = VERTEX_POINT ( 'NONE', #4953 ) ;
#5318 = CARTESIAN_POINT ( 'NONE',  ( 14.71428571580634426, 4.837498224088174759, -2.913725428659560190 ) ) ;
#5319 = DIRECTION ( 'NONE',  ( 0.000000000000000000, 0.000000000000000000, -1.000000000000000000 ) ) ;
#5320 = FACE_BOUND ( 'NONE', #6352, .T. ) ;
#5321 = CARTESIAN_POINT ( 'NONE',  ( 9.340942086419966373, 3.536346359595048838, -11.73717644089700407 ) ) ;
#5322 = EDGE_CURVE ( 'NONE', #7226, #5605, #1584, .T. ) ;
#5323 = ORIENTED_EDGE ( 'NONE', *, *, #6665, .T. ) ;
#5324 = DIRECTION ( 'NONE',  ( 0.000000000000000000, 0.000000000000000000, -1.000000000000000000 ) ) ;
#5325 = CARTESIAN_POINT ( 'NONE',  ( -5.507686957097260638, 4.999999999999997335, 13.16556307376510837 ) ) ;
#5326 = LINE ( 'NONE', #5286, #6470 ) ;
#5327 = CARTESIAN_POINT ( 'NONE',  ( -14.02001806337984036, 3.999546503159470134, -0.3188172893899609006 ) ) ;
#5328 = CARTESIAN_POINT ( 'NONE',  ( -7.500000000000001776, 4.999999999999996447, -12.99038105676657828 ) ) ;
#5329 = CARTESIAN_POINT ( 'NONE',  ( 8.379904285526539098, 4.281826903305163690, 11.53527474960973542 ) ) ;
#5330 = CARTESIAN_POINT ( 'NONE',  ( 5.507686957097279290, 13.38336035297971094, 13.16556307376510127 ) ) ;
#5331 = CARTESIAN_POINT ( 'NONE',  ( -4.833782610226015741, 13.28506311036480625, -14.19980794507716126 ) ) ;
#5332 = CARTESIAN_POINT ( 'NONE',  ( -5.936459091644376684, 16.31414662415499350, 11.73513215752044481 ) ) ;
#5333 = CARTESIAN_POINT ( 'NONE',  ( -0.7330144676481689103, 16.30483108477093168, 13.13723700640235492 ) ) ;
#5334 = CARTESIAN_POINT ( 'NONE',  ( -10.82875206333648599, 15.78240327593547576, 9.127760847453727067 ) ) ;
#5335 = CARTESIAN_POINT ( 'NONE',  ( 13.66403904409283854, 3.984706786667199019, -6.200578846650519615 ) ) ;
#5336 = CARTESIAN_POINT ( 'NONE',  ( -13.16156282062389593, 4.839156113676567728, 5.517158147667573509 ) ) ;
#5337 = ORIENTED_EDGE ( 'NONE', *, *, #6062, .T. ) ;
#5338 = CARTESIAN_POINT ( 'NONE',  ( 12.53645181536214537, 17.30550362272228782, 0.4849220534736197741 ) ) ;
#5339 = CARTESIAN_POINT ( 'NONE',  ( 12.95347242699055990, 14.54792975267265120, 5.499640303989869139 ) ) ;
#5340 = CARTESIAN_POINT ( 'NONE',  ( 1.879358871058408598, 4.283487441372430204, -14.89466674995229489 ) ) ;
#5341 = ORIENTED_EDGE ( 'NONE', *, *, #6496, .T. ) ;
#5342 =( BOUNDED_SURFACE ( )  B_SPLINE_SURFACE ( 3, 2, ( 
 ( #4587, #3899, #3479 ),
 ( #1564, #1102, #2863 ),
 ( #1605, #6920, #5189 ),
 ( #5651, #6259, #422 ),
 ( #2176, #3325, #2259 ),
 ( #2756, #3983, #3438 ),
 ( #2292, #2141, #3362 ),
 ( #5038, #7406, #6297 ),
 ( #7373, #1649, #5111 ),
 ( #3941, #2788, #1071 ),
 ( #1686, #2829, #1137 ),
 ( #2218, #5771, #457 ),
 ( #7446, #4469, #5731 ),
 ( #4049, #3398, #492 ),
 ( #5150, #7485, #530 ),
 ( #566, #4622, #6952 ),
 ( #6370, #3515, #4696 ),
 ( #153, #3056, #5921 ),
 ( #4660, #5226, #7553 ),
 ( #3019, #1906, #4729 ),
 ( #1174, #6495, #4769 ),
 ( #1258, #4237, #7102 ),
 ( #4125, #6452, #2407 ),
 ( #4810, #2446, #2898 ),
 ( #1214, #2371, #3602 ),
 ( #5841, #1333, #6570 ),
 ( #7027, #606, #3556 ),
 ( #111, #5882, #5302 ),
 ( #1794, #5381, #2936 ),
 ( #1870, #649, #2976 ),
 ( #5263, #4204, #73 ),
 ( #7064, #1829, #6534 ),
 ( #4090, #7140, #4165 ),
 ( #2328, #690, #3639 ),
 ( #5339, #1300, #5956 ),
 ( #2486, #3672, #727 ),
 ( #5993, #6989, #1757 ),
 ( #6414, #34, #6104 ),
 ( #1376, #3748, #4956 ),
 ( #1479, #6751, #3857 ) ),
 .UNSPECIFIED., .F., .F., .T. ) 
 B_SPLINE_SURFACE_WITH_KNOTS ( ( 4, 2, 2, 2, 2, 2, 2, 2, 2, 2, 2, 2, 2, 2, 2, 2, 2, 2, 2, 4 ),
 ( 3, 3 ),
 ( 0.000000000000000000, 0.0006748142658293163846, 0.001349628531658632769, 0.002024442797487949371, 0.002361849930402607455, 0.002699257063317265538, 0.003374071329146582140, 0.004048885594975898741, 0.004386292727890556825, 0.004723699860805214909, 0.005398514126634531077, 0.005735921259549189161, 0.006073328392463847245, 0.006748142658293164280, 0.007422956924122481315, 0.008097771189951797483, 0.008772585455781113650, 0.009447399721610429818, 0.01012221398743974599, 0.01079702825326906215 ),
 ( 0.000000000000000000, 1.000000000000000000 ),
 .UNSPECIFIED. ) 
 GEOMETRIC_REPRESENTATION_ITEM ( )  RATIONAL_B_SPLINE_SURFACE ( (
 ( 1.000000000000000000, 0.7867957924694434224, 1.000000000000000000),
 ( 1.000000000000000000, 0.7867893510871077911, 1.000000000000000000),
 ( 1.000000000000000000, 0.7886154144827454138, 1.000000000000000000),
 ( 1.000000000000000000, 0.7953661699509403382, 1.000000000000000000),
 ( 1.000000000000000000, 0.8003370620002452362, 1.000000000000000000),
 ( 1.000000000000000000, 0.8122778712298448500, 1.000000000000000000),
 ( 1.000000000000000000, 0.8191018390052289266, 1.000000000000000000),
 ( 1.000000000000000000, 0.8294273880737009774, 1.000000000000000000),
 ( 1.000000000000000000, 0.8328837475269758039, 1.000000000000000000),
 ( 1.000000000000000000, 0.8396202395223194559, 1.000000000000000000),
 ( 1.000000000000000000, 0.8429190808683827418, 1.000000000000000000),
 ( 1.000000000000000000, 0.8520089025835885232, 1.000000000000000000),
 ( 1.000000000000000000, 0.8570195765218315831, 1.000000000000000000),
 ( 1.000000000000000000, 0.8641253354132982789, 1.000000000000000000),
 ( 1.000000000000000000, 0.8660656719304058448, 1.000000000000000000),
 ( 1.000000000000000000, 0.8672705396855356907, 1.000000000000000000),
 ( 1.000000000000000000, 0.8674005837561186150, 1.000000000000000000),
 ( 1.000000000000000000, 0.8673400669030780774, 1.000000000000000000),
 ( 1.000000000000000000, 0.8671565711264577203, 1.000000000000000000),
 ( 1.000000000000000000, 0.8665197314968522413, 1.000000000000000000),
 ( 1.000000000000000000, 0.8660366921798959838, 1.000000000000000000),
 ( 1.000000000000000000, 0.8660201165652898769, 1.000000000000000000),
 ( 1.000000000000000000, 0.8661157520136735233, 1.000000000000000000),
 ( 1.000000000000000000, 0.8664506541182064314, 1.000000000000000000),
 ( 1.000000000000000000, 0.8666907191152795065, 1.000000000000000000),
 ( 1.000000000000000000, 0.8673394484497709556, 1.000000000000000000),
 ( 1.000000000000000000, 0.8676850451489790395, 1.000000000000000000),
 ( 1.000000000000000000, 0.8661932981187330238, 1.000000000000000000),
 ( 1.000000000000000000, 0.8643369046394429045, 1.000000000000000000),
 ( 1.000000000000000000, 0.8574128041483666252, 1.000000000000000000),
 ( 1.000000000000000000, 0.8524249261066155769, 1.000000000000000000),
 ( 1.000000000000000000, 0.8404064465175254961, 1.000000000000000000),
 ( 1.000000000000000000, 0.8333831374745066523, 1.000000000000000000),
 ( 1.000000000000000000, 0.8194743686560901352, 1.000000000000000000),
 ( 1.000000000000000000, 0.8124799750444233748, 1.000000000000000000),
 ( 1.000000000000000000, 0.8005275974375420933, 1.000000000000000000),
 ( 1.000000000000000000, 0.7955347744212830641, 1.000000000000000000),
 ( 1.000000000000000000, 0.7886441666172534504, 1.000000000000000000),
 ( 1.000000000000000000, 0.7867760218660999616, 1.000000000000000000),
 ( 1.000000000000000000, 0.7867957924694430893, 1.000000000000000000) ) ) 
 REPRESENTATION_ITEM ( '' )  SURFACE ( )  );
#5343 = CARTESIAN_POINT ( 'NONE',  ( 7.349618540579436754, 3.999999999532310113, 13.07720383296350697 ) ) ;
#5344 = CARTESIAN_POINT ( 'NONE',  ( -11.08474571422320487, 16.27517960485689485, 8.229324991265610123 ) ) ;
#5345 = CARTESIAN_POINT ( 'NONE',  ( -1.648401013582611929, 4.082589286013466712, 14.91717231420776280 ) ) ;
#5346 = CARTESIAN_POINT ( 'NONE',  ( 5.996502656565526834, 16.94927187726893436, 11.66343347332320413 ) ) ;
#5347 = FACE_OUTER_BOUND ( 'NONE', #5827, .T. ) ;
#5348 = CARTESIAN_POINT ( 'NONE',  ( 14.25672345635989835, 15.18019855795803430, 2.688748776146575370 ) ) ;
#5349 = CARTESIAN_POINT ( 'NONE',  ( 13.02484736735301496, 4.281826903305273824, 5.799888830031848741 ) ) ;
#5350 = ORIENTED_EDGE ( 'NONE', *, *, #5734, .T. ) ;
#5351 = ORIENTED_EDGE ( 'NONE', *, *, #1964, .T. ) ;
#5352 = CARTESIAN_POINT ( 'NONE',  ( 12.73680104816764747, 4.038844952730962667, 6.231810639383193795 ) ) ;
#5353 = CARTESIAN_POINT ( 'NONE',  ( 7.499999999999997335, 4.999999999999996447, -12.99038105676658184 ) ) ;
#5354 = ORIENTED_EDGE ( 'NONE', *, *, #2136, .F. ) ;
#5355 = EDGE_CURVE ( 'NONE', #7174, #307, #5157, .T. ) ;
#5356 = CARTESIAN_POINT ( 'NONE',  ( 13.99999999999999822, 3.999999999999996447, -2.091398781090586245E-15 ) ) ;
#5357 = DIRECTION ( 'NONE',  ( -0.000000000000000000, 1.000000000000000000, -0.000000000000000000 ) ) ;
#5358 = CARTESIAN_POINT ( 'NONE',  ( 13.08250958815083642, 16.37135068137267169, -0.5877751087582123724 ) ) ;
#5359 = CARTESIAN_POINT ( 'NONE',  ( -9.880503104665098846, 4.999999999999995559, -11.28608250894451359 ) ) ;
#5360 = ORIENTED_EDGE ( 'NONE', *, *, #3364, .T. ) ;
#5361 = CYLINDRICAL_SURFACE ( 'NONE', #2199, 1.999999999999999112 ) ;
#5362 = CARTESIAN_POINT ( 'NONE',  ( -12.45005521205845511, 3.894656027646401952, -8.369027260026813408 ) ) ;
#5363 = DIRECTION ( 'NONE',  ( 0.000000000000000000, 0.000000000000000000, -1.000000000000000000 ) ) ;
#5364 = DIRECTION ( 'NONE',  ( 0.000000000000000000, 0.000000000000000000, 1.000000000000000000 ) ) ;
#5365 = CARTESIAN_POINT ( 'NONE',  ( 9.275500598738082303, 13.54305173103469784, -11.78580921560651795 ) ) ;
#5366 = EDGE_CURVE ( 'NONE', #5822, #45, #6137, .T. ) ;
#5367 = CARTESIAN_POINT ( 'NONE',  ( -13.73333333333333250, 12.99999999999999822, -2.719477073916151344 ) ) ;
#5368 = CARTESIAN_POINT ( 'NONE',  ( 10.69495175088723649, 16.19641629605644795, -8.805938006003106722 ) ) ;
#5369 = FACE_OUTER_BOUND ( 'NONE', #2593, .T. ) ;
#5370 = CARTESIAN_POINT ( 'NONE',  ( -1.797714605233732943, 4.802888772988996635, 14.15749232157817694 ) ) ;
#5371 = VECTOR ( 'NONE', #6090, 1000.000000000000000 ) ;
#5372 = CARTESIAN_POINT ( 'NONE',  ( -4.933842628651881057, 4.368024099194736110, -14.16541458282964960 ) ) ;
#5373 = CARTESIAN_POINT ( 'NONE',  ( -7.735708776789424590, 16.66860712098377206, 10.98151763466135478 ) ) ;
#5374 = CARTESIAN_POINT ( 'NONE',  ( 1.259295966836692759, 15.86165400212486531, 13.44174648374863246 ) ) ;
#5375 = CARTESIAN_POINT ( 'NONE',  ( 13.39953532361068511, 3.018240399783497452, -6.744009670000043144 ) ) ;
#5376 = CIRCLE ( 'NONE', #5122, 1.000000000000000000 ) ;
#5377 = DIRECTION ( 'NONE',  ( 0.000000000000000000, -1.000000000000000000, -0.000000000000000000 ) ) ;
#5378 = AXIS2_PLACEMENT_3D ( 'NONE', #5254, #1898, #1822 ) ;
#5379 = ORIENTED_EDGE ( 'NONE', *, *, #7507, .T. ) ;
#5380 = CARTESIAN_POINT ( 'NONE',  ( 13.14081354651179723, 16.80181036654451532, 1.747631446963070045 ) ) ;
#5381 = CARTESIAN_POINT ( 'NONE',  ( 12.34061117205251179, 16.56095533821360988, 5.580368343960532052 ) ) ;
#5382 = CARTESIAN_POINT ( 'NONE',  ( -12.18653456479618491, 3.999999999999995559, 6.892302965578723573 ) ) ;
#5383 = VECTOR ( 'NONE', #178, 1000.000000000000000 ) ;
#5384 = PRESENTATION_LAYER_ASSIGNMENT (  '', '', ( #3931 ) ) ;
#5385 = CARTESIAN_POINT ( 'NONE',  ( 0.1618201052444642740, 3.999999999999996447, -14.00000000046837023 ) ) ;
#5386 = ORIENTED_EDGE ( 'NONE', *, *, #382, .F. ) ;
#5387 = DIRECTION ( 'NONE',  ( -0.000000000000000000, -1.000000000000000000, -0.000000000000000000 ) ) ;
#5388 = CARTESIAN_POINT ( 'NONE',  ( -13.23645800307835074, 15.88150506235253978, 4.825069057849777465 ) ) ;
#5389 = CARTESIAN_POINT ( 'NONE',  ( 6.910636657574650954, 16.99830047610606698, 11.07545936882747561 ) ) ;
#5390 = CARTESIAN_POINT ( 'NONE',  ( -13.13115211100267743, 16.31414662415498995, 0.7264416968692876120 ) ) ;
#5391 = CARTESIAN_POINT ( 'NONE',  ( 13.96948270314908669, 14.54162390953149675, 1.714881499996783187 ) ) ;
#5392 = CARTESIAN_POINT ( 'NONE',  ( 14.14423838406147915, 4.214198939172965730, 4.994721522614544718 ) ) ;
#5393 = VERTEX_POINT ( 'NONE', #4269 ) ;
#5394 = ORIENTED_EDGE ( 'NONE', *, *, #3134, .F. ) ;
#5395 = CARTESIAN_POINT ( 'NONE',  ( 14.00000000000000355, 3.999999999999997335, 0.1997550912658605793 ) ) ;
#5396 = CARTESIAN_POINT ( 'NONE',  ( 0.6324371624636908606, 3.929555441587287756, 14.98743334316058906 ) ) ;
#5397 = EDGE_LOOP ( 'NONE', ( #5402, #3077, #6878, #5601 ) ) ;
#5398 = CARTESIAN_POINT ( 'NONE',  ( 14.99999999995420019, 3.999999999495746916, -0.1719725199278066552 ) ) ;
#5399 = B_SPLINE_CURVE_WITH_KNOTS ( 'NONE', 3,
 ( #2309, #6936, #2389, #5902, #7502, #4604, #707, #3496, #6471, #5856, #6429, #5823, #5280, #3456 ),
 .UNSPECIFIED., .F., .F.,
 ( 4, 2, 2, 2, 2, 2, 4 ),
 ( 0.000000000000000000, 0.0005928652010081144870, 0.001185730402016228974, 0.001482163002520284212, 0.001778595603024339666, 0.002075028203528395121, 0.002371460804032450576 ),
 .UNSPECIFIED. ) ;
#5400 = CARTESIAN_POINT ( 'NONE',  ( -13.25315408226436098, 12.99999999999999822, 4.511530435645918047 ) ) ;
#5401 = CARTESIAN_POINT ( 'NONE',  ( -8.225538672160526588, 3.017622708062929426, -12.54468515010477780 ) ) ;
#5402 = ORIENTED_EDGE ( 'NONE', *, *, #2244, .F. ) ;
#5403 = EDGE_CURVE ( 'NONE', #3455, #4282, #42, .T. ) ;
#5404 = CARTESIAN_POINT ( 'NONE',  ( -6.193333307668924093, 4.051461718327655781, 12.76623225174660448 ) ) ;
#5405 = CARTESIAN_POINT ( 'NONE',  ( 0.08328569925099917060, 17.04175505156339199, 12.99966784511683571 ) ) ;
#5406 = CARTESIAN_POINT ( 'NONE',  ( 0.000000000000000000, 12.99999999999999822, 0.000000000000000000 ) ) ;
#5407 = CARTESIAN_POINT ( 'NONE',  ( 9.782255092698809662, 14.11976560169238226, -11.21402758742457095 ) ) ;
#5408 = CARTESIAN_POINT ( 'NONE',  ( -1.400278733528320203E-15, 17.33012701892219098, 12.49999999999999822 ) ) ;
#5409 = CARTESIAN_POINT ( 'NONE',  ( -5.507686957097260638, 4.999999999999996447, 13.16556307376510659 ) ) ;
#5410 = CARTESIAN_POINT ( 'NONE',  ( -5.056913543733497995, 16.80181036654435900, -12.25409408115554832 ) ) ;
#5411 = CARTESIAN_POINT ( 'NONE',  ( 13.94701254168405846, 12.99999999999999822, -5.576398997336200480 ) ) ;
#5412 = EDGE_CURVE ( 'NONE', #5970, #6208, #1677, .T. ) ;
#5413 = CIRCLE ( 'NONE', #3217, 15.00000000000000000 ) ;
#5414 = CARTESIAN_POINT ( 'NONE',  ( 13.36118846965798923, 15.99296674015739050, 1.156612623789099015 ) ) ;
#5415 = CARTESIAN_POINT ( 'NONE',  ( 14.05447266715967025, 3.802689510443657106, -5.242662448382144014 ) ) ;
#5416 = CARTESIAN_POINT ( 'NONE',  ( -14.18011080079764064, 4.176517398680565485, 1.344767123906683404 ) ) ;
#5417 = ORIENTED_EDGE ( 'NONE', *, *, #6906, .F. ) ;
#5418 = CARTESIAN_POINT ( 'NONE',  ( 11.82061637682236288, 3.435280335374282235, -9.235493961053721890 ) ) ;
#5419 = CARTESIAN_POINT ( 'NONE',  ( -12.94059036551851349, 4.159838408845739188, 5.946203543123028012 ) ) ;
#5420 = CIRCLE ( 'NONE', #7489, 1.000000000000000000 ) ;
#5421 = FACE_OUTER_BOUND ( 'NONE', #1773, .T. ) ;
#5422 = VERTEX_POINT ( 'NONE', #5027 ) ;
#5423 = EDGE_CURVE ( 'NONE', #2653, #1780, #525, .T. ) ;
#5424 = DIRECTION ( 'NONE',  ( 0.000000000000000000, 1.000000000000000000, 0.000000000000000000 ) ) ;
#5425 = CARTESIAN_POINT ( 'NONE',  ( -10.47682450565905299, 16.94059604637894978, 7.837209032922837437 ) ) ;
#5426 = CARTESIAN_POINT ( 'NONE',  ( 7.865563421580974435, 15.79958987962644379, 11.01997605798448987 ) ) ;
#5427 = CARTESIAN_POINT ( 'NONE',  ( -12.75558564457065103, 17.14268327565240568, 1.139254776169110084 ) ) ;
#5428 = CARTESIAN_POINT ( 'NONE',  ( 13.94701253978646349, 4.903130381076440614, 5.576399001642073472 ) ) ;
#5429 = ORIENTED_EDGE ( 'NONE', *, *, #5464, .T. ) ;
#5430 = ORIENTED_EDGE ( 'NONE', *, *, #48, .T. ) ;
#5431 = CARTESIAN_POINT ( 'NONE',  ( -13.88005675639155889, 14.88492211286573763, 1.666152091559461201 ) ) ;
#5432 = CARTESIAN_POINT ( 'NONE',  ( 14.17671341363786652, 4.130604814885191267, 1.255554585857242333 ) ) ;
#5433 = CARTESIAN_POINT ( 'NONE',  ( 0.3411642538948740366, 2.999121522247317095, 14.99708620329323239 ) ) ;
#5434 = ORIENTED_EDGE ( 'NONE', *, *, #413, .F. ) ;
#5435 = CARTESIAN_POINT ( 'NONE',  ( 5.011617705580559523, 16.69940669386571841, 12.39054607974008526 ) ) ;
#5436 = CARTESIAN_POINT ( 'NONE',  ( -6.941327254128561997, 3.928673933947179453, -13.29817706641321351 ) ) ;
#5437 = CARTESIAN_POINT ( 'NONE',  ( 14.17750584964102778, 4.143710939356596512, 1.281174245991138827 ) ) ;
#5438 = ORIENTED_EDGE ( 'NONE', *, *, #5209, .T. ) ;
#5439 = CARTESIAN_POINT ( 'NONE',  ( -11.63749310509607682, 4.143710939356608058, -8.198282368523310382 ) ) ;
#5440 = CARTESIAN_POINT ( 'NONE',  ( -6.751246686387945672, 3.017622708062929426, 13.39586802495468909 ) ) ;
#5441 = CARTESIAN_POINT ( 'NONE',  ( 2.436725929349628839, 15.90511541514493032, 13.86570936197434989 ) ) ;
#5442 = CARTESIAN_POINT ( 'NONE',  ( -14.15555555555555500, 4.999999999999996447, 1.812984715944100600 ) ) ;
#5443 = CARTESIAN_POINT ( 'NONE',  ( 8.593687042274188670, 13.89581248135464975, -11.31570734685954349 ) ) ;
#5444 = CARTESIAN_POINT ( 'NONE',  ( 9.033086712658008111, 3.283103708752178829, 11.97599627978432224 ) ) ;
#5445 = EDGE_CURVE ( 'NONE', #2227, #3282, #1501, .T. ) ;
#5446 = CARTESIAN_POINT ( 'NONE',  ( -5.642418855328653393, 16.66860712098377917, -12.19007913430839984 ) ) ;
#5447 = CARTESIAN_POINT ( 'NONE',  ( 14.19980794528324530, 12.99999999999999822, -4.833782609620621784 ) ) ;
#5448 = DIRECTION ( 'NONE',  ( 0.000000000000000000, -1.000000000000000000, 0.000000000000000000 ) ) ;
#5449 = CARTESIAN_POINT ( 'NONE',  ( 0.000000000000000000, 16.00000000000000000, -3.125000000000000000 ) ) ;
#5450 = CYLINDRICAL_SURFACE ( 'NONE', #3458, 8.500000000000000000 ) ;
#5451 = CARTESIAN_POINT ( 'NONE',  ( 0.000000000000000000, 12.99999999999999822, 0.000000000000000000 ) ) ;
#5452 = ORIENTED_EDGE ( 'NONE', *, *, #7085, .T. ) ;
#5453 = CARTESIAN_POINT ( 'NONE',  ( 8.232333154153737453, 3.018240399783532979, -12.54025135939331115 ) ) ;
#5454 = DIRECTION ( 'NONE',  ( 0.000000000000000000, -1.000000000000000000, 0.000000000000000000 ) ) ;
#5455 = EDGE_CURVE ( 'NONE', #200, #1559, #4077, .T. ) ;
#5456 = CARTESIAN_POINT ( 'NONE',  ( -11.02484037110818171, 16.94927187726893436, -7.102578354965026541 ) ) ;
#5457 = CARTESIAN_POINT ( 'NONE',  ( 2.042055979961192591, 4.531312346189690921, -14.87769861530627580 ) ) ;
#5458 = ORIENTED_EDGE ( 'NONE', *, *, #988, .F. ) ;
#5459 = CARTESIAN_POINT ( 'NONE',  ( 0.000000000000000000, 12.99999999999999822, 0.000000000000000000 ) ) ;
#5460 = CARTESIAN_POINT ( 'NONE',  ( -11.73249193867816587, 16.92071623829463789, 5.936882310865928325 ) ) ;
#5461 = CARTESIAN_POINT ( 'NONE',  ( -8.882845171152126795, 3.199223961955117712, 12.08801995951517227 ) ) ;
#5462 = CARTESIAN_POINT ( 'NONE',  ( -13.02887639302658407, 17.01496715519875380, 0.3558985483697028607 ) ) ;
#5463 = CARTESIAN_POINT ( 'NONE',  ( 12.70407007359890983, 4.032479215937837758, 6.269980054202451747 ) ) ;
#5464 = EDGE_CURVE ( 'NONE', #5932, #200, #3399, .T. ) ;
#5465 = DIRECTION ( 'NONE',  ( 0.000000000000000000, 0.000000000000000000, 1.000000000000000000 ) ) ;
#5466 = ORIENTED_EDGE ( 'NONE', *, *, #3356, .F. ) ;
#5467 = CYLINDRICAL_SURFACE ( 'NONE', #6279, 1.000000000000000888 ) ;
#5468 = FACE_OUTER_BOUND ( 'NONE', #2204, .T. ) ;
#5469 = CARTESIAN_POINT ( 'NONE',  ( -11.45064410118079934, 16.43441893962629408, -6.221055144599864306 ) ) ;
#5470 = FILL_AREA_STYLE_COLOUR ( '', #623 ) ;
#5471 = CARTESIAN_POINT ( 'NONE',  ( -0.3188172893899585691, 3.999546503159471023, 14.02001806337984036 ) ) ;
#5472 = CARTESIAN_POINT ( 'NONE',  ( 14.95576692697448173, 3.060284748218928819, -1.162910856758917921 ) ) ;
#5473 = CARTESIAN_POINT ( 'NONE',  ( -2.913725436338732155, -2.000000000000000000, 14.71428571428571708 ) ) ;
#5474 = CARTESIAN_POINT ( 'NONE',  ( 14.98722279060172902, 3.928673933947315344, 0.6377227951500069603 ) ) ;
#5475 = CARTESIAN_POINT ( 'NONE',  ( 7.500000000001944223, 16.12864346198168164, -10.99038105676658184 ) ) ;
#5476 = CARTESIAN_POINT ( 'NONE',  ( -11.71520184131035514, 3.565920217498003364, -9.368444765112991846 ) ) ;
#5477 = FACE_OUTER_BOUND ( 'NONE', #5861, .T. ) ;
#5478 = CARTESIAN_POINT ( 'NONE',  ( -6.033126181128046106, 4.080934495940516271, 13.74189235702259282 ) ) ;
#5479 = CARTESIAN_POINT ( 'NONE',  ( 2.018442527704877865, 15.08037049037489119, 14.43110154413237289 ) ) ;
#5480 = CARTESIAN_POINT ( 'NONE',  ( -14.91717231420748568, 4.082589286013324603, -1.648401013582658559 ) ) ;
#5481 = CARTESIAN_POINT ( 'NONE',  ( 9.290267667432198451, 13.27412191024543198, -11.80280946202889503 ) ) ;
#5482 = CARTESIAN_POINT ( 'NONE',  ( 7.500000000000006217, 2.999999999999996447, 12.99038105676657473 ) ) ;
#5483 = CARTESIAN_POINT ( 'NONE',  ( -5.768785443224928144, 16.14461645573611293, -11.97910132574594222 ) ) ;
#5484 = CARTESIAN_POINT ( 'NONE',  ( -5.542833822479424022, 14.08273162050432425, 13.83974260910998844 ) ) ;
#5485 = CARTESIAN_POINT ( 'NONE',  ( 13.44658981682886356, 15.85327801013087701, 1.265178541393666256 ) ) ;
#5486 = CARTESIAN_POINT ( 'NONE',  ( -10.51422732184404651, 17.21275850705173838, 7.112994097454901521 ) ) ;
#5487 = CARTESIAN_POINT ( 'NONE',  ( -9.221802897687425116, 12.99999999999999822, -10.53367700834821186 ) ) ;
#5488 = EDGE_LOOP ( 'NONE', ( #2874, #7529, #36, #1191 ) ) ;
#5489 = CARTESIAN_POINT ( 'NONE',  ( 6.999999999999994671, 3.999999999999996447, -12.12435565298214257 ) ) ;
#5490 = AXIS2_PLACEMENT_3D ( 'NONE', #1704, #3459, #1354 ) ;
#5491 = DIRECTION ( 'NONE',  ( -0.000000000000000000, 1.000000000000000000, -0.000000000000000000 ) ) ;
#5492 = CARTESIAN_POINT ( 'NONE',  ( -12.63694226799812981, 15.32409233017483530, -5.528704111602687377 ) ) ;
#5493 = CARTESIAN_POINT ( 'NONE',  ( -1.877849636914258102, 4.281769720007603475, -14.89481999283076163 ) ) ;
#5494 = ORIENTED_EDGE ( 'NONE', *, *, #4020, .T. ) ;
#5495 = CIRCLE ( 'NONE', #2693, 2.000000000000000000 ) ;
#5496 = EDGE_CURVE ( 'NONE', #1346, #1928, #2780, .T. ) ;
#5497 = LINE ( 'NONE', #5647, #4654 ) ;
#5498 = CARTESIAN_POINT ( 'NONE',  ( 5.617718256353432693, 3.436560184660549133, 13.90906374865488715 ) ) ;
#5499 = CARTESIAN_POINT ( 'NONE',  ( -14.69114445556487425, 13.57088042692305230, 2.904100378014047745 ) ) ;
#5500 = CARTESIAN_POINT ( 'NONE',  ( -11.35257835782100422, 12.99999999999999822, -8.647868598458282818 ) ) ;
#5501 = AXIS2_PLACEMENT_3D ( 'NONE', #2801, #5052, #3337 ) ;
#5502 = CIRCLE ( 'NONE', #389, 1.000000000000000888 ) ;
#5503 = CARTESIAN_POINT ( 'NONE',  ( -14.17654935855839149, 4.365020954408578291, -1.576526969503560194 ) ) ;
#5504 = ORIENTED_EDGE ( 'NONE', *, *, #1539, .T. ) ;
#5505 = CARTESIAN_POINT ( 'NONE',  ( -14.15555555555555500, 12.99999999999999822, -1.812984715944101044 ) ) ;
#5506 = EDGE_CURVE ( 'NONE', #2090, #7404, #6028, .T. ) ;
#5507 = CARTESIAN_POINT ( 'NONE',  ( -13.94701253896681692, 13.27412191024538046, 5.576398996430693700 ) ) ;
#5508 = CIRCLE ( 'NONE', #4897, 2.000000000000000000 ) ;
#5509 = CARTESIAN_POINT ( 'NONE',  ( 14.08126787375660882, 3.901549709546961786, 5.169659568624045853 ) ) ;
#5510 = CIRCLE ( 'NONE', #5117, 1.000000000000000000 ) ;
#5511 = CARTESIAN_POINT ( 'NONE',  ( 0.5891771324458120462, 4.003770645890959656, 14.06838897340270123 ) ) ;
#5512 = CARTESIAN_POINT ( 'NONE',  ( 5.140337536938225149, 16.90846634617058797, 12.07123469388276149 ) ) ;
#5513 = CARTESIAN_POINT ( 'NONE',  ( -6.295095963415395346, 3.947308199542744145, -13.61946885658486828 ) ) ;
#5514 = DIRECTION ( 'NONE',  ( 0.000000000000000000, 0.000000000000000000, 1.000000000000000000 ) ) ;
#5515 = CARTESIAN_POINT ( 'NONE',  ( 14.87354581140003518, 4.622770957791475510, 2.080652912303272206 ) ) ;
#5516 = VERTEX_POINT ( 'NONE', #4493 ) ;
#5517 = CARTESIAN_POINT ( 'NONE',  ( -5.653749813542725100, 4.466339822256718328, 13.09954946033207435 ) ) ;
#5518 = CARTESIAN_POINT ( 'NONE',  ( 0.3558985483697106322, 17.01496715519875025, 13.02887639302648815 ) ) ;
#5519 = CARTESIAN_POINT ( 'NONE',  ( -12.99038105676685007, 4.231561273113432442, -5.860076627227168267 ) ) ;
#5520 = CARTESIAN_POINT ( 'NONE',  ( 7.000000000000006217, 3.999999999999996447, 12.12435565298213724 ) ) ;
#5521 = CARTESIAN_POINT ( 'NONE',  ( -6.626750215992073478, 16.46004852382972672, -11.18950882892420573 ) ) ;
#5522 = CARTESIAN_POINT ( 'NONE',  ( -4.809444863715198082, 15.67656118341528426, 13.39516803315695270 ) ) ;
#5523 = CARTESIAN_POINT ( 'NONE',  ( -4.891412052084389117, 16.36882392162267053, -12.80016085090508149 ) ) ;
#5524 = CARTESIAN_POINT ( 'NONE',  ( -12.99342924280010791, 4.230181196864284843, -5.856709657401136582 ) ) ;
#5525 = AXIS2_PLACEMENT_3D ( 'NONE', #5451, #4877, #188 ) ;
#5526 = LINE ( 'NONE', #6642, #5040 ) ;
#5527 = CARTESIAN_POINT ( 'NONE',  ( -7.616929236873799525, 16.04475961529227845, -10.99038105676658184 ) ) ;
#5528 = CARTESIAN_POINT ( 'NONE',  ( 7.649131243479527775, 2.999999999930607952, -12.90428009319908931 ) ) ;
#5529 = CARTESIAN_POINT ( 'NONE',  ( 4.820245275847596211, 14.08033431901119670, -14.11060155110368086 ) ) ;
#5530 = CARTESIAN_POINT ( 'NONE',  ( -12.66917735554579316, 16.27517960485768000, -5.485008887375156128 ) ) ;
#5531 = AXIS2_PLACEMENT_3D ( 'NONE', #3141, #5539, #848 ) ;
#5532 = CARTESIAN_POINT ( 'NONE',  ( 2.913725442719664382, 4.837520475530915576, -14.71428571302217136 ) ) ;
#5533 = ORIENTED_EDGE ( 'NONE', *, *, #6645, .F. ) ;
#5534 = DIRECTION ( 'NONE',  ( 0.000000000000000000, -1.000000000000000000, 0.000000000000000000 ) ) ;
#5535 = CARTESIAN_POINT ( 'NONE',  ( 8.064706036936165390, 16.81363579182214352, 10.50360563964625271 ) ) ;
#5536 = EDGE_LOOP ( 'NONE', ( #416, #919, #1689, #4856, #6384, #3523 ) ) ;
#5537 = DIRECTION ( 'NONE',  ( 0.000000000000000000, 0.000000000000000000, 1.000000000000000000 ) ) ;
#5538 = AXIS2_PLACEMENT_3D ( 'NONE', #877, #5491, #4346 ) ;
#5539 = DIRECTION ( 'NONE',  ( -0.000000000000000000, 1.000000000000000000, -0.000000000000000000 ) ) ;
#5540 = EDGE_CURVE ( 'NONE', #7483, #242, #2372, .T. ) ;
#5541 = CARTESIAN_POINT ( 'NONE',  ( -14.16858513836143629, 4.524881317935712133, -1.692057609715635236 ) ) ;
#5542 = EDGE_LOOP ( 'NONE', ( #2641, #3017, #7138 ) ) ;
#5543 = AXIS2_PLACEMENT_3D ( 'NONE', #3031, #2501, #2995 ) ;
#5544 = CYLINDRICAL_SURFACE ( 'NONE', #1652, 1.000000000000000000 ) ;
#5545 = CARTESIAN_POINT ( 'NONE',  ( -13.16556307376509949, 12.99999999999999822, 5.507686957097282843 ) ) ;
#5546 = CARTESIAN_POINT ( 'NONE',  ( 13.16210930526821876, 4.850680187506438479, -5.515851247025889137 ) ) ;
#5547 =( NAMED_UNIT ( * ) SI_UNIT ( $, .STERADIAN. ) SOLID_ANGLE_UNIT ( ) );
#5548 = DIRECTION ( 'NONE',  ( 0.000000000000000000, -0.000000000000000000, 1.000000000000000000 ) ) ;
#5549 = ADVANCED_FACE ( 'NONE', ( #6825 ), #376, .T. ) ;
#5550 = CARTESIAN_POINT ( 'NONE',  ( -6.597550462147787620, 3.894656027646262064, -13.47281781817706836 ) ) ;
#5551 = CARTESIAN_POINT ( 'NONE',  ( -7.000000000000001776, 3.999999999999996447, -12.12435565298214080 ) ) ;
#5552 = CARTESIAN_POINT ( 'NONE',  ( 14.17667459282657738, 4.130308299584162235, -1.254903985561383051 ) ) ;
#5553 = CARTESIAN_POINT ( 'NONE',  ( 0.9560511002632261501, 16.16704044174154831, -13.24163047890690947 ) ) ;
#5554 = CARTESIAN_POINT ( 'NONE',  ( -14.98876103017780537, 2.994285338930128937, 0.6680919990761523541 ) ) ;
#5555 = FACE_OUTER_BOUND ( 'NONE', #4878, .T. ) ;
#5556 = CARTESIAN_POINT ( 'NONE',  ( 6.049987720945629199, 4.106013060889060817, -12.87196468490603785 ) ) ;
#5557 = CARTESIAN_POINT ( 'NONE',  ( -12.94043701617170505, 4.159617511040991644, -5.946468803676076220 ) ) ;
#5558 = CARTESIAN_POINT ( 'NONE',  ( -6.379301686953483319, 4.014779309274778996, 12.61010989888595901 ) ) ;
#5559 = CARTESIAN_POINT ( 'NONE',  ( 1.797714605233732499, 4.802888772988994859, -14.15749232157818049 ) ) ;
#5560 = ADVANCED_FACE ( 'NONE', ( #3313 ), #5641, .F. ) ;
#5561 = CARTESIAN_POINT ( 'NONE',  ( -6.559574023786201025, 16.46435542854616685, -11.22366443966310356 ) ) ;
#5562 = CARTESIAN_POINT ( 'NONE',  ( -5.502766591841246502, 13.90480324426299852, 13.09887931287191520 ) ) ;
#5563 = CARTESIAN_POINT ( 'NONE',  ( 4.833782609620622672, 12.99999999999999822, 14.19980794528324886 ) ) ;
#5564 = CARTESIAN_POINT ( 'NONE',  ( 1.812984715944103709, 4.799810971035541662, 14.15555555555554967 ) ) ;
#5565 = CARTESIAN_POINT ( 'NONE',  ( -2.747122793360348592, 4.215475591700884372, 14.74652460373142127 ) ) ;
#5566 = CARTESIAN_POINT ( 'NONE',  ( -8.376293704894452574, 14.84719274193615313, -11.19196887410508445 ) ) ;
#5567 = CARTESIAN_POINT ( 'NONE',  ( 11.35257835782100599, 4.999999999999996447, 8.647868598458279266 ) ) ;
#5568 = CYLINDRICAL_SURFACE ( 'NONE', #7372, 1.000000000000000888 ) ;
#5569 = CARTESIAN_POINT ( 'NONE',  ( -1.812984715944100600, 4.999999999999996447, -14.15555555555555500 ) ) ;
#5570 = ORIENTED_EDGE ( 'NONE', *, *, #6906, .T. ) ;
#5571 = CARTESIAN_POINT ( 'NONE',  ( -14.71428571428571352, 12.99999999999999822, -2.913725436338733044 ) ) ;
#5572 = CARTESIAN_POINT ( 'NONE',  ( 9.275282972438894546, 13.54770619938542353, 11.78554563124076893 ) ) ;
#5573 = ORIENTED_EDGE ( 'NONE', *, *, #7003, .F. ) ;
#5574 = CARTESIAN_POINT ( 'NONE',  ( 1.714881499996795622, 14.54162390953149675, -13.96948270314910623 ) ) ;
#5575 = CARTESIAN_POINT ( 'NONE',  ( -5.507686957097273961, 13.23846778926476730, -13.16556307376510482 ) ) ;
#5576 = ORIENTED_EDGE ( 'NONE', *, *, #3447, .T. ) ;
#5577 = CARTESIAN_POINT ( 'NONE',  ( -11.35257835782099356, 12.99999999999999822, 8.647868598458293476 ) ) ;
#5578 = CARTESIAN_POINT ( 'NONE',  ( -12.02466768745712855, 3.999999999999996447, 7.172664621192494927 ) ) ;
#5579 = CARTESIAN_POINT ( 'NONE',  ( -4.820245275847586441, 14.08033431901119670, 14.11060155110368619 ) ) ;
#5580 = DIRECTION ( 'NONE',  ( 0.000000000000000000, 0.000000000000000000, -1.000000000000000000 ) ) ;
#5581 = DIRECTION ( 'NONE',  ( 0.000000000000000000, 1.000000000000000000, 0.000000000000000000 ) ) ;
#5582 = EDGE_CURVE ( 'NONE', #6331, #1780, #6323, .T. ) ;
#5583 = CARTESIAN_POINT ( 'NONE',  ( 10.48368589859871847, 17.17617608777599969, 7.263613547905535484 ) ) ;
#5584 = CARTESIAN_POINT ( 'NONE',  ( -7.204953213197132555, 3.976587152145216741, -13.15716949199221730 ) ) ;
#5585 = CARTESIAN_POINT ( 'NONE',  ( 14.94235399756120586, 3.947308199542536311, 1.358021404713941171 ) ) ;
#5586 = DIRECTION ( 'NONE',  ( 0.000000000000000000, 0.000000000000000000, -1.000000000000000000 ) ) ;
#5587 = CARTESIAN_POINT ( 'NONE',  ( -14.77956548047893115, 3.901549709546961342, 2.563577421532573286 ) ) ;
#5588 = CARTESIAN_POINT ( 'NONE',  ( 6.751246686387952778, 3.017622708062929426, -13.39586802495468731 ) ) ;
#5589 = CARTESIAN_POINT ( 'NONE',  ( 11.48957448928547542, 4.363762369312537359, -8.452694034743085894 ) ) ;
#5590 = ADVANCED_FACE ( 'NONE', ( #3426 ), #1061, .T. ) ;
#5591 = CARTESIAN_POINT ( 'NONE',  ( 10.99488245302930700, 15.98685325756291853, -7.684769072980024873 ) ) ;
#5592 = CARTESIAN_POINT ( 'NONE',  ( 12.99038105676657651, 2.999999999999996447, -7.500000000000004441 ) ) ;
#5593 = CARTESIAN_POINT ( 'NONE',  ( -8.468216037000171781, 14.54792975267245403, -11.23956442842729153 ) ) ;
#5594 = CARTESIAN_POINT ( 'NONE',  ( -12.70996834032612988, 17.17619535981904733, 1.022341735070009250 ) ) ;
#5595 = CARTESIAN_POINT ( 'NONE',  ( 10.98542241256428476, 16.15247683347033103, -7.478767802784297203 ) ) ;
#5596 = CARTESIAN_POINT ( 'NONE',  ( -9.880503104665100622, 12.99999999999999822, -11.28608250894451537 ) ) ;
#5597 = CARTESIAN_POINT ( 'NONE',  ( -13.16556307376510304, 4.999999999999996447, -5.507686957097271296 ) ) ;
#5598 = ADVANCED_FACE ( 'NONE', ( #7317 ), #3721, .F. ) ;
#5599 = DIRECTION ( 'NONE',  ( 0.000000000000000000, 0.000000000000000000, -1.000000000000000000 ) ) ;
#5600 = B_SPLINE_CURVE_WITH_KNOTS ( 'NONE', 3,
 ( #4517, #7347, #6234, #1503, #3296, #5626, #4482, #6812, #5553, #3844, #3262, #398, #2730, #1576, #6854, #3912, #6161, #3954 ),
 .UNSPECIFIED., .F., .F.,
 ( 4, 2, 2, 2, 2, 2, 2, 2, 4 ),
 ( 0.004598578616496572409, 0.004886729819436518019, 0.005174881022376463628, 0.005463032225316408370, 0.005751183428256353980, 0.006327485834136245199, 0.006903788240016135551, 0.008056393051775911918, 0.009208997863535689152 ),
 .UNSPECIFIED. ) ;
#5601 = ORIENTED_EDGE ( 'NONE', *, *, #2522, .T. ) ;
#5602 = CARTESIAN_POINT ( 'NONE',  ( 12.17820645469994290, 16.84331918830451968, -5.093244605863766594 ) ) ;
#5603 = CARTESIAN_POINT ( 'NONE',  ( 8.819938904715165506, 16.18082439328296829, -10.70014718494103789 ) ) ;
#5604 = CARTESIAN_POINT ( 'NONE',  ( -9.722724610782112364, 14.39430030472779265, 11.17157729339434269 ) ) ;
#5605 = VERTEX_POINT ( 'NONE', #3467 ) ;
#5606 = CARTESIAN_POINT ( 'NONE',  ( -2.563689962508007625, 3.901733890749974343, 14.77954536690817022 ) ) ;
#5607 = CARTESIAN_POINT ( 'NONE',  ( 11.39767491544386502, 4.214198939172966618, -9.751908996472877789 ) ) ;
#5608 = EDGE_LOOP ( 'NONE', ( #5274, #3576, #1882 ) ) ;
#5609 = CARTESIAN_POINT ( 'NONE',  ( 12.27317862954326166, 3.096679977797669459, 8.625210212140942190 ) ) ;
#5610 = CARTESIAN_POINT ( 'NONE',  ( 0.6680919990761547966, 2.994285338930128049, 14.98876103017780714 ) ) ;
#5611 = AXIS2_PLACEMENT_3D ( 'NONE', #2, #2341, #4668 ) ;
#5612 = CARTESIAN_POINT ( 'NONE',  ( 11.01067374925738918, 16.30483108477092813, 7.203427653526022212 ) ) ;
#5613 = VERTEX_POINT ( 'NONE', #23 ) ;
#5614 = CARTESIAN_POINT ( 'NONE',  ( -2.144203077264989599, 13.27382815172665609, -14.86666666544644499 ) ) ;
#5615 = DIRECTION ( 'NONE',  ( 0.000000000000000000, -1.000000000000000000, 0.000000000000000000 ) ) ;
#5616 = CARTESIAN_POINT ( 'NONE',  ( -11.28608250894451714, 13.54063028116372891, -9.880503104665095293 ) ) ;
#5617 = CARTESIAN_POINT ( 'NONE',  ( 8.392940792702949793, 16.09491777460694095, -11.14767464797511387 ) ) ;
#5618 = AXIS2_PLACEMENT_3D ( 'NONE', #3775, #5448, #6099 ) ;
#5619 = CLOSED_SHELL ( 'NONE', ( #7152, #6777, #693, #333, #5549, #4946, #3086, #2745, #849, #3600, #1498, #30, #6549, #3166, #7035, #6532, #2056, #753, #1344, #192, #3403, #4955, #6021, #4386, #6191, #5560, #3935, #3494, #3457, #6800, #657, #4623, #4242, #7011, #2384, #1368, #4013, #7189, #4895, #940, #743, #1488, #4706, #1642, #7409, #1809, #364, #6122, #6921, #6329, #4340, #3743, #931, #702, #7554, #5965, #3142, #3094, #1107, #5590, #150, #5757, #6685, #5218, #2293, #4095, #6032, #7142, #3511, #1454, #556, #4147, #1767, #247, #669, #4574, #5129, #4206, #3710, #3642, #6336, #1631, #6103, #4854, #6819, #5262, #6011, #103, #4664, #2798, #1863, #2046, #6624, #452, #2327, #6957, #6393, #2937, #5185, #2702, #5934, #7515, #2482, #5779, #562, #6235, #1062, #6245, #5644, #1581, #2234, #2196, #341, #7106, #548, #7275, #430, #1853, #5039, #4283, #4994, #6292, #6675, #2664, #4671, #5598 ) ) ;
#5620 = CARTESIAN_POINT ( 'NONE',  ( -12.04683991270629839, 4.141511870957488739, 8.953040594892136994 ) ) ;
#5621 = CARTESIAN_POINT ( 'NONE',  ( -5.554038505884817845, 4.684012049476081074, -13.14545196544397143 ) ) ;
#5622 = CARTESIAN_POINT ( 'NONE',  ( -2.913725435711751022, 13.28506311036469079, 14.71428571440986666 ) ) ;
#5623 = AXIS2_PLACEMENT_3D ( 'NONE', #6286, #5247, #4536 ) ;
#5624 = CARTESIAN_POINT ( 'NONE',  ( 11.63749310509605905, 4.143710939356576084, 8.198282368523180708 ) ) ;
#5625 = CIRCLE ( 'NONE', #1844, 15.00000000000000000 ) ;
#5626 = CARTESIAN_POINT ( 'NONE',  ( 0.6443543253142854921, 16.34479010670715127, -13.10447822994565925 ) ) ;
#5627 = DIRECTION ( 'NONE',  ( 0.000000000000000000, 0.000000000000000000, -1.000000000000000000 ) ) ;
#5628 = DIRECTION ( 'NONE',  ( -0.000000000000000000, 1.000000000000000000, -0.000000000000000000 ) ) ;
#5629 = CARTESIAN_POINT ( 'NONE',  ( 7.352273445972929089, 2.999999999931400207, -13.07567102250056479 ) ) ;
#5630 = CARTESIAN_POINT ( 'NONE',  ( 0.000000000000000000, 7.000000000000000000, 3.575000000000000178 ) ) ;
#5631 = B_SPLINE_CURVE_WITH_KNOTS ( 'NONE', 3,
 ( #6916, #6985, #1753, #6947, #7300, #5837, #927, #2825, #2066, #3255, #3434, #5727, #4393, #4009, #7481, #7337, #1495, #4086, #601, #3978, #2931, #5184, #3510, #5767, #6410, #2859, #6732, #2322, #2253, #3834, #5005, #5579, #4045, #526 ),
 .UNSPECIFIED., .F., .F.,
 ( 4, 2, 2, 2, 2, 2, 2, 2, 2, 2, 2, 2, 2, 2, 2, 2, 4 ),
 ( 0.000000000000000000, 0.001600104633265889142, 0.003200209266531778285, 0.004000261583164723724, 0.004400287741481191672, 0.004800313899797657886, 0.005600366216430592917, 0.006000392374747059131, 0.006400418533063526212, 0.007200470849696460375, 0.007600497008012925722, 0.008000523166329391936, 0.008800575482962327833, 0.009600627799595260262, 0.01040068011622820483, 0.01120073243286114767, 0.01280083706612702987 ),
 .UNSPECIFIED. ) ;
#5632 = CARTESIAN_POINT ( 'NONE',  ( -6.999999999999989342, 3.999999999999996447, 12.12435565298214435 ) ) ;
#5633 = DIRECTION ( 'NONE',  ( 0.000000000000000000, -1.000000000000000000, 0.000000000000000000 ) ) ;
#5634 = CARTESIAN_POINT ( 'NONE',  ( -11.06512756987207169, 14.92702988626217220, -9.559151480687877012 ) ) ;
#5635 = CARTESIAN_POINT ( 'NONE',  ( -14.71428571428571352, 12.99999999999999822, -2.913725436338733044 ) ) ;
#5636 = EDGE_CURVE ( 'NONE', #784, #2419, #679, .T. ) ;
#5637 = CARTESIAN_POINT ( 'NONE',  ( 13.14774777327266264, 15.99135119082496104, -4.835345152318367035 ) ) ;
#5638 = DIRECTION ( 'NONE',  ( 0.000000000000000000, 0.000000000000000000, 1.000000000000000000 ) ) ;
#5639 = CARTESIAN_POINT ( 'NONE',  ( -13.83821731704501268, 4.281769720007533309, -5.821144506360342419 ) ) ;
#5640 = DIRECTION ( 'NONE',  ( 0.000000000000000000, 0.000000000000000000, 1.000000000000000000 ) ) ;
#5641 = CYLINDRICAL_SURFACE ( 'NONE', #3832, 1.999999999999999112 ) ;
#5642 = CARTESIAN_POINT ( 'NONE',  ( 9.207321662249510652, 4.531312346189616314, -11.86343696072320597 ) ) ;
#5643 = CARTESIAN_POINT ( 'NONE',  ( 2.763049482195386375, 14.83765751968489432, 14.39495115136263337 ) ) ;
#5644 = ADVANCED_FACE ( 'NONE', ( #6403 ), #4112, .T. ) ;
#5645 = CARTESIAN_POINT ( 'NONE',  ( 7.789322928541746904, 2.999999999999997335, 12.82334038609027083 ) ) ;
#5646 = ORIENTED_EDGE ( 'NONE', *, *, #979, .T. ) ;
#5647 = CARTESIAN_POINT ( 'NONE',  ( 12.99038105676657651, 3.999999999999996447, -5.500000000000005329 ) ) ;
#5648 = CARTESIAN_POINT ( 'NONE',  ( -7.790406832195224673, 2.999999999999996003, 12.82271459402415914 ) ) ;
#5649 = ORIENTED_EDGE ( 'NONE', *, *, #1826, .T. ) ;
#5650 = DIRECTION ( 'NONE',  ( 1.000000000000000000, 0.000000000000000000, 0.000000000000000000 ) ) ;
#5651 = CARTESIAN_POINT ( 'NONE',  ( 11.31570734685969448, 13.89581248135484337, 8.593687042274410715 ) ) ;
#5652 = CIRCLE ( 'NONE', #2365, 1.000000000000000888 ) ;
#5653 = EDGE_CURVE ( 'NONE', #5033, #1598, #4718, .T. ) ;
#5654 = CARTESIAN_POINT ( 'NONE',  ( -11.21347688853942870, 16.46439443573020611, 6.577147312574023630 ) ) ;
#5655 = EDGE_LOOP ( 'NONE', ( #3790, #6147, #83, #3747, #6250 ) ) ;
#5656 = AXIS2_PLACEMENT_3D ( 'NONE', #5930, #43, #773 ) ;
#5657 = CARTESIAN_POINT ( 'NONE',  ( -12.95536764865271984, 14.54162390953149675, 5.499610408097372449 ) ) ;
#5658 = CARTESIAN_POINT ( 'NONE',  ( 5.487440575307382495, 14.83240756451505504, 13.61341646216402346 ) ) ;
#5659 = CARTESIAN_POINT ( 'NONE',  ( 0.000000000000000000, 7.000000000000000000, 0.000000000000000000 ) ) ;
#5660 = CARTESIAN_POINT ( 'NONE',  ( 6.255258330859146731, 16.44188171060361014, -11.42311460099452347 ) ) ;
#5661 = CARTESIAN_POINT ( 'NONE',  ( 10.70014718494103612, 16.18082439328295763, 8.819938904715161954 ) ) ;
#5662 = AXIS2_PLACEMENT_3D ( 'NONE', #5291, #145, #1861 ) ;
#5663 = CARTESIAN_POINT ( 'NONE',  ( 13.67656873874907042, 16.18082439328296118, 2.288217558839512389 ) ) ;
#5664 = DIRECTION ( 'NONE',  ( 0.000000000000000000, -1.000000000000000000, 0.000000000000000000 ) ) ;
#5665 = FACE_OUTER_BOUND ( 'NONE', #2171, .T. ) ;
#5666 = CARTESIAN_POINT ( 'NONE',  ( 13.99999999999999822, 2.999999999999996447, -1.619075244245019823E-15 ) ) ;
#5667 = FACE_OUTER_BOUND ( 'NONE', #2906, .T. ) ;
#5668 = CARTESIAN_POINT ( 'NONE',  ( 2.913725436068881347, 13.28474984484108923, 14.71428571433914989 ) ) ;
#5669 = CARTESIAN_POINT ( 'NONE',  ( -13.99999999999999822, 3.999999999999996447, 3.981835966958432166E-16 ) ) ;
#5670 = AXIS2_PLACEMENT_3D ( 'NONE', #4251, #6585, #5967 ) ;
#5671 = B_SPLINE_CURVE_WITH_KNOTS ( 'NONE', 3,
 ( #169, #2001, #820, #6625, #7158, #3187, #3115, #744, #5435, #4903, #5512, #4789, #3654, #4254, #5971, #855, #2503, #7120, #248, #4937, #1317, #6660, #1887, #286, #4221, #6589, #6013, #3036, #6551, #1961, #1351, #3078, #4827, #1925 ),
 .UNSPECIFIED., .F., .F.,
 ( 4, 2, 2, 2, 2, 2, 2, 2, 2, 2, 2, 2, 2, 2, 2, 2, 4 ),
 ( 0.000000000000000000, 0.001600104633265873964, 0.003200209266531747927, 0.004000261583164686427, 0.004400287741481157845, 0.004800313899797629263, 0.005600366216430563426, 0.006000392374747031375, 0.006400418533063500191, 0.007200470849696436956, 0.007600497008012907507, 0.008000523166329378058, 0.008800575482962312221, 0.009600627799595248119, 0.01040068011622819269, 0.01120073243286113726, 0.01280083706612702640 ),
 .UNSPECIFIED. ) ;
#5672 = ORIENTED_EDGE ( 'NONE', *, *, #1955, .T. ) ;
#5673 = LINE ( 'NONE', #2697, #6761 ) ;
#5674 = CARTESIAN_POINT ( 'NONE',  ( 13.90906374865488715, 3.436560184660549133, -5.617718256353430029 ) ) ;
#5675 = CYLINDRICAL_SURFACE ( 'NONE', #5490, 2.000000000000000000 ) ;
#5676 = CARTESIAN_POINT ( 'NONE',  ( -10.86678464716040615, 15.65594707400761187, -9.200385287461847028 ) ) ;
#5677 = CARTESIAN_POINT ( 'NONE',  ( 7.307370445440552587, 16.26683394756938483, -10.99038105676639354 ) ) ;
#5678 = CARTESIAN_POINT ( 'NONE',  ( 8.611348867866411183, 4.699817067872113618, 11.37967868670002147 ) ) ;
#5679 = CARTESIAN_POINT ( 'NONE',  ( 11.12876992225552542, 16.44188171060341119, -6.765078269372634345 ) ) ;
#5680 = CARTESIAN_POINT ( 'NONE',  ( -8.624056149033544116, 16.38381850098475923, -10.63117458930020476 ) ) ;
#5681 = CARTESIAN_POINT ( 'NONE',  ( -13.09954946033192869, 4.466339822256658820, -5.653749813542757963 ) ) ;
#5682 = DIRECTION ( 'NONE',  ( 0.000000000000000000, 0.000000000000000000, -1.000000000000000000 ) ) ;
#5683 = CARTESIAN_POINT ( 'NONE',  ( -13.07567102250053814, 2.999999999931400207, -7.352273445972972610 ) ) ;
#5684 = CARTESIAN_POINT ( 'NONE',  ( 9.550199142363211990, 3.802689510443586496, -11.56751519734551792 ) ) ;
#5685 = CARTESIAN_POINT ( 'NONE',  ( 0.9133290855593541036, 17.20978350469592044, 12.66600362622708431 ) ) ;
#5686 =( BOUNDED_SURFACE ( )  B_SPLINE_SURFACE ( 3, 2, ( 
 ( #1290, #3543, #639 ),
 ( #1859, #2966, #5289 ),
 ( #5471, #4470, #3900 ),
 ( #2223, #1798, #5154 ),
 ( #497, #1724, #4056 ),
 ( #5774, #6417, #612 ),
 ( #535, #5193, #2333 ),
 ( #6458, #1266, #1339 ),
 ( #2985, #5888, #3609 ),
 ( #7110, #5345, #116 ),
 ( #2454, #1878, #6002 ),
 ( #4211, #6539, #1307 ),
 ( #3104, #3475, #2288 ),
 ( #3239, #2128, #5565 ),
 ( #375, #6789, #339 ),
 ( #4341, #2087, #2665 ),
 ( #7249, #6678, #6101 ),
 ( #1981, #4987, #873 ) ),
 .UNSPECIFIED., .F., .F., .T. ) 
 B_SPLINE_SURFACE_WITH_KNOTS ( ( 4, 2, 2, 2, 2, 2, 2, 2, 4 ),
 ( 3, 3 ),
 ( 0.001001835143902674898, 0.001483160195672278154, 0.001964485247441881410, 0.002445810299211485100, 0.002927135350981088357, 0.003408460402750691613, 0.003889785454520295303, 0.004371110506289898126, 0.004852435558059501816 ),
 ( 0.000000000000000000, 1.000000000000000000 ),
 .UNSPECIFIED. ) 
 GEOMETRIC_REPRESENTATION_ITEM ( )  RATIONAL_B_SPLINE_SURFACE ( (
 ( 1.000000000000000000, 0.7071067811865473507, 1.000000000000000000),
 ( 1.000000000000000000, 0.7068862653317179445, 1.000000000000000000),
 ( 1.000000000000000000, 0.7152614521123077385, 1.000000000000000000),
 ( 1.000000000000000000, 0.7353188346932746366, 1.000000000000000000),
 ( 1.000000000000000000, 0.7463742780417126355, 1.000000000000000000),
 ( 1.000000000000000000, 0.7639171294620323849, 1.000000000000000000),
 ( 1.000000000000000000, 0.7705876985465456297, 1.000000000000000000),
 ( 1.000000000000000000, 0.7802728411342634285, 1.000000000000000000),
 ( 1.000000000000000000, 0.7834142574742503085, 1.000000000000000000),
 ( 1.000000000000000000, 0.7873757974864040721, 1.000000000000000000),
 ( 1.000000000000000000, 0.7882590930830073450, 1.000000000000000000),
 ( 1.000000000000000000, 0.7889663206215629110, 1.000000000000000000),
 ( 1.000000000000000000, 0.7887727214691796496, 1.000000000000000000),
 ( 1.000000000000000000, 0.7881288200425408119, 1.000000000000000000),
 ( 1.000000000000000000, 0.7876692935215607871, 1.000000000000000000),
 ( 1.000000000000000000, 0.7870063584362331222, 1.000000000000000000),
 ( 1.000000000000000000, 0.7867917697739525984, 1.000000000000000000),
 ( 1.000000000000000000, 0.7867957924694417571, 1.000000000000000000) ) ) 
 REPRESENTATION_ITEM ( '' )  SURFACE ( )  );
#5687 = CARTESIAN_POINT ( 'NONE',  ( 14.71428571428571530, 4.999999999999996447, 2.913725436338731267 ) ) ;
#5688 = CARTESIAN_POINT ( 'NONE',  ( -8.823303108064585842, 15.40047773549968113, 11.38731609600232808 ) ) ;
#5689 = CARTESIAN_POINT ( 'NONE',  ( -4.833782609620604021, 4.999999999999996447, 14.19980794528325418 ) ) ;
#5690 = CARTESIAN_POINT ( 'NONE',  ( 12.81982844450898362, 3.977039156128782782, -7.789360012214666895 ) ) ;
#5691 = ORIENTED_EDGE ( 'NONE', *, *, #6113, .T. ) ;
#5692 = CARTESIAN_POINT ( 'NONE',  ( -1.139254776169117411, 17.14268327565249805, -12.75558564457052313 ) ) ;
#5693 = EDGE_CURVE ( 'NONE', #736, #5152, #6264, .T. ) ;
#5694 = CARTESIAN_POINT ( 'NONE',  ( 2.563577421532577283, 3.901549709546960898, 14.77956548047893115 ) ) ;
#5695 = CARTESIAN_POINT ( 'NONE',  ( -11.01124594273812107, 15.86165400212487242, 7.811455540038188872 ) ) ;
#5696 = ORIENTED_EDGE ( 'NONE', *, *, #6496, .F. ) ;
#5697 = CARTESIAN_POINT ( 'NONE',  ( 0.000000000000000000, 0.000000000000000000, 0.000000000000000000 ) ) ;
#5698 = CARTESIAN_POINT ( 'NONE',  ( -9.609905911854886185, 3.901549709546960898, -11.51769045222403065 ) ) ;
#5699 = CARTESIAN_POINT ( 'NONE',  ( -13.73520035530930095, 15.09020611454483785, -4.800525218502900593 ) ) ;
#5700 = CARTESIAN_POINT ( 'NONE',  ( -6.123039743710747551, 16.40558851998381229, 11.53701700381632556 ) ) ;
#5701 = EDGE_CURVE ( 'NONE', #5422, #1350, #3867, .T. ) ;
#5702 = CARTESIAN_POINT ( 'NONE',  ( 6.427706391235066263, 17.04175505156299408, -11.29968544425624266 ) ) ;
#5703 = CARTESIAN_POINT ( 'NONE',  ( 13.84643864973605432, 14.84133297373236715, 4.804539141765341803 ) ) ;
#5704 = CARTESIAN_POINT ( 'NONE',  ( -8.416033321394680300, 4.308045407682640437, -11.51545534623323519 ) ) ;
#5705 = CARTESIAN_POINT ( 'NONE',  ( -2.439596622427126604, 15.88150506235268544, 13.87564341571645699 ) ) ;
#5706 = LINE ( 'NONE', #3843, #7198 ) ;
#5707 = CARTESIAN_POINT ( 'NONE',  ( -13.13764580759528222, 4.634713648833516331, 5.571780685120982568 ) ) ;
#5708 = CARTESIAN_POINT ( 'NONE',  ( 12.99038105676685184, 4.231561273113432442, 5.860076627227165602 ) ) ;
#5709 = CARTESIAN_POINT ( 'NONE',  ( 5.821144506360199422, 4.281769720007534197, -13.83821731704515656 ) ) ;
#5710 = B_SPLINE_CURVE_WITH_KNOTS ( 'NONE', 3,
 ( #246, #5616, #428, #322, #4509, #3794, #2684, #2107, #6695, #2649, #394, #359, #1460, #3289, #6770, #6734, #892, #3368, #6121, #3257, #3220, #1534, #3873, #6267, #1040, #2147, #4970, #6844, #6188, #5699, #2068, #7302, #3330, #7378 ),
 .UNSPECIFIED., .F., .F.,
 ( 4, 2, 2, 2, 2, 2, 2, 2, 2, 2, 2, 2, 2, 2, 2, 2, 4 ),
 ( 0.000000000000000000, 0.001600104633265900201, 0.003200209266531800403, 0.004000261583164751479, 0.004400287741481222030, 0.004800313899797691714, 0.005600366216430631948, 0.006000392374747099029, 0.006400418533063566978, 0.007200470849696498539, 0.007600497008012963886, 0.008000523166329430100, 0.008800575482962364263, 0.009600627799595296691, 0.01040068011622823085, 0.01120073243286116328, 0.01280083706612702814 ),
 .UNSPECIFIED. ) ;
#5711 = CARTESIAN_POINT ( 'NONE',  ( -14.98116554175119219, 3.907900456521195220, 0.7652844104612774867 ) ) ;
#5712 = VERTEX_POINT ( 'NONE', #4150 ) ;
#5713 = CARTESIAN_POINT ( 'NONE',  ( -2.882072206082877841, 14.06966301368916383, 14.63290822845399219 ) ) ;
#5714 = CARTESIAN_POINT ( 'NONE',  ( 5.653230310318363649, 4.467215551782224736, 13.09979768577263215 ) ) ;
#5715 = CARTESIAN_POINT ( 'NONE',  ( -11.04801371515090658, 15.64112245143654079, -7.987865666622757210 ) ) ;
#5716 = LINE ( 'NONE', #3965, #2081 ) ;
#5717 = PRODUCT ( '\X2\041a043e043b043f04300447043e043a\X0\_\X2\042d043d043a043e0434043504400430\X0\', '\X2\041a043e043b043f04300447043e043a\X0\_\X2\042d043d043a043e0434043504400430\X0\', '', ( #3402 ) ) ;
#5718 = CARTESIAN_POINT ( 'NONE',  ( 13.23645800307833120, 15.88150506235264103, -4.825069057849630028 ) ) ;
#5719 = CARTESIAN_POINT ( 'NONE',  ( 14.71428571428571352, 12.99999999999999822, -2.913725436338734376 ) ) ;
#5720 = CARTESIAN_POINT ( 'NONE',  ( -4.833782609620619120, 4.999999999999996447, -14.19980794528324708 ) ) ;
#5721 = CARTESIAN_POINT ( 'NONE',  ( 2.602085213965210642E-15, 4.999999999999996447, 15.00000000000000000 ) ) ;
#5722 = DIRECTION ( 'NONE',  ( 0.000000000000000000, -1.000000000000000000, 0.000000000000000000 ) ) ;
#5723 = CARTESIAN_POINT ( 'NONE',  ( -13.95784295086984628, 3.535834181800183273, -5.494826045285436500 ) ) ;
#5724 = CARTESIAN_POINT ( 'NONE',  ( 9.125814555266423156, 4.362682976374302690, -11.92263170405853501 ) ) ;
#5725 = CARTESIAN_POINT ( 'NONE',  ( 6.662418174720011521, 16.45747003169181255, 11.17171941074429320 ) ) ;
#5726 = DIRECTION ( 'NONE',  ( -1.000000000000000000, 0.000000000000000000, 0.000000000000000000 ) ) ;
#5727 = CARTESIAN_POINT ( 'NONE',  ( -7.523871480653255617, 17.08425122492148418, 10.46876664831399317 ) ) ;
#5728 = CARTESIAN_POINT ( 'NONE',  ( 14.19980794528324886, 12.99999999999999822, -4.833782609620621784 ) ) ;
#5729 = ORIENTED_EDGE ( 'NONE', *, *, #1313, .T. ) ;
#5730 = CARTESIAN_POINT ( 'NONE',  ( 2.576335165359393553, 15.53957261684852043, -14.07539411463698542 ) ) ;
#5731 = CARTESIAN_POINT ( 'NONE',  ( 10.59827446915569560, 16.48407345658098322, 8.513891686436380724 ) ) ;
#5732 = CARTESIAN_POINT ( 'NONE',  ( 13.16556307376510304, 12.99999999999999822, 5.507686957097267744 ) ) ;
#5733 = VERTEX_POINT ( 'NONE', #7088 ) ;
#5734 = EDGE_CURVE ( 'NONE', #4494, #1522, #4648, .T. ) ;
#5735 = CARTESIAN_POINT ( 'NONE',  ( -8.673617379884035472E-16, 2.999999999999996447, -15.00000000000000000 ) ) ;
#5736 = CARTESIAN_POINT ( 'NONE',  ( -8.484993807777193808, 3.060284748218929263, -12.37061866345957384 ) ) ;
#5737 = CARTESIAN_POINT ( 'NONE',  ( -14.21640249282013890, 15.50732118243872470, -1.919798399972925562 ) ) ;
#5738 = CARTESIAN_POINT ( 'NONE',  ( -8.385727113295450508, 14.87622484628147035, 11.18891489752528479 ) ) ;
#5739 = CARTESIAN_POINT ( 'NONE',  ( 7.624673442530256473, 16.04144829552216933, -10.99025763402354983 ) ) ;
#5740 = CARTESIAN_POINT ( 'NONE',  ( -11.85308776604702174, 4.008811356518027225, 7.660626108157979175 ) ) ;
#5741 = CIRCLE ( 'NONE', #609, 0.9999999999999991118 ) ;
#5742 = EDGE_LOOP ( 'NONE', ( #5573, #6428, #6849, #3695, #986, #1492, #1886 ) ) ;
#5743 = CARTESIAN_POINT ( 'NONE',  ( -12.99038105676657295, 2.999999999999996447, 7.500000000000010658 ) ) ;
#5744 = CARTESIAN_POINT ( 'NONE',  ( -2.745904235963451345, 14.92702988626230187, 14.36225731196864785 ) ) ;
#5745 = EDGE_CURVE ( 'NONE', #2304, #6160, #27, .T. ) ;
#5746 = CARTESIAN_POINT ( 'NONE',  ( 12.90355828074793898, 3.999999999531397510, 7.650381459523673655 ) ) ;
#5747 = AXIS2_PLACEMENT_3D ( 'NONE', #6641, #1412, #3745 ) ;
#5748 = FACE_OUTER_BOUND ( 'NONE', #7219, .T. ) ;
#5749 = PLANE ( 'NONE',  #2339 ) ;
#5750 = CARTESIAN_POINT ( 'NONE',  ( 1.530808498934191127E-15, 18.00000000000000000, -9.999999999999998224 ) ) ;
#5751 = VERTEX_POINT ( 'NONE', #2965 ) ;
#5752 = CARTESIAN_POINT ( 'NONE',  ( -1.671628424915175382, 16.84813042596033483, 13.08826902741983567 ) ) ;
#5753 = CARTESIAN_POINT ( 'NONE',  ( -8.559459778352744408, 14.12311881470151143, -11.29322280297100711 ) ) ;
#5754 = CIRCLE ( 'NONE', #5618, 0.9999999999999991118 ) ;
#5755 = CARTESIAN_POINT ( 'NONE',  ( -14.31754069980988220, 15.08930232780941871, -2.724411775572209926 ) ) ;
#5756 = CARTESIAN_POINT ( 'NONE',  ( -14.19980794528324886, 12.99999999999999822, -4.833782609620613790 ) ) ;
#5757 = ADVANCED_FACE ( 'NONE', ( #6361 ), #2977, .F. ) ;
#5758 = CARTESIAN_POINT ( 'NONE',  ( -8.733115507161519631, 3.984706786667202127, 12.20187832141392192 ) ) ;
#5759 = FACE_OUTER_BOUND ( 'NONE', #4997, .T. ) ;
#5760 = CARTESIAN_POINT ( 'NONE',  ( -12.56525233975190226, 15.44637915579288467, -5.544165923891621439 ) ) ;
#5761 = CARTESIAN_POINT ( 'NONE',  ( 15.00000000000000000, 2.999999999999996447, -1.734723475976807094E-15 ) ) ;
#5762 = DIRECTION ( 'NONE',  ( 0.000000000000000000, 0.000000000000000000, -1.000000000000000000 ) ) ;
#5763 = DIRECTION ( 'NONE',  ( -0.000000000000000000, -1.000000000000000000, -0.000000000000000000 ) ) ;
#5764 = CARTESIAN_POINT ( 'NONE',  ( 12.80016085090507794, 16.36882392162267053, -4.891412052084391782 ) ) ;
#5765 = FACE_OUTER_BOUND ( 'NONE', #2429, .T. ) ;
#5766 = CARTESIAN_POINT ( 'NONE',  ( -12.99038105676658006, 4.999999999999996447, -6.499999999999999112 ) ) ;
#5767 = CARTESIAN_POINT ( 'NONE',  ( -5.093147537914546774, 16.86133510028686544, 12.16011228683190737 ) ) ;
#5768 = CARTESIAN_POINT ( 'NONE',  ( -8.490253752630291473, 3.061395714370281684, 12.36702681370019441 ) ) ;
#5769 = ORIENTED_EDGE ( 'NONE', *, *, #4615, .F. ) ;
#5770 = CARTESIAN_POINT ( 'NONE',  ( 1.947546588872823614, 15.40047773549967403, -14.27335657409382996 ) ) ;
#5771 = CARTESIAN_POINT ( 'NONE',  ( 11.14767464797511565, 16.09491777460653239, 8.392940792702763275 ) ) ;
#5772 = CARTESIAN_POINT ( 'NONE',  ( -11.07121646834342954, 16.40558851998381584, 6.929829937342594448 ) ) ;
#5773 = ORIENTED_EDGE ( 'NONE', *, *, #413, .T. ) ;
#5774 = CARTESIAN_POINT ( 'NONE',  ( -0.9290270044371488067, 4.033568272321463866, 14.13827127161655639 ) ) ;
#5775 = CARTESIAN_POINT ( 'NONE',  ( 5.500547170247442885, 14.11544024326025237, 13.06089942128653725 ) ) ;
#5776 = CARTESIAN_POINT ( 'NONE',  ( -13.56179337199088941, 15.64112245143674329, -1.393687731737312197 ) ) ;
#5777 = AXIS2_PLACEMENT_3D ( 'NONE', #358, #6694, #5580 ) ;
#5778 = CARTESIAN_POINT ( 'NONE',  ( 6.778065430522162593, 16.44440290119786141, -11.11932057075126856 ) ) ;
#5779 = ADVANCED_FACE ( 'NONE', ( #7016 ), #6385, .F. ) ;
#5780 = CARTESIAN_POINT ( 'NONE',  ( -11.98339626061227747, 3.999560766178291260, 7.283411841060742908 ) ) ;
#5781 = ORIENTED_EDGE ( 'NONE', *, *, #5701, .F. ) ;
#5782 = CARTESIAN_POINT ( 'NONE',  ( -11.35004795217509432, 17.03660441533995851, -6.351807329232655341 ) ) ;
#5783 = CARTESIAN_POINT ( 'NONE',  ( -5.576398997336197816, 4.999999999999997335, -13.94701254168407445 ) ) ;
#5784 = ORIENTED_EDGE ( 'NONE', *, *, #7313, .T. ) ;
#5785 = CARTESIAN_POINT ( 'NONE',  ( 12.66045427126304013, 3.928673933946909003, 8.045895536473157250 ) ) ;
#5786 = CARTESIAN_POINT ( 'NONE',  ( -13.73677955585925403, 3.199223961955117712, 6.027109780817418994 ) ) ;
#5787 = CARTESIAN_POINT ( 'NONE',  ( -12.99038105676685007, 4.231561273113432442, -5.860076627227168267 ) ) ;
#5788 = CARTESIAN_POINT ( 'NONE',  ( -14.99999999999999822, 2.999999999999996447, 4.266252821741180631E-16 ) ) ;
#5789 = EDGE_LOOP ( 'NONE', ( #1113, #1120, #3820, #1273 ) ) ;
#5790 = EDGE_CURVE ( 'NONE', #4640, #7328, #4611, .T. ) ;
#5791 = CIRCLE ( 'NONE', #2500, 1.000000000000000888 ) ;
#5792 = CARTESIAN_POINT ( 'NONE',  ( 14.15254809445918482, 4.051461718327665551, -1.019532147327687044 ) ) ;
#5793 = CARTESIAN_POINT ( 'NONE',  ( 13.70826508604517180, 15.32409233017463457, -1.530472923343761504 ) ) ;
#5794 = CARTESIAN_POINT ( 'NONE',  ( -13.94701254168406024, 12.99999999999999645, -5.576398997336195151 ) ) ;
#5795 = EDGE_LOOP ( 'NONE', ( #2247, #3641, #354, #2502 ) ) ;
#5796 = CARTESIAN_POINT ( 'NONE',  ( -9.238671184212547516, 4.622770957791546564, 11.84054206087221317 ) ) ;
#5797 = CARTESIAN_POINT ( 'NONE',  ( -1.812984715944100600, 13.38336035297970916, 14.15555555555555500 ) ) ;
#5798 = CARTESIAN_POINT ( 'NONE',  ( 2.719477073916149124, -2.000000000000000000, -13.73333333333333250 ) ) ;
#5799 = EDGE_CURVE ( 'NONE', #4767, #6257, #47, .T. ) ;
#5800 = CARTESIAN_POINT ( 'NONE',  ( 11.22975563690778955, 14.08033431901120025, -9.810016768012099320 ) ) ;
#5801 = CARTESIAN_POINT ( 'NONE',  ( 9.880503104665104175, 4.999999999999996447, 11.28608250894451182 ) ) ;
#5802 = CARTESIAN_POINT ( 'NONE',  ( -6.463398884759614660, 17.32944964589903236, 10.70324058552187374 ) ) ;
#5803 = CARTESIAN_POINT ( 'NONE',  ( 0.4658005354728909087, 16.40558851998381584, 13.05286968105334644 ) ) ;
#5804 = CARTESIAN_POINT ( 'NONE',  ( 2.913725436338731711, 12.99999999999999822, -14.71428571428571708 ) ) ;
#5805 = CARTESIAN_POINT ( 'NONE',  ( -13.92309978547885052, 3.463178456121496218, 5.582811601712265315 ) ) ;
#5806 = ORIENTED_EDGE ( 'NONE', *, *, #1313, .F. ) ;
#5807 = CARTESIAN_POINT ( 'NONE',  ( 0.3103165659696969225, 16.44440290119746706, -13.01864680235457250 ) ) ;
#5808 = CARTESIAN_POINT ( 'NONE',  ( 2.220262530841356607, 3.535834181800181941, 14.83525960012956268 ) ) ;
#5809 = CARTESIAN_POINT ( 'NONE',  ( 1.358021404713958935, 3.947308199542536311, -14.94235399756120586 ) ) ;
#5810 = ORIENTED_EDGE ( 'NONE', *, *, #1070, .F. ) ;
#5811 = CARTESIAN_POINT ( 'NONE',  ( 5.602673495379675295, 17.23293512505063774, 11.35517035961764343 ) ) ;
#5812 = CARTESIAN_POINT ( 'NONE',  ( -12.49954207052147481, 17.33044428562128303, 0.1076962429820615408 ) ) ;
#5813 = CARTESIAN_POINT ( 'NONE',  ( 4.880874480138528426, 16.31616615544931648, -12.85623060947328611 ) ) ;
#5814 = DIRECTION ( 'NONE',  ( 0.000000000000000000, 0.000000000000000000, -1.000000000000000000 ) ) ;
#5815 = DIRECTION ( 'NONE',  ( 0.000000000000000000, 0.000000000000000000, 1.000000000000000000 ) ) ;
#5816 = EDGE_LOOP ( 'NONE', ( #4240, #4099, #583, #75 ) ) ;
#5817 = CARTESIAN_POINT ( 'NONE',  ( -11.73513215752057448, 16.31414662415499350, -5.936459091644294084 ) ) ;
#5818 = CARTESIAN_POINT ( 'NONE',  ( -7.500000000000185629, 4.003567649046306798, -11.90598573715167063 ) ) ;
#5819 = ORIENTED_EDGE ( 'NONE', *, *, #3184, .T. ) ;
#5820 = DIRECTION ( 'NONE',  ( 1.156335439753954780E-16, 0.000000000000000000, -1.000000000000000000 ) ) ;
#5821 = CARTESIAN_POINT ( 'NONE',  ( 1.424655275501012452, 4.230181196864261750, 14.18099463524112025 ) ) ;
#5822 = VERTEX_POINT ( 'NONE', #6806 ) ;
#5823 = CARTESIAN_POINT ( 'NONE',  ( 11.36189070175296401, 4.802888772988995747, 8.635612677675815974 ) ) ;
#5824 = CARTESIAN_POINT ( 'NONE',  ( -10.47849849166984804, 16.93077057452727274, -7.855809004240562388 ) ) ;
#5825 = CARTESIAN_POINT ( 'NONE',  ( 12.75558564457052135, 17.14268327565249805, -1.139254776169144279 ) ) ;
#5826 = CARTESIAN_POINT ( 'NONE',  ( -7.648932570987301283, 3.999999999496095970, -12.90439479676280854 ) ) ;
#5827 = EDGE_LOOP ( 'NONE', ( #4217, #347, #5729, #2143 ) ) ;
#5828 = CARTESIAN_POINT ( 'NONE',  ( -8.607276093360084701, 4.684012049476113049, 11.38266442241515897 ) ) ;
#5829 = EDGE_CURVE ( 'NONE', #307, #5991, #7380, .T. ) ;
#5830 = DIRECTION ( 'NONE',  ( 0.000000000000000000, 0.000000000000000000, -1.000000000000000000 ) ) ;
#5831 = CARTESIAN_POINT ( 'NONE',  ( 11.28608250894451182, 12.99999999999999822, -9.880503104665102398 ) ) ;
#5832 = DIRECTION ( 'NONE',  ( -0.000000000000000000, -1.000000000000000000, -0.000000000000000000 ) ) ;
#5833 = CARTESIAN_POINT ( 'NONE',  ( 10.63117458930020121, 16.38381850098475923, -8.624056149033545893 ) ) ;
#5834 = CARTESIAN_POINT ( 'NONE',  ( 8.640512722226338482, 4.847707533011536007, -11.35813716664364925 ) ) ;
#5835 = FACE_OUTER_BOUND ( 'NONE', #1954, .T. ) ;
#5836 = CARTESIAN_POINT ( 'NONE',  ( -5.774270979191379993, 16.15247683347033458, 11.96951411249857955 ) ) ;
#5837 = CARTESIAN_POINT ( 'NONE',  ( -8.819938904715156625, 16.18082439328296118, 10.70014718494104144 ) ) ;
#5838 = CARTESIAN_POINT ( 'NONE',  ( -13.90549294068432218, 4.531312346189690921, 5.670376953056776692 ) ) ;
#5839 = ORIENTED_EDGE ( 'NONE', *, *, #7401, .F. ) ;
#5840 = CARTESIAN_POINT ( 'NONE',  ( 1.208561499647242909, 16.66860712098378272, -13.37812763211798028 ) ) ;
#5841 = CARTESIAN_POINT ( 'NONE',  ( 11.62367320297126483, 16.37135068137266813, 6.032226618178599509 ) ) ;
#5842 = CARTESIAN_POINT ( 'NONE',  ( 1.367056799069348738, 3.105261479425917237, -14.93844109617767657 ) ) ;
#5843 = ORIENTED_EDGE ( 'NONE', *, *, #2010, .F. ) ;
#5844 = EDGE_CURVE ( 'NONE', #1928, #5895, #3594, .T. ) ;
#5845 = CARTESIAN_POINT ( 'NONE',  ( 5.991820929612813096, 3.214744458955211215, 13.75223431385990125 ) ) ;
#5846 = CARTESIAN_POINT ( 'NONE',  ( 5.320045046763884677, 17.08328403755353619, 11.73789268481597681 ) ) ;
#5847 = CARTESIAN_POINT ( 'NONE',  ( -13.24191606716848746, 16.80948711538515994, -0.9757255049070044928 ) ) ;
#5848 = CARTESIAN_POINT ( 'NONE',  ( -8.647868598458273937, 12.99999999999999822, 11.35257835782100955 ) ) ;
#5849 = CARTESIAN_POINT ( 'NONE',  ( 13.83821731704515656, 4.281769720007534197, 5.821144506360340642 ) ) ;
#5850 = CARTESIAN_POINT ( 'NONE',  ( -1.261350528527907411, 15.85872744831453041, -13.44343789994356619 ) ) ;
#5851 = EDGE_LOOP ( 'NONE', ( #455, #4133, #6901, #4362 ) ) ;
#5852 = CARTESIAN_POINT ( 'NONE',  ( 14.10950549299133705, 4.012211523182459771, 0.7828469668399683501 ) ) ;
#5853 = CARTESIAN_POINT ( 'NONE',  ( 1.196539283530160924, 4.106013060889034172, 14.17244227421767100 ) ) ;
#5854 = CARTESIAN_POINT ( 'NONE',  ( 11.80280946324073632, 13.27382815172660813, -9.290267668508429111 ) ) ;
#5855 = AXIS2_PLACEMENT_3D ( 'NONE', #6876, #636, #1816 ) ;
#5856 = CARTESIAN_POINT ( 'NONE',  ( 11.42432586064584754, 4.524881317935713021, 8.549657443861232053 ) ) ;
#5857 = DIRECTION ( 'NONE',  ( 0.000000000000000000, 0.000000000000000000, -1.000000000000000000 ) ) ;
#5858 = CARTESIAN_POINT ( 'NONE',  ( 14.69114445556480497, 13.57088042692347152, -2.904100378014025097 ) ) ;
#5859 = CARTESIAN_POINT ( 'NONE',  ( -9.880503098775358595, 4.837498224088121468, -11.28608251410074104 ) ) ;
#5860 = AXIS2_PLACEMENT_3D ( 'NONE', #4076, #978, #408 ) ;
#5861 = EDGE_LOOP ( 'NONE', ( #2708, #763, #5999, #688 ) ) ;
#5862 = CARTESIAN_POINT ( 'NONE',  ( -8.582601359236239347, 4.607737795638398914, 11.40069275130144710 ) ) ;
#5863 = LINE ( 'NONE', #4577, #3312 ) ;
#5864 = CYLINDRICAL_SURFACE ( 'NONE', #2074, 1.000000000000000000 ) ;
#5865 = CARTESIAN_POINT ( 'NONE',  ( -14.99703129287900794, 2.999092996133977618, -0.3443759336535520132 ) ) ;
#5866 = CARTESIAN_POINT ( 'NONE',  ( -6.029639219047516541, 3.198062733046427297, 13.73568016460669483 ) ) ;
#5867 = CARTESIAN_POINT ( 'NONE',  ( 8.324284977840006761, 4.230181196864256421, 11.56877396729917606 ) ) ;
#5868 = AXIS2_PLACEMENT_3D ( 'NONE', #4404, #469, #4446 ) ;
#5869 =( GEOMETRIC_REPRESENTATION_CONTEXT ( 3 ) GLOBAL_UNCERTAINTY_ASSIGNED_CONTEXT ( ( #2130 ) ) GLOBAL_UNIT_ASSIGNED_CONTEXT ( ( #2611, #7414, #5547 ) ) REPRESENTATION_CONTEXT ( 'NONE', 'WORKASPACE' ) );
#5870 = CARTESIAN_POINT ( 'NONE',  ( 7.791367026647603389, 4.016972115943833188, -11.81105143861902107 ) ) ;
#5871 = EDGE_CURVE ( 'NONE', #4306, #2098, #6884, .T. ) ;
#5872 = CARTESIAN_POINT ( 'NONE',  ( -1.812984715944099934, 4.899988397038738341, 14.15555555555555678 ) ) ;
#5873 = CARTESIAN_POINT ( 'NONE',  ( -8.083900002778703353, 16.80181036654434479, 10.50646263419241322 ) ) ;
#5874 = CIRCLE ( 'NONE', #6748, 8.500000000000000000 ) ;
#5875 = CARTESIAN_POINT ( 'NONE',  ( -1.725106533900573780, 14.51205696741442353, 13.98509868429530378 ) ) ;
#5876 = TOROIDAL_SURFACE ( 'NONE', #488, 0.9999999999999995559, 1.000000000000000000 ) ;
#5877 = CARTESIAN_POINT ( 'NONE',  ( -12.39054607974009059, 16.69940669386571841, 5.011617705580563964 ) ) ;
#5878 = CARTESIAN_POINT ( 'NONE',  ( 13.32153121202025758, 3.007811910147806245, -6.896836126111888454 ) ) ;
#5879 = CARTESIAN_POINT ( 'NONE',  ( -12.99428358905400138, 4.231589228635345812, 5.855162107008597516 ) ) ;
#5880 = EDGE_LOOP ( 'NONE', ( #3, #1755, #291, #4088 ) ) ;
#5881 = CARTESIAN_POINT ( 'NONE',  ( -1.387477552385968593, 15.65293292630068400, -13.55575885024581773 ) ) ;
#5882 = CARTESIAN_POINT ( 'NONE',  ( 12.17696165215691373, 16.67762755837661715, 5.648356675400363791 ) ) ;
#5883 = EDGE_CURVE ( 'NONE', #152, #3582, #1324, .T. ) ;
#5884 = CARTESIAN_POINT ( 'NONE',  ( -13.16556307376509771, 12.99999999999999822, 5.507686957097281955 ) ) ;
#5885 = VERTEX_POINT ( 'NONE', #2685 ) ;
#5886 = CARTESIAN_POINT ( 'NONE',  ( 11.81045228642502387, 4.808246761477501074, 9.279839397602927420 ) ) ;
#5887 = CARTESIAN_POINT ( 'NONE',  ( -10.98081102667518927, 16.86433506345962385, 7.357726306111090686 ) ) ;
#5888 = CARTESIAN_POINT ( 'NONE',  ( -1.462160722678630620, 3.984706786667132405, 14.93369435381190158 ) ) ;
#5889 = CARTESIAN_POINT ( 'NONE',  ( 7.357726306111185721, 16.86433506345962385, 10.98081102667519815 ) ) ;
#5890 = CARTESIAN_POINT ( 'NONE',  ( -12.77069720519737750, 17.12778597774549283, -1.155111849801956803 ) ) ;
#5891 = DIRECTION ( 'NONE',  ( 0.000000000000000000, 1.000000000000000000, 0.000000000000000000 ) ) ;
#5892 = CARTESIAN_POINT ( 'NONE',  ( 13.16556307376510482, 4.999999999999996447, 5.507686957097268632 ) ) ;
#5893 = EDGE_CURVE ( 'NONE', #3617, #3648, #7486, .T. ) ;
#5894 = CARTESIAN_POINT ( 'NONE',  ( 6.827335378807514843, 3.999999999999996447, -12.22404361850715304 ) ) ;
#5895 = VERTEX_POINT ( 'NONE', #2476 ) ;
#5896 = VERTEX_POINT ( 'NONE', #6022 ) ;
#5897 = TOROIDAL_SURFACE ( 'NONE', #6874, 0.9999999999999986677, 1.000000000000000000 ) ;
#5898 = CARTESIAN_POINT ( 'NONE',  ( 14.15555555555555500, 4.999999999999996447, 1.812984715944098602 ) ) ;
#5899 = CARTESIAN_POINT ( 'NONE',  ( -13.16556307376509771, 4.924478127548159279, -5.507686957097271296 ) ) ;
#5900 = CARTESIAN_POINT ( 'NONE',  ( 10.78969358428671654, 15.90511541514505467, -9.043121237864021111 ) ) ;
#5901 = ORIENTED_EDGE ( 'NONE', *, *, #4615, .T. ) ;
#5902 = CARTESIAN_POINT ( 'NONE',  ( 11.82776670834659249, 4.012211523182458883, 7.732718107054671997 ) ) ;
#5903 = CIRCLE ( 'NONE', #6376, 1.000000000000000000 ) ;
#5904 = CARTESIAN_POINT ( 'NONE',  ( -12.99038105676658006, 4.999999999999996447, -5.500000000000000000 ) ) ;
#5905 = CARTESIAN_POINT ( 'NONE',  ( 14.71428571428571530, 12.99999999999999645, -2.913725436338735708 ) ) ;
#5906 = CARTESIAN_POINT ( 'NONE',  ( 8.075052667287291541, 2.994094911299063799, -12.64533781280142222 ) ) ;
#5907 = VERTEX_POINT ( 'NONE', #7202 ) ;
#5908 = CARTESIAN_POINT ( 'NONE',  ( -9.039524921499900501, 3.287421879862369334, 11.97111031651602531 ) ) ;
#5909 = CARTESIAN_POINT ( 'NONE',  ( -1.328476151411938977, 3.095467947649502616, -14.94190783706603476 ) ) ;
#5910 = CARTESIAN_POINT ( 'NONE',  ( -14.17268607725501006, 4.107372228728940478, -1.199855898772556273 ) ) ;
#5911 = AXIS2_PLACEMENT_3D ( 'NONE', #5798, #3007, #6439 ) ;
#5912 = CARTESIAN_POINT ( 'NONE',  ( 7.499999999999997335, 4.999999999999996447, -12.99038105676658184 ) ) ;
#5913 = CARTESIAN_POINT ( 'NONE',  ( 9.626728825538600987, 3.932679644397177654, 11.50360007446239230 ) ) ;
#5914 = CARTESIAN_POINT ( 'NONE',  ( 14.71428571428571708, 12.99999999999999822, 2.913725436338731267 ) ) ;
#5915 = CARTESIAN_POINT ( 'NONE',  ( -8.655736472323420472, 15.71364624160983681, 11.28148588170153310 ) ) ;
#5916 = CARTESIAN_POINT ( 'NONE',  ( 0.08923821285193372921, 16.46439443573020966, 12.99972950651184433 ) ) ;
#5917 = CARTESIAN_POINT ( 'NONE',  ( 13.86450308711589585, 4.362682976374236077, -5.762394658047327312 ) ) ;
#5918 = CARTESIAN_POINT ( 'NONE',  ( -12.56464002369162003, 4.009120202429369506, 6.430557091759976807 ) ) ;
#5919 = VERTEX_POINT ( 'NONE', #1406 ) ;
#5920 = CARTESIAN_POINT ( 'NONE',  ( 12.67562728284714701, 17.20258509324235519, 0.9368572092452640554 ) ) ;
#5921 = CARTESIAN_POINT ( 'NONE',  ( 10.50898663122624477, 17.20258509324225216, 7.149155784348656617 ) ) ;
#5922 = CARTESIAN_POINT ( 'NONE',  ( 1.648401013582613706, 4.082589286013535990, -14.91717231420776102 ) ) ;
#5923 = ORIENTED_EDGE ( 'NONE', *, *, #4743, .F. ) ;
#5924 = CARTESIAN_POINT ( 'NONE',  ( 6.896836126111998588, 3.007811910147840884, 13.32153121202019719 ) ) ;
#5925 = CARTESIAN_POINT ( 'NONE',  ( 11.84054206087234995, 4.622770957791537683, 9.238671184212686072 ) ) ;
#5926 = EDGE_CURVE ( 'NONE', #2418, #6270, #5946, .T. ) ;
#5927 = CARTESIAN_POINT ( 'NONE',  ( -11.58198888150077011, 16.38634809853056140, 6.078048630619258041 ) ) ;
#5928 = CARTESIAN_POINT ( 'NONE',  ( 5.442185129827309176, 15.71364624161003398, 13.13683061434624832 ) ) ;
#5929 = CARTESIAN_POINT ( 'NONE',  ( 14.09653354530783709, 13.89581248135484337, 1.784497617352914123 ) ) ;
#5930 = CARTESIAN_POINT ( 'NONE',  ( -15.00000000000000000, 4.999999999999996447, 0.000000000000000000 ) ) ;
#5931 = CARTESIAN_POINT ( 'NONE',  ( 5.507686957097267744, 4.999999999999996447, -13.16556307376510304 ) ) ;
#5932 = VERTEX_POINT ( 'NONE', #2148 ) ;
#5933 = EDGE_LOOP ( 'NONE', ( #6991, #2369, #4826, #4815 ) ) ;
#5934 = ADVANCED_FACE ( 'NONE', ( #216 ), #3601, .T. ) ;
#5935 = CARTESIAN_POINT ( 'NONE',  ( -14.15555555555555500, 12.99999999999999822, 1.812984715944101044 ) ) ;
#5936 = DIRECTION ( 'NONE',  ( 0.000000000000000000, 0.000000000000000000, -1.000000000000000000 ) ) ;
#5937 = ORIENTED_EDGE ( 'NONE', *, *, #4984, .F. ) ;
#5938 = CARTESIAN_POINT ( 'NONE',  ( 14.84969263953485807, 3.460362391599531851, -2.123151187068610390 ) ) ;
#5939 = CARTESIAN_POINT ( 'NONE',  ( 1.812984715944099046, 4.999999999999996447, -14.15555555555555500 ) ) ;
#5940 = CARTESIAN_POINT ( 'NONE',  ( 14.86666666544644677, 13.27382815172634523, -2.144203077265039781 ) ) ;
#5941 = CARTESIAN_POINT ( 'NONE',  ( -7.660626108158037795, 4.008811356518029889, -11.85308776604702707 ) ) ;
#5942 = ORIENTED_EDGE ( 'NONE', *, *, #6062, .F. ) ;
#5943 = FACE_OUTER_BOUND ( 'NONE', #5311, .T. ) ;
#5944 = DIRECTION ( 'NONE',  ( -0.000000000000000000, 1.000000000000000000, -0.000000000000000000 ) ) ;
#5945 = CARTESIAN_POINT ( 'NONE',  ( -14.88704810635880271, 3.287421879862371110, -1.842903061903436557 ) ) ;
#5946 = LINE ( 'NONE', #5979, #4561 ) ;
#5947 = FACE_OUTER_BOUND ( 'NONE', #4354, .T. ) ;
#5948 = CARTESIAN_POINT ( 'NONE',  ( -11.48898839776377656, 4.365020954408576515, -8.453587084620574288 ) ) ;
#5949 = CARTESIAN_POINT ( 'NONE',  ( -4.806525355454093429, 15.53957261684858970, -13.47781645423325614 ) ) ;
#5950 = CARTESIAN_POINT ( 'NONE',  ( -6.058590996516135085, 17.32506065368720272, 10.94434166771320704 ) ) ;
#5951 = LINE ( 'NONE', #4805, #994 ) ;
#5952 = CARTESIAN_POINT ( 'NONE',  ( 12.91866735108730957, 4.143710939356599177, -5.979223481117810657 ) ) ;
#5953 = CARTESIAN_POINT ( 'NONE',  ( -13.94701254326123063, 4.903143899974594433, 5.576398993754050792 ) ) ;
#5954 = ORIENTED_EDGE ( 'NONE', *, *, #1539, .F. ) ;
#5955 = CARTESIAN_POINT ( 'NONE',  ( 12.50097769225878075, 17.32944964589880144, 0.2458473362327016631 ) ) ;
#5956 = CARTESIAN_POINT ( 'NONE',  ( 13.80753668323253969, 14.93491219094254419, 4.802993776569741691 ) ) ;
#5957 = CARTESIAN_POINT ( 'NONE',  ( -11.78199704496051581, 4.032479215937836869, 7.867057388093098069 ) ) ;
#5958 = B_SPLINE_CURVE_WITH_KNOTS ( 'NONE', 3,
 ( #3746, #1982, #4234, #2016, #225, #4305, #4342, #1373, #7284, #3095, #6568, #6679, #6643, #6067, #2517, #7173 ),
 .UNSPECIFIED., .F., .F.,
 ( 4, 2, 2, 2, 2, 2, 2, 4 ),
 ( 0.000000000000000000, 0.0009985881523668597038, 0.001497882228550290531, 0.001997176304733721576, 0.002496470380917152621, 0.002995764457100583231, 0.003495058533284014276, 0.003994352609467444887 ),
 .UNSPECIFIED. ) ;
#5959 = LINE ( 'NONE', #607, #1589 ) ;
#5960 = ORIENTED_EDGE ( 'NONE', *, *, #5355, .F. ) ;
#5961 = CARTESIAN_POINT ( 'NONE',  ( -12.19007913430858459, 16.66860712098339192, 5.642418855328863003 ) ) ;
#5962 = CARTESIAN_POINT ( 'NONE',  ( 5.445607061888837919, 15.50732118243872470, 13.27166490919326414 ) ) ;
#5963 = CARTESIAN_POINT ( 'NONE',  ( 4.799743105632170881, 15.19381013832878757, -13.68426134157763485 ) ) ;
#5964 = ORIENTED_EDGE ( 'NONE', *, *, #5047, .F. ) ;
#5965 = ADVANCED_FACE ( 'NONE', ( #4215 ), #6639, .F. ) ;
#5966 = VERTEX_POINT ( 'NONE', #4703 ) ;
#5967 = DIRECTION ( 'NONE',  ( 0.000000000000000000, 0.000000000000000000, 1.000000000000000000 ) ) ;
#5968 = B_SPLINE_CURVE_WITH_KNOTS ( 'NONE', 3,
 ( #6677, #5564, #4986, #2015, #870, #945, #3238, #4339, #3854, #2084, #2048, #3776, #6247, #2779 ),
 .UNSPECIFIED., .F., .F.,
 ( 4, 2, 2, 2, 2, 2, 4 ),
 ( 0.000000000000000000, 0.0005916620006911626909, 0.0008874930010367440905, 0.001183324001382325382, 0.001479155001727906673, 0.001774986002073488181, 0.002366648002764650330 ),
 .UNSPECIFIED. ) ;
#5969 = CARTESIAN_POINT ( 'NONE',  ( 1.847455594515584827E-15, 3.999999999999996447, 13.99999999999999822 ) ) ;
#5970 = VERTEX_POINT ( 'NONE', #1342 ) ;
#5971 = CARTESIAN_POINT ( 'NONE',  ( 5.802938343792956033, 17.29005908467788188, 11.14927655090303560 ) ) ;
#5972 = CARTESIAN_POINT ( 'NONE',  ( -6.733905159912488614, 3.999546503159477240, -12.30110044909851297 ) ) ;
#5973 = CYLINDRICAL_SURFACE ( 'NONE', #7480, 2.000000000000000000 ) ;
#5974 = CARTESIAN_POINT ( 'NONE',  ( -9.238477461276234592, 4.622023400374254187, -11.84068357946251560 ) ) ;
#5975 = ORIENTED_EDGE ( 'NONE', *, *, #922, .F. ) ;
#5976 = CARTESIAN_POINT ( 'NONE',  ( -11.92263170405867356, 4.362682976374233412, -9.125814555266289929 ) ) ;
#5977 = CARTESIAN_POINT ( 'NONE',  ( -0.1901196628015326406, 17.04080462639315030, 13.00070914631133334 ) ) ;
#5978 = CARTESIAN_POINT ( 'NONE',  ( -5.722962273937819866, 4.365020954408580067, -13.06551536726733787 ) ) ;
#5979 = CARTESIAN_POINT ( 'NONE',  ( 0.000000000000000000, -2.000000000000000000, 15.00000000000000000 ) ) ;
#5980 = DIRECTION ( 'NONE',  ( -0.000000000000000000, -1.000000000000000000, 0.000000000000000000 ) ) ;
#5981 = DIRECTION ( 'NONE',  ( 0.000000000000000000, 0.000000000000000000, -1.000000000000000000 ) ) ;
#5982 = EDGE_CURVE ( 'NONE', #4499, #2674, #2988, .T. ) ;
#5983 = CARTESIAN_POINT ( 'NONE',  ( -7.500000000000001776, 4.999999999999996447, -12.99038105676657828 ) ) ;
#5984 = VECTOR ( 'NONE', #4036, 1000.000000000000000 ) ;
#5985 = ADVANCED_BREP_SHAPE_REPRESENTATION ( '\X2\041a043e043b043f04300447043e043a\X0\_\X2\042d043d043a043e0434043504400430\X0\', ( #823, #2748 ), #5300 ) ;
#5986 = CARTESIAN_POINT ( 'NONE',  ( -5.506375568535519349, 13.45670434138532556, 13.15216728767408050 ) ) ;
#5987 = CARTESIAN_POINT ( 'NONE',  ( 14.15555555555555500, 12.99999999999999822, 1.812984715944098379 ) ) ;
#5988 = CARTESIAN_POINT ( 'NONE',  ( 13.16556307376511015, 4.999999999999997335, -5.507686957097271296 ) ) ;
#5989 = AXIS2_PLACEMENT_3D ( 'NONE', #7073, #575, #2905 ) ;
#5990 = DIRECTION ( 'NONE',  ( 0.000000000000000000, -1.000000000000000000, -0.000000000000000000 ) ) ;
#5991 = VERTEX_POINT ( 'NONE', #81 ) ;
#5992 = CARTESIAN_POINT ( 'NONE',  ( 13.33017902646548869, 16.04144829552216933, 1.108032079780118861 ) ) ;
#5993 = CARTESIAN_POINT ( 'NONE',  ( 13.09887931287172691, 13.90480324426299852, 5.502766591841242061 ) ) ;
#5994 = B_SPLINE_CURVE_WITH_KNOTS ( 'NONE', 3,
 ( #2980, #2376, #76, #2410 ),
 .UNSPECIFIED., .F., .F.,
 ( 4, 4 ),
 ( 0.000000000000000000, 0.0005452115306558535501 ),
 .UNSPECIFIED. ) ;
#5995 = CARTESIAN_POINT ( 'NONE',  ( 0.000000000000000000, 16.00000000000000000, 0.000000000000000000 ) ) ;
#5996 = CIRCLE ( 'NONE', #987, 1.000000000000000888 ) ;
#5997 = CIRCLE ( 'NONE', #995, 0.9999999999999991118 ) ;
#5998 = CARTESIAN_POINT ( 'NONE',  ( 1.802782297735469497, 4.839156113676627236, -14.15682682999866238 ) ) ;
#5999 = ORIENTED_EDGE ( 'NONE', *, *, #2472, .T. ) ;
#6000 = CARTESIAN_POINT ( 'NONE',  ( -1.345336453523577669, 4.176876435823658085, 14.18012017722443296 ) ) ;
#6001 = CARTESIAN_POINT ( 'NONE',  ( -11.00449765801693225, 16.93155670826557824, 7.175613042175348788 ) ) ;
#6002 = CARTESIAN_POINT ( 'NONE',  ( -2.255710239884079371, 3.565920217497933198, 14.82988478759348361 ) ) ;
#6003 = CARTESIAN_POINT ( 'NONE',  ( -9.794098991266510623, 4.343291071816129723, 11.36123643599370681 ) ) ;
#6004 = CARTESIAN_POINT ( 'NONE',  ( -13.00533352537139997, 17.03660441533995851, 0.1741974690278793592 ) ) ;
#6005 = CARTESIAN_POINT ( 'NONE',  ( 14.86666666666666536, 12.99999999999999822, 2.144203077510809408 ) ) ;
#6006 = CARTESIAN_POINT ( 'NONE',  ( 4.833782609620611126, 12.99999999999999645, -14.19980794528324886 ) ) ;
#6007 = ORIENTED_EDGE ( 'NONE', *, *, #5072, .T. ) ;
#6008 = ORIENTED_EDGE ( 'NONE', *, *, #3621, .T. ) ;
#6009 = CARTESIAN_POINT ( 'NONE',  ( 12.49373084338032669, 4.003651589268677924, 6.509397720488317773 ) ) ;
#6010 = CARTESIAN_POINT ( 'NONE',  ( -4.833782609620619120, 4.999999999999996447, -14.19980794528324708 ) ) ;
#6011 = ADVANCED_FACE ( 'NONE', ( #1310 ), #3837, .T. ) ;
#6012 = EDGE_LOOP ( 'NONE', ( #6987, #122, #2051, #916 ) ) ;
#6013 = CARTESIAN_POINT ( 'NONE',  ( 8.805938006003113827, 16.19641629605645505, 10.69495175088724004 ) ) ;
#6014 = CARTESIAN_POINT ( 'NONE',  ( -11.28608250894452070, 4.830693141506388066, -9.880503104665098846 ) ) ;
#6015 = CARTESIAN_POINT ( 'NONE',  ( -6.999999999999989342, 2.999999999999996447, 12.12435565298214435 ) ) ;
#6016 = ORIENTED_EDGE ( 'NONE', *, *, #4656, .T. ) ;
#6017 = CARTESIAN_POINT ( 'NONE',  ( -11.81045228642543954, 4.808246761477520614, -9.279839397603350193 ) ) ;
#6018 = CARTESIAN_POINT ( 'NONE',  ( -5.854973657592113412, 3.283103708752107774, 13.81088070764167597 ) ) ;
#6019 = CARTESIAN_POINT ( 'NONE',  ( 1.530472923343762837, 15.32409233017483352, 13.70826508604517180 ) ) ;
#6020 = CARTESIAN_POINT ( 'NONE',  ( -14.79286159074537998, 3.802689510443586940, -2.486957469814183419 ) ) ;
#6021 = ADVANCED_FACE ( 'NONE', ( #3786 ), #2026, .F. ) ;
#6022 = CARTESIAN_POINT ( 'NONE',  ( 4.833782609620612902, 4.999999999999996447, -14.19980794528325063 ) ) ;
#6023 = CARTESIAN_POINT ( 'NONE',  ( -11.35257835782099356, 3.999999999999996447, 8.647868598458293476 ) ) ;
#6024 = CIRCLE ( 'NONE', #1260, 15.00000000000000000 ) ;
#6025 = CARTESIAN_POINT ( 'NONE',  ( -6.001558565606782025, 4.130308299584161347, 12.90481233135392536 ) ) ;
#6026 = CARTESIAN_POINT ( 'NONE',  ( -9.043121237863982032, 15.90511541514515947, -10.78969358428663483 ) ) ;
#6027 = CARTESIAN_POINT ( 'NONE',  ( 8.647868598458289924, 12.99999999999999822, 11.35257835782099889 ) ) ;
#6028 = CIRCLE ( 'NONE', #1640, 0.9999999999999993339 ) ;
#6029 = CARTESIAN_POINT ( 'NONE',  ( 14.12176449462087291, 13.76263167335937965, 1.798532632736209891 ) ) ;
#6030 = CARTESIAN_POINT ( 'NONE',  ( -12.07123469388275439, 16.90846634617058442, 5.140337536938226926 ) ) ;
#6031 = CARTESIAN_POINT ( 'NONE',  ( 13.94701254168406912, 4.999999999999997335, -5.576398997336199592 ) ) ;
#6032 = ADVANCED_FACE ( 'NONE', ( #3826 ), #812, .T. ) ;
#6033 = CARTESIAN_POINT ( 'NONE',  ( -8.328273275477878101, 14.98161380875629511, -11.16892819945077520 ) ) ;
#6034 = ORIENTED_EDGE ( 'NONE', *, *, #4418, .F. ) ;
#6035 = CARTESIAN_POINT ( 'NONE',  ( 13.56179337199082902, 15.64112245143635072, 1.393687731737252911 ) ) ;
#6036 = CARTESIAN_POINT ( 'NONE',  ( -7.500000000000001776, 3.999999999999996447, -12.99038105676657828 ) ) ;
#6037 = CYLINDRICAL_SURFACE ( 'NONE', #2857, 1.000000000000000888 ) ;
#6038 = AXIS2_PLACEMENT_3D ( 'NONE', #5056, #6781, #4485 ) ;
#6039 = VERTEX_POINT ( 'NONE', #5500 ) ;
#6040 = CARTESIAN_POINT ( 'NONE',  ( 7.499999999999997335, 4.999999999999996447, -12.99038105676658184 ) ) ;
#6041 = CARTESIAN_POINT ( 'NONE',  ( -13.06468792226829478, 15.81384338419769087, 5.443223546346792396 ) ) ;
#6042 = CARTESIAN_POINT ( 'NONE',  ( 4.833782609620621784, 4.999999999999996447, 14.19980794528324708 ) ) ;
#6043 = CARTESIAN_POINT ( 'NONE',  ( -14.75698559256709608, 14.08273162050495664, 2.119636405332054885 ) ) ;
#6044 = CARTESIAN_POINT ( 'NONE',  ( 13.29571659393494443, 3.929555441587358366, 6.946010022589395483 ) ) ;
#6045 = ORIENTED_EDGE ( 'NONE', *, *, #3557, .T. ) ;
#6046 = CARTESIAN_POINT ( 'NONE',  ( -13.05522189908016806, 16.40289631554419714, -0.4753950744329843436 ) ) ;
#6047 = CARTESIAN_POINT ( 'NONE',  ( 13.53352952021849198, 3.060284748218929263, 6.470773119197289702 ) ) ;
#6048 = CARTESIAN_POINT ( 'NONE',  ( -11.22186445137015198, 16.47034910372121175, -6.551950934603503640 ) ) ;
#6049 = CARTESIAN_POINT ( 'NONE',  ( -13.25315408226436453, -2.000000000000000000, -5.511530435645906500 ) ) ;
#6050 = CARTESIAN_POINT ( 'NONE',  ( 14.98743334316044873, 3.929555441587422315, -0.6324371624636991873 ) ) ;
#6051 = CARTESIAN_POINT ( 'NONE',  ( 14.90922654021861327, 4.142845021969562502, 1.731838181454522951 ) ) ;
#6052 = ORIENTED_EDGE ( 'NONE', *, *, #2994, .F. ) ;
#6053 = CARTESIAN_POINT ( 'NONE',  ( -12.04584984387909508, 4.142845021969499442, -8.954429130492538746 ) ) ;
#6054 = CARTESIAN_POINT ( 'NONE',  ( -14.71428571428571352, 4.999999999999996447, 2.913725436338733044 ) ) ;
#6055 = CARTESIAN_POINT ( 'NONE',  ( -5.670694106942814727, 4.530546518778116649, 13.90535253665185067 ) ) ;
#6056 = CARTESIAN_POINT ( 'NONE',  ( 1.387477552385827151, 15.65293292630068400, 13.55575885024566318 ) ) ;
#6057 = CARTESIAN_POINT ( 'NONE',  ( 11.76369140161782489, 4.042053953700337487, -7.915588094760097171 ) ) ;
#6058 = DIRECTION ( 'NONE',  ( 0.000000000000000000, 1.000000000000000000, 0.000000000000000000 ) ) ;
#6059 = LINE ( 'NONE', #6562, #1883 ) ;
#6060 = CARTESIAN_POINT ( 'NONE',  ( 14.04451778702818032, 3.769298623094739398, -5.269348156693455465 ) ) ;
#6061 = CARTESIAN_POINT ( 'NONE',  ( -7.127632024176563164, 17.21418835519345336, -10.50442117916749929 ) ) ;
#6062 = EDGE_CURVE ( 'NONE', #5605, #5966, #1566, .T. ) ;
#6063 = CARTESIAN_POINT ( 'NONE',  ( -4.833782609880511671, 13.28474984484100574, 14.19980794519477740 ) ) ;
#6064 = CARTESIAN_POINT ( 'NONE',  ( -6.010537559296535548, 17.32149913304450806, -10.97806587819273538 ) ) ;
#6065 = CARTESIAN_POINT ( 'NONE',  ( 9.221802897687421563, 4.999999999999996447, -10.53367700834821541 ) ) ;
#6066 = DIRECTION ( 'NONE',  ( -0.000000000000000000, 1.000000000000000000, -0.000000000000000000 ) ) ;
#6067 = CARTESIAN_POINT ( 'NONE',  ( 4.855904608909659359, 4.665349315078855419, -14.19233137127070243 ) ) ;
#6068 = EDGE_LOOP ( 'NONE', ( #3462, #2466, #6537, #4127, #4788, #5273, #4188, #5781, #1525, #2382, #6968, #2267, #3513, #837, #4380, #2471, #6, #6656, #2055, #2027, #6144, #1841, #6034, #2295, #3902, #3488, #4625, #2216, #386, #6390, #4183, #3732, #1804 ) ) ;
#6069 = DIRECTION ( 'NONE',  ( -0.000000000000000000, 1.000000000000000000, -0.000000000000000000 ) ) ;
#6070 = CARTESIAN_POINT ( 'NONE',  ( 5.093147537914553880, 16.86133510028686544, -12.16011228683190204 ) ) ;
#6071 = EDGE_CURVE ( 'NONE', #2405, #2882, #4200, .T. ) ;
#6072 = CARTESIAN_POINT ( 'NONE',  ( -13.16556307376510304, 12.99999999999999822, -5.507686957097270408 ) ) ;
#6073 = VERTEX_POINT ( 'NONE', #6182 ) ;
#6074 = CARTESIAN_POINT ( 'NONE',  ( -11.35257835740270238, 13.22779987598770468, 8.647868597861467777 ) ) ;
#6075 = CARTESIAN_POINT ( 'NONE',  ( 7.209593167804769998, 2.999999999999996447, 13.15804751950900275 ) ) ;
#6076 = CARTESIAN_POINT ( 'NONE',  ( -12.56447337950891630, 17.28482863031524985, 0.5779937646385395755 ) ) ;
#6077 = DIRECTION ( 'NONE',  ( -0.000000000000000000, 1.000000000000000000, -0.000000000000000000 ) ) ;
#6078 = EDGE_CURVE ( 'NONE', #6270, #1891, #6399, .T. ) ;
#6079 = B_SPLINE_CURVE_WITH_KNOTS ( 'NONE', 3,
 ( #3591, #1204, #5870, #681, #4688, #1292, #1167, #4651, #3010, #6442, #641, #5834, #5253, #102 ),
 .UNSPECIFIED., .F., .F.,
 ( 4, 2, 2, 2, 2, 2, 4 ),
 ( 0.0005452115306558544174, 0.001001773849000004053, 0.001230055008172078980, 0.001458336167344153906, 0.001914898485688303542, 0.002143179644860378034, 0.002371460804032452744 ),
 .UNSPECIFIED. ) ;
#6080 = DIRECTION ( 'NONE',  ( 1.000000000000000000, -0.000000000000000000, -5.782411586589359857E-17 ) ) ;
#6081 = EDGE_LOOP ( 'NONE', ( #7276, #701, #887, #5036, #2308, #2837, #4235, #4061, #3998, #5691, #3647, #1854, #4383, #6953, #6412, #779, #5533, #7534, #3360, #6619, #4962, #5937, #5458, #608, #7521, #4633, #725, #1387, #589, #5360, #2830, #32, #4034 ) ) ;
#6082 = CARTESIAN_POINT ( 'NONE',  ( -13.00028771752248424, 16.46379014889337000, -0.1009766956328468912 ) ) ;
#6083 = DIRECTION ( 'NONE',  ( 0.000000000000000000, 1.000000000000000000, 0.000000000000000000 ) ) ;
#6084 = PRESENTATION_STYLE_ASSIGNMENT (( #3762 ) ) ;
#6085 = CARTESIAN_POINT ( 'NONE',  ( 14.71428571428571352, 4.999999999999996447, -2.913725436338734376 ) ) ;
#6086 = B_SPLINE_CURVE_WITH_KNOTS ( 'NONE', 3,
 ( #3537, #1815, #1284, #4681 ),
 .UNSPECIFIED., .F., .F.,
 ( 4, 4 ),
 ( 0.000000000000000000, 0.0005452115306558544174 ),
 .UNSPECIFIED. ) ;
#6087 = CARTESIAN_POINT ( 'NONE',  ( -5.507686957181742393, 4.918760237672679558, -13.16556307472581011 ) ) ;
#6088 = CARTESIAN_POINT ( 'NONE',  ( 14.88820921331367586, 4.362682976374236077, 1.941871383057261369 ) ) ;
#6089 = ORIENTED_EDGE ( 'NONE', *, *, #4169, .F. ) ;
#6090 = DIRECTION ( 'NONE',  ( -0.000000000000000000, 1.000000000000000000, -0.000000000000000000 ) ) ;
#6091 = CARTESIAN_POINT ( 'NONE',  ( -11.39730352768341071, 4.215475591700883484, -9.752340428231136116 ) ) ;
#6092 = CARTESIAN_POINT ( 'NONE',  ( -14.91026757033117889, 3.198062733046426853, 1.646019342953222164 ) ) ;
#6093 = CARTESIAN_POINT ( 'NONE',  ( -6.946010022589319988, 3.929555441587289533, 13.29571659393494976 ) ) ;
#6094 = CARTESIAN_POINT ( 'NONE',  ( 0.5877751087581869482, 16.37135068137267169, 13.08250958815082932 ) ) ;
#6095 = CARTESIAN_POINT ( 'NONE',  ( -14.82988478759348538, 3.565920217497968281, -2.255710239884082036 ) ) ;
#6096 = CARTESIAN_POINT ( 'NONE',  ( 10.53367700834821008, 4.999999999999996447, -9.221802897687428668 ) ) ;
#6097 = CARTESIAN_POINT ( 'NONE',  ( -6.571961453881569604, 17.04175505156319304, -11.21639974500515713 ) ) ;
#6098 = FACE_OUTER_BOUND ( 'NONE', #7025, .T. ) ;
#6099 = DIRECTION ( 'NONE',  ( 0.000000000000000000, 0.000000000000000000, -1.000000000000000000 ) ) ;
#6100 = CARTESIAN_POINT ( 'NONE',  ( -13.13298618831114162, 4.607099469528442626, -5.582237758724232002 ) ) ;
#6101 = CARTESIAN_POINT ( 'NONE',  ( -2.913725442719664382, 4.837520475530925346, 14.71428571302217136 ) ) ;
#6102 = CARTESIAN_POINT ( 'NONE',  ( -8.647868598458286371, 13.29038845012257752, -11.35257835782100422 ) ) ;
#6103 = ADVANCED_FACE ( 'NONE', ( #6799 ), #5342, .T. ) ;
#6104 = CARTESIAN_POINT ( 'NONE',  ( 14.17495449819314679, 13.57088042692318730, 4.830547525282104182 ) ) ;
#6105 = AXIS2_PLACEMENT_3D ( 'NONE', #280, #2605, #5465 ) ;
#6106 = FACE_OUTER_BOUND ( 'NONE', #350, .T. ) ;
#6107 = CARTESIAN_POINT ( 'NONE',  ( -1.834884427857399913, 3.283103708752145078, -14.88806037025014994 ) ) ;
#6108 = ORIENTED_EDGE ( 'NONE', *, *, #470, .T. ) ;
#6109 = AXIS2_PLACEMENT_3D ( 'NONE', #1874, #568, #2373 ) ;
#6110 = CARTESIAN_POINT ( 'NONE',  ( -1.648759596344094858, 3.199223961955117712, 14.90995495196954224 ) ) ;
#6111 = CARTESIAN_POINT ( 'NONE',  ( 9.780249148950987959, 14.13100405513735858, 11.21259241844618870 ) ) ;
#6112 = CARTESIAN_POINT ( 'NONE',  ( 12.99038105676657651, 4.999999999999996447, -7.500000000000005329 ) ) ;
#6113 = EDGE_CURVE ( 'NONE', #4547, #1230, #5413, .T. ) ;
#6114 = CARTESIAN_POINT ( 'NONE',  ( 13.46913005306377720, 3.894580777457766541, 6.604973801232929986 ) ) ;
#6115 = AXIS2_PLACEMENT_3D ( 'NONE', #3958, #6858, #5092 ) ;
#6116 = DIRECTION ( 'NONE',  ( 0.000000000000000000, 0.000000000000000000, 1.000000000000000000 ) ) ;
#6117 = ORIENTED_EDGE ( 'NONE', *, *, #7242, .T. ) ;
#6118 = CARTESIAN_POINT ( 'NONE',  ( -13.00620190101628459, 16.45747003169180900, 0.1839636845705330814 ) ) ;
#6119 = CARTESIAN_POINT ( 'NONE',  ( -14.17532585509055565, 13.56600332138717846, 4.830602448065340226 ) ) ;
#6120 = CARTESIAN_POINT ( 'NONE',  ( 13.13764580759529466, 4.634713648833520772, -5.571780685120977239 ) ) ;
#6121 = CARTESIAN_POINT ( 'NONE',  ( -11.12737602747620969, 17.30111769636926766, -5.813257476685429914 ) ) ;
#6122 = ADVANCED_FACE ( 'NONE', ( #6646 ), #4308, .T. ) ;
#6123 = CARTESIAN_POINT ( 'NONE',  ( 14.99999999999999822, 2.999999999999996447, -2.240784408311342744E-15 ) ) ;
#6124 = CARTESIAN_POINT ( 'NONE',  ( 12.99038105676657651, 4.999999999999996447, -7.500000000000005329 ) ) ;
#6125 = ORIENTED_EDGE ( 'NONE', *, *, #1353, .F. ) ;
#6126 = FACE_OUTER_BOUND ( 'NONE', #3657, .T. ) ;
#6127 = CARTESIAN_POINT ( 'NONE',  ( -14.73617568665119570, 4.343064212564022419, 2.801286392880045550 ) ) ;
#6128 = CARTESIAN_POINT ( 'NONE',  ( -7.352273445972881127, 2.999999999931400207, 13.07567102250059143 ) ) ;
#6129 = CARTESIAN_POINT ( 'NONE',  ( 2.744253716888417571, 14.93491219094221023, 14.35917441964988228 ) ) ;
#6130 = CARTESIAN_POINT ( 'NONE',  ( -12.41112474532339327, 4.001665540206356120, -6.600511365826495336 ) ) ;
#6131 = DIRECTION ( 'NONE',  ( 0.000000000000000000, 0.000000000000000000, -1.000000000000000000 ) ) ;
#6132 = CARTESIAN_POINT ( 'NONE',  ( 1.692057609715634126, 4.524881317935714797, -14.16858513836143807 ) ) ;
#6133 = CARTESIAN_POINT ( 'NONE',  ( -7.478767802784391350, 16.15247683347033103, -10.98542241256427943 ) ) ;
#6134 = CARTESIAN_POINT ( 'NONE',  ( -4.880874480138389870, 16.31616615544924542, 12.85623060947339980 ) ) ;
#6135 = CARTESIAN_POINT ( 'NONE',  ( 13.12841785121958971, 16.31664398817211747, -0.7282353545379667281 ) ) ;
#6136 = CARTESIAN_POINT ( 'NONE',  ( -13.61765310953884800, 3.945968001676314785, -6.298924805798063353 ) ) ;
#6137 = CIRCLE ( 'NONE', #3335, 1.999999999999998224 ) ;
#6138 = CARTESIAN_POINT ( 'NONE',  ( -14.08949305862137891, 4.008548059588028067, 0.6841236772254826182 ) ) ;
#6139 = DIRECTION ( 'NONE',  ( 0.000000000000000000, 0.000000000000000000, 1.000000000000000000 ) ) ;
#6140 = CARTESIAN_POINT ( 'NONE',  ( 6.754087555003700949, 17.29005908467788544, -10.60013029777101323 ) ) ;
#6141 = CARTESIAN_POINT ( 'NONE',  ( 5.640533541069239654, 15.88075296270846337, -12.24883663077950047 ) ) ;
#6142 = CARTESIAN_POINT ( 'NONE',  ( -13.12889313924335077, 15.73442561444182353, -5.438324546046986008 ) ) ;
#6143 = CARTESIAN_POINT ( 'NONE',  ( -1.188701323372322705, 3.064958436848772116, -14.95378216794268411 ) ) ;
#6144 = ORIENTED_EDGE ( 'NONE', *, *, #1404, .T. ) ;
#6145 = CARTESIAN_POINT ( 'NONE',  ( -11.31497531606677853, 13.90480324426299852, 8.592578950132887528 ) ) ;
#6146 = CARTESIAN_POINT ( 'NONE',  ( -9.862812406383744346, 4.664520003228055600, 11.30163704255987867 ) ) ;
#6147 = ORIENTED_EDGE ( 'NONE', *, *, #2336, .F. ) ;
#6148 = CARTESIAN_POINT ( 'NONE',  ( -12.99038105676658006, 4.999999999999996447, -7.499999999999999112 ) ) ;
#6149 = CARTESIAN_POINT ( 'NONE',  ( -6.973872635526250363, 16.39409596750376963, -11.05724220022746707 ) ) ;
#6150 = VERTEX_POINT ( 'NONE', #7286 ) ;
#6151 = EDGE_CURVE ( 'NONE', #2653, #1891, #838, .T. ) ;
#6152 = CARTESIAN_POINT ( 'NONE',  ( -13.44174648374863956, 15.86165400212486531, 1.259295966836692093 ) ) ;
#6153 = CARTESIAN_POINT ( 'NONE',  ( -11.76369140161782312, 4.042053953700337487, 7.915588094760101612 ) ) ;
#6154 = CARTESIAN_POINT ( 'NONE',  ( -15.00000000000000355, 2.999999999999996891, -0.3353329254848508856 ) ) ;
#6155 = CARTESIAN_POINT ( 'NONE',  ( 5.507686957097279290, 3.999999999999996447, 13.16556307376510127 ) ) ;
#6156 = DIRECTION ( 'NONE',  ( 0.000000000000000000, -1.000000000000000000, 0.000000000000000000 ) ) ;
#6157 = CARTESIAN_POINT ( 'NONE',  ( 14.19980794528325063, 12.99999999999999822, 4.833782609620612014 ) ) ;
#6158 = CARTESIAN_POINT ( 'NONE',  ( -7.500000000000001776, 2.999999999999996447, -12.99038105676657651 ) ) ;
#6159 = EDGE_CURVE ( 'NONE', #233, #3111, #6673, .T. ) ;
#6160 = VERTEX_POINT ( 'NONE', #1517 ) ;
#6161 = CARTESIAN_POINT ( 'NONE',  ( 1.812984715944099934, 13.38385326527825825, -14.15555555555555323 ) ) ;
#6162 = CARTESIAN_POINT ( 'NONE',  ( 5.763069931405997437, 4.361631949948359122, -13.86420139960354625 ) ) ;
#6163 = CARTESIAN_POINT ( 'NONE',  ( -14.15555555555556033, 4.999999999999997335, -1.812984715944109260 ) ) ;
#6164 = CARTESIAN_POINT ( 'NONE',  ( 12.79655871273446799, 15.01221619508389260, -5.503447522100953115 ) ) ;
#6165 = DIRECTION ( 'NONE',  ( 0.000000000000000000, 1.000000000000000000, 0.000000000000000000 ) ) ;
#6166 = CARTESIAN_POINT ( 'NONE',  ( -5.887744247026462041, 16.26662723198569793, -11.80480987754767774 ) ) ;
#6167 =( BOUNDED_SURFACE ( )  B_SPLINE_SURFACE ( 3, 2, ( 
 ( #385, #6917, #6179 ),
 ( #4501, #1524, #2716 ),
 ( #2752, #3863, #3359 ),
 ( #3896, #3281, #527 ),
 ( #419, #954, #5607 ),
 ( #5035, #7443, #6256 ),
 ( #990, #2215, #5074 ),
 ( #4546, #2826, #2860 ),
 ( #6834, #3322, #6330 ),
 ( #1099, #6215, #7517 ),
 ( #7368, #5147, #1683 ),
 ( #5186, #3435, #4010 ),
 ( #2138, #4465, #6796 ),
 ( #7403, #1645, #2173 ),
 ( #489, #1602, #5108 ),
 ( #3937, #5690, #3395 ),
 ( #3980, #454, #2785 ),
 ( #6877, #6294, #1067 ) ),
 .UNSPECIFIED., .F., .F., .T. ) 
 B_SPLINE_SURFACE_WITH_KNOTS ( ( 4, 2, 2, 2, 2, 2, 2, 2, 4 ),
 ( 3, 3 ),
 ( 0.001302520603113770884, 0.001783172609227537961, 0.002263824615341305038, 0.002744476621455071898, 0.003225128627568838759, 0.003705780633682605619, 0.004186432639796372479, 0.004667084645910139773, 0.005147736652023906199 ),
 ( 0.000000000000000000, 1.000000000000000000 ),
 .UNSPECIFIED. ) 
 GEOMETRIC_REPRESENTATION_ITEM ( )  RATIONAL_B_SPLINE_SURFACE ( (
 ( 1.000000000000000000, 0.7867957924694437555, 1.000000000000000000),
 ( 1.000000000000000000, 0.7867918659038465323, 1.000000000000000000),
 ( 1.000000000000000000, 0.7870059279259984386, 1.000000000000000000),
 ( 1.000000000000000000, 0.7876722697779945381, 1.000000000000000000),
 ( 1.000000000000000000, 0.7881326248067459517, 1.000000000000000000),
 ( 1.000000000000000000, 0.7887758449273762906, 1.000000000000000000),
 ( 1.000000000000000000, 0.7889663658733966356, 1.000000000000000000),
 ( 1.000000000000000000, 0.7882435220810170007, 1.000000000000000000),
 ( 1.000000000000000000, 0.7873519033453661997, 1.000000000000000000),
 ( 1.000000000000000000, 0.7832757266629093440, 1.000000000000000000),
 ( 1.000000000000000000, 0.7801295861738563042, 1.000000000000000000),
 ( 1.000000000000000000, 0.7702790648040712673, 1.000000000000000000),
 ( 1.000000000000000000, 0.7633849859748577105, 1.000000000000000000),
 ( 1.000000000000000000, 0.7458883219263877651, 1.000000000000000000),
 ( 1.000000000000000000, 0.7349125052205983666, 1.000000000000000000),
 ( 1.000000000000000000, 0.7151046345649703095, 1.000000000000000000),
 ( 1.000000000000000000, 0.7068896004544293898, 1.000000000000000000),
 ( 1.000000000000000000, 0.7071067811865475727, 1.000000000000000000) ) ) 
 REPRESENTATION_ITEM ( '' )  SURFACE ( )  );
#6168 = B_SPLINE_CURVE_WITH_KNOTS ( 'NONE', 3,
 ( #7118, #5395, #167, #5852, #3526, #5432, #7005, #49, #3618, #622, #7040, #1806, #4137, #5898 ),
 .UNSPECIFIED., .F., .F.,
 ( 4, 2, 2, 2, 2, 2, 4 ),
 ( 2.452985197560196152E-19, 0.0005928652010081129691, 0.001185730402016225505, 0.001482163002520282043, 0.001778595603024338582, 0.002075028203528395121, 0.002371460804032451443 ),
 .UNSPECIFIED. ) ;
#6169 = CARTESIAN_POINT ( 'NONE',  ( 10.47703382026157470, 17.14268327565253358, -7.364416399830452598 ) ) ;
#6170 = CARTESIAN_POINT ( 'NONE',  ( 0.000000000000000000, 12.99999999999999822, 0.000000000000000000 ) ) ;
#6171 = CARTESIAN_POINT ( 'NONE',  ( -13.31854594567247219, 3.007541301891202501, -6.902559056622059153 ) ) ;
#6172 = DIRECTION ( 'NONE',  ( 0.000000000000000000, 0.000000000000000000, -1.000000000000000000 ) ) ;
#6173 = CARTESIAN_POINT ( 'NONE',  ( 9.627642411143613188, 3.934431103140473951, -11.50283326547876861 ) ) ;
#6174 = FACE_OUTER_BOUND ( 'NONE', #923, .T. ) ;
#6175 = CARTESIAN_POINT ( 'NONE',  ( -13.68426134157758156, 15.19381013832891369, -4.799743105632114037 ) ) ;
#6176 = CARTESIAN_POINT ( 'NONE',  ( 9.862967201992438149, 4.665349315078854531, 11.30150243530505172 ) ) ;
#6177 = ORIENTED_EDGE ( 'NONE', *, *, #787, .F. ) ;
#6178 = DIRECTION ( 'NONE',  ( 0.000000000000000000, -1.000000000000000000, -0.000000000000000000 ) ) ;
#6179 = CARTESIAN_POINT ( 'NONE',  ( 11.28608250894451182, 4.999999999999995559, -9.880503104665102398 ) ) ;
#6180 = ORIENTED_EDGE ( 'NONE', *, *, #2558, .T. ) ;
#6181 = CARTESIAN_POINT ( 'NONE',  ( -7.791367026647599836, 4.016972115943833188, 11.81105143861902640 ) ) ;
#6182 = CARTESIAN_POINT ( 'NONE',  ( 6.092617825758081904E-16, 2.000000000000000000, 4.975000000000000533 ) ) ;
#6183 = CARTESIAN_POINT ( 'NONE',  ( 14.71428571428571708, -2.000000000000000000, -2.913725436338735264 ) ) ;
#6184 = ORIENTED_EDGE ( 'NONE', *, *, #6725, .F. ) ;
#6185 = CARTESIAN_POINT ( 'NONE',  ( 1.169262027503908508, 3.061395714370282128, -14.95528626626283497 ) ) ;
#6186 = CARTESIAN_POINT ( 'NONE',  ( -1.713907998563199753, 14.54792975267263699, -13.96785634098988993 ) ) ;
#6187 = CARTESIAN_POINT ( 'NONE',  ( 13.09494836643293070, 4.435645410447738080, -5.664278112616131899 ) ) ;
#6188 = CARTESIAN_POINT ( 'NONE',  ( -13.47209317761504188, 15.55953571197783702, -4.805346707303473686 ) ) ;
#6189 = CARTESIAN_POINT ( 'NONE',  ( -6.343783726296265968, 16.45747003169181255, 11.35568309531483067 ) ) ;
#6190 = CARTESIAN_POINT ( 'NONE',  ( 8.268439617981155010, 15.12475765911620940, -11.14333578425701177 ) ) ;
#6191 = ADVANCED_FACE ( 'NONE', ( #1941 ), #913, .F. ) ;
#6192 = CARTESIAN_POINT ( 'NONE',  ( -11.53527474960966615, 4.281826903305165466, 8.379904285526443175 ) ) ;
#6193 = CARTESIAN_POINT ( 'NONE',  ( -11.03734990865302201, 16.36206807681249842, -7.062913610235785455 ) ) ;
#6194 = FACE_OUTER_BOUND ( 'NONE', #275, .T. ) ;
#6195 = CARTESIAN_POINT ( 'NONE',  ( 11.74485893500177269, 4.052630740461669490, 7.963737322594947265 ) ) ;
#6196 = CARTESIAN_POINT ( 'NONE',  ( -13.73333333333333250, 12.99999999999999822, 2.719477073916150900 ) ) ;
#6197 = CARTESIAN_POINT ( 'NONE',  ( 5.635094047349922697, 4.622023400374319912, -13.92109796348639961 ) ) ;
#6198 = EDGE_CURVE ( 'NONE', #45, #4472, #308, .T. ) ;
#6199 = CARTESIAN_POINT ( 'NONE',  ( -1.272755422193978747, 17.08825131365502514, 12.82333045940416127 ) ) ;
#6200 = CARTESIAN_POINT ( 'NONE',  ( 0.9786888362279242415, 4.030426008847131314, -14.15105461707704038 ) ) ;
#6201 = CARTESIAN_POINT ( 'NONE',  ( -11.55897117105541660, 14.83240756451465536, -9.045844200877368735 ) ) ;
#6202 = CARTESIAN_POINT ( 'NONE',  ( 9.742056353669452662, 4.186591583603316735, -11.40613017102161919 ) ) ;
#6203 = CARTESIAN_POINT ( 'NONE',  ( 10.77107284725303415, 17.33044428562119066, -6.343038717575438135 ) ) ;
#6204 = DIRECTION ( 'NONE',  ( 0.000000000000000000, 0.000000000000000000, -1.000000000000000000 ) ) ;
#6205 = DIRECTION ( 'NONE',  ( 0.000000000000000000, -1.000000000000000000, 0.000000000000000000 ) ) ;
#6206 = FACE_OUTER_BOUND ( 'NONE', #3041, .T. ) ;
#6207 = CARTESIAN_POINT ( 'NONE',  ( 1.660201499420339647E-15, 17.33012701892218743, -12.50000000000000178 ) ) ;
#6208 = VERTEX_POINT ( 'NONE', #5567 ) ;
#6209 = CARTESIAN_POINT ( 'NONE',  ( 11.14927655090303205, 17.29005908467787478, -5.802938343792954257 ) ) ;
#6210 = CARTESIAN_POINT ( 'NONE',  ( 8.382958416054851369, 14.88492211286573408, 11.18740571122518901 ) ) ;
#6211 = CARTESIAN_POINT ( 'NONE',  ( -9.860891073398205364, 13.56600332138710563, 11.27108736315310544 ) ) ;
#6212 = ORIENTED_EDGE ( 'NONE', *, *, #6951, .T. ) ;
#6213 = CARTESIAN_POINT ( 'NONE',  ( -11.10646934465448155, 15.32409233017463634, 8.179560974442445342 ) ) ;
#6214 = AXIS2_PLACEMENT_3D ( 'NONE', #4857, #6080, #317 ) ;
#6215 = CARTESIAN_POINT ( 'NONE',  ( 12.20493025947459387, 3.982382847479346122, -8.728740893425422698 ) ) ;
#6216 = ORIENTED_EDGE ( 'NONE', *, *, #1250, .F. ) ;
#6217 = CARTESIAN_POINT ( 'NONE',  ( 2.087864198359111967, 3.435280335374283567, 14.85470105124540297 ) ) ;
#6218 = AXIS2_PLACEMENT_3D ( 'NONE', #7311, #440, #5815 ) ;
#6219 = AXIS2_PLACEMENT_3D ( 'NONE', #1749, #4230, #758 ) ;
#6220 = CARTESIAN_POINT ( 'NONE',  ( -11.09329034439894102, 15.39747241391145671, 8.139242320506552275 ) ) ;
#6221 = ORIENTED_EDGE ( 'NONE', *, *, #6298, .T. ) ;
#6222 = CARTESIAN_POINT ( 'NONE',  ( -2.139857865800817383, 13.54770619938541820, -14.84422340033457210 ) ) ;
#6223 = CARTESIAN_POINT ( 'NONE',  ( 4.813507431029838912, 14.39430030472772692, 14.00591515363467465 ) ) ;
#6224 = DIRECTION ( 'NONE',  ( 0.000000000000000000, 1.000000000000000000, 0.000000000000000000 ) ) ;
#6225 = CARTESIAN_POINT ( 'NONE',  ( 7.505290728563990932, 17.08328403755375291, -10.47624050218289149 ) ) ;
#6226 = AXIS2_PLACEMENT_3D ( 'NONE', #7166, #6520, #1162 ) ;
#6227 = CIRCLE ( 'NONE', #4397, 2.000000000000000000 ) ;
#6228 = CARTESIAN_POINT ( 'NONE',  ( 13.47209317761504010, 15.55953571197783702, 4.805346707303470133 ) ) ;
#6229 = CARTESIAN_POINT ( 'NONE',  ( -8.589135694386795805, 4.627067985563797947, -11.39594917043502420 ) ) ;
#6230 = CARTESIAN_POINT ( 'NONE',  ( -1.812984715234289723, 13.22805048829252073, 14.15555555403162558 ) ) ;
#6231 = CIRCLE ( 'NONE', #7216, 1.000000000000000000 ) ;
#6232 = TOROIDAL_SURFACE ( 'NONE', #2946, 0.9999999999999995559, 1.000000000000000000 ) ;
#6233 = CARTESIAN_POINT ( 'NONE',  ( 8.630572181971478685, 13.57869474984961222, -11.34001017570272296 ) ) ;
#6234 = CARTESIAN_POINT ( 'NONE',  ( 0.1920806657368843706, 16.45662614151566316, -13.00698079637309945 ) ) ;
#6235 = ADVANCED_FACE ( 'NONE', ( #2667 ), #6465, .T. ) ;
#6236 = DIRECTION ( 'NONE',  ( 0.000000000000000000, 0.000000000000000000, 1.000000000000000000 ) ) ;
#6237 = CARTESIAN_POINT ( 'NONE',  ( 5.588191531790013933, 4.808283127649760402, -13.94182075383912611 ) ) ;
#6238 = CARTESIAN_POINT ( 'NONE',  ( -14.97678535854840653, 3.017622708062929870, 0.8511828748499180586 ) ) ;
#6239 = CARTESIAN_POINT ( 'NONE',  ( -6.827335378807507738, 3.999999999999996447, 12.22404361850715304 ) ) ;
#6240 = CARTESIAN_POINT ( 'NONE',  ( 2.719477073916149568, 4.999999999999996447, -13.73333333333333250 ) ) ;
#6241 = CARTESIAN_POINT ( 'NONE',  ( -11.00557297587789485, 16.55014497691253084, -7.911899277860928059 ) ) ;
#6242 = CARTESIAN_POINT ( 'NONE',  ( -12.66208501060882163, 17.21275850705173482, 0.9029199244426768800 ) ) ;
#6243 = CARTESIAN_POINT ( 'NONE',  ( -14.00299574718650497, 14.40389851827525725, -4.813279525059136255 ) ) ;
#6244 = CARTESIAN_POINT ( 'NONE',  ( 11.17585048314719742, 17.03660441534034575, -6.653526196138943583 ) ) ;
#6245 = ADVANCED_FACE ( 'NONE', ( #5028 ), #2855, .T. ) ;
#6246 = DIRECTION ( 'NONE',  ( 0.000000000000000000, 0.000000000000000000, 1.000000000000000000 ) ) ;
#6247 = CARTESIAN_POINT ( 'NONE',  ( 0.1993759310500144433, 3.999999999999996447, 13.99999999999999822 ) ) ;
#6248 = CARTESIAN_POINT ( 'NONE',  ( -2.405973638386228884E-14, 16.46410161513774995, -13.00000000000000178 ) ) ;
#6249 = CARTESIAN_POINT ( 'NONE',  ( 2.719477073916154453, 12.99999999999999822, 13.73333333333333250 ) ) ;
#6250 = ORIENTED_EDGE ( 'NONE', *, *, #2254, .F. ) ;
#6251 = CARTESIAN_POINT ( 'NONE',  ( 8.647868598458291700, 4.999999999999997335, -11.35257835782100422 ) ) ;
#6252 = CARTESIAN_POINT ( 'NONE',  ( 5.497020985391331216, 14.87622484628147390, 12.85671015808045148 ) ) ;
#6253 = CARTESIAN_POINT ( 'NONE',  ( 9.340433554844130626, 3.535834181800182385, 11.73758042002848967 ) ) ;
#6254 = EDGE_CURVE ( 'NONE', #5191, #1230, #3584, .T. ) ;
#6255 = CARTESIAN_POINT ( 'NONE',  ( -2.890828935965643165, 4.665349315078855419, -14.71887181090209573 ) ) ;
#6256 = CARTESIAN_POINT ( 'NONE',  ( 11.50360007446233723, 3.932679644397247820, -9.626728825538668488 ) ) ;
#6257 = VERTEX_POINT ( 'NONE', #3631 ) ;
#6258 = FACE_OUTER_BOUND ( 'NONE', #5742, .T. ) ;
#6259 = CARTESIAN_POINT ( 'NONE',  ( 11.72170531907471513, 14.07206457136682864, 9.215673151546814879 ) ) ;
#6260 = AXIS2_PLACEMENT_3D ( 'NONE', #3307, #5174, #370 ) ;
#6261 = CARTESIAN_POINT ( 'NONE',  ( -11.54385135386283245, 16.40289631554419358, 6.115906738247130825 ) ) ;
#6262 = VERTEX_POINT ( 'NONE', #4756 ) ;
#6263 = SHAPE_DEFINITION_REPRESENTATION ( #4558, #5985 ) ;
#6264 = CIRCLE ( 'NONE', #6881, 1.999999999999998224 ) ;
#6265 = CARTESIAN_POINT ( 'NONE',  ( -2.904100378014011330, 13.57088042692301855, -14.69114445556488668 ) ) ;
#6266 = CARTESIAN_POINT ( 'NONE',  ( 5.468483964994801383, 15.06777341069433263, 13.51260599674347773 ) ) ;
#6267 = CARTESIAN_POINT ( 'NONE',  ( -12.16011228683189849, 16.86133510028686544, -5.093147537914557432 ) ) ;
#6268 = CARTESIAN_POINT ( 'NONE',  ( 7.032529248039162795, 17.23293512505058445, -10.52964275591745036 ) ) ;
#6269 = CARTESIAN_POINT ( 'NONE',  ( -11.38277636701941553, 4.683386901737442543, 8.607123545313093871 ) ) ;
#6270 = VERTEX_POINT ( 'NONE', #4039 ) ;
#6271 = AXIS2_PLACEMENT_3D ( 'NONE', #7277, #2042, #5981 ) ;
#6272 = CARTESIAN_POINT ( 'NONE',  ( 12.50076474979213081, 17.32959717367248231, 0.1479181513411569060 ) ) ;
#6273 = CARTESIAN_POINT ( 'NONE',  ( -1.807501962579820098, 13.45280265710891321, 14.14348377927656664 ) ) ;
#6274 = FACE_OUTER_BOUND ( 'NONE', #3342, .T. ) ;
#6275 = DIRECTION ( 'NONE',  ( 0.000000000000000000, 0.000000000000000000, 1.000000000000000000 ) ) ;
#6276 = CARTESIAN_POINT ( 'NONE',  ( 13.14819037277037239, 4.705527284777470065, 5.547812953076403986 ) ) ;
#6277 = CARTESIAN_POINT ( 'NONE',  ( 5.982729813402039909, 4.141551853311584708, -12.91643768617953469 ) ) ;
#6278 = DIRECTION ( 'NONE',  ( -1.000000000000000000, 0.000000000000000000, 0.000000000000000000 ) ) ;
#6279 = AXIS2_PLACEMENT_3D ( 'NONE', #1457, #4391, #2568 ) ;
#6280 = CARTESIAN_POINT ( 'NONE',  ( 11.01041728790134222, 15.87051635619500445, -7.800349450531153472 ) ) ;
#6281 = CARTESIAN_POINT ( 'NONE',  ( -10.90148128887384971, 15.53957261684847424, -9.268868759183021666 ) ) ;
#6282 = CARTESIAN_POINT ( 'NONE',  ( 7.084847958801367973, 16.36740832090658415, -11.02039858868715605 ) ) ;
#6283 = CARTESIAN_POINT ( 'NONE',  ( -14.17495449819310060, 13.57088042692309138, -4.830547525282293364 ) ) ;
#6284 = CARTESIAN_POINT ( 'NONE',  ( 10.59330658704728734, 16.49948735465818217, -8.495958808590456712 ) ) ;
#6285 = DIRECTION ( 'NONE',  ( 0.000000000000000000, 0.000000000000000000, 1.000000000000000000 ) ) ;
#6286 = CARTESIAN_POINT ( 'NONE',  ( -8.673617379884035472E-16, 4.999999999999996447, -15.00000000000000000 ) ) ;
#6287 = DIRECTION ( 'NONE',  ( 0.000000000000000000, 0.000000000000000000, 1.000000000000000000 ) ) ;
#6288 = CARTESIAN_POINT ( 'NONE',  ( -2.880970691227351832, 14.07809494866336664, -14.63061286681210227 ) ) ;
#6289 = CARTESIAN_POINT ( 'NONE',  ( -13.90848057518147662, 3.435280335374282679, -5.619207090191677523 ) ) ;
#6290 = CARTESIAN_POINT ( 'NONE',  ( 9.752340428230985125, 4.215475591700815094, -11.39730352768353683 ) ) ;
#6291 = CARTESIAN_POINT ( 'NONE',  ( 5.933809352876336263, 16.30483108477091747, 11.74368821690555542 ) ) ;
#6292 = ADVANCED_FACE ( 'NONE', ( #5947 ), #6523, .F. ) ;
#6293 = FACE_OUTER_BOUND ( 'NONE', #3035, .T. ) ;
#6294 = CARTESIAN_POINT ( 'NONE',  ( 12.99038105676657473, 3.999999999999996891, -7.500000000000004441 ) ) ;
#6295 = EDGE_LOOP ( 'NONE', ( #4220, #2506, #4858 ) ) ;
#6296 = CARTESIAN_POINT ( 'NONE',  ( 0.8034688498632945874, 16.26662723198569793, -13.16713736431501403 ) ) ;
#6297 = CARTESIAN_POINT ( 'NONE',  ( 10.90148128887380352, 15.53957261684860924, 9.268868759182961270 ) ) ;
#6298 = EDGE_CURVE ( 'NONE', #2221, #7527, #4390, .T. ) ;
#6299 = CARTESIAN_POINT ( 'NONE',  ( 11.02573172004456126, 16.34294568665793435, 7.114882716136743390 ) ) ;
#6300 = ORIENTED_EDGE ( 'NONE', *, *, #7420, .T. ) ;
#6301 = CARTESIAN_POINT ( 'NONE',  ( -12.99038105676685007, 4.231561273113432442, -5.860076627227168267 ) ) ;
#6302 = CARTESIAN_POINT ( 'NONE',  ( -13.12907722402443511, 16.92071623829484395, -0.7247550688507540251 ) ) ;
#6303 = CARTESIAN_POINT ( 'NONE',  ( -7.818971665584281361, 15.85327801013088056, 11.01249910494610695 ) ) ;
#6304 = CARTESIAN_POINT ( 'NONE',  ( 5.501129821118055929, 14.75504811013947126, -12.88660698121149650 ) ) ;
#6305 = EDGE_CURVE ( 'NONE', #7066, #7450, #171, .T. ) ;
#6306 = DIRECTION ( 'NONE',  ( 0.000000000000000000, 0.000000000000000000, 1.000000000000000000 ) ) ;
#6307 = CARTESIAN_POINT ( 'NONE',  ( -5.576398993753407751, 4.903143899974597986, -13.94701254326024653 ) ) ;
#6308 = CARTESIAN_POINT ( 'NONE',  ( -0.9757255049069804009, 16.80948711538496099, 13.24191606716848923 ) ) ;
#6309 = CARTESIAN_POINT ( 'NONE',  ( 6.047237349409921414, 4.107372228728910279, 12.87383413215124861 ) ) ;
#6310 = CARTESIAN_POINT ( 'NONE',  ( -14.19226461796859162, 4.664520003228054712, 4.856098580016213972 ) ) ;
#6311 = CARTESIAN_POINT ( 'NONE',  ( 6.269980054202452635, 4.032479215937837758, -12.70407007359890983 ) ) ;
#6312 = CARTESIAN_POINT ( 'NONE',  ( -14.95910484604907609, 3.901731976069199526, 1.133694935960481098 ) ) ;
#6313 = ORIENTED_EDGE ( 'NONE', *, *, #323, .F. ) ;
#6314 = CARTESIAN_POINT ( 'NONE',  ( 11.13099838530277452, 15.20485843036349394, -8.246235795720673778 ) ) ;
#6315 = CARTESIAN_POINT ( 'NONE',  ( 5.517158147667536205, 4.839156113676612136, 13.16156282062362770 ) ) ;
#6316 = CARTESIAN_POINT ( 'NONE',  ( -9.880503104458574271, 13.28474984484113186, -11.28608250912532007 ) ) ;
#6317 = DIRECTION ( 'NONE',  ( -0.000000000000000000, -1.000000000000000000, -0.000000000000000000 ) ) ;
#6318 = CARTESIAN_POINT ( 'NONE',  ( 8.065575361961197842, 4.084581422597011624, 11.70109125622899171 ) ) ;
#6319 = CARTESIAN_POINT ( 'NONE',  ( 11.58198888150077543, 16.38634809853035890, -6.078048630619250048 ) ) ;
#6320 = CARTESIAN_POINT ( 'NONE',  ( -11.27755024245787396, 14.28268408162466407, -8.534033767240345014 ) ) ;
#6321 = FACE_OUTER_BOUND ( 'NONE', #6081, .T. ) ;
#6322 = CARTESIAN_POINT ( 'NONE',  ( 14.90995495196954046, 3.199223961955116824, 1.648759596344093969 ) ) ;
#6323 = LINE ( 'NONE', #6750, #3960 ) ;
#6324 = ORIENTED_EDGE ( 'NONE', *, *, #4905, .F. ) ;
#6325 = CARTESIAN_POINT ( 'NONE',  ( 8.466307916593741822, 3.902453538974731462, -12.38477897301234343 ) ) ;
#6326 = DIRECTION ( 'NONE',  ( -0.000000000000000000, 1.000000000000000000, -0.000000000000000000 ) ) ;
#6327 = CARTESIAN_POINT ( 'NONE',  ( -8.412827834058964172, 14.74415884604111326, 11.20914912568320254 ) ) ;
#6328 = CARTESIAN_POINT ( 'NONE',  ( -14.95528626626283497, 3.061395714370281684, -1.169262027503909174 ) ) ;
#6329 = ADVANCED_FACE ( 'NONE', ( #2889 ), #2377, .F. ) ;
#6330 = CARTESIAN_POINT ( 'NONE',  ( 11.79863547069351526, 3.460362391599565157, -9.263549183844142831 ) ) ;
#6331 = VERTEX_POINT ( 'NONE', #2435 ) ;
#6332 = CARTESIAN_POINT ( 'NONE',  ( 1.747631446962916169, 16.80181036654444071, -13.14081354651190026 ) ) ;
#6333 = CARTESIAN_POINT ( 'NONE',  ( 2.801286392880047771, 4.343064212564020643, 14.73617568665118505 ) ) ;
#6334 = CARTESIAN_POINT ( 'NONE',  ( -10.98883125318288201, 16.22587304497630356, 7.368816822721161230 ) ) ;
#6335 = ORIENTED_EDGE ( 'NONE', *, *, #1620, .F. ) ;
#6336 = ADVANCED_FACE ( 'NONE', ( #142 ), #2519, .T. ) ;
#6337 = CARTESIAN_POINT ( 'NONE',  ( 4.830602448065464571, 13.56600332138694753, 14.17532585509055565 ) ) ;
#6338 = CARTESIAN_POINT ( 'NONE',  ( -13.48705541924392293, 16.55014497691290742, -1.349119278872189076 ) ) ;
#6339 = CARTESIAN_POINT ( 'NONE',  ( 5.391169244739917765, 17.14268327565266503, -11.61628859643054668 ) ) ;
#6340 = CARTESIAN_POINT ( 'NONE',  ( -12.49462744172040907, 4.003675905963880233, 6.508408901825338155 ) ) ;
#6341 = VECTOR ( 'NONE', #2425, 1000.000000000000000 ) ;
#6342 = EDGE_LOOP ( 'NONE', ( #165, #5942, #4705, #1176, #6506, #6450 ) ) ;
#6343 = CARTESIAN_POINT ( 'NONE',  ( -11.47172028253311815, 16.42786290564318818, -6.196454175217866123 ) ) ;
#6344 = CARTESIAN_POINT ( 'NONE',  ( -8.640511164855967152, 4.847554636631860703, -11.35813894050319561 ) ) ;
#6345 = CARTESIAN_POINT ( 'NONE',  ( -2.688748776146527408, 15.18019855795803608, 14.25672345635990546 ) ) ;
#6346 = EDGE_CURVE ( 'NONE', #45, #2753, #207, .T. ) ;
#6347 = AXIS2_PLACEMENT_3D ( 'NONE', #3971, #1060, #6287 ) ;
#6348 = DIRECTION ( 'NONE',  ( 0.5000000000000000000, 0.000000000000000000, 0.8660254037844385966 ) ) ;
#6349 = AXIS2_PLACEMENT_3D ( 'NONE', #2163, #3383, #3461 ) ;
#6350 = CARTESIAN_POINT ( 'NONE',  ( 1.941135735418089148, 4.361631949948217901, 14.88828558094351706 ) ) ;
#6351 = CARTESIAN_POINT ( 'NONE',  ( -14.99999999999999645, 3.999999999999996447, 4.266252821741177673E-16 ) ) ;
#6352 = EDGE_LOOP ( 'NONE', ( #1770, #712 ) ) ;
#6353 = CARTESIAN_POINT ( 'NONE',  ( 14.91739096781705776, 4.080934495940446993, -1.646105641417470400 ) ) ;
#6354 = CARTESIAN_POINT ( 'NONE',  ( -11.09379147799360688, 15.39308095162513723, -8.136905738161063439 ) ) ;
#6355 = CIRCLE ( 'NONE', #4650, 0.9999999999999991118 ) ;
#6356 = AXIS2_PLACEMENT_3D ( 'NONE', #6587, #2032, #124 ) ;
#6357 = CARTESIAN_POINT ( 'NONE',  ( 14.53358980867862194, 14.40389851827507073, -2.833075529376474222 ) ) ;
#6358 = ORIENTED_EDGE ( 'NONE', *, *, #2569, .F. ) ;
#6359 = CARTESIAN_POINT ( 'NONE',  ( -7.499999999999988454, 3.999999999999996447, 12.99038105676658716 ) ) ;
#6360 = CARTESIAN_POINT ( 'NONE',  ( 12.99038105676657651, 4.999999999999996447, -7.500000000000005329 ) ) ;
#6361 = FACE_OUTER_BOUND ( 'NONE', #2949, .T. ) ;
#6362 = CARTESIAN_POINT ( 'NONE',  ( -14.19980794528324530, 4.830546773239267289, -4.833782609620614679 ) ) ;
#6363 = CARTESIAN_POINT ( 'NONE',  ( 11.28608250894451359, 13.54176985573761627, -9.880503104665102398 ) ) ;
#6364 = DIRECTION ( 'NONE',  ( 0.000000000000000000, 0.000000000000000000, -1.000000000000000000 ) ) ;
#6365 = CARTESIAN_POINT ( 'NONE',  ( -7.192194913158509451, 16.92071623829484039, 11.00773686982733146 ) ) ;
#6366 = DIRECTION ( 'NONE',  ( 0.000000000000000000, -1.000000000000000000, 0.000000000000000000 ) ) ;
#6367 = CARTESIAN_POINT ( 'NONE',  ( -12.20526570601026783, 3.999999999999996447, 6.859859678249671688 ) ) ;
#6368 = EDGE_LOOP ( 'NONE', ( #5148, #618, #1766, #3626, #2312 ) ) ;
#6369 = CARTESIAN_POINT ( 'NONE',  ( 1.309801003009209985, 15.78725876297865405, -13.48327375377304449 ) ) ;
#6370 = CARTESIAN_POINT ( 'NONE',  ( 11.01058956155990032, 16.30222877997778852, 7.207082241702284620 ) ) ;
#6371 = CARTESIAN_POINT ( 'NONE',  ( 13.16556307376510482, 13.38415849608138508, 5.507686957097267744 ) ) ;
#6372 = EDGE_LOOP ( 'NONE', ( #5224, #5494, #7323, #2499, #1381 ) ) ;
#6373 = CARTESIAN_POINT ( 'NONE',  ( 9.880503104665095293, -2.000000000000000000, -11.28608250894451892 ) ) ;
#6374 = DIRECTION ( 'NONE',  ( 0.000000000000000000, 0.000000000000000000, -1.000000000000000000 ) ) ;
#6375 = CARTESIAN_POINT ( 'NONE',  ( -13.00070914631152874, 17.04080462639315030, -0.1901196628015404400 ) ) ;
#6376 = AXIS2_PLACEMENT_3D ( 'NONE', #5114, #1142, #498 ) ;
#6377 = CARTESIAN_POINT ( 'NONE',  ( 6.377023793722615963, 16.46004852382972672, -11.33368844604523318 ) ) ;
#6378 = CARTESIAN_POINT ( 'NONE',  ( -12.54468515010479202, 3.017622708062928982, 8.225538672160507048 ) ) ;
#6379 = CARTESIAN_POINT ( 'NONE',  ( 13.79844109687654274, 3.267587546154536948, -5.884202245669380993 ) ) ;
#6380 = ORIENTED_EDGE ( 'NONE', *, *, #3831, .F. ) ;
#6381 = EDGE_CURVE ( 'NONE', #5712, #2460, #6059, .T. ) ;
#6382 = CARTESIAN_POINT ( 'NONE',  ( -11.42492099134838845, 17.21418835519325796, -5.533279581122308777 ) ) ;
#6383 = CARTESIAN_POINT ( 'NONE',  ( 14.63328190453695932, 14.06732362297316463, 2.882207854585964846 ) ) ;
#6384 = ORIENTED_EDGE ( 'NONE', *, *, #6767, .T. ) ;
#6385 = TOROIDAL_SURFACE ( 'NONE', #2608, 1.000000000000000444, 1.000000000000000000 ) ;
#6386 = DIRECTION ( 'NONE',  ( 0.000000000000000000, -1.000000000000000000, -0.000000000000000000 ) ) ;
#6387 = CARTESIAN_POINT ( 'NONE',  ( -9.221802897687414458, 12.99999999999999822, 11.53367700834822074 ) ) ;
#6388 = CARTESIAN_POINT ( 'NONE',  ( 1.762599460242689764, 4.683386901737490504, 14.16133527209265885 ) ) ;
#6389 = CARTESIAN_POINT ( 'NONE',  ( 11.34474476896673778, 13.45670434138513016, -8.636923201680595241 ) ) ;
#6390 = ORIENTED_EDGE ( 'NONE', *, *, #5636, .T. ) ;
#6391 = CIRCLE ( 'NONE', #4566, 0.9999999999999991118 ) ;
#6392 = CARTESIAN_POINT ( 'NONE',  ( 14.89481999283076341, 4.281769720007602587, -1.877849636914258324 ) ) ;
#6393 = ADVANCED_FACE ( 'NONE', ( #3740 ), #1436, .T. ) ;
#6394 = CARTESIAN_POINT ( 'NONE',  ( 5.461440022480429590, 3.565920217497933642, 13.97091208119439543 ) ) ;
#6395 = CARTESIAN_POINT ( 'NONE',  ( 12.56447337950891630, 17.28482863031524985, -0.5779937646385909789 ) ) ;
#6396 = CARTESIAN_POINT ( 'NONE',  ( -8.728740893425696257, 3.982382847479414956, -12.20493025947417820 ) ) ;
#6397 = ORIENTED_EDGE ( 'NONE', *, *, #4102, .T. ) ;
#6398 = CARTESIAN_POINT ( 'NONE',  ( -8.088366383861050224, 3.007811910147806245, 12.63360089696118571 ) ) ;
#6399 = B_SPLINE_CURVE_WITH_KNOTS ( 'NONE', 3,
 ( #957, #3284, #5610, #7520, #4014, #4504, #4549, #6217, #5808, #6837, #5694, #1033, #6333, #6880, #993, #1720 ),
 .UNSPECIFIED., .F., .F.,
 ( 4, 2, 2, 2, 2, 2, 2, 4 ),
 ( 0.000000000000000000, 0.0009985881523668616554, 0.001497882228550292266, 0.001997176304733722877, 0.002496470380917153054, 0.002995764457100583665, 0.003495058533284015143, 0.003994352609467445754 ),
 .UNSPECIFIED. ) ;
#6400 = CARTESIAN_POINT ( 'NONE',  ( -1.812984715944098602, 12.99999999999999822, 14.15555555555555323 ) ) ;
#6401 = DIRECTION ( 'NONE',  ( 0.000000000000000000, -1.000000000000000000, 0.000000000000000000 ) ) ;
#6402 = DIRECTION ( 'NONE',  ( 0.000000000000000000, -1.000000000000000000, 0.000000000000000000 ) ) ;
#6403 = FACE_OUTER_BOUND ( 'NONE', #1139, .T. ) ;
#6404 = DIRECTION ( 'NONE',  ( 0.000000000000000000, 0.000000000000000000, 1.000000000000000000 ) ) ;
#6405 = DIRECTION ( 'NONE',  ( 0.000000000000000000, 0.000000000000000000, 1.000000000000000000 ) ) ;
#6406 = CARTESIAN_POINT ( 'NONE',  ( 0.000000000000000000, 3.399999999999998579, 0.000000000000000000 ) ) ;
#6407 = CARTESIAN_POINT ( 'NONE',  ( -5.500993980620314971, 14.74415884604091609, -12.89029718480124664 ) ) ;
#6408 = CARTESIAN_POINT ( 'NONE',  ( -5.580368343960723898, 16.56095533821401489, 12.34061117205230573 ) ) ;
#6409 = CARTESIAN_POINT ( 'NONE',  ( -0.6488033170989662146, 16.34294568665794145, 13.10600512293885167 ) ) ;
#6410 = CARTESIAN_POINT ( 'NONE',  ( -5.012322974481846494, 16.71832469119268438, 12.37529021073874880 ) ) ;
#6411 = CARTESIAN_POINT ( 'NONE',  ( -13.86450308711589763, 4.362682976374236077, 5.762394658047262475 ) ) ;
#6412 = ORIENTED_EDGE ( 'NONE', *, *, #2843, .T. ) ;
#6413 = CARTESIAN_POINT ( 'NONE',  ( 0.1901196628015456580, 17.04080462639354110, -13.00070914631152696 ) ) ;
#6414 = CARTESIAN_POINT ( 'NONE',  ( 13.15216728767425991, 13.45670434138532556, 5.506375568535538889 ) ) ;
#6415 = CARTESIAN_POINT ( 'NONE',  ( -11.74368821690555542, 16.30483108477092458, 5.933809352876343368 ) ) ;
#6416 = VERTEX_POINT ( 'NONE', #4264 ) ;
#6417 = CARTESIAN_POINT ( 'NONE',  ( -1.022762606118634787, 3.894656027646399732, 14.96657772217486482 ) ) ;
#6418 = CARTESIAN_POINT ( 'NONE',  ( 6.653526196138893845, 17.03660441533995495, 11.17585048314719920 ) ) ;
#6419 = CARTESIAN_POINT ( 'NONE',  ( -13.67595811331034206, 15.39308095162504131, -1.499871338450079250 ) ) ;
#6420 = CARTESIAN_POINT ( 'NONE',  ( 13.16556307261185488, 4.918749111901023596, 5.507686956995864413 ) ) ;
#6421 = CARTESIAN_POINT ( 'NONE',  ( -14.71428571428571352, 4.999999999999996447, -2.913725436338733044 ) ) ;
#6422 = ORIENTED_EDGE ( 'NONE', *, *, #598, .T. ) ;
#6423 = ORIENTED_EDGE ( 'NONE', *, *, #2000, .T. ) ;
#6424 = CARTESIAN_POINT ( 'NONE',  ( 1.660201499420339647E-15, 17.33012701892218743, -12.50000000000000178 ) ) ;
#6425 = DIRECTION ( 'NONE',  ( 0.000000000000000000, -1.000000000000000000, -0.000000000000000000 ) ) ;
#6426 = CARTESIAN_POINT ( 'NONE',  ( 11.67283317629045669, 14.34089593620495862, -9.168855999849030880 ) ) ;
#6427 = EDGE_CURVE ( 'NONE', #3111, #475, #53, .T. ) ;
#6428 = ORIENTED_EDGE ( 'NONE', *, *, #3984, .F. ) ;
#6429 = CARTESIAN_POINT ( 'NONE',  ( 11.39777448599942922, 4.614372152007839567, 8.586511163815277570 ) ) ;
#6430 = CARTESIAN_POINT ( 'NONE',  ( -12.36702681370018908, 3.061395714370281684, -8.490253752630300355 ) ) ;
#6431 = CARTESIAN_POINT ( 'NONE',  ( 13.11798104881681226, 16.93155670826518033, -0.7120143532421657762 ) ) ;
#6432 = CARTESIAN_POINT ( 'NONE',  ( -7.867057388093018133, 4.032479215937834205, -11.78199704496052291 ) ) ;
#6433 = ORIENTED_EDGE ( 'NONE', *, *, #1077, .T. ) ;
#6434 = CARTESIAN_POINT ( 'NONE',  ( -8.325798638595596657, 4.231589228635337818, 11.56786092247242159 ) ) ;
#6435 = CARTESIAN_POINT ( 'NONE',  ( 2.602085213965210642E-15, 4.999999999999996447, 15.00000000000000000 ) ) ;
#6436 = DIRECTION ( 'NONE',  ( 0.000000000000000000, 0.000000000000000000, 1.000000000000000000 ) ) ;
#6437 = CARTESIAN_POINT ( 'NONE',  ( -6.001014539628509503, 4.130604814885191267, -12.90517125131061960 ) ) ;
#6438 = EDGE_CURVE ( 'NONE', #3279, #2405, #3839, .T. ) ;
#6439 = DIRECTION ( 'NONE',  ( 0.000000000000000000, 0.000000000000000000, 1.000000000000000000 ) ) ;
#6440 = CARTESIAN_POINT ( 'NONE',  ( 0.000000000000000000, 2.000000000000000000, 0.000000000000000000 ) ) ;
#6441 = CARTESIAN_POINT ( 'NONE',  ( 9.366361376382212001, 3.563653805202656066, 11.71686882982744038 ) ) ;
#6442 = CARTESIAN_POINT ( 'NONE',  ( 8.589351107171809829, 4.627674399260295779, -11.39579415506320181 ) ) ;
#6443 = CARTESIAN_POINT ( 'NONE',  ( -4.830602448065459242, 13.56600332138694753, -14.17532585509055565 ) ) ;
#6444 = B_SPLINE_CURVE_WITH_KNOTS ( 'NONE', 3,
 ( #6965, #5166, #6310, #2803, #6933, #9, #4563, #1083, #3338, #1699, #5786, #7498, #3376, #2270, #4027, #4600 ),
 .UNSPECIFIED., .F., .F.,
 ( 4, 2, 2, 2, 2, 2, 2, 4 ),
 ( 0.000000000000000000, 0.0005078598180034134225, 0.001015719636006826845, 0.001523579454010240159, 0.002031439272013653690, 0.002539299090017067221, 0.003047158908020480318, 0.004062878544027304778 ),
 .UNSPECIFIED. ) ;
#6445 = CARTESIAN_POINT ( 'NONE',  ( -6.665003030900997771, 17.04080462639354465, 11.16388455651785172 ) ) ;
#6446 = CARTESIAN_POINT ( 'NONE',  ( -1.438098619699247127, 15.55274925046519741, 13.60514076021918761 ) ) ;
#6447 = CARTESIAN_POINT ( 'NONE',  ( 14.19289401174509813, 4.678312227110537513, -4.854228358772952667 ) ) ;
#6448 = EDGE_CURVE ( 'NONE', #1216, #1603, #845, .T. ) ;
#6449 = CARTESIAN_POINT ( 'NONE',  ( 12.99038105676658184, 2.999999999999996447, 7.499999999999997335 ) ) ;
#6450 = ORIENTED_EDGE ( 'NONE', *, *, #3320, .F. ) ;
#6451 = CARTESIAN_POINT ( 'NONE',  ( 1.919798399972875158, 15.50732118243873003, -14.21640249282013535 ) ) ;
#6452 = CARTESIAN_POINT ( 'NONE',  ( 11.35004795217509788, 17.03660441534014680, 6.351807329232650012 ) ) ;
#6453 = B_SPLINE_CURVE_WITH_KNOTS ( 'NONE', 3,
 ( #3693, #6014, #2352, #2957, #4745, #3000, #6513, #1318, #55, #2504, #2390, #4222, #6430, #5241, #4677, #2468 ),
 .UNSPECIFIED., .F., .F.,
 ( 4, 2, 2, 2, 2, 2, 2, 4 ),
 ( 0.000000000000000000, 0.0005078598180034122299, 0.001015719636006824460, 0.001523579454010236690, 0.002031439272013648920, 0.002539299090017061149, 0.003047158908020473379, 0.004062878544027301309 ),
 .UNSPECIFIED. ) ;
#6454 = CARTESIAN_POINT ( 'NONE',  ( 0.3188172893899620663, 3.999546503159478128, -14.02001806337970535 ) ) ;
#6455 = ORIENTED_EDGE ( 'NONE', *, *, #3621, .F. ) ;
#6456 = CARTESIAN_POINT ( 'NONE',  ( 5.954797409725805402, 4.142845021969492336, 13.77768802533365111 ) ) ;
#6457 = CARTESIAN_POINT ( 'NONE',  ( -12.44170144688824209, 15.64112245143654434, 5.573927705368217467 ) ) ;
#6458 = CARTESIAN_POINT ( 'NONE',  ( -1.199855898772565599, 4.107372228728939589, 14.17268607725502783 ) ) ;
#6459 = CARTESIAN_POINT ( 'NONE',  ( 5.936882310865923884, 16.92071623829483329, 11.73249193867827422 ) ) ;
#6460 = CARTESIAN_POINT ( 'NONE',  ( -14.15555555403158827, 13.22805048829266461, -1.812984715234273514 ) ) ;
#6461 = CARTESIAN_POINT ( 'NONE',  ( 1.836970198721029589E-15, -2.000000000000000000, -15.00000000000000000 ) ) ;
#6462 = CARTESIAN_POINT ( 'NONE',  ( 13.61765310953884622, 3.945968001676173120, 6.298924805798131743 ) ) ;
#6463 = CARTESIAN_POINT ( 'NONE',  ( 6.673955498260232488, 3.997967014936482322, -12.34818740018763705 ) ) ;
#6464 = EDGE_LOOP ( 'NONE', ( #3204, #3824, #2879, #3436, #1909 ) ) ;
#6465 =( BOUNDED_SURFACE ( )  B_SPLINE_SURFACE ( 3, 2, ( 
 ( #5489, #4989, #2553 ),
 ( #268, #6607, #5528 ),
 ( #2091, #2594, #7252 ),
 ( #2019, #4344, #2635 ),
 ( #803, #4419, #5453 ),
 ( #4879, #1985, #411 ),
 ( #3428, #6325, #1638 ),
 ( #2206, #2746, #3973 ),
 ( #4541, #7362, #3276 ),
 ( #1678, #1555, #4496 ),
 ( #6871, #5181, #2818 ),
 ( #7397, #2168, #5684 ),
 ( #522, #5724, #6173 ),
 ( #6828, #5642, #6290 ),
 ( #4460, #4612, #2283 ),
 ( #5066, #6791, #1594 ),
 ( #3390, #3932, #1024 ),
 ( #6251, #1095, #3891 ) ),
 .UNSPECIFIED., .F., .F., .T. ) 
 B_SPLINE_SURFACE_WITH_KNOTS ( ( 4, 2, 2, 2, 2, 2, 2, 2, 4 ),
 ( 3, 3 ),
 ( 0.001001835143902674681, 0.001483160195672277720, 0.001964485247441880977, 0.002445810299211484233, 0.002927135350981087489, 0.003408460402750690746, 0.003889785454520293569, 0.004371110506289896391, 0.004852435558059500081 ),
 ( 0.000000000000000000, 1.000000000000000000 ),
 .UNSPECIFIED. ) 
 GEOMETRIC_REPRESENTATION_ITEM ( )  RATIONAL_B_SPLINE_SURFACE ( (
 ( 1.000000000000000000, 0.7071067811865473507, 1.000000000000000000),
 ( 1.000000000000000000, 0.7068862653318065403, 1.000000000000000000),
 ( 1.000000000000000000, 0.7152614521121914981, 1.000000000000000000),
 ( 1.000000000000000000, 0.7353188346933899888, 1.000000000000000000),
 ( 1.000000000000000000, 0.7463742780416938727, 1.000000000000000000),
 ( 1.000000000000000000, 0.7639171294620495933, 1.000000000000000000),
 ( 1.000000000000000000, 0.7705876985465541784, 1.000000000000000000),
 ( 1.000000000000000000, 0.7802728411342544357, 1.000000000000000000),
 ( 1.000000000000000000, 0.7834142574742766207, 1.000000000000000000),
 ( 1.000000000000000000, 0.7873757974863770936, 1.000000000000000000),
 ( 1.000000000000000000, 0.7882590930830258857, 1.000000000000000000),
 ( 1.000000000000000000, 0.7889663206215457025, 1.000000000000000000),
 ( 1.000000000000000000, 0.7887727214691967470, 1.000000000000000000),
 ( 1.000000000000000000, 0.7881288200425223822, 1.000000000000000000),
 ( 1.000000000000000000, 0.7876692935215956481, 1.000000000000000000),
 ( 1.000000000000000000, 0.7870063584361968179, 1.000000000000000000),
 ( 1.000000000000000000, 0.7867917697739792438, 1.000000000000000000),
 ( 1.000000000000000000, 0.7867957924694423122, 1.000000000000000000) ) ) 
 REPRESENTATION_ITEM ( '' )  SURFACE ( )  );
#6466 = CARTESIAN_POINT ( 'NONE',  ( -10.52964275591729404, 17.23293512505067682, -7.032529248039136149 ) ) ;
#6467 = EDGE_LOOP ( 'NONE', ( #1343, #4959, #3554, #3131 ) ) ;
#6468 = CARTESIAN_POINT ( 'NONE',  ( 6.673315516063893504, 3.997937849271230526, 12.34871542555087665 ) ) ;
#6469 = CARTESIAN_POINT ( 'NONE',  ( -13.16210736820439031, 4.850501015510592318, -5.515856967085821516 ) ) ;
#6470 = VECTOR ( 'NONE', #4148, 1000.000000000000000 ) ;
#6471 = CARTESIAN_POINT ( 'NONE',  ( 11.48898839776378011, 4.365020954408579179, 8.453587084620570735 ) ) ;
#6472 = CARTESIAN_POINT ( 'NONE',  ( 0.000000000000000000, 12.99999999999999822, 0.000000000000000000 ) ) ;
#6473 = CARTESIAN_POINT ( 'NONE',  ( 13.55575885024566318, 15.65293292630088118, -1.387477552385825597 ) ) ;
#6474 = CARTESIAN_POINT ( 'NONE',  ( -8.908790252140684984, 3.212026121888165164, -12.06895565422460770 ) ) ;
#6475 = CIRCLE ( 'NONE', #2819, 0.9999999999999991118 ) ;
#6476 = ORIENTED_EDGE ( 'NONE', *, *, #4583, .F. ) ;
#6477 = TOROIDAL_SURFACE ( 'NONE', #3186, 1.000000000000000444, 1.000000000000000000 ) ;
#6478 = CARTESIAN_POINT ( 'NONE',  ( -8.477816314114930307, 4.401344754123196701, 11.47315234143890095 ) ) ;
#6479 = CARTESIAN_POINT ( 'NONE',  ( 12.99038105676658184, 4.999999999999996447, 6.499999999999997335 ) ) ;
#6480 = DIRECTION ( 'NONE',  ( 0.000000000000000000, 1.000000000000000000, 0.000000000000000000 ) ) ;
#6481 = CARTESIAN_POINT ( 'NONE',  ( 4.378112306951787759E-16, 2.000000000000000000, -3.575000000000000178 ) ) ;
#6482 = CARTESIAN_POINT ( 'NONE',  ( 8.647868597509903665, 4.918749111901036031, 11.35257835715631636 ) ) ;
#6483 = TOROIDAL_SURFACE ( 'NONE', #1475, 0.9999999999999995559, 1.000000000000000000 ) ;
#6484 = DIRECTION ( 'NONE',  ( 0.000000000000000000, 0.000000000000000000, -1.000000000000000000 ) ) ;
#6485 = CARTESIAN_POINT ( 'NONE',  ( -5.529999745402847111, 15.30520404997188777, -12.64227951688185847 ) ) ;
#6486 = EDGE_CURVE ( 'NONE', #1346, #5885, #2009, .T. ) ;
#6487 = CARTESIAN_POINT ( 'NONE',  ( -6.196454175217885663, 16.42786290564318818, 11.47172028253309328 ) ) ;
#6488 = AXIS2_PLACEMENT_3D ( 'NONE', #5176, #6910, #4682 ) ;
#6489 = VECTOR ( 'NONE', #4353, 1000.000000000000114 ) ;
#6490 = CARTESIAN_POINT ( 'NONE',  ( -11.28608250894450649, 12.99999999999999822, 9.880503104665109504 ) ) ;
#6491 = CARTESIAN_POINT ( 'NONE',  ( -8.095376221225099117E-16, 3.999999999999996447, -13.99999999999999822 ) ) ;
#6492 = CARTESIAN_POINT ( 'NONE',  ( -12.12435565298213369, 3.999999999999996447, 7.000000000000008882 ) ) ;
#6493 = ORIENTED_EDGE ( 'NONE', *, *, #4844, .F. ) ;
#6494 = CARTESIAN_POINT ( 'NONE',  ( -1.301789709174593135, 15.79958987962643668, -13.47636092610140324 ) ) ;
#6495 = CARTESIAN_POINT ( 'NONE',  ( 11.16388455651764744, 17.04080462639354465, 6.665003030900908065 ) ) ;
#6496 = EDGE_CURVE ( 'NONE', #2598, #1043, #1140, .T. ) ;
#6497 = CARTESIAN_POINT ( 'NONE',  ( 0.3389122302890524296, 3.976587152145215853, -14.99691962856143768 ) ) ;
#6498 = EDGE_LOOP ( 'NONE', ( #543, #4645, #6455, #7154 ) ) ;
#6499 = CARTESIAN_POINT ( 'NONE',  ( 6.430557091759974142, 4.009120202429369506, 12.56464002369162358 ) ) ;
#6500 = CARTESIAN_POINT ( 'NONE',  ( -10.98956092519347827, 16.05090863755782848, 7.613363466404671875 ) ) ;
#6501 = CARTESIAN_POINT ( 'NONE',  ( 5.887744247026406974, 16.26662723198549898, 11.80480987754776478 ) ) ;
#6502 = CYLINDRICAL_SURFACE ( 'NONE', #3073, 2.000000000000000000 ) ;
#6503 = CARTESIAN_POINT ( 'NONE',  ( 13.92109796348639961, 4.622023400374319912, 5.635094047349853419 ) ) ;
#6504 = CARTESIAN_POINT ( 'NONE',  ( -1.503199260806056037, 15.39467919224386172, -13.67790699948800892 ) ) ;
#6505 = ORIENTED_EDGE ( 'NONE', *, *, #5455, .T. ) ;
#6506 = ORIENTED_EDGE ( 'NONE', *, *, #5270, .F. ) ;
#6507 = AXIS2_PLACEMENT_3D ( 'NONE', #3053, #5377, #4693 ) ;
#6508 = CARTESIAN_POINT ( 'NONE',  ( 5.722962273937826083, 4.365020954408578291, 13.06551536726733609 ) ) ;
#6509 = CARTESIAN_POINT ( 'NONE',  ( 2.913725428659460714, 4.837498224088173870, 14.71428571580636202 ) ) ;
#6510 = CARTESIAN_POINT ( 'NONE',  ( 10.86268544665659697, 15.67656118341502847, -9.195833372817576290 ) ) ;
#6511 = CARTESIAN_POINT ( 'NONE',  ( 14.88806037025014994, 3.283103708752145078, -1.834884427857401246 ) ) ;
#6512 = AXIS2_PLACEMENT_3D ( 'NONE', #7330, #4429, #1527 ) ;
#6513 = CARTESIAN_POINT ( 'NONE',  ( -11.58564825859532199, 3.769298623094739842, -9.528235109122082491 ) ) ;
#6514 = CARTESIAN_POINT ( 'NONE',  ( 14.08911725517983271, 15.73442561444140253, -1.854719358720263944 ) ) ;
#6515 = CARTESIAN_POINT ( 'NONE',  ( -8.647868597510580457, 4.918749111900989845, -11.35257835715679420 ) ) ;
#6516 = ORIENTED_EDGE ( 'NONE', *, *, #2244, .T. ) ;
#6517 = FACE_OUTER_BOUND ( 'NONE', #2350, .T. ) ;
#6518 = CARTESIAN_POINT ( 'NONE',  ( -12.66045427126317513, 3.928673933947111951, -8.045895536473164356 ) ) ;
#6519 = CARTESIAN_POINT ( 'NONE',  ( 5.507686957097266855, 3.999999999999996447, -13.16556307376510304 ) ) ;
#6520 = DIRECTION ( 'NONE',  ( 0.8660254037844387076, -0.000000000000000000, 0.5000000000000001110 ) ) ;
#6521 = CIRCLE ( 'NONE', #908, 2.000000000000000000 ) ;
#6522 = DIRECTION ( 'NONE',  ( 0.000000000000000000, 1.000000000000000000, 0.000000000000000000 ) ) ;
#6523 = PLANE ( 'NONE',  #531 ) ;
#6524 = CARTESIAN_POINT ( 'NONE',  ( 6.999999999999996447, 3.999999999999996447, -12.12435565298214257 ) ) ;
#6525 = CARTESIAN_POINT ( 'NONE',  ( -8.647868598458273937, 3.999999999999996447, 11.35257835782100777 ) ) ;
#6526 = CARTESIAN_POINT ( 'NONE',  ( -5.634874627187269169, 4.622770957791546564, -13.92119497317551335 ) ) ;
#6527 = CARTESIAN_POINT ( 'NONE',  ( -7.149155784348651288, 17.20258509324224860, 10.50898663122624654 ) ) ;
#6528 = CARTESIAN_POINT ( 'NONE',  ( -10.97806587819272650, 17.32149913304451161, 6.010537559296543542 ) ) ;
#6529 = DIRECTION ( 'NONE',  ( 0.000000000000000000, 1.000000000000000000, 0.000000000000000000 ) ) ;
#6530 = CARTESIAN_POINT ( 'NONE',  ( -13.52442721853766905, 3.902453538974662628, 6.492379252587029193 ) ) ;
#6531 = ORIENTED_EDGE ( 'NONE', *, *, #227, .T. ) ;
#6532 = ADVANCED_FACE ( 'NONE', ( #2772 ), #2740, .F. ) ;
#6533 = CARTESIAN_POINT ( 'NONE',  ( 13.02624339616719062, 17.01783092815863796, 0.3749774612345271319 ) ) ;
#6534 = CARTESIAN_POINT ( 'NONE',  ( 13.22641951363637958, 15.90511541514480776, 4.822588124110275487 ) ) ;
#6535 = CARTESIAN_POINT ( 'NONE',  ( 2.847014573794681332E-15, 4.999999999999996447, 12.99999999999999822 ) ) ;
#6536 = CARTESIAN_POINT ( 'NONE',  ( 1.199855898772530738, 4.107372228728923602, -14.17268607725504204 ) ) ;
#6537 = ORIENTED_EDGE ( 'NONE', *, *, #5926, .T. ) ;
#6538 = CARTESIAN_POINT ( 'NONE',  ( -12.67238372010115199, 16.48407345658080203, 4.921429083350533418 ) ) ;
#6539 = CARTESIAN_POINT ( 'NONE',  ( -1.879358871058405489, 4.283487441372428428, 14.89466674995229667 ) ) ;
#6540 = CARTESIAN_POINT ( 'NONE',  ( 5.826492595920605311, 16.85085737450784649, 11.87866946341441299 ) ) ;
#6541 = CARTESIAN_POINT ( 'NONE',  ( -14.71428571433919963, 13.28474984484111943, 2.913725436068638874 ) ) ;
#6542 = EDGE_CURVE ( 'NONE', #5169, #5317, #6765, .T. ) ;
#6543 = CARTESIAN_POINT ( 'NONE',  ( 4.813279525059153130, 14.40389851827507250, -14.00299574718657070 ) ) ;
#6544 = ORIENTED_EDGE ( 'NONE', *, *, #1787, .T. ) ;
#6545 = CARTESIAN_POINT ( 'NONE',  ( 12.88157013839157372, 17.03592563587022823, -1.362230027217701478 ) ) ;
#6546 = ORIENTED_EDGE ( 'NONE', *, *, #2885, .T. ) ;
#6547 = CARTESIAN_POINT ( 'NONE',  ( 0.2706243894559377527, 17.32253131846998073, -12.51106549706211801 ) ) ;
#6548 = CYLINDRICAL_SURFACE ( 'NONE', #6971, 2.000000000000000000 ) ;
#6549 = ADVANCED_FACE ( 'NONE', ( #7387 ), #938, .T. ) ;
#6550 = ORIENTED_EDGE ( 'NONE', *, *, #505, .T. ) ;
#6551 = CARTESIAN_POINT ( 'NONE',  ( 9.264501580313915241, 15.55953571197783702, 10.89759891132423064 ) ) ;
#6552 = CARTESIAN_POINT ( 'NONE',  ( -7.349618540579252901, 3.999999999531959727, -13.07720383296340749 ) ) ;
#6553 = CARTESIAN_POINT ( 'NONE',  ( -9.033086712658091599, 3.283103708752213912, -11.97599627978425829 ) ) ;
#6554 = EDGE_LOOP ( 'NONE', ( #58, #3059, #1211, #7212 ) ) ;
#6555 = CARTESIAN_POINT ( 'NONE',  ( 15.00000000000000000, 3.999999999999996447, -1.734723475976807094E-15 ) ) ;
#6556 = CARTESIAN_POINT ( 'NONE',  ( -11.95948035083303829, 4.283487441372503035, -9.074905900140580073 ) ) ;
#6557 = LINE ( 'NONE', #749, #3558 ) ;
#6558 = CARTESIAN_POINT ( 'NONE',  ( 0.7120143532423243160, 16.93155670826557824, 13.11798104881622251 ) ) ;
#6559 = CYLINDRICAL_SURFACE ( 'NONE', #5131, 0.9999999999999991118 ) ;
#6560 = CARTESIAN_POINT ( 'NONE',  ( 8.637084506622793256, 13.45280265710910861, -11.34486526957684482 ) ) ;
#6561 = DIRECTION ( 'NONE',  ( 0.000000000000000000, -1.000000000000000000, 0.000000000000000000 ) ) ;
#6562 = CARTESIAN_POINT ( 'NONE',  ( -14.19980794528324708, -2.000000000000000000, 4.833782609620628001 ) ) ;
#6563 = FACE_OUTER_BOUND ( 'NONE', #6342, .T. ) ;
#6564 = CARTESIAN_POINT ( 'NONE',  ( -4.822588124110150254, 15.90511541514515947, 13.22641951363612733 ) ) ;
#6565 = CARTESIAN_POINT ( 'NONE',  ( 13.24343948118286640, 16.16451511327516144, 0.9593535021593563306 ) ) ;
#6566 = CARTESIAN_POINT ( 'NONE',  ( -11.53231680505836287, 17.17617608777598903, 5.447331539530417821 ) ) ;
#6567 = CARTESIAN_POINT ( 'NONE',  ( 13.75223431385990303, 3.214744458955211215, -5.991820929612811319 ) ) ;
#6568 = CARTESIAN_POINT ( 'NONE',  ( 5.169659568624045853, 3.901549709546961786, -14.08126787375660882 ) ) ;
#6569 = ORIENTED_EDGE ( 'NONE', *, *, #3876, .T. ) ;
#6570 = CARTESIAN_POINT ( 'NONE',  ( 11.42492099134810069, 17.21418835519348178, 5.533279581122065416 ) ) ;
#6571 = CARTESIAN_POINT ( 'NONE',  ( -12.25765215827344434, 3.999742238278481743, 6.791635881554133114 ) ) ;
#6572 = DIRECTION ( 'NONE',  ( 1.000000000000000000, -0.000000000000000000, 1.224646799147353207E-16 ) ) ;
#6573 = EDGE_LOOP ( 'NONE', ( #2638, #2979, #4253, #2974, #4830, #6650 ) ) ;
#6574 = EDGE_CURVE ( 'NONE', #1940, #6257, #5673, .T. ) ;
#6575 = CARTESIAN_POINT ( 'NONE',  ( -0.9786888362279232423, 4.030426008847133090, 14.15105461707703860 ) ) ;
#6576 = CARTESIAN_POINT ( 'NONE',  ( -10.71906454797935204, 17.32506065368716364, 6.448782413678089576 ) ) ;
#6577 = CARTESIAN_POINT ( 'NONE',  ( 4.825069057849765031, 15.88150506235271031, 13.23645800307823173 ) ) ;
#6578 = CARTESIAN_POINT ( 'NONE',  ( -13.32392067085670639, 16.05090863755783559, 1.098585707554045499 ) ) ;
#6579 = CARTESIAN_POINT ( 'NONE',  ( 14.19980794528324708, 4.999999999999996447, -4.833782609620621784 ) ) ;
#6580 = CARTESIAN_POINT ( 'NONE',  ( 14.07539411463698542, 15.53957261684852043, 2.576335165359393553 ) ) ;
#6581 = CARTESIAN_POINT ( 'NONE',  ( 4.820265302179774558, 14.13100405513718982, -14.07624042755579552 ) ) ;
#6582 = ORIENTED_EDGE ( 'NONE', *, *, #6151, .F. ) ;
#6583 = VERTEX_POINT ( 'NONE', #5094 ) ;
#6584 = EDGE_CURVE ( 'NONE', #7289, #4502, #7038, .T. ) ;
#6585 = DIRECTION ( 'NONE',  ( -0.000000000000000000, 1.000000000000000000, -0.000000000000000000 ) ) ;
#6586 = CARTESIAN_POINT ( 'NONE',  ( -11.84182618412648047, 16.24674421573911332, -5.855977661587376204 ) ) ;
#6587 = CARTESIAN_POINT ( 'NONE',  ( 0.000000000000000000, 2.000000000000000000, 0.000000000000000000 ) ) ;
#6588 = ORIENTED_EDGE ( 'NONE', *, *, #1530, .F. ) ;
#6589 = CARTESIAN_POINT ( 'NONE',  ( 8.624056149033549445, 16.38381850098475567, 10.63117458930020476 ) ) ;
#6590 = DIRECTION ( 'NONE',  ( 0.000000000000000000, -1.000000000000000000, 0.000000000000000000 ) ) ;
#6591 = CARTESIAN_POINT ( 'NONE',  ( 14.95868716918111652, 3.902453538974800740, 1.139648245525397119 ) ) ;
#6592 = EDGE_CURVE ( 'NONE', #2449, #6208, #5399, .T. ) ;
#6593 = ORIENTED_EDGE ( 'NONE', *, *, #6808, .F. ) ;
#6594 = CARTESIAN_POINT ( 'NONE',  ( -5.463925371249511720, 3.563653805202690705, 13.96994130788609212 ) ) ;
#6595 = CARTESIAN_POINT ( 'NONE',  ( 11.85979707659788218, 4.008548059588027179, -7.637215013118386686 ) ) ;
#6596 = CARTESIAN_POINT ( 'NONE',  ( 8.647868598458281042, 12.99999999999999822, -11.35257835782100422 ) ) ;
#6597 = CARTESIAN_POINT ( 'NONE',  ( -5.723916369023289263, 4.363762369312536471, 13.06503500914743476 ) ) ;
#6598 = CARTESIAN_POINT ( 'NONE',  ( -7.050282969972302638, 16.37135068137266813, -11.03589809421297829 ) ) ;
#6599 = AXIS2_PLACEMENT_3D ( 'NONE', #1547, #6165, #2626 ) ;
#6600 = CARTESIAN_POINT ( 'NONE',  ( -4.830547525282153920, 13.57088042692321750, 14.17495449819312370 ) ) ;
#6601 = DIRECTION ( 'NONE',  ( 0.000000000000000000, 0.000000000000000000, -1.000000000000000000 ) ) ;
#6602 = CARTESIAN_POINT ( 'NONE',  ( 12.70861558903410682, 4.033568272321486070, -6.264574649163873410 ) ) ;
#6603 = AXIS2_PLACEMENT_3D ( 'NONE', #6778, #1543, #5053 ) ;
#6604 = DIRECTION ( 'NONE',  ( -0.000000000000000000, -1.000000000000000000, 0.000000000000000000 ) ) ;
#6605 = CIRCLE ( 'NONE', #494, 0.9999999999999991118 ) ;
#6606 = ORIENTED_EDGE ( 'NONE', *, *, #3734, .F. ) ;
#6607 = CARTESIAN_POINT ( 'NONE',  ( 7.650381459523665661, 3.999999999531326900, -12.90355828074810596 ) ) ;
#6608 = FACE_OUTER_BOUND ( 'NONE', #1684, .T. ) ;
#6609 = AXIS2_PLACEMENT_3D ( 'NONE', #6941, #4647, #5830 ) ;
#6610 = CARTESIAN_POINT ( 'NONE',  ( -2.746563468617594594, 4.214198939173036784, -14.74663051908748201 ) ) ;
#6611 = ORIENTED_EDGE ( 'NONE', *, *, #5366, .F. ) ;
#6612 = CARTESIAN_POINT ( 'NONE',  ( -2.913725436338733044, 12.99999999999999822, -14.71428571428571352 ) ) ;
#6613 = CARTESIAN_POINT ( 'NONE',  ( -11.00869046065134249, 16.31414662415538785, 7.194693019358236796 ) ) ;
#6614 = CARTESIAN_POINT ( 'NONE',  ( 9.451046401015526399, 15.19381013832879290, 10.99883013190544467 ) ) ;
#6615 = CARTESIAN_POINT ( 'NONE',  ( -13.36973646937682680, 16.67762755837701860, 1.196860455546127300 ) ) ;
#6616 = CARTESIAN_POINT ( 'NONE',  ( 12.99038105676658184, 2.999999999999996447, 7.499999999999995559 ) ) ;
#6617 = VERTEX_POINT ( 'NONE', #7007 ) ;
#6618 = CARTESIAN_POINT ( 'NONE',  ( 14.71428571428571530, 13.54176985573761449, -2.913725436338733932 ) ) ;
#6619 = ORIENTED_EDGE ( 'NONE', *, *, #2720, .T. ) ;
#6620 = CARTESIAN_POINT ( 'NONE',  ( 2.913725436338731267, 4.999999999999996447, -14.71428571428571530 ) ) ;
#6621 = DIRECTION ( 'NONE',  ( 0.000000000000000000, 0.000000000000000000, 1.000000000000000000 ) ) ;
#6622 = CARTESIAN_POINT ( 'NONE',  ( -11.07334215543260747, 15.48721136097239715, -8.105187603451362577 ) ) ;
#6623 = CARTESIAN_POINT ( 'NONE',  ( -12.99038105676658006, 4.999999999999996447, -7.499999999999999112 ) ) ;
#6624 = ADVANCED_FACE ( 'NONE', ( #671 ), #3292, .T. ) ;
#6625 = CARTESIAN_POINT ( 'NONE',  ( 4.799360541889948095, 15.08930232780942049, 13.76155985353909017 ) ) ;
#6626 = CARTESIAN_POINT ( 'NONE',  ( -5.855162107008635708, 4.231589228635312061, -12.99428358905414349 ) ) ;
#6627 = CARTESIAN_POINT ( 'NONE',  ( 14.02001806337984391, 3.999546503159470134, 0.3188172893899572369 ) ) ;
#6628 = CARTESIAN_POINT ( 'NONE',  ( 14.03082172838353259, 3.997967014936480545, -0.3942786948736254349 ) ) ;
#6629 = CARTESIAN_POINT ( 'NONE',  ( -12.04344560076559389, 3.999999999999996447, -7.140140322219016511 ) ) ;
#6630 = CARTESIAN_POINT ( 'NONE',  ( -6.298924805798126414, 3.945968001676245951, 13.61765310953871655 ) ) ;
#6631 = CARTESIAN_POINT ( 'NONE',  ( -0.3103165659696742740, 16.44440290119746706, 13.01864680235456717 ) ) ;
#6632 = CARTESIAN_POINT ( 'NONE',  ( 8.183535350661852448, 15.30520404997198725, -11.11026002088124365 ) ) ;
#6633 = EDGE_CURVE ( 'NONE', #3282, #5919, #5671, .T. ) ;
#6634 = CIRCLE ( 'NONE', #5525, 15.00000000000000000 ) ;
#6635 = DIRECTION ( 'NONE',  ( 0.000000000000000000, 1.000000000000000000, 0.000000000000000000 ) ) ;
#6636 = CARTESIAN_POINT ( 'NONE',  ( 14.08130672538107575, 3.901733890749974787, -5.169552048494979068 ) ) ;
#6637 = CARTESIAN_POINT ( 'NONE',  ( -5.575156141383475372, 16.55014497691213293, -12.35469225475041632 ) ) ;
#6638 = CARTESIAN_POINT ( 'NONE',  ( 14.17532585509061072, 13.56600332138692444, -4.830602448065317134 ) ) ;
#6639 = TOROIDAL_SURFACE ( 'NONE', #5656, 0.9999999999999995559, 1.000000000000000000 ) ;
#6640 = CARTESIAN_POINT ( 'NONE',  ( 13.98509868429530911, 14.51205696741441997, 1.725106533900575556 ) ) ;
#6641 = CARTESIAN_POINT ( 'NONE',  ( 13.73333333333333250, -2.000000000000000000, -2.719477073916152232 ) ) ;
#6642 = CARTESIAN_POINT ( 'NONE',  ( 13.16556307376510304, 3.999999999999996447, 5.507686957097267744 ) ) ;
#6643 = CARTESIAN_POINT ( 'NONE',  ( 4.942102663815796326, 4.343064212564020643, -14.16254569571054667 ) ) ;
#6644 = ORIENTED_EDGE ( 'NONE', *, *, #1034, .F. ) ;
#6645 = EDGE_CURVE ( 'NONE', #2912, #4550, #567, .T. ) ;
#6646 = FACE_OUTER_BOUND ( 'NONE', #1658, .T. ) ;
#6647 = CARTESIAN_POINT ( 'NONE',  ( -13.16556307376509771, 3.999999999999996447, 5.507686957097282843 ) ) ;
#6648 = AXIS2_PLACEMENT_3D ( 'NONE', #6096, #3088, #6131 ) ;
#6649 = CARTESIAN_POINT ( 'NONE',  ( -1.730140639936882829, 4.141511870957417685, -14.90938969717448614 ) ) ;
#6650 = ORIENTED_EDGE ( 'NONE', *, *, #4418, .T. ) ;
#6651 = CARTESIAN_POINT ( 'NONE',  ( -11.80280946324033664, 13.27382815172647490, 9.290267668508040089 ) ) ;
#6652 = CARTESIAN_POINT ( 'NONE',  ( 8.265978463461255643, 15.14124894725558512, 11.14118446248720851 ) ) ;
#6653 = CARTESIAN_POINT ( 'NONE',  ( -13.70826508604517358, 15.32409233017483174, 1.530472923343760172 ) ) ;
#6654 = CARTESIAN_POINT ( 'NONE',  ( -5.859318228221971125, 16.24369136711734285, -11.84230556654266309 ) ) ;
#6655 = DIRECTION ( 'NONE',  ( 0.000000000000000000, 0.000000000000000000, 1.000000000000000000 ) ) ;
#6656 = ORIENTED_EDGE ( 'NONE', *, *, #4216, .F. ) ;
#6657 = CARTESIAN_POINT ( 'NONE',  ( -13.16556307376510304, 3.999999999999996447, -5.507686957097270408 ) ) ;
#6658 = CARTESIAN_POINT ( 'NONE',  ( 14.19233137127069710, 4.665349315078853643, 4.855904608909658471 ) ) ;
#6659 = CARTESIAN_POINT ( 'NONE',  ( 12.99038105676657651, 3.999999999999996447, -7.500000000000005329 ) ) ;
#6660 = CARTESIAN_POINT ( 'NONE',  ( 7.493756013627293378, 17.08802487472234688, 10.47611640602089622 ) ) ;
#6661 = CARTESIAN_POINT ( 'NONE',  ( 14.96657772217472449, 3.894656027646364649, 1.022762606118600370 ) ) ;
#6662 = CARTESIAN_POINT ( 'NONE',  ( -11.28608250894451892, -2.000000000000000000, -9.880503104665097069 ) ) ;
#6663 = FACE_OUTER_BOUND ( 'NONE', #5488, .T. ) ;
#6664 = CARTESIAN_POINT ( 'NONE',  ( -11.85134581379612939, 4.009120202429364177, -7.666018904043561122 ) ) ;
#6665 = EDGE_CURVE ( 'NONE', #2183, #4640, #2302, .T. ) ;
#6666 =( BOUNDED_SURFACE ( )  B_SPLINE_SURFACE ( 3, 2, ( 
 ( #5050, #4560, #7382 ),
 ( #6230, #6892, #5622 ),
 ( #6273, #3952, #4480 ),
 ( #5013, #1045, #3372 ),
 ( #1115, #507, #3411 ),
 ( #1660, #4598, #5744 ),
 ( #1574, #4025, #6345 ),
 ( #2111, #3334, #3450 ),
 ( #362, #1005, #3993 ),
 ( #5087, #1618, #5705 ),
 ( #7344, #4443, #3910 ),
 ( #7419, #6773, #2186 ),
 ( #3295, #1538, #3877 ),
 ( #397, #2151, #468 ),
 ( #2797, #5120, #7460 ),
 ( #2229, #6308, #1081 ),
 ( #4833, #6669, #1322 ),
 ( #1435, #2621, #4943 ),
 ( #7165, #7200, #3661 ),
 ( #6631, #3769, #1971 ),
 ( #4298, #5977, #4365 ),
 ( #214, #5405, #2543 ),
 ( #295, #1894, #750 ),
 ( #3084, #5518, #1930 ),
 ( #1402, #862, #1466 ),
 ( #6094, #6558, #7274 ),
 ( #3699, #3121, #137 ),
 ( #3737, #1361, #2474 ),
 ( #4870, #177, #4227 ),
 ( #902, #4261, #3231 ),
 ( #6056, #2508, #2040 ),
 ( #6019, #827, #5441 ),
 ( #6702, #789, #3805 ),
 ( #3156, #5479, #255 ),
 ( #2584, #3194, #6129 ),
 ( #4908, #4796, #7127 ),
 ( #2007, #4332, #2804 ),
 ( #1010, #2655, #7308 ),
 ( #4978, #3880, #5668 ),
 ( #7385, #4522, #3957 ) ),
 .UNSPECIFIED., .F., .F., .T. ) 
 B_SPLINE_SURFACE_WITH_KNOTS ( ( 4, 2, 2, 2, 2, 2, 2, 2, 2, 2, 2, 2, 2, 2, 2, 2, 2, 2, 2, 4 ),
 ( 3, 3 ),
 ( 0.000000000000000000, 0.0006748142658293167099, 0.001349628531658633420, 0.002024442797487950238, 0.002361849930402608322, 0.002699257063317266839, 0.003374071329146583441, 0.004048885594975900476, 0.004386292727890558560, 0.004723699860805216644, 0.005398514126634533679, 0.005735921259549192630, 0.006073328392463850714, 0.006748142658293166882, 0.007422956924122483917, 0.008097771189951800952, 0.008772585455781117120, 0.009447399721610433287, 0.01012221398743974946, 0.01079702825326906736 ),
 ( 0.000000000000000000, 1.000000000000000000 ),
 .UNSPECIFIED. ) 
 GEOMETRIC_REPRESENTATION_ITEM ( )  RATIONAL_B_SPLINE_SURFACE ( (
 ( 1.000000000000000000, 0.7867957924694435334, 1.000000000000000000),
 ( 1.000000000000000000, 0.7867893510871446505, 1.000000000000000000),
 ( 1.000000000000000000, 0.7886154144826954537, 1.000000000000000000),
 ( 1.000000000000000000, 0.7953661699509902983, 1.000000000000000000),
 ( 1.000000000000000000, 0.8003370620003338320, 1.000000000000000000),
 ( 1.000000000000000000, 0.8122778712297566983, 1.000000000000000000),
 ( 1.000000000000000000, 0.8191018390051167941, 1.000000000000000000),
 ( 1.000000000000000000, 0.8294273880737570437, 1.000000000000000000),
 ( 1.000000000000000000, 0.8328837475270070012, 1.000000000000000000),
 ( 1.000000000000000000, 0.8396202395222878145, 1.000000000000000000),
 ( 1.000000000000000000, 0.8429190808683572067, 1.000000000000000000),
 ( 1.000000000000000000, 0.8520089025836387053, 1.000000000000000000),
 ( 1.000000000000000000, 0.8570195765217549777, 1.000000000000000000),
 ( 1.000000000000000000, 0.8641253354133737741, 1.000000000000000000),
 ( 1.000000000000000000, 0.8660656719303808648, 1.000000000000000000),
 ( 1.000000000000000000, 0.8672705396855483473, 1.000000000000000000),
 ( 1.000000000000000000, 0.8674005837561500343, 1.000000000000000000),
 ( 1.000000000000000000, 0.8673400669030462140, 1.000000000000000000),
 ( 1.000000000000000000, 0.8671565711264516141, 1.000000000000000000),
 ( 1.000000000000000000, 0.8665197314968650089, 1.000000000000000000),
 ( 1.000000000000000000, 0.8660366921799467210, 1.000000000000000000),
 ( 1.000000000000000000, 0.8660201165652652300, 1.000000000000000000),
 ( 1.000000000000000000, 0.8661157520136485433, 1.000000000000000000),
 ( 1.000000000000000000, 0.8664506541182318555, 1.000000000000000000),
 ( 1.000000000000000000, 0.8666907191152414258, 1.000000000000000000),
 ( 1.000000000000000000, 0.8673394484498462287, 1.000000000000000000),
 ( 1.000000000000000000, 0.8676850451489409588, 1.000000000000000000),
 ( 1.000000000000000000, 0.8661932981187711045, 1.000000000000000000),
 ( 1.000000000000000000, 0.8643369046394678845, 1.000000000000000000),
 ( 1.000000000000000000, 0.8574128041483407570, 1.000000000000000000),
 ( 1.000000000000000000, 0.8524249261066415562, 1.000000000000000000),
 ( 1.000000000000000000, 0.8404064465175010712, 1.000000000000000000),
 ( 1.000000000000000000, 0.8333831374745696019, 1.000000000000000000),
 ( 1.000000000000000000, 0.8194743686560271856, 1.000000000000000000),
 ( 1.000000000000000000, 0.8124799750443099100, 1.000000000000000000),
 ( 1.000000000000000000, 0.8005275974376551140, 1.000000000000000000),
 ( 1.000000000000000000, 0.7955347744211700434, 1.000000000000000000),
 ( 1.000000000000000000, 0.7886441666173678033, 1.000000000000000000),
 ( 1.000000000000000000, 0.7867760218660134752, 1.000000000000000000),
 ( 1.000000000000000000, 0.7867957924694433114, 1.000000000000000000) ) ) 
 REPRESENTATION_ITEM ( '' )  SURFACE ( )  );
#6667 = CARTESIAN_POINT ( 'NONE',  ( -11.35257835782100422, 12.99999999999999822, -8.647868598458282818 ) ) ;
#6668 = CARTESIAN_POINT ( 'NONE',  ( -5.554211726779421987, 4.683386901737485175, 13.14537582726230447 ) ) ;
#6669 = CARTESIAN_POINT ( 'NONE',  ( -0.8934441286780727687, 16.85085737450765464, 13.20047581643559198 ) ) ;
#6670 = CARTESIAN_POINT ( 'NONE',  ( -12.12435565298214080, 3.999999999999996447, -6.999999999999998224 ) ) ;
#6671 = CARTESIAN_POINT ( 'NONE',  ( -0.6841236772254829512, 4.008548059588028067, -14.08949305862138068 ) ) ;
#6672 = CARTESIAN_POINT ( 'NONE',  ( -5.931909150103447104, 16.30222877997778852, -11.74681108925788564 ) ) ;
#6673 = B_SPLINE_CURVE_WITH_KNOTS ( 'NONE', 3,
 ( #3711, #1416, #3778, #6681, #7318, #2052, #6711, #5418, #7214, #342, #3132, #876, #3815, #190, #7175, #765 ),
 .UNSPECIFIED., .F., .F.,
 ( 4, 2, 2, 2, 2, 2, 2, 4 ),
 ( 0.000000000000000000, 0.0009985881523668640406, 0.001497882228550294868, 0.001997176304733725479, 0.002496470380917156090, 0.002995764457100587135, 0.003495058533284015143, 0.003994352609467444019 ),
 .UNSPECIFIED. ) ;
#6674 = CARTESIAN_POINT ( 'NONE',  ( 13.81103180583536094, 14.92702988626225746, -4.803105831280773508 ) ) ;
#6675 = ADVANCED_FACE ( 'NONE', ( #4512 ), #465, .F. ) ;
#6676 = CARTESIAN_POINT ( 'NONE',  ( 13.35690207752231906, 15.99964016520268117, -1.150495484292055393 ) ) ;
#6677 = CARTESIAN_POINT ( 'NONE',  ( 1.812984715944103709, 4.999999999999996447, 14.15555555555555323 ) ) ;
#6678 = CARTESIAN_POINT ( 'NONE',  ( -2.144203081401760080, 4.903143899974545583, 14.86666666624124211 ) ) ;
#6679 = CARTESIAN_POINT ( 'NONE',  ( 5.006887361964765581, 4.186732713191919864, -14.13996336390422215 ) ) ;
#6680 = ORIENTED_EDGE ( 'NONE', *, *, #3413, .T. ) ;
#6681 = CARTESIAN_POINT ( 'NONE',  ( 12.37061866345957029, 3.060284748218929263, -8.484993807777193808 ) ) ;
#6682 = CARTESIAN_POINT ( 'NONE',  ( 4.859130905515654852, 16.19641629605645150, -12.97364189279319824 ) ) ;
#6683 = CARTESIAN_POINT ( 'NONE',  ( -1.604255563316726807, 4.399910688984971507, -14.17502145141663306 ) ) ;
#6684 = ORIENTED_EDGE ( 'NONE', *, *, #2010, .T. ) ;
#6685 = ADVANCED_FACE ( 'NONE', ( #2763 ), #4082, .T. ) ;
#6686 = CARTESIAN_POINT ( 'NONE',  ( -2.220904921670405319, 3.536346359595049726, 14.83516400972701454 ) ) ;
#6687 = CARTESIAN_POINT ( 'NONE',  ( 9.860596930282634176, 13.57088042692305052, 11.27085412017902577 ) ) ;
#6688 = CARTESIAN_POINT ( 'NONE',  ( 2.104724298144763139, 14.33182026815232568, -14.69589870403965470 ) ) ;
#6689 = CARTESIAN_POINT ( 'NONE',  ( -5.506256855431477248, 13.47532254724830914, -13.15115290247168822 ) ) ;
#6690 = CARTESIAN_POINT ( 'NONE',  ( 14.39363719349679371, 14.84133297373236715, -2.762366374622553522 ) ) ;
#6691 = EDGE_LOOP ( 'NONE', ( #5002, #2827, #5337, #3136 ) ) ;
#6692 = CARTESIAN_POINT ( 'NONE',  ( 2.801320315619495460, 4.343291071816128834, -14.73616886760517808 ) ) ;
#6693 = FACE_OUTER_BOUND ( 'NONE', #4603, .T. ) ;
#6694 = DIRECTION ( 'NONE',  ( 0.000000000000000000, -1.000000000000000000, 0.000000000000000000 ) ) ;
#6695 = CARTESIAN_POINT ( 'NONE',  ( -10.53546128695868944, 16.69940669386571841, -8.224718819026328731 ) ) ;
#6696 = CARTESIAN_POINT ( 'NONE',  ( 11.23168994277516219, 14.06732362297316463, 9.812706173326970926 ) ) ;
#6697 = CARTESIAN_POINT ( 'NONE',  ( 14.97634282415380724, 3.018240399783463257, 0.8592839642174767700 ) ) ;
#6698 = EDGE_LOOP ( 'NONE', ( #1565, #6089, #4670, #5839 ) ) ;
#6699 = LINE ( 'NONE', #7421, #3568 ) ;
#6700 = CARTESIAN_POINT ( 'NONE',  ( -14.95576692697448529, 3.060284748218928819, 1.162910856758916367 ) ) ;
#6701 = CARTESIAN_POINT ( 'NONE',  ( -5.244929883552516436, 3.799821379378589103, 14.05362768558297049 ) ) ;
#6702 = CARTESIAN_POINT ( 'NONE',  ( 1.587955105248918253, 15.14124894725558157, 13.78153800449305066 ) ) ;
#6703 = CARTESIAN_POINT ( 'NONE',  ( -14.86666666624124034, 4.903143899974541142, -2.144203081401446109 ) ) ;
#6704 = CARTESIAN_POINT ( 'NONE',  ( -5.787212894204178504, 4.292873783416802702, 13.03236350314076830 ) ) ;
#6705 = CARTESIAN_POINT ( 'NONE',  ( -8.095376221225099117E-16, 3.999999999999996447, -13.99999999999999822 ) ) ;
#6706 = CARTESIAN_POINT ( 'NONE',  ( -6.037578807499043521, 17.32944964589895775, -10.94908792175475476 ) ) ;
#6707 = CARTESIAN_POINT ( 'NONE',  ( -5.485008887374952735, 16.27517960485690196, 12.66917735554598501 ) ) ;
#6708 = CARTESIAN_POINT ( 'NONE',  ( 13.60097973664736770, 15.56139645840794827, -1.434127838001066246 ) ) ;
#6709 = DIRECTION ( 'NONE',  ( 8.673617379884039416E-16, 0.000000000000000000, 1.000000000000000000 ) ) ;
#6710 = VERTEX_POINT ( 'NONE', #2521 ) ;
#6711 = CARTESIAN_POINT ( 'NONE',  ( 11.99816152185699103, 3.264955391823474606, -9.003634839779500965 ) ) ;
#6712 = CIRCLE ( 'NONE', #4387, 1.000000000000000000 ) ;
#6713 = B_SPLINE_CURVE_WITH_KNOTS ( 'NONE', 3,
 ( #4520, #3956, #5202, #6276, #1049, #2305, #2346, #5708 ),
 .UNSPECIFIED., .F., .F.,
 ( 4, 2, 2, 4 ),
 ( 0.000000000000000000, 0.0002232061486183163472, 0.0004464122972366326944, 0.0008928245944732653887 ),
 .UNSPECIFIED. ) ;
#6714 = CARTESIAN_POINT ( 'NONE',  ( 6.028280352454859603, 17.33111043878623292, -10.95168844787417406 ) ) ;
#6715 = EDGE_CURVE ( 'NONE', #475, #5169, #1871, .T. ) ;
#6716 = CARTESIAN_POINT ( 'NONE',  ( -0.7077529355356406704, 4.008811356518035218, -14.09538817276224165 ) ) ;
#6717 = ORIENTED_EDGE ( 'NONE', *, *, #4935, .F. ) ;
#6718 = CIRCLE ( 'NONE', #3298, 2.000000000000001776 ) ;
#6719 = AXIS2_PLACEMENT_3D ( 'NONE', #6040, #2492, #1910 ) ;
#6720 = CARTESIAN_POINT ( 'NONE',  ( -11.14118446248727778, 15.14124894725578230, 8.265978463461422621 ) ) ;
#6721 = CARTESIAN_POINT ( 'NONE',  ( 6.316279372298284400, 3.096679977797670347, 13.60624047146665028 ) ) ;
#6722 = ORIENTED_EDGE ( 'NONE', *, *, #5496, .F. ) ;
#6723 = CARTESIAN_POINT ( 'NONE',  ( -8.640512722226331377, 4.847707533011536007, 11.35813716664365280 ) ) ;
#6724 = CARTESIAN_POINT ( 'NONE',  ( 7.499999999999997335, 3.999999999999996447, -12.99038105676658184 ) ) ;
#6725 = EDGE_CURVE ( 'NONE', #1374, #3690, #6521, .T. ) ;
#6726 = AXIS2_PLACEMENT_3D ( 'NONE', #2241, #7471, #6204 ) ;
#6727 = CIRCLE ( 'NONE', #2580, 2.000000000000000000 ) ;
#6728 = FACE_OUTER_BOUND ( 'NONE', #661, .T. ) ;
#6729 = VERTEX_POINT ( 'NONE', #4205 ) ;
#6730 = CARTESIAN_POINT ( 'NONE',  ( -13.03271057284534429, 16.42815922429076636, 0.3726201907537337599 ) ) ;
#6731 = CARTESIAN_POINT ( 'NONE',  ( -1.812984715944101266, 12.99999999999999645, -14.15555555555555500 ) ) ;
#6732 = CARTESIAN_POINT ( 'NONE',  ( -4.859130905515646859, 16.19641629605644439, 12.97364189279320001 ) ) ;
#6733 = CARTESIAN_POINT ( 'NONE',  ( 12.99038105676657651, 4.231561273113040755, -5.860076627227644330 ) ) ;
#6734 = CARTESIAN_POINT ( 'NONE',  ( -10.69431115584769110, 17.32149913304451161, -6.502015155285763015 ) ) ;
#6735 = CARTESIAN_POINT ( 'NONE',  ( 11.03714807796688646, 15.08930232780941516, 9.518180157919941209 ) ) ;
#6736 = CARTESIAN_POINT ( 'NONE',  ( 14.93844109617767479, 3.105261479425882598, 1.367056799069365169 ) ) ;
#6737 = ORIENTED_EDGE ( 'NONE', *, *, #6592, .T. ) ;
#6738 = DIRECTION ( 'NONE',  ( 0.000000000000000000, 0.000000000000000000, -1.000000000000000000 ) ) ;
#6739 = CARTESIAN_POINT ( 'NONE',  ( -14.19980794528324708, 13.54063028116373246, 4.833782609620628001 ) ) ;
#6740 = CARTESIAN_POINT ( 'NONE',  ( 5.799888830031909137, 4.281826903305204546, -13.02484736735301674 ) ) ;
#6741 = CARTESIAN_POINT ( 'NONE',  ( 11.82969226874961777, 4.014779309274778107, -7.731024673472110642 ) ) ;
#6742 = CARTESIAN_POINT ( 'NONE',  ( 12.56868702405183669, 15.44055723353447540, -5.543441448030343111 ) ) ;
#6743 = CARTESIAN_POINT ( 'NONE',  ( 13.73677955585926291, 3.199223961955118156, -6.027109780817413665 ) ) ;
#6744 = CARTESIAN_POINT ( 'NONE',  ( -7.979470232669691576, 15.65293292630048860, -11.04589275569559170 ) ) ;
#6745 = CARTESIAN_POINT ( 'NONE',  ( 11.35517035961763810, 17.23293512505061287, -5.602673495379772994 ) ) ;
#6746 = CARTESIAN_POINT ( 'NONE',  ( -13.29571659393481298, 3.929555441587424980, -6.946010022589387489 ) ) ;
#6747 = DIRECTION ( 'NONE',  ( 0.000000000000000000, 0.000000000000000000, 1.000000000000000000 ) ) ;
#6748 = AXIS2_PLACEMENT_3D ( 'NONE', #6440, #6561, #2399 ) ;
#6749 = CARTESIAN_POINT ( 'NONE',  ( 0.000000000000000000, 2.000000000000000000, 0.000000000000000000 ) ) ;
#6750 = CARTESIAN_POINT ( 'NONE',  ( 1.812984715944103709, 3.999999999999996447, 14.15555555555555323 ) ) ;
#6751 = CARTESIAN_POINT ( 'NONE',  ( 13.94701254168406024, 12.99999999999999645, 5.576398997336192487 ) ) ;
#6752 = CARTESIAN_POINT ( 'NONE',  ( 8.333526826816607169, 16.62025081957874306, -10.55839432582751414 ) ) ;
#6753 = AXIS2_PLACEMENT_3D ( 'NONE', #1570, #791, #4477 ) ;
#6754 = CARTESIAN_POINT ( 'NONE',  ( -8.560797109984276787, 14.11544024326044600, 11.29406329479239091 ) ) ;
#6755 = VERTEX_POINT ( 'NONE', #6535 ) ;
#6756 = EDGE_CURVE ( 'NONE', #1443, #5152, #7254, .T. ) ;
#6757 = CARTESIAN_POINT ( 'NONE',  ( -11.27085412017899735, 13.57088042692324059, 9.860596930282619965 ) ) ;
#6758 = CARTESIAN_POINT ( 'NONE',  ( 4.833782609620622672, 4.830693141506386290, 14.19980794528324353 ) ) ;
#6759 = ORIENTED_EDGE ( 'NONE', *, *, #3612, .T. ) ;
#6760 = CARTESIAN_POINT ( 'NONE',  ( 1.766836126494520265, 14.11544024326044777, -14.06134428023158023 ) ) ;
#6761 = VECTOR ( 'NONE', #1546, 1000.000000000000000 ) ;
#6762 = CARTESIAN_POINT ( 'NONE',  ( -6.434308133928388962, 16.46637393989337284, -11.29383504869796973 ) ) ;
#6763 = DIRECTION ( 'NONE',  ( 0.000000000000000000, 0.000000000000000000, -1.000000000000000000 ) ) ;
#6764 = ORIENTED_EDGE ( 'NONE', *, *, #2093, .T. ) ;
#6765 = B_SPLINE_CURVE_WITH_KNOTS ( 'NONE', 3,
 ( #3849, #2077, #4408, #401, #7426, #6314, #1582, #6280, #5591, #3344, #3961, #2120, #2844, #3380, #476, #2194, #3918, #972, #3302, #6817, #6900, #2808, #6742, #6164, #7310, #2736 ),
 .UNSPECIFIED., .F., .F.,
 ( 4, 2, 2, 2, 2, 2, 2, 2, 2, 2, 2, 2, 4 ),
 ( 0.000000000000000000, 0.0009736937420016208208, 0.001947387484003241642, 0.002921081226004862245, 0.003407928097005670596, 0.003894774968006478946, 0.004381621839007287730, 0.004868468710008096514, 0.005355315581008905298, 0.005842162452009714083, 0.006329009323010521999, 0.006815856194011334253, 0.007789549936012952688 ),
 .UNSPECIFIED. ) ;
#6766 = CARTESIAN_POINT ( 'NONE',  ( 1.648759596344095746, 3.199223961955117712, -14.90995495196954224 ) ) ;
#6767 = EDGE_CURVE ( 'NONE', #7404, #1106, #1986, .T. ) ;
#6768 = CARTESIAN_POINT ( 'NONE',  ( -1.919414054034228601, 15.52528394055977046, -14.21134241428239164 ) ) ;
#6769 = CARTESIAN_POINT ( 'NONE',  ( 13.14827393120948607, 4.706239700329128972, -5.547622351867188328 ) ) ;
#6770 = CARTESIAN_POINT ( 'NONE',  ( -10.60013029777100968, 17.29005908467787478, -6.754087555003695620 ) ) ;
#6771 = CARTESIAN_POINT ( 'NONE',  ( 8.592739860026597398, 15.81384338419789692, -11.24631383074807367 ) ) ;
#6772 = CARTESIAN_POINT ( 'NONE',  ( -11.96036768013098950, 4.281769720007535973, 9.073675486470849094 ) ) ;
#6773 = CARTESIAN_POINT ( 'NONE',  ( -1.694662614951620627, 16.09491777460652528, 13.85063983462136505 ) ) ;
#6774 = ORIENTED_EDGE ( 'NONE', *, *, #3976, .T. ) ;
#6775 = DIRECTION ( 'NONE',  ( 0.000000000000000000, 1.000000000000000000, 0.000000000000000000 ) ) ;
#6776 = DIRECTION ( 'NONE',  ( 0.000000000000000000, 0.000000000000000000, 1.000000000000000000 ) ) ;
#6777 = ADVANCED_FACE ( 'NONE', ( #1942 ), #2340, .F. ) ;
#6778 = CARTESIAN_POINT ( 'NONE',  ( 13.25315408226436631, 4.999999999999996447, 4.511530435645904724 ) ) ;
#6779 = CARTESIAN_POINT ( 'NONE',  ( 6.861206263002924466, 3.999999999999996447, -12.20448825481030219 ) ) ;
#6780 = CARTESIAN_POINT ( 'NONE',  ( -14.16133527209279563, 4.683386901737486951, 1.762599460242749716 ) ) ;
#6781 = DIRECTION ( 'NONE',  ( -0.000000000000000000, -1.000000000000000000, -0.000000000000000000 ) ) ;
#6782 = LINE ( 'NONE', #3303, #2573 ) ;
#6783 = CARTESIAN_POINT ( 'NONE',  ( -10.65999408113096614, 16.30140306170808273, -8.707976690686644261 ) ) ;
#6784 = CARTESIAN_POINT ( 'NONE',  ( 9.880503104665095293, 4.999999999999996447, -11.28608250894451714 ) ) ;
#6785 = CARTESIAN_POINT ( 'NONE',  ( 10.47682450565892331, 16.94059604637910965, -7.837209032922636709 ) ) ;
#6786 = CARTESIAN_POINT ( 'NONE',  ( -9.494769824515454815, 15.09020611454484140, -11.02497696838600660 ) ) ;
#6787 = CARTESIAN_POINT ( 'NONE',  ( -14.08879175549154361, 3.932679644397246932, -5.149045486691733231 ) ) ;
#6788 = CYLINDRICAL_SURFACE ( 'NONE', #5747, 1.000000000000000000 ) ;
#6789 = CARTESIAN_POINT ( 'NONE',  ( -2.080652912303271318, 4.622770957791471957, 14.87354581139989307 ) ) ;
#6790 = DIRECTION ( 'NONE',  ( 0.000000000000000000, -1.000000000000000000, 0.000000000000000000 ) ) ;
#6791 = CARTESIAN_POINT ( 'NONE',  ( 9.279839397602932749, 4.808246761477508180, -11.81045228642502032 ) ) ;
#6792 = CARTESIAN_POINT ( 'NONE',  ( 1.032224813435316246, 17.17288801481306493, 12.71420802059320820 ) ) ;
#6793 = CARTESIAN_POINT ( 'NONE',  ( 8.880628351283652577, 3.198062733046426409, 12.08966082165346378 ) ) ;
#6794 = ORIENTED_EDGE ( 'NONE', *, *, #5540, .F. ) ;
#6795 = CARTESIAN_POINT ( 'NONE',  ( -11.78554563124076893, 13.54770619938557275, 9.275282972438704476 ) ) ;
#6796 = CARTESIAN_POINT ( 'NONE',  ( 12.35600457841095157, 3.064958436848771672, -8.506336627523941374 ) ) ;
#6797 = VERTEX_POINT ( 'NONE', #154 ) ;
#6798 = DIRECTION ( 'NONE',  ( -0.000000000000000000, -1.000000000000000000, -0.000000000000000000 ) ) ;
#6799 = FACE_OUTER_BOUND ( 'NONE', #675, .T. ) ;
#6800 = ADVANCED_FACE ( 'NONE', ( #5197, #2487 ), #4811, .F. ) ;
#6801 = CARTESIAN_POINT ( 'NONE',  ( 11.47296853163097907, 16.42815922429076991, 6.193656735266931612 ) ) ;
#6802 = ORIENTED_EDGE ( 'NONE', *, *, #6992, .T. ) ;
#6803 = CARTESIAN_POINT ( 'NONE',  ( -12.99038105676657118, 4.231561273113036314, 5.860076627227654100 ) ) ;
#6804 = CARTESIAN_POINT ( 'NONE',  ( -9.862967201992431043, 4.665349315078855419, -11.30150243530505705 ) ) ;
#6805 = FACE_OUTER_BOUND ( 'NONE', #3536, .T. ) ;
#6806 = CARTESIAN_POINT ( 'NONE',  ( -8.673617379884035472E-16, 4.999999999999996447, -13.00000000000000178 ) ) ;
#6807 = CARTESIAN_POINT ( 'NONE',  ( 10.95168844787417761, 17.33111043878623292, 6.028280352454859603 ) ) ;
#6808 = EDGE_CURVE ( 'NONE', #1357, #2183, #4846, .T. ) ;
#6809 = DIRECTION ( 'NONE',  ( -0.000000000000000000, 1.000000000000000000, -0.000000000000000000 ) ) ;
#6810 = DIRECTION ( 'NONE',  ( -0.000000000000000000, 1.000000000000000000, -0.000000000000000000 ) ) ;
#6811 = CARTESIAN_POINT ( 'NONE',  ( 8.217554131982973686, 15.23985382751209272, -11.12254486216851035 ) ) ;
#6812 = CARTESIAN_POINT ( 'NONE',  ( 0.8845349570448184373, 16.21793438737955029, -13.20421645689495982 ) ) ;
#6813 = CARTESIAN_POINT ( 'NONE',  ( 3.827021247335478803E-16, 7.000000000000000000, 3.125000000000000000 ) ) ;
#6814 = CARTESIAN_POINT ( 'NONE',  ( 4.934216562120268712, 4.366773803862665559, -14.16528503307112885 ) ) ;
#6815 = CARTESIAN_POINT ( 'NONE',  ( -14.71428571580632472, 4.837498224088173870, 2.913725428659660555 ) ) ;
#6816 = VERTEX_POINT ( 'NONE', #309 ) ;
#6817 = CARTESIAN_POINT ( 'NONE',  ( 12.18753344760806456, 15.95108361078324144, -5.663902760741637010 ) ) ;
#6818 = CARTESIAN_POINT ( 'NONE',  ( -12.99038105676658006, 2.999999999999996447, -7.499999999999999112 ) ) ;
#6819 = ADVANCED_FACE ( 'NONE', ( #6174 ), #5568, .T. ) ;
#6820 = CARTESIAN_POINT ( 'NONE',  ( -12.82815360405781746, 17.08425122492148063, -1.281480512897970048 ) ) ;
#6821 = CARTESIAN_POINT ( 'NONE',  ( 5.507686957097268632, 13.47717428654189398, -13.16556307376510659 ) ) ;
#6822 = CARTESIAN_POINT ( 'NONE',  ( 11.66343347332319702, 16.94927187726873541, -5.996502656565579237 ) ) ;
#6823 = CARTESIAN_POINT ( 'NONE',  ( 2.724549893879946184E-15, 4.999999999999996447, 13.99999999999999822 ) ) ;
#6824 = CARTESIAN_POINT ( 'NONE',  ( -13.35671214268725571, 3.907900456521021137, -6.827827030295815725 ) ) ;
#6825 = FACE_OUTER_BOUND ( 'NONE', #86, .T. ) ;
#6826 = ORIENTED_EDGE ( 'NONE', *, *, #7361, .T. ) ;
#6827 = CARTESIAN_POINT ( 'NONE',  ( -12.99038105676658006, 2.999999999999996447, -7.499999999999998224 ) ) ;
#6828 = CARTESIAN_POINT ( 'NONE',  ( 8.582601359236196714, 4.607737795638445988, -11.40069275130137960 ) ) ;
#6829 = CARTESIAN_POINT ( 'NONE',  ( 5.536409825609895030, 15.38796119888014324, 12.60081483958443016 ) ) ;
#6830 = CARTESIAN_POINT ( 'NONE',  ( -8.637084506622564106, 13.45280265710891321, 11.34486526957669739 ) ) ;
#6831 = ORIENTED_EDGE ( 'NONE', *, *, #5278, .F. ) ;
#6832 = CARTESIAN_POINT ( 'NONE',  ( -2.801286392880044662, 4.343064212564025084, -14.73617568665119038 ) ) ;
#6833 = CIRCLE ( 'NONE', #7442, 1.000000000000000000 ) ;
#6834 = CARTESIAN_POINT ( 'NONE',  ( 11.56877396729909435, 4.230181196864346127, -8.324284977840115118 ) ) ;
#6835 = ORIENTED_EDGE ( 'NONE', *, *, #6198, .F. ) ;
#6836 = CARTESIAN_POINT ( 'NONE',  ( -8.415545559297910927, 4.307627381600813266, 11.51573910970474834 ) ) ;
#6837 = CARTESIAN_POINT ( 'NONE',  ( 2.458091484875678301, 3.768420980672144260, 14.79771196371506647 ) ) ;
#6838 = AXIS2_PLACEMENT_3D ( 'NONE', #6875, #2287, #4617 ) ;
#6839 = AXIS2_PLACEMENT_3D ( 'NONE', #2003, #5015, #3190 ) ;
#6840 = CARTESIAN_POINT ( 'NONE',  ( 10.99282232758099376, 15.99296674015738695, 7.682250149368123004 ) ) ;
#6841 = ORIENTED_EDGE ( 'NONE', *, *, #1438, .F. ) ;
#6842 = CARTESIAN_POINT ( 'NONE',  ( -11.48957448928546654, 4.363762369312535583, 8.452694034743089446 ) ) ;
#6843 = CARTESIAN_POINT ( 'NONE',  ( 4.803105831280721105, 14.92702988626220240, 13.81103180583540357 ) ) ;
#6844 = CARTESIAN_POINT ( 'NONE',  ( -13.31924880523214405, 15.78240327593547221, -4.814093954405697318 ) ) ;
#6845 = CARTESIAN_POINT ( 'NONE',  ( 5.154591656430763003, 16.94059604637897820, -12.02563437010948455 ) ) ;
#6846 = CIRCLE ( 'NONE', #264, 1.000000000000000000 ) ;
#6847 = AXIS2_PLACEMENT_3D ( 'NONE', #4476, #5581, #1612 ) ;
#6848 = CARTESIAN_POINT ( 'NONE',  ( -11.35876031310481160, 4.839185763299965970, 8.639696812090623013 ) ) ;
#6849 = ORIENTED_EDGE ( 'NONE', *, *, #2522, .F. ) ;
#6850 = CARTESIAN_POINT ( 'NONE',  ( 12.51255271458230212, 17.32149913304450806, 0.2837547223450542777 ) ) ;
#6851 = CARTESIAN_POINT ( 'NONE',  ( -14.15555555555555500, 3.999999999999996447, -1.812984715944100822 ) ) ;
#6852 = AXIS2_PLACEMENT_3D ( 'NONE', #5165, #3102, #4599 ) ;
#6853 = CARTESIAN_POINT ( 'NONE',  ( 12.81562211415662311, 2.999092996133977618, 7.796753953435472617 ) ) ;
#6854 = CARTESIAN_POINT ( 'NONE',  ( 1.724855873310697119, 14.51397202351663118, -13.98465678813565027 ) ) ;
#6855 = LINE ( 'NONE', #3375, #5014 ) ;
#6856 = CARTESIAN_POINT ( 'NONE',  ( 1.671628424915175382, 16.84813042596033483, -13.08826902741983922 ) ) ;
#6857 = CARTESIAN_POINT ( 'NONE',  ( 6.298924805798133519, 3.945968001676174897, -13.61765310953884622 ) ) ;
#6858 = DIRECTION ( 'NONE',  ( 0.000000000000000000, 1.000000000000000000, 0.000000000000000000 ) ) ;
#6859 = EDGE_CURVE ( 'NONE', #2158, #646, #3222, .T. ) ;
#6860 = ORIENTED_EDGE ( 'NONE', *, *, #2491, .T. ) ;
#6861 = CARTESIAN_POINT ( 'NONE',  ( -2.913725436338731711, 12.99999999999999822, 14.71428571428571708 ) ) ;
#6862 = DIRECTION ( 'NONE',  ( 0.000000000000000000, 0.000000000000000000, 1.000000000000000000 ) ) ;
#6863 = CARTESIAN_POINT ( 'NONE',  ( -13.51889534091835010, 16.38381850098475923, 2.153064414076344413 ) ) ;
#6864 = CARTESIAN_POINT ( 'NONE',  ( -13.05932101221031871, 14.12311881470150965, -5.500487948794226867 ) ) ;
#6865 = CARTESIAN_POINT ( 'NONE',  ( 12.19007913430858281, 16.66860712098378272, -5.642418855328660499 ) ) ;
#6866 = FACE_OUTER_BOUND ( 'NONE', #6068, .T. ) ;
#6867 = B_SPLINE_CURVE_WITH_KNOTS ( 'NONE', 3,
 ( #5635, #3269, #1056, #5755, #7354, #442, #2811, #2701, #6904, #942, #5059, #6820, #1510, #5024, #2775, #1587, #3851, #5096, #3924, #6242, #5594, #1016, #7428, #4531, #478, #6863, #7505, #1628, #2847, #5133, #2123, #1671, #1089, #4570 ),
 .UNSPECIFIED., .F., .F.,
 ( 4, 2, 2, 2, 2, 2, 2, 2, 2, 2, 2, 2, 2, 2, 2, 2, 4 ),
 ( 0.000000000000000000, 0.001600104633265881336, 0.003200209266531762672, 0.004000261583164702039, 0.004400287741481175192, 0.004800313899797648345, 0.005600366216430589447, 0.006000392374747059131, 0.006400418533063527947, 0.007200470849696467314, 0.007600497008012936997, 0.008000523166329405814, 0.008800575482962338242, 0.009600627799595268935, 0.01040068011622820830, 0.01120073243286114767, 0.01280083706612702814 ),
 .UNSPECIFIED. ) ;
#6868 = CARTESIAN_POINT ( 'NONE',  ( -5.169552048494974628, 3.901733890749975231, -14.08130672538107930 ) ) ;
#6869 = DIRECTION ( 'NONE',  ( 0.8660254037844381525, 0.000000000000000000, -0.5000000000000007772 ) ) ;
#6870 = CARTESIAN_POINT ( 'NONE',  ( -13.60430984361095419, 3.095467947649503060, -6.320459823088500073 ) ) ;
#6871 = CARTESIAN_POINT ( 'NONE',  ( 8.381027943893503362, 4.282960109847537389, -11.53458889730157466 ) ) ;
#6872 = CARTESIAN_POINT ( 'NONE',  ( 2.492602502540078646, 15.77728590453275004, 13.94492207225265545 ) ) ;
#6873 = CARTESIAN_POINT ( 'NONE',  ( -0.5891771324458081605, 4.003770645890966762, -14.06838897340256089 ) ) ;
#6874 = AXIS2_PLACEMENT_3D ( 'NONE', #1533, #6083, #1998 ) ;
#6875 = CARTESIAN_POINT ( 'NONE',  ( -9.221802897687425116, 4.999999999999996447, -10.53367700834821186 ) ) ;
#6876 = CARTESIAN_POINT ( 'NONE',  ( 2.602085213965210642E-15, 3.999999999999996447, 15.00000000000000000 ) ) ;
#6877 = CARTESIAN_POINT ( 'NONE',  ( 12.12435565298213724, 3.999999999999996447, -7.000000000000004441 ) ) ;
#6878 = ORIENTED_EDGE ( 'NONE', *, *, #6198, .T. ) ;
#6879 = CARTESIAN_POINT ( 'NONE',  ( -1.196860455546109980, 16.67762755837701505, -13.36973646937723004 ) ) ;
#6880 = CARTESIAN_POINT ( 'NONE',  ( 2.890828935965646718, 4.665349315078853643, 14.71887181090209218 ) ) ;
#6881 = AXIS2_PLACEMENT_3D ( 'NONE', #5328, #3542, #5179 ) ;
#6882 = CARTESIAN_POINT ( 'NONE',  ( 10.98947827310648506, 16.16451511327515789, 7.452544244670998630 ) ) ;
#6883 = ORIENTED_EDGE ( 'NONE', *, *, #4489, .T. ) ;
#6884 = CIRCLE ( 'NONE', #6753, 1.999999999999999556 ) ;
#6885 = CARTESIAN_POINT ( 'NONE',  ( 5.506399272653933252, 13.45280265710871781, 13.15236723215651793 ) ) ;
#6886 = CARTESIAN_POINT ( 'NONE',  ( -13.91382181467926138, 14.74415884604111326, -1.681148059118286131 ) ) ;
#6887 = CARTESIAN_POINT ( 'NONE',  ( 5.438324546047281771, 15.73442561444179333, -13.12889313924356927 ) ) ;
#6888 = CARTESIAN_POINT ( 'NONE',  ( -11.40085280317539329, 4.607099469528417757, 8.582380787265391220 ) ) ;
#6889 = ORIENTED_EDGE ( 'NONE', *, *, #4334, .T. ) ;
#6890 = AXIS2_PLACEMENT_3D ( 'NONE', #4116, #7544, #6484 ) ;
#6891 = CARTESIAN_POINT ( 'NONE',  ( -8.647868598458288147, 4.922974328501222629, -11.35257835782100422 ) ) ;
#6892 = CARTESIAN_POINT ( 'NONE',  ( -2.144203076937679864, 13.27412191024541244, 14.86666666386239122 ) ) ;
#6893 = CARTESIAN_POINT ( 'NONE',  ( 12.63360089696126742, 3.007811910147806245, 8.088366383860922326 ) ) ;
#6894 = CARTESIAN_POINT ( 'NONE',  ( 6.733905159912493055, 3.999546503159471023, 12.30110044909864975 ) ) ;
#6895 = LINE ( 'NONE', #1664, #7208 ) ;
#6896 = CARTESIAN_POINT ( 'NONE',  ( -7.500000000000001776, 4.999999999999996447, -12.99038105676657828 ) ) ;
#6897 = FACE_OUTER_BOUND ( 'NONE', #3938, .T. ) ;
#6898 = CARTESIAN_POINT ( 'NONE',  ( -14.18099463524098525, 4.230181196864275073, 1.424655275500948726 ) ) ;
#6899 = ORIENTED_EDGE ( 'NONE', *, *, #588, .F. ) ;
#6900 = CARTESIAN_POINT ( 'NONE',  ( 12.29356802746172228, 15.83173754932058408, -5.622683165375219616 ) ) ;
#6901 = ORIENTED_EDGE ( 'NONE', *, *, #3394, .F. ) ;
#6902 = CARTESIAN_POINT ( 'NONE',  ( 5.634874627187271834, 4.622770957791475510, 13.92119497317565191 ) ) ;
#6903 = CARTESIAN_POINT ( 'NONE',  ( -9.275282972438489537, 13.54770619938543241, -11.78554563124056997 ) ) ;
#6904 = CARTESIAN_POINT ( 'NONE',  ( -13.23633652460688204, 16.69940669386571841, -1.855084792781404035 ) ) ;
#6905 = CARTESIAN_POINT ( 'NONE',  ( -13.16556307303877382, 13.22779987598785922, -5.507686957033405051 ) ) ;
#6906 = EDGE_CURVE ( 'NONE', #7105, #7078, #3471, .T. ) ;
#6907 = B_SPLINE_CURVE_WITH_KNOTS ( 'NONE', 3,
 ( #5732, #6371, #424, #390, #5190, #4624, #4588, #1650, #2177, #1072, #495, #3985, #6801, #2721, #3439, #1105, #7407, #4051, #3400, #6299, #5612, #5151, #6882, #6840, #1608, #5112, #2294, #5041, #7487, #7374, #2142, #4471 ),
 .UNSPECIFIED., .F., .F.,
 ( 4, 2, 2, 2, 2, 2, 2, 2, 2, 2, 2, 2, 2, 2, 2, 4 ),
 ( 0.000000000000000000, 0.001151124732941978925, 0.002302249465883957850, 0.002877811832354943734, 0.003453374198825925282, 0.004028936565296906830, 0.004316717748532396086, 0.004604498931767883607, 0.004892280115003371996, 0.005180061298238860384, 0.005467842481474350508, 0.005755623664709838896, 0.006331186031180806133, 0.006906748397651778573, 0.008057873130593737332, 0.009208997863535694356 ),
 .UNSPECIFIED. ) ;
#6908 = CARTESIAN_POINT ( 'NONE',  ( 11.74681108925788386, 16.30222877997778852, -5.931909150103449768 ) ) ;
#6909 = DIRECTION ( 'NONE',  ( 0.000000000000000000, 0.000000000000000000, 1.000000000000000000 ) ) ;
#6910 = DIRECTION ( 'NONE',  ( 0.000000000000000000, -1.000000000000000000, 0.000000000000000000 ) ) ;
#6911 = CARTESIAN_POINT ( 'NONE',  ( -1.032224813435313804, 17.17288801481307203, -12.71420802059321531 ) ) ;
#6912 = CARTESIAN_POINT ( 'NONE',  ( 11.24114334916060010, 17.26706329440287746, -5.708137817676028014 ) ) ;
#6913 = CARTESIAN_POINT ( 'NONE',  ( 5.503307297825576150, 13.76263167335937965, 13.12907311497088791 ) ) ;
#6914 = EDGE_CURVE ( 'NONE', #3582, #5393, #5420, .T. ) ;
#6915 = CARTESIAN_POINT ( 'NONE',  ( 9.003634839779500965, 3.264955391823474606, 11.99816152185699103 ) ) ;
#6916 = CARTESIAN_POINT ( 'NONE',  ( -9.880503104665089964, 12.99999999999999822, 11.28608250894452247 ) ) ;
#6917 = CARTESIAN_POINT ( 'NONE',  ( 11.80280946417324017, 4.999999999999996447, -9.290267669330471989 ) ) ;
#6918 = ORIENTED_EDGE ( 'NONE', *, *, #4802, .F. ) ;
#6919 = CARTESIAN_POINT ( 'NONE',  ( 2.688748776146575370, 15.18019855795803252, -14.25672345635989835 ) ) ;
#6920 = CARTESIAN_POINT ( 'NONE',  ( 11.78580921560632255, 13.54305173103450244, 9.275500598737883351 ) ) ;
#6921 = ADVANCED_FACE ( 'NONE', ( #6106 ), #2020, .T. ) ;
#6922 = CARTESIAN_POINT ( 'NONE',  ( -11.35257835782099001, 13.38415849608138686, 8.647868598458291700 ) ) ;
#6923 = ORIENTED_EDGE ( 'NONE', *, *, #2375, .T. ) ;
#6924 = APPLICATION_PROTOCOL_DEFINITION ( 'draft international standard', 'automotive_design', 1998, #1229 ) ;
#6925 = CARTESIAN_POINT ( 'NONE',  ( -7.789322928541744240, 2.999999999999996447, -12.82334038609027083 ) ) ;
#6926 = CARTESIAN_POINT ( 'NONE',  ( -14.06134428023161220, 14.11544024326025060, -1.766836126494540027 ) ) ;
#6927 = CARTESIAN_POINT ( 'NONE',  ( 6.991272282419028983, 16.38634809853055785, -11.05473896030385639 ) ) ;
#6928 = CARTESIAN_POINT ( 'NONE',  ( -12.26385545311833170, 3.945968001676244175, 8.643771129885669424 ) ) ;
#6929 = ORIENTED_EDGE ( 'NONE', *, *, #5313, .T. ) ;
#6930 = CARTESIAN_POINT ( 'NONE',  ( -11.29258996243489754, 16.46435542854636935, -6.440191516407209882 ) ) ;
#6931 = CARTESIAN_POINT ( 'NONE',  ( -11.99816152185698925, 3.264955391823473718, 9.003634839779504517 ) ) ;
#6932 = CYLINDRICAL_SURFACE ( 'NONE', #2212, 0.9999999999999991118 ) ;
#6933 = CARTESIAN_POINT ( 'NONE',  ( -14.13993337288814978, 4.186591583603316735, 5.006970310142147440 ) ) ;
#6934 = CARTESIAN_POINT ( 'NONE',  ( 1.802816763713405823, 4.839185763299918008, 14.15682339269240941 ) ) ;
#6935 = CARTESIAN_POINT ( 'NONE',  ( -14.90641731977670581, 3.212026121888199803, 1.680760848228577853 ) ) ;
#6936 = CARTESIAN_POINT ( 'NONE',  ( 12.02447810734921241, 3.999999999999997335, 7.172992983571512049 ) ) ;
#6937 = CARTESIAN_POINT ( 'NONE',  ( -11.35257835685628258, 13.22805048829252073, -8.647868597081801667 ) ) ;
#6938 = CARTESIAN_POINT ( 'NONE',  ( 14.21134241428180012, 15.52528394056037264, -1.919414054034128458 ) ) ;
#6939 = CARTESIAN_POINT ( 'NONE',  ( -13.15216728767387977, 13.45670434138513194, -5.506375568535516685 ) ) ;
#6940 = CARTESIAN_POINT ( 'NONE',  ( -7.796753953435326068, 2.999092996133977618, 12.81562211415671193 ) ) ;
#6941 = CARTESIAN_POINT ( 'NONE',  ( 2.719477073916153564, -2.000000000000000000, 13.73333333333333073 ) ) ;
#6942 = CARTESIAN_POINT ( 'NONE',  ( -14.71428571428571708, -2.000000000000000000, 2.913725436338733488 ) ) ;
#6943 = CARTESIAN_POINT ( 'NONE',  ( -13.73568016460669128, 3.198062733046427297, -6.029639219047525422 ) ) ;
#6944 = CARTESIAN_POINT ( 'NONE',  ( 14.19980794528324175, 13.54063028116373602, -4.833782609620621784 ) ) ;
#6945 = CARTESIAN_POINT ( 'NONE',  ( 6.183950248364934232, 16.42540762683184141, 11.48141093746805019 ) ) ;
#6946 = CARTESIAN_POINT ( 'NONE',  ( -7.505290728564023794, 17.08328403755364988, 10.47624050218304959 ) ) ;
#6947 = CARTESIAN_POINT ( 'NONE',  ( -9.518180157919934103, 15.08930232780941871, 11.03714807796689001 ) ) ;
#6948 = CARTESIAN_POINT ( 'NONE',  ( -13.32153121202025048, 3.007811910147806245, 6.896836126111898224 ) ) ;
#6949 = EDGE_LOOP ( 'NONE', ( #5113, #7002, #4290, #1311 ) ) ;
#6950 = CARTESIAN_POINT ( 'NONE',  ( -0.2252771197338780118, 17.32506065368711745, -12.50737341019440407 ) ) ;
#6951 = EDGE_CURVE ( 'NONE', #4547, #1073, #3723, .T. ) ;
#6952 = CARTESIAN_POINT ( 'NONE',  ( 10.47624050218312775, 17.08328403755362501, 7.505290728563969616 ) ) ;
#6953 = ORIENTED_EDGE ( 'NONE', *, *, #1687, .T. ) ;
#6954 = DIRECTION ( 'NONE',  ( 0.000000000000000000, 1.000000000000000000, 0.000000000000000000 ) ) ;
#6955 = CARTESIAN_POINT ( 'NONE',  ( 5.576398996430981470, 13.27412191024554211, 13.94701253896859683 ) ) ;
#6956 = CARTESIAN_POINT ( 'NONE',  ( -12.99976554019338515, 16.46435542854636935, 0.06892552277182438514 ) ) ;
#6957 = ADVANCED_FACE ( 'NONE', ( #6608 ), #6037, .T. ) ;
#6958 = CARTESIAN_POINT ( 'NONE',  ( 5.648356675400569848, 16.67762755837622990, -12.17696165215689952 ) ) ;
#6959 = CARTESIAN_POINT ( 'NONE',  ( -11.97599627978437020, 3.283103708752143302, 9.033086712657947714 ) ) ;
#6960 = AXIS2_PLACEMENT_3D ( 'NONE', #3919, #2195, #6862 ) ;
#6961 = CARTESIAN_POINT ( 'NONE',  ( -10.50898663122632648, 17.20258509324222729, -7.149155784348602438 ) ) ;
#6962 = CARTESIAN_POINT ( 'NONE',  ( -7.643571516726508364, 4.007725254572979345, -11.85689803100657258 ) ) ;
#6963 = ORIENTED_EDGE ( 'NONE', *, *, #3029, .F. ) ;
#6964 = CARTESIAN_POINT ( 'NONE',  ( 12.04344560076578752, 3.999999999999996447, 7.140140322219125757 ) ) ;
#6965 = CARTESIAN_POINT ( 'NONE',  ( -14.19980794528324530, 4.999999999999996447, 4.833782609620627113 ) ) ;
#6966 = LINE ( 'NONE', #7076, #875 ) ;
#6967 = CARTESIAN_POINT ( 'NONE',  ( -5.497098340336695976, 14.88492211286573408, 12.85355780278465687 ) ) ;
#6968 = ORIENTED_EDGE ( 'NONE', *, *, #3029, .T. ) ;
#6969 = CARTESIAN_POINT ( 'NONE',  ( 14.17244227421765856, 4.106013060889049271, -1.196539283530195341 ) ) ;
#6970 = CIRCLE ( 'NONE', #5868, 0.9999999999999991118 ) ;
#6971 = AXIS2_PLACEMENT_3D ( 'NONE', #6659, #3074, #1922 ) ;
#6972 = CARTESIAN_POINT ( 'NONE',  ( 13.57425954478408947, 16.31616615544946214, -2.201154012253625059 ) ) ;
#6973 = CARTESIAN_POINT ( 'NONE',  ( -7.544436850728187594, 4.003770645890957880, -11.88899367506474825 ) ) ;
#6974 = ORIENTED_EDGE ( 'NONE', *, *, #3175, .F. ) ;
#6975 = CARTESIAN_POINT ( 'NONE',  ( -9.207321662249505323, 4.531312346189692697, 11.86343696072320952 ) ) ;
#6976 = CARTESIAN_POINT ( 'NONE',  ( 14.74902666381159477, 4.186591583603316735, 2.733803201866534582 ) ) ;
#6977 = CARTESIAN_POINT ( 'NONE',  ( -11.35257835782100422, 3.999999999999996447, -8.647868598458282818 ) ) ;
#6978 = CARTESIAN_POINT ( 'NONE',  ( 12.49462744172041440, 4.003675905963880233, -6.508408901825330162 ) ) ;
#6979 = CARTESIAN_POINT ( 'NONE',  ( -12.99038105676657828, 3.999999999999996447, -7.499999999999997335 ) ) ;
#6980 = DIRECTION ( 'NONE',  ( 1.156335439753954780E-16, 0.000000000000000000, -1.000000000000000000 ) ) ;
#6981 = DIRECTION ( 'NONE',  ( 0.000000000000000000, -1.000000000000000000, 0.000000000000000000 ) ) ;
#6982 = CARTESIAN_POINT ( 'NONE',  ( -5.499610408097366232, 14.54162390953149497, -12.95536764865292056 ) ) ;
#6983 = CARTESIAN_POINT ( 'NONE',  ( -8.592739860026593846, 15.81384338419808699, 11.24631383074808078 ) ) ;
#6984 = CARTESIAN_POINT ( 'NONE',  ( -0.1977689937940439735, 16.45601103265699550, 13.00754794416320514 ) ) ;
#6985 = CARTESIAN_POINT ( 'NONE',  ( -9.880503104665089964, 13.54063028116373246, 11.28608250894452425 ) ) ;
#6986 = CARTESIAN_POINT ( 'NONE',  ( -13.61946885658514184, 3.947308199542675755, 6.295095963415475282 ) ) ;
#6987 = ORIENTED_EDGE ( 'NONE', *, *, #4583, .T. ) ;
#6988 = CARTESIAN_POINT ( 'NONE',  ( -0.3695734121417826312, 16.42786290564318818, -13.03302827739182135 ) ) ;
#6989 = CARTESIAN_POINT ( 'NONE',  ( 13.83974260910959053, 14.08273162050432958, 5.542833822479630079 ) ) ;
#6990 = CARTESIAN_POINT ( 'NONE',  ( 0.5940292051308209142, 4.003905949981408696, -14.06938859829319632 ) ) ;
#6991 = ORIENTED_EDGE ( 'NONE', *, *, #1723, .T. ) ;
#6992 = EDGE_CURVE ( 'NONE', #7037, #1374, #2554, .T. ) ;
#6993 = CARTESIAN_POINT ( 'NONE',  ( 11.50283326547882723, 3.934431103140404673, 9.627642411143542134 ) ) ;
#6994 = CARTESIAN_POINT ( 'NONE',  ( -13.51260599674327700, 15.06777341069414966, 5.468483964995196622 ) ) ;
#6995 = CARTESIAN_POINT ( 'NONE',  ( 6.343038717575391061, 17.33044428562120487, 10.77107284725304126 ) ) ;
#6996 = CARTESIAN_POINT ( 'NONE',  ( -13.78463168105722225, 15.12475765911630177, -1.589010866700782953 ) ) ;
#6997 = CIRCLE ( 'NONE', #4920, 1.000000000000000000 ) ;
#6998 = CARTESIAN_POINT ( 'NONE',  ( 5.528704111602637639, 15.32409233017463990, -12.63694226799833942 ) ) ;
#6999 = CARTESIAN_POINT ( 'NONE',  ( 6.379301686953487760, 4.014779309274778996, -12.61010989888595546 ) ) ;
#7000 =( BOUNDED_SURFACE ( )  B_SPLINE_SURFACE ( 3, 2, ( 
 ( #2354, #7048, #5359 ),
 ( #6515, #4071, #5859 ),
 ( #2470, #1779, #632 ),
 ( #131, #5974, #3002 ),
 ( #3498, #4792, #1740 ),
 ( #5283, #1282, #17 ),
 ( #1241, #4747, #7081 ),
 ( #4144, #94, #4679 ),
 ( #1813, #3625, #4106 ),
 ( #2392, #6396, #6553 ),
 ( #3656, #4713, #6474 ),
 ( #3535, #7010, #57 ),
 ( #6432, #7123, #1852 ),
 ( #5941, #3040, #5401 ),
 ( #6973, #1890, #746 ),
 ( #4223, #1194, #3080 ),
 ( #4643, #5826, #587 ),
 ( #5551, #4294, #6158 ) ),
 .UNSPECIFIED., .F., .F., .T. ) 
 B_SPLINE_SURFACE_WITH_KNOTS ( ( 4, 2, 2, 2, 2, 2, 2, 2, 4 ),
 ( 3, 3 ),
 ( 0.001302520603113772185, 0.001783172609227539045, 0.002263824615341305906, 0.002744476621455073199, 0.003225128627568840060, 0.003705780633682606920, 0.004186432639796374214, 0.004667084645910141508, 0.005147736652023907934 ),
 ( 0.000000000000000000, 1.000000000000000000 ),
 .UNSPECIFIED. ) 
 GEOMETRIC_REPRESENTATION_ITEM ( )  RATIONAL_B_SPLINE_SURFACE ( (
 ( 1.000000000000000000, 0.7867957924694440885, 1.000000000000000000),
 ( 1.000000000000000000, 0.7867918659038530826, 1.000000000000000000),
 ( 1.000000000000000000, 0.7870059279259898899, 1.000000000000000000),
 ( 1.000000000000000000, 0.7876722697780037530, 1.000000000000000000),
 ( 1.000000000000000000, 0.7881326248066478080, 1.000000000000000000),
 ( 1.000000000000000000, 0.7887758449274737682, 1.000000000000000000),
 ( 1.000000000000000000, 0.7889663658733793161, 1.000000000000000000),
 ( 1.000000000000000000, 0.7882435220810354304, 1.000000000000000000),
 ( 1.000000000000000000, 0.7873519033453932892, 1.000000000000000000),
 ( 1.000000000000000000, 0.7832757266628824766, 1.000000000000000000),
 ( 1.000000000000000000, 0.7801295861738202220, 1.000000000000000000),
 ( 1.000000000000000000, 0.7702790648041066834, 1.000000000000000000),
 ( 1.000000000000000000, 0.7633849859748139677, 1.000000000000000000),
 ( 1.000000000000000000, 0.7458883219264326181, 1.000000000000000000),
 ( 1.000000000000000000, 0.7349125052205982556, 1.000000000000000000),
 ( 1.000000000000000000, 0.7151046345649700875, 1.000000000000000000),
 ( 1.000000000000000000, 0.7068896004544280576, 1.000000000000000000),
 ( 1.000000000000000000, 0.7071067811865479058, 1.000000000000000000) ) ) 
 REPRESENTATION_ITEM ( '' )  SURFACE ( )  );
#7001 = CARTESIAN_POINT ( 'NONE',  ( -11.96951411249844099, 16.15247683347033458, -5.774270979191483022 ) ) ;
#7002 = ORIENTED_EDGE ( 'NONE', *, *, #3134, .T. ) ;
#7003 = EDGE_CURVE ( 'NONE', #3054, #2674, #3603, .T. ) ;
#7004 = VECTOR ( 'NONE', #2281, 1000.000000000000000 ) ;
#7005 = CARTESIAN_POINT ( 'NONE',  ( 14.18012017722443474, 4.176876435823659861, 1.345336453523578557 ) ) ;
#7006 = CARTESIAN_POINT ( 'NONE',  ( 1.277022840705097195, 4.141551853311572273, 14.17732806933127776 ) ) ;
#7007 = CARTESIAN_POINT ( 'NONE',  ( -13.16556307376510304, 4.999999999999996447, -5.507686957097270408 ) ) ;
#7008 = DIRECTION ( 'NONE',  ( 0.000000000000000000, -1.000000000000000000, 0.000000000000000000 ) ) ;
#7009 = CARTESIAN_POINT ( 'NONE',  ( 12.53970524978225320, 17.30235213935360150, -0.4601744975245856684 ) ) ;
#7010 = CARTESIAN_POINT ( 'NONE',  ( -8.461361037707971988, 3.901731976069133800, -12.38811734657313934 ) ) ;
#7011 = ADVANCED_FACE ( 'NONE', ( #1096 ), #2747, .F. ) ;
#7012 = VERTEX_POINT ( 'NONE', #2782 ) ;
#7013 = CARTESIAN_POINT ( 'NONE',  ( 14.94148958443921593, 3.096679977797669014, 1.333061841923387947 ) ) ;
#7014 = CARTESIAN_POINT ( 'NONE',  ( 0.000000000000000000, 12.99999999999999822, 0.000000000000000000 ) ) ;
#7015 = CARTESIAN_POINT ( 'NONE',  ( -5.507686957097273961, 4.999999999999996447, -13.16556307376510127 ) ) ;
#7016 = FACE_OUTER_BOUND ( 'NONE', #5235, .T. ) ;
#7017 = CARTESIAN_POINT ( 'NONE',  ( 7.328003899904742546, 3.998586912249564307, 11.96479192804593694 ) ) ;
#7018 = CARTESIAN_POINT ( 'NONE',  ( 9.125215649537521401, 4.361631949948354681, 11.92306566418583103 ) ) ;
#7019 = CARTESIAN_POINT ( 'NONE',  ( -11.35257835782100422, 4.999999999999996447, -8.647868598458282818 ) ) ;
#7020 = CARTESIAN_POINT ( 'NONE',  ( -5.487440575307179991, 14.83240756451484366, -13.61341646216403412 ) ) ;
#7021 = CARTESIAN_POINT ( 'NONE',  ( -7.032529248039154801, 17.23293512505058445, 10.52964275591745391 ) ) ;
#7022 = CARTESIAN_POINT ( 'NONE',  ( 1.502145444916598738, 15.39747241391144961, 13.67669241005938296 ) ) ;
#7023 = CARTESIAN_POINT ( 'NONE',  ( 13.81401337841947274, 3.287421879862370222, -5.847523184858876455 ) ) ;
#7024 = CARTESIAN_POINT ( 'NONE',  ( -13.29817706641292396, 3.928673933947045338, 6.941327254128583313 ) ) ;
#7025 = EDGE_LOOP ( 'NONE', ( #4658, #7538, #1580, #2257, #3379 ) ) ;
#7026 = CARTESIAN_POINT ( 'NONE',  ( 1.261652182632799324, 17.08328403755364278, -12.82533577532797686 ) ) ;
#7027 = CARTESIAN_POINT ( 'NONE',  ( 11.73513215752053362, 16.31414662415498995, 5.936459091644322505 ) ) ;
#7028 = CARTESIAN_POINT ( 'NONE',  ( -11.88078770704314913, 16.21554403901577857, 5.833867118640314153 ) ) ;
#7029 = ORIENTED_EDGE ( 'NONE', *, *, #7430, .T. ) ;
#7030 = CARTESIAN_POINT ( 'NONE',  ( 6.264574649163941800, 4.033568272321473636, 12.70861558903410504 ) ) ;
#7031 = CARTESIAN_POINT ( 'NONE',  ( 11.39730352768348176, 4.215475591700883484, 9.752340428231052627 ) ) ;
#7032 = CARTESIAN_POINT ( 'NONE',  ( 6.027168606233417769, 16.36206807681249487, 11.63533756552564036 ) ) ;
#7033 = CARTESIAN_POINT ( 'NONE',  ( -14.69589870404005261, 14.33182026815212851, -2.104724298144912353 ) ) ;
#7034 = CARTESIAN_POINT ( 'NONE',  ( 13.07805645777454018, 4.399910688984904006, 5.698184653713571635 ) ) ;
#7035 = ADVANCED_FACE ( 'NONE', ( #5765 ), #2132, .T. ) ;
#7036 = CARTESIAN_POINT ( 'NONE',  ( -0.7323997776164347107, 16.31459113004411776, -13.13008720654657324 ) ) ;
#7037 = VERTEX_POINT ( 'NONE', #3391 ) ;
#7038 = B_SPLINE_CURVE_WITH_KNOTS ( 'NONE', 3,
 ( #6861, #5128, #5713, #4567, #367, #1669, #3999, #1086, #3417, #5752, #515, #6199, #5021, #3882, #4103, #1810, #2956, #1279 ),
 .UNSPECIFIED., .F., .F.,
 ( 4, 2, 2, 2, 2, 2, 2, 2, 4 ),
 ( 0.000000000000000000, 0.001603465088399647293, 0.003206930176799294586, 0.004008662720999122027, 0.004409528993099036398, 0.004810395265198950769, 0.005612127809398781246, 0.006012994081498696484, 0.006413860353598610856 ),
 .UNSPECIFIED. ) ;
#7039 = VERTEX_POINT ( 'NONE', #4461 ) ;
#7040 = CARTESIAN_POINT ( 'NONE',  ( 14.16401783338926101, 4.614372152007839567, 1.737249554743002689 ) ) ;
#7041 = DIRECTION ( 'NONE',  ( 0.000000000000000000, -0.000000000000000000, 1.000000000000000000 ) ) ;
#7042 = CARTESIAN_POINT ( 'NONE',  ( 11.20742166521030647, 14.75504811013986384, -8.409564103756412834 ) ) ;
#7043 = VERTEX_POINT ( 'NONE', #5801 ) ;
#7044 = EDGE_CURVE ( 'NONE', #4502, #2653, #2256, .T. ) ;
#7045 = CARTESIAN_POINT ( 'NONE',  ( 14.18099463524111314, 4.230181196864241322, -1.424655275500971818 ) ) ;
#7046 = DIRECTION ( 'NONE',  ( 0.000000000000000000, -1.000000000000000000, 0.000000000000000000 ) ) ;
#7047 = CARTESIAN_POINT ( 'NONE',  ( 14.15555555489453177, 13.22779987598770468, -1.812984715636213995 ) ) ;
#7048 = CARTESIAN_POINT ( 'NONE',  ( -9.290267669330470213, 4.999999999999995559, -11.80280946417324195 ) ) ;
#7049 = ORIENTED_EDGE ( 'NONE', *, *, #3876, .F. ) ;
#7050 = CARTESIAN_POINT ( 'NONE',  ( -8.886143310490362879, 4.082589286013397434, 12.09444966994264270 ) ) ;
#7051 = DIRECTION ( 'NONE',  ( 0.000000000000000000, -1.000000000000000000, -0.000000000000000000 ) ) ;
#7052 = CARTESIAN_POINT ( 'NONE',  ( 0.000000000000000000, 18.00000000000000000, 0.000000000000000000 ) ) ;
#7053 = CARTESIAN_POINT ( 'NONE',  ( -6.470773119197282597, 3.060284748218928819, 13.53352952021848843 ) ) ;
#7054 = EDGE_CURVE ( 'NONE', #2301, #2227, #4345, .T. ) ;
#7055 = CARTESIAN_POINT ( 'NONE',  ( 7.000000000000005329, 3.999999999999996447, 12.12435565298213724 ) ) ;
#7056 = CARTESIAN_POINT ( 'NONE',  ( 11.02497696838600483, 15.09020611454483785, -9.494769824515458367 ) ) ;
#7057 = CARTESIAN_POINT ( 'NONE',  ( 7.500000000000006217, 2.999999999999996447, 12.99038105676657651 ) ) ;
#7058 = CARTESIAN_POINT ( 'NONE',  ( -5.576398997336198704, 12.99999999999999822, -13.94701254168405669 ) ) ;
#7059 = CARTESIAN_POINT ( 'NONE',  ( -6.427706391234961458, 17.04175505156319659, 11.29968544425624088 ) ) ;
#7060 = CARTESIAN_POINT ( 'NONE',  ( 14.19980794737949026, 4.837520475530913799, -4.833782603462690730 ) ) ;
#7061 = CARTESIAN_POINT ( 'NONE',  ( -14.19289401174506082, 4.678312227110531296, 4.854228358773064578 ) ) ;
#7062 = EDGE_LOOP ( 'NONE', ( #4966, #420, #4739, #311 ) ) ;
#7063 = CARTESIAN_POINT ( 'NONE',  ( -1.732437482217258129, 16.81363579182235313, -13.12874233373501554 ) ) ;
#7064 = CARTESIAN_POINT ( 'NONE',  ( 12.63694226799813158, 15.32409233017463634, 5.528704111602685600 ) ) ;
#7065 = CARTESIAN_POINT ( 'NONE',  ( 1.426422666581545373, 4.231589228635351141, -14.18096074560428299 ) ) ;
#7066 = VERTEX_POINT ( 'NONE', #7057 ) ;
#7067 = CARTESIAN_POINT ( 'NONE',  ( 7.500000000000006217, 2.999999999999996447, 12.99038105676657295 ) ) ;
#7068 = CARTESIAN_POINT ( 'NONE',  ( -10.94908792175476897, 17.32944964589900394, 6.037578807498867661 ) ) ;
#7069 = CARTESIAN_POINT ( 'NONE',  ( 7.897098601243292215, 16.56095533821361343, 11.00304633437056090 ) ) ;
#7070 = CARTESIAN_POINT ( 'NONE',  ( -14.15555555555555500, 12.99999999999999645, 1.812984715944101266 ) ) ;
#7071 = CARTESIAN_POINT ( 'NONE',  ( 14.75913115776692308, 14.07206457136662436, 2.120154402676392102 ) ) ;
#7072 = CARTESIAN_POINT ( 'NONE',  ( 13.14537582726216414, 4.683386901737481622, 5.554211726779418434 ) ) ;
#7073 = CARTESIAN_POINT ( 'NONE',  ( -13.25315408226436098, 12.99999999999999822, 4.511530435645918047 ) ) ;
#7074 = EDGE_LOOP ( 'NONE', ( #2950, #801, #2789, #4312, #4248, #540, #1995, #5975 ) ) ;
#7075 = CARTESIAN_POINT ( 'NONE',  ( 0.5371673375699432817, 17.29195439308066540, -12.55436958164581185 ) ) ;
#7076 = CARTESIAN_POINT ( 'NONE',  ( -12.99038105676658006, 3.999999999999996447, -5.500000000000000000 ) ) ;
#7077 = CIRCLE ( 'NONE', #5000, 1.000000000000000888 ) ;
#7078 = VERTEX_POINT ( 'NONE', #5914 ) ;
#7079 = CARTESIAN_POINT ( 'NONE',  ( 14.74663051908747669, 4.214198939172965730, -2.746563468617628789 ) ) ;
#7080 = CARTESIAN_POINT ( 'NONE',  ( 13.32392067085674547, 16.05090863755782848, -1.098585707554097457 ) ) ;
#7081 = CARTESIAN_POINT ( 'NONE',  ( -9.548333649266966816, 3.799821379378518937, -11.56905636301606854 ) ) ;
#7082 = VECTOR ( 'NONE', #3962, 1000.000000000000000 ) ;
#7083 = VERTEX_POINT ( 'NONE', #6524 ) ;
#7084 = CARTESIAN_POINT ( 'NONE',  ( -14.19980794528324886, 4.999999999999996447, -4.833782609620614679 ) ) ;
#7085 = EDGE_CURVE ( 'NONE', #1350, #1216, #1405, .T. ) ;
#7086 = CARTESIAN_POINT ( 'NONE',  ( -2.458091484875674748, 3.768420980672144260, -14.79771196371507003 ) ) ;
#7087 = CARTESIAN_POINT ( 'NONE',  ( -14.06938859829306132, 4.003905949981416690, -0.5940292051308243559 ) ) ;
#7088 = CARTESIAN_POINT ( 'NONE',  ( -13.25315408226436098, 4.999999999999996447, 5.511530435645918047 ) ) ;
#7089 = DIRECTION ( 'NONE',  ( 0.8660254037844385966, 0.000000000000000000, 0.5000000000000000000 ) ) ;
#7090 = CARTESIAN_POINT ( 'NONE',  ( -13.11020562699249226, 13.94277444409661015, -5.499999999999822364 ) ) ;
#7091 = VECTOR ( 'NONE', #797, 1000.000000000000000 ) ;
#7092 = CARTESIAN_POINT ( 'NONE',  ( 14.13993337288814800, 4.186591583603317623, -5.006970310142141223 ) ) ;
#7093 = CARTESIAN_POINT ( 'NONE',  ( -12.02447810734921418, 3.999999999999996447, -7.172992983571516490 ) ) ;
#7094 = CARTESIAN_POINT ( 'NONE',  ( -5.511342071743303705, 15.03165809364156935, -12.77416332826650169 ) ) ;
#7095 = CARTESIAN_POINT ( 'NONE',  ( -5.154591656430584479, 16.94059604637914163, 12.02563437010932823 ) ) ;
#7096 = EDGE_CURVE ( 'NONE', #2158, #633, #6079, .T. ) ;
#7097 = DIRECTION ( 'NONE',  ( -0.000000000000000000, 1.000000000000000000, -0.000000000000000000 ) ) ;
#7098 = CARTESIAN_POINT ( 'NONE',  ( 7.499999999999997335, 4.999999999999996447, -12.99038105676658184 ) ) ;
#7099 = CARTESIAN_POINT ( 'NONE',  ( -12.70861558903410149, 4.033568272321473636, 6.264574649163944464 ) ) ;
#7100 = ORIENTED_EDGE ( 'NONE', *, *, #5030, .F. ) ;
#7101 = CARTESIAN_POINT ( 'NONE',  ( 12.77069720519753737, 17.12778597774538625, 1.155111849801957913 ) ) ;
#7102 = CARTESIAN_POINT ( 'NONE',  ( 10.87876909023518834, 17.33044428562115868, 6.156503352946188556 ) ) ;
#7103 = CARTESIAN_POINT ( 'NONE',  ( -11.63941484547459027, 4.141551853311518983, 8.194598255929200548 ) ) ;
#7104 = CARTESIAN_POINT ( 'NONE',  ( 7.500000000000007105, 4.999999999999996447, 11.99038105676657651 ) ) ;
#7105 = VERTEX_POINT ( 'NONE', #596 ) ;
#7106 = ADVANCED_FACE ( 'NONE', ( #4196 ), #4152, .T. ) ;
#7107 = CARTESIAN_POINT ( 'NONE',  ( 6.520249916913398280, 4.003905949981415802, 12.48146254440231395 ) ) ;
#7108 = CARTESIAN_POINT ( 'NONE',  ( 11.35257835837457563, 4.918760237672681335, 8.647868599248132782 ) ) ;
#7109 = CARTESIAN_POINT ( 'NONE',  ( -11.35517035961771803, 17.23293512505059510, 5.602673495379677071 ) ) ;
#7110 = CARTESIAN_POINT ( 'NONE',  ( -1.426422666581529608, 4.231589228635334266, 14.18096074560430253 ) ) ;
#7111 = CARTESIAN_POINT ( 'NONE',  ( 5.146741385183149831, 16.93077057452729761, 12.04257941078556016 ) ) ;
#7112 = DIRECTION ( 'NONE',  ( 0.000000000000000000, 0.000000000000000000, 1.000000000000000000 ) ) ;
#7113 = CARTESIAN_POINT ( 'NONE',  ( 14.53623204181191753, 14.39430030472786193, 2.834337860240375484 ) ) ;
#7114 = CARTESIAN_POINT ( 'NONE',  ( 13.74189235702286815, 4.080934495940518936, 6.033126181128261045 ) ) ;
#7115 = ORIENTED_EDGE ( 'NONE', *, *, #4984, .T. ) ;
#7116 = ORIENTED_EDGE ( 'NONE', *, *, #4473, .T. ) ;
#7117 = VECTOR ( 'NONE', #3835, 1000.000000000000000 ) ;
#7118 = CARTESIAN_POINT ( 'NONE',  ( 13.99999999999999822, 3.999999999999996447, -1.619075244245019823E-15 ) ) ;
#7119 = CARTESIAN_POINT ( 'NONE',  ( -7.500000000000001776, 4.999999999999996447, -10.99038105676658006 ) ) ;
#7120 = CARTESIAN_POINT ( 'NONE',  ( 6.470300233964178638, 17.33111043878622937, 10.69648815029760591 ) ) ;
#7121 = AXIS2_PLACEMENT_3D ( 'NONE', #6036, #6069, #4917 ) ;
#7122 = CARTESIAN_POINT ( 'NONE',  ( -7.500000000000001776, 2.999999999999996447, -12.99038105676657651 ) ) ;
#7123 = CARTESIAN_POINT ( 'NONE',  ( -8.362121892213053798, 3.894580777457767429, -12.45464012973020296 ) ) ;
#7124 = ORIENTED_EDGE ( 'NONE', *, *, #796, .F. ) ;
#7125 = CARTESIAN_POINT ( 'NONE',  ( -11.44573990506616568, 4.467215551782163452, -8.518142425156415953 ) ) ;
#7126 = CARTESIAN_POINT ( 'NONE',  ( -5.982729813402077212, 4.141551853311546516, 12.91643768617981713 ) ) ;
#7127 = CARTESIAN_POINT ( 'NONE',  ( 2.833075529376464896, 14.40389851827524481, 14.53358980867855976 ) ) ;
#7128 = CARTESIAN_POINT ( 'NONE',  ( -14.95868716918125507, 3.902453538974731018, -1.139648245525416881 ) ) ;
#7129 = CIRCLE ( 'NONE', #1512, 8.500000000000000000 ) ;
#7130 = CARTESIAN_POINT ( 'NONE',  ( 9.559151480688154123, 14.92702988626200522, -11.06512756987191004 ) ) ;
#7131 = CARTESIAN_POINT ( 'NONE',  ( 9.073675486470566653, 4.281769720007603475, 11.96036768013071594 ) ) ;
#7132 = EDGE_CURVE ( 'NONE', #5907, #3455, #2883, .T. ) ;
#7133 = CARTESIAN_POINT ( 'NONE',  ( -4.877837333107883921, 16.30140306170808628, -12.87132607026285136 ) ) ;
#7134 = AXIS2_PLACEMENT_3D ( 'NONE', #545, #436, #4066 ) ;
#7135 = CARTESIAN_POINT ( 'NONE',  ( -5.507686957033461006, 13.22779987598771179, 13.16556307303952700 ) ) ;
#7136 = CARTESIAN_POINT ( 'NONE',  ( 13.16156282062376093, 4.839156113676569504, -5.517158147667556634 ) ) ;
#7137 = CARTESIAN_POINT ( 'NONE',  ( -7.917260838660562072, 15.73178710655490775, -11.03195377190811222 ) ) ;
#7138 = ORIENTED_EDGE ( 'NONE', *, *, #979, .F. ) ;
#7139 = CARTESIAN_POINT ( 'NONE',  ( 13.37812763211837641, 16.66860712098416997, 1.208561499647325288 ) ) ;
#7140 = CARTESIAN_POINT ( 'NONE',  ( 13.26709057966458971, 15.52528394055998184, 5.443409875966739087 ) ) ;
#7141 = CARTESIAN_POINT ( 'NONE',  ( 0.000000000000000000, -2.000000000000000000, 0.000000000000000000 ) ) ;
#7142 = ADVANCED_FACE ( 'NONE', ( #5369 ), #2623, .F. ) ;
#7143 = CARTESIAN_POINT ( 'NONE',  ( 0.7715209681250112528, 3.907067251463733903, -14.98086260373008827 ) ) ;
#7144 = ORIENTED_EDGE ( 'NONE', *, *, #4743, .T. ) ;
#7145 = CARTESIAN_POINT ( 'NONE',  ( -0.1997550912658598299, 3.999999999999998224, 14.00000000000000000 ) ) ;
#7146 = CARTESIAN_POINT ( 'NONE',  ( -11.74681108925779682, 16.30222877997778852, 5.931909150103523487 ) ) ;
#7147 = CARTESIAN_POINT ( 'NONE',  ( 5.607315934378124034, 15.78725876297825259, 12.33175809845223547 ) ) ;
#7148 = CARTESIAN_POINT ( 'NONE',  ( -14.08911725517963021, 15.73442561444140964, 1.854719358720260614 ) ) ;
#7149 = CARTESIAN_POINT ( 'NONE',  ( 13.81842099024195569, 15.03165809364147520, 1.614119421057548687 ) ) ;
#7150 = CARTESIAN_POINT ( 'NONE',  ( 13.92178665776226332, 3.460362391599494991, 5.586143455690974591 ) ) ;
#7151 = B_SPLINE_CURVE_WITH_KNOTS ( 'NONE', 3,
 ( #1304, #1865, #3595, #1824, #2366, #7022, #1253, #5374, #4232, #684, #3473, #5803, #4119, #600, #5916, #2893, #6984, #7548, #2321, #6409, #5333, #1752, #2929, #2440, #5257, #6446, #1208, #3550, #5875, #2202, #5797, #6400 ),
 .UNSPECIFIED., .F., .F.,
 ( 4, 2, 2, 2, 2, 2, 2, 2, 2, 2, 2, 2, 2, 2, 2, 4 ),
 ( 0.000000000000000000, 0.001151124732941968733, 0.002302249465883937467, 0.002877811832354917713, 0.003453374198825894924, 0.004028936565296871268, 0.004316717748532357922, 0.004604498931767843709, 0.004892280115003330362, 0.005180061298238816149, 0.005467842481474301936, 0.005755623664709787722, 0.006331186031180766234, 0.006906748397651748216, 0.008057873130593721719, 0.009208997863535696091 ),
 .UNSPECIFIED. ) ;
#7152 = ADVANCED_FACE ( 'NONE', ( #2362 ), #1275, .F. ) ;
#7153 = ORIENTED_EDGE ( 'NONE', *, *, #2947, .F. ) ;
#7154 = ORIENTED_EDGE ( 'NONE', *, *, #5790, .F. ) ;
#7155 = CARTESIAN_POINT ( 'NONE',  ( 0.1346471910492810231, 17.33012701892219454, -12.50000000000000178 ) ) ;
#7156 = CARTESIAN_POINT ( 'NONE',  ( 1.979416708409555369E-15, 3.999999999999996447, 14.99999999999999645 ) ) ;
#7157 = ORIENTED_EDGE ( 'NONE', *, *, #7180, .F. ) ;
#7158 = CARTESIAN_POINT ( 'NONE',  ( 4.791230746600293244, 15.55649591536800536, 13.50420136572478036 ) ) ;
#7159 = DIRECTION ( 'NONE',  ( 0.000000000000000000, 0.000000000000000000, -1.000000000000000000 ) ) ;
#7160 = CARTESIAN_POINT ( 'NONE',  ( 14.15682682999865882, 4.839156113676620130, 1.802782297735465056 ) ) ;
#7161 = ORIENTED_EDGE ( 'NONE', *, *, #6645, .T. ) ;
#7162 = CARTESIAN_POINT ( 'NONE',  ( -2.719477073916149124, -2.000000000000000000, 14.73333333333333073 ) ) ;
#7163 = CARTESIAN_POINT ( 'NONE',  ( -11.38266442241519449, 4.684012049476039330, -8.607276093360116676 ) ) ;
#7164 = DIRECTION ( 'NONE',  ( 0.000000000000000000, 0.000000000000000000, -1.000000000000000000 ) ) ;
#7165 = CARTESIAN_POINT ( 'NONE',  ( -0.5272499211969664534, 16.38634809853075325, 13.06932091303822929 ) ) ;
#7166 = CARTESIAN_POINT ( 'NONE',  ( 6.999999999999996447, 2.999999999999996447, -12.12435565298214257 ) ) ;
#7167 = CARTESIAN_POINT ( 'NONE',  ( -7.499999999999989342, 4.999999999999996447, 11.99038105676658361 ) ) ;
#7168 = CARTESIAN_POINT ( 'NONE',  ( -0.3942786948736247132, 3.997967014936483210, -14.03082172838353259 ) ) ;
#7169 = CARTESIAN_POINT ( 'NONE',  ( -5.146741385182985518, 16.93077057452703471, -12.04257941078603800 ) ) ;
#7170 = CARTESIAN_POINT ( 'NONE',  ( 13.61341646216382983, 14.83240756451505327, -5.487440575307379831 ) ) ;
#7171 = CARTESIAN_POINT ( 'NONE',  ( -5.011617705580556859, 16.69940669386572196, -12.39054607974009237 ) ) ;
#7172 = CARTESIAN_POINT ( 'NONE',  ( 12.20526570601057692, 3.999999999999996447, -6.859859678249729420 ) ) ;
#7173 = CARTESIAN_POINT ( 'NONE',  ( 4.833782609620612902, 4.999999999999996447, -14.19980794528325063 ) ) ;
#7174 = VERTEX_POINT ( 'NONE', #2925 ) ;
#7175 = CARTESIAN_POINT ( 'NONE',  ( 11.28608250894451537, 4.830546773239268177, -9.880503104665107728 ) ) ;
#7176 = CARTESIAN_POINT ( 'NONE',  ( 11.28608250894451892, -2.000000000000000000, 9.880503104665095293 ) ) ;
#7177 = CARTESIAN_POINT ( 'NONE',  ( 2.144203081401760524, 4.903143899974591768, -14.86666666624124034 ) ) ;
#7178 = ORIENTED_EDGE ( 'NONE', *, *, #2885, .F. ) ;
#7179 = CARTESIAN_POINT ( 'NONE',  ( -1.692057609715634348, 4.524881317935713909, 14.16858513836143452 ) ) ;
#7180 = EDGE_CURVE ( 'NONE', #6729, #6816, #6391, .T. ) ;
#7181 = CARTESIAN_POINT ( 'NONE',  ( -12.64227951688184248, 15.30520404997189310, 5.529999745402855993 ) ) ;
#7182 = CARTESIAN_POINT ( 'NONE',  ( -9.340942086419959267, 3.536346359595050615, 11.73717644089701118 ) ) ;
#7183 = CARTESIAN_POINT ( 'NONE',  ( -14.35917441964983787, 14.93491219094238787, 2.744253716888307437 ) ) ;
#7184 = CARTESIAN_POINT ( 'NONE',  ( 12.47817080751052465, 4.003770645890960544, 6.523952122674373300 ) ) ;
#7185 = ORIENTED_EDGE ( 'NONE', *, *, #7224, .F. ) ;
#7186 = DIRECTION ( 'NONE',  ( 0.000000000000000000, 1.000000000000000000, 0.000000000000000000 ) ) ;
#7187 = VERTEX_POINT ( 'NONE', #6813 ) ;
#7188 = CARTESIAN_POINT ( 'NONE',  ( -13.20599753058940351, 16.21554403901578922, -0.8881167264763475400 ) ) ;
#7189 = ADVANCED_FACE ( 'NONE', ( #5667 ), #1665, .F. ) ;
#7190 = CARTESIAN_POINT ( 'NONE',  ( -9.880503104665091740, -2.000000000000000000, 11.28608250894452425 ) ) ;
#7191 = CARTESIAN_POINT ( 'NONE',  ( 0.3159215502769221473, 3.999560766178296145, 14.01963150583597972 ) ) ;
#7192 = EDGE_LOOP ( 'NONE', ( #706, #6680, #3081 ) ) ;
#7193 = CARTESIAN_POINT ( 'NONE',  ( 14.71428571428571530, 4.830546773239268177, -2.913725436338735264 ) ) ;
#7194 = CARTESIAN_POINT ( 'NONE',  ( 14.77556702897314267, 3.934431103140404673, 2.586366273863369258 ) ) ;
#7195 = VERTEX_POINT ( 'NONE', #2839 ) ;
#7196 = CARTESIAN_POINT ( 'NONE',  ( -11.97111031651606972, 3.287421879862336027, -9.039524921499843657 ) ) ;
#7197 = CYLINDRICAL_SURFACE ( 'NONE', #14, 0.9999999999999991118 ) ;
#7198 = VECTOR ( 'NONE', #2800, 1000.000000000000000 ) ;
#7199 = CARTESIAN_POINT ( 'NONE',  ( -5.507686956995858196, 4.918749111901025373, 13.16556307261187797 ) ) ;
#7200 = CARTESIAN_POINT ( 'NONE',  ( -0.6385931022150501679, 16.94927187726912976, 13.09908101153049564 ) ) ;
#7201 = CARTESIAN_POINT ( 'NONE',  ( -14.84916391450649087, 3.463178456121531745, -2.126693221114049681 ) ) ;
#7202 = CARTESIAN_POINT ( 'NONE',  ( -12.12435565298214080, 3.999999999999996447, -6.999999999999998224 ) ) ;
#7203 = CARTESIAN_POINT ( 'NONE',  ( -0.7804176301363286994, 4.014779309274778996, -14.11032636042559929 ) ) ;
#7204 = CARTESIAN_POINT ( 'NONE',  ( -5.848271090517539683, 17.30550362272240861, -11.09934677215977672 ) ) ;
#7205 = VECTOR ( 'NONE', #5891, 1000.000000000000000 ) ;
#7206 = CARTESIAN_POINT ( 'NONE',  ( 13.27166490919316644, 15.50732118243872648, -5.445607061888737555 ) ) ;
#7207 = CARTESIAN_POINT ( 'NONE',  ( -4.833782609620617343, 13.54063028116372713, -14.19980794528324530 ) ) ;
#7208 = VECTOR ( 'NONE', #2694, 1000.000000000000000 ) ;
#7209 = DIRECTION ( 'NONE',  ( 0.000000000000000000, 0.000000000000000000, 1.000000000000000000 ) ) ;
#7210 = CARTESIAN_POINT ( 'NONE',  ( -13.99999999999999822, 3.999999999999996447, 0.000000000000000000 ) ) ;
#7211 = AXIS2_PLACEMENT_3D ( 'NONE', #5045, #4395, #1497 ) ;
#7212 = ORIENTED_EDGE ( 'NONE', *, *, #6756, .F. ) ;
#7213 = CARTESIAN_POINT ( 'NONE',  ( 12.82533577532791647, 17.08328403755369251, 1.261652182632717167 ) ) ;
#7214 = CARTESIAN_POINT ( 'NONE',  ( 11.73758042002849322, 3.535834181800181497, -9.340433554844127073 ) ) ;
#7215 = CARTESIAN_POINT ( 'NONE',  ( 4.894839191884800655, 16.38381850098475923, -12.78423900337655006 ) ) ;
#7216 = AXIS2_PLACEMENT_3D ( 'NONE', #1911, #6386, #7 ) ;
#7217 = CIRCLE ( 'NONE', #1975, 1.999999999999999112 ) ;
#7218 = CARTESIAN_POINT ( 'NONE',  ( -1.277022840705121620, 4.141551853311586484, -14.17732806933128487 ) ) ;
#7219 = EDGE_LOOP ( 'NONE', ( #7501, #4993, #5304 ) ) ;
#7220 = CARTESIAN_POINT ( 'NONE',  ( -12.25409408115512022, 16.80181036654472493, 5.056913543733497995 ) ) ;
#7221 = CARTESIAN_POINT ( 'NONE',  ( 8.647868598458288147, 12.99999999999999822, 11.35257835782099889 ) ) ;
#7222 = CARTESIAN_POINT ( 'NONE',  ( -13.84095418852565729, 16.10833033166839101, 1.687278167414102192 ) ) ;
#7223 = CARTESIAN_POINT ( 'NONE',  ( -7.298955492654521926, 16.25858442550843819, -10.99754367315192560 ) ) ;
#7224 = EDGE_CURVE ( 'NONE', #1924, #1940, #7129, .T. ) ;
#7225 = CARTESIAN_POINT ( 'NONE',  ( -13.25315408226436098, -2.000000000000000000, 4.511530435645918047 ) ) ;
#7226 = VERTEX_POINT ( 'NONE', #3995 ) ;
#7227 = B_SPLINE_CURVE_WITH_KNOTS ( 'NONE', 3,
 ( #5194, #536, #3404, #5044, #2146, #7377 ),
 .UNSPECIFIED., .F., .F.,
 ( 4, 2, 4 ),
 ( 0.007789549936012952688, 0.008499273899774322655, 0.009208997863535694356 ),
 .UNSPECIFIED. ) ;
#7228 = DIRECTION ( 'NONE',  ( -0.000000000000000000, 1.000000000000000000, -0.000000000000000000 ) ) ;
#7229 = DIRECTION ( 'NONE',  ( 0.000000000000000000, -1.000000000000000000, 0.000000000000000000 ) ) ;
#7230 = CARTESIAN_POINT ( 'NONE',  ( -11.61310962696074078, 16.37259338113094387, -6.047676578871537423 ) ) ;
#7231 = FILL_AREA_STYLE ('',( #5470 ) ) ;
#7232 = CARTESIAN_POINT ( 'NONE',  ( 14.01963150583611650, 3.999560766178289484, -0.3159215502769264772 ) ) ;
#7233 = EDGE_CURVE ( 'NONE', #5712, #2090, #6444, .T. ) ;
#7234 = CARTESIAN_POINT ( 'NONE',  ( 14.88704810635879916, 3.287421879862371110, 1.842903061903452544 ) ) ;
#7235 = CARTESIAN_POINT ( 'NONE',  ( 9.221802897687428668, 4.999999999999996447, 10.53367700834821186 ) ) ;
#7236 = CARTESIAN_POINT ( 'NONE',  ( 7.617530829468852183, 16.04432803887571168, -10.99038105676669552 ) ) ;
#7237 = DIRECTION ( 'NONE',  ( 0.000000000000000000, 0.000000000000000000, 1.000000000000000000 ) ) ;
#7238 = CARTESIAN_POINT ( 'NONE',  ( -6.497743808341033045, 3.901731976069132024, 13.52181228253375345 ) ) ;
#7239 = CARTESIAN_POINT ( 'NONE',  ( -14.71428571428571352, 4.999999999999996447, 2.913725436338733044 ) ) ;
#7240 = VECTOR ( 'NONE', #7229, 1000.000000000000000 ) ;
#7241 = CARTESIAN_POINT ( 'NONE',  ( -1.812984715944100822, 4.999999999999996447, -14.15555555555555500 ) ) ;
#7242 = EDGE_CURVE ( 'NONE', #663, #2422, #5791, .T. ) ;
#7243 = CARTESIAN_POINT ( 'NONE',  ( -7.897098601243095928, 16.56095533821400068, -11.00304633437076163 ) ) ;
#7244 =( BOUNDED_SURFACE ( )  B_SPLINE_SURFACE ( 3, 2, ( 
 ( #4091, #4126, #4814 ),
 ( #5385, #2489, #2448 ),
 ( #6454, #6497, #3604 ),
 ( #6990, #2899, #1302 ),
 ( #2978, #7143, #1261 ),
 ( #4239, #112, #4208 ),
 ( #5303, #3480, #5842 ),
 ( #6536, #5809, #74 ),
 ( #1759, #3516, #4167 ),
 ( #7065, #5922, #5228 ),
 ( #1830, #3020, #7555 ),
 ( #691, #5340, #1335 ),
 ( #1419, #1380, #3100 ),
 ( #2094, #5457, #4421 ),
 ( #2597, #3674, #7255 ),
 ( #5998, #1482, #3750 ),
 ( #4274, #7177, #5532 ),
 ( #2021, #3716, #1943 ) ),
 .UNSPECIFIED., .F., .F., .T. ) 
 B_SPLINE_SURFACE_WITH_KNOTS ( ( 4, 2, 2, 2, 2, 2, 2, 2, 4 ),
 ( 3, 3 ),
 ( 0.001001835143902674898, 0.001483160195672278154, 0.001964485247441881410, 0.002445810299211484667, 0.002927135350981087923, 0.003408460402750691180, 0.003889785454520294436, 0.004371110506289898126, 0.004852435558059500949 ),
 ( 0.000000000000000000, 1.000000000000000000 ),
 .UNSPECIFIED. ) 
 GEOMETRIC_REPRESENTATION_ITEM ( )  RATIONAL_B_SPLINE_SURFACE ( (
 ( 1.000000000000000000, 0.7071067811865480168, 1.000000000000000000),
 ( 1.000000000000000000, 0.7068862653317584677, 1.000000000000000000),
 ( 1.000000000000000000, 0.7152614521122542257, 1.000000000000000000),
 ( 1.000000000000000000, 0.7353188346933281494, 1.000000000000000000),
 ( 1.000000000000000000, 0.7463742780416586786, 1.000000000000000000),
 ( 1.000000000000000000, 0.7639171294620858976, 1.000000000000000000),
 ( 1.000000000000000000, 0.7705876985465454077, 1.000000000000000000),
 ( 1.000000000000000000, 0.7802728411342632064, 1.000000000000000000),
 ( 1.000000000000000000, 0.7834142574742590792, 1.000000000000000000),
 ( 1.000000000000000000, 0.7873757974863950793, 1.000000000000000000),
 ( 1.000000000000000000, 0.7882590930830346565, 1.000000000000000000),
 ( 1.000000000000000000, 0.7889663206215367097, 1.000000000000000000),
 ( 1.000000000000000000, 0.7887727214692329403, 1.000000000000000000),
 ( 1.000000000000000000, 0.7881288200424875212, 1.000000000000000000),
 ( 1.000000000000000000, 0.7876692935215964253, 1.000000000000000000),
 ( 1.000000000000000000, 0.7870063584361975950, 1.000000000000000000),
 ( 1.000000000000000000, 0.7867917697739795768, 1.000000000000000000),
 ( 1.000000000000000000, 0.7867957924694417571, 1.000000000000000000) ) ) 
 REPRESENTATION_ITEM ( '' )  SURFACE ( )  );
#7245 = CARTESIAN_POINT ( 'NONE',  ( 14.00591515363471729, 14.39430030472766653, -4.813507431029782957 ) ) ;
#7246 = DIRECTION ( 'NONE',  ( 1.224646799147352961E-16, 0.000000000000000000, -1.000000000000000000 ) ) ;
#7247 = CARTESIAN_POINT ( 'NONE',  ( -10.89759891132422176, 15.55953571197784058, 9.264501580313917017 ) ) ;
#7248 = DIRECTION ( 'NONE',  ( 0.000000000000000000, 0.000000000000000000, 1.000000000000000000 ) ) ;
#7249 = CARTESIAN_POINT ( 'NONE',  ( -1.812984716351406789, 4.918760237672645808, 14.15555555643001284 ) ) ;
#7250 = CARTESIAN_POINT ( 'NONE',  ( -8.647868598458284595, 12.99999999999999822, -11.35257835782100244 ) ) ;
#7251 = ORIENTED_EDGE ( 'NONE', *, *, #7507, .F. ) ;
#7252 = CARTESIAN_POINT ( 'NONE',  ( 7.796753953435472617, 2.999092996133942979, -12.81562211415662311 ) ) ;
#7253 = DIRECTION ( 'NONE',  ( 0.000000000000000000, 0.000000000000000000, -1.000000000000000000 ) ) ;
#7254 = CIRCLE ( 'NONE', #4321, 1.000000000000000888 ) ;
#7255 = CARTESIAN_POINT ( 'NONE',  ( 2.809874236727696761, 4.368024099194741439, -14.73453019819496390 ) ) ;
#7256 = ORIENTED_EDGE ( 'NONE', *, *, #1394, .T. ) ;
#7257 = CARTESIAN_POINT ( 'NONE',  ( -10.86268544665628788, 15.67656118341525406, 9.195833372817743268 ) ) ;
#7258 = CARTESIAN_POINT ( 'NONE',  ( 9.195833372817597606, 15.67656118341527538, 10.86268544665639446 ) ) ;
#7259 = CARTESIAN_POINT ( 'NONE',  ( 2.144203077510809852, 12.99999999999999822, -14.86666666666666536 ) ) ;
#7260 = CARTESIAN_POINT ( 'NONE',  ( 13.15843976174446794, 2.999121522247317539, 7.203086190910536146 ) ) ;
#7261 = CARTESIAN_POINT ( 'NONE',  ( -12.99038105676657295, 2.999999999999996447, 7.500000000000010658 ) ) ;
#7262 = ORIENTED_EDGE ( 'NONE', *, *, #5582, .F. ) ;
#7263 = CARTESIAN_POINT ( 'NONE',  ( -13.73333333333333250, -2.000000000000000000, -2.719477073916150900 ) ) ;
#7264 = CARTESIAN_POINT ( 'NONE',  ( -11.35257835782099356, 4.999999999999996447, 8.647868598458293476 ) ) ;
#7265 = CARTESIAN_POINT ( 'NONE',  ( 13.90848057518148018, 3.435280335374282679, 5.619207090191673970 ) ) ;
#7266 = CARTESIAN_POINT ( 'NONE',  ( 13.16556307376510304, 4.999999999999996447, 5.507686957097267744 ) ) ;
#7267 = CARTESIAN_POINT ( 'NONE',  ( 14.91026757033118066, 3.198062733046427297, -1.646019342953224385 ) ) ;
#7268 = CARTESIAN_POINT ( 'NONE',  ( -6.047237349409976481, 4.107372228728886299, -12.87383413215125039 ) ) ;
#7269 = LINE ( 'NONE', #5219, #7358 ) ;
#7270 = CARTESIAN_POINT ( 'NONE',  ( -5.581988863750002139, 4.607737795638444211, -13.13309718330408948 ) ) ;
#7271 = CARTESIAN_POINT ( 'NONE',  ( 14.86666666666667602, 4.999999999999997335, 2.144203077510816513 ) ) ;
#7272 = LINE ( 'NONE', #3261, #3796 ) ;
#7273 = CARTESIAN_POINT ( 'NONE',  ( -7.203086190910584108, 2.999121522247317539, 13.15843976174444485 ) ) ;
#7274 = CARTESIAN_POINT ( 'NONE',  ( 0.9204998121804975897, 17.21418835519349955, 12.66091160529855486 ) ) ;
#7275 = ADVANCED_FACE ( 'NONE', ( #5748 ), #4450, .F. ) ;
#7276 = ORIENTED_EDGE ( 'NONE', *, *, #3504, .T. ) ;
#7277 = CARTESIAN_POINT ( 'NONE',  ( -9.221802897687414458, 4.999999999999996447, 10.53367700834821896 ) ) ;
#7278 = DIRECTION ( 'NONE',  ( -0.000000000000000000, 1.000000000000000000, -0.000000000000000000 ) ) ;
#7279 = CARTESIAN_POINT ( 'NONE',  ( -9.195833372817709517, 15.67656118341500360, -10.86268544665649749 ) ) ;
#7280 = CARTESIAN_POINT ( 'NONE',  ( -5.486863025730882804, 14.83976512858160213, 13.61046385495911437 ) ) ;
#7281 = CARTESIAN_POINT ( 'NONE',  ( -5.708137817676024461, 17.26706329440287746, -11.24114334916059832 ) ) ;
#7282 = CARTESIAN_POINT ( 'NONE',  ( -13.81088070764167419, 3.283103708752144634, -5.854973657592112524 ) ) ;
#7283 = EDGE_CURVE ( 'NONE', #4502, #6150, #5055, .T. ) ;
#7284 = CARTESIAN_POINT ( 'NONE',  ( 5.494826045285433835, 3.535834181800181941, -13.95784295086984805 ) ) ;
#7285 = ORIENTED_EDGE ( 'NONE', *, *, #227, .F. ) ;
#7286 = CARTESIAN_POINT ( 'NONE',  ( 0.000000000000000000, 18.00000000000000000, 9.999999999999998224 ) ) ;
#7287 = CARTESIAN_POINT ( 'NONE',  ( 9.812706173326969150, 14.06732362297316463, -11.23168994277516042 ) ) ;
#7288 = CARTESIAN_POINT ( 'NONE',  ( -1.358487128082828121, 3.102923436545239166, -14.93923515656374690 ) ) ;
#7289 = VERTEX_POINT ( 'NONE', #510 ) ;
#7290 = CARTESIAN_POINT ( 'NONE',  ( -2.719477073916149124, 12.99999999999999822, 13.73333333333333073 ) ) ;
#7291 = CARTESIAN_POINT ( 'NONE',  ( 4.856098580016212196, 4.664520003228055600, 14.19226461796859340 ) ) ;
#7292 = ORIENTED_EDGE ( 'NONE', *, *, #3175, .T. ) ;
#7293 = DIRECTION ( 'NONE',  ( 0.000000000000000000, 0.000000000000000000, -1.000000000000000000 ) ) ;
#7294 = CARTESIAN_POINT ( 'NONE',  ( 14.19980794528324353, 4.830693141506386290, -4.833782609620620896 ) ) ;
#7295 = CARTESIAN_POINT ( 'NONE',  ( -5.502618355984784770, 14.86347297412431701, -12.84882524703280815 ) ) ;
#7296 = CARTESIAN_POINT ( 'NONE',  ( -14.15555555555555500, 4.899988397038736565, -1.812984715944100378 ) ) ;
#7297 = ORIENTED_EDGE ( 'NONE', *, *, #2720, .F. ) ;
#7298 = CARTESIAN_POINT ( 'NONE',  ( -14.15555555555555500, 13.38336035297971094, -1.812984715944102376 ) ) ;
#7299 = CARTESIAN_POINT ( 'NONE',  ( -14.19980794528324530, 12.99999999999999822, 4.833782609620626225 ) ) ;
#7300 = CARTESIAN_POINT ( 'NONE',  ( -9.299366067238020506, 15.55649591536800358, 10.90142822481132612 ) ) ;
#7301 = CARTESIAN_POINT ( 'NONE',  ( 13.05075654363782967, 4.318531402295735511, -5.755640349088888996 ) ) ;
#7302 = CARTESIAN_POINT ( 'NONE',  ( -14.11060155110368264, 14.08033431901119847, -4.820245275847598876 ) ) ;
#7303 = CARTESIAN_POINT ( 'NONE',  ( -5.798733035326359975, 4.282960109847523178, -13.02547755788978279 ) ) ;
#7304 = CARTESIAN_POINT ( 'NONE',  ( 14.09657599580366671, 4.009120202429363289, 0.7132942098954778709 ) ) ;
#7305 = VERTEX_POINT ( 'NONE', #3452 ) ;
#7306 = CARTESIAN_POINT ( 'NONE',  ( -12.99038105676657118, 4.999999999999996447, 6.500000000000010658 ) ) ;
#7307 = CARTESIAN_POINT ( 'NONE',  ( -15.00000000000000000, 3.999999999999996447, 0.000000000000000000 ) ) ;
#7308 = CARTESIAN_POINT ( 'NONE',  ( 2.904100378014040196, 13.57088042692308605, 14.69114445556486892 ) ) ;
#7309 = CARTESIAN_POINT ( 'NONE',  ( 11.72734239910879950, 4.063647738888660044, -8.006699750202528776 ) ) ;
#7310 = CARTESIAN_POINT ( 'NONE',  ( 12.90809553712812274, 14.71069400497513335, -5.499999999999581668 ) ) ;
#7311 = CARTESIAN_POINT ( 'NONE',  ( -7.499999999999989342, 3.999999999999996447, 12.99038105676658539 ) ) ;
#7312 = CARTESIAN_POINT ( 'NONE',  ( -5.384992396457800368, 17.12778597774542888, -11.63730412864092401 ) ) ;
#7313 = EDGE_CURVE ( 'NONE', #692, #7375, #6713, .T. ) ;
#7314 = CARTESIAN_POINT ( 'NONE',  ( 11.21639974500515358, 17.04175505156319304, -6.571961453881622894 ) ) ;
#7315 = CARTESIAN_POINT ( 'NONE',  ( 13.67669241005938474, 15.39747241391145671, -1.502145444916595851 ) ) ;
#7316 = CARTESIAN_POINT ( 'NONE',  ( -13.46913005306363864, 3.894580777457803844, -6.604973801233068542 ) ) ;
#7317 = FACE_OUTER_BOUND ( 'NONE', #1814, .T. ) ;
#7318 = CARTESIAN_POINT ( 'NONE',  ( 12.27583369219901321, 3.095467947649502616, -8.621448013977541791 ) ) ;
#7319 = VECTOR ( 'NONE', #7495, 1000.000000000000000 ) ;
#7320 = DIRECTION ( 'NONE',  ( 0.000000000000000000, 0.000000000000000000, 1.000000000000000000 ) ) ;
#7321 = CARTESIAN_POINT ( 'NONE',  ( 6.071384040939507010, 16.38644693931442120, -11.58634885559355787 ) ) ;
#7322 = CARTESIAN_POINT ( 'NONE',  ( -1.353797656420226314, 3.945968001676106507, -14.94269593568386334 ) ) ;
#7323 = ORIENTED_EDGE ( 'NONE', *, *, #1164, .T. ) ;
#7324 = AXIS2_PLACEMENT_3D ( 'NONE', #3860, #3278, #1521 ) ;
#7325 = AXIS2_PLACEMENT_3D ( 'NONE', #6015, #4361, #3117 ) ;
#7326 = CARTESIAN_POINT ( 'NONE',  ( -11.27417378052326313, 15.73442561444142029, 8.650792709132547387 ) ) ;
#7327 = CARTESIAN_POINT ( 'NONE',  ( 8.650792709132351987, 15.73442561444100463, 11.27417378052327379 ) ) ;
#7328 = VERTEX_POINT ( 'NONE', #1150 ) ;
#7329 = CARTESIAN_POINT ( 'NONE',  ( 11.30163704255986801, 4.664520003228054712, 9.862812406383746122 ) ) ;
#7330 = CARTESIAN_POINT ( 'NONE',  ( -9.221802897687414458, 4.999999999999996447, 10.53367700834821896 ) ) ;
#7331 = AXIS2_PLACEMENT_3D ( 'NONE', #3271, #4576, #6909 ) ;
#7332 = AXIS2_PLACEMENT_3D ( 'NONE', #1958, #4786, #5936 ) ;
#7333 = CARTESIAN_POINT ( 'NONE',  ( 2.719477073916153564, 4.999999999999996447, 13.73333333333333250 ) ) ;
#7334 = ORIENTED_EDGE ( 'NONE', *, *, #3612, .F. ) ;
#7335 = CARTESIAN_POINT ( 'NONE',  ( 2.089445153021755708, 3.436560184660548689, -14.85446167736905387 ) ) ;
#7336 = CARTESIAN_POINT ( 'NONE',  ( -1.783903996805087155, 13.90480324426319392, -14.09534554197410650 ) ) ;
#7337 = CARTESIAN_POINT ( 'NONE',  ( -6.502015155285758574, 17.32149913304451161, 10.69431115584768932 ) ) ;
#7338 = FACE_OUTER_BOUND ( 'NONE', #5397, .T. ) ;
#7339 = CARTESIAN_POINT ( 'NONE',  ( 13.16556307376510127, 3.999999999999996447, -5.507686957097277514 ) ) ;
#7340 = B_SPLINE_CURVE_WITH_KNOTS ( 'NONE', 3,
 ( #1484, #2057, #3783, #276, #2639, #5606, #4923, #6686, #1450, #2751, #6110, #384, #2715, #882, #5034, #7367 ),
 .UNSPECIFIED., .F., .F.,
 ( 4, 2, 2, 2, 2, 2, 2, 4 ),
 ( 0.000000000000000000, 0.0005078598180034132057, 0.001015719636006826411, 0.001523579454010239725, 0.002031439272013652823, 0.002539299090017065920, 0.003047158908020479451, 0.004062878544027304778 ),
 .UNSPECIFIED. ) ;
#7341 = CARTESIAN_POINT ( 'NONE',  ( -11.30028506792160847, 4.678371526212228737, 9.864347445916470392 ) ) ;
#7342 = CARTESIAN_POINT ( 'NONE',  ( -5.847523184858961720, 3.287421879862404861, -13.81401337841943722 ) ) ;
#7343 = CARTESIAN_POINT ( 'NONE',  ( -5.819760849812073644, 4.283487441372495930, -13.83883922189137827 ) ) ;
#7344 = CARTESIAN_POINT ( 'NONE',  ( -1.499871338450111891, 15.39308095162514078, 13.67595811331038114 ) ) ;
#7345 = CARTESIAN_POINT ( 'NONE',  ( 14.15555555555555500, 4.999999999999996447, -1.812984715944102154 ) ) ;
#7346 = CARTESIAN_POINT ( 'NONE',  ( -2.719477073916150456, 12.99999999999999822, -14.73333333333333073 ) ) ;
#7347 = CARTESIAN_POINT ( 'NONE',  ( 0.09521383145917865221, 16.46410161513775705, -13.00000000000000000 ) ) ;
#7348 = DIRECTION ( 'NONE',  ( -0.000000000000000000, 1.000000000000000000, -0.000000000000000000 ) ) ;
#7349 = CARTESIAN_POINT ( 'NONE',  ( 5.149045486691714579, 3.932679644397246932, -14.08879175549155249 ) ) ;
#7350 = CARTESIAN_POINT ( 'NONE',  ( -14.71428571428572063, 4.999999999999998224, -2.913725436338744590 ) ) ;
#7351 = CARTESIAN_POINT ( 'NONE',  ( -12.99038105676657118, 4.999999999999996447, 7.500000000000009770 ) ) ;
#7352 = CARTESIAN_POINT ( 'NONE',  ( 0.3950969483952507799, 3.997937849271231414, -14.03095902066377221 ) ) ;
#7353 = CARTESIAN_POINT ( 'NONE',  ( -11.67465946006909583, 14.33182026815250332, -9.170694062176030670 ) ) ;
#7354 = CARTESIAN_POINT ( 'NONE',  ( -14.09059681383831908, 15.55649591536800358, -2.602773140913461347 ) ) ;
#7355 = CARTESIAN_POINT ( 'NONE',  ( 12.04257941078617122, 16.93077057452694945, -5.146741385182963313 ) ) ;
#7356 = CARTESIAN_POINT ( 'NONE',  ( -6.729961578913653319, 17.30111769636926766, -10.59811666728750801 ) ) ;
#7357 = CARTESIAN_POINT ( 'NONE',  ( -14.16528503307116615, 4.366773803862665559, -4.934216562120167460 ) ) ;
#7358 = VECTOR ( 'NONE', #5068, 1000.000000000000000 ) ;
#7359 = DIRECTION ( 'NONE',  ( 0.000000000000000000, 0.000000000000000000, 1.000000000000000000 ) ) ;
#7360 = VERTEX_POINT ( 'NONE', #6387 ) ;
#7361 = EDGE_CURVE ( 'NONE', #2909, #1928, #3491, .T. ) ;
#7362 = CARTESIAN_POINT ( 'NONE',  ( 8.733115507161393509, 3.984706786667134626, -12.20187832141419193 ) ) ;
#7363 = CARTESIAN_POINT ( 'NONE',  ( 9.518180157919941209, 15.08930232780942049, -11.03714807796688646 ) ) ;
#7364 = AXIS2_PLACEMENT_3D ( 'NONE', #2088, #3855, #6172 ) ;
#7365 = CARTESIAN_POINT ( 'NONE',  ( -8.647868598458273937, 12.99999999999999822, 11.35257835782100955 ) ) ;
#7366 = ORIENTED_EDGE ( 'NONE', *, *, #1123, .F. ) ;
#7367 = CARTESIAN_POINT ( 'NONE',  ( 2.602085213965210642E-15, 2.999999999999996447, 15.00000000000000000 ) ) ;
#7368 = CARTESIAN_POINT ( 'NONE',  ( 11.67542540137590557, 4.106013060889038613, -8.122454553271969857 ) ) ;
#7369 = ORIENTED_EDGE ( 'NONE', *, *, #4370, .T. ) ;
#7370 = CARTESIAN_POINT ( 'NONE',  ( 12.99038105676658184, 2.999999999999996447, 7.499999999999997335 ) ) ;
#7371 = EDGE_CURVE ( 'NONE', #2674, #5932, #3251, .T. ) ;
#7372 = AXIS2_PLACEMENT_3D ( 'NONE', #1377, #3168, #3858 ) ;
#7373 = CARTESIAN_POINT ( 'NONE',  ( 11.14333578425696558, 15.12475765911630177, 8.268439617981035994 ) ) ;
#7374 = CARTESIAN_POINT ( 'NONE',  ( 11.33054048223469046, 13.76263167335938320, 8.618457196795301201 ) ) ;
#7375 = VERTEX_POINT ( 'NONE', #87 ) ;
#7376 = CARTESIAN_POINT ( 'NONE',  ( -13.10020496421279645, 13.89581248135484337, 5.502846503033518744 ) ) ;
#7377 = CARTESIAN_POINT ( 'NONE',  ( 13.16556307376510127, 12.99999999999999822, -5.507686957097276625 ) ) ;
#7378 = CARTESIAN_POINT ( 'NONE',  ( -14.19980794528325063, 12.99999999999999822, -4.833782609620614679 ) ) ;
#7379 = EDGE_CURVE ( 'NONE', #200, #5516, #1314, .T. ) ;
#7380 = LINE ( 'NONE', #140, #2614 ) ;
#7381 = CARTESIAN_POINT ( 'NONE',  ( -11.56877396729906771, 4.230181196864314153, 8.324284977839992550 ) ) ;
#7382 = CARTESIAN_POINT ( 'NONE',  ( -2.913725436338731267, 12.99999999999999822, 14.71428571428571352 ) ) ;
#7383 = CARTESIAN_POINT ( 'NONE',  ( 11.79640656436479773, 3.463178456121497106, 9.266352312794140289 ) ) ;
#7384 = DIRECTION ( 'NONE',  ( -1.000000000000000000, 0.000000000000000000, 1.156482317317871971E-16 ) ) ;
#7385 = CARTESIAN_POINT ( 'NONE',  ( 1.812984715944103709, 12.99999999999999645, 14.15555555555555500 ) ) ;
#7386 = CARTESIAN_POINT ( 'NONE',  ( -14.91739096781705776, 4.080934495940375939, 1.646105641417468624 ) ) ;
#7387 = FACE_OUTER_BOUND ( 'NONE', #7062, .T. ) ;
#7388 = CARTESIAN_POINT ( 'NONE',  ( 1.812984715944099046, 4.999999999999996447, -14.15555555555555500 ) ) ;
#7389 = CARTESIAN_POINT ( 'NONE',  ( 4.994184175500301137, 4.215475591700885261, 14.14442632104386632 ) ) ;
#7390 = CARTESIAN_POINT ( 'NONE',  ( -9.290267668508228383, 13.27382815172665609, -11.80280946324172930 ) ) ;
#7391 = CARTESIAN_POINT ( 'NONE',  ( 8.640511164855970705, 4.847554636631859815, 11.35813894050319384 ) ) ;
#7392 = CARTESIAN_POINT ( 'NONE',  ( 11.87866946341451246, 16.85085737450785359, -5.826492595920604423 ) ) ;
#7393 = CARTESIAN_POINT ( 'NONE',  ( -13.90535253665184712, 4.530546518778113985, -5.670694106942758772 ) ) ;
#7394 = CARTESIAN_POINT ( 'NONE',  ( -7.500000000000185629, 4.003567649046306798, -11.90598573715167063 ) ) ;
#7395 = CARTESIAN_POINT ( 'NONE',  ( -1.852566035876789918, 16.71312311240654580, -13.22846863152638264 ) ) ;
#7396 = VERTEX_POINT ( 'NONE', #3650 ) ;
#7397 = CARTESIAN_POINT ( 'NONE',  ( 8.477816314114939189, 4.401344754123196701, -11.47315234143889562 ) ) ;
#7398 = CARTESIAN_POINT ( 'NONE',  ( 6.839053837578412676, 16.42815922429076991, 11.10034834087724143 ) ) ;
#7399 = CARTESIAN_POINT ( 'NONE',  ( 8.484993807777197361, 3.060284748218929707, 12.37061866345957206 ) ) ;
#7400 = ORIENTED_EDGE ( 'NONE', *, *, #4489, .F. ) ;
#7401 = EDGE_CURVE ( 'NONE', #5919, #7043, #1920, .T. ) ;
#7402 = CARTESIAN_POINT ( 'NONE',  ( -11.04589275569558637, 15.65293292630088118, 7.979470232669702234 ) ) ;
#7403 = CARTESIAN_POINT ( 'NONE',  ( 11.85308776604701286, 4.008811356518027225, -7.660626108157905456 ) ) ;
#7404 = VERTEX_POINT ( 'NONE', #703 ) ;
#7405 = CARTESIAN_POINT ( 'NONE',  ( -8.647868598458275713, 4.922981599811110165, 11.35257835782101310 ) ) ;
#7406 = CARTESIAN_POINT ( 'NONE',  ( 11.38731609600232275, 15.40047773549977883, 8.823303108064587619 ) ) ;
#7407 = CARTESIAN_POINT ( 'NONE',  ( 11.16598246369236591, 16.45601103265699194, 6.675046944788133096 ) ) ;
#7408 = ORIENTED_EDGE ( 'NONE', *, *, #6078, .T. ) ;
#7409 = ADVANCED_FACE ( 'NONE', ( #123 ), #60, .T. ) ;
#7410 =( NAMED_UNIT ( * ) SI_UNIT ( $, .STERADIAN. ) SOLID_ANGLE_UNIT ( ) );
#7411 = DIRECTION ( 'NONE',  ( 0.000000000000000000, -1.000000000000000000, 0.000000000000000000 ) ) ;
#7412 = CARTESIAN_POINT ( 'NONE',  ( -8.072965158353982318, 2.994285338930128937, -12.64660182385011922 ) ) ;
#7413 = B_SPLINE_CURVE_WITH_KNOTS ( 'NONE', 3,
 ( #1391, #817, #3727, #6047, #2570, #4394, #3793, #7265, #4898, #1496, #5509, #4357, #928, #6658, #3872, #4323 ),
 .UNSPECIFIED., .F., .F.,
 ( 4, 2, 2, 2, 2, 2, 2, 4 ),
 ( 0.000000000000000000, 0.0009985881523668590533, 0.001497882228550289664, 0.001997176304733720709, 0.002496470380917151753, 0.002995764457100581930, 0.003495058533284012975, 0.003994352609467444019 ),
 .UNSPECIFIED. ) ;
#7414 =( NAMED_UNIT ( * ) PLANE_ANGLE_UNIT ( ) SI_UNIT ( $, .RADIAN. ) );
#7415 = CARTESIAN_POINT ( 'NONE',  ( -6.851218418953362921, 16.42540762683183786, 11.09616347955714488 ) ) ;
#7416 = CARTESIAN_POINT ( 'NONE',  ( 5.515559541031750612, 15.14124894725578052, -12.72913956773635569 ) ) ;
#7417 = CARTESIAN_POINT ( 'NONE',  ( 10.75202076438242749, 17.32959717367248587, 6.378483251638334295 ) ) ;
#7418 = CARTESIAN_POINT ( 'NONE',  ( -8.252991595866014052, 4.177885365146818408, -11.60837507575572936 ) ) ;
#7419 = CARTESIAN_POINT ( 'NONE',  ( -1.393687731737242030, 15.64112245143654434, 13.56179337199081658 ) ) ;
#7420 = EDGE_CURVE ( 'NONE', #7450, #3572, #158, .T. ) ;
#7421 = CARTESIAN_POINT ( 'NONE',  ( -5.507686957097260638, 3.999999999999996447, 13.16556307376510659 ) ) ;
#7422 = CARTESIAN_POINT ( 'NONE',  ( 1.849404276323560303, 16.70454744069783359, -13.23141788603454572 ) ) ;
#7423 = CARTESIAN_POINT ( 'NONE',  ( 6.205409209409363136, 3.982382847479346122, -13.66177648649597387 ) ) ;
#7424 = DIRECTION ( 'NONE',  ( 0.000000000000000000, 0.000000000000000000, 1.000000000000000000 ) ) ;
#7425 = ORIENTED_EDGE ( 'NONE', *, *, #1775, .T. ) ;
#7426 = CARTESIAN_POINT ( 'NONE',  ( 11.23264948257299167, 14.60307489079304233, -8.461536008081694149 ) ) ;
#7427 = DIRECTION ( 'NONE',  ( 0.000000000000000000, 0.000000000000000000, -1.000000000000000000 ) ) ;
#7428 = CARTESIAN_POINT ( 'NONE',  ( -12.88157013839157550, 17.03592563587023179, 1.362230027217700812 ) ) ;
#7429 = CARTESIAN_POINT ( 'NONE',  ( -13.83974260910998133, 14.08273162050474347, -5.542833822479632744 ) ) ;
#7430 = EDGE_CURVE ( 'NONE', #5260, #2449, #4936, .T. ) ;
#7431 = CARTESIAN_POINT ( 'NONE',  ( 10.98081102667519460, 16.86433506345922950, -7.357726306111083581 ) ) ;
#7432 = FACE_OUTER_BOUND ( 'NONE', #18, .T. ) ;
#7433 = CARTESIAN_POINT ( 'NONE',  ( -5.617718256353424700, 3.436560184660547801, -13.90906374865488537 ) ) ;
#7434 = CARTESIAN_POINT ( 'NONE',  ( -12.12435565298213369, 2.999999999999996447, 7.000000000000009770 ) ) ;
#7435 = DIRECTION ( 'NONE',  ( -0.000000000000000000, 1.000000000000000000, -0.000000000000000000 ) ) ;
#7436 = CARTESIAN_POINT ( 'NONE',  ( 10.47611640602089444, 17.08802487472234688, -7.493756013627287160 ) ) ;
#7437 = CARTESIAN_POINT ( 'NONE',  ( 2.156972549212875290, 16.37846897095928966, 13.52320933079798415 ) ) ;
#7438 = B_SPLINE_CURVE_WITH_KNOTS ( 'NONE', 3,
 ( #4709, #5899, #6469, #1845, #7532, #5315, #4181, #5787 ),
 .UNSPECIFIED., .F., .F.,
 ( 4, 2, 2, 4 ),
 ( 0.000000000000000000, 0.0002232061486183164014, 0.0004464122972366328028, 0.0008928245944732656056 ),
 .UNSPECIFIED. ) ;
#7439 = CARTESIAN_POINT ( 'NONE',  ( 8.621448013977543567, 3.095467947649501284, 12.27583369219901321 ) ) ;
#7440 =( BOUNDED_SURFACE ( )  B_SPLINE_SURFACE ( 3, 2, ( 
 ( #3006, #22, #2921 ),
 ( #1323, #2359, #4752 ),
 ( #5327, #3541, #5865 ),
 ( #7087, #2475, #637 ),
 ( #5287, #4797, #62 ),
 ( #2397, #4149, #3587 ),
 ( #1857, #7128, #4192 ),
 ( #5910, #99, #1288 ),
 ( #3629, #715, #5945 ),
 ( #4871, #5480, #7201 ),
 ( #1403, #256, #6095 ),
 ( #366, #4299, #6020 ),
 ( #3848, #296, #2076 ),
 ( #903, #3738, #2008 ),
 ( #2041, #4366, #3265 ),
 ( #3157, #4333, #863 ),
 ( #3232, #6703, #2696 ),
 ( #6163, #1467, #7350 ) ),
 .UNSPECIFIED., .F., .F., .T. ) 
 B_SPLINE_SURFACE_WITH_KNOTS ( ( 4, 2, 2, 2, 2, 2, 2, 2, 4 ),
 ( 3, 3 ),
 ( 0.001001835143902674898, 0.001483160195672278154, 0.001964485247441881410, 0.002445810299211484667, 0.002927135350981087923, 0.003408460402750691180, 0.003889785454520294436, 0.004371110506289898126, 0.004852435558059500949 ),
 ( 0.000000000000000000, 1.000000000000000000 ),
 .UNSPECIFIED. ) 
 GEOMETRIC_REPRESENTATION_ITEM ( )  RATIONAL_B_SPLINE_SURFACE ( (
 ( 1.000000000000000000, 0.7071067811865473507, 1.000000000000000000),
 ( 1.000000000000000000, 0.7068862653317184996, 1.000000000000000000),
 ( 1.000000000000000000, 0.7152614521123077385, 1.000000000000000000),
 ( 1.000000000000000000, 0.7353188346932746366, 1.000000000000000000),
 ( 1.000000000000000000, 0.7463742780417124134, 1.000000000000000000),
 ( 1.000000000000000000, 0.7639171294620321628, 1.000000000000000000),
 ( 1.000000000000000000, 0.7705876985465455187, 1.000000000000000000),
 ( 1.000000000000000000, 0.7802728411342633175, 1.000000000000000000),
 ( 1.000000000000000000, 0.7834142574741880249, 1.000000000000000000),
 ( 1.000000000000000000, 0.7873757974864661335, 1.000000000000000000),
 ( 1.000000000000000000, 0.7882590930830436493, 1.000000000000000000),
 ( 1.000000000000000000, 0.7889663206215277169, 1.000000000000000000),
 ( 1.000000000000000000, 0.7887727214691885314, 1.000000000000000000),
 ( 1.000000000000000000, 0.7881288200425319301, 1.000000000000000000),
 ( 1.000000000000000000, 0.7876692935216053071, 1.000000000000000000),
 ( 1.000000000000000000, 0.7870063584361887132, 1.000000000000000000),
 ( 1.000000000000000000, 0.7867917697739860161, 1.000000000000000000),
 ( 1.000000000000000000, 0.7867957924694420901, 1.000000000000000000) ) ) 
 REPRESENTATION_ITEM ( '' )  SURFACE ( )  );
#7441 = CARTESIAN_POINT ( 'NONE',  ( 11.28608250894451892, 4.999999999999996447, 9.880503104665097069 ) ) ;
#7442 = AXIS2_PLACEMENT_3D ( 'NONE', #6479, #1644, #677 ) ;
#7443 = CARTESIAN_POINT ( 'NONE',  ( 11.92306566418569780, 4.361631949948354681, -9.125215649537659957 ) ) ;
#7444 = ORIENTED_EDGE ( 'NONE', *, *, #4656, .F. ) ;
#7445 = CARTESIAN_POINT ( 'NONE',  ( -0.1741974690278722537, 17.03660441533995851, -13.00533352537149767 ) ) ;
#7446 = CARTESIAN_POINT ( 'NONE',  ( 11.02195709544281854, 15.78725876297865405, 7.875957819394817427 ) ) ;
#7447 = CIRCLE ( 'NONE', #6960, 1.000000000000000888 ) ;
#7448 = AXIS2_PLACEMENT_3D ( 'NONE', #5983, #104, #2319 ) ;
#7449 = CARTESIAN_POINT ( 'NONE',  ( -10.99216877284943905, 15.99964016520268117, 7.674809355097368169 ) ) ;
#7450 = VERTEX_POINT ( 'NONE', #203 ) ;
#7451 = CARTESIAN_POINT ( 'NONE',  ( -7.500000000000001776, 2.999999999999996447, -12.99038105676657828 ) ) ;
#7452 = CARTESIAN_POINT ( 'NONE',  ( -6.422582193937819817, 16.46439443573020966, 11.30271510139137447 ) ) ;
#7453 = CARTESIAN_POINT ( 'NONE',  ( 7.062913610235800554, 16.36206807681249842, -11.03734990865302024 ) ) ;
#7454 = AXIS2_PLACEMENT_3D ( 'NONE', #6170, #944, #2778 ) ;
#7455 = CIRCLE ( 'NONE', #1111, 1.000000000000000888 ) ;
#7456 = EDGE_CURVE ( 'NONE', #7375, #2449, #4619, .T. ) ;
#7457 = CARTESIAN_POINT ( 'NONE',  ( -11.28608251410097729, 4.837498224088121468, 9.880503098775088588 ) ) ;
#7458 = ORIENTED_EDGE ( 'NONE', *, *, #2812, .F. ) ;
#7459 = CARTESIAN_POINT ( 'NONE',  ( 12.54321905559907790, 17.30111769636926411, -0.5292593601886982357 ) ) ;
#7460 = CARTESIAN_POINT ( 'NONE',  ( -1.564080919115728774, 16.93077057452700274, 13.00255038942368557 ) ) ;
#7461 = AXIS2_PLACEMENT_3D ( 'NONE', #3228, #2037, #6776 ) ;
#7462 = AXIS2_PLACEMENT_3D ( 'NONE', #5248, #1783, #6436 ) ;
#7463 = CARTESIAN_POINT ( 'NONE',  ( 2.882072206082878729, 14.06966301368916383, -14.63290822845399575 ) ) ;
#7464 = CARTESIAN_POINT ( 'NONE',  ( 5.507686957097267744, 4.999999999999996447, -13.16556307376510482 ) ) ;
#7465 = CARTESIAN_POINT ( 'NONE',  ( -14.86666666717658103, 4.903130381076451272, 2.144203072832747026 ) ) ;
#7466 = ORIENTED_EDGE ( 'NONE', *, *, #1955, .F. ) ;
#7467 = EDGE_CURVE ( 'NONE', #4047, #7174, #6168, .T. ) ;
#7468 = CARTESIAN_POINT ( 'NONE',  ( 5.147924617829673366, 3.934431103140405561, 14.08919953934216096 ) ) ;
#7469 = CARTESIAN_POINT ( 'NONE',  ( -10.50646263419215742, 16.80181036654467164, -8.083900002778474203 ) ) ;
#7470 = CARTESIAN_POINT ( 'NONE',  ( 12.64227951688194374, 15.30520404997198369, -5.529999745402835565 ) ) ;
#7471 = DIRECTION ( 'NONE',  ( -0.000000000000000000, -1.000000000000000000, 0.000000000000000000 ) ) ;
#7472 = CARTESIAN_POINT ( 'NONE',  ( -7.500000000000001776, 2.999999999999996447, -12.99038105676657828 ) ) ;
#7473 = DIRECTION ( 'NONE',  ( -0.000000000000000000, -1.000000000000000000, -0.000000000000000000 ) ) ;
#7474 = DIRECTION ( 'NONE',  ( 0.000000000000000000, 0.000000000000000000, -1.000000000000000000 ) ) ;
#7475 = EDGE_CURVE ( 'NONE', #6710, #3003, #4084, .T. ) ;
#7476 = CARTESIAN_POINT ( 'NONE',  ( -14.19980794528324886, 4.999999999999996447, -4.833782609620614679 ) ) ;
#7477 = CARTESIAN_POINT ( 'NONE',  ( 12.39054607974009414, 16.69940669386572196, -5.011617705580557747 ) ) ;
#7478 = CARTESIAN_POINT ( 'NONE',  ( 5.498563259555240279, 14.51205696741441820, 12.97400400198234749 ) ) ;
#7479 = CARTESIAN_POINT ( 'NONE',  ( -0.1705799314679277701, 2.999999999931400207, -14.99999999999999822 ) ) ;
#7480 = AXIS2_PLACEMENT_3D ( 'NONE', #3150, #209, #5514 ) ;
#7481 = CARTESIAN_POINT ( 'NONE',  ( -6.754087555003694732, 17.29005908467788188, 10.60013029777101679 ) ) ;
#7482 = CARTESIAN_POINT ( 'NONE',  ( -11.28608250894450649, 12.99999999999999822, 9.880503104665109504 ) ) ;
#7483 = VERTEX_POINT ( 'NONE', #3145 ) ;
#7484 = CARTESIAN_POINT ( 'NONE',  ( 0.9936359200582020046, 16.14461645573611293, -13.25859878421624494 ) ) ;
#7485 = CARTESIAN_POINT ( 'NONE',  ( 10.98151763466115582, 16.66860712098377562, 7.735708776789525842 ) ) ;
#7486 = CIRCLE ( 'NONE', #4316, 0.9999999999999991118 ) ;
#7487 = CARTESIAN_POINT ( 'NONE',  ( 11.24889746808177904, 14.51205696741442175, 8.486535424740072386 ) ) ;
#7488 = ORIENTED_EDGE ( 'NONE', *, *, #6438, .T. ) ;
#7489 = AXIS2_PLACEMENT_3D ( 'NONE', #3712, #1480, #7253 ) ;
#7490 = CARTESIAN_POINT ( 'NONE',  ( -14.86666666386080671, 13.27412191024540533, -2.144203076938076880 ) ) ;
#7491 = CARTESIAN_POINT ( 'NONE',  ( -6.939315160833032792, 16.40289631554419358, 11.06845627942985821 ) ) ;
#7492 = CARTESIAN_POINT ( 'NONE',  ( 6.463398884759445018, 17.32944964589914960, -10.70324058552173696 ) ) ;
#7493 = CARTESIAN_POINT ( 'NONE',  ( -12.90439479676255274, 3.999999999495609693, 7.648932570987323487 ) ) ;
#7494 = EDGE_LOOP ( 'NONE', ( #6108, #2017, #3959, #2261 ) ) ;
#7495 = DIRECTION ( 'NONE',  ( -0.000000000000000000, 1.000000000000000000, -0.000000000000000000 ) ) ;
#7496 = DIRECTION ( 'NONE',  ( 1.734723475976807883E-15, 0.000000000000000000, 1.000000000000000000 ) ) ;
#7497 = CARTESIAN_POINT ( 'NONE',  ( 11.56786092247243758, 4.231589228635370681, 8.325798638595731660 ) ) ;
#7498 = CARTESIAN_POINT ( 'NONE',  ( -13.60624047146664672, 3.096679977797670347, 6.316279372298289729 ) ) ;
#7499 = CARTESIAN_POINT ( 'NONE',  ( 2.080414384024059427, 4.622023400374331459, 14.87357150862588107 ) ) ;
#7500 = CARTESIAN_POINT ( 'NONE',  ( -14.99999999995419664, 3.999999999495746916, 0.1719725199277978844 ) ) ;
#7501 = ORIENTED_EDGE ( 'NONE', *, *, #2434, .F. ) ;
#7502 = CARTESIAN_POINT ( 'NONE',  ( 11.76582837061583042, 4.030426008847133090, 7.923096703112126882 ) ) ;
#7503 = CARTESIAN_POINT ( 'NONE',  ( 5.576398993753693745, 4.903143899974544695, 13.94701254326179729 ) ) ;
#7504 = CARTESIAN_POINT ( 'NONE',  ( -8.647868597861087636, 13.22779987598785212, -11.35257835740245191 ) ) ;
#7505 = CARTESIAN_POINT ( 'NONE',  ( -13.66506891151876779, 16.19641629605645150, 2.278690141905954647 ) ) ;
#7506 = CARTESIAN_POINT ( 'NONE',  ( -9.627642411143524370, 3.934431103140473063, 11.50283326547884144 ) ) ;
#7507 = EDGE_CURVE ( 'NONE', #6617, #2221, #2607, .T. ) ;
#7508 = CYLINDRICAL_SURFACE ( 'NONE', #6488, 1.000000000000000888 ) ;
#7509 = FACE_OUTER_BOUND ( 'NONE', #3894, .T. ) ;
#7510 = DIRECTION ( 'NONE',  ( 0.000000000000000000, 0.000000000000000000, 1.000000000000000000 ) ) ;
#7511 = CYLINDRICAL_SURFACE ( 'NONE', #2945, 1.999999999999998224 ) ;
#7512 = CARTESIAN_POINT ( 'NONE',  ( 13.76155985353909195, 15.08930232780941871, -4.799360541889945431 ) ) ;
#7513 = CARTESIAN_POINT ( 'NONE',  ( 8.647868598458291700, 13.38415849608138686, 11.35257835782100067 ) ) ;
#7514 = CARTESIAN_POINT ( 'NONE',  ( 9.742123800739941331, 4.186732713191919864, 11.40607333130084911 ) ) ;
#7515 = ADVANCED_FACE ( 'NONE', ( #888 ), #5467, .T. ) ;
#7516 = DIRECTION ( 'NONE',  ( 0.000000000000000000, 0.000000000000000000, 1.000000000000000000 ) ) ;
#7517 = CARTESIAN_POINT ( 'NONE',  ( 11.97599627978444303, 3.283103708752108219, -9.033086712657850015 ) ) ;
#7518 = VERTEX_POINT ( 'NONE', #4896 ) ;
#7519 = CARTESIAN_POINT ( 'NONE',  ( 1.614119421057540915, 15.03165809364147343, -13.81842099024194503 ) ) ;
#7520 = CARTESIAN_POINT ( 'NONE',  ( 1.162910856758919920, 3.060284748218927930, 14.95576692697448351 ) ) ;
#7521 = ORIENTED_EDGE ( 'NONE', *, *, #4378, .T. ) ;
#7522 = LINE ( 'NONE', #6373, #261 ) ;
#7523 = CARTESIAN_POINT ( 'NONE',  ( -9.794073022835391384, 4.343064212564023308, -11.36125930283050245 ) ) ;
#7524 = CARTESIAN_POINT ( 'NONE',  ( -13.13899139180580100, 16.30222877997778852, -0.7362215276979906520 ) ) ;
#7525 = CARTESIAN_POINT ( 'NONE',  ( 5.936459091644291419, 16.31414662415538785, -11.73513215752057626 ) ) ;
#7526 = DIRECTION ( 'NONE',  ( -0.000000000000000000, -1.000000000000000000, -0.000000000000000000 ) ) ;
#7527 = VERTEX_POINT ( 'NONE', #5003 ) ;
#7528 = CARTESIAN_POINT ( 'NONE',  ( 13.73333333333333250, -2.000000000000000000, 2.719477073916149124 ) ) ;
#7529 = ORIENTED_EDGE ( 'NONE', *, *, #2136, .T. ) ;
#7530 = CARTESIAN_POINT ( 'NONE',  ( -2.719477073916149124, 4.999999999999996447, 13.73333333333333073 ) ) ;
#7531 = CARTESIAN_POINT ( 'NONE',  ( 0.000000000000000000, -2.000000000000000000, 0.000000000000000000 ) ) ;
#7532 = CARTESIAN_POINT ( 'NONE',  ( -13.13752078182983141, 4.633999664551055275, -5.572058775767664507 ) ) ;
#7533 = CARTESIAN_POINT ( 'NONE',  ( 11.35257835740254251, 13.22779987598784857, -8.647868597861224416 ) ) ;
#7534 = ORIENTED_EDGE ( 'NONE', *, *, #4156, .F. ) ;
#7535 = CARTESIAN_POINT ( 'NONE',  ( 14.13703744229555248, 4.032479215937830652, -0.9220730286383694851 ) ) ;
#7536 = CARTESIAN_POINT ( 'NONE',  ( 13.12874233373501731, 16.81363579182235668, -1.732437482217235702 ) ) ;
#7537 = CARTESIAN_POINT ( 'NONE',  ( -13.94701254050573525, 13.27382815172663122, -5.576398996940486796 ) ) ;
#7538 = ORIENTED_EDGE ( 'NONE', *, *, #5079, .F. ) ;
#7539 = CARTESIAN_POINT ( 'NONE',  ( -9.864292588004762052, 4.678312227110536625, 11.30033208034081404 ) ) ;
#7540 = CYLINDRICAL_SURFACE ( 'NONE', #6609, 1.000000000000000888 ) ;
#7541 = CARTESIAN_POINT ( 'NONE',  ( 0.000000000000000000, 7.000000000000000000, 0.000000000000000000 ) ) ;
#7542 = CARTESIAN_POINT ( 'NONE',  ( -6.320459823088485862, 3.095467947649500839, 13.60430984361095419 ) ) ;
#7543 = CARTESIAN_POINT ( 'NONE',  ( 8.607123545313255519, 4.683386901737500274, 11.38277636701951856 ) ) ;
#7544 = DIRECTION ( 'NONE',  ( 0.000000000000000000, -1.000000000000000000, 0.000000000000000000 ) ) ;
#7545 = EDGE_CURVE ( 'NONE', #646, #2355, #4931, .T. ) ;
#7546 = CARTESIAN_POINT ( 'NONE',  ( 2.602085213965210642E-15, 4.999999999999996447, 15.00000000000000000 ) ) ;
#7547 = CARTESIAN_POINT ( 'NONE',  ( -6.136310843199636267, 16.99830047610587869, 11.52251658619710994 ) ) ;
#7548 = CARTESIAN_POINT ( 'NONE',  ( -0.3852474579109048114, 16.42540762683184496, 13.03516866731829893 ) ) ;
#7549 = CARTESIAN_POINT ( 'NONE',  ( -15.00000000000000000, 2.999999999999996447, 0.000000000000000000 ) ) ;
#7550 = CARTESIAN_POINT ( 'NONE',  ( -13.16556307376510659, 4.999999999999997335, 5.507686957097277514 ) ) ;
#7551 = VERTEX_POINT ( 'NONE', #5577 ) ;
#7552 = CARTESIAN_POINT ( 'NONE',  ( 0.1573421432878294168, 16.46355971662075746, -13.00050057827102457 ) ) ;
#7553 = CARTESIAN_POINT ( 'NONE',  ( 10.52964275591729582, 17.23293512505067682, 7.032529248039131708 ) ) ;
#7554 = ADVANCED_FACE ( 'NONE', ( #4285 ), #5544, .T. ) ;
#7555 = CARTESIAN_POINT ( 'NONE',  ( 2.255710239884079371, 3.565920217497934086, -14.82988478759348361 ) ) ;
#7556 = ORIENTED_EDGE ( 'NONE', *, *, #2627, .F. ) ;
#7557 = CARTESIAN_POINT ( 'NONE',  ( 6.037578807499045297, 17.32944964589896131, 10.94908792175475476 ) ) ;
#7558 = CARTESIAN_POINT ( 'NONE',  ( -14.84456048424114094, 13.54305173103467475, -2.139914543521719725 ) ) ;
#7559 = CARTESIAN_POINT ( 'NONE',  ( 6.196454175217818161, 16.42786290564338358, -11.47172028253316256 ) ) ;
#7560 = EDGE_CURVE ( 'NONE', #4499, #7396, #2620, .T. ) ;
ENDSEC;
END-ISO-10303-21;
