ISO-10303-21;
HEADER;
FILE_DESCRIPTION (( 'STEP AP214' ),
    '1' );
FILE_NAME ('Подставка.STEP',
    '2026-08-17T03:32:38',
    ( 'Пользователь Windows' ),
    ( '' ),
    'SwSTEP 2.0',
    'SolidWorks 2023',
    '' );
FILE_SCHEMA (( 'AUTOMOTIVE_DESIGN' ));
ENDSEC;

DATA;
#1 = ORIENTED_EDGE ( 'NONE', *, *, #5920, .F. ) ;
#2 = DIRECTION ( 'NONE',  ( 0.000000000000000000, 0.000000000000000000, -1.000000000000000000 ) ) ;
#3 = LINE ( 'NONE', #4507, #7916 ) ;
#4 = ORIENTED_EDGE ( 'NONE', *, *, #806, .F. ) ;
#5 = ORIENTED_EDGE ( 'NONE', *, *, #286, .T. ) ;
#6 = DIRECTION ( 'NONE',  ( -1.000000000000000000, 0.000000000000000000, 0.000000000000000000 ) ) ;
#7 = LINE ( 'NONE', #3783, #5644 ) ;
#8 = EDGE_CURVE ( 'NONE', #7308, #2643, #3327, .T. ) ;
#9 = DIRECTION ( 'NONE',  ( -1.000000000000000000, 0.000000000000000000, 0.000000000000000000 ) ) ;
#10 = CARTESIAN_POINT ( 'NONE',  ( 50.92608499445506709, 0.000000000000000000, 27.80000000000000071 ) ) ;
#11 = ORIENTED_EDGE ( 'NONE', *, *, #5336, .F. ) ;
#12 = ORIENTED_EDGE ( 'NONE', *, *, #710, .F. ) ;
#13 = CYLINDRICAL_SURFACE ( 'NONE', #6345, 1.000000000000000000 ) ;
#14 = VERTEX_POINT ( 'NONE', #1261 ) ;
#15 = DIRECTION ( 'NONE',  ( 0.000000000000000000, -1.000000000000000000, -1.372378306233987934E-16 ) ) ;
#16 = CARTESIAN_POINT ( 'NONE',  ( -40.64749144189604380, -56.85171882381155939, -9.885786437626917333 ) ) ;
#17 = ORIENTED_EDGE ( 'NONE', *, *, #4666, .T. ) ;
#18 = CARTESIAN_POINT ( 'NONE',  ( -36.76669328661356673, -57.87159423634819433, -12.29426243255161921 ) ) ;
#19 = CARTESIAN_POINT ( 'NONE',  ( -37.79370263020427245, -55.99740511025148493, -12.24280904158208649 ) ) ;
#20 = EDGE_CURVE ( 'NONE', #2428, #3117, #5942, .T. ) ;
#21 = VECTOR ( 'NONE', #7000, 1000.000000000000000 ) ;
#22 = DIRECTION ( 'NONE',  ( 1.000000000000000000, 0.000000000000000000, 0.000000000000000000 ) ) ;
#23 = EDGE_LOOP ( 'NONE', ( #3421, #2242, #7259, #2250 ) ) ;
#24 = DIRECTION ( 'NONE',  ( 0.7071067811865451302, 0.000000000000000000, 0.7071067811865500152 ) ) ;
#25 = VECTOR ( 'NONE', #3575, 1000.000000000000000 ) ;
#26 = PLANE ( 'NONE',  #7053 ) ;
#27 = CONICAL_SURFACE ( 'NONE', #844, 4.999999999999984013, 0.7853981633974488341 ) ;
#28 = ORIENTED_EDGE ( 'NONE', *, *, #6021, .F. ) ;
#29 = ADVANCED_FACE ( 'NONE', ( #4548 ), #5813, .T. ) ;
#30 = EDGE_CURVE ( 'NONE', #5452, #1739, #1511, .T. ) ;
#31 = DIRECTION ( 'NONE',  ( 4.718472037159306270E-17, 0.7071067811865500152, 0.7071067811865451302 ) ) ;
#32 = LINE ( 'NONE', #3192, #3122 ) ;
#33 = CARTESIAN_POINT ( 'NONE',  ( -2.106013736003486070, 15.77738981431040699, -50.97768782553013978 ) ) ;
#34 = DIRECTION ( 'NONE',  ( 0.000000000000000000, 0.000000000000000000, -1.000000000000000000 ) ) ;
#35 = DIRECTION ( 'NONE',  ( -0.3420201433256698231, 0.9396926207859080948, -0.000000000000000000 ) ) ;
#36 = VERTEX_POINT ( 'NONE', #6686 ) ;
#37 = CARTESIAN_POINT ( 'NONE',  ( -39.50033856919387176, -60.93157208991242157, 9.885786437626897794 ) ) ;
#38 = PLANE ( 'NONE',  #4040 ) ;
#39 = VECTOR ( 'NONE', #7858, 1000.000000000000000 ) ;
#40 = ORIENTED_EDGE ( 'NONE', *, *, #5822, .F. ) ;
#41 = EDGE_CURVE ( 'NONE', #3378, #3935, #2792, .T. ) ;
#42 = VERTEX_POINT ( 'NONE', #3417 ) ;
#43 = CARTESIAN_POINT ( 'NONE',  ( -38.46199138540062989, -55.32141520949571856, 12.89973861587233728 ) ) ;
#44 = CARTESIAN_POINT ( 'NONE',  ( -38.11958096839317989, -55.08165685434556735, 13.09766564080159235 ) ) ;
#45 = ORIENTED_EDGE ( 'NONE', *, *, #4539, .F. ) ;
#46 = CIRCLE ( 'NONE', #5251, 1.999999999999998224 ) ;
#47 = CARTESIAN_POINT ( 'NONE',  ( 50.92608499445506709, -11.35103731043577824, -27.80000000000000071 ) ) ;
#48 = DIRECTION ( 'NONE',  ( 0.000000000000000000, 0.000000000000000000, -1.000000000000000000 ) ) ;
#49 = CARTESIAN_POINT ( 'NONE',  ( -36.21702543234275851, -58.63257148118629658, -13.30000881912933508 ) ) ;
#50 = AXIS2_PLACEMENT_3D ( 'NONE', #235, #6835, #4904 ) ;
#51 = CARTESIAN_POINT ( 'NONE',  ( -60.45967341942196072, -1.595281072019528059E-15, 12.49999999999998757 ) ) ;
#52 = ORIENTED_EDGE ( 'NONE', *, *, #1716, .F. ) ;
#53 = AXIS2_PLACEMENT_3D ( 'NONE', #4133, #7393, #5349 ) ;
#54 = ORIENTED_EDGE ( 'NONE', *, *, #94, .T. ) ;
#55 = LINE ( 'NONE', #661, #311 ) ;
#56 = ORIENTED_EDGE ( 'NONE', *, *, #5020, .T. ) ;
#57 = EDGE_CURVE ( 'NONE', #2021, #6632, #1307, .T. ) ;
#58 = DIRECTION ( 'NONE',  ( -0.7071067811865742181, 0.000000000000000000, -0.7071067811865207053 ) ) ;
#59 = ORIENTED_EDGE ( 'NONE', *, *, #5227, .F. ) ;
#60 = CARTESIAN_POINT ( 'NONE',  ( -38.94174680789710408, -57.48578053149139322, -10.38693680747510051 ) ) ;
#61 = ORIENTED_EDGE ( 'NONE', *, *, #5297, .T. ) ;
#62 = CARTESIAN_POINT ( 'NONE',  ( -37.01542332639769484, -58.21992071564099547, -12.23504737182736513 ) ) ;
#63 = CARTESIAN_POINT ( 'NONE',  ( 7.051920282374118720, -28.33532952135472982, -128.0398730914872374 ) ) ;
#64 = CARTESIAN_POINT ( 'NONE',  ( 15.65556682763982366, -40.62261018568959514, -26.80000000000001847 ) ) ;
#65 = ORIENTED_EDGE ( 'NONE', *, *, #4007, .F. ) ;
#66 = AXIS2_PLACEMENT_3D ( 'NONE', #4359, #6876, #7617 ) ;
#67 = ADVANCED_FACE ( 'NONE', ( #7284 ), #2067, .F. ) ;
#68 = VECTOR ( 'NONE', #7384, 1000.000000000000000 ) ;
#69 = LINE ( 'NONE', #5993, #8284 ) ;
#70 = ORIENTED_EDGE ( 'NONE', *, *, #6551, .F. ) ;
#71 = CIRCLE ( 'NONE', #4455, 1.000000000000000888 ) ;
#72 = PLANE ( 'NONE',  #3190 ) ;
#73 = AXIS2_PLACEMENT_3D ( 'NONE', #3430, #3474, #7426 ) ;
#74 = CARTESIAN_POINT ( 'NONE',  ( -48.87933536532903389, 3.767778374742812630, 27.80000000000000426 ) ) ;
#75 = PLANE ( 'NONE',  #8441 ) ;
#76 = DIRECTION ( 'NONE',  ( 0.000000000000000000, 0.000000000000000000, -1.000000000000000000 ) ) ;
#77 = EDGE_CURVE ( 'NONE', #7884, #7320, #3982, .T. ) ;
#78 = CARTESIAN_POINT ( 'NONE',  ( -47.74395206774986633, 9.777389814310405214, -27.80000000000000071 ) ) ;
#79 = ORIENTED_EDGE ( 'NONE', *, *, #2442, .F. ) ;
#80 = AXIS2_PLACEMENT_3D ( 'NONE', #6067, #6792, #4733 ) ;
#81 = CARTESIAN_POINT ( 'NONE',  ( -39.99791512390620341, 13.77738981431040699, 14.91421356237310292 ) ) ;
#82 = AXIS2_PLACEMENT_3D ( 'NONE', #7372, #4835, #2069 ) ;
#83 = CARTESIAN_POINT ( 'NONE',  ( -37.14814283744348700, -58.40576513034509532, 12.17275009854830081 ) ) ;
#84 = VERTEX_POINT ( 'NONE', #1425 ) ;
#85 = ORIENTED_EDGE ( 'NONE', *, *, #968, .F. ) ;
#86 = CARTESIAN_POINT ( 'NONE',  ( -45.82754818765661042, 14.77738981431039100, -13.50000000000000178 ) ) ;
#87 = VECTOR ( 'NONE', #4660, 1000.000000000000000 ) ;
#88 = PLANE ( 'NONE',  #7101 ) ;
#89 = CONICAL_SURFACE ( 'NONE', #6248, 2.000000000000015543, 0.7853981633974488341 ) ;
#90 = ORIENTED_EDGE ( 'NONE', *, *, #1669, .T. ) ;
#91 = DIRECTION ( 'NONE',  ( 0.000000000000000000, 0.000000000000000000, -1.000000000000000000 ) ) ;
#92 = EDGE_CURVE ( 'NONE', #2643, #1400, #7848, .T. ) ;
#93 = LINE ( 'NONE', #7285, #6497 ) ;
#94 = EDGE_CURVE ( 'NONE', #6441, #7509, #6723, .T. ) ;
#95 = CARTESIAN_POINT ( 'NONE',  ( -37.32053105311813823, -58.64719772090515448, -12.05339018849297439 ) ) ;
#96 = VECTOR ( 'NONE', #6075, 1000.000000000000000 ) ;
#97 = LINE ( 'NONE', #2576, #4997 ) ;
#98 = ORIENTED_EDGE ( 'NONE', *, *, #3843, .T. ) ;
#99 = CARTESIAN_POINT ( 'NONE',  ( -37.28299886336254332, -56.15307644058682257, 12.08215603055764653 ) ) ;
#100 = ORIENTED_EDGE ( 'NONE', *, *, #5815, .T. ) ;
#101 = CARTESIAN_POINT ( 'NONE',  ( -38.86847343195643134, -57.38315844913192620, -10.49385537091895593 ) ) ;
#102 = EDGE_LOOP ( 'NONE', ( #8440, #5029, #603, #446 ) ) ;
#103 = CONICAL_SURFACE ( 'NONE', #1054, 2.999999999999995559, 0.7853981633974513876 ) ;
#104 = CARTESIAN_POINT ( 'NONE',  ( -36.65970144317183355, -55.28021279467143501, 12.29999999999999183 ) ) ;
#105 = EDGE_LOOP ( 'NONE', ( #3583, #6853, #2228, #7038 ) ) ;
#106 = LINE ( 'NONE', #2716, #7274 ) ;
#107 = EDGE_CURVE ( 'NONE', #8220, #697, #3290, .T. ) ;
#108 = ADVANCED_FACE ( 'NONE', ( #5235 ), #4106, .F. ) ;
#109 = LINE ( 'NONE', #2717, #4314 ) ;
#110 = EDGE_CURVE ( 'NONE', #923, #305, #737, .T. ) ;
#111 = VECTOR ( 'NONE', #2116, 1000.000000000000114 ) ;
#112 = DIRECTION ( 'NONE',  ( 0.000000000000000000, 0.000000000000000000, -1.000000000000000000 ) ) ;
#113 = EDGE_LOOP ( 'NONE', ( #7894, #5386, #190, #7189 ) ) ;
#114 = VECTOR ( 'NONE', #7367, 1000.000000000000000 ) ;
#115 = ADVANCED_FACE ( 'NONE', ( #693 ), #5269, .T. ) ;
#116 = PLANE ( 'NONE',  #8302 ) ;
#117 = ORIENTED_EDGE ( 'NONE', *, *, #3253, .F. ) ;
#118 = CARTESIAN_POINT ( 'NONE',  ( -54.45967341942196072, 2.131715627355464271, -27.80000000000000071 ) ) ;
#119 = VECTOR ( 'NONE', #322, 1000.000000000000000 ) ;
#120 = FACE_OUTER_BOUND ( 'NONE', #5062, .T. ) ;
#121 = DIRECTION ( 'NONE',  ( 0.000000000000000000, -0.000000000000000000, -1.000000000000000000 ) ) ;
#122 = CARTESIAN_POINT ( 'NONE',  ( -33.28252613824997752, 14.77738981431041232, -23.57157287525380340 ) ) ;
#123 = ORIENTED_EDGE ( 'NONE', *, *, #6732, .T. ) ;
#124 = PLANE ( 'NONE',  #4870 ) ;
#125 = DIRECTION ( 'NONE',  ( 0.000000000000000000, -0.000000000000000000, 1.000000000000000000 ) ) ;
#126 = ORIENTED_EDGE ( 'NONE', *, *, #7322, .F. ) ;
#127 = DIRECTION ( 'NONE',  ( -1.000000000000000000, 0.000000000000000000, 0.000000000000000000 ) ) ;
#128 = EDGE_CURVE ( 'NONE', #3247, #2131, #6644, .T. ) ;
#129 = CARTESIAN_POINT ( 'NONE',  ( -60.45967341942196072, 2.131715627355464271, -19.50000000000002132 ) ) ;
#130 = ORIENTED_EDGE ( 'NONE', *, *, #2047, .F. ) ;
#131 = ORIENTED_EDGE ( 'NONE', *, *, #387, .F. ) ;
#132 = CARTESIAN_POINT ( 'NONE',  ( -10.78695750277258725, -22.62261018568959514, 38.58695750277251335 ) ) ;
#133 = DIRECTION ( 'NONE',  ( -0.000000000000000000, 0.000000000000000000, 1.000000000000000000 ) ) ;
#134 = DIRECTION ( 'NONE',  ( -0.4055797876726419116, 0.5792279653395729921, -0.7071067811865426878 ) ) ;
#135 = DIRECTION ( 'NONE',  ( 0.7071067811865496822, -0.5000000000000015543, -0.4999999999999953926 ) ) ;
#136 = ORIENTED_EDGE ( 'NONE', *, *, #1189, .F. ) ;
#137 = ORIENTED_EDGE ( 'NONE', *, *, #470, .F. ) ;
#138 = CARTESIAN_POINT ( 'NONE',  ( -45.82754818765661042, 17.95916581580593885, -13.50000000000000178 ) ) ;
#139 = EDGE_CURVE ( 'NONE', #5361, #7543, #3613, .T. ) ;
#140 = ADVANCED_FACE ( 'NONE', ( #2028 ), #5968, .F. ) ;
#141 = EDGE_LOOP ( 'NONE', ( #3642, #1247, #5195, #5963 ) ) ;
#142 = CARTESIAN_POINT ( 'NONE',  ( -38.98549497562274979, -57.54704760719483403, 10.29816364043009180 ) ) ;
#143 = ORIENTED_EDGE ( 'NONE', *, *, #7839, .F. ) ;
#144 = CARTESIAN_POINT ( 'NONE',  ( -36.84759400134113605, -55.54334001675168508, -12.28219675446878334 ) ) ;
#145 = DIRECTION ( 'NONE',  ( 0.000000000000000000, 0.000000000000000000, 1.000000000000000000 ) ) ;
#146 = ORIENTED_EDGE ( 'NONE', *, *, #3214, .T. ) ;
#147 = CARTESIAN_POINT ( 'NONE',  ( -36.60941825269833316, -58.90732789193862118, 13.24809313112676534 ) ) ;
#148 = EDGE_CURVE ( 'NONE', #3857, #1814, #4633, .T. ) ;
#149 = PLANE ( 'NONE',  #6267 ) ;
#150 = EDGE_LOOP ( 'NONE', ( #1517, #678, #8239, #4184, #4113, #936, #4205 ) ) ;
#151 = DIRECTION ( 'NONE',  ( 0.6599369112508958191, 0.7513210187187812084, -1.387778780781445429E-16 ) ) ;
#152 = CARTESIAN_POINT ( 'NONE',  ( -59.72988597684204848, 2.131715627355458498, 2.770212557420100641 ) ) ;
#153 = ORIENTED_EDGE ( 'NONE', *, *, #4883, .T. ) ;
#154 = VECTOR ( 'NONE', #2290, 1000.000000000000000 ) ;
#155 = DIRECTION ( 'NONE',  ( -4.718472037159273606E-17, -0.7071067811865451302, 0.7071067811865500152 ) ) ;
#156 = ADVANCED_FACE ( 'NONE', ( #2106 ), #7604, .F. ) ;
#157 = DIRECTION ( 'NONE',  ( 0.5000000000000019984, 0.7071067811865482389, -0.4999999999999971134 ) ) ;
#158 = LINE ( 'NONE', #4819, #1202 ) ;
#159 = CARTESIAN_POINT ( 'NONE',  ( -53.31229685597797641, -25.62261018568957027, 27.80000000000000071 ) ) ;
#160 = VECTOR ( 'NONE', #7811, 1000.000000000000000 ) ;
#161 = ORIENTED_EDGE ( 'NONE', *, *, #4915, .T. ) ;
#162 = CARTESIAN_POINT ( 'NONE',  ( -38.78102178673147904, -57.26069878869476781, 10.59289321881344037 ) ) ;
#163 = CARTESIAN_POINT ( 'NONE',  ( -40.45967341942191808, 0.000000000000000000, -27.80000000000000071 ) ) ;
#164 = DIRECTION ( 'NONE',  ( 0.7071067811865424657, 0.000000000000000000, -0.7071067811865526798 ) ) ;
#165 = CARTESIAN_POINT ( 'NONE',  ( -34.97768782552932976, 15.77738981431040699, -13.89398626399636427 ) ) ;
#166 = CIRCLE ( 'NONE', #443, 3.000000000000044409 ) ;
#167 = ORIENTED_EDGE ( 'NONE', *, *, #1206, .F. ) ;
#168 = CARTESIAN_POINT ( 'NONE',  ( -36.65970144317183355, -26.62261018568959514, -13.30000000000005222 ) ) ;
#169 = DIRECTION ( 'NONE',  ( 1.000000000000000000, 0.000000000000000000, -0.000000000000000000 ) ) ;
#170 = CARTESIAN_POINT ( 'NONE',  ( -37.26969153928690304, -58.57600129925805277, -12.09510742230367875 ) ) ;
#171 = ADVANCED_FACE ( 'NONE', ( #8011 ), #2151, .T. ) ;
#172 = CARTESIAN_POINT ( 'NONE',  ( -33.28252613824997752, 0.000000000000000000, 23.57157287525381406 ) ) ;
#173 = ORIENTED_EDGE ( 'NONE', *, *, #4650, .F. ) ;
#174 = CARTESIAN_POINT ( 'NONE',  ( -36.70332809356175119, -55.34130821360881214, 12.29999999999998828 ) ) ;
#175 = ORIENTED_EDGE ( 'NONE', *, *, #536, .T. ) ;
#176 = CARTESIAN_POINT ( 'NONE',  ( -42.52766163834509427, -61.83055193476680955, 27.80000000000000071 ) ) ;
#177 = AXIS2_PLACEMENT_3D ( 'NONE', #569, #5931, #3988 ) ;
#178 = EDGE_LOOP ( 'NONE', ( #3926, #2183, #8100, #2523 ) ) ;
#179 = CARTESIAN_POINT ( 'NONE',  ( -37.03560709867421963, -55.80663605730561727, -12.22666534794225690 ) ) ;
#180 = VECTOR ( 'NONE', #4857, 1000.000000000000114 ) ;
#181 = CARTESIAN_POINT ( 'NONE',  ( -39.58370156153312536, 15.77738981431040699, -2.500000000000021316 ) ) ;
#182 = CARTESIAN_POINT ( 'NONE',  ( -40.64749144189604380, -56.85171882381155939, -9.885786437626917333 ) ) ;
#183 = EDGE_CURVE ( 'NONE', #7643, #6715, #210, .T. ) ;
#184 = EDGE_CURVE ( 'NONE', #3857, #568, #7454, .T. ) ;
#185 = VECTOR ( 'NONE', #1257, 1000.000000000000000 ) ;
#186 = DIRECTION ( 'NONE',  ( 0.7071067811865494601, -7.372771659631041461E-17, -0.7071067811865456854 ) ) ;
#187 = CONICAL_SURFACE ( 'NONE', #1161, 4.999999999999984013, 0.7853981633974503884 ) ;
#188 = PLANE ( 'NONE',  #3928 ) ;
#189 = CONICAL_SURFACE ( 'NONE', #4986, 1.000000000000011324, 0.7853981633974447263 ) ;
#190 = ORIENTED_EDGE ( 'NONE', *, *, #599, .F. ) ;
#191 = FACE_OUTER_BOUND ( 'NONE', #562, .T. ) ;
#192 = EDGE_CURVE ( 'NONE', #2572, #1673, #6897, .T. ) ;
#193 = EDGE_CURVE ( 'NONE', #415, #3053, #2946, .T. ) ;
#194 = LINE ( 'NONE', #6032, #1746 ) ;
#195 = CARTESIAN_POINT ( 'NONE',  ( -22.91597111679889309, -46.15187071552737308, -26.45794388874615777 ) ) ;
#196 = VECTOR ( 'NONE', #318, 1000.000000000000000 ) ;
#197 = DIRECTION ( 'NONE',  ( 1.000000000000000000, 3.469446951953611033E-15, 0.000000000000000000 ) ) ;
#198 = DIRECTION ( 'NONE',  ( -0.4999999999999987788, 0.7071067811865510144, 0.4999999999999963363 ) ) ;
#199 = DIRECTION ( 'NONE',  ( -0.7071067811865450192, 0.000000000000000000, 0.7071067811865500152 ) ) ;
#200 = EDGE_LOOP ( 'NONE', ( #896, #326, #301 ) ) ;
#201 = CARTESIAN_POINT ( 'NONE',  ( -59.45967341942196782, -2.471820925021154025, -27.80000000000000071 ) ) ;
#202 = ADVANCED_FACE ( 'NONE', ( #5447 ), #3459, .T. ) ;
#203 = DIRECTION ( 'NONE',  ( -0.000000000000000000, -0.000000000000000000, -1.000000000000000000 ) ) ;
#204 = AXIS2_PLACEMENT_3D ( 'NONE', #2254, #6973, #4859 ) ;
#205 = VECTOR ( 'NONE', #3351, 1000.000000000000114 ) ;
#206 = CARTESIAN_POINT ( 'NONE',  ( -47.23758846049647531, 8.777389814310406990, -2.500000000000000000 ) ) ;
#207 = DIRECTION ( 'NONE',  ( -0.000000000000000000, -0.000000000000000000, 1.000000000000000000 ) ) ;
#208 = AXIS2_PLACEMENT_3D ( 'NONE', #7630, #6889, #6256 ) ;
#209 = ORIENTED_EDGE ( 'NONE', *, *, #734, .T. ) ;
#210 = LINE ( 'NONE', #294, #4127 ) ;
#211 = DIRECTION ( 'NONE',  ( 0.000000000000000000, 0.000000000000000000, -1.000000000000000000 ) ) ;
#212 = VECTOR ( 'NONE', #2493, 1000.000000000000000 ) ;
#213 = FACE_OUTER_BOUND ( 'NONE', #6658, .T. ) ;
#214 = LINE ( 'NONE', #6727, #2673 ) ;
#215 = CIRCLE ( 'NONE', #2413, 0.9999999999999870104 ) ;
#216 = VERTEX_POINT ( 'NONE', #3634 ) ;
#217 = CIRCLE ( 'NONE', #204, 0.9999999999999991118 ) ;
#218 = CARTESIAN_POINT ( 'NONE',  ( -36.73600041747799594, -55.38706293152930016, 12.29732377576752711 ) ) ;
#219 = VECTOR ( 'NONE', #8139, 1000.000000000000114 ) ;
#220 = ORIENTED_EDGE ( 'NONE', *, *, #2081, .T. ) ;
#221 = CARTESIAN_POINT ( 'NONE',  ( -39.07391500554492580, -57.67087086810058594, 9.885786437626896017 ) ) ;
#222 = EDGE_CURVE ( 'NONE', #2327, #6363, #3820, .T. ) ;
#223 = ORIENTED_EDGE ( 'NONE', *, *, #8223, .F. ) ;
#224 = VECTOR ( 'NONE', #324, 999.9999999999998863 ) ;
#225 = LINE ( 'NONE', #6056, #4407 ) ;
#226 = ORIENTED_EDGE ( 'NONE', *, *, #3367, .T. ) ;
#227 = DIRECTION ( 'NONE',  ( 0.000000000000000000, 0.000000000000000000, 1.000000000000000000 ) ) ;
#228 = CARTESIAN_POINT ( 'NONE',  ( -39.99791512390620341, 13.77738981431040699, -17.08578643762689708 ) ) ;
#229 = EDGE_LOOP ( 'NONE', ( #5267, #3037, #5873, #4802, #8324 ) ) ;
#230 = DIRECTION ( 'NONE',  ( 1.000000000000000000, -3.469446951953563307E-15, 0.000000000000000000 ) ) ;
#231 = EDGE_CURVE ( 'NONE', #3822, #4466, #166, .T. ) ;
#232 = DIRECTION ( 'NONE',  ( 1.000000000000000000, 0.000000000000000000, 0.000000000000000000 ) ) ;
#233 = ORIENTED_EDGE ( 'NONE', *, *, #7227, .T. ) ;
#234 = DIRECTION ( 'NONE',  ( 0.000000000000000000, 1.000000000000000000, 0.000000000000000000 ) ) ;
#235 = CARTESIAN_POINT ( 'NONE',  ( 49.92608499445506709, -11.35103731043577469, 14.29999999999999716 ) ) ;
#236 = VECTOR ( 'NONE', #7302, 1000.000000000000000 ) ;
#237 = CARTESIAN_POINT ( 'NONE',  ( 13.89398626399651171, 15.77738981431040699, -34.97768782553037425 ) ) ;
#238 = AXIS2_PLACEMENT_3D ( 'NONE', #2285, #2744, #5411 ) ;
#239 = DIRECTION ( 'NONE',  ( 0.000000000000000000, 0.000000000000000000, 1.000000000000000000 ) ) ;
#240 = ADVANCED_FACE ( 'NONE', ( #945 ), #5073, .T. ) ;
#241 = EDGE_CURVE ( 'NONE', #1725, #1896, #2356, .T. ) ;
#242 = CARTESIAN_POINT ( 'NONE',  ( 47.92608499445506709, -24.62261018568959514, -12.30000000000000959 ) ) ;
#243 = CARTESIAN_POINT ( 'NONE',  ( -39.99791512390620341, 14.77738981431039100, 14.91421356237310292 ) ) ;
#244 = VECTOR ( 'NONE', #8227, 1000.000000000000000 ) ;
#245 = CYLINDRICAL_SURFACE ( 'NONE', #5226, 4.999999999999997335 ) ;
#246 = EDGE_LOOP ( 'NONE', ( #5675, #3250, #2100, #7928, #6987, #7217, #233, #7234 ) ) ;
#247 = DIRECTION ( 'NONE',  ( 0.000000000000000000, 0.000000000000000000, 1.000000000000000000 ) ) ;
#248 = CARTESIAN_POINT ( 'NONE',  ( -54.45967341942196072, 2.131715627355464271, 3.500000000000016875 ) ) ;
#249 = VECTOR ( 'NONE', #157, 999.9999999999998863 ) ;
#250 = VERTEX_POINT ( 'NONE', #3549 ) ;
#251 = CARTESIAN_POINT ( 'NONE',  ( 50.92608499445506709, -10.52261018568957418, -15.12842712474621010 ) ) ;
#252 = EDGE_CURVE ( 'NONE', #2868, #7677, #6872, .T. ) ;
#253 = DIRECTION ( 'NONE',  ( -0.000000000000000000, 1.000000000000000000, -1.042667367333023879E-16 ) ) ;
#254 = CARTESIAN_POINT ( 'NONE',  ( -54.45967341942196072, 2.131715627355464271, 27.80000000000000071 ) ) ;
#255 = EDGE_LOOP ( 'NONE', ( #1339, #1519, #2482, #1080, #6957, #6525, #7612, #1101 ) ) ;
#256 = CARTESIAN_POINT ( 'NONE',  ( -37.51095326299616062, 0.000000000000000000, 27.80000000000000071 ) ) ;
#257 = CARTESIAN_POINT ( 'NONE',  ( -60.45967341942196072, 0.000000000000000000, 27.80000000000000071 ) ) ;
#258 = CARTESIAN_POINT ( 'NONE',  ( -36.91898437051500537, -58.08486569270151278, -12.26801657730937301 ) ) ;
#259 = CARTESIAN_POINT ( 'NONE',  ( -41.41212868627932409, 15.77738981431040699, 12.49999999999998579 ) ) ;
#260 = EDGE_LOOP ( 'NONE', ( #646, #7230, #3587, #2959 ) ) ;
#261 = CARTESIAN_POINT ( 'NONE',  ( -36.84053296833754132, -55.53345210440321011, 12.28362153144073154 ) ) ;
#262 = ORIENTED_EDGE ( 'NONE', *, *, #5470, .T. ) ;
#263 = LINE ( 'NONE', #2872, #2834 ) ;
#264 = EDGE_CURVE ( 'NONE', #7846, #4351, #7541, .T. ) ;
#265 = VERTEX_POINT ( 'NONE', #5618 ) ;
#266 = LINE ( 'NONE', #1565, #6191 ) ;
#267 = ORIENTED_EDGE ( 'NONE', *, *, #7069, .F. ) ;
#268 = LINE ( 'NONE', #5033, #5911 ) ;
#269 = CARTESIAN_POINT ( 'NONE',  ( 50.92608499445506709, -10.64393052924921612, -13.59289321881344570 ) ) ;
#270 = ORIENTED_EDGE ( 'NONE', *, *, #1748, .F. ) ;
#271 = CARTESIAN_POINT ( 'NONE',  ( -47.74395206774986633, 14.77738981431041232, -27.80000000000000071 ) ) ;
#272 = EDGE_LOOP ( 'NONE', ( #6944, #7575, #5611, #779 ) ) ;
#273 = LINE ( 'NONE', #8112, #5857 ) ;
#274 = ORIENTED_EDGE ( 'NONE', *, *, #3061, .T. ) ;
#275 = LINE ( 'NONE', #7481, #5382 ) ;
#276 = DIRECTION ( 'NONE',  ( 0.000000000000000000, -1.000000000000000000, -1.143648588528323197E-16 ) ) ;
#277 = CARTESIAN_POINT ( 'NONE',  ( 47.92608499445506709, -24.62261018568959869, 27.80000000000000071 ) ) ;
#278 = EDGE_CURVE ( 'NONE', #3117, #4457, #8230, .T. ) ;
#279 = DIRECTION ( 'NONE',  ( 0.7071067811865424657, 0.000000000000000000, -0.7071067811865526798 ) ) ;
#280 = CARTESIAN_POINT ( 'NONE',  ( -36.72515165593281239, -55.37187025937441121, -12.30000440956469454 ) ) ;
#281 = DIRECTION ( 'NONE',  ( 0.000000000000000000, -1.143648588528323197E-16, 1.000000000000000000 ) ) ;
#282 = LINE ( 'NONE', #7532, #6324 ) ;
#283 = ORIENTED_EDGE ( 'NONE', *, *, #8214, .T. ) ;
#284 = CARTESIAN_POINT ( 'NONE',  ( -60.45967341942196072, 2.131715627355464271, 12.49999999999998757 ) ) ;
#285 = EDGE_CURVE ( 'NONE', #288, #7915, #2628, .T. ) ;
#286 = EDGE_CURVE ( 'NONE', #1914, #8098, #8092, .T. ) ;
#287 = DIRECTION ( 'NONE',  ( -0.000000000000000000, -0.000000000000000000, 1.000000000000000000 ) ) ;
#288 = VERTEX_POINT ( 'NONE', #4453 ) ;
#289 = CARTESIAN_POINT ( 'NONE',  ( -39.48744653625070811, -60.92254499126277523, -10.14758187069023343 ) ) ;
#290 = LINE ( 'NONE', #3415, #3246 ) ;
#291 = CONICAL_SURFACE ( 'NONE', #7699, 3.000000000000044409, 0.7853981633974500554 ) ;
#292 = DIRECTION ( 'NONE',  ( 1.000000000000000000, 0.000000000000000000, 0.000000000000000000 ) ) ;
#293 = ORIENTED_EDGE ( 'NONE', *, *, #1512, .F. ) ;
#294 = CARTESIAN_POINT ( 'NONE',  ( -58.96759953173464908, 6.091337094860836743, 27.80000000000000071 ) ) ;
#295 = CYLINDRICAL_SURFACE ( 'NONE', #2379, 2.000000000000000000 ) ;
#296 = CARTESIAN_POINT ( 'NONE',  ( -38.07391500554492580, -22.62261018568959514, 9.885786437626901346 ) ) ;
#297 = ORIENTED_EDGE ( 'NONE', *, *, #7109, .T. ) ;
#298 = EDGE_CURVE ( 'NONE', #3053, #6607, #2517, .T. ) ;
#299 = ADVANCED_FACE ( 'NONE', ( #1931 ), #3842, .T. ) ;
#300 = CARTESIAN_POINT ( 'NONE',  ( -41.41212868627932409, 14.77738981431039100, -2.500000000000001332 ) ) ;
#301 = ORIENTED_EDGE ( 'NONE', *, *, #3314, .T. ) ;
#302 = CARTESIAN_POINT ( 'NONE',  ( -36.75907579747605780, -55.41937782448688665, 12.29505105298532541 ) ) ;
#303 = VERTEX_POINT ( 'NONE', #5748 ) ;
#304 = LINE ( 'NONE', #1562, #111 ) ;
#305 = VERTEX_POINT ( 'NONE', #6985 ) ;
#306 = LINE ( 'NONE', #2961, #4544 ) ;
#307 = ORIENTED_EDGE ( 'NONE', *, *, #2750, .T. ) ;
#308 = LINE ( 'NONE', #5541, #154 ) ;
#309 = FACE_OUTER_BOUND ( 'NONE', #7248, .T. ) ;
#310 = EDGE_CURVE ( 'NONE', #1814, #1896, #721, .T. ) ;
#311 = VECTOR ( 'NONE', #7901, 1000.000000000000000 ) ;
#312 = CARTESIAN_POINT ( 'NONE',  ( -65.63123590226842907, -6.471820925021154025, -27.80000000000000071 ) ) ;
#313 = CARTESIAN_POINT ( 'NONE',  ( -2.098310490444707632, -31.08006631855660018, 12.29999999999999538 ) ) ;
#314 = ORIENTED_EDGE ( 'NONE', *, *, #4206, .F. ) ;
#315 = CYLINDRICAL_SURFACE ( 'NONE', #3451, 2.000000000000001776 ) ;
#316 = AXIS2_PLACEMENT_3D ( 'NONE', #5880, #7843, #4584 ) ;
#317 = LINE ( 'NONE', #8165, #1841 ) ;
#318 = DIRECTION ( 'NONE',  ( 0.6336872742246399959, 0.4437126062796577508, 0.6336872742246442147 ) ) ;
#319 = AXIS2_PLACEMENT_3D ( 'NONE', #6470, #7198, #2560 ) ;
#320 = CIRCLE ( 'NONE', #1298, 4.999999999999985789 ) ;
#321 = LINE ( 'NONE', #3175, #2655 ) ;
#322 = DIRECTION ( 'NONE',  ( 0.000000000000000000, 0.7071067811865512365, -0.7071067811865439090 ) ) ;
#323 = EDGE_CURVE ( 'NONE', #359, #1510, #1209, .T. ) ;
#324 = DIRECTION ( 'NONE',  ( 0.8191520442889910214, 0.5735764363510472696, 0.000000000000000000 ) ) ;
#325 = CARTESIAN_POINT ( 'NONE',  ( -35.28252613824998463, 15.77738981431040699, 23.57157287525381406 ) ) ;
#326 = ORIENTED_EDGE ( 'NONE', *, *, #6062, .F. ) ;
#327 = DIRECTION ( 'NONE',  ( -0.000000000000000000, -1.000000000000000000, 0.000000000000000000 ) ) ;
#328 = VERTEX_POINT ( 'NONE', #1122 ) ;
#329 = DIRECTION ( 'NONE',  ( 0.4055797876726418005, -0.5792279653395703276, -0.7071067811865449082 ) ) ;
#330 = ORIENTED_EDGE ( 'NONE', *, *, #7301, .F. ) ;
#331 = PLANE ( 'NONE',  #4832 ) ;
#332 = CARTESIAN_POINT ( 'NONE',  ( -67.63123590226841486, -6.471820925021154025, 26.80000000000007532 ) ) ;
#333 = ADVANCED_FACE ( 'NONE', ( #4412 ), #3743, .F. ) ;
#334 = FACE_OUTER_BOUND ( 'NONE', #5724, .T. ) ;
#335 = ORIENTED_EDGE ( 'NONE', *, *, #7650, .F. ) ;
#336 = DIRECTION ( 'NONE',  ( 0.000000000000000000, 1.372378306233987934E-16, -1.000000000000000000 ) ) ;
#337 = CARTESIAN_POINT ( 'NONE',  ( -62.22419339576806863, -76.84298653666280643, -12.00964126420121758 ) ) ;
#338 = VECTOR ( 'NONE', #2032, 1000.000000000000000 ) ;
#339 = FACE_OUTER_BOUND ( 'NONE', #7900, .T. ) ;
#340 = CIRCLE ( 'NONE', #2532, 1.000000000000000888 ) ;
#341 = CARTESIAN_POINT ( 'NONE',  ( -40.54534393120290758, -56.78019436681485388, 10.53021707806423990 ) ) ;
#342 = ORIENTED_EDGE ( 'NONE', *, *, #7827, .F. ) ;
#343 = CYLINDRICAL_SURFACE ( 'NONE', #2910, 1.199999999999999734 ) ;
#344 = ORIENTED_EDGE ( 'NONE', *, *, #7050, .F. ) ;
#345 = LINE ( 'NONE', #6953, #5313 ) ;
#346 = ADVANCED_FACE ( 'NONE', ( #1848 ), #7635, .T. ) ;
#347 = VECTOR ( 'NONE', #2231, 999.9999999999998863 ) ;
#348 = ADVANCED_FACE ( 'NONE', ( #1808 ), #2397, .T. ) ;
#349 = EDGE_LOOP ( 'NONE', ( #7680, #5190, #45, #1978 ) ) ;
#350 = DIRECTION ( 'NONE',  ( 0.000000000000000000, 0.000000000000000000, -1.000000000000000000 ) ) ;
#351 = VERTEX_POINT ( 'NONE', #7797 ) ;
#352 = LINE ( 'NONE', #4848, #1675 ) ;
#353 = DIRECTION ( 'NONE',  ( -1.000000000000000000, 0.000000000000000000, 0.000000000000000000 ) ) ;
#354 = VECTOR ( 'NONE', #7991, 1000.000000000000000 ) ;
#355 = VECTOR ( 'NONE', #4623, 1000.000000000000000 ) ;
#356 = AXIS2_PLACEMENT_3D ( 'NONE', #7633, #4372, #3720 ) ;
#357 = ADVANCED_FACE ( 'NONE', ( #3031 ), #1081, .T. ) ;
#358 = CARTESIAN_POINT ( 'NONE',  ( -39.07391500554492580, 1.413549655421008090E-15, -10.30000000000000426 ) ) ;
#359 = VERTEX_POINT ( 'NONE', #4374 ) ;
#360 = DIRECTION ( 'NONE',  ( 0.000000000000000000, 0.000000000000000000, 1.000000000000000000 ) ) ;
#361 = VECTOR ( 'NONE', #937, 999.9999999999998863 ) ;
#362 = ADVANCED_FACE ( 'NONE', ( #5784 ), #473, .F. ) ;
#363 = DIRECTION ( 'NONE',  ( 0.000000000000000000, -0.000000000000000000, -1.000000000000000000 ) ) ;
#364 = CARTESIAN_POINT ( 'NONE',  ( -40.99791512390621051, 13.77738981431040699, 17.08578643762690774 ) ) ;
#365 = CARTESIAN_POINT ( 'NONE',  ( -56.16859286946220919, -26.62261018568959514, 26.79999999999998650 ) ) ;
#366 = FACE_OUTER_BOUND ( 'NONE', #141, .T. ) ;
#367 = CARTESIAN_POINT ( 'NONE',  ( 47.92608499445506709, -22.62261018568959514, 26.80000000000001492 ) ) ;
#368 = VECTOR ( 'NONE', #5943, 1000.000000000000000 ) ;
#369 = EDGE_CURVE ( 'NONE', #6934, #5929, #2178, .T. ) ;
#370 = CARTESIAN_POINT ( 'NONE',  ( 50.92608499445506709, -9.522610185689561746, 15.12842712474618878 ) ) ;
#371 = EDGE_LOOP ( 'NONE', ( #2652, #447, #6099, #7199, #2663 ) ) ;
#372 = VECTOR ( 'NONE', #5671, 1000.000000000000000 ) ;
#373 = DIRECTION ( 'NONE',  ( -1.000000000000000000, 0.000000000000000000, 0.000000000000000000 ) ) ;
#374 = ORIENTED_EDGE ( 'NONE', *, *, #183, .F. ) ;
#375 = DIRECTION ( 'NONE',  ( 1.000000000000000000, 0.000000000000000000, 0.000000000000000000 ) ) ;
#376 = DIRECTION ( 'NONE',  ( 0.7071067811865524577, 0.000000000000000000, -0.7071067811865426878 ) ) ;
#377 = AXIS2_PLACEMENT_3D ( 'NONE', #2190, #2896, #4787 ) ;
#378 = LINE ( 'NONE', #1643, #8043 ) ;
#379 = CARTESIAN_POINT ( 'NONE',  ( -39.48812856791805359, -26.62261018568959514, 11.30000000000001670 ) ) ;
#380 = EDGE_LOOP ( 'NONE', ( #1933, #5023, #2385, #5091 ) ) ;
#381 = CARTESIAN_POINT ( 'NONE',  ( -37.30610519912431045, -59.39515334359842313, 12.89021484455824940 ) ) ;
#382 = DIRECTION ( 'NONE',  ( 6.672927148628874909E-17, 1.000000000000000000, 0.000000000000000000 ) ) ;
#383 = ORIENTED_EDGE ( 'NONE', *, *, #5648, .F. ) ;
#384 = DIRECTION ( 'NONE',  ( 1.000000000000000000, 0.000000000000000000, 0.000000000000000000 ) ) ;
#385 = AXIS2_PLACEMENT_3D ( 'NONE', #8350, #5262, #5952 ) ;
#386 = LINE ( 'NONE', #6222, #7055 ) ;
#387 = EDGE_CURVE ( 'NONE', #1896, #3274, #1165, .T. ) ;
#388 = ORIENTED_EDGE ( 'NONE', *, *, #6331, .F. ) ;
#389 = VECTOR ( 'NONE', #5264, 1000.000000000000000 ) ;
#390 = ORIENTED_EDGE ( 'NONE', *, *, #1149, .T. ) ;
#391 = DIRECTION ( 'NONE',  ( -0.000000000000000000, -0.000000000000000000, 1.000000000000000000 ) ) ;
#392 = ORIENTED_EDGE ( 'NONE', *, *, #6796, .F. ) ;
#393 = CARTESIAN_POINT ( 'NONE',  ( 50.92608499445506709, -10.64393052924920191, 26.50710678118655750 ) ) ;
#394 = VECTOR ( 'NONE', #7745, 1000.000000000000114 ) ;
#395 = ORIENTED_EDGE ( 'NONE', *, *, #1451, .F. ) ;
#396 = EDGE_LOOP ( 'NONE', ( #5505, #7032, #1347, #2487 ) ) ;
#397 = FACE_OUTER_BOUND ( 'NONE', #6340, .T. ) ;
#398 = VERTEX_POINT ( 'NONE', #3766 ) ;
#399 = PLANE ( 'NONE',  #983 ) ;
#400 = DIRECTION ( 'NONE',  ( -0.000000000000000000, -0.000000000000000000, -1.000000000000000000 ) ) ;
#401 = EDGE_CURVE ( 'NONE', #3851, #6639, #3075, .T. ) ;
#402 = ADVANCED_FACE ( 'NONE', ( #6396 ), #516, .T. ) ;
#403 = FACE_OUTER_BOUND ( 'NONE', #5624, .T. ) ;
#404 = FACE_OUTER_BOUND ( 'NONE', #7836, .T. ) ;
#405 = EDGE_LOOP ( 'NONE', ( #7994, #7719, #570, #2208 ) ) ;
#406 = FACE_OUTER_BOUND ( 'NONE', #3167, .T. ) ;
#407 = PLANE ( 'NONE',  #4450 ) ;
#408 = FACE_OUTER_BOUND ( 'NONE', #6289, .T. ) ;
#409 = ADVANCED_FACE ( 'NONE', ( #5016 ), #5709, .F. ) ;
#410 = LINE ( 'NONE', #1630, #4762 ) ;
#411 = DIRECTION ( 'NONE',  ( -0.7071067811865574537, 0.000000000000000000, -0.7071067811865375807 ) ) ;
#412 = DIRECTION ( 'NONE',  ( 0.000000000000000000, -1.000000000000000000, 0.000000000000000000 ) ) ;
#413 = ORIENTED_EDGE ( 'NONE', *, *, #5396, .T. ) ;
#414 = PRESENTATION_STYLE_ASSIGNMENT (( #2348 ) ) ;
#415 = VERTEX_POINT ( 'NONE', #5954 ) ;
#416 = CARTESIAN_POINT ( 'NONE',  ( -47.23758846049647531, 8.777389814310406990, -18.50000000000000355 ) ) ;
#417 = EDGE_CURVE ( 'NONE', #3300, #2561, #5871, .T. ) ;
#418 = CARTESIAN_POINT ( 'NONE',  ( 6.478343846023073560, -27.51617747706573880, -27.80000000000000071 ) ) ;
#419 = DIRECTION ( 'NONE',  ( 1.000000000000000000, 0.000000000000000000, 0.000000000000000000 ) ) ;
#420 = CIRCLE ( 'NONE', #7398, 1.000000000000000888 ) ;
#421 = DIRECTION ( 'NONE',  ( -1.000000000000000000, 0.000000000000000000, 0.000000000000000000 ) ) ;
#422 = EDGE_LOOP ( 'NONE', ( #2431, #4377, #6023, #3714, #2118, #8111, #5623, #4653, #486, #5795 ) ) ;
#423 = CARTESIAN_POINT ( 'NONE',  ( -40.70502190509278506, 14.77738981431038923, 13.79289321881343788 ) ) ;
#424 = DIRECTION ( 'NONE',  ( 0.000000000000000000, 1.000000000000000000, -0.000000000000000000 ) ) ;
#425 = ORIENTED_EDGE ( 'NONE', *, *, #926, .F. ) ;
#426 = DIRECTION ( 'NONE',  ( 0.000000000000000000, 0.000000000000000000, -1.000000000000000000 ) ) ;
#427 = CARTESIAN_POINT ( 'NONE',  ( -40.58352459645212917, -56.80692875643623552, 10.40435229262810957 ) ) ;
#428 = ORIENTED_EDGE ( 'NONE', *, *, #6274, .T. ) ;
#429 = ORIENTED_EDGE ( 'NONE', *, *, #2238, .T. ) ;
#430 = CARTESIAN_POINT ( 'NONE',  ( -59.45967341942196782, 0.000000000000000000, 27.80000000000000071 ) ) ;
#431 = VECTOR ( 'NONE', #5498, 999.9999999999998863 ) ;
#432 = ORIENTED_EDGE ( 'NONE', *, *, #5197, .F. ) ;
#433 = DIRECTION ( 'NONE',  ( 0.000000000000000000, 0.000000000000000000, 1.000000000000000000 ) ) ;
#434 = EDGE_LOOP ( 'NONE', ( #1503, #8329, #4119, #5757 ) ) ;
#435 = ORIENTED_EDGE ( 'NONE', *, *, #6618, .T. ) ;
#436 = VERTEX_POINT ( 'NONE', #765 ) ;
#437 = EDGE_CURVE ( 'NONE', #666, #3581, #7239, .T. ) ;
#438 = DIRECTION ( 'NONE',  ( 0.000000000000000000, 1.000000000000000000, -1.042667367333023879E-16 ) ) ;
#439 = ORIENTED_EDGE ( 'NONE', *, *, #6168, .F. ) ;
#440 = DIRECTION ( 'NONE',  ( -0.8191520442889910214, -0.5735764363510472696, -0.000000000000000000 ) ) ;
#441 = DIRECTION ( 'NONE',  ( -0.5312641871840357854, 0.4666458651008135727, -0.7071067811865470176 ) ) ;
#442 = VECTOR ( 'NONE', #6228, 1000.000000000000114 ) ;
#443 = AXIS2_PLACEMENT_3D ( 'NONE', #6217, #336, #8056 ) ;
#444 = ORIENTED_EDGE ( 'NONE', *, *, #252, .T. ) ;
#445 = CARTESIAN_POINT ( 'NONE',  ( -47.74395206774986633, 14.77738981431039100, 2.499999999999999112 ) ) ;
#446 = ORIENTED_EDGE ( 'NONE', *, *, #6638, .F. ) ;
#447 = ORIENTED_EDGE ( 'NONE', *, *, #7891, .F. ) ;
#448 = EDGE_CURVE ( 'NONE', #2680, #8068, #4620, .T. ) ;
#449 = LINE ( 'NONE', #5042, #1554 ) ;
#450 = EDGE_CURVE ( 'NONE', #4782, #1829, #6967, .T. ) ;
#451 = DIRECTION ( 'NONE',  ( 1.000000000000000000, -6.672927148628872444E-17, -9.978717679480040979E-33 ) ) ;
#452 = AXIS2_PLACEMENT_3D ( 'NONE', #1357, #6572, #7131 ) ;
#453 = DIRECTION ( 'NONE',  ( -1.000000000000000000, 0.000000000000000000, 0.000000000000000000 ) ) ;
#454 = CARTESIAN_POINT ( 'NONE',  ( -60.45967341942196072, 1.300871594449326318, 27.80000000000000071 ) ) ;
#455 = AXIS2_PLACEMENT_3D ( 'NONE', #2363, #4381, #7593 ) ;
#456 = EDGE_CURVE ( 'NONE', #2131, #8321, #7960, .T. ) ;
#457 = EDGE_CURVE ( 'NONE', #4676, #3432, #1241, .T. ) ;
#458 = ADVANCED_FACE ( 'NONE', ( #3279 ), #8464, .F. ) ;
#459 = DIRECTION ( 'NONE',  ( 0.000000000000000000, 0.000000000000000000, 1.000000000000000000 ) ) ;
#460 = VERTEX_POINT ( 'NONE', #3321 ) ;
#461 = AXIS2_PLACEMENT_3D ( 'NONE', #2901, #3550, #4880 ) ;
#462 = DIRECTION ( 'NONE',  ( 1.000000000000000000, 0.000000000000000000, 0.000000000000000000 ) ) ;
#463 = ORIENTED_EDGE ( 'NONE', *, *, #2239, .F. ) ;
#464 = DIRECTION ( 'NONE',  ( 1.000000000000000000, 8.673617379884027583E-15, 0.000000000000000000 ) ) ;
#465 = VECTOR ( 'NONE', #5176, 1000.000000000000000 ) ;
#466 = CARTESIAN_POINT ( 'NONE',  ( -39.00711894617994346, -60.58621599188509066, -11.20744565751935795 ) ) ;
#467 = CIRCLE ( 'NONE', #3188, 1.000000000000014655 ) ;
#468 = CARTESIAN_POINT ( 'NONE',  ( -39.44829491070446892, -60.89513072792212967, 10.40908643040019399 ) ) ;
#469 = CARTESIAN_POINT ( 'NONE',  ( -48.00716143054185636, -60.74117637520251378, -26.80000000000002203 ) ) ;
#470 = EDGE_CURVE ( 'NONE', #3157, #1595, #802, .T. ) ;
#471 = EDGE_LOOP ( 'NONE', ( #3855, #3341, #8045, #6445 ) ) ;
#472 = VECTOR ( 'NONE', #4266, 1000.000000000000000 ) ;
#473 = PLANE ( 'NONE',  #5597 ) ;
#474 = LINE ( 'NONE', #337, #6884 ) ;
#475 = ORIENTED_EDGE ( 'NONE', *, *, #5335, .T. ) ;
#476 = EDGE_CURVE ( 'NONE', #7428, #250, #1376, .T. ) ;
#477 = CARTESIAN_POINT ( 'NONE',  ( -40.70502190509278506, 14.77738981431039100, -18.20710678118656034 ) ) ;
#478 = VERTEX_POINT ( 'NONE', #5353 ) ;
#479 = LINE ( 'NONE', #3080, #1193 ) ;
#480 = ORIENTED_EDGE ( 'NONE', *, *, #1549, .F. ) ;
#481 = ORIENTED_EDGE ( 'NONE', *, *, #7905, .F. ) ;
#482 = CARTESIAN_POINT ( 'NONE',  ( -38.99791512390618919, 15.77738981431040699, -14.91421356237309404 ) ) ;
#483 = CARTESIAN_POINT ( 'NONE',  ( -47.23758846049647531, 13.77738981431040699, -13.50000000000000178 ) ) ;
#484 = ORIENTED_EDGE ( 'NONE', *, *, #6732, .F. ) ;
#485 = AXIS2_PLACEMENT_3D ( 'NONE', #7188, #7707, #1842 ) ;
#486 = ORIENTED_EDGE ( 'NONE', *, *, #8283, .T. ) ;
#487 = DIRECTION ( 'NONE',  ( 0.7071067811865445751, 0.000000000000000000, 0.7071067811865504593 ) ) ;
#488 = CARTESIAN_POINT ( 'NONE',  ( -40.99791512390621051, 13.77738981431040699, -17.08578643762689708 ) ) ;
#489 = DIRECTION ( 'NONE',  ( -1.000000000000000000, 0.000000000000000000, 0.000000000000000000 ) ) ;
#490 = VECTOR ( 'NONE', #8215, 1000.000000000000000 ) ;
#491 = ORIENTED_EDGE ( 'NONE', *, *, #7430, .F. ) ;
#492 = CARTESIAN_POINT ( 'NONE',  ( -52.25187818006254759, 13.73701128181578035, -26.80000000000001137 ) ) ;
#493 = ORIENTED_EDGE ( 'NONE', *, *, #859, .F. ) ;
#494 = DIRECTION ( 'NONE',  ( 1.000000000000000000, 0.000000000000000000, 0.000000000000000000 ) ) ;
#495 = ORIENTED_EDGE ( 'NONE', *, *, #5365, .F. ) ;
#496 = LINE ( 'NONE', #7051, #4135 ) ;
#497 = AXIS2_PLACEMENT_3D ( 'NONE', #2312, #1024, #8128 ) ;
#498 = DIRECTION ( 'NONE',  ( 0.000000000000000000, -1.000000000000000000, -1.143648588528323197E-16 ) ) ;
#499 = AXIS2_PLACEMENT_3D ( 'NONE', #1350, #1946, #1909 ) ;
#500 = EDGE_CURVE ( 'NONE', #4234, #797, #8183, .T. ) ;
#501 = CIRCLE ( 'NONE', #5295, 2.000000000000000000 ) ;
#502 = AXIS2_PLACEMENT_3D ( 'NONE', #883, #3403, #6583 ) ;
#503 = AXIS2_PLACEMENT_3D ( 'NONE', #1340, #2019, #5095 ) ;
#504 = CARTESIAN_POINT ( 'NONE',  ( -33.28252613824997752, 0.000000000000000000, -48.87167408952667813 ) ) ;
#505 = DIRECTION ( 'NONE',  ( 0.6644630243886732179, 0.2418447626479788004, 0.7071067811865476838 ) ) ;
#506 = AXIS2_PLACEMENT_3D ( 'NONE', #3574, #1711, #8171 ) ;
#507 = EDGE_LOOP ( 'NONE', ( #4117, #4958, #2350, #4678 ) ) ;
#508 = CARTESIAN_POINT ( 'NONE',  ( -59.72988597684204137, 2.131715627355467380, 13.22978744257989447 ) ) ;
#509 = EDGE_CURVE ( 'NONE', #7969, #2563, #420, .T. ) ;
#510 = ADVANCED_FACE ( 'NONE', ( #4057 ), #722, .T. ) ;
#511 = DIRECTION ( 'NONE',  ( 1.000000000000000000, 0.000000000000000000, 0.000000000000000000 ) ) ;
#512 = VECTOR ( 'NONE', #7229, 1000.000000000000000 ) ;
#513 = FACE_OUTER_BOUND ( 'NONE', #272, .T. ) ;
#514 = CARTESIAN_POINT ( 'NONE',  ( -38.86902242779785155, -57.38393621317710824, -10.49577653381792963 ) ) ;
#515 = ORIENTED_EDGE ( 'NONE', *, *, #1325, .F. ) ;
#516 = PLANE ( 'NONE',  #5181 ) ;
#517 = CARTESIAN_POINT ( 'NONE',  ( -39.07391500554492580, -25.62261018568955251, -12.30000000000000959 ) ) ;
#518 = CARTESIAN_POINT ( 'NONE',  ( -50.45967341942196072, 3.187440320649923109, 27.80000000000000071 ) ) ;
#519 = EDGE_LOOP ( 'NONE', ( #8453, #7468, #2691, #1795 ) ) ;
#520 = CARTESIAN_POINT ( 'NONE',  ( -36.68150189587490928, -57.75229165483012395, 12.29999999999999183 ) ) ;
#521 = ORIENTED_EDGE ( 'NONE', *, *, #4103, .F. ) ;
#522 = EDGE_CURVE ( 'NONE', #555, #1362, #6677, .T. ) ;
#523 = CIRCLE ( 'NONE', #238, 1.000000000000000888 ) ;
#524 = VERTEX_POINT ( 'NONE', #122 ) ;
#525 = DIRECTION ( 'NONE',  ( 0.000000000000000000, -0.7071067811865500152, -0.7071067811865450192 ) ) ;
#526 = CARTESIAN_POINT ( 'NONE',  ( -47.74395206774986633, 9.777389814310405214, 27.80000000000000071 ) ) ;
#527 = ORIENTED_EDGE ( 'NONE', *, *, #7893, .T. ) ;
#528 = ORIENTED_EDGE ( 'NONE', *, *, #3329, .F. ) ;
#529 = CARTESIAN_POINT ( 'NONE',  ( 15.65556682763982366, -24.62261018568959869, 12.29999999999999538 ) ) ;
#530 = VECTOR ( 'NONE', #1550, 1000.000000000000000 ) ;
#531 = FACE_OUTER_BOUND ( 'NONE', #6386, .T. ) ;
#532 = VERTEX_POINT ( 'NONE', #5910 ) ;
#533 = CARTESIAN_POINT ( 'NONE',  ( 47.92608499445506709, 0.000000000000000000, 27.80000000000000071 ) ) ;
#534 = EDGE_LOOP ( 'NONE', ( #3405, #3164, #6313, #5767 ) ) ;
#535 = AXIS2_PLACEMENT_3D ( 'NONE', #6753, #7271, #4008 ) ;
#536 = EDGE_CURVE ( 'NONE', #6597, #7511, #6037, .T. ) ;
#537 = LINE ( 'NONE', #8414, #3753 ) ;
#538 = CARTESIAN_POINT ( 'NONE',  ( -38.78102178673147904, -22.62261018568959514, -10.59289321881345991 ) ) ;
#539 = ORIENTED_EDGE ( 'NONE', *, *, #2857, .T. ) ;
#540 = CARTESIAN_POINT ( 'NONE',  ( -58.21627851301587953, 5.431400183609945920, -27.80000000000000071 ) ) ;
#541 = CARTESIAN_POINT ( 'NONE',  ( -40.70502190509278506, 14.77738981431039100, -2.207106781186559896 ) ) ;
#542 = LINE ( 'NONE', #3144, #6412 ) ;
#543 = LINE ( 'NONE', #2466, #5378 ) ;
#544 = EDGE_CURVE ( 'NONE', #7428, #8150, #2641, .T. ) ;
#545 = DIRECTION ( 'NONE',  ( 0.000000000000000000, -1.000000000000000000, 1.042667367333023879E-16 ) ) ;
#546 = FACE_OUTER_BOUND ( 'NONE', #1336, .T. ) ;
#547 = CYLINDRICAL_SURFACE ( 'NONE', #4078, 1.000000000000000000 ) ;
#548 = PLANE ( 'NONE',  #2810 ) ;
#549 = DIRECTION ( 'NONE',  ( 0.000000000000000000, 0.000000000000000000, 1.000000000000000000 ) ) ;
#550 = EDGE_CURVE ( 'NONE', #4344, #7598, #2607, .T. ) ;
#551 = FACE_OUTER_BOUND ( 'NONE', #5713, .T. ) ;
#552 = ORIENTED_EDGE ( 'NONE', *, *, #7050, .T. ) ;
#553 = EDGE_CURVE ( 'NONE', #1115, #2021, #3409, .T. ) ;
#554 = DIRECTION ( 'NONE',  ( -0.6336872742246401069, -0.4437126062796578063, -0.6336872742246441037 ) ) ;
#555 = VERTEX_POINT ( 'NONE', #8000 ) ;
#556 = CARTESIAN_POINT ( 'NONE',  ( -36.84759400126308293, -57.98488919416542586, 12.28219675448380954 ) ) ;
#557 = ORIENTED_EDGE ( 'NONE', *, *, #8060, .T. ) ;
#558 = VERTEX_POINT ( 'NONE', #2138 ) ;
#559 = DIRECTION ( 'NONE',  ( -1.000000000000000000, 0.000000000000000000, 0.000000000000000000 ) ) ;
#560 = CARTESIAN_POINT ( 'NONE',  ( -38.64749144189603669, -55.45130374739212442, 12.71421356237311251 ) ) ;
#561 = EDGE_LOOP ( 'NONE', ( #1292, #2723, #7385, #4797 ) ) ;
#562 = EDGE_LOOP ( 'NONE', ( #7810, #2169, #4232, #3261 ) ) ;
#563 = ORIENTED_EDGE ( 'NONE', *, *, #4116, .T. ) ;
#564 = CARTESIAN_POINT ( 'NONE',  ( -62.45967341942196072, -2.471820925021154025, -27.80000000000000071 ) ) ;
#565 = EDGE_CURVE ( 'NONE', #8356, #7159, #3708, .T. ) ;
#566 = DIRECTION ( 'NONE',  ( -0.000000000000000000, -0.000000000000000000, -1.000000000000000000 ) ) ;
#567 = CIRCLE ( 'NONE', #3986, 5.999999999999998224 ) ;
#568 = VERTEX_POINT ( 'NONE', #2889 ) ;
#569 = CARTESIAN_POINT ( 'NONE',  ( -49.45967341942196072, -21.62261018568959159, 27.80000000000000071 ) ) ;
#570 = ORIENTED_EDGE ( 'NONE', *, *, #107, .F. ) ;
#571 = LINE ( 'NONE', #2255, #7182 ) ;
#572 = DIRECTION ( 'NONE',  ( -1.000000000000000000, 0.000000000000000000, 0.000000000000000000 ) ) ;
#573 = VERTEX_POINT ( 'NONE', #2182 ) ;
#574 = CIRCLE ( 'NONE', #6869, 1.000000000000000888 ) ;
#575 = CARTESIAN_POINT ( 'NONE',  ( -36.73600041693248386, -57.82861210828455256, -12.29732377582128144 ) ) ;
#576 = CARTESIAN_POINT ( 'NONE',  ( -41.41212868627932409, 14.77738981431039100, -1.500000000000001332 ) ) ;
#577 = EDGE_CURVE ( 'NONE', #4646, #7143, #1529, .T. ) ;
#578 = CARTESIAN_POINT ( 'NONE',  ( -47.74395206774986633, 15.77738981431040699, -3.500000000000020428 ) ) ;
#579 = DIRECTION ( 'NONE',  ( 0.000000000000000000, 1.000000000000000000, -0.000000000000000000 ) ) ;
#580 = CARTESIAN_POINT ( 'NONE',  ( -51.50055716134375672, 13.07707437056487620, -13.50000000000000000 ) ) ;
#581 = CIRCLE ( 'NONE', #4818, 0.9999999999999991118 ) ;
#582 = CARTESIAN_POINT ( 'NONE',  ( -40.39494516989768158, -56.67488402041153250, 10.89314257881516923 ) ) ;
#583 = EDGE_CURVE ( 'NONE', #3258, #4782, #282, .T. ) ;
#584 = DIRECTION ( 'NONE',  ( -1.000000000000000000, 0.000000000000000000, 0.000000000000000000 ) ) ;
#585 = CARTESIAN_POINT ( 'NONE',  ( 15.65556682763982366, -40.62261018568959514, -27.80000000000000071 ) ) ;
#586 = AXIS2_PLACEMENT_3D ( 'NONE', #6875, #5553, #4221 ) ;
#587 = EDGE_LOOP ( 'NONE', ( #5248, #4932, #2521, #3594, #413 ) ) ;
#588 = CARTESIAN_POINT ( 'NONE',  ( -39.07391500554492580, 0.000000000000000000, 0.000000000000000000 ) ) ;
#589 = FACE_OUTER_BOUND ( 'NONE', #3312, .T. ) ;
#590 = ORIENTED_EDGE ( 'NONE', *, *, #7578, .T. ) ;
#591 = AXIS2_PLACEMENT_3D ( 'NONE', #7246, #3203, #6563 ) ;
#592 = FACE_OUTER_BOUND ( 'NONE', #8398, .T. ) ;
#593 = ORIENTED_EDGE ( 'NONE', *, *, #2055, .F. ) ;
#594 = CARTESIAN_POINT ( 'NONE',  ( -37.03560709869550038, -58.24818523486010946, 12.22666534793355808 ) ) ;
#595 = ORIENTED_EDGE ( 'NONE', *, *, #5020, .F. ) ;
#596 = VECTOR ( 'NONE', #1387, 1000.000000000000000 ) ;
#597 = ORIENTED_EDGE ( 'NONE', *, *, #794, .F. ) ;
#598 = CARTESIAN_POINT ( 'NONE',  ( -47.74395206774986633, 9.777389814310405214, -18.50000000000000355 ) ) ;
#599 = EDGE_CURVE ( 'NONE', #2529, #6736, #4912, .T. ) ;
#600 = CARTESIAN_POINT ( 'NONE',  ( -37.16085181309603769, -55.98203132826412087, 12.16783180230137695 ) ) ;
#601 = CIRCLE ( 'NONE', #53, 1.000000000000011324 ) ;
#602 = ORIENTED_EDGE ( 'NONE', *, *, #3579, .T. ) ;
#603 = ORIENTED_EDGE ( 'NONE', *, *, #7405, .F. ) ;
#604 = ORIENTED_EDGE ( 'NONE', *, *, #7639, .F. ) ;
#605 = CARTESIAN_POINT ( 'NONE',  ( -47.74395206774986633, 15.77738981431040699, -26.80000000000001492 ) ) ;
#606 = DIRECTION ( 'NONE',  ( 1.000000000000000000, 0.000000000000000000, 0.000000000000000000 ) ) ;
#607 = DIRECTION ( 'NONE',  ( 0.7071067811865504593, 0.000000000000000000, 0.7071067811865445751 ) ) ;
#608 = ORIENTED_EDGE ( 'NONE', *, *, #6218, .T. ) ;
#609 = EDGE_LOOP ( 'NONE', ( #5368, #5537, #3908, #3371 ) ) ;
#610 = LINE ( 'NONE', #1309, #7708 ) ;
#611 = EDGE_CURVE ( 'NONE', #8367, #865, #2932, .T. ) ;
#612 = ADVANCED_FACE ( 'NONE', ( #3447 ), #6802, .T. ) ;
#613 = ORIENTED_EDGE ( 'NONE', *, *, #2838, .F. ) ;
#614 = CARTESIAN_POINT ( 'NONE',  ( -38.97250822945068904, -57.52885624316809299, -10.32951641916982943 ) ) ;
#615 = DIRECTION ( 'NONE',  ( -1.000000000000000000, 0.000000000000000000, 0.000000000000000000 ) ) ;
#616 = ORIENTED_EDGE ( 'NONE', *, *, #4625, .F. ) ;
#617 = CARTESIAN_POINT ( 'NONE',  ( -37.07011207121372109, -58.29650269964282217, -12.21197126400750577 ) ) ;
#618 = CARTESIAN_POINT ( 'NONE',  ( -2.671886926795778106, -30.26091427426758429, 26.79999999999999005 ) ) ;
#619 = AXIS2_PLACEMENT_3D ( 'NONE', #1578, #6293, #1755 ) ;
#620 = CIRCLE ( 'NONE', #8420, 2.000000000000000000 ) ;
#621 = ADVANCED_FACE ( 'NONE', ( #2307 ), #245, .T. ) ;
#622 = ADVANCED_FACE ( 'NONE', ( #2852 ), #7358, .F. ) ;
#623 = AXIS2_PLACEMENT_3D ( 'NONE', #6634, #5479, #2143 ) ;
#624 = CARTESIAN_POINT ( 'NONE',  ( 6.261795445452351124E-15, 15.77738981431040699, 19.50000000000001776 ) ) ;
#625 = AXIS2_PLACEMENT_3D ( 'NONE', #7850, #7090, #1226 ) ;
#626 = LINE ( 'NONE', #3231, #7550 ) ;
#627 = CARTESIAN_POINT ( 'NONE',  ( -59.63757692623200057, 2.236807081945947129, 13.32209649318995481 ) ) ;
#628 = VERTEX_POINT ( 'NONE', #1672 ) ;
#629 = AXIS2_PLACEMENT_3D ( 'NONE', #8352, #3073, #2473 ) ;
#630 = AXIS2_PLACEMENT_3D ( 'NONE', #800, #5948, #6670 ) ;
#631 = CONICAL_SURFACE ( 'NONE', #1198, 4.999999999999984013, 0.7853981633974491672 ) ;
#632 = LINE ( 'NONE', #5129, #2644 ) ;
#633 = EDGE_CURVE ( 'NONE', #5754, #7846, #5916, .T. ) ;
#634 = LINE ( 'NONE', #3236, #3255 ) ;
#635 = AXIS2_PLACEMENT_3D ( 'NONE', #4681, #6811, #3993 ) ;
#636 = LINE ( 'NONE', #3318, #8160 ) ;
#637 = VERTEX_POINT ( 'NONE', #8044 ) ;
#638 = CARTESIAN_POINT ( 'NONE',  ( 49.92608499445507420, 0.000000000000000000, -27.80000000000000071 ) ) ;
#639 = DIRECTION ( 'NONE',  ( 0.000000000000000000, 0.000000000000000000, 1.000000000000000000 ) ) ;
#640 = EDGE_LOOP ( 'NONE', ( #5838, #3693, #1687, #3608 ) ) ;
#641 = B_SPLINE_CURVE_WITH_KNOTS ( 'NONE', 3,
 ( #5359, #4829, #2103, #4963 ),
 .UNSPECIFIED., .F., .F.,
 ( 4, 4 ),
 ( 0.000000000000000000, 1.000000000000000000 ),
 .UNSPECIFIED. ) ;
#642 = DIRECTION ( 'NONE',  ( -5.610667679425537100E-47, -1.000000000000000000, -1.143648588528323197E-16 ) ) ;
#643 = VERTEX_POINT ( 'NONE', #3495 ) ;
#644 = B_SPLINE_CURVE_WITH_KNOTS ( 'NONE', 3,
 ( #4527, #3837, #6464, #5818, #5175, #8425 ),
 .UNSPECIFIED., .F., .F.,
 ( 4, 2, 4 ),
 ( 0.000000000000000000, 0.5000000000000000000, 1.000000000000000000 ),
 .UNSPECIFIED. ) ;
#645 = CARTESIAN_POINT ( 'NONE',  ( -36.75495791475006513, -57.85516008335412153, 12.29545382044270418 ) ) ;
#646 = ORIENTED_EDGE ( 'NONE', *, *, #769, .F. ) ;
#647 = CIRCLE ( 'NONE', #4055, 3.000000000000044409 ) ;
#648 = ORIENTED_EDGE ( 'NONE', *, *, #6626, .F. ) ;
#649 = CARTESIAN_POINT ( 'NONE',  ( -41.41212868627928856, 15.77738981431040699, 17.49999999999999645 ) ) ;
#650 = CARTESIAN_POINT ( 'NONE',  ( -37.10285298756215155, -55.90080889857183166, 12.19883282041933192 ) ) ;
#651 = ORIENTED_EDGE ( 'NONE', *, *, #2279, .T. ) ;
#652 = ORIENTED_EDGE ( 'NONE', *, *, #7741, .T. ) ;
#653 = VERTEX_POINT ( 'NONE', #1019 ) ;
#654 = DIRECTION ( 'NONE',  ( -0.7071067811865452413, 0.000000000000000000, -0.7071067811865499042 ) ) ;
#655 = VECTOR ( 'NONE', #3701, 999.9999999999998863 ) ;
#656 = CARTESIAN_POINT ( 'NONE',  ( -36.84545985704962590, 12.57738981431037395, -48.87167408952667813 ) ) ;
#657 = ADVANCED_FACE ( 'NONE', ( #1501 ), #5474, .F. ) ;
#658 = VECTOR ( 'NONE', #7222, 1000.000000000000000 ) ;
#659 = CARTESIAN_POINT ( 'NONE',  ( -38.58695750277261283, -22.62261018568959514, -10.78695750277232790 ) ) ;
#660 = ORIENTED_EDGE ( 'NONE', *, *, #2314, .F. ) ;
#661 = CARTESIAN_POINT ( 'NONE',  ( -33.28252613824997752, 14.77738981431041232, -48.87167408952667813 ) ) ;
#662 = EDGE_LOOP ( 'NONE', ( #4541, #2164, #1606, #1043 ) ) ;
#663 = LINE ( 'NONE', #6656, #5038 ) ;
#664 = CONICAL_SURFACE ( 'NONE', #5590, 5.000000000000004441, 0.7853981633974509435 ) ;
#665 = DIRECTION ( 'NONE',  ( -0.000000000000000000, -0.000000000000000000, 1.000000000000000000 ) ) ;
#666 = VERTEX_POINT ( 'NONE', #3539 ) ;
#667 = CARTESIAN_POINT ( 'NONE',  ( -39.07391500554492580, -60.11242004562343055, -9.885786437626917333 ) ) ;
#668 = CARTESIAN_POINT ( 'NONE',  ( -34.77347831854608984, 30.54393701659612503, 0.000000000000000000 ) ) ;
#669 = APPLICATION_CONTEXT ( 'automotive_design' ) ;
#670 = ADVANCED_FACE ( 'NONE', ( #6714 ), #843, .F. ) ;
#671 = ADVANCED_FACE ( 'NONE', ( #6756 ), #8081, .F. ) ;
#672 = AXIS2_PLACEMENT_3D ( 'NONE', #3884, #4616, #719 ) ;
#673 = CARTESIAN_POINT ( 'NONE',  ( -33.28252613824997752, 14.77738981431041232, 23.57157287525381406 ) ) ;
#674 = DIRECTION ( 'NONE',  ( 0.000000000000000000, -0.7071067811865482389, 0.7071067811865469066 ) ) ;
#675 = ORIENTED_EDGE ( 'NONE', *, *, #8039, .T. ) ;
#676 = ADVANCED_FACE ( 'NONE', ( #4182 ), #7444, .F. ) ;
#677 = DIRECTION ( 'NONE',  ( 1.000000000000000000, 0.000000000000000000, -9.158464420884415348E-17 ) ) ;
#678 = ORIENTED_EDGE ( 'NONE', *, *, #1102, .T. ) ;
#679 = FACE_OUTER_BOUND ( 'NONE', #8206, .T. ) ;
#680 = CARTESIAN_POINT ( 'NONE',  ( 50.92608499445506709, -26.01841187403130107, 1.781588125968552205 ) ) ;
#681 = CARTESIAN_POINT ( 'NONE',  ( -40.70502190509278506, 13.77738981431040699, 13.79289321881343788 ) ) ;
#682 = DIRECTION ( 'NONE',  ( -0.7071067811865426878, 0.000000000000000000, 0.7071067811865524577 ) ) ;
#683 = DIRECTION ( 'NONE',  ( 0.000000000000000000, 0.000000000000000000, 1.000000000000000000 ) ) ;
#684 = ORIENTED_EDGE ( 'NONE', *, *, #7220, .T. ) ;
#685 = DIRECTION ( 'NONE',  ( 0.000000000000000000, 1.000000000000000000, 0.000000000000000000 ) ) ;
#686 = EDGE_CURVE ( 'NONE', #4466, #3300, #6164, .T. ) ;
#687 = CARTESIAN_POINT ( 'NONE',  ( -39.07391500554492580, -22.62261018568959514, 27.80000000000000071 ) ) ;
#688 = ORIENTED_EDGE ( 'NONE', *, *, #5164, .T. ) ;
#689 = ORIENTED_EDGE ( 'NONE', *, *, #758, .F. ) ;
#690 = FACE_OUTER_BOUND ( 'NONE', #3789, .T. ) ;
#691 = CARTESIAN_POINT ( 'NONE',  ( -38.99791512390618919, 15.77738981431040699, 17.08578643762690774 ) ) ;
#692 = ORIENTED_EDGE ( 'NONE', *, *, #3108, .T. ) ;
#693 = FACE_OUTER_BOUND ( 'NONE', #1213, .T. ) ;
#694 = DIRECTION ( 'NONE',  ( -9.158464420884415348E-17, -1.042667367333023879E-16, -1.000000000000000000 ) ) ;
#695 = DIRECTION ( 'NONE',  ( -1.000000000000000000, 0.000000000000000000, 9.158464420884415348E-17 ) ) ;
#696 = DIRECTION ( 'NONE',  ( 0.5508055290647200231, 0.6270777769172416471, -0.5508055290647179136 ) ) ;
#697 = VERTEX_POINT ( 'NONE', #6204 ) ;
#698 = CARTESIAN_POINT ( 'NONE',  ( 47.92608499445506709, -8.522610185689574180, 24.97157287525381619 ) ) ;
#699 = ORIENTED_EDGE ( 'NONE', *, *, #6159, .F. ) ;
#700 = CARTESIAN_POINT ( 'NONE',  ( -47.23758846049647531, 13.77738981431040699, -18.50000000000000355 ) ) ;
#701 = EDGE_CURVE ( 'NONE', #5981, #666, #1025, .T. ) ;
#702 = VERTEX_POINT ( 'NONE', #3835 ) ;
#703 = CARTESIAN_POINT ( 'NONE',  ( -39.07391941510957167, -57.67087704332142550, -9.951236650387899729 ) ) ;
#704 = ORIENTED_EDGE ( 'NONE', *, *, #3536, .T. ) ;
#705 = VECTOR ( 'NONE', #5608, 1000.000000000000000 ) ;
#706 = CARTESIAN_POINT ( 'NONE',  ( -36.65970144317183355, -57.72176197219197036, -12.30000000000001492 ) ) ;
#707 = DIRECTION ( 'NONE',  ( -0.000000000000000000, -1.000000000000000000, -0.000000000000000000 ) ) ;
#708 = EDGE_CURVE ( 'NONE', #328, #5533, #7600, .T. ) ;
#709 = VECTOR ( 'NONE', #6057, 1000.000000000000000 ) ;
#710 = EDGE_CURVE ( 'NONE', #2680, #3024, #7016, .T. ) ;
#711 = DIRECTION ( 'NONE',  ( 6.938893903907180257E-15, 0.000000000000000000, 1.000000000000000000 ) ) ;
#712 = ORIENTED_EDGE ( 'NONE', *, *, #3143, .T. ) ;
#713 = CARTESIAN_POINT ( 'NONE',  ( -59.44947128440067985, 2.450960465455849224, -13.50000000000000000 ) ) ;
#714 = ORIENTED_EDGE ( 'NONE', *, *, #2293, .T. ) ;
#715 = DIRECTION ( 'NONE',  ( 0.8191520442889911324, 0.5735764363510471586, 6.559698818459806760E-17 ) ) ;
#716 = ADVANCED_FACE ( 'NONE', ( #6427 ), #1245, .T. ) ;
#717 = ADVANCED_FACE ( 'NONE', ( #8305 ), #1882, .T. ) ;
#718 = EDGE_CURVE ( 'NONE', #6833, #6181, #2426, .T. ) ;
#719 = DIRECTION ( 'NONE',  ( 1.000000000000000000, 0.000000000000000000, 0.000000000000000000 ) ) ;
#720 = DIRECTION ( 'NONE',  ( 0.4055797876726368600, -0.5792279653395645544, 0.7071067811865524577 ) ) ;
#721 = CIRCLE ( 'NONE', #5247, 3.000000000000002665 ) ;
#722 = PLANE ( 'NONE',  #8083 ) ;
#723 = CARTESIAN_POINT ( 'NONE',  ( -40.06170500426912895, -56.44154674440417807, 11.30000000000000782 ) ) ;
#724 = VERTEX_POINT ( 'NONE', #1069 ) ;
#725 = DIRECTION ( 'NONE',  ( -0.7071067811865474617, -0.7071067811865474617, 0.000000000000000000 ) ) ;
#726 = PLANE ( 'NONE',  #2944 ) ;
#727 = VECTOR ( 'NONE', #4516, 1000.000000000000000 ) ;
#728 = VERTEX_POINT ( 'NONE', #3105 ) ;
#729 = VECTOR ( 'NONE', #2437, 1000.000000000000000 ) ;
#730 = ORIENTED_EDGE ( 'NONE', *, *, #4914, .F. ) ;
#731 = DIRECTION ( 'NONE',  ( 8.763851654838594627E-15, -1.000000000000000000, 0.000000000000000000 ) ) ;
#732 = EDGE_CURVE ( 'NONE', #7976, #5306, #4443, .T. ) ;
#733 = CARTESIAN_POINT ( 'NONE',  ( -37.36417830504486659, -54.55271821508537755, 13.30000881912939903 ) ) ;
#734 = EDGE_CURVE ( 'NONE', #3157, #6441, #543, .T. ) ;
#735 = ORIENTED_EDGE ( 'NONE', *, *, #5551, .T. ) ;
#736 = CIRCLE ( 'NONE', #5518, 3.000000000000002665 ) ;
#737 = LINE ( 'NONE', #168, #6087 ) ;
#738 = DIRECTION ( 'NONE',  ( 0.000000000000000000, 0.000000000000000000, -1.000000000000000000 ) ) ;
#739 = LINE ( 'NONE', #5971, #4458 ) ;
#740 = AXIS2_PLACEMENT_3D ( 'NONE', #2017, #2175, #7240 ) ;
#741 = CARTESIAN_POINT ( 'NONE',  ( -60.45967341942196072, 2.131715627355464271, 19.50000000000001776 ) ) ;
#742 = CIRCLE ( 'NONE', #5119, 16.00000000000000000 ) ;
#743 = ORIENTED_EDGE ( 'NONE', *, *, #1813, .T. ) ;
#744 = CARTESIAN_POINT ( 'NONE',  ( -37.36680822435838678, -56.27045579168114386, 12.00710678118653973 ) ) ;
#745 = ORIENTED_EDGE ( 'NONE', *, *, #8257, .F. ) ;
#746 = CYLINDRICAL_SURFACE ( 'NONE', #2031, 2.000000000000000000 ) ;
#747 = ORIENTED_EDGE ( 'NONE', *, *, #4917, .F. ) ;
#748 = ADVANCED_FACE ( 'NONE', ( #8384 ), #1112, .T. ) ;
#749 = CARTESIAN_POINT ( 'NONE',  ( 15.63326077771475298, -22.32661021857295580, 13.29999999999997939 ) ) ;
#750 = ORIENTED_EDGE ( 'NONE', *, *, #6070, .F. ) ;
#751 = CARTESIAN_POINT ( 'NONE',  ( -36.77334587939590449, -57.88091002427985643, -12.29353885192084306 ) ) ;
#752 = LINE ( 'NONE', #63, #1589 ) ;
#753 = CARTESIAN_POINT ( 'NONE',  ( 47.92608499445506709, -22.62261018568959514, -27.80000000000000071 ) ) ;
#754 = ORIENTED_EDGE ( 'NONE', *, *, #4950, .T. ) ;
#755 = AXIS2_PLACEMENT_3D ( 'NONE', #7107, #3232, #8385 ) ;
#756 = AXIS2_PLACEMENT_3D ( 'NONE', #1754, #7740, #7100 ) ;
#757 = PLANE ( 'NONE',  #1178 ) ;
#758 = EDGE_CURVE ( 'NONE', #862, #7587, #5009, .T. ) ;
#759 = ORIENTED_EDGE ( 'NONE', *, *, #4601, .F. ) ;
#760 = AXIS2_PLACEMENT_3D ( 'NONE', #3985, #453, #4514 ) ;
#761 = FACE_OUTER_BOUND ( 'NONE', #102, .T. ) ;
#762 = AXIS2_PLACEMENT_3D ( 'NONE', #6413, #8370, #6283 ) ;
#763 = DIRECTION ( 'NONE',  ( 0.000000000000000000, -0.7071067811865493491, 0.7071067811865456854 ) ) ;
#764 = DIRECTION ( 'NONE',  ( 1.000000000000000000, 0.000000000000000000, 0.000000000000000000 ) ) ;
#765 = CARTESIAN_POINT ( 'NONE',  ( -40.70502190509272822, 13.77738981431040699, 18.20710678118653547 ) ) ;
#766 = ORIENTED_EDGE ( 'NONE', *, *, #5324, .T. ) ;
#767 = AXIS2_PLACEMENT_3D ( 'NONE', #4919, #8178, #464 ) ;
#768 = DIRECTION ( 'NONE',  ( 0.000000000000000000, 0.000000000000000000, 1.000000000000000000 ) ) ;
#769 = EDGE_CURVE ( 'NONE', #6651, #1089, #4489, .T. ) ;
#770 = AXIS2_PLACEMENT_3D ( 'NONE', #5665, #2323, #1168 ) ;
#771 = EDGE_CURVE ( 'NONE', #1115, #4646, #6298, .T. ) ;
#772 = DIRECTION ( 'NONE',  ( 0.7071067811865574537, 0.000000000000000000, 0.7071067811865375807 ) ) ;
#773 = ORIENTED_EDGE ( 'NONE', *, *, #3435, .F. ) ;
#774 = ORIENTED_EDGE ( 'NONE', *, *, #2380, .F. ) ;
#775 = CARTESIAN_POINT ( 'NONE',  ( -3.819039799497872867, -26.62261018568959514, 13.30000000000003801 ) ) ;
#776 = AXIS2_PLACEMENT_3D ( 'NONE', #585, #8432, #8389 ) ;
#777 = CARTESIAN_POINT ( 'NONE',  ( -40.70502190509278506, 13.77738981431040699, -2.207106781186556788 ) ) ;
#778 = AXIS2_PLACEMENT_3D ( 'NONE', #1072, #6978, #373 ) ;
#779 = ORIENTED_EDGE ( 'NONE', *, *, #583, .F. ) ;
#780 = DIRECTION ( 'NONE',  ( -0.7071067811865450192, -6.196978934449294787E-15, 0.7071067811865500152 ) ) ;
#781 = DIRECTION ( 'NONE',  ( 1.000000000000000000, 8.673617379884027583E-15, 0.000000000000000000 ) ) ;
#782 = CARTESIAN_POINT ( 'NONE',  ( -41.41212868627928856, 15.77738981431040699, 3.500000000000012879 ) ) ;
#783 = ADVANCED_FACE ( 'NONE', ( #1761 ), #4364, .T. ) ;
#784 = LINE ( 'NONE', #5366, #6635 ) ;
#785 = EDGE_LOOP ( 'NONE', ( #1040, #5932, #2981, #2407 ) ) ;
#786 = CARTESIAN_POINT ( 'NONE',  ( 47.92608499445506709, -22.62261018568959514, -27.80000000000000071 ) ) ;
#787 = ORIENTED_EDGE ( 'NONE', *, *, #5752, .T. ) ;
#788 = LINE ( 'NONE', #2540, #4210 ) ;
#789 = AXIS2_PLACEMENT_3D ( 'NONE', #753, #6065, #7912 ) ;
#790 = ORIENTED_EDGE ( 'NONE', *, *, #476, .T. ) ;
#791 = CARTESIAN_POINT ( 'NONE',  ( -36.72508233221488894, -55.37176203718539114, -12.29789391804212606 ) ) ;
#792 = AXIS2_PLACEMENT_3D ( 'NONE', #4384, #2450, #1783 ) ;
#793 = CARTESIAN_POINT ( 'NONE',  ( -36.84545985704963300, 13.77738981431037502, 27.68603248292326668 ) ) ;
#794 = EDGE_CURVE ( 'NONE', #4468, #4878, #2748, .T. ) ;
#795 = CIRCLE ( 'NONE', #1899, 2.000000000000001776 ) ;
#796 = CARTESIAN_POINT ( 'NONE',  ( -39.25967341942191524, 10.16317625193741492, -27.80000000000000071 ) ) ;
#797 = VERTEX_POINT ( 'NONE', #7868 ) ;
#798 = LINE ( 'NONE', #2883, #3778 ) ;
#799 = AXIS2_PLACEMENT_3D ( 'NONE', #1454, #3443, #197 ) ;
#800 = CARTESIAN_POINT ( 'NONE',  ( -40.99791512390621051, 13.77738981431040699, 1.085786437626908185 ) ) ;
#801 = ORIENTED_EDGE ( 'NONE', *, *, #4906, .F. ) ;
#802 = CIRCLE ( 'NONE', #5870, 2.000000000000000000 ) ;
#803 = FACE_OUTER_BOUND ( 'NONE', #3742, .T. ) ;
#804 = AXIS2_PLACEMENT_3D ( 'NONE', #7312, #7356, #6074 ) ;
#805 = LINE ( 'NONE', #2056, #1085 ) ;
#806 = EDGE_CURVE ( 'NONE', #1756, #6651, #4803, .T. ) ;
#807 = CARTESIAN_POINT ( 'NONE',  ( -38.07391500554492580, 1.356703884706134746E-15, -9.885786437626908452 ) ) ;
#808 = DIRECTION ( 'NONE',  ( 0.000000000000000000, 1.000000000000000000, -8.673617379884063822E-17 ) ) ;
#809 = EDGE_LOOP ( 'NONE', ( #759, #8307, #6904, #7989 ) ) ;
#810 = DIRECTION ( 'NONE',  ( 0.000000000000000000, 0.000000000000000000, 1.000000000000000000 ) ) ;
#811 = LINE ( 'NONE', #4664, #5286 ) ;
#812 = ORIENTED_EDGE ( 'NONE', *, *, #1366, .T. ) ;
#813 = CARTESIAN_POINT ( 'NONE',  ( -36.65970144317183355, -22.62261018568959514, 12.29999999999999538 ) ) ;
#814 = FACE_OUTER_BOUND ( 'NONE', #534, .T. ) ;
#815 = EDGE_LOOP ( 'NONE', ( #7572, #6895, #6734, #1130 ) ) ;
#816 = EDGE_CURVE ( 'NONE', #1557, #985, #6739, .T. ) ;
#817 = EDGE_CURVE ( 'NONE', #7517, #3378, #2835, .T. ) ;
#818 = ORIENTED_EDGE ( 'NONE', *, *, #3402, .T. ) ;
#819 = DIRECTION ( 'NONE',  ( 0.000000000000000000, 0.000000000000000000, -1.000000000000000000 ) ) ;
#820 = CARTESIAN_POINT ( 'NONE',  ( -47.74395206774986633, 9.777389814310405214, -2.500000000000002220 ) ) ;
#821 = DIRECTION ( 'NONE',  ( 0.000000000000000000, 0.000000000000000000, -1.000000000000000000 ) ) ;
#822 = DIRECTION ( 'NONE',  ( 0.000000000000000000, -0.000000000000000000, -1.000000000000000000 ) ) ;
#823 = VERTEX_POINT ( 'NONE', #4120 ) ;
#824 = CARTESIAN_POINT ( 'NONE',  ( -51.50055716134377093, 13.07707437056489397, -27.80000000000000071 ) ) ;
#825 = ORIENTED_EDGE ( 'NONE', *, *, #5283, .T. ) ;
#826 = DIRECTION ( 'NONE',  ( 0.000000000000000000, 0.000000000000000000, 1.000000000000000000 ) ) ;
#827 = EDGE_CURVE ( 'NONE', #558, #4622, #3924, .T. ) ;
#828 = ORIENTED_EDGE ( 'NONE', *, *, #417, .T. ) ;
#829 = DIRECTION ( 'NONE',  ( 0.6599369112508958191, 0.7513210187187812084, -1.387778780781445429E-16 ) ) ;
#830 = LINE ( 'NONE', #3429, #3431 ) ;
#831 = PLANE ( 'NONE',  #7193 ) ;
#832 = ORIENTED_EDGE ( 'NONE', *, *, #4060, .T. ) ;
#833 = CARTESIAN_POINT ( 'NONE',  ( -45.82754818765661042, 17.95916581580593885, 18.50000000000000000 ) ) ;
#834 = LINE ( 'NONE', #6620, #368 ) ;
#835 = ORIENTED_EDGE ( 'NONE', *, *, #3570, .F. ) ;
#836 = LINE ( 'NONE', #5550, #7334 ) ;
#837 = EDGE_CURVE ( 'NONE', #3548, #2325, #8069, .T. ) ;
#838 = DIRECTION ( 'NONE',  ( -0.8191520442889910214, -0.5735764363510471586, 0.000000000000000000 ) ) ;
#839 = VECTOR ( 'NONE', #829, 1000.000000000000114 ) ;
#840 = DIRECTION ( 'NONE',  ( 0.000000000000000000, 1.000000000000000000, -8.673617379884060124E-17 ) ) ;
#841 = CARTESIAN_POINT ( 'NONE',  ( -55.19168209754979415, -29.30665047234093379, 26.79999999999998295 ) ) ;
#842 = CARTESIAN_POINT ( 'NONE',  ( -59.45967341942196782, -2.471820925021154025, -27.80000000000000071 ) ) ;
#843 = PLANE ( 'NONE',  #6335 ) ;
#844 = AXIS2_PLACEMENT_3D ( 'NONE', #7601, #1696, #5588 ) ;
#845 = ORIENTED_EDGE ( 'NONE', *, *, #3605, .F. ) ;
#846 = CARTESIAN_POINT ( 'NONE',  ( -59.45967341942194651, 17.95916581580593885, 2.500000000000000000 ) ) ;
#847 = CARTESIAN_POINT ( 'NONE',  ( -3.819039799497872867, -28.62261018568959514, 27.80000000000000071 ) ) ;
#848 = EDGE_CURVE ( 'NONE', #4027, #2754, #567, .T. ) ;
#849 = ORIENTED_EDGE ( 'NONE', *, *, #734, .F. ) ;
#850 = DIRECTION ( 'NONE',  ( 0.000000000000000000, 1.000000000000000000, -1.042667367333023879E-16 ) ) ;
#851 = LINE ( 'NONE', #4146, #4494 ) ;
#852 = ORIENTED_EDGE ( 'NONE', *, *, #3485, .T. ) ;
#853 = ORIENTED_EDGE ( 'NONE', *, *, #241, .F. ) ;
#854 = CARTESIAN_POINT ( 'NONE',  ( 50.92608499445506709, -11.35103731043577469, 13.29999999999998295 ) ) ;
#855 = LINE ( 'NONE', #3983, #7178 ) ;
#856 = AXIS2_PLACEMENT_3D ( 'NONE', #6874, #2375, #6920 ) ;
#857 = DIRECTION ( 'NONE',  ( 0.4617486132350338002, 0.8870108331782218247, 0.000000000000000000 ) ) ;
#858 = DIRECTION ( 'NONE',  ( -0.000000000000000000, -1.000000000000000000, -0.000000000000000000 ) ) ;
#859 = EDGE_CURVE ( 'NONE', #2457, #5060, #2550, .T. ) ;
#860 = ORIENTED_EDGE ( 'NONE', *, *, #7992, .T. ) ;
#861 = CARTESIAN_POINT ( 'NONE',  ( 50.92608499445506709, -9.815503404503020946, -14.42132034355965153 ) ) ;
#862 = VERTEX_POINT ( 'NONE', #918 ) ;
#863 = DIRECTION ( 'NONE',  ( 0.000000000000000000, 1.000000000000000000, 0.000000000000000000 ) ) ;
#864 = AXIS2_PLACEMENT_3D ( 'NONE', #2568, #1218, #3895 ) ;
#865 = VERTEX_POINT ( 'NONE', #2167 ) ;
#866 = CARTESIAN_POINT ( 'NONE',  ( 47.92608499445506709, -25.62261018568959159, -13.30000000000000249 ) ) ;
#867 = VERTEX_POINT ( 'NONE', #3521 ) ;
#868 = VECTOR ( 'NONE', #1166, 1000.000000000000000 ) ;
#869 = DIRECTION ( 'NONE',  ( 0.000000000000000000, 0.7071067811865512365, -0.7071067811865439090 ) ) ;
#870 = B_SPLINE_CURVE_WITH_KNOTS ( 'NONE', 3,
 ( #4506, #4543, #5230, #2653, #43, #6478 ),
 .UNSPECIFIED., .F., .F.,
 ( 4, 2, 4 ),
 ( 0.000000000000000000, 0.5000000000000000000, 1.000000000000000000 ),
 .UNSPECIFIED. ) ;
#871 = LINE ( 'NONE', #7344, #6917 ) ;
#872 = EDGE_LOOP ( 'NONE', ( #7125, #973, #4788, #1354 ) ) ;
#873 = CONICAL_SURFACE ( 'NONE', #2919, 5.000000000000004441, 0.7853981633974513876 ) ;
#874 = EDGE_CURVE ( 'NONE', #3700, #1030, #6780, .T. ) ;
#875 = EDGE_CURVE ( 'NONE', #2045, #6736, #830, .T. ) ;
#876 = CYLINDRICAL_SURFACE ( 'NONE', #2014, 5.999999999999998224 ) ;
#877 = VECTOR ( 'NONE', #4149, 1000.000000000000000 ) ;
#878 = CARTESIAN_POINT ( 'NONE',  ( -40.99791512390621051, 15.77738981431040699, -14.91421356237309404 ) ) ;
#879 = AXIS2_PLACEMENT_3D ( 'NONE', #7537, #8226, #3026 ) ;
#880 = VERTEX_POINT ( 'NONE', #6549 ) ;
#881 = CARTESIAN_POINT ( 'NONE',  ( -60.45967341942196072, 0.000000000000000000, -26.80000000000001492 ) ) ;
#882 = CARTESIAN_POINT ( 'NONE',  ( -47.74395206774986633, 9.777389814310405214, -3.500000000000013323 ) ) ;
#883 = CARTESIAN_POINT ( 'NONE',  ( 47.92608499445506709, -22.62261018568959514, -13.30000000000000249 ) ) ;
#884 = ADVANCED_FACE ( 'NONE', ( #7790 ), #1536, .T. ) ;
#885 = FACE_OUTER_BOUND ( 'NONE', #1385, .T. ) ;
#886 = MECHANICAL_DESIGN_GEOMETRIC_PRESENTATION_REPRESENTATION (  '', ( #3499 ), #4168 ) ;
#887 = PLANE ( 'NONE',  #939 ) ;
#888 = DIRECTION ( 'NONE',  ( -0.7071067811865500152, 0.000000000000000000, 0.7071067811865450192 ) ) ;
#889 = CARTESIAN_POINT ( 'NONE',  ( 15.63326077771475298, -22.32661021857295225, -13.29999999999999183 ) ) ;
#890 = VERTEX_POINT ( 'NONE', #4766 ) ;
#891 = DIRECTION ( 'NONE',  ( -6.938893903907186568E-15, 0.000000000000000000, 1.000000000000000000 ) ) ;
#892 = DIRECTION ( 'NONE',  ( -1.000000000000000000, -2.674365358797578524E-15, 0.000000000000000000 ) ) ;
#893 = CIRCLE ( 'NONE', #4719, 2.000000000000015543 ) ;
#894 = AXIS2_PLACEMENT_3D ( 'NONE', #5689, #4398, #7564 ) ;
#895 = EDGE_CURVE ( 'NONE', #1829, #1034, #626, .T. ) ;
#896 = ORIENTED_EDGE ( 'NONE', *, *, #1997, .F. ) ;
#897 = FACE_OUTER_BOUND ( 'NONE', #872, .T. ) ;
#898 = PLANE ( 'NONE',  #1225 ) ;
#899 = CARTESIAN_POINT ( 'NONE',  ( -40.15427181888209418, -56.50636272578422137, -11.20744565751941657 ) ) ;
#900 = VECTOR ( 'NONE', #329, 1000.000000000000000 ) ;
#901 = ORIENTED_EDGE ( 'NONE', *, *, #6990, .T. ) ;
#902 = CARTESIAN_POINT ( 'NONE',  ( -41.41212868627932409, 14.77738981431039100, -17.50000000000000000 ) ) ;
#903 = CARTESIAN_POINT ( 'NONE',  ( 49.92608499445507420, 0.000000000000000000, 27.80000000000000071 ) ) ;
#904 = CARTESIAN_POINT ( 'NONE',  ( 7.051920282374118720, -28.33532952135472982, -26.80000000000001847 ) ) ;
#905 = CARTESIAN_POINT ( 'NONE',  ( 15.65556682763982366, -40.62261018568959514, -27.80000000000000426 ) ) ;
#906 = VECTOR ( 'NONE', #5869, 1000.000000000000000 ) ;
#907 = ORIENTED_EDGE ( 'NONE', *, *, #7980, .T. ) ;
#908 = AXIS2_PLACEMENT_3D ( 'NONE', #3311, #1495, #2756 ) ;
#909 = CARTESIAN_POINT ( 'NONE',  ( -36.88544994288365331, -55.59634687147349297, 12.27425613634612844 ) ) ;
#910 = AXIS2_PLACEMENT_3D ( 'NONE', #2813, #7925, #891 ) ;
#911 = VERTEX_POINT ( 'NONE', #5861 ) ;
#912 = DIRECTION ( 'NONE',  ( 0.4055797876726497941, -0.5792279653395847605, -0.7071067811865284769 ) ) ;
#913 = ORIENTED_EDGE ( 'NONE', *, *, #1514, .F. ) ;
#914 = EDGE_CURVE ( 'NONE', #7124, #4596, #8468, .T. ) ;
#915 = CONICAL_SURFACE ( 'NONE', #8167, 2.000000000000015543, 0.7853981633974482790 ) ;
#916 = CARTESIAN_POINT ( 'NONE',  ( -36.73630728394139311, -55.38748524563612108, -12.29710084352193000 ) ) ;
#917 = VERTEX_POINT ( 'NONE', #2592 ) ;
#918 = CARTESIAN_POINT ( 'NONE',  ( -39.07391500554492580, -57.67087086810381180, -9.885786437626917333 ) ) ;
#919 = CARTESIAN_POINT ( 'NONE',  ( -41.41212868627928856, 14.77738981431039100, 1.499999999999998668 ) ) ;
#920 = ORIENTED_EDGE ( 'NONE', *, *, #3070, .T. ) ;
#921 = CARTESIAN_POINT ( 'NONE',  ( -47.74395206774986633, 9.777389814310405214, 27.80000000000000071 ) ) ;
#922 = DIRECTION ( 'NONE',  ( 0.7071067811865500152, 0.000000000000000000, -0.7071067811865450192 ) ) ;
#923 = VERTEX_POINT ( 'NONE', #5212 ) ;
#924 = EDGE_CURVE ( 'NONE', #6607, #3432, #7825, .T. ) ;
#925 = CARTESIAN_POINT ( 'NONE',  ( -47.74395206774986633, 15.77738981431040699, 12.49999999999998046 ) ) ;
#926 = EDGE_CURVE ( 'NONE', #1476, #8445, #5360, .T. ) ;
#927 = CARTESIAN_POINT ( 'NONE',  ( -40.70502190509278506, 14.77738981431039100, -2.207106781186561228 ) ) ;
#928 = DIRECTION ( 'NONE',  ( 0.7071067811865424657, -0.000000000000000000, -0.7071067811865526798 ) ) ;
#929 = VECTOR ( 'NONE', #4477, 999.9999999999998863 ) ;
#930 = CARTESIAN_POINT ( 'NONE',  ( 2.524149805228551369, -26.62261018568959514, 26.79999999999998650 ) ) ;
#931 = CARTESIAN_POINT ( 'NONE',  ( 49.92608499445507420, -9.936823748062689532, -27.21421356237310363 ) ) ;
#932 = CYLINDRICAL_SURFACE ( 'NONE', #1750, 1.000000000000000888 ) ;
#933 = EDGE_CURVE ( 'NONE', #8445, #3508, #7343, .T. ) ;
#934 = ADVANCED_FACE ( 'NONE', ( #5416 ), #8026, .F. ) ;
#935 = DIRECTION ( 'NONE',  ( 0.5312641871840345642, -0.4666458651008127956, -0.7071067811865484609 ) ) ;
#936 = ORIENTED_EDGE ( 'NONE', *, *, #6699, .T. ) ;
#937 = DIRECTION ( 'NONE',  ( 0.7071067811865472397, 0.000000000000000000, -0.7071067811865479058 ) ) ;
#938 = CARTESIAN_POINT ( 'NONE',  ( -45.82754818765661042, 14.77738981431039100, 2.499999999999999112 ) ) ;
#939 = AXIS2_PLACEMENT_3D ( 'NONE', #4739, #4134, #3493 ) ;
#940 = EDGE_LOOP ( 'NONE', ( #1811, #4157, #2144, #7432 ) ) ;
#941 = CARTESIAN_POINT ( 'NONE',  ( -47.74395206774986633, 9.777389814310405214, 13.50000000000000000 ) ) ;
#942 = CARTESIAN_POINT ( 'NONE',  ( -38.78102178673147904, -57.26069878869476781, 10.59289321881344037 ) ) ;
#943 = DIRECTION ( 'NONE',  ( -0.000000000000000000, 0.000000000000000000, 1.000000000000000000 ) ) ;
#944 = ORIENTED_EDGE ( 'NONE', *, *, #827, .F. ) ;
#945 = FACE_OUTER_BOUND ( 'NONE', #6170, .T. ) ;
#946 = CARTESIAN_POINT ( 'NONE',  ( -60.45967341942196072, 1.300871594449326318, 12.49999999999998757 ) ) ;
#947 = EDGE_CURVE ( 'NONE', #5309, #1187, #268, .T. ) ;
#948 = CARTESIAN_POINT ( 'NONE',  ( -36.98191676351174095, -58.17299716464927428, -12.24892624460323276 ) ) ;
#949 = DIRECTION ( 'NONE',  ( 0.6599369112508957080, 0.7513210187187813194, 0.000000000000000000 ) ) ;
#950 = ORIENTED_EDGE ( 'NONE', *, *, #1442, .T. ) ;
#951 = CARTESIAN_POINT ( 'NONE',  ( -36.76222829297176276, -55.42379251646849525, 12.29473277035424417 ) ) ;
#952 = ORIENTED_EDGE ( 'NONE', *, *, #278, .T. ) ;
#953 = DIRECTION ( 'NONE',  ( 0.000000000000000000, 0.000000000000000000, -1.000000000000000000 ) ) ;
#954 = ORIENTED_EDGE ( 'NONE', *, *, #859, .T. ) ;
#955 = CARTESIAN_POINT ( 'NONE',  ( 50.92608499445506709, -5.968411874031356312, 21.83158812596868614 ) ) ;
#956 = ORIENTED_EDGE ( 'NONE', *, *, #914, .T. ) ;
#957 = CARTESIAN_POINT ( 'NONE',  ( -35.94145441089216320, -53.55651621960859643, -15.42025059337701443 ) ) ;
#958 = DIRECTION ( 'NONE',  ( 0.000000000000000000, -1.000000000000000000, 1.042667367333023879E-16 ) ) ;
#959 = ORIENTED_EDGE ( 'NONE', *, *, #2301, .F. ) ;
#960 = ORIENTED_EDGE ( 'NONE', *, *, #4021, .T. ) ;
#961 = ADVANCED_FACE ( 'NONE', ( #4894 ), #6913, .F. ) ;
#962 = PLANE ( 'NONE',  #6798 ) ;
#963 = LINE ( 'NONE', #2249, #2830 ) ;
#964 = ORIENTED_EDGE ( 'NONE', *, *, #5216, .F. ) ;
#965 = CARTESIAN_POINT ( 'NONE',  ( -55.19168209754979415, -29.30665047234093379, -26.80000000000001492 ) ) ;
#966 = DIRECTION ( 'NONE',  ( -0.7071067811865574537, -0.000000000000000000, -0.7071067811865376918 ) ) ;
#967 = LINE ( 'NONE', #5555, #490 ) ;
#968 = EDGE_CURVE ( 'NONE', #6343, #5805, #3561, .T. ) ;
#969 = LINE ( 'NONE', #6200, #929 ) ;
#970 = CARTESIAN_POINT ( 'NONE',  ( -36.84545985704963300, 13.77738981431037324, -27.68603248292326313 ) ) ;
#971 = CARTESIAN_POINT ( 'NONE',  ( -45.13984960500783927, -56.92383326974012903, 26.79999999999998295 ) ) ;
#972 = CARTESIAN_POINT ( 'NONE',  ( -2.098310490444706300, -31.08006631855660373, -12.30000000000001137 ) ) ;
#973 = ORIENTED_EDGE ( 'NONE', *, *, #5077, .T. ) ;
#974 = LINE ( 'NONE', #5610, #8164 ) ;
#975 = VECTOR ( 'NONE', #7518, 1000.000000000000114 ) ;
#976 = ORIENTED_EDGE ( 'NONE', *, *, #2345, .T. ) ;
#977 = CYLINDRICAL_SURFACE ( 'NONE', #497, 3.000000000000002665 ) ;
#978 = EDGE_CURVE ( 'NONE', #797, #8479, #352, .T. ) ;
#979 = EDGE_CURVE ( 'NONE', #1060, #6278, #6282, .T. ) ;
#980 = ORIENTED_EDGE ( 'NONE', *, *, #4153, .T. ) ;
#981 = CARTESIAN_POINT ( 'NONE',  ( -42.11331149073392766, -57.87809707166677242, -26.80000000000001492 ) ) ;
#982 = DIRECTION ( 'NONE',  ( 0.000000000000000000, 1.000000000000000000, -0.000000000000000000 ) ) ;
#983 = AXIS2_PLACEMENT_3D ( 'NONE', #3602, #4349, #8288 ) ;
#984 = DIRECTION ( 'NONE',  ( 0.8191520442889910214, 0.5735764363510472696, 6.559698818459806760E-17 ) ) ;
#985 = VERTEX_POINT ( 'NONE', #1002 ) ;
#986 = DIRECTION ( 'NONE',  ( 0.000000000000000000, 0.000000000000000000, -1.000000000000000000 ) ) ;
#987 = DIRECTION ( 'NONE',  ( -0.000000000000000000, -0.000000000000000000, 1.000000000000000000 ) ) ;
#988 = DIRECTION ( 'NONE',  ( -0.000000000000000000, 0.000000000000000000, 1.000000000000000000 ) ) ;
#989 = LINE ( 'NONE', #1086, #5544 ) ;
#990 = ADVANCED_FACE ( 'NONE', ( #2963 ), #5591, .F. ) ;
#991 = EDGE_CURVE ( 'NONE', #1722, #2021, #2333, .T. ) ;
#992 = AXIS2_PLACEMENT_3D ( 'NONE', #8354, #6434, #5661 ) ;
#993 = EDGE_LOOP ( 'NONE', ( #6442, #2958, #4649, #1884 ) ) ;
#994 = LINE ( 'NONE', #482, #2503 ) ;
#995 = VERTEX_POINT ( 'NONE', #3046 ) ;
#996 = EDGE_CURVE ( 'NONE', #7037, #359, #2916, .T. ) ;
#997 = DIRECTION ( 'NONE',  ( -1.000000000000000000, 0.000000000000000000, 0.000000000000000000 ) ) ;
#998 = ORIENTED_EDGE ( 'NONE', *, *, #6704, .T. ) ;
#999 = CARTESIAN_POINT ( 'NONE',  ( -38.88689197178474188, -59.85050878911511063, 10.46903287131092952 ) ) ;
#1000 = ORIENTED_EDGE ( 'NONE', *, *, #5081, .F. ) ;
#1001 = ORIENTED_EDGE ( 'NONE', *, *, #8117, .F. ) ;
#1002 = CARTESIAN_POINT ( 'NONE',  ( -50.99419355409038701, 12.07707437056488864, 13.50000000000000000 ) ) ;
#1003 = FACE_OUTER_BOUND ( 'NONE', #113, .T. ) ;
#1004 = EDGE_LOOP ( 'NONE', ( #8278, #85, #7205, #8146 ) ) ;
#1005 = VECTOR ( 'NONE', #2971, 1000.000000000000000 ) ;
#1006 = LINE ( 'NONE', #533, #3364 ) ;
#1007 = EDGE_CURVE ( 'NONE', #8242, #2754, #1658, .T. ) ;
#1008 = DIRECTION ( 'NONE',  ( 0.000000000000000000, -1.143648588528323197E-16, 1.000000000000000000 ) ) ;
#1009 = ORIENTED_EDGE ( 'NONE', *, *, #1624, .T. ) ;
#1010 = CARTESIAN_POINT ( 'NONE',  ( -66.63123590226841486, -6.471820925021154025, 27.80000000000000071 ) ) ;
#1011 = AXIS2_PLACEMENT_3D ( 'NONE', #6598, #731, #8362 ) ;
#1012 = CARTESIAN_POINT ( 'NONE',  ( -36.68252613824996899, 0.000000000000000000, -27.80000000000000071 ) ) ;
#1013 = CARTESIAN_POINT ( 'NONE',  ( -40.29080834271965728, 14.77738981431039100, -14.20710678118654968 ) ) ;
#1014 = VECTOR ( 'NONE', #424, 1000.000000000000000 ) ;
#1015 = AXIS2_PLACEMENT_3D ( 'NONE', #5481, #7930, #8087 ) ;
#1016 = CARTESIAN_POINT ( 'NONE',  ( 15.65556682763982366, -40.62261018568959514, 12.29999999999999361 ) ) ;
#1017 = FACE_OUTER_BOUND ( 'NONE', #7953, .T. ) ;
#1018 = CARTESIAN_POINT ( 'NONE',  ( -60.45967341942196072, -4.931816647485204865E-15, -19.50000000000002132 ) ) ;
#1019 = CARTESIAN_POINT ( 'NONE',  ( 47.92608499445506709, -22.62261018568959514, 27.80000000000000071 ) ) ;
#1020 = ADVANCED_FACE ( 'NONE', ( #5679 ), #399, .F. ) ;
#1021 = ORIENTED_EDGE ( 'NONE', *, *, #8267, .F. ) ;
#1022 = CARTESIAN_POINT ( 'NONE',  ( 47.92608499445506709, -22.62261018568959514, -26.80000000000001492 ) ) ;
#1023 = EDGE_LOOP ( 'NONE', ( #5398, #5094, #2878, #1786 ) ) ;
#1024 = DIRECTION ( 'NONE',  ( 0.000000000000000000, 0.000000000000000000, 1.000000000000000000 ) ) ;
#1025 = CIRCLE ( 'NONE', #3200, 1.000000000000007772 ) ;
#1026 = LINE ( 'NONE', #2940, #1974 ) ;
#1027 = CARTESIAN_POINT ( 'NONE',  ( 49.92608499445506709, -22.62261018568959514, -12.30000000000000959 ) ) ;
#1028 = B_SPLINE_SURFACE_WITH_KNOTS ( 'NONE', 1, 3, ( 
 ( #4276, #466, #6171, #1642, #5011, #8180, #1767, #289, #4408, #2987 ),
 ( #2895, #2316, #3584, #5052, #3069, #4369, #3627, #5614, #4921, #5704 ) ),
 .UNSPECIFIED., .F., .F., .F.,
 ( 2, 2 ),
 ( 4, 2, 2, 2, 4 ),
 ( 0.000000000000000000, 1.000000000000000000 ),
 ( 2.356194490192348390, 2.552544031041709793, 2.748893571891070753, 2.945243112740431712, 3.141592653589793116 ),
 .UNSPECIFIED. ) ;
#1029 = CARTESIAN_POINT ( 'NONE',  ( 49.92608499445507420, -11.35103731043577824, -25.80000000000000426 ) ) ;
#1030 = VERTEX_POINT ( 'NONE', #7653 ) ;
#1031 = DIRECTION ( 'NONE',  ( 0.000000000000000000, 0.7071067811865549002, -0.7071067811865402453 ) ) ;
#1032 = EDGE_CURVE ( 'NONE', #3596, #6639, #4211, .T. ) ;
#1033 = LINE ( 'NONE', #8137, #6366 ) ;
#1034 = VERTEX_POINT ( 'NONE', #2368 ) ;
#1035 = EDGE_CURVE ( 'NONE', #1051, #7976, #4984, .T. ) ;
#1036 = CIRCLE ( 'NONE', #5819, 2.999999999999995559 ) ;
#1037 = CARTESIAN_POINT ( 'NONE',  ( -54.45967341942196072, 2.131715627355464271, -27.80000000000000071 ) ) ;
#1038 = CIRCLE ( 'NONE', #5413, 1.199999999999999734 ) ;
#1039 = CARTESIAN_POINT ( 'NONE',  ( -39.04193158279028353, -57.62608080067948180, 10.14506936529181935 ) ) ;
#1040 = ORIENTED_EDGE ( 'NONE', *, *, #1784, .T. ) ;
#1041 = ORIENTED_EDGE ( 'NONE', *, *, #6010, .T. ) ;
#1042 = PLANE ( 'NONE',  #2099 ) ;
#1043 = ORIENTED_EDGE ( 'NONE', *, *, #2545, .F. ) ;
#1044 = VECTOR ( 'NONE', #6356, 1000.000000000000114 ) ;
#1045 = FACE_OUTER_BOUND ( 'NONE', #6147, .T. ) ;
#1046 = AXIS2_PLACEMENT_3D ( 'NONE', #7027, #2994, #8189 ) ;
#1047 = ORIENTED_EDGE ( 'NONE', *, *, #732, .F. ) ;
#1048 = EDGE_LOOP ( 'NONE', ( #5852, #5203, #8368, #5418 ) ) ;
#1049 = CARTESIAN_POINT ( 'NONE',  ( -38.80477179573701818, -59.73551007770340959, 10.56914320980791189 ) ) ;
#1050 = ADVANCED_FACE ( 'NONE', ( #6867 ), #291, .F. ) ;
#1051 = VERTEX_POINT ( 'NONE', #1138 ) ;
#1052 = DIRECTION ( 'NONE',  ( -0.000000000000000000, -0.000000000000000000, 1.000000000000000000 ) ) ;
#1053 = LINE ( 'NONE', #5765, #4322 ) ;
#1054 = AXIS2_PLACEMENT_3D ( 'NONE', #5769, #665, #3791 ) ;
#1055 = AXIS2_PLACEMENT_3D ( 'NONE', #6708, #6747, #2212 ) ;
#1056 = AXIS2_PLACEMENT_3D ( 'NONE', #6400, #5186, #5787 ) ;
#1057 = DIRECTION ( 'NONE',  ( 0.000000000000000000, 1.000000000000000000, 0.000000000000000000 ) ) ;
#1058 = VECTOR ( 'NONE', #1721, 1000.000000000000114 ) ;
#1059 = DIRECTION ( 'NONE',  ( 0.3420201433256697676, -0.9396926207859080948, 0.000000000000000000 ) ) ;
#1060 = VERTEX_POINT ( 'NONE', #6148 ) ;
#1061 = CYLINDRICAL_SURFACE ( 'NONE', #4557, 4.999999999999997335 ) ;
#1062 = FACE_OUTER_BOUND ( 'NONE', #7117, .T. ) ;
#1063 = EDGE_CURVE ( 'NONE', #3373, #2428, #3696, .T. ) ;
#1064 = FACE_OUTER_BOUND ( 'NONE', #809, .T. ) ;
#1065 = CIRCLE ( 'NONE', #1609, 1.000000000000000000 ) ;
#1066 = DIRECTION ( 'NONE',  ( 0.000000000000000000, 0.000000000000000000, -1.000000000000000000 ) ) ;
#1067 = CARTESIAN_POINT ( 'NONE',  ( -27.24895756195254037, 13.77738981431040699, 27.24895756195330421 ) ) ;
#1068 = VECTOR ( 'NONE', #8293, 1000.000000000000000 ) ;
#1069 = CARTESIAN_POINT ( 'NONE',  ( 49.92608499445507420, -9.108396623316487251, 13.71421356237309119 ) ) ;
#1070 = ORIENTED_EDGE ( 'NONE', *, *, #7531, .F. ) ;
#1071 = AXIS2_PLACEMENT_3D ( 'NONE', #6775, #3516, #6735 ) ;
#1072 = CARTESIAN_POINT ( 'NONE',  ( 0.000000000000000000, 14.77738981431041232, -27.80000000000000071 ) ) ;
#1073 = ORIENTED_EDGE ( 'NONE', *, *, #1827, .F. ) ;
#1074 = CARTESIAN_POINT ( 'NONE',  ( -37.51095326299616062, 14.77738981431041232, 27.80000000000000071 ) ) ;
#1075 = CARTESIAN_POINT ( 'NONE',  ( -40.29080834271967149, 14.77738981431039100, -17.79289321881345742 ) ) ;
#1076 = EDGE_CURVE ( 'NONE', #7332, #2111, #2876, .T. ) ;
#1077 = AXIS2_PLACEMENT_3D ( 'NONE', #4876, #6721, #6641 ) ;
#1078 = DIRECTION ( 'NONE',  ( 0.000000000000000000, 0.000000000000000000, 1.000000000000000000 ) ) ;
#1079 = CARTESIAN_POINT ( 'NONE',  ( -54.45967341942196072, 2.131715627355464271, 13.50000000000000000 ) ) ;
#1080 = ORIENTED_EDGE ( 'NONE', *, *, #2698, .T. ) ;
#1081 = PLANE ( 'NONE',  #1911 ) ;
#1082 = DIRECTION ( 'NONE',  ( 0.6336872742246399959, 0.4437126062796578063, 0.6336872742246441037 ) ) ;
#1083 = ORIENTED_EDGE ( 'NONE', *, *, #924, .F. ) ;
#1084 = DIRECTION ( 'NONE',  ( 0.000000000000000000, -0.000000000000000000, -1.000000000000000000 ) ) ;
#1085 = VECTOR ( 'NONE', #1409, 1000.000000000000114 ) ;
#1086 = CARTESIAN_POINT ( 'NONE',  ( 47.92608499445506709, 2.488694907155242664, 25.31130509284474428 ) ) ;
#1087 = ORIENTED_EDGE ( 'NONE', *, *, #7661, .F. ) ;
#1088 = VECTOR ( 'NONE', #1248, 1000.000000000000000 ) ;
#1089 = VERTEX_POINT ( 'NONE', #6189 ) ;
#1090 = CARTESIAN_POINT ( 'NONE',  ( -41.41212868627932409, 15.77738981431040699, -3.500000000000020428 ) ) ;
#1091 = EDGE_CURVE ( 'NONE', #2362, #6262, #308, .T. ) ;
#1092 = B_SPLINE_CURVE_WITH_KNOTS ( 'NONE', 1,
 ( #6691, #6137 ),
 .UNSPECIFIED., .F., .F.,
 ( 2, 2 ),
 ( 0.000000000000000000, 1.000000000000000000 ),
 .UNSPECIFIED. ) ;
#1093 = ADVANCED_FACE ( 'NONE', ( #7689 ), #3091, .F. ) ;
#1094 = EDGE_LOOP ( 'NONE', ( #812, #7466, #3466, #8330 ) ) ;
#1095 = CARTESIAN_POINT ( 'NONE',  ( -38.86999500394085771, -57.38530086699800137, 10.49432097075764858 ) ) ;
#1096 = ORIENTED_EDGE ( 'NONE', *, *, #7661, .T. ) ;
#1097 = VERTEX_POINT ( 'NONE', #5726 ) ;
#1098 = CARTESIAN_POINT ( 'NONE',  ( -45.82754818765661042, 17.95916581580593885, 13.49999999999999822 ) ) ;
#1099 = DIRECTION ( 'NONE',  ( 1.000000000000000000, 0.000000000000000000, 0.000000000000000000 ) ) ;
#1100 = CYLINDRICAL_SURFACE ( 'NONE', #2267, 1.000000000000000000 ) ;
#1101 = ORIENTED_EDGE ( 'NONE', *, *, #5227, .T. ) ;
#1102 = EDGE_CURVE ( 'NONE', #7594, #6208, #3571, .T. ) ;
#1103 = EDGE_CURVE ( 'NONE', #6639, #7969, #7042, .T. ) ;
#1104 = DIRECTION ( 'NONE',  ( -0.7071067811865574537, 0.000000000000000000, -0.7071067811865375807 ) ) ;
#1105 = ORIENTED_EDGE ( 'NONE', *, *, #1534, .T. ) ;
#1106 = DIRECTION ( 'NONE',  ( 1.000000000000000000, -6.672927148628874909E-17, -3.719684953536082419E-33 ) ) ;
#1107 = CARTESIAN_POINT ( 'NONE',  ( -36.30645759615187274, 31.89045812311326600, 12.49999999999998401 ) ) ;
#1108 = FACE_OUTER_BOUND ( 'NONE', #8200, .T. ) ;
#1109 = ORIENTED_EDGE ( 'NONE', *, *, #7264, .T. ) ;
#1110 = EDGE_CURVE ( 'NONE', #7536, #1939, #1996, .T. ) ;
#1111 = CARTESIAN_POINT ( 'NONE',  ( -41.53973505438288782, -58.69724911595574923, -27.80000000000000071 ) ) ;
#1112 = PLANE ( 'NONE',  #6477 ) ;
#1113 = VERTEX_POINT ( 'NONE', #1274 ) ;
#1114 = CARTESIAN_POINT ( 'NONE',  ( -47.74395206774986633, 14.77738981431041232, -27.80000000000000071 ) ) ;
#1115 = VERTEX_POINT ( 'NONE', #7225 ) ;
#1116 = DIRECTION ( 'NONE',  ( -0.7071067811865450192, -0.7071067811865500152, -0.000000000000000000 ) ) ;
#1117 = FACE_OUTER_BOUND ( 'NONE', #4203, .T. ) ;
#1118 = CARTESIAN_POINT ( 'NONE',  ( -47.74395206774986633, 9.777389814310405214, -12.49999999999998757 ) ) ;
#1119 = AXIS2_PLACEMENT_3D ( 'NONE', #8173, #3620, #6251 ) ;
#1120 = DIRECTION ( 'NONE',  ( -0.000000000000000000, -0.000000000000000000, 1.000000000000000000 ) ) ;
#1121 = EDGE_LOOP ( 'NONE', ( #2695, #6562, #6473, #6622 ) ) ;
#1122 = CARTESIAN_POINT ( 'NONE',  ( -38.78102178673147904, -25.62261018568955251, 10.59289321881344392 ) ) ;
#1123 = CARTESIAN_POINT ( 'NONE',  ( 50.92608499445506709, -22.62261018568959514, 26.80000000000001492 ) ) ;
#1124 = EDGE_LOOP ( 'NONE', ( #3674, #6234, #7004, #5028 ) ) ;
#1125 = FACE_OUTER_BOUND ( 'NONE', #7049, .T. ) ;
#1126 = EDGE_CURVE ( 'NONE', #8479, #7517, #2438, .T. ) ;
#1127 = ORIENTED_EDGE ( 'NONE', *, *, #2687, .F. ) ;
#1128 = LINE ( 'NONE', #3727, #1044 ) ;
#1129 = ORIENTED_EDGE ( 'NONE', *, *, #3088, .F. ) ;
#1130 = ORIENTED_EDGE ( 'NONE', *, *, #2097, .F. ) ;
#1131 = DIRECTION ( 'NONE',  ( -1.000000000000000000, 0.000000000000000000, 0.000000000000000000 ) ) ;
#1132 = DIRECTION ( 'NONE',  ( 0.8191520442889910214, 0.5735764363510471586, 0.000000000000000000 ) ) ;
#1133 = ORIENTED_EDGE ( 'NONE', *, *, #1661, .F. ) ;
#1134 = CARTESIAN_POINT ( 'NONE',  ( -36.84545985704963300, 13.77738981431037502, 27.68603248292326668 ) ) ;
#1135 = AXIS2_PLACEMENT_3D ( 'NONE', #5514, #6124, #1541 ) ;
#1136 = PLANE ( 'NONE',  #1542 ) ;
#1137 = VERTEX_POINT ( 'NONE', #6542 ) ;
#1138 = CARTESIAN_POINT ( 'NONE',  ( -41.41212868627928856, 14.77738981431039100, 2.499999999999998668 ) ) ;
#1139 = DIRECTION ( 'NONE',  ( 0.000000000000000000, -1.000000000000000000, 0.000000000000000000 ) ) ;
#1140 = EDGE_CURVE ( 'NONE', #4360, #797, #4898, .T. ) ;
#1141 = ORIENTED_EDGE ( 'NONE', *, *, #7927, .T. ) ;
#1142 = DIRECTION ( 'NONE',  ( 0.000000000000000000, -0.000000000000000000, 1.000000000000000000 ) ) ;
#1143 = ORIENTED_EDGE ( 'NONE', *, *, #1952, .T. ) ;
#1144 = CARTESIAN_POINT ( 'NONE',  ( -48.00716143054185636, -60.74117637520251378, -26.80000000000001847 ) ) ;
#1145 = ORIENTED_EDGE ( 'NONE', *, *, #2024, .F. ) ;
#1146 = ORIENTED_EDGE ( 'NONE', *, *, #6552, .T. ) ;
#1147 = DIRECTION ( 'NONE',  ( -0.7071067811865512365, 0.000000000000000000, 0.7071067811865439090 ) ) ;
#1148 = LINE ( 'NONE', #3102, #5695 ) ;
#1149 = EDGE_CURVE ( 'NONE', #4732, #84, #6044, .T. ) ;
#1150 = ADVANCED_FACE ( 'NONE', ( #4647 ), #3153, .T. ) ;
#1151 = CIRCLE ( 'NONE', #7157, 5.999999999999998224 ) ;
#1152 = CARTESIAN_POINT ( 'NONE',  ( -37.36417830504488791, -54.55271821508537755, -13.30000881912941502 ) ) ;
#1153 = VECTOR ( 'NONE', #3126, 1000.000000000000000 ) ;
#1154 = DIRECTION ( 'NONE',  ( 0.000000000000000000, 0.000000000000000000, -1.000000000000000000 ) ) ;
#1155 = EDGE_LOOP ( 'NONE', ( #7862, #3216, #4089, #8250 ) ) ;
#1156 = EDGE_CURVE ( 'NONE', #7590, #460, #2543, .T. ) ;
#1157 = AXIS2_PLACEMENT_3D ( 'NONE', #882, #5507, #8116 ) ;
#1158 = CYLINDRICAL_SURFACE ( 'NONE', #5690, 1.000000000000000888 ) ;
#1159 = CIRCLE ( 'NONE', #1843, 2.000000000000000000 ) ;
#1160 = FACE_BOUND ( 'NONE', #2732, .T. ) ;
#1161 = AXIS2_PLACEMENT_3D ( 'NONE', #820, #211, #6724 ) ;
#1162 = DIRECTION ( 'NONE',  ( 1.000000000000000000, 0.000000000000000000, 0.000000000000000000 ) ) ;
#1163 = DIRECTION ( 'NONE',  ( -0.000000000000000000, -0.000000000000000000, 1.000000000000000000 ) ) ;
#1164 = VERTEX_POINT ( 'NONE', #4521 ) ;
#1165 = LINE ( 'NONE', #1891, #1088 ) ;
#1166 = DIRECTION ( 'NONE',  ( 0.000000000000000000, -1.000000000000000000, 1.042667367333023879E-16 ) ) ;
#1167 = AXIS2_PLACEMENT_3D ( 'NONE', #7934, #1348, #3945 ) ;
#1168 = DIRECTION ( 'NONE',  ( 0.000000000000000000, 0.000000000000000000, 1.000000000000000000 ) ) ;
#1169 = ORIENTED_EDGE ( 'NONE', *, *, #6638, .T. ) ;
#1170 = EDGE_CURVE ( 'NONE', #532, #3036, #225, .T. ) ;
#1171 = DIRECTION ( 'NONE',  ( 0.000000000000000000, 0.000000000000000000, 1.000000000000000000 ) ) ;
#1172 = VECTOR ( 'NONE', #505, 1000.000000000000000 ) ;
#1173 = ORIENTED_EDGE ( 'NONE', *, *, #979, .F. ) ;
#1174 = ORIENTED_EDGE ( 'NONE', *, *, #7733, .F. ) ;
#1175 = LINE ( 'NONE', #5625, #5940 ) ;
#1176 = PLANE ( 'NONE',  #6138 ) ;
#1177 = ORIENTED_EDGE ( 'NONE', *, *, #583, .T. ) ;
#1178 = AXIS2_PLACEMENT_3D ( 'NONE', #1406, #4693, #5428 ) ;
#1179 = VERTEX_POINT ( 'NONE', #7342 ) ;
#1180 = FACE_OUTER_BOUND ( 'NONE', #6843, .T. ) ;
#1181 = ORIENTED_EDGE ( 'NONE', *, *, #4220, .T. ) ;
#1182 = DIRECTION ( 'NONE',  ( -3.469446951953587368E-15, 0.000000000000000000, 1.000000000000000000 ) ) ;
#1183 = VECTOR ( 'NONE', #7662, 1000.000000000000000 ) ;
#1184 = ORIENTED_EDGE ( 'NONE', *, *, #298, .T. ) ;
#1185 =( LENGTH_UNIT ( ) NAMED_UNIT ( * ) SI_UNIT ( .MILLI., .METRE. ) );
#1186 = AXIS2_PLACEMENT_3D ( 'NONE', #5449, #2194, #4793 ) ;
#1187 = VERTEX_POINT ( 'NONE', #5985 ) ;
#1188 = DIRECTION ( 'NONE',  ( 0.000000000000000000, 0.000000000000000000, 1.000000000000000000 ) ) ;
#1189 = EDGE_CURVE ( 'NONE', #5883, #917, #266, .T. ) ;
#1190 = CARTESIAN_POINT ( 'NONE',  ( -2.098310490444725396, -31.08006631855657176, -27.80000000000000071 ) ) ;
#1191 = ORIENTED_EDGE ( 'NONE', *, *, #5228, .T. ) ;
#1192 = PLANE ( 'NONE',  #3444 ) ;
#1193 = VECTOR ( 'NONE', #8323, 1000.000000000000000 ) ;
#1194 = CARTESIAN_POINT ( 'NONE',  ( -39.99791512390620341, 13.77738981431040699, 17.49999999999999645 ) ) ;
#1195 = VECTOR ( 'NONE', #134, 1000.000000000000000 ) ;
#1196 = VECTOR ( 'NONE', #3885, 1000.000000000000114 ) ;
#1197 = ADVANCED_FACE ( 'NONE', ( #2163 ), #6101, .F. ) ;
#1198 = AXIS2_PLACEMENT_3D ( 'NONE', #4579, #7201, #3118 ) ;
#1199 = EDGE_CURVE ( 'NONE', #2524, #1464, #3966, .T. ) ;
#1200 = CARTESIAN_POINT ( 'NONE',  ( -54.45967341942196072, 2.131715627355464271, -2.499999999999998668 ) ) ;
#1201 = DIRECTION ( 'NONE',  ( 0.000000000000000000, 0.000000000000000000, 1.000000000000000000 ) ) ;
#1202 = VECTOR ( 'NONE', #7442, 1000.000000000000114 ) ;
#1203 = LINE ( 'NONE', #1885, #4448 ) ;
#1204 = ORIENTED_EDGE ( 'NONE', *, *, #4951, .T. ) ;
#1205 = FACE_OUTER_BOUND ( 'NONE', #4395, .T. ) ;
#1206 = EDGE_CURVE ( 'NONE', #2325, #305, #2485, .T. ) ;
#1207 = CARTESIAN_POINT ( 'NONE',  ( 50.92608499445506709, 0.000000000000000000, -26.80000000000001492 ) ) ;
#1208 = FACE_OUTER_BOUND ( 'NONE', #5337, .T. ) ;
#1209 = LINE ( 'NONE', #7071, #729 ) ;
#1210 = DIRECTION ( 'NONE',  ( -0.000000000000000000, -0.000000000000000000, 1.000000000000000000 ) ) ;
#1211 = ORIENTED_EDGE ( 'NONE', *, *, #7808, .F. ) ;
#1212 = DIRECTION ( 'NONE',  ( 1.000000000000000000, 0.000000000000000000, 0.000000000000000000 ) ) ;
#1213 = EDGE_LOOP ( 'NONE', ( #750, #3043, #652, #5333 ) ) ;
#1214 = CARTESIAN_POINT ( 'NONE',  ( -36.74760951537899700, -57.84486724717911699, 12.29613672661047019 ) ) ;
#1215 = ORIENTED_EDGE ( 'NONE', *, *, #708, .F. ) ;
#1216 = VECTOR ( 'NONE', #4643, 1000.000000000000000 ) ;
#1217 = ORIENTED_EDGE ( 'NONE', *, *, #6100, .F. ) ;
#1218 = DIRECTION ( 'NONE',  ( -9.158464420884415348E-17, -1.042667367333023879E-16, -1.000000000000000000 ) ) ;
#1219 = CARTESIAN_POINT ( 'NONE',  ( 15.63326077771476008, -22.32661021857294870, -26.80000000000001847 ) ) ;
#1220 = VERTEX_POINT ( 'NONE', #6698 ) ;
#1221 = EDGE_CURVE ( 'NONE', #1414, #3457, #8103, .T. ) ;
#1222 = EDGE_LOOP ( 'NONE', ( #4389, #4164, #3845, #1855 ) ) ;
#1223 = DIRECTION ( 'NONE',  ( -0.000000000000000000, -0.000000000000000000, 1.000000000000000000 ) ) ;
#1224 = VERTEX_POINT ( 'NONE', #3428 ) ;
#1225 = AXIS2_PLACEMENT_3D ( 'NONE', #165, #4708, #2772 ) ;
#1226 = DIRECTION ( 'NONE',  ( -1.000000000000000000, 0.000000000000000000, 0.000000000000000000 ) ) ;
#1227 = ORIENTED_EDGE ( 'NONE', *, *, #7352, .T. ) ;
#1228 = LINE ( 'NONE', #1991, #5656 ) ;
#1229 = ORIENTED_EDGE ( 'NONE', *, *, #6966, .T. ) ;
#1230 = VECTOR ( 'NONE', #1066, 1000.000000000000000 ) ;
#1231 = CARTESIAN_POINT ( 'NONE',  ( -39.99791512390623893, 15.77738981431040699, -2.914213562373127786 ) ) ;
#1232 = CARTESIAN_POINT ( 'NONE',  ( 0.000000000000000000, 4.767778374742815295, -27.80000000000000071 ) ) ;
#1233 = VERTEX_POINT ( 'NONE', #866 ) ;
#1234 = CARTESIAN_POINT ( 'NONE',  ( -37.51095326299616772, 15.77738981431040699, -25.80000000000000426 ) ) ;
#1235 = CARTESIAN_POINT ( 'NONE',  ( -36.09673970062306125, 14.77738981431041232, 27.21421356237309297 ) ) ;
#1236 = ADVANCED_FACE ( 'NONE', ( #5415 ), #2202, .T. ) ;
#1237 = LINE ( 'NONE', #8344, #4085 ) ;
#1238 = CARTESIAN_POINT ( 'NONE',  ( -40.64749144189604380, -56.85171882381155939, -9.885786437626917333 ) ) ;
#1239 = DIRECTION ( 'NONE',  ( -0.000000000000000000, -0.000000000000000000, 1.000000000000000000 ) ) ;
#1240 = EDGE_CURVE ( 'NONE', #8105, #2033, #106, .T. ) ;
#1241 = B_SPLINE_CURVE_WITH_KNOTS ( 'NONE', 3,
 ( #1456, #2763, #5315, #7197 ),
 .UNSPECIFIED., .F., .F.,
 ( 4, 4 ),
 ( 8.673617379884035472E-19, 0.0005010175598805027223 ),
 .UNSPECIFIED. ) ;
#1242 = ADVANCED_FACE ( 'NONE', ( #5070 ), #8247, .T. ) ;
#1243 = CARTESIAN_POINT ( 'NONE',  ( -39.99791512390620341, 13.77738981431040699, -18.50000000000000355 ) ) ;
#1244 = DIRECTION ( 'NONE',  ( -0.7071067811865439090, -0.5000000000000012212, -0.5000000000000041078 ) ) ;
#1245 = B_SPLINE_SURFACE_WITH_KNOTS ( 'NONE', 1, 3, ( 
 ( #7705, #6930, #7571, #7665, #3710, #2508, #5817, #6339, #5696, #6463 ),
 ( #1800, #5125, #2346, #4954, #4404, #7746, #7061, #8261, #6385, #3064 ) ),
 .UNSPECIFIED., .F., .F., .F.,
 ( 2, 2 ),
 ( 4, 2, 2, 2, 4 ),
 ( 0.000000000000000000, 1.000000000000000000 ),
 ( 2.434090814870580888E-16, 0.1963495408493597660, 0.3926990816987193100, 0.5890486225480788818, 0.7853981633974383980 ),
 .UNSPECIFIED. ) ;
#1246 = LINE ( 'NONE', #2688, #8306 ) ;
#1247 = ORIENTED_EDGE ( 'NONE', *, *, #1987, .F. ) ;
#1248 = DIRECTION ( 'NONE',  ( -0.7071067811865524577, 0.000000000000000000, -0.7071067811865426878 ) ) ;
#1249 = CARTESIAN_POINT ( 'NONE',  ( 15.65556682763982366, -40.62261018568959514, -13.29999999999999183 ) ) ;
#1250 = ORIENTED_EDGE ( 'NONE', *, *, #3592, .F. ) ;
#1251 = LINE ( 'NONE', #3847, #5427 ) ;
#1252 = EDGE_CURVE ( 'NONE', #8068, #5883, #6865, .T. ) ;
#1253 = ORIENTED_EDGE ( 'NONE', *, *, #2955, .T. ) ;
#1254 = ADVANCED_FACE ( 'NONE', ( #8201 ), #1136, .T. ) ;
#1255 = CARTESIAN_POINT ( 'NONE',  ( 0.000000000000000000, -22.62261018568959514, 27.80000000000000071 ) ) ;
#1256 = ORIENTED_EDGE ( 'NONE', *, *, #1844, .F. ) ;
#1257 = DIRECTION ( 'NONE',  ( -0.7071067811865500152, 0.7071067811865450192, 0.000000000000000000 ) ) ;
#1258 = DIRECTION ( 'NONE',  ( -0.000000000000000000, 0.000000000000000000, 1.000000000000000000 ) ) ;
#1259 = ORIENTED_EDGE ( 'NONE', *, *, #2848, .T. ) ;
#1260 = EDGE_LOOP ( 'NONE', ( #4253, #2284, #2657, #7634 ) ) ;
#1261 = CARTESIAN_POINT ( 'NONE',  ( -37.36680822435838678, -22.62261018568959514, -12.00710678118655927 ) ) ;
#1262 = CARTESIAN_POINT ( 'NONE',  ( -40.99791512390623183, 17.95916581580593885, -2.500000000000001776 ) ) ;
#1263 = CARTESIAN_POINT ( 'NONE',  ( -39.07391500554492580, -60.11242004562343055, 9.885786437626896017 ) ) ;
#1264 = EDGE_CURVE ( 'NONE', #5578, #2621, #6625, .T. ) ;
#1265 = CARTESIAN_POINT ( 'NONE',  ( -39.99791512390620341, 15.77738981431040699, -14.91421356237309404 ) ) ;
#1266 = AXIS2_PLACEMENT_3D ( 'NONE', #6700, #5461, #3473 ) ;
#1267 = EDGE_CURVE ( 'NONE', #7915, #3002, #4982, .T. ) ;
#1268 = ORIENTED_EDGE ( 'NONE', *, *, #7733, .T. ) ;
#1269 = CARTESIAN_POINT ( 'NONE',  ( -37.09712471627953079, -55.89277377496321009, 12.19953369311481595 ) ) ;
#1270 = ORIENTED_EDGE ( 'NONE', *, *, #7851, .T. ) ;
#1271 = DIRECTION ( 'NONE',  ( 0.7071067811865426878, -0.000000000000000000, -0.7071067811865524577 ) ) ;
#1272 = CARTESIAN_POINT ( 'NONE',  ( -7.574464503390600691E-16, -11.35103731043575515, 27.80000000000000071 ) ) ;
#1273 = ORIENTED_EDGE ( 'NONE', *, *, #1514, .T. ) ;
#1274 = CARTESIAN_POINT ( 'NONE',  ( -41.41212868627932409, 15.77738981431040699, -19.50000000000001421 ) ) ;
#1275 = CARTESIAN_POINT ( 'NONE',  ( 2.524149805228551369, -26.62261018568959514, -27.80000000000000782 ) ) ;
#1276 = ADVANCED_FACE ( 'NONE', ( #1656 ), #6336, .T. ) ;
#1277 = CARTESIAN_POINT ( 'NONE',  ( -39.99791512390620341, 13.77738981431040699, 17.08578643762690774 ) ) ;
#1278 = DIRECTION ( 'NONE',  ( -1.000000000000000000, 0.000000000000000000, 0.000000000000000000 ) ) ;
#1279 = ORIENTED_EDGE ( 'NONE', *, *, #7219, .T. ) ;
#1280 = CARTESIAN_POINT ( 'NONE',  ( 50.92608499445506709, -10.64393052924921612, -13.59289321881344570 ) ) ;
#1281 = AXIS2_PLACEMENT_3D ( 'NONE', #3595, #391, #8327 ) ;
#1282 = CARTESIAN_POINT ( 'NONE',  ( -40.64749144189604380, -56.85171882381155939, 9.885786437626897794 ) ) ;
#1283 = DIRECTION ( 'NONE',  ( -0.6644630243886757714, -0.2418447626479764689, 0.7071067811865461294 ) ) ;
#1284 = EDGE_CURVE ( 'NONE', #5475, #1617, #306, .T. ) ;
#1285 = DIRECTION ( 'NONE',  ( 0.8191520442889910214, 0.5735764363510472696, 0.000000000000000000 ) ) ;
#1286 = VECTOR ( 'NONE', #4438, 1000.000000000000114 ) ;
#1287 = DIRECTION ( 'NONE',  ( 0.6599369112508958191, 0.7513210187187812084, -1.387778780781445429E-16 ) ) ;
#1288 = DIRECTION ( 'NONE',  ( 0.000000000000000000, 1.000000000000000000, 0.000000000000000000 ) ) ;
#1289 = VERTEX_POINT ( 'NONE', #8243 ) ;
#1290 = VECTOR ( 'NONE', #4247, 1000.000000000000000 ) ;
#1291 = CARTESIAN_POINT ( 'NONE',  ( -25.55995297310370518, 25.55995297310347425, 27.80000000000000071 ) ) ;
#1292 = ORIENTED_EDGE ( 'NONE', *, *, #6589, .T. ) ;
#1293 = DIRECTION ( 'NONE',  ( 0.5000000000000022204, 0.7071067811865485719, -0.4999999999999961142 ) ) ;
#1294 = VECTOR ( 'NONE', #4241, 1000.000000000000000 ) ;
#1295 = ORIENTED_EDGE ( 'NONE', *, *, #7956, .T. ) ;
#1296 = DIRECTION ( 'NONE',  ( 0.000000000000000000, 0.000000000000000000, 1.000000000000000000 ) ) ;
#1297 = DIRECTION ( 'NONE',  ( 0.000000000000000000, 1.000000000000000000, -0.000000000000000000 ) ) ;
#1298 = AXIS2_PLACEMENT_3D ( 'NONE', #5995, #2054, #840 ) ;
#1299 = ORIENTED_EDGE ( 'NONE', *, *, #6194, .F. ) ;
#1300 = ADVANCED_FACE ( 'NONE', ( #2912 ), #27, .T. ) ;
#1301 = ADVANCED_FACE ( 'NONE', ( #3695 ), #3004, .T. ) ;
#1302 = ORIENTED_EDGE ( 'NONE', *, *, #4264, .T. ) ;
#1303 = CARTESIAN_POINT ( 'NONE',  ( -36.65970144317183355, -22.62261018568959514, 11.29999999999999538 ) ) ;
#1304 = DIRECTION ( 'NONE',  ( 1.000000000000000000, 0.000000000000000000, 0.000000000000000000 ) ) ;
#1305 = LINE ( 'NONE', #5108, #1598 ) ;
#1306 = DIRECTION ( 'NONE',  ( -0.7071067811865450192, 0.000000000000000000, 0.7071067811865500152 ) ) ;
#1307 = CIRCLE ( 'NONE', #4844, 2.000000000000001776 ) ;
#1308 = ORIENTED_EDGE ( 'NONE', *, *, #565, .F. ) ;
#1309 = CARTESIAN_POINT ( 'NONE',  ( -42.11331149073392766, -57.87809707166677242, 26.79999999999998650 ) ) ;
#1310 = ORIENTED_EDGE ( 'NONE', *, *, #8300, .F. ) ;
#1311 = CARTESIAN_POINT ( 'NONE',  ( -37.36680822435838678, -22.62261018568959514, -12.00710678118655750 ) ) ;
#1312 = ADVANCED_FACE ( 'NONE', ( #3651 ), #1741, .T. ) ;
#1313 = ADVANCED_FACE ( 'NONE', ( #397 ), #6959, .F. ) ;
#1314 = DIRECTION ( 'NONE',  ( 0.000000000000000000, -0.7071067811865474617, -0.7071067811865474617 ) ) ;
#1315 = EDGE_LOOP ( 'NONE', ( #3866, #6883, #7304, #5480, #3504, #3355, #475, #2700, #5099, #2489, #704, #1645, #2477 ) ) ;
#1316 = CARTESIAN_POINT ( 'NONE',  ( -36.88544994297302537, -58.03789604911893463, -12.27425613632579804 ) ) ;
#1317 = AXIS2_PLACEMENT_3D ( 'NONE', #7895, #1470, #91 ) ;
#1318 = PLANE ( 'NONE',  #6637 ) ;
#1319 = VECTOR ( 'NONE', #3212, 1000.000000000000114 ) ;
#1320 = VECTOR ( 'NONE', #4849, 1000.000000000000000 ) ;
#1321 = PRODUCT_DEFINITION_SHAPE ( 'NONE', 'NONE',  #6235 ) ;
#1322 = AXIS2_PLACEMENT_3D ( 'NONE', #7317, #3370, #125 ) ;
#1323 = CARTESIAN_POINT ( 'NONE',  ( -54.45967341942196072, 2.131715627355464271, -26.80000000000001492 ) ) ;
#1324 = AXIS2_PLACEMENT_3D ( 'NONE', #656, #5198, #606 ) ;
#1325 = EDGE_CURVE ( 'NONE', #7335, #4955, #574, .T. ) ;
#1326 = DIRECTION ( 'NONE',  ( 1.000000000000000000, 0.000000000000000000, 0.000000000000000000 ) ) ;
#1327 = ORIENTED_EDGE ( 'NONE', *, *, #2610, .F. ) ;
#1328 = CARTESIAN_POINT ( 'NONE',  ( -29.58420689507501322, 15.77738981431040699, -19.28746719445191360 ) ) ;
#1329 = AXIS2_PLACEMENT_3D ( 'NONE', #2585, #3745, #494 ) ;
#1330 = ORIENTED_EDGE ( 'NONE', *, *, #476, .F. ) ;
#1331 = AXIS2_PLACEMENT_3D ( 'NONE', #2443, #7676, #1212 ) ;
#1332 = DIRECTION ( 'NONE',  ( -0.000000000000000000, 0.000000000000000000, 1.000000000000000000 ) ) ;
#1333 = CARTESIAN_POINT ( 'NONE',  ( -36.08612500682082924, -58.54091401648098270, 13.29999999999997939 ) ) ;
#1334 = VECTOR ( 'NONE', #5545, 1000.000000000000000 ) ;
#1335 = DIRECTION ( 'NONE',  ( 0.5312641871840350083, -0.4666458651008129621, 0.7071067811865477948 ) ) ;
#1336 = EDGE_LOOP ( 'NONE', ( #5673, #7522, #3621, #4 ) ) ;
#1337 = DIRECTION ( 'NONE',  ( 0.000000000000000000, 0.7071067811865497932, 0.7071067811865452413 ) ) ;
#1338 = CARTESIAN_POINT ( 'NONE',  ( -41.41212868627932409, 13.77738981431040699, -2.500000000000000444 ) ) ;
#1339 = ORIENTED_EDGE ( 'NONE', *, *, #611, .F. ) ;
#1340 = CARTESIAN_POINT ( 'NONE',  ( -9.705389560109978220, -36.40660042689356146, 12.29999999999999361 ) ) ;
#1341 = DIRECTION ( 'NONE',  ( 0.000000000000000000, -1.000000000000000000, 0.000000000000000000 ) ) ;
#1342 = ADVANCED_FACE ( 'NONE', ( #2409 ), #5031, .T. ) ;
#1343 = ORIENTED_EDGE ( 'NONE', *, *, #3313, .T. ) ;
#1344 = ORIENTED_EDGE ( 'NONE', *, *, #448, .T. ) ;
#1345 = FACE_OUTER_BOUND ( 'NONE', #7801, .T. ) ;
#1346 = DIRECTION ( 'NONE',  ( 1.000000000000000000, -6.672927148628872444E-17, -3.719684953536076945E-33 ) ) ;
#1347 = ORIENTED_EDGE ( 'NONE', *, *, #7578, .F. ) ;
#1348 = DIRECTION ( 'NONE',  ( -0.7071067811865501263, 9.704180066913576070E-17, -0.7071067811865449082 ) ) ;
#1349 = CARTESIAN_POINT ( 'NONE',  ( -39.58370156153312536, 15.77738981431040699, -2.500000000000022204 ) ) ;
#1350 = CARTESIAN_POINT ( 'NONE',  ( -36.65970144317183355, -22.62261018568959514, -11.30000000000000959 ) ) ;
#1351 = VECTOR ( 'NONE', #3645, 1000.000000000000000 ) ;
#1352 = DIRECTION ( 'NONE',  ( 1.000000000000000000, -1.734723475976807094E-15, 0.000000000000000000 ) ) ;
#1353 = ADVANCED_FACE ( 'NONE', ( #6998 ), #8331, .F. ) ;
#1354 = ORIENTED_EDGE ( 'NONE', *, *, #2339, .T. ) ;
#1355 = ADVANCED_FACE ( 'NONE', ( #1180 ), #1986, .T. ) ;
#1356 = ORIENTED_EDGE ( 'NONE', *, *, #7822, .F. ) ;
#1357 = CARTESIAN_POINT ( 'NONE',  ( -59.45967341942194651, 17.95916581580593885, -13.50000000000000000 ) ) ;
#1358 = ORIENTED_EDGE ( 'NONE', *, *, #7374, .F. ) ;
#1359 = PLANE ( 'NONE',  #6270 ) ;
#1360 = VECTOR ( 'NONE', #2942, 1000.000000000000114 ) ;
#1361 = DIRECTION ( 'NONE',  ( 0.5312641871840334540, -0.4666458651008150160, 0.7071067811865477948 ) ) ;
#1362 = VERTEX_POINT ( 'NONE', #7896 ) ;
#1363 = CARTESIAN_POINT ( 'NONE',  ( -37.09712471632619923, -58.33432295254488764, -12.19953369309249247 ) ) ;
#1364 = CARTESIAN_POINT ( 'NONE',  ( -38.64749144189603669, -55.45130374739212442, -12.71421356237313383 ) ) ;
#1365 = EDGE_CURVE ( 'NONE', #5060, #3349, #5196, .T. ) ;
#1366 = EDGE_CURVE ( 'NONE', #6349, #4417, #3254, .T. ) ;
#1367 = CONICAL_SURFACE ( 'NONE', #7513, 2.000000000000015543, 0.7853981633974485010 ) ;
#1368 = DIRECTION ( 'NONE',  ( 0.000000000000000000, 0.000000000000000000, 1.000000000000000000 ) ) ;
#1369 = DIRECTION ( 'NONE',  ( 0.000000000000000000, 0.000000000000000000, 1.000000000000000000 ) ) ;
#1370 = EDGE_LOOP ( 'NONE', ( #4123, #6410, #374, #7176 ) ) ;
#1371 = EDGE_CURVE ( 'NONE', #724, #8150, #3946, .T. ) ;
#1372 = ADVANCED_FACE ( 'NONE', ( #4591 ), #7558, .T. ) ;
#1373 = CARTESIAN_POINT ( 'NONE',  ( 47.92608499445506709, -11.35103731043575870, 27.80000000000000071 ) ) ;
#1374 = FACE_OUTER_BOUND ( 'NONE', #5674, .T. ) ;
#1375 = DIRECTION ( 'NONE',  ( -0.7071067811865496822, 0.4999999999999966138, -0.5000000000000003331 ) ) ;
#1376 = LINE ( 'NONE', #4701, #2309 ) ;
#1377 = CARTESIAN_POINT ( 'NONE',  ( -53.31229685597797641, -26.62261018568959514, 26.79999999999998650 ) ) ;
#1378 = ORIENTED_EDGE ( 'NONE', *, *, #2454, .T. ) ;
#1379 = DIRECTION ( 'NONE',  ( 1.000000000000000000, 0.000000000000000000, 0.000000000000000000 ) ) ;
#1380 = CARTESIAN_POINT ( 'NONE',  ( -40.29080834271965728, 14.77738981431039100, 17.79289321881345032 ) ) ;
#1381 = ORIENTED_EDGE ( 'NONE', *, *, #8408, .T. ) ;
#1382 = ORIENTED_EDGE ( 'NONE', *, *, #3134, .F. ) ;
#1383 = DIRECTION ( 'NONE',  ( 0.000000000000000000, 1.000000000000000000, 1.372378306233987934E-16 ) ) ;
#1384 = CARTESIAN_POINT ( 'NONE',  ( -38.55493709941540459, -55.38649649909311989, 12.80678037698609018 ) ) ;
#1385 = EDGE_LOOP ( 'NONE', ( #435, #2891, #1434, #6866 ) ) ;
#1386 = CARTESIAN_POINT ( 'NONE',  ( 47.92608499445506709, -25.62261018568959159, 13.29999999999998117 ) ) ;
#1387 = DIRECTION ( 'NONE',  ( 0.5000000000000011102, 0.7071067811865469066, 0.4999999999999998335 ) ) ;
#1388 = CARTESIAN_POINT ( 'NONE',  ( -37.40778422671341019, -59.46634976519413129, -12.80678037698594629 ) ) ;
#1389 = FACE_OUTER_BOUND ( 'NONE', #1222, .T. ) ;
#1390 = VERTEX_POINT ( 'NONE', #2659 ) ;
#1391 = CARTESIAN_POINT ( 'NONE',  ( -47.74395206774986633, 9.777389814310405214, 18.50000000000000000 ) ) ;
#1392 = ORIENTED_EDGE ( 'NONE', *, *, #2630, .T. ) ;
#1393 = CARTESIAN_POINT ( 'NONE',  ( -19.24895756195254748, 13.77738981431040699, 19.24895756195308394 ) ) ;
#1394 = ORIENTED_EDGE ( 'NONE', *, *, #4142, .F. ) ;
#1395 = LINE ( 'NONE', #4830, #2682 ) ;
#1396 = ORIENTED_EDGE ( 'NONE', *, *, #1397, .T. ) ;
#1397 = EDGE_CURVE ( 'NONE', #3457, #2329, #5367, .T. ) ;
#1398 = CARTESIAN_POINT ( 'NONE',  ( -37.22933151032930255, -58.51947921676467956, -12.12194442457425936 ) ) ;
#1399 = LINE ( 'NONE', #7226, #6237 ) ;
#1400 = VERTEX_POINT ( 'NONE', #2531 ) ;
#1401 = AXIS2_PLACEMENT_3D ( 'NONE', #1823, #4427, #5071 ) ;
#1402 = PLANE ( 'NONE',  #1760 ) ;
#1403 = ORIENTED_EDGE ( 'NONE', *, *, #7992, .F. ) ;
#1404 = EDGE_CURVE ( 'NONE', #3992, #303, #8406, .T. ) ;
#1405 = ADVANCED_FACE ( 'NONE', ( #7086 ), #7214, .T. ) ;
#1406 = CARTESIAN_POINT ( 'NONE',  ( -25.55995297310370518, 25.55995297310347425, -48.87167408952667813 ) ) ;
#1407 = ORIENTED_EDGE ( 'NONE', *, *, #1927, .F. ) ;
#1408 = DIRECTION ( 'NONE',  ( 0.7071067811865426878, 0.000000000000000000, -0.7071067811865524577 ) ) ;
#1409 = DIRECTION ( 'NONE',  ( -0.7071067811865474617, -0.7071067811865474617, 0.000000000000000000 ) ) ;
#1410 = LINE ( 'NONE', #7832, #1877 ) ;
#1411 = EDGE_CURVE ( 'NONE', #8001, #3999, #7, .T. ) ;
#1412 = EDGE_CURVE ( 'NONE', #6521, #568, #2029, .T. ) ;
#1413 = DIRECTION ( 'NONE',  ( -0.7071067811865525687, 0.4999999999999952260, -0.4999999999999977240 ) ) ;
#1414 = VERTEX_POINT ( 'NONE', #3131 ) ;
#1415 = CARTESIAN_POINT ( 'NONE',  ( 50.92608499445506709, -9.522610185689561746, -15.12842712474621010 ) ) ;
#1416 = CARTESIAN_POINT ( 'NONE',  ( -39.58370156153312536, 15.77738981431040699, -18.50000000000002487 ) ) ;
#1417 = AXIS2_PLACEMENT_3D ( 'NONE', #2234, #8019, #7461 ) ;
#1418 = VERTEX_POINT ( 'NONE', #5762 ) ;
#1419 = ORIENTED_EDGE ( 'NONE', *, *, #6877, .F. ) ;
#1420 = CARTESIAN_POINT ( 'NONE',  ( -46.60920644654360956, 18.64575001107217389, -18.50000000000000355 ) ) ;
#1421 = FACE_OUTER_BOUND ( 'NONE', #4662, .T. ) ;
#1422 = ORIENTED_EDGE ( 'NONE', *, *, #1140, .F. ) ;
#1423 = EDGE_LOOP ( 'NONE', ( #5756, #383, #5798, #1073 ) ) ;
#1424 = VECTOR ( 'NONE', #559, 1000.000000000000000 ) ;
#1425 = CARTESIAN_POINT ( 'NONE',  ( -52.25187818006254759, 13.73701128181578035, -12.49999999999998757 ) ) ;
#1426 = DIRECTION ( 'NONE',  ( 8.763851654838594627E-15, -1.000000000000000000, 0.000000000000000000 ) ) ;
#1427 = EDGE_CURVE ( 'NONE', #5147, #5100, #1945, .T. ) ;
#1428 = DIRECTION ( 'NONE',  ( -1.000000000000000000, 0.000000000000000000, 0.000000000000000000 ) ) ;
#1429 = VECTOR ( 'NONE', #6986, 1000.000000000000000 ) ;
#1430 = FACE_OUTER_BOUND ( 'NONE', #7885, .T. ) ;
#1431 = VECTOR ( 'NONE', #3967, 1000.000000000000000 ) ;
#1432 = ORIENTED_EDGE ( 'NONE', *, *, #1730, .T. ) ;
#1433 = DIRECTION ( 'NONE',  ( -0.000000000000000000, 1.000000000000000000, -0.000000000000000000 ) ) ;
#1434 = ORIENTED_EDGE ( 'NONE', *, *, #8335, .F. ) ;
#1435 = DIRECTION ( 'NONE',  ( 0.000000000000000000, -1.000000000000000000, 1.042667367333023879E-16 ) ) ;
#1436 = ORIENTED_EDGE ( 'NONE', *, *, #1463, .T. ) ;
#1437 = FACE_OUTER_BOUND ( 'NONE', #6370, .T. ) ;
#1438 = ORIENTED_EDGE ( 'NONE', *, *, #8214, .F. ) ;
#1439 = CARTESIAN_POINT ( 'NONE',  ( -36.65970144317183355, -55.28021279466908311, -12.30000000000001315 ) ) ;
#1440 = LINE ( 'NONE', #269, #4851 ) ;
#1441 = ORIENTED_EDGE ( 'NONE', *, *, #139, .T. ) ;
#1442 = EDGE_CURVE ( 'NONE', #3776, #4417, #8449, .T. ) ;
#1443 = DIRECTION ( 'NONE',  ( 0.000000000000000000, 1.000000000000000000, 0.000000000000000000 ) ) ;
#1444 = ORIENTED_EDGE ( 'NONE', *, *, #4401, .T. ) ;
#1445 = DIRECTION ( 'NONE',  ( 0.000000000000000000, 0.000000000000000000, 1.000000000000000000 ) ) ;
#1446 = CONICAL_SURFACE ( 'NONE', #7318, 0.9999999999999991118, 0.7853981633974488341 ) ;
#1447 = AXIS2_PLACEMENT_3D ( 'NONE', #668, #1998, #5299 ) ;
#1448 = FACE_OUTER_BOUND ( 'NONE', #4481, .T. ) ;
#1449 = EDGE_LOOP ( 'NONE', ( #1903, #1943, #3519, #7890 ) ) ;
#1450 = EDGE_CURVE ( 'NONE', #1595, #1722, #4125, .T. ) ;
#1451 = EDGE_CURVE ( 'NONE', #2563, #1289, #1906, .T. ) ;
#1452 = VECTOR ( 'NONE', #3503, 1000.000000000000000 ) ;
#1453 = DIRECTION ( 'NONE',  ( 6.162975822039156098E-33, -1.000000000000000000, 1.042667367333023755E-16 ) ) ;
#1454 = CARTESIAN_POINT ( 'NONE',  ( -49.45967341942195361, 3.187440320649923109, 27.80000000000000426 ) ) ;
#1455 = FACE_OUTER_BOUND ( 'NONE', #5720, .T. ) ;
#1456 = CARTESIAN_POINT ( 'NONE',  ( -59.44947128440066564, 2.450960465455866100, -18.50000000000000000 ) ) ;
#1457 = ORIENTED_EDGE ( 'NONE', *, *, #6942, .F. ) ;
#1458 = CIRCLE ( 'NONE', #7751, 5.000000000000000888 ) ;
#1459 = CARTESIAN_POINT ( 'NONE',  ( -40.06170500426912895, -56.44154674440417807, 11.30000000000000782 ) ) ;
#1460 = AXIS2_PLACEMENT_3D ( 'NONE', #2141, #1545, #4822 ) ;
#1461 = CARTESIAN_POINT ( 'NONE',  ( -47.74395206774986633, 14.77738981431039100, -2.500000000000000888 ) ) ;
#1462 = EDGE_CURVE ( 'NONE', #5945, #3259, #7986, .T. ) ;
#1463 = EDGE_CURVE ( 'NONE', #5945, #4878, #2613, .T. ) ;
#1464 = VERTEX_POINT ( 'NONE', #6486 ) ;
#1465 = DIRECTION ( 'NONE',  ( -6.162975822039279259E-33, 1.000000000000000000, -1.042667367333024002E-16 ) ) ;
#1466 = CIRCLE ( 'NONE', #7478, 2.000000000000001776 ) ;
#1467 = FACE_OUTER_BOUND ( 'NONE', #229, .T. ) ;
#1468 = ORIENTED_EDGE ( 'NONE', *, *, #7039, .F. ) ;
#1469 = ORIENTED_EDGE ( 'NONE', *, *, #924, .T. ) ;
#1470 = DIRECTION ( 'NONE',  ( 0.000000000000000000, -1.000000000000000000, -1.143648588528323197E-16 ) ) ;
#1471 = CARTESIAN_POINT ( 'NONE',  ( 0.000000000000000000, 15.77738981431040699, 26.80000000000001847 ) ) ;
#1472 = CARTESIAN_POINT ( 'NONE',  ( -36.79059915986097451, -57.90507310811230468, -12.29355398349710882 ) ) ;
#1473 = VECTOR ( 'NONE', #4911, 1000.000000000000114 ) ;
#1474 = CARTESIAN_POINT ( 'NONE',  ( -47.74395206774986633, 15.77738981431040699, 3.500000000000013323 ) ) ;
#1475 = EDGE_LOOP ( 'NONE', ( #1641, #5801, #3690, #3438 ) ) ;
#1476 = VERTEX_POINT ( 'NONE', #605 ) ;
#1477 = CARTESIAN_POINT ( 'NONE',  ( -36.65970144317183355, -55.28021279467143501, 12.29999999999999183 ) ) ;
#1478 = ORIENTED_EDGE ( 'NONE', *, *, #5215, .F. ) ;
#1479 = EDGE_CURVE ( 'NONE', #3869, #3243, #5842, .T. ) ;
#1480 = DIRECTION ( 'NONE',  ( -1.000000000000000000, 6.672927148628873676E-17, 2.104171563618347072E-32 ) ) ;
#1481 = AXIS2_PLACEMENT_3D ( 'NONE', #796, #3399, #2753 ) ;
#1482 = ORIENTED_EDGE ( 'NONE', *, *, #3314, .F. ) ;
#1483 = CARTESIAN_POINT ( 'NONE',  ( -38.07391500554492580, -1.130586570588444800E-15, 9.885786437626903123 ) ) ;
#1484 = VECTOR ( 'NONE', #1607, 1000.000000000000000 ) ;
#1485 = CARTESIAN_POINT ( 'NONE',  ( -47.74395206774986633, 14.77738981431041232, 27.80000000000000071 ) ) ;
#1486 = CARTESIAN_POINT ( 'NONE',  ( -59.45967341942196782, 2.131715627355464271, 27.80000000000000071 ) ) ;
#1487 = ORIENTED_EDGE ( 'NONE', *, *, #1032, .T. ) ;
#1488 = DIRECTION ( 'NONE',  ( -0.6599369112508957080, -0.7513210187187813194, 1.387778780781445676E-16 ) ) ;
#1489 = CIRCLE ( 'NONE', #2040, 1.000000000000014655 ) ;
#1490 = DIRECTION ( 'NONE',  ( 6.476012297263073340E-17, -0.7071067811865502373, 0.7071067811865449082 ) ) ;
#1491 = ORIENTED_EDGE ( 'NONE', *, *, #4061, .T. ) ;
#1492 = DIRECTION ( 'NONE',  ( 0.5312641871840348973, -0.4666458651008162928, 0.7071067811865456854 ) ) ;
#1493 = ADVANCED_FACE ( 'NONE', ( #4024 ), #187, .T. ) ;
#1494 = VECTOR ( 'NONE', #5996, 1000.000000000000000 ) ;
#1495 = DIRECTION ( 'NONE',  ( -0.000000000000000000, 1.000000000000000000, -0.000000000000000000 ) ) ;
#1496 = VECTOR ( 'NONE', #76, 1000.000000000000000 ) ;
#1497 = LINE ( 'NONE', #2849, #1431 ) ;
#1498 = AXIS2_PLACEMENT_3D ( 'NONE', #504, #7056, #7824 ) ;
#1499 = LINE ( 'NONE', #7958, #2979 ) ;
#1500 = LINE ( 'NONE', #6036, #2817 ) ;
#1501 = FACE_OUTER_BOUND ( 'NONE', #6825, .T. ) ;
#1502 = EDGE_CURVE ( 'NONE', #4706, #628, #2822, .T. ) ;
#1503 = ORIENTED_EDGE ( 'NONE', *, *, #3292, .T. ) ;
#1504 = CARTESIAN_POINT ( 'NONE',  ( -39.63481059842324328, -56.71459742583385122, 11.06429773960449481 ) ) ;
#1505 = CARTESIAN_POINT ( 'NONE',  ( -59.54420031073707520, 2.343113931407025508, -2.587649848812552555 ) ) ;
#1506 = EDGE_LOOP ( 'NONE', ( #7036, #7514, #3095, #4847 ) ) ;
#1507 = LINE ( 'NONE', #2733, #4978 ) ;
#1508 = CARTESIAN_POINT ( 'NONE',  ( -37.51095326299616062, 0.000000000000000000, 25.80000000000000426 ) ) ;
#1509 = ORIENTED_EDGE ( 'NONE', *, *, #8365, .T. ) ;
#1510 = VERTEX_POINT ( 'NONE', #5448 ) ;
#1511 = LINE ( 'NONE', #5327, #7306 ) ;
#1512 = EDGE_CURVE ( 'NONE', #5900, #995, #467, .T. ) ;
#1513 = CARTESIAN_POINT ( 'NONE',  ( -41.53973505438286651, -58.69724911595577765, 27.80000000000000071 ) ) ;
#1514 = EDGE_CURVE ( 'NONE', #7855, #3700, #3337, .T. ) ;
#1515 = CARTESIAN_POINT ( 'NONE',  ( -48.87933536532903389, 3.767778374742812630, -48.87167408952667813 ) ) ;
#1516 = PLANE ( 'NONE',  #2266 ) ;
#1517 = ORIENTED_EDGE ( 'NONE', *, *, #8300, .T. ) ;
#1518 = CARTESIAN_POINT ( 'NONE',  ( -37.05038324734113786, -55.82732898259796883, 12.22053588311118055 ) ) ;
#1519 = ORIENTED_EDGE ( 'NONE', *, *, #5280, .T. ) ;
#1520 = CARTESIAN_POINT ( 'NONE',  ( 47.92608499445506709, 5.503237007998292677E-15, -12.30000000000000959 ) ) ;
#1521 = VERTEX_POINT ( 'NONE', #2777 ) ;
#1522 = CARTESIAN_POINT ( 'NONE',  ( -36.85034780039659097, -55.54719679159338597, -12.28166923996044879 ) ) ;
#1523 = ADVANCED_FACE ( 'NONE', ( #3510 ), #6135, .F. ) ;
#1524 = ORIENTED_EDGE ( 'NONE', *, *, #3270, .T. ) ;
#1525 = CARTESIAN_POINT ( 'NONE',  ( 0.000000000000000000, 14.77738981431041232, 27.80000000000000071 ) ) ;
#1526 = CARTESIAN_POINT ( 'NONE',  ( -36.08612500682080793, -58.54091401648096848, -13.30000000000000959 ) ) ;
#1527 = EDGE_LOOP ( 'NONE', ( #7606, #8135, #7087, #2894 ) ) ;
#1528 = LINE ( 'NONE', #833, #7485 ) ;
#1529 = CIRCLE ( 'NONE', #1119, 3.000000000000024425 ) ;
#1530 = DIRECTION ( 'NONE',  ( 0.000000000000000000, 0.000000000000000000, 1.000000000000000000 ) ) ;
#1531 = ORIENTED_EDGE ( 'NONE', *, *, #7702, .T. ) ;
#1532 = CARTESIAN_POINT ( 'NONE',  ( -7.021661118252667956E-16, -10.52261018568957063, 15.12842712474618878 ) ) ;
#1533 = DIRECTION ( 'NONE',  ( -0.000000000000000000, -0.000000000000000000, -1.000000000000000000 ) ) ;
#1534 = EDGE_CURVE ( 'NONE', #2754, #3962, #2193, .T. ) ;
#1535 = CARTESIAN_POINT ( 'NONE',  ( -38.78102178673147904, -25.62261018568955251, -10.59289321881345991 ) ) ;
#1536 = CONICAL_SURFACE ( 'NONE', #1948, 1.000000000000013101, 0.7853981633974452814 ) ;
#1537 = CARTESIAN_POINT ( 'NONE',  ( -40.29080834271965728, 14.77738981431039633, 1.792893218813450318 ) ) ;
#1538 = LINE ( 'NONE', #4180, #2445 ) ;
#1539 = AXIS2_PLACEMENT_3D ( 'NONE', #4137, #935, #4096 ) ;
#1540 = DIRECTION ( 'NONE',  ( 0.000000000000000000, 0.000000000000000000, 1.000000000000000000 ) ) ;
#1541 = DIRECTION ( 'NONE',  ( 1.000000000000000000, -6.672927148628873676E-17, 0.000000000000000000 ) ) ;
#1542 = AXIS2_PLACEMENT_3D ( 'NONE', #955, #2331, #4297 ) ;
#1543 = ORIENTED_EDGE ( 'NONE', *, *, #4906, .T. ) ;
#1544 = AXIS2_PLACEMENT_3D ( 'NONE', #902, #3509, #8186 ) ;
#1545 = DIRECTION ( 'NONE',  ( 0.000000000000000000, -0.000000000000000000, -1.000000000000000000 ) ) ;
#1546 = DIRECTION ( 'NONE',  ( 1.000000000000000000, 0.000000000000000000, 0.000000000000000000 ) ) ;
#1547 = VERTEX_POINT ( 'NONE', #6645 ) ;
#1548 = CARTESIAN_POINT ( 'NONE',  ( 6.478343846023071784, -27.51617747706574235, 27.80000000000000071 ) ) ;
#1549 = EDGE_CURVE ( 'NONE', #4622, #5900, #5328, .T. ) ;
#1550 = DIRECTION ( 'NONE',  ( -1.000000000000000000, -0.000000000000000000, -0.000000000000000000 ) ) ;
#1551 = ORIENTED_EDGE ( 'NONE', *, *, #5638, .T. ) ;
#1552 = CARTESIAN_POINT ( 'NONE',  ( -46.35866321373485732, 17.35450516469370186, 26.60101020568707497 ) ) ;
#1553 = CARTESIAN_POINT ( 'NONE',  ( -58.96759953173464908, 6.091337094860836743, 12.49999999999998579 ) ) ;
#1554 = VECTOR ( 'NONE', #8210, 1000.000000000000227 ) ;
#1555 = CARTESIAN_POINT ( 'NONE',  ( -39.99791512390623893, 15.77738981431040699, -18.91421356237313134 ) ) ;
#1556 = CARTESIAN_POINT ( 'NONE',  ( 49.92608499445507420, -9.936823748062657558, 27.21421356237309297 ) ) ;
#1557 = VERTEX_POINT ( 'NONE', #5403 ) ;
#1558 = CARTESIAN_POINT ( 'NONE',  ( -37.05830532914192332, -55.83842186237983896, 12.21713331980351036 ) ) ;
#1559 = EDGE_CURVE ( 'NONE', #4838, #2045, #2864, .T. ) ;
#1560 = EDGE_CURVE ( 'NONE', #2621, #4360, #6767, .T. ) ;
#1561 = ORIENTED_EDGE ( 'NONE', *, *, #8409, .F. ) ;
#1562 = CARTESIAN_POINT ( 'NONE',  ( -39.58370156153308983, 15.77738981431040699, 2.500000000000002665 ) ) ;
#1563 = AXIS2_PLACEMENT_3D ( 'NONE', #4463, #1296, #7082 ) ;
#1564 = ORIENTED_EDGE ( 'NONE', *, *, #6439, .T. ) ;
#1565 = CARTESIAN_POINT ( 'NONE',  ( -33.86831257587687816, 14.77738981431041410, -24.98578643762688856 ) ) ;
#1566 = ORIENTED_EDGE ( 'NONE', *, *, #1103, .F. ) ;
#1567 = DIRECTION ( 'NONE',  ( -1.000000000000000000, 0.000000000000000000, 0.000000000000000000 ) ) ;
#1568 = LINE ( 'NONE', #7983, #1729 ) ;
#1569 = ORIENTED_EDGE ( 'NONE', *, *, #3487, .T. ) ;
#1570 = VECTOR ( 'NONE', #2554, 1000.000000000000000 ) ;
#1571 = DIRECTION ( 'NONE',  ( 0.000000000000000000, 1.734723475976781654E-15, 1.000000000000000000 ) ) ;
#1572 = EDGE_CURVE ( 'NONE', #460, #1220, #2068, .T. ) ;
#1573 = CYLINDRICAL_SURFACE ( 'NONE', #6245, 2.000000000000001776 ) ;
#1574 = VECTOR ( 'NONE', #5509, 1000.000000000000000 ) ;
#1575 = ORIENTED_EDGE ( 'NONE', *, *, #252, .F. ) ;
#1576 = LINE ( 'NONE', #4172, #3632 ) ;
#1577 = FACE_OUTER_BOUND ( 'NONE', #2220, .T. ) ;
#1578 = CARTESIAN_POINT ( 'NONE',  ( -47.23758846049647531, 8.777389814310406990, 0.000000000000000000 ) ) ;
#1579 = CYLINDRICAL_SURFACE ( 'NONE', #3520, 2.000000000000000000 ) ;
#1580 = ADVANCED_FACE ( 'NONE', ( #7328 ), #4070, .T. ) ;
#1581 = AXIS2_PLACEMENT_3D ( 'NONE', #7917, #7307, #5347 ) ;
#1582 = LINE ( 'NONE', #931, #2845 ) ;
#1583 = CARTESIAN_POINT ( 'NONE',  ( -47.06746880975595104, -60.39915623187683735, 27.80000000000000071 ) ) ;
#1584 = DIRECTION ( 'NONE',  ( -0.4055797876726394136, 0.5792279653395683292, -0.7071067811865480168 ) ) ;
#1585 = ORIENTED_EDGE ( 'NONE', *, *, #4034, .T. ) ;
#1586 = DIRECTION ( 'NONE',  ( 0.000000000000000000, 0.000000000000000000, -1.000000000000000000 ) ) ;
#1587 = DIRECTION ( 'NONE',  ( 0.6599369112508958191, 0.7513210187187812084, -1.387778780781445429E-16 ) ) ;
#1588 = CIRCLE ( 'NONE', #7605, 4.999999999999990230 ) ;
#1589 = VECTOR ( 'NONE', #5812, 1000.000000000000000 ) ;
#1590 = VERTEX_POINT ( 'NONE', #2152 ) ;
#1591 = DIRECTION ( 'NONE',  ( -0.6599369112508958191, -0.7513210187187812084, 1.387778780781445429E-16 ) ) ;
#1592 = LINE ( 'NONE', #4193, #1768 ) ;
#1593 = CARTESIAN_POINT ( 'NONE',  ( -43.26046436343602153, -56.23979298308879038, 26.79999999999998650 ) ) ;
#1594 = AXIS2_PLACEMENT_3D ( 'NONE', #5568, #6344, #3025 ) ;
#1595 = VERTEX_POINT ( 'NONE', #2737 ) ;
#1596 = CARTESIAN_POINT ( 'NONE',  ( -37.32053105311806007, -58.64719772090504080, 12.05339018849301169 ) ) ;
#1597 = DIRECTION ( 'NONE',  ( 0.000000000000000000, 1.000000000000000000, 1.143648588528323197E-16 ) ) ;
#1598 = VECTOR ( 'NONE', #695, 1000.000000000000000 ) ;
#1599 = CARTESIAN_POINT ( 'NONE',  ( -58.96759953173464908, 6.091337094860837631, -19.50000000000002132 ) ) ;
#1600 = EDGE_CURVE ( 'NONE', #3036, #3548, #6047, .T. ) ;
#1601 = LINE ( 'NONE', #6179, #7463 ) ;
#1602 = AXIS2_PLACEMENT_3D ( 'NONE', #4278, #3113, #5659 ) ;
#1603 = ORIENTED_EDGE ( 'NONE', *, *, #718, .F. ) ;
#1604 = VECTOR ( 'NONE', #7993, 1000.000000000000000 ) ;
#1605 = DIRECTION ( 'NONE',  ( 0.000000000000000000, -0.000000000000000000, -1.000000000000000000 ) ) ;
#1606 = ORIENTED_EDGE ( 'NONE', *, *, #4651, .T. ) ;
#1607 = DIRECTION ( 'NONE',  ( -1.000000000000000000, 0.000000000000000000, 9.158464420884415348E-17 ) ) ;
#1608 = ORIENTED_EDGE ( 'NONE', *, *, #6838, .T. ) ;
#1609 = AXIS2_PLACEMENT_3D ( 'NONE', #3398, #7387, #3433 ) ;
#1610 = CARTESIAN_POINT ( 'NONE',  ( -36.81719994440656052, -55.50077207209262298, -12.28755311496061076 ) ) ;
#1611 = ORIENTED_EDGE ( 'NONE', *, *, #5594, .F. ) ;
#1612 = ORIENTED_EDGE ( 'NONE', *, *, #8322, .T. ) ;
#1613 = DIRECTION ( 'NONE',  ( 0.000000000000000000, 0.7071067811865450192, 0.7071067811865500152 ) ) ;
#1614 = DIRECTION ( 'NONE',  ( 0.7071067811865487940, 0.000000000000000000, -0.7071067811865463515 ) ) ;
#1615 = EDGE_CURVE ( 'NONE', #862, #6910, #855, .T. ) ;
#1616 = VERTEX_POINT ( 'NONE', #3460 ) ;
#1617 = VERTEX_POINT ( 'NONE', #1513 ) ;
#1618 = DIRECTION ( 'NONE',  ( -0.6599369112508957080, -0.7513210187187813194, 1.387778780781445676E-16 ) ) ;
#1619 = AXIS2_PLACEMENT_3D ( 'NONE', #1200, #1879, #4565 ) ;
#1620 = CARTESIAN_POINT ( 'NONE',  ( -38.78102178673147904, -1.211454737812724508E-15, 10.59289321881344748 ) ) ;
#1621 = ORIENTED_EDGE ( 'NONE', *, *, #2590, .T. ) ;
#1622 = LINE ( 'NONE', #7349, #354 ) ;
#1623 = DIRECTION ( 'NONE',  ( -0.7071067811865474617, -0.7071067811865474617, 0.000000000000000000 ) ) ;
#1624 = EDGE_CURVE ( 'NONE', #6374, #3130, #6013, .T. ) ;
#1625 = EDGE_CURVE ( 'NONE', #5309, #1722, #93, .T. ) ;
#1626 = EDGE_CURVE ( 'NONE', #3024, #8294, #7443, .T. ) ;
#1627 = CYLINDRICAL_SURFACE ( 'NONE', #4030, 2.000000000000000000 ) ;
#1628 = CIRCLE ( 'NONE', #2704, 0.9999999999999991118 ) ;
#1629 = DIRECTION ( 'NONE',  ( 1.000000000000000000, 0.000000000000000000, 0.000000000000000000 ) ) ;
#1630 = CARTESIAN_POINT ( 'NONE',  ( -58.21627851301587953, 5.431400183609944143, 27.80000000000000071 ) ) ;
#1631 = DIRECTION ( 'NONE',  ( 0.000000000000000000, -1.000000000000000000, 0.000000000000000000 ) ) ;
#1632 = VECTOR ( 'NONE', #7632, 1000.000000000000000 ) ;
#1633 = DIRECTION ( 'NONE',  ( 0.000000000000000000, 1.000000000000000000, -1.042667367333023879E-16 ) ) ;
#1634 = ORIENTED_EDGE ( 'NONE', *, *, #5949, .F. ) ;
#1635 = EDGE_CURVE ( 'NONE', #250, #2529, #4983, .T. ) ;
#1636 = DIRECTION ( 'NONE',  ( 0.000000000000000000, 0.000000000000000000, -1.000000000000000000 ) ) ;
#1637 = ADVANCED_FACE ( 'NONE', ( #7586 ), #6264, .F. ) ;
#1638 = ORIENTED_EDGE ( 'NONE', *, *, #6460, .T. ) ;
#1639 = FACE_OUTER_BOUND ( 'NONE', #6693, .T. ) ;
#1640 = CIRCLE ( 'NONE', #8463, 1.000000000000000888 ) ;
#1641 = ORIENTED_EDGE ( 'NONE', *, *, #3657, .T. ) ;
#1642 = CARTESIAN_POINT ( 'NONE',  ( -39.23600217389415690, -60.74648175330037247, -10.88808717732939080 ) ) ;
#1643 = CARTESIAN_POINT ( 'NONE',  ( -40.07391500554496844, -26.62261018568959514, 9.885786437626899570 ) ) ;
#1644 = CARTESIAN_POINT ( 'NONE',  ( -40.38315504659630051, -56.66662848719949608, -10.88808717732943165 ) ) ;
#1645 = ORIENTED_EDGE ( 'NONE', *, *, #1799, .F. ) ;
#1646 = CARTESIAN_POINT ( 'NONE',  ( 15.65556682763982366, -25.62261018568959159, 13.29999999999997939 ) ) ;
#1647 = CARTESIAN_POINT ( 'NONE',  ( -41.41212868627932409, 15.77738981431040699, -19.50000000000001776 ) ) ;
#1648 = CARTESIAN_POINT ( 'NONE',  ( 47.92608499445506709, -9.108396623316485474, 13.71421356237309119 ) ) ;
#1649 = EDGE_CURVE ( 'NONE', #2211, #4583, #5576, .T. ) ;
#1650 = DIRECTION ( 'NONE',  ( 0.000000000000000000, -0.7071067811865463515, 0.7071067811865487940 ) ) ;
#1651 = ORIENTED_EDGE ( 'NONE', *, *, #3872, .F. ) ;
#1652 = FACE_OUTER_BOUND ( 'NONE', #3264, .T. ) ;
#1653 = ORIENTED_EDGE ( 'NONE', *, *, #3498, .F. ) ;
#1654 = CARTESIAN_POINT ( 'NONE',  ( -39.02239366292312894, -57.59871663902622885, 10.20908232911576263 ) ) ;
#1655 = ORIENTED_EDGE ( 'NONE', *, *, #3133, .T. ) ;
#1656 = FACE_OUTER_BOUND ( 'NONE', #3810, .T. ) ;
#1657 = VERTEX_POINT ( 'NONE', #7455 ) ;
#1658 = LINE ( 'NONE', #4300, #7139 ) ;
#1659 = PLANE ( 'NONE',  #2679 ) ;
#1660 = CARTESIAN_POINT ( 'NONE',  ( -37.50033856919391440, -59.53115701349302924, 12.71421356237309297 ) ) ;
#1661 = EDGE_CURVE ( 'NONE', #1390, #6403, #6898, .T. ) ;
#1662 = CARTESIAN_POINT ( 'NONE',  ( 47.92608499445506709, -25.62261018568959159, -26.80000000000001492 ) ) ;
#1663 = ORIENTED_EDGE ( 'NONE', *, *, #8351, .T. ) ;
#1664 = LINE ( 'NONE', #7009, #1960 ) ;
#1665 = LINE ( 'NONE', #3484, #2243 ) ;
#1666 = CARTESIAN_POINT ( 'NONE',  ( -45.82754818765661042, 17.95916581580593885, -18.50000000000000355 ) ) ;
#1667 = LINE ( 'NONE', #7736, #1574 ) ;
#1668 = EDGE_CURVE ( 'NONE', #1896, #8220, #1724, .T. ) ;
#1669 = EDGE_CURVE ( 'NONE', #36, #351, #2321, .T. ) ;
#1670 = DIRECTION ( 'NONE',  ( -0.000000000000000000, 1.000000000000000000, -0.000000000000000000 ) ) ;
#1671 = LINE ( 'NONE', #3019, #5989 ) ;
#1672 = CARTESIAN_POINT ( 'NONE',  ( -51.50055716134377093, 13.07707437056489397, -27.80000000000000071 ) ) ;
#1673 = VERTEX_POINT ( 'NONE', #946 ) ;
#1674 = DIRECTION ( 'NONE',  ( 0.000000000000000000, -0.7071067811865451302, 0.7071067811865500152 ) ) ;
#1675 = VECTOR ( 'NONE', #8153, 999.9999999999998863 ) ;
#1676 = PLANE ( 'NONE',  #7200 ) ;
#1677 = DIRECTION ( 'NONE',  ( 0.000000000000000000, 0.000000000000000000, 1.000000000000000000 ) ) ;
#1678 = B_SPLINE_CURVE_WITH_KNOTS ( 'NONE', 3,
 ( #5928, #6333, #5691, #5285, #7899, #7254 ),
 .UNSPECIFIED., .F., .F.,
 ( 4, 2, 4 ),
 ( 0.000000000000000000, 0.5000000000000000000, 1.000000000000000000 ),
 .UNSPECIFIED. ) ;
#1679 = ADVANCED_FACE ( 'NONE', ( #7505 ), #295, .T. ) ;
#1680 = LINE ( 'NONE', #1804, #5321 ) ;
#1681 = AXIS2_PLACEMENT_3D ( 'NONE', #5631, #4345, #7687 ) ;
#1682 = LINE ( 'NONE', #7022, #1058 ) ;
#1683 = ORIENTED_EDGE ( 'NONE', *, *, #7591, .F. ) ;
#1684 = CARTESIAN_POINT ( 'NONE',  ( -36.08612500682080793, -58.54091401648097559, 13.29999999999997939 ) ) ;
#1685 = LINE ( 'NONE', #1647, #7581 ) ;
#1686 = CARTESIAN_POINT ( 'NONE',  ( 0.000000000000000000, 0.000000000000000000, -27.80000000000000071 ) ) ;
#1687 = ORIENTED_EDGE ( 'NONE', *, *, #4746, .F. ) ;
#1688 = CARTESIAN_POINT ( 'NONE',  ( -43.26046436343602153, -56.23979298308879038, -27.80000000000000071 ) ) ;
#1689 = ORIENTED_EDGE ( 'NONE', *, *, #7420, .T. ) ;
#1690 = ORIENTED_EDGE ( 'NONE', *, *, #2838, .T. ) ;
#1691 = CARTESIAN_POINT ( 'NONE',  ( -39.58370156153312536, 15.77738981431040699, -2.500000000000024869 ) ) ;
#1692 = ORIENTED_EDGE ( 'NONE', *, *, #1748, .T. ) ;
#1693 = CARTESIAN_POINT ( 'NONE',  ( -41.50447552016262165, 22.88087167156775692, 15.45519789925933196 ) ) ;
#1694 = EDGE_CURVE ( 'NONE', #1829, #1113, #1685, .T. ) ;
#1695 = ORIENTED_EDGE ( 'NONE', *, *, #4288, .T. ) ;
#1696 = DIRECTION ( 'NONE',  ( 0.000000000000000000, 0.000000000000000000, -1.000000000000000000 ) ) ;
#1697 = ORIENTED_EDGE ( 'NONE', *, *, #5121, .T. ) ;
#1698 = DIRECTION ( 'NONE',  ( -1.000000000000000000, 0.000000000000000000, 0.000000000000000000 ) ) ;
#1699 = CARTESIAN_POINT ( 'NONE',  ( -53.31229685597797641, -28.62261018568959514, -27.80000000000000071 ) ) ;
#1700 = AXIS2_PLACEMENT_3D ( 'NONE', #78, #6794, #2642 ) ;
#1701 = DIRECTION ( 'NONE',  ( 1.000000000000000000, 0.000000000000000000, -9.158464420884415348E-17 ) ) ;
#1702 = ORIENTED_EDGE ( 'NONE', *, *, #3228, .T. ) ;
#1703 = FACE_OUTER_BOUND ( 'NONE', #4393, .T. ) ;
#1704 = CIRCLE ( 'NONE', #7577, 2.000000000000001776 ) ;
#1705 = DIRECTION ( 'NONE',  ( -1.000000000000000000, 0.000000000000000000, 9.158464420884415348E-17 ) ) ;
#1706 = DIRECTION ( 'NONE',  ( -0.000000000000000000, 1.143648588528323197E-16, -1.000000000000000000 ) ) ;
#1707 = EDGE_CURVE ( 'NONE', #1951, #573, #4281, .T. ) ;
#1708 = VECTOR ( 'NONE', #6603, 1000.000000000000000 ) ;
#1709 = AXIS2_PLACEMENT_3D ( 'NONE', #3441, #155, #6073 ) ;
#1710 = CARTESIAN_POINT ( 'NONE',  ( -37.51095326299616772, 13.57594803827213958, -27.80000000000000071 ) ) ;
#1711 = DIRECTION ( 'NONE',  ( 0.000000000000000000, 0.7071067811865450192, -0.7071067811865500152 ) ) ;
#1712 = CARTESIAN_POINT ( 'NONE',  ( -39.07391500554492580, -57.67087086810381180, -9.885786437626917333 ) ) ;
#1713 = ORIENTED_EDGE ( 'NONE', *, *, #3269, .F. ) ;
#1714 = PLANE ( 'NONE',  #5156 ) ;
#1715 = ADVANCED_FACE ( 'NONE', ( #2357 ), #2398, .F. ) ;
#1716 = EDGE_CURVE ( 'NONE', #7449, #7046, #1033, .T. ) ;
#1717 = ORIENTED_EDGE ( 'NONE', *, *, #285, .T. ) ;
#1718 = DIRECTION ( 'NONE',  ( 0.000000000000000000, 1.000000000000000000, 0.000000000000000000 ) ) ;
#1719 = CARTESIAN_POINT ( 'NONE',  ( 47.92608499445506709, -25.62261018568959159, -26.80000000000001492 ) ) ;
#1720 = CARTESIAN_POINT ( 'NONE',  ( -48.87933536532903389, 4.767778374742815295, -27.80000000000000071 ) ) ;
#1721 = DIRECTION ( 'NONE',  ( -0.5000000000000038858, -0.7071067811865487940, -0.4999999999999941158 ) ) ;
#1722 = VERTEX_POINT ( 'NONE', #2275 ) ;
#1723 = CARTESIAN_POINT ( 'NONE',  ( -36.97242809569105049, -59.16151012044648638, 13.09766564080152840 ) ) ;
#1724 = LINE ( 'NONE', #4197, #4151 ) ;
#1725 = VERTEX_POINT ( 'NONE', #1123 ) ;
#1726 = VECTOR ( 'NONE', #2071, 1000.000000000000000 ) ;
#1727 = FACE_BOUND ( 'NONE', #150, .T. ) ;
#1728 = EDGE_CURVE ( 'NONE', #6614, #8392, #474, .T. ) ;
#1729 = VECTOR ( 'NONE', #2791, 1000.000000000000114 ) ;
#1730 = EDGE_CURVE ( 'NONE', #4732, #7267, #4375, .T. ) ;
#1731 = CARTESIAN_POINT ( 'NONE',  ( -40.44515708263431719, -56.71004278021767675, 10.77208952664992658 ) ) ;
#1732 = ORIENTED_EDGE ( 'NONE', *, *, #5719, .T. ) ;
#1733 = EDGE_LOOP ( 'NONE', ( #8262, #6764, #7706, #2683 ) ) ;
#1734 = DIRECTION ( 'NONE',  ( 0.000000000000000000, 1.000000000000000000, -1.042667367333023879E-16 ) ) ;
#1735 = EDGE_LOOP ( 'NONE', ( #563, #6845, #2104, #4871 ) ) ;
#1736 = AXIS2_PLACEMENT_3D ( 'NONE', #5319, #2222, #6807 ) ;
#1737 = CARTESIAN_POINT ( 'NONE',  ( 50.92608499445506709, -9.522610185689561746, 24.97157287525381619 ) ) ;
#1738 = VECTOR ( 'NONE', #8450, 1000.000000000000000 ) ;
#1739 = VERTEX_POINT ( 'NONE', #8274 ) ;
#1740 = ORIENTED_EDGE ( 'NONE', *, *, #6286, .T. ) ;
#1741 = PLANE ( 'NONE',  #1681 ) ;
#1742 = ORIENTED_EDGE ( 'NONE', *, *, #914, .F. ) ;
#1743 = DIRECTION ( 'NONE',  ( -6.162975822039154730E-33, -1.000000000000000000, 1.042667367333023879E-16 ) ) ;
#1744 = CARTESIAN_POINT ( 'NONE',  ( -41.41212868627932409, 17.95916581580593885, -1.500000000000001776 ) ) ;
#1745 = AXIS2_PLACEMENT_3D ( 'NONE', #5090, #7539, #7712 ) ;
#1746 = VECTOR ( 'NONE', #5308, 1000.000000000000114 ) ;
#1747 = AXIS2_PLACEMENT_3D ( 'NONE', #1037, #8232, #6266 ) ;
#1748 = EDGE_CURVE ( 'NONE', #1852, #3813, #3682, .T. ) ;
#1749 = ORIENTED_EDGE ( 'NONE', *, *, #2195, .T. ) ;
#1750 = AXIS2_PLACEMENT_3D ( 'NONE', #2726, #4056, #5390 ) ;
#1751 = FACE_OUTER_BOUND ( 'NONE', #561, .T. ) ;
#1752 = VERTEX_POINT ( 'NONE', #3723 ) ;
#1753 = LINE ( 'NONE', #8251, #8109 ) ;
#1754 = CARTESIAN_POINT ( 'NONE',  ( -42.45967341942191808, 6.767778374742815295, -48.87167408952667813 ) ) ;
#1755 = DIRECTION ( 'NONE',  ( -1.000000000000000000, 0.000000000000000000, 0.000000000000000000 ) ) ;
#1756 = VERTEX_POINT ( 'NONE', #6308 ) ;
#1757 = VECTOR ( 'NONE', #888, 1000.000000000000000 ) ;
#1758 = CARTESIAN_POINT ( 'NONE',  ( -41.95408520199404023, -62.64970397905580768, -26.80000000000000426 ) ) ;
#1759 = EDGE_CURVE ( 'NONE', #2571, #4886, #6351, .T. ) ;
#1760 = AXIS2_PLACEMENT_3D ( 'NONE', #2719, #1443, #3961 ) ;
#1761 = FACE_OUTER_BOUND ( 'NONE', #1260, .T. ) ;
#1762 = ORIENTED_EDGE ( 'NONE', *, *, #8466, .F. ) ;
#1763 = CIRCLE ( 'NONE', #3932, 5.999999999999998224 ) ;
#1764 = DIRECTION ( 'NONE',  ( 1.000000000000000000, 0.000000000000000000, 0.000000000000000000 ) ) ;
#1765 = VERTEX_POINT ( 'NONE', #6855 ) ;
#1766 = CARTESIAN_POINT ( 'NONE',  ( -53.31229685597797641, -28.62261018568959514, 27.80000000000000071 ) ) ;
#1767 = CARTESIAN_POINT ( 'NONE',  ( -39.43637172374998556, -60.88678202253709770, -10.40435229262811845 ) ) ;
#1768 = VECTOR ( 'NONE', #5400, 1000.000000000000000 ) ;
#1769 = CARTESIAN_POINT ( 'NONE',  ( -38.07391500554492580, -22.62261018568959514, -9.885786437626912004 ) ) ;
#1770 = ADVANCED_FACE ( 'NONE', ( #3032 ), #5662, .T. ) ;
#1771 = CARTESIAN_POINT ( 'NONE',  ( -39.99791512390620341, 13.77738981431040699, 14.91421356237310292 ) ) ;
#1772 = ORIENTED_EDGE ( 'NONE', *, *, #4167, .T. ) ;
#1773 = DIRECTION ( 'NONE',  ( 6.476012297263084433E-17, 0.7071067811865490160, 0.7071067811865461294 ) ) ;
#1774 = DIRECTION ( 'NONE',  ( 0.000000000000000000, 1.000000000000000000, 0.000000000000000000 ) ) ;
#1775 = VERTEX_POINT ( 'NONE', #4834 ) ;
#1776 = CARTESIAN_POINT ( 'NONE',  ( -38.07391500554496844, -26.62261018568959514, 12.71421356237311429 ) ) ;
#1777 = EDGE_LOOP ( 'NONE', ( #1995, #7730, #1145, #4017 ) ) ;
#1778 = VECTOR ( 'NONE', #7831, 1000.000000000000000 ) ;
#1779 = CARTESIAN_POINT ( 'NONE',  ( -37.51095326299616062, 15.77738981431040699, 25.80000000000000426 ) ) ;
#1780 = EDGE_LOOP ( 'NONE', ( #5112, #6991, #4306, #6491, #1469 ) ) ;
#1781 = ORIENTED_EDGE ( 'NONE', *, *, #4736, .F. ) ;
#1782 = LINE ( 'NONE', #7645, #4283 ) ;
#1783 = DIRECTION ( 'NONE',  ( 0.000000000000000000, 0.000000000000000000, -1.000000000000000000 ) ) ;
#1784 = EDGE_CURVE ( 'NONE', #4782, #4559, #2947, .T. ) ;
#1785 = EDGE_CURVE ( 'NONE', #7857, #4553, #6071, .T. ) ;
#1786 = ORIENTED_EDGE ( 'NONE', *, *, #4220, .F. ) ;
#1787 = DIRECTION ( 'NONE',  ( -0.7071067811865475727, 0.7071067811865475727, 0.000000000000000000 ) ) ;
#1788 = DIRECTION ( 'NONE',  ( -0.000000000000000000, -0.000000000000000000, 1.000000000000000000 ) ) ;
#1789 = CARTESIAN_POINT ( 'NONE',  ( -60.45967341942196072, 1.300871594449326318, 3.500000000000016875 ) ) ;
#1790 = ORIENTED_EDGE ( 'NONE', *, *, #522, .F. ) ;
#1791 = ORIENTED_EDGE ( 'NONE', *, *, #3357, .F. ) ;
#1792 = EDGE_CURVE ( 'NONE', #5533, #7870, #4534, .T. ) ;
#1793 = CARTESIAN_POINT ( 'NONE',  ( -37.36680822435838678, -56.27045579168114386, 12.00710678118653973 ) ) ;
#1794 = ORIENTED_EDGE ( 'NONE', *, *, #3536, .F. ) ;
#1795 = ORIENTED_EDGE ( 'NONE', *, *, #3949, .F. ) ;
#1796 = CARTESIAN_POINT ( 'NONE',  ( -47.74395206774986633, 15.77738981431040699, -12.49999999999998757 ) ) ;
#1797 = CARTESIAN_POINT ( 'NONE',  ( -39.99791512390620341, 14.77738981431039100, -1.085786437626897971 ) ) ;
#1798 = DIRECTION ( 'NONE',  ( 8.763851654838594627E-15, -1.000000000000000000, 0.000000000000000000 ) ) ;
#1799 = EDGE_CURVE ( 'NONE', #7819, #7308, #1971, .T. ) ;
#1800 = CARTESIAN_POINT ( 'NONE',  ( -39.07391500554492580, -60.11242004562343055, 9.885786437626896017 ) ) ;
#1801 = VERTEX_POINT ( 'NONE', #7072 ) ;
#1802 = DIRECTION ( 'NONE',  ( 0.000000000000000000, 0.000000000000000000, 1.000000000000000000 ) ) ;
#1803 = DIRECTION ( 'NONE',  ( 0.000000000000000000, -1.000000000000000000, 0.000000000000000000 ) ) ;
#1804 = CARTESIAN_POINT ( 'NONE',  ( -39.99791512390618919, 15.77738981431040699, 18.91421356237308160 ) ) ;
#1805 = VECTOR ( 'NONE', #2980, 1000.000000000000000 ) ;
#1806 = CARTESIAN_POINT ( 'NONE',  ( 47.92608499445506709, -22.62261018568959514, 12.29999999999999716 ) ) ;
#1807 = ORIENTED_EDGE ( 'NONE', *, *, #7787, .F. ) ;
#1808 = FACE_OUTER_BOUND ( 'NONE', #5187, .T. ) ;
#1809 = CARTESIAN_POINT ( 'NONE',  ( -38.24071836311633632, -55.16647817128981757, -13.04742499891514029 ) ) ;
#1810 = PLANE ( 'NONE',  #5831 ) ;
#1811 = ORIENTED_EDGE ( 'NONE', *, *, #4915, .F. ) ;
#1812 = CARTESIAN_POINT ( 'NONE',  ( -38.86902242779784444, -57.38393621317710824, 10.49577653381790299 ) ) ;
#1813 = EDGE_CURVE ( 'NONE', #1224, #5194, #5807, .T. ) ;
#1814 = VERTEX_POINT ( 'NONE', #6512 ) ;
#1815 = ORIENTED_EDGE ( 'NONE', *, *, #6331, .T. ) ;
#1816 = CARTESIAN_POINT ( 'NONE',  ( -50.16678020060848553, 3.894547101836488778, -27.80000000000000071 ) ) ;
#1817 = VECTOR ( 'NONE', #4525, 1000.000000000000000 ) ;
#1818 = DIRECTION ( 'NONE',  ( 0.000000000000000000, -1.000000000000000000, 0.000000000000000000 ) ) ;
#1819 = ORIENTED_EDGE ( 'NONE', *, *, #5350, .T. ) ;
#1820 = VERTEX_POINT ( 'NONE', #1338 ) ;
#1821 = CARTESIAN_POINT ( 'NONE',  ( -44.24839094739822798, -59.37309580189983649, 27.79999999999999005 ) ) ;
#1822 = ORIENTED_EDGE ( 'NONE', *, *, #1404, .T. ) ;
#1823 = CARTESIAN_POINT ( 'NONE',  ( -3.819039799497872867, -28.62261018568959514, -27.80000000000000071 ) ) ;
#1824 = LINE ( 'NONE', #2369, #5962 ) ;
#1825 = AXIS2_PLACEMENT_3D ( 'NONE', #4879, #4328, #6088 ) ;
#1826 = EDGE_CURVE ( 'NONE', #3815, #1179, #5134, .T. ) ;
#1827 = EDGE_CURVE ( 'NONE', #4298, #265, #3844, .T. ) ;
#1828 = ORIENTED_EDGE ( 'NONE', *, *, #3329, .T. ) ;
#1829 = VERTEX_POINT ( 'NONE', #3887 ) ;
#1830 = LINE ( 'NONE', #4432, #472 ) ;
#1831 = DIRECTION ( 'NONE',  ( -0.000000000000000000, 1.000000000000000000, -2.168404344970976821E-16 ) ) ;
#1832 = ORIENTED_EDGE ( 'NONE', *, *, #7207, .F. ) ;
#1833 = CARTESIAN_POINT ( 'NONE',  ( -39.99791512390620341, 13.77738981431040699, 13.50000000000000000 ) ) ;
#1834 = FACE_OUTER_BOUND ( 'NONE', #640, .T. ) ;
#1835 = CIRCLE ( 'NONE', #6611, 2.000000000000001776 ) ;
#1836 = ADVANCED_FACE ( 'NONE', ( #6557 ), #7722, .T. ) ;
#1837 = CARTESIAN_POINT ( 'NONE',  ( -35.55513657743309608, 31.23052121186238139, 27.80000000000000071 ) ) ;
#1838 = CIRCLE ( 'NONE', #316, 5.000000000000000888 ) ;
#1839 = CARTESIAN_POINT ( 'NONE',  ( -28.87710011388853459, 13.77738981431044429, -19.99457397563850591 ) ) ;
#1840 = ORIENTED_EDGE ( 'NONE', *, *, #241, .T. ) ;
#1841 = VECTOR ( 'NONE', #35, 999.9999999999998863 ) ;
#1842 = DIRECTION ( 'NONE',  ( -1.000000000000000000, -2.674365358797578524E-15, 0.000000000000000000 ) ) ;
#1843 = AXIS2_PLACEMENT_3D ( 'NONE', #3927, #3110, #8349 ) ;
#1844 = EDGE_CURVE ( 'NONE', #8185, #6493, #5252, .T. ) ;
#1845 = PLANE ( 'NONE',  #5811 ) ;
#1846 = LINE ( 'NONE', #1207, #4222 ) ;
#1847 = DIRECTION ( 'NONE',  ( -1.000000000000000000, 0.000000000000000000, 0.000000000000000000 ) ) ;
#1848 = FACE_OUTER_BOUND ( 'NONE', #7686, .T. ) ;
#1849 = CARTESIAN_POINT ( 'NONE',  ( -66.57092852305432018, -6.813841068346818908, 27.80000000000000071 ) ) ;
#1850 = ORIENTED_EDGE ( 'NONE', *, *, #7710, .T. ) ;
#1851 = FACE_OUTER_BOUND ( 'NONE', #5357, .T. ) ;
#1852 = VERTEX_POINT ( 'NONE', #6397 ) ;
#1853 = CARTESIAN_POINT ( 'NONE',  ( 2.524149805228551369, -26.62261018568959514, -26.80000000000001492 ) ) ;
#1854 = ORIENTED_EDGE ( 'NONE', *, *, #77, .F. ) ;
#1855 = ORIENTED_EDGE ( 'NONE', *, *, #5815, .F. ) ;
#1856 = CYLINDRICAL_SURFACE ( 'NONE', #1563, 2.000000000000001776 ) ;
#1857 = DIRECTION ( 'NONE',  ( -0.5508055290647192459, -0.6270777769172408700, -0.5508055290647194679 ) ) ;
#1858 = ORIENTED_EDGE ( 'NONE', *, *, #522, .T. ) ;
#1859 = ORIENTED_EDGE ( 'NONE', *, *, #5876, .T. ) ;
#1860 = ORIENTED_EDGE ( 'NONE', *, *, #732, .T. ) ;
#1861 = ADVANCED_FACE ( 'NONE', ( #551 ), #7025, .F. ) ;
#1862 = DIRECTION ( 'NONE',  ( -0.7071067811865376918, 7.372771659631163488E-17, 0.7071067811865573427 ) ) ;
#1863 = CIRCLE ( 'NONE', #5000, 1.000000000000000000 ) ;
#1864 = CARTESIAN_POINT ( 'NONE',  ( -54.45967341942196072, 2.131715627355464271, 18.50000000000000355 ) ) ;
#1865 = CONICAL_SURFACE ( 'NONE', #7190, 15.99999999999999289, 0.7853981633974517207 ) ;
#1866 = EDGE_LOOP ( 'NONE', ( #7295, #167, #2678, #3040 ) ) ;
#1867 = AXIS2_PLACEMENT_3D ( 'NONE', #4350, #1139, #6963 ) ;
#1868 = ORIENTED_EDGE ( 'NONE', *, *, #3769, .F. ) ;
#1869 = PLANE ( 'NONE',  #7864 ) ;
#1870 = CARTESIAN_POINT ( 'NONE',  ( -39.99791512390620341, 13.77738981431040699, -2.500000000000000444 ) ) ;
#1871 = ORIENTED_EDGE ( 'NONE', *, *, #6286, .F. ) ;
#1872 = ADVANCED_FACE ( 'NONE', ( #589 ), #5222, .F. ) ;
#1873 = CARTESIAN_POINT ( 'NONE',  ( -38.97165041862218260, -59.96920092561028071, -10.32753529017037764 ) ) ;
#1874 = CIRCLE ( 'NONE', #6106, 2.000000000000001776 ) ;
#1875 = CARTESIAN_POINT ( 'NONE',  ( -39.50033856919387176, -60.93157208991242157, -128.0398730914872374 ) ) ;
#1876 = CONICAL_SURFACE ( 'NONE', #5300, 5.999999999999998224, 0.7853981633974479459 ) ;
#1877 = VECTOR ( 'NONE', #1967, 1000.000000000000000 ) ;
#1878 = VECTOR ( 'NONE', #7574, 1000.000000000000114 ) ;
#1879 = DIRECTION ( 'NONE',  ( 0.000000000000000000, 0.000000000000000000, -1.000000000000000000 ) ) ;
#1880 = EDGE_CURVE ( 'NONE', #2111, #728, #3375, .T. ) ;
#1881 = EDGE_CURVE ( 'NONE', #4351, #4838, #2102, .T. ) ;
#1882 = CYLINDRICAL_SURFACE ( 'NONE', #3339, 5.999999999999998224 ) ;
#1883 = PRODUCT_DEFINITION_FORMATION_WITH_SPECIFIED_SOURCE ( 'ANY', '', #3833, .NOT_KNOWN. ) ;
#1884 = ORIENTED_EDGE ( 'NONE', *, *, #6975, .T. ) ;
#1885 = CARTESIAN_POINT ( 'NONE',  ( -41.41212868627932409, 15.77738981431040699, 12.49999999999998046 ) ) ;
#1886 = DIRECTION ( 'NONE',  ( 0.5000000000000046629, 0.7071067811865451302, 0.4999999999999985567 ) ) ;
#1887 = AXIS2_PLACEMENT_3D ( 'NONE', #878, #2795, #711 ) ;
#1888 = CARTESIAN_POINT ( 'NONE',  ( -59.09415026068683119, -21.50851171414442220, -27.80000000000000071 ) ) ;
#1889 = CARTESIAN_POINT ( 'NONE',  ( -41.41212868627932409, 15.77738981431040699, -3.500000000000015543 ) ) ;
#1890 = ADVANCED_FACE ( 'NONE', ( #3240 ), #4700, .F. ) ;
#1891 = CARTESIAN_POINT ( 'NONE',  ( 50.92608499445506709, -22.62261018568959514, 13.29999999999998117 ) ) ;
#1892 = DIRECTION ( 'NONE',  ( 0.6336872742246398849, 0.4437126062796576398, 0.6336872742246443257 ) ) ;
#1893 = ORIENTED_EDGE ( 'NONE', *, *, #3929, .F. ) ;
#1894 = ADVANCED_FACE ( 'NONE', ( #7835 ), #8317, .T. ) ;
#1895 = CARTESIAN_POINT ( 'NONE',  ( -39.48812856791805359, -26.62261018568959514, -11.30000000000003624 ) ) ;
#1896 = VERTEX_POINT ( 'NONE', #8355 ) ;
#1897 = CARTESIAN_POINT ( 'NONE',  ( -36.92377425898593657, -58.09154292775348694, 12.26505775400461751 ) ) ;
#1898 = ORIENTED_EDGE ( 'NONE', *, *, #6838, .F. ) ;
#1899 = AXIS2_PLACEMENT_3D ( 'NONE', #6043, #6131, #5482 ) ;
#1900 = ORIENTED_EDGE ( 'NONE', *, *, #771, .T. ) ;
#1901 = CARTESIAN_POINT ( 'NONE',  ( -41.41212868627928856, 17.95916581580593885, 18.50000000000000000 ) ) ;
#1902 = DIRECTION ( 'NONE',  ( -0.000000000000000000, 1.000000000000000000, -0.000000000000000000 ) ) ;
#1903 = ORIENTED_EDGE ( 'NONE', *, *, #7405, .T. ) ;
#1904 = ORIENTED_EDGE ( 'NONE', *, *, #7089, .T. ) ;
#1905 = ORIENTED_EDGE ( 'NONE', *, *, #5297, .F. ) ;
#1906 = LINE ( 'NONE', #7849, #3330 ) ;
#1907 = AXIS2_PLACEMENT_3D ( 'NONE', #3968, #6587, #4451 ) ;
#1908 = EDGE_CURVE ( 'NONE', #524, #3581, #7675, .T. ) ;
#1909 = DIRECTION ( 'NONE',  ( 0.000000000000000000, 0.000000000000000000, -1.000000000000000000 ) ) ;
#1911 = AXIS2_PLACEMENT_3D ( 'NONE', #3152, #4532, #3681 ) ;
#1910 = DIRECTION ( 'NONE',  ( -0.000000000000000000, 1.000000000000000000, 1.372378306233987934E-16 ) ) ;
#1912 = EDGE_LOOP ( 'NONE', ( #1344, #3558, #1109, #12 ) ) ;
#1913 = DIRECTION ( 'NONE',  ( 0.000000000000000000, 0.000000000000000000, 1.000000000000000000 ) ) ;
#1914 = VERTEX_POINT ( 'NONE', #1849 ) ;
#1915 = AXIS2_PLACEMENT_3D ( 'NONE', #2465, #3104, #5816 ) ;
#1916 = LINE ( 'NONE', #1311, #1216 ) ;
#1917 = CARTESIAN_POINT ( 'NONE',  ( -49.58644214651556581, 4.474885155929374747, 27.80000000000000071 ) ) ;
#1918 = ORIENTED_EDGE ( 'NONE', *, *, #3119, .F. ) ;
#1919 = DIRECTION ( 'NONE',  ( 0.6644630243886783250, 0.2418447626479788559, -0.7071067811865429098 ) ) ;
#1920 = DIRECTION ( 'NONE',  ( 0.5735764363510472696, -0.8191520442889910214, 0.000000000000000000 ) ) ;
#1921 = EDGE_CURVE ( 'NONE', #6601, #5041, #317, .T. ) ;
#1922 = CARTESIAN_POINT ( 'NONE',  ( -36.65028782659038598, 28.40723817844181553, -4.309385592831595169 ) ) ;
#1923 = CARTESIAN_POINT ( 'NONE',  ( 50.92608499445506709, 5.640474838621690238E-15, -13.29999999999999538 ) ) ;
#1924 = EDGE_LOOP ( 'NONE', ( #3543, #3106, #1268, #11 ) ) ;
#1925 = DIRECTION ( 'NONE',  ( -0.7071067811865456854, -0.4999999999999997780, 0.5000000000000029976 ) ) ;
#1926 = ADVANCED_FACE ( 'NONE', ( #3568 ), #3972, .T. ) ;
#1927 = EDGE_CURVE ( 'NONE', #3776, #6262, #4774, .T. ) ;
#1928 = CARTESIAN_POINT ( 'NONE',  ( -38.07391500554497554, -26.62261018568959514, -12.71421356237313383 ) ) ;
#1929 = FACE_OUTER_BOUND ( 'NONE', #507, .T. ) ;
#1930 = CARTESIAN_POINT ( 'NONE',  ( 15.65556682763982366, -25.62261018568959159, 27.80000000000000071 ) ) ;
#1931 = FACE_OUTER_BOUND ( 'NONE', #6919, .T. ) ;
#1932 = DIRECTION ( 'NONE',  ( 0.000000000000000000, 0.000000000000000000, -1.000000000000000000 ) ) ;
#1933 = ORIENTED_EDGE ( 'NONE', *, *, #4737, .T. ) ;
#1934 = FACE_OUTER_BOUND ( 'NONE', #1780, .T. ) ;
#1935 = ORIENTED_EDGE ( 'NONE', *, *, #2925, .T. ) ;
#1936 = CARTESIAN_POINT ( 'NONE',  ( -37.18921446230849170, -58.46329449248497667, 12.14833773558881980 ) ) ;
#1937 = EDGE_LOOP ( 'NONE', ( #3245, #3970, #3477, #3271 ) ) ;
#1938 = EDGE_CURVE ( 'NONE', #7857, #3935, #1665, .T. ) ;
#1939 = VERTEX_POINT ( 'NONE', #6198 ) ;
#1940 = CARTESIAN_POINT ( 'NONE',  ( -22.22946844864888405, -48.11272554981047733, 27.14444655689614194 ) ) ;
#1941 = CARTESIAN_POINT ( 'NONE',  ( -38.45325807182648248, -55.31530007749755384, 12.89021484455830091 ) ) ;
#1942 = ORIENTED_EDGE ( 'NONE', *, *, #996, .T. ) ;
#1943 = ORIENTED_EDGE ( 'NONE', *, *, #7192, .F. ) ;
#1944 = DIRECTION ( 'NONE',  ( 0.000000000000000000, 0.000000000000000000, -1.000000000000000000 ) ) ;
#1945 = LINE ( 'NONE', #8369, #6728 ) ;
#1946 = DIRECTION ( 'NONE',  ( 0.000000000000000000, -1.000000000000000000, 0.000000000000000000 ) ) ;
#1947 = CARTESIAN_POINT ( 'NONE',  ( 15.65556682763982366, -25.62261018568959159, 13.29999999999997939 ) ) ;
#1948 = AXIS2_PLACEMENT_3D ( 'NONE', #7141, #1278, #3877 ) ;
#1949 = ORIENTED_EDGE ( 'NONE', *, *, #1512, .T. ) ;
#1950 = CARTESIAN_POINT ( 'NONE',  ( 49.92608499445506709, -22.62261018568959514, 27.80000000000000071 ) ) ;
#1951 = VERTEX_POINT ( 'NONE', #5955 ) ;
#1952 = EDGE_CURVE ( 'NONE', #6299, #8356, #7438, .T. ) ;
#1953 = LINE ( 'NONE', #7860, #658 ) ;
#1954 = DIRECTION ( 'NONE',  ( 0.000000000000000000, 0.000000000000000000, -1.000000000000000000 ) ) ;
#1955 = VERTEX_POINT ( 'NONE', #723 ) ;
#1956 = AXIS2_PLACEMENT_3D ( 'NONE', #2453, #2288, #654 ) ;
#1957 = CARTESIAN_POINT ( 'NONE',  ( -36.80104880472769224, -57.91970279773057939, -12.28999386671877581 ) ) ;
#1958 = CARTESIAN_POINT ( 'NONE',  ( -47.74395206774986633, 14.77738981431039100, -13.50000000000000178 ) ) ;
#1959 = FACE_OUTER_BOUND ( 'NONE', #7918, .T. ) ;
#1960 = VECTOR ( 'NONE', #1147, 1000.000000000000000 ) ;
#1961 = CARTESIAN_POINT ( 'NONE',  ( -60.45967341942196072, 2.131715627355464271, -19.50000000000002132 ) ) ;
#1962 = ADVANCED_FACE ( 'NONE', ( #1577 ), #3322, .F. ) ;
#1963 = VERTEX_POINT ( 'NONE', #6117 ) ;
#1964 = AXIS2_PLACEMENT_3D ( 'NONE', #5835, #1383, #3286 ) ;
#1965 = CARTESIAN_POINT ( 'NONE',  ( -60.45967341942196072, 2.131715627355464271, 26.80000000000001492 ) ) ;
#1966 = FACE_OUTER_BOUND ( 'NONE', #609, .T. ) ;
#1967 = DIRECTION ( 'NONE',  ( 0.000000000000000000, -1.000000000000000000, -1.143648588528323197E-16 ) ) ;
#1968 = VECTOR ( 'NONE', #7052, 1000.000000000000000 ) ;
#1969 = DIRECTION ( 'NONE',  ( -0.000000000000000000, -0.000000000000000000, -1.000000000000000000 ) ) ;
#1970 = ADVANCED_FACE ( 'NONE', ( #5316 ), #2299, .T. ) ;
#1971 = LINE ( 'NONE', #8391, #6213 ) ;
#1972 = ORIENTED_EDGE ( 'NONE', *, *, #2913, .T. ) ;
#1973 = EDGE_CURVE ( 'NONE', #628, #8413, #3744, .T. ) ;
#1974 = VECTOR ( 'NONE', #376, 1000.000000000000000 ) ;
#1975 = PLANE ( 'NONE',  #503 ) ;
#1976 = CARTESIAN_POINT ( 'NONE',  ( -37.27187528544611439, -58.57906099165468561, 12.09364828976942619 ) ) ;
#1977 = AXIS2_PLACEMENT_3D ( 'NONE', #564, #4512, #1304 ) ;
#1978 = ORIENTED_EDGE ( 'NONE', *, *, #5972, .T. ) ;
#1979 = DIRECTION ( 'NONE',  ( -0.6599369112508958191, -0.7513210187187812084, 1.387778780781445429E-16 ) ) ;
#1980 = CARTESIAN_POINT ( 'NONE',  ( 7.051920282374118720, -28.33532952135472982, -26.80000000000001847 ) ) ;
#1981 = CONICAL_SURFACE ( 'NONE', #7446, 5.999999999999998224, 0.7853981633974482790 ) ;
#1982 = ORIENTED_EDGE ( 'NONE', *, *, #5907, .F. ) ;
#1983 = EDGE_LOOP ( 'NONE', ( #8130, #4155, #6317, #7765 ) ) ;
#1984 = DIRECTION ( 'NONE',  ( 0.000000000000000000, 1.000000000000000000, 1.084202172485505174E-16 ) ) ;
#1985 = EDGE_CURVE ( 'NONE', #3349, #2140, #7483, .T. ) ;
#1986 = CYLINDRICAL_SURFACE ( 'NONE', #3853, 5.999999999999998224 ) ;
#1987 = EDGE_CURVE ( 'NONE', #8150, #697, #7031, .T. ) ;
#1988 = LINE ( 'NONE', #6605, #5554 ) ;
#1989 = DIRECTION ( 'NONE',  ( -0.000000000000000000, -0.000000000000000000, -1.000000000000000000 ) ) ;
#1990 = ORIENTED_EDGE ( 'NONE', *, *, #3580, .F. ) ;
#1991 = CARTESIAN_POINT ( 'NONE',  ( -40.45967341942191808, 10.16317625193741492, -48.87167408952667813 ) ) ;
#1992 = ORIENTED_EDGE ( 'NONE', *, *, #4801, .F. ) ;
#1993 = CARTESIAN_POINT ( 'NONE',  ( -38.82701799082450123, -57.32510525458491912, -10.54450247218159475 ) ) ;
#1994 = FACE_OUTER_BOUND ( 'NONE', #2494, .T. ) ;
#1995 = ORIENTED_EDGE ( 'NONE', *, *, #7636, .T. ) ;
#1996 = LINE ( 'NONE', #4560, #5774 ) ;
#1997 = EDGE_CURVE ( 'NONE', #2491, #7081, #4621, .T. ) ;
#1998 = DIRECTION ( 'NONE',  ( 0.7513210187187813194, -0.6599369112508957080, 0.000000000000000000 ) ) ;
#1999 = EDGE_CURVE ( 'NONE', #7023, #4417, #4433, .T. ) ;
#2000 = VECTOR ( 'NONE', #3386, 1000.000000000000000 ) ;
#2001 = VECTOR ( 'NONE', #3267, 1000.000000000000114 ) ;
#2002 = VECTOR ( 'NONE', #2061, 1000.000000000000000 ) ;
#2003 = LINE ( 'NONE', #1922, #394 ) ;
#2004 = AXIS2_PLACEMENT_3D ( 'NONE', #3461, #3419, #6091 ) ;
#2005 = DIRECTION ( 'NONE',  ( 0.7071067811865449082, 0.000000000000000000, -0.7071067811865501263 ) ) ;
#2006 = ORIENTED_EDGE ( 'NONE', *, *, #1799, .T. ) ;
#2007 = DIRECTION ( 'NONE',  ( 0.000000000000000000, 0.000000000000000000, -1.000000000000000000 ) ) ;
#2008 = VECTOR ( 'NONE', #1314, 1000.000000000000114 ) ;
#2009 = EDGE_LOOP ( 'NONE', ( #6140, #1868, #131, #7809 ) ) ;
#2010 = CIRCLE ( 'NONE', #630, 1.000000000000000000 ) ;
#2011 = CIRCLE ( 'NONE', #3920, 2.000000000000001776 ) ;
#2012 = CARTESIAN_POINT ( 'NONE',  ( 50.92608499445506709, -10.52261018568957418, -24.97157287525380198 ) ) ;
#2013 = CARTESIAN_POINT ( 'NONE',  ( 50.92608499445506709, -11.35103731043577469, -13.29999999999999361 ) ) ;
#2014 = AXIS2_PLACEMENT_3D ( 'NONE', #921, #7520, #4124 ) ;
#2015 = LINE ( 'NONE', #6588, #1196 ) ;
#2016 = DIRECTION ( 'NONE',  ( 0.000000000000000000, 0.000000000000000000, 1.000000000000000000 ) ) ;
#2017 = CARTESIAN_POINT ( 'NONE',  ( 49.92608499445507420, -10.52261018568957418, -24.97157287525380198 ) ) ;
#2018 = ORIENTED_EDGE ( 'NONE', *, *, #4142, .T. ) ;
#2019 = DIRECTION ( 'NONE',  ( 0.4055797876726405238, -0.5792279653395699945, 0.7071067811865460184 ) ) ;
#2020 = CARTESIAN_POINT ( 'NONE',  ( -36.73630728354363129, -57.82903442260025884, 12.29710084355346389 ) ) ;
#2021 = VERTEX_POINT ( 'NONE', #1377 ) ;
#2022 = ORIENTED_EDGE ( 'NONE', *, *, #5630, .F. ) ;
#2023 = FACE_OUTER_BOUND ( 'NONE', #587, .T. ) ;
#2024 = EDGE_CURVE ( 'NONE', #2833, #8162, #5468, .T. ) ;
#2025 = CARTESIAN_POINT ( 'NONE',  ( -36.79059915986095319, -55.46352393058936769, 12.29355398349708928 ) ) ;
#2026 = EDGE_LOOP ( 'NONE', ( #1381, #3856, #5150, #70 ) ) ;
#2027 = VERTEX_POINT ( 'NONE', #8034 ) ;
#2028 = FACE_OUTER_BOUND ( 'NONE', #4201, .T. ) ;
#2029 = LINE ( 'NONE', #529, #3028 ) ;
#2030 = CARTESIAN_POINT ( 'NONE',  ( -3.819039799497872867, -28.62261018568959514, -27.80000000000000782 ) ) ;
#2031 = AXIS2_PLACEMENT_3D ( 'NONE', #4556, #3867, #5980 ) ;
#2032 = DIRECTION ( 'NONE',  ( -1.000000000000000000, -0.000000000000000000, 4.336808689942017120E-17 ) ) ;
#2033 = VERTEX_POINT ( 'NONE', #6157 ) ;
#2034 = LINE ( 'NONE', #7256, #5104 ) ;
#2035 = ADVANCED_FACE ( 'NONE', ( #7391 ), #7300, .F. ) ;
#2036 = EDGE_CURVE ( 'NONE', #3692, #5533, #6749, .T. ) ;
#2037 = ORIENTED_EDGE ( 'NONE', *, *, #7779, .T. ) ;
#2038 = LINE ( 'NONE', #7291, #7774 ) ;
#2039 = ORIENTED_EDGE ( 'NONE', *, *, #94, .F. ) ;
#2040 = AXIS2_PLACEMENT_3D ( 'NONE', #5192, #1297, #7282 ) ;
#2041 = CARTESIAN_POINT ( 'NONE',  ( 40.60707719414906336, -4.839755705920201656, -90.82162932571722536 ) ) ;
#2042 = ORIENTED_EDGE ( 'NONE', *, *, #298, .F. ) ;
#2043 = DIRECTION ( 'NONE',  ( -0.000000000000000000, -0.000000000000000000, 1.000000000000000000 ) ) ;
#2044 = DIRECTION ( 'NONE',  ( 0.000000000000000000, 0.000000000000000000, 1.000000000000000000 ) ) ;
#2045 = VERTEX_POINT ( 'NONE', #2884 ) ;
#2046 = VECTOR ( 'NONE', #7066, 1000.000000000000000 ) ;
#2047 = EDGE_CURVE ( 'NONE', #2027, #7267, #4828, .T. ) ;
#2048 = FACE_OUTER_BOUND ( 'NONE', #7692, .T. ) ;
#2049 = ORIENTED_EDGE ( 'NONE', *, *, #8145, .F. ) ;
#2050 = ORIENTED_EDGE ( 'NONE', *, *, #3088, .T. ) ;
#2051 = ORIENTED_EDGE ( 'NONE', *, *, #2055, .T. ) ;
#2052 = CARTESIAN_POINT ( 'NONE',  ( -34.28252613824997042, 15.77738981431040699, -23.57157287525380340 ) ) ;
#2053 = ORIENTED_EDGE ( 'NONE', *, *, #3629, .F. ) ;
#2054 = DIRECTION ( 'NONE',  ( -9.158464420884415348E-17, -1.042667367333023879E-16, -1.000000000000000000 ) ) ;
#2055 = EDGE_CURVE ( 'NONE', #3999, #4344, #2253, .T. ) ;
#2056 = CARTESIAN_POINT ( 'NONE',  ( -38.99791512390618919, 15.77738981431040699, -14.91421356237309404 ) ) ;
#2057 = CARTESIAN_POINT ( 'NONE',  ( -36.30645759615187274, 31.89045812311326600, -26.80000000000001492 ) ) ;
#2058 = CARTESIAN_POINT ( 'NONE',  ( -51.50055716134377093, 13.07707437056489397, 27.80000000000000071 ) ) ;
#2059 = ORIENTED_EDGE ( 'NONE', *, *, #6184, .F. ) ;
#2060 = PLANE ( 'NONE',  #5712 ) ;
#2061 = DIRECTION ( 'NONE',  ( 0.000000000000000000, -1.000000000000000000, 0.000000000000000000 ) ) ;
#2062 = VERTEX_POINT ( 'NONE', #1797 ) ;
#2063 = ORIENTED_EDGE ( 'NONE', *, *, #1252, .F. ) ;
#2064 = DIRECTION ( 'NONE',  ( 1.000000000000000000, 0.000000000000000000, 0.000000000000000000 ) ) ;
#2065 = FACE_OUTER_BOUND ( 'NONE', #3973, .T. ) ;
#2066 = ORIENTED_EDGE ( 'NONE', *, *, #1973, .F. ) ;
#2067 = PLANE ( 'NONE',  #1167 ) ;
#2068 = LINE ( 'NONE', #5363, #4299 ) ;
#2069 = DIRECTION ( 'NONE',  ( 1.000000000000000000, 0.000000000000000000, 0.000000000000000000 ) ) ;
#2070 = ADVANCED_FACE ( 'NONE', ( #2423 ), #5601, .T. ) ;
#2071 = DIRECTION ( 'NONE',  ( 0.000000000000000000, 1.000000000000000000, -1.042667367333023879E-16 ) ) ;
#2072 = ORIENTED_EDGE ( 'NONE', *, *, #1880, .T. ) ;
#2073 = DIRECTION ( 'NONE',  ( 0.000000000000000000, 0.000000000000000000, -1.000000000000000000 ) ) ;
#2074 = ORIENTED_EDGE ( 'NONE', *, *, #5384, .T. ) ;
#2075 = CARTESIAN_POINT ( 'NONE',  ( -39.04836715526726465, -57.63509936707966830, -10.14637677163636553 ) ) ;
#2076 = ORIENTED_EDGE ( 'NONE', *, *, #7579, .T. ) ;
#2077 = CARTESIAN_POINT ( 'NONE',  ( -3.819039799497872867, -28.62261018568959514, 12.29999999999999538 ) ) ;
#2078 = ORIENTED_EDGE ( 'NONE', *, *, #1694, .T. ) ;
#2079 = CARTESIAN_POINT ( 'NONE',  ( -36.68150189617890078, -55.31074247773295838, -12.30000000000001670 ) ) ;
#2080 = CARTESIAN_POINT ( 'NONE',  ( -58.96759953173464908, 6.091337094860836743, -12.49999999999998046 ) ) ;
#2081 = EDGE_CURVE ( 'NONE', #573, #6278, #2771, .T. ) ;
#2082 = AXIS2_PLACEMENT_3D ( 'NONE', #3471, #4800, #7423 ) ;
#2083 = EDGE_CURVE ( 'NONE', #2754, #1060, #2972, .T. ) ;
#2084 = AXIS2_PLACEMENT_3D ( 'NONE', #5152, #6568, #5106 ) ;
#2085 = LINE ( 'NONE', #6745, #2555 ) ;
#2086 = ORIENTED_EDGE ( 'NONE', *, *, #1661, .T. ) ;
#2087 = DIRECTION ( 'NONE',  ( -0.6644630243886739951, -0.2418447626479741930, -0.7071067811865485719 ) ) ;
#2088 = ADVANCED_FACE ( 'NONE', ( #1834 ), #3751, .F. ) ;
#2089 = LINE ( 'NONE', #2802, #5298 ) ;
#2090 = ORIENTED_EDGE ( 'NONE', *, *, #7683, .F. ) ;
#2091 = FACE_OUTER_BOUND ( 'NONE', #1449, .T. ) ;
#2092 = CARTESIAN_POINT ( 'NONE',  ( 49.92608499445507420, -8.522610185689574180, -24.97157287525380198 ) ) ;
#2093 = CARTESIAN_POINT ( 'NONE',  ( -40.70502190509273532, 14.77738981431038745, -13.79289321881346098 ) ) ;
#2094 = DIRECTION ( 'NONE',  ( 0.000000000000000000, 0.000000000000000000, -1.000000000000000000 ) ) ;
#2095 = ORIENTED_EDGE ( 'NONE', *, *, #4951, .F. ) ;
#2096 = CARTESIAN_POINT ( 'NONE',  ( 49.92608499445507420, -8.522610185689574180, -15.12842712474621010 ) ) ;
#2097 = EDGE_CURVE ( 'NONE', #2021, #7159, #5043, .T. ) ;
#2098 = CARTESIAN_POINT ( 'NONE',  ( -59.44947128440067274, 2.450960465455857662, -2.499999999999998224 ) ) ;
#2099 = AXIS2_PLACEMENT_3D ( 'NONE', #6951, #5026, #5064 ) ;
#2100 = ORIENTED_EDGE ( 'NONE', *, *, #8397, .T. ) ;
#2101 = CARTESIAN_POINT ( 'NONE',  ( -0.000000000000000000, 4.767778374742815295, 27.80000000000000071 ) ) ;
#2102 = CIRCLE ( 'NONE', #7573, 1.999999999999998224 ) ;
#2103 = CARTESIAN_POINT ( 'NONE',  ( -38.82553190167664070, -59.97529864764571528, 10.82859547920895515 ) ) ;
#2104 = ORIENTED_EDGE ( 'NONE', *, *, #6116, .F. ) ;
#2105 = AXIS2_PLACEMENT_3D ( 'NONE', #5143, #3161, #2606 ) ;
#2106 = FACE_OUTER_BOUND ( 'NONE', #7493, .T. ) ;
#2107 = CARTESIAN_POINT ( 'NONE',  ( -35.28252613824998463, 13.77738981431038923, -23.57157287525380340 ) ) ;
#2108 = CARTESIAN_POINT ( 'NONE',  ( -37.16085181309610164, -58.42358050578707918, -12.16783180230136097 ) ) ;
#2109 = VECTOR ( 'NONE', #8231, 1000.000000000000000 ) ;
#2110 = CARTESIAN_POINT ( 'NONE',  ( -59.44947128440067274, 2.450960465455857662, 13.50000000000000000 ) ) ;
#2111 = VERTEX_POINT ( 'NONE', #6922 ) ;
#2112 = ORIENTED_EDGE ( 'NONE', *, *, #4218, .T. ) ;
#2113 = CARTESIAN_POINT ( 'NONE',  ( -36.86365111360031221, -55.56582625614970539, 12.27899161618684332 ) ) ;
#2114 = B_SPLINE_CURVE_WITH_KNOTS ( 'NONE', 1,
 ( #6786, #2794 ),
 .UNSPECIFIED., .F., .F.,
 ( 2, 2 ),
 ( 0.000000000000000000, 1.000000000000000000 ),
 .UNSPECIFIED. ) ;
#2115 = ORIENTED_EDGE ( 'NONE', *, *, #6218, .F. ) ;
#2116 = DIRECTION ( 'NONE',  ( -0.5000000000000053291, -0.7071067811865471286, -0.4999999999999952816 ) ) ;
#2117 = ADVANCED_FACE ( 'NONE', ( #6330 ), #4992, .F. ) ;
#2118 = ORIENTED_EDGE ( 'NONE', *, *, #5336, .T. ) ;
#2119 = CARTESIAN_POINT ( 'NONE',  ( -37.27187528540136441, -56.13751181407849344, -12.09364828979936846 ) ) ;
#2120 = DIRECTION ( 'NONE',  ( -0.6599369112508958191, -0.7513210187187812084, 1.387778780781445429E-16 ) ) ;
#2121 = ORIENTED_EDGE ( 'NONE', *, *, #7060, .T. ) ;
#2122 = LINE ( 'NONE', #4770, #4740 ) ;
#2123 = EDGE_CURVE ( 'NONE', #7143, #5475, #7852, .T. ) ;
#2124 = FACE_OUTER_BOUND ( 'NONE', #5723, .T. ) ;
#2125 = AXIS2_PLACEMENT_3D ( 'NONE', #5362, #6046, #2658 ) ;
#2126 = ORIENTED_EDGE ( 'NONE', *, *, #6687, .T. ) ;
#2127 = LINE ( 'NONE', #881, #6246 ) ;
#2128 = VECTOR ( 'NONE', #6903, 1000.000000000000114 ) ;
#2129 = CIRCLE ( 'NONE', #3210, 2.000000000000000000 ) ;
#2130 = CARTESIAN_POINT ( 'NONE',  ( -59.44947128440067274, 2.450960465455856330, 2.500000000000001776 ) ) ;
#2131 = VERTEX_POINT ( 'NONE', #7615 ) ;
#2132 = VECTOR ( 'NONE', #1587, 1000.000000000000114 ) ;
#2133 = CARTESIAN_POINT ( 'NONE',  ( -41.95408520199404734, -62.64970397905579347, 26.80000000000004690 ) ) ;
#2134 = ADVANCED_FACE ( 'NONE', ( #1062 ), #3663, .F. ) ;
#2135 = EDGE_CURVE ( 'NONE', #8220, #7428, #4033, .T. ) ;
#2136 = FACE_OUTER_BOUND ( 'NONE', #371, .T. ) ;
#2137 = CARTESIAN_POINT ( 'NONE',  ( -2.098310490444725396, -31.08006631855657176, -27.80000000000000071 ) ) ;
#2138 = CARTESIAN_POINT ( 'NONE',  ( -47.74395206774986633, 14.77738981431041232, 27.80000000000000071 ) ) ;
#2139 = AXIS2_PLACEMENT_3D ( 'NONE', #4610, #2506, #6504 ) ;
#2140 = VERTEX_POINT ( 'NONE', #541 ) ;
#2141 = CARTESIAN_POINT ( 'NONE',  ( -43.26046436343602153, -56.23979298308879038, 27.80000000000000071 ) ) ;
#2142 = VECTOR ( 'NONE', #1379, 1000.000000000000000 ) ;
#2143 = DIRECTION ( 'NONE',  ( -1.000000000000000000, 6.672927148628873676E-17, 7.631483714881739656E-33 ) ) ;
#2144 = ORIENTED_EDGE ( 'NONE', *, *, #4021, .F. ) ;
#2145 = CARTESIAN_POINT ( 'NONE',  ( -51.50055716134375672, 13.07707437056487620, 2.499999999999999556 ) ) ;
#2146 = CIRCLE ( 'NONE', #8024, 2.000000000000001776 ) ;
#2147 = EDGE_CURVE ( 'NONE', #6374, #2509, #1148, .T. ) ;
#2148 = CARTESIAN_POINT ( 'NONE',  ( -41.41212868627928856, 15.77738981431040699, 19.50000000000001421 ) ) ;
#2149 = ADVANCED_FACE ( 'NONE', ( #3142 ), #407, .T. ) ;
#2150 = VERTEX_POINT ( 'NONE', #8380 ) ;
#2151 = PLANE ( 'NONE',  #2796 ) ;
#2152 = CARTESIAN_POINT ( 'NONE',  ( -38.99791512390618919, 15.77738981431040699, -1.085786437626897971 ) ) ;
#2153 = LINE ( 'NONE', #4754, #4726 ) ;
#2154 = AXIS2_PLACEMENT_3D ( 'NONE', #2371, #1057, #1142 ) ;
#2155 = CARTESIAN_POINT ( 'NONE',  ( -42.45967341942191808, 4.767778374742815295, -27.80000000000000071 ) ) ;
#2156 = ORIENTED_EDGE ( 'NONE', *, *, #4061, .F. ) ;
#2157 = CARTESIAN_POINT ( 'NONE',  ( -36.80104880482853247, -55.47815362034497610, 12.28999386670435001 ) ) ;
#2158 = ORIENTED_EDGE ( 'NONE', *, *, #6123, .F. ) ;
#2159 = DIRECTION ( 'NONE',  ( 1.000000000000000000, 0.000000000000000000, 0.000000000000000000 ) ) ;
#2160 = VECTOR ( 'NONE', #1701, 1000.000000000000000 ) ;
#2161 = ADVANCED_FACE ( 'NONE', ( #5120 ), #5736, .T. ) ;
#2162 = ORIENTED_EDGE ( 'NONE', *, *, #3527, .F. ) ;
#2163 = FACE_OUTER_BOUND ( 'NONE', #178, .T. ) ;
#2164 = ORIENTED_EDGE ( 'NONE', *, *, #1952, .F. ) ;
#2165 = ORIENTED_EDGE ( 'NONE', *, *, #6439, .F. ) ;
#2166 = AXIS2_PLACEMENT_3D ( 'NONE', #4250, #6143, #7512 ) ;
#2167 = CARTESIAN_POINT ( 'NONE',  ( -41.41212868627928856, 13.77738981431040699, 18.50000000000000355 ) ) ;
#2168 = DIRECTION ( 'NONE',  ( 0.6599369112508958191, 0.7513210187187812084, 0.000000000000000000 ) ) ;
#2169 = ORIENTED_EDGE ( 'NONE', *, *, #2941, .T. ) ;
#2170 = CARTESIAN_POINT ( 'NONE',  ( -38.78102178673147904, -57.26069878869319041, -10.59289321881346524 ) ) ;
#2171 = CIRCLE ( 'NONE', #6676, 5.999999999999998224 ) ;
#2172 = CARTESIAN_POINT ( 'NONE',  ( -45.13984960500783927, -56.92383326974012903, 26.79999999999998295 ) ) ;
#2173 = EDGE_LOOP ( 'NONE', ( #3079, #7651, #684, #604 ) ) ;
#2174 = CARTESIAN_POINT ( 'NONE',  ( -52.25187818006254759, 13.73701128181578213, -3.500000000000009770 ) ) ;
#2175 = DIRECTION ( 'NONE',  ( -1.000000000000000000, 0.000000000000000000, 0.000000000000000000 ) ) ;
#2176 = LINE ( 'NONE', #6623, #1604 ) ;
#2177 = EDGE_CURVE ( 'NONE', #2327, #1414, #2463, .T. ) ;
#2178 = CIRCLE ( 'NONE', #2982, 2.999999999999988898 ) ;
#2179 = DIRECTION ( 'NONE',  ( 0.000000000000000000, 0.7071067811865500152, -0.7071067811865450192 ) ) ;
#2180 = DIRECTION ( 'NONE',  ( 0.7071067811865574537, 0.000000000000000000, 0.7071067811865376918 ) ) ;
#2181 = DIRECTION ( 'NONE',  ( -0.6644630243886791021, -0.2418447626479822421, -0.7071067811865410224 ) ) ;
#2182 = CARTESIAN_POINT ( 'NONE',  ( -47.74395206774986633, 14.77738981431039100, 13.49999999999999822 ) ) ;
#2183 = ORIENTED_EDGE ( 'NONE', *, *, #708, .T. ) ;
#2184 = DIRECTION ( 'NONE',  ( -0.7071067811865475727, -7.372771659631059950E-17, -0.7071067811865474617 ) ) ;
#2185 = EDGE_CURVE ( 'NONE', #3002, #4806, #7319, .T. ) ;
#2186 = ADVANCED_FACE ( 'NONE', ( #7701 ), #6972, .T. ) ;
#2187 = DIRECTION ( 'NONE',  ( 0.6644630243886706644, 0.2418447626479749979, -0.7071067811865514585 ) ) ;
#2188 = ORIENTED_EDGE ( 'NONE', *, *, #2941, .F. ) ;
#2189 = CARTESIAN_POINT ( 'NONE',  ( -47.74395206774986633, 14.77738981431039100, 18.50000000000000000 ) ) ;
#2190 = CARTESIAN_POINT ( 'NONE',  ( 49.92608499445507420, -10.52261018568957418, 15.12842712474618878 ) ) ;
#2191 = ORIENTED_EDGE ( 'NONE', *, *, #3580, .T. ) ;
#2192 = CARTESIAN_POINT ( 'NONE',  ( -37.50033856919389308, -59.53115701349301503, 12.71421356237306632 ) ) ;
#2193 = LINE ( 'NONE', #1553, #5257 ) ;
#2194 = DIRECTION ( 'NONE',  ( 0.7071067811865526798, 7.372771659631008181E-17, 0.7071067811865424657 ) ) ;
#2195 = EDGE_CURVE ( 'NONE', #1739, #3157, #7947, .T. ) ;
#2196 = CARTESIAN_POINT ( 'NONE',  ( -38.07391500554492580, -25.62261018568955251, -9.885786437626912004 ) ) ;
#2197 = ORIENTED_EDGE ( 'NONE', *, *, #7473, .F. ) ;
#2198 = DIRECTION ( 'NONE',  ( 0.000000000000000000, -1.000000000000000000, 0.000000000000000000 ) ) ;
#2199 = ORIENTED_EDGE ( 'NONE', *, *, #128, .F. ) ;
#2200 = FACE_OUTER_BOUND ( 'NONE', #2009, .T. ) ;
#2201 = ORIENTED_EDGE ( 'NONE', *, *, #500, .T. ) ;
#2202 = PLANE ( 'NONE',  #2082 ) ;
#2203 = ORIENTED_EDGE ( 'NONE', *, *, #7339, .T. ) ;
#2204 = CARTESIAN_POINT ( 'NONE',  ( -39.07391500554492580, -25.62261018568955251, -10.30000000000000604 ) ) ;
#2205 = LINE ( 'NONE', #7470, #6098 ) ;
#2206 = EDGE_LOOP ( 'NONE', ( #6593, #2984, #4421, #4716 ) ) ;
#2207 = EDGE_CURVE ( 'NONE', #1464, #2111, #6503, .T. ) ;
#2208 = ORIENTED_EDGE ( 'NONE', *, *, #1668, .F. ) ;
#2209 = DIRECTION ( 'NONE',  ( 0.000000000000000000, 0.000000000000000000, 1.000000000000000000 ) ) ;
#2210 = FACE_OUTER_BOUND ( 'NONE', #5904, .T. ) ;
#2211 = VERTEX_POINT ( 'NONE', #3871 ) ;
#2212 = DIRECTION ( 'NONE',  ( 1.000000000000000000, -6.672927148628873676E-17, -9.157780457858087040E-33 ) ) ;
#2213 = DIRECTION ( 'NONE',  ( 6.476012297263086898E-17, 0.7071067811865485719, 0.7071067811865464625 ) ) ;
#2214 = DIRECTION ( 'NONE',  ( 0.000000000000000000, 0.000000000000000000, 1.000000000000000000 ) ) ;
#2215 = CARTESIAN_POINT ( 'NONE',  ( -40.99791512390621051, 14.77738981431039100, 17.08578643762690774 ) ) ;
#2216 = DIRECTION ( 'NONE',  ( -1.000000000000000000, 0.000000000000000000, 0.000000000000000000 ) ) ;
#2217 = EDGE_CURVE ( 'NONE', #2571, #2561, #2259, .T. ) ;
#2218 = DIRECTION ( 'NONE',  ( 0.000000000000000000, 1.000000000000000000, 1.372378306233987934E-16 ) ) ;
#2219 = DIRECTION ( 'NONE',  ( 0.7071067811865524577, 7.372771659631009414E-17, 0.7071067811865425767 ) ) ;
#2220 = EDGE_LOOP ( 'NONE', ( #1564, #2289, #6051, #5875 ) ) ;
#2221 = CARTESIAN_POINT ( 'NONE',  ( -39.50033856919387176, -60.93157208991242157, 9.885786437626887135 ) ) ;
#2222 = DIRECTION ( 'NONE',  ( -0.000000000000000000, -0.000000000000000000, 1.000000000000000000 ) ) ;
#2223 = DIRECTION ( 'NONE',  ( 0.000000000000000000, 0.000000000000000000, 1.000000000000000000 ) ) ;
#2224 = CARTESIAN_POINT ( 'NONE',  ( 47.92608499445506709, -24.62261018568959869, 12.29999999999999538 ) ) ;
#2225 = ADVANCED_FACE ( 'NONE', ( #2544 ), #5166, .F. ) ;
#2226 = EDGE_CURVE ( 'NONE', #3517, #3813, #1038, .T. ) ;
#2227 = PLANE ( 'NONE',  #3916 ) ;
#2228 = ORIENTED_EDGE ( 'NONE', *, *, #2207, .F. ) ;
#2229 = CARTESIAN_POINT ( 'NONE',  ( -60.97353550225866314, -22.19255200079576795, 27.80000000000000071 ) ) ;
#2230 = CARTESIAN_POINT ( 'NONE',  ( -52.25187818006254759, 13.73701128181578213, -19.50000000000001421 ) ) ;
#2231 = DIRECTION ( 'NONE',  ( 0.7071067811865424657, 0.000000000000000000, -0.7071067811865526798 ) ) ;
#2232 = CARTESIAN_POINT ( 'NONE',  ( 7.051920282374118720, -28.33532952135472982, -128.0398730914872374 ) ) ;
#2233 = ORIENTED_EDGE ( 'NONE', *, *, #1999, .T. ) ;
#2234 = CARTESIAN_POINT ( 'NONE',  ( -53.31229685597797641, -28.62261018568959514, 27.80000000000000071 ) ) ;
#2235 = EDGE_LOOP ( 'NONE', ( #4032, #6695, #766, #3074, #7727, #5173 ) ) ;
#2236 = DIRECTION ( 'NONE',  ( 6.162975822039157467E-33, -1.000000000000000000, 1.042667367333023879E-16 ) ) ;
#2237 = AXIS2_PLACEMENT_3D ( 'NONE', #2999, #7033, #6224 ) ;
#2238 = EDGE_CURVE ( 'NONE', #2140, #3999, #1863, .T. ) ;
#2239 = EDGE_CURVE ( 'NONE', #4596, #995, #6459, .T. ) ;
#2240 = EDGE_LOOP ( 'NONE', ( #2018, #1634, #8416, #3566 ) ) ;
#2241 = CARTESIAN_POINT ( 'NONE',  ( -36.74760951561079736, -55.40331806998219832, -12.29613672658972057 ) ) ;
#2242 = ORIENTED_EDGE ( 'NONE', *, *, #2552, .T. ) ;
#2243 = VECTOR ( 'NONE', #4813, 1000.000000000000000 ) ;
#2244 = DIRECTION ( 'NONE',  ( 0.000000000000000000, 0.000000000000000000, -1.000000000000000000 ) ) ;
#2245 = CARTESIAN_POINT ( 'NONE',  ( 50.92608499445506709, -9.522610185689561746, 27.80000000000000071 ) ) ;
#2246 = CONICAL_SURFACE ( 'NONE', #4302, 15.99999999999998934, 0.7853981633974587151 ) ;
#2247 = CARTESIAN_POINT ( 'NONE',  ( -45.82754818765661042, 17.95916581580593885, 13.49999999999999822 ) ) ;
#2248 = ADVANCED_FACE ( 'NONE', ( #3180 ), #1318, .F. ) ;
#2249 = CARTESIAN_POINT ( 'NONE',  ( 50.92608499445506709, -9.815503404503015616, -25.67867965644036587 ) ) ;
#2250 = ORIENTED_EDGE ( 'NONE', *, *, #4683, .T. ) ;
#2251 = DIRECTION ( 'NONE',  ( 0.000000000000000000, 1.000000000000000000, -1.042667367333023879E-16 ) ) ;
#2252 = ADVANCED_FACE ( 'NONE', ( #2629 ), #7910, .F. ) ;
#2253 = LINE ( 'NONE', #4483, #8119 ) ;
#2254 = CARTESIAN_POINT ( 'NONE',  ( -38.07391500554492580, -25.62261018568955251, -9.885786437626912004 ) ) ;
#2255 = CARTESIAN_POINT ( 'NONE',  ( -40.29080834271965728, 14.77738981431039633, 17.79289321881345032 ) ) ;
#2256 = CONICAL_SURFACE ( 'NONE', #908, 2.000000000000015543, 0.7853981633974482790 ) ;
#2257 = LINE ( 'NONE', #454, #1230 ) ;
#2258 = CYLINDRICAL_SURFACE ( 'NONE', #6404, 0.9999999999999991118 ) ;
#2259 = CIRCLE ( 'NONE', #7054, 2.000000000000000000 ) ;
#2260 = ADVANCED_FACE ( 'NONE', ( #4607 ), #6616, .F. ) ;
#2261 = CARTESIAN_POINT ( 'NONE',  ( -39.99791512390620341, 13.77738981431040699, 1.499999999999997780 ) ) ;
#2262 = ORIENTED_EDGE ( 'NONE', *, *, #8038, .F. ) ;
#2263 = CARTESIAN_POINT ( 'NONE',  ( -40.99791512390621051, 15.77738981431040699, 1.085786437626907963 ) ) ;
#2264 = ORIENTED_EDGE ( 'NONE', *, *, #3755, .F. ) ;
#2265 = CARTESIAN_POINT ( 'NONE',  ( -3.819039799497872867, -28.62261018568959514, -12.30000000000001137 ) ) ;
#2266 = AXIS2_PLACEMENT_3D ( 'NONE', #3464, #6092, #949 ) ;
#2267 = AXIS2_PLACEMENT_3D ( 'NONE', #1744, #2964, #5592 ) ;
#2268 = ORIENTED_EDGE ( 'NONE', *, *, #6229, .F. ) ;
#2269 = DIRECTION ( 'NONE',  ( -0.7071067811865480168, -7.372771659631055020E-17, -0.7071067811865470176 ) ) ;
#2270 = CARTESIAN_POINT ( 'NONE',  ( 7.051920282374118720, -28.33532952135472982, 13.29999999999997762 ) ) ;
#2271 = CYLINDRICAL_SURFACE ( 'NONE', #6931, 0.9999999999999991118 ) ;
#2272 = VECTOR ( 'NONE', #5188, 1000.000000000000000 ) ;
#2273 = ORIENTED_EDGE ( 'NONE', *, *, #1826, .F. ) ;
#2274 = CARTESIAN_POINT ( 'NONE',  ( -36.73055564741093804, -58.99214920887548175, 13.19785248924357646 ) ) ;
#2275 = CARTESIAN_POINT ( 'NONE',  ( -3.819039799497872867, -26.62261018568959514, 26.79999999999998650 ) ) ;
#2276 = VECTOR ( 'NONE', #5270, 1000.000000000000114 ) ;
#2277 = DIRECTION ( 'NONE',  ( 0.000000000000000000, -1.000000000000000000, 0.000000000000000000 ) ) ;
#2278 = CARTESIAN_POINT ( 'NONE',  ( -50.99419355409038701, 12.07707437056488864, -18.50000000000000355 ) ) ;
#2279 = EDGE_CURVE ( 'NONE', #4596, #7320, #1399, .T. ) ;
#2280 = VECTOR ( 'NONE', #7795, 999.9999999999998863 ) ;
#2281 = ORIENTED_EDGE ( 'NONE', *, *, #7838, .F. ) ;
#2282 = PLANE ( 'NONE',  #7026 ) ;
#2283 = AXIS2_PLACEMENT_3D ( 'NONE', #2520, #8437, #3889 ) ;
#2284 = ORIENTED_EDGE ( 'NONE', *, *, #926, .T. ) ;
#2285 = CARTESIAN_POINT ( 'NONE',  ( -41.41212868627928856, 14.77738981431039100, 17.49999999999999645 ) ) ;
#2286 = ORIENTED_EDGE ( 'NONE', *, *, #4115, .T. ) ;
#2287 = CIRCLE ( 'NONE', #6119, 1.000000000000014655 ) ;
#2288 = DIRECTION ( 'NONE',  ( -0.5000000000000033307, 0.7071067811865452413, 0.5000000000000001110 ) ) ;
#2289 = ORIENTED_EDGE ( 'NONE', *, *, #1921, .F. ) ;
#2290 = DIRECTION ( 'NONE',  ( -1.000000000000000000, 6.672927148628872444E-17, -4.357881996052638106E-33 ) ) ;
#2291 = CARTESIAN_POINT ( 'NONE',  ( -40.39505323043260177, -56.67495968521268424, -10.89322017431379308 ) ) ;
#2292 = EDGE_CURVE ( 'NONE', #5495, #2706, #5939, .T. ) ;
#2293 = EDGE_CURVE ( 'NONE', #1801, #6343, #752, .T. ) ;
#2294 = CARTESIAN_POINT ( 'NONE',  ( -39.58370156153308983, 15.77738981431040699, 18.50000000000000000 ) ) ;
#2295 = CONICAL_SURFACE ( 'NONE', #7088, 2.000000000000013767, 0.7853981633974479459 ) ;
#2296 = CARTESIAN_POINT ( 'NONE',  ( 47.92608499445506709, -24.62261018568959869, -12.30000000000000959 ) ) ;
#2297 = ORIENTED_EDGE ( 'NONE', *, *, #3764, .T. ) ;
#2298 = FACE_OUTER_BOUND ( 'NONE', #3086, .T. ) ;
#2299 = PLANE ( 'NONE',  #5387 ) ;
#2300 = CARTESIAN_POINT ( 'NONE',  ( 50.92608499445506709, -9.108396623316487251, 13.71421356237309119 ) ) ;
#2301 = EDGE_CURVE ( 'NONE', #2561, #5452, #6502, .T. ) ;
#2302 = VECTOR ( 'NONE', #3779, 1000.000000000000000 ) ;
#2303 = DIRECTION ( 'NONE',  ( 0.7071067811865281438, -0.7071067811865670016, 0.000000000000000000 ) ) ;
#2304 = LINE ( 'NONE', #1111, #5177 ) ;
#2305 = CARTESIAN_POINT ( 'NONE',  ( 49.92608499445507420, -9.108396623316476592, 26.38578643762690490 ) ) ;
#2306 = VECTOR ( 'NONE', #8182, 999.9999999999998863 ) ;
#2307 = FACE_OUTER_BOUND ( 'NONE', #7244, .T. ) ;
#2308 = ORIENTED_EDGE ( 'NONE', *, *, #4699, .T. ) ;
#2309 = VECTOR ( 'NONE', #1337, 1000.000000000000000 ) ;
#2310 = CARTESIAN_POINT ( 'NONE',  ( -60.45967341942196072, 2.131715627355464271, 3.500000000000016875 ) ) ;
#2311 = ORIENTED_EDGE ( 'NONE', *, *, #6082, .T. ) ;
#2312 = CARTESIAN_POINT ( 'NONE',  ( 47.92608499445506709, -22.62261018568959514, 27.80000000000000071 ) ) ;
#2313 = AXIS2_PLACEMENT_3D ( 'NONE', #4268, #4864, #6879 ) ;
#2314 = EDGE_CURVE ( 'NONE', #6639, #1951, #340, .T. ) ;
#2315 = EDGE_LOOP ( 'NONE', ( #5667, #5629, #3680, #61, #4319, #1702, #2051, #6573 ) ) ;
#2316 = CARTESIAN_POINT ( 'NONE',  ( -38.82730519403794744, -59.76706394759609253, -10.54661604757315807 ) ) ;
#2317 = CARTESIAN_POINT ( 'NONE',  ( 47.92608499445506709, -11.35103731043577469, 14.29999999999999716 ) ) ;
#2318 = CARTESIAN_POINT ( 'NONE',  ( -52.25187818006254759, 13.73701128181578390, -12.49999999999998757 ) ) ;
#2319 = EDGE_LOOP ( 'NONE', ( #17, #2797, #5751, #4936 ) ) ;
#2320 = DIRECTION ( 'NONE',  ( -0.5508055290647194679, -0.6270777769172409810, -0.5508055290647193569 ) ) ;
#2321 = LINE ( 'NONE', #6814, #1294 ) ;
#2322 = ORIENTED_EDGE ( 'NONE', *, *, #7639, .T. ) ;
#2323 = DIRECTION ( 'NONE',  ( -0.000000000000000000, 1.000000000000000000, -0.000000000000000000 ) ) ;
#2324 = CARTESIAN_POINT ( 'NONE',  ( -39.06746898910601828, -57.66184376949669854, 10.01668415399422329 ) ) ;
#2325 = VERTEX_POINT ( 'NONE', #7821 ) ;
#2326 = DIRECTION ( 'NONE',  ( 0.000000000000000000, 1.000000000000000000, 0.000000000000000000 ) ) ;
#2327 = VERTEX_POINT ( 'NONE', #2080 ) ;
#2328 = LINE ( 'NONE', #483, #5167 ) ;
#2329 = VERTEX_POINT ( 'NONE', #1958 ) ;
#2330 = EDGE_CURVE ( 'NONE', #8242, #2481, #109, .T. ) ;
#2331 = DIRECTION ( 'NONE',  ( 0.7071067811865446862, 0.5000000000000037748, 0.5000000000000003331 ) ) ;
#2332 = ORIENTED_EDGE ( 'NONE', *, *, #3201, .F. ) ;
#2333 = LINE ( 'NONE', #5633, #21 ) ;
#2334 = CARTESIAN_POINT ( 'NONE',  ( -53.31229685597797641, -28.62261018568959514, -27.80000000000000071 ) ) ;
#2335 = DIRECTION ( 'NONE',  ( -8.715763992105218737E-33, 1.000000000000000000, 1.143648588528323197E-16 ) ) ;
#2336 = ORIENTED_EDGE ( 'NONE', *, *, #1076, .T. ) ;
#2337 = EDGE_CURVE ( 'NONE', #8155, #3869, #620, .T. ) ;
#2338 = DIRECTION ( 'NONE',  ( -1.000000000000000000, 0.000000000000000000, 0.000000000000000000 ) ) ;
#2339 = EDGE_CURVE ( 'NONE', #6707, #6343, #3773, .T. ) ;
#2340 = DIRECTION ( 'NONE',  ( 0.000000000000000000, 1.000000000000000000, 0.000000000000000000 ) ) ;
#2341 = DIRECTION ( 'NONE',  ( -9.158464420884415348E-17, -1.042667367333023879E-16, -1.000000000000000000 ) ) ;
#2342 = CARTESIAN_POINT ( 'NONE',  ( -37.51095326299616772, 13.57594803827213958, -27.80000000000000071 ) ) ;
#2343 = LINE ( 'NONE', #1758, #7785 ) ;
#2344 = CARTESIAN_POINT ( 'NONE',  ( -37.36680822435838678, -58.71200496920402401, -12.00710678118656283 ) ) ;
#2345 = EDGE_CURVE ( 'NONE', #398, #4515, #1440, .T. ) ;
#2346 = CARTESIAN_POINT ( 'NONE',  ( -39.06746898910603960, -60.10339294701955026, 10.01668415399422507 ) ) ;
#2347 = ORIENTED_EDGE ( 'NONE', *, *, #1625, .F. ) ;
#2348 = SURFACE_STYLE_USAGE ( .BOTH. , #6254 ) ;
#2349 = AXIS2_PLACEMENT_3D ( 'NONE', #1483, #4080, #6660 ) ;
#2350 = ORIENTED_EDGE ( 'NONE', *, *, #7142, .F. ) ;
#2351 = CARTESIAN_POINT ( 'NONE',  ( -2.098310490444706300, -31.08006631855660373, -12.30000000000001137 ) ) ;
#2352 = CARTESIAN_POINT ( 'NONE',  ( 49.92608499445506709, 5.536000648959316095, 12.29999999999999893 ) ) ;
#2353 = CARTESIAN_POINT ( 'NONE',  ( 47.92608499445506709, -8.522610185689574180, 27.80000000000000071 ) ) ;
#2354 = LINE ( 'NONE', #7583, #4867 ) ;
#2355 = ORIENTED_EDGE ( 'NONE', *, *, #8256, .T. ) ;
#2356 = LINE ( 'NONE', #6766, #3577 ) ;
#2357 = FACE_OUTER_BOUND ( 'NONE', #349, .T. ) ;
#2358 = EDGE_CURVE ( 'NONE', #8162, #2150, #6149, .T. ) ;
#2359 = DIRECTION ( 'NONE',  ( 1.000000000000000000, 0.000000000000000000, 0.000000000000000000 ) ) ;
#2360 = CARTESIAN_POINT ( 'NONE',  ( -40.07391500554496844, -26.62261018568959514, -9.885786437626912004 ) ) ;
#2361 = ORIENTED_EDGE ( 'NONE', *, *, #2207, .T. ) ;
#2362 = VERTEX_POINT ( 'NONE', #5462 ) ;
#2363 = CARTESIAN_POINT ( 'NONE',  ( -40.99791512390621051, 15.77738981431040699, -14.91421356237309404 ) ) ;
#2364 = EDGE_LOOP ( 'NONE', ( #5809, #8438, #90, #4159, #3497, #8341, #6757, #6004 ) ) ;
#2365 = CARTESIAN_POINT ( 'NONE',  ( -40.29080834271965728, 13.77738981431040699, 1.792893218813450762 ) ) ;
#2366 = ORIENTED_EDGE ( 'NONE', *, *, #6902, .T. ) ;
#2367 = DIRECTION ( 'NONE',  ( -1.000000000000000000, 0.000000000000000000, 0.000000000000000000 ) ) ;
#2368 = CARTESIAN_POINT ( 'NONE',  ( -47.74395206774986633, 14.77738981431039100, -18.50000000000000355 ) ) ;
#2369 = CARTESIAN_POINT ( 'NONE',  ( 50.92608499445506709, -9.522610185689561746, -15.12842712474621010 ) ) ;
#2370 = EDGE_CURVE ( 'NONE', #7587, #7332, #4957, .T. ) ;
#2371 = CARTESIAN_POINT ( 'NONE',  ( 0.000000000000000000, 13.77738981431040699, 0.000000000000000000 ) ) ;
#2372 = VECTOR ( 'NONE', #2690, 1000.000000000000114 ) ;
#2373 = DIRECTION ( 'NONE',  ( -0.8191520442889910214, -0.5735764363510472696, -7.871638582151768605E-17 ) ) ;
#2374 = EDGE_LOOP ( 'NONE', ( #2286, #660, #5141, #3780 ) ) ;
#2375 = DIRECTION ( 'NONE',  ( 9.158464420884415348E-17, 1.042667367333023879E-16, 1.000000000000000000 ) ) ;
#2376 = VECTOR ( 'NONE', #1979, 1000.000000000000114 ) ;
#2377 = DIRECTION ( 'NONE',  ( 0.000000000000000000, 0.000000000000000000, -1.000000000000000000 ) ) ;
#2378 = LINE ( 'NONE', #4994, #338 ) ;
#2379 = AXIS2_PLACEMENT_3D ( 'NONE', #4927, #5528, #382 ) ;
#2380 = EDGE_CURVE ( 'NONE', #4806, #1418, #1568, .T. ) ;
#2381 = AXIS2_PLACEMENT_3D ( 'NONE', #3790, #5768, #3614 ) ;
#2382 = DIRECTION ( 'NONE',  ( -0.5312641871840364516, 0.4666458651008152381, -0.7071067811865452413 ) ) ;
#2383 = DIRECTION ( 'NONE',  ( 1.000000000000000000, 0.000000000000000000, 0.000000000000000000 ) ) ;
#2384 = CARTESIAN_POINT ( 'NONE',  ( -3.819039799497872867, -25.62261018568957027, 27.80000000000000071 ) ) ;
#2385 = ORIENTED_EDGE ( 'NONE', *, *, #4060, .F. ) ;
#2386 = CARTESIAN_POINT ( 'NONE',  ( -40.06170500426912184, -56.44154674440417097, -11.30000000000003446 ) ) ;
#2387 = ORIENTED_EDGE ( 'NONE', *, *, #3814, .F. ) ;
#2388 = DIRECTION ( 'NONE',  ( -0.000000000000000000, -0.000000000000000000, 1.000000000000000000 ) ) ;
#2389 = EDGE_CURVE ( 'NONE', #84, #2327, #871, .T. ) ;
#2390 = EDGE_CURVE ( 'NONE', #4298, #1765, #5417, .T. ) ;
#2391 = VECTOR ( 'NONE', #1369, 1000.000000000000000 ) ;
#2392 = LINE ( 'NONE', #7499, #7303 ) ;
#2393 = DIRECTION ( 'NONE',  ( 0.7071067811865474617, 0.7071067811865474617, 0.000000000000000000 ) ) ;
#2394 = B_SPLINE_SURFACE_WITH_KNOTS ( 'NONE', 1, 3, ( 
 ( #5843, #49, #7812, #4550, #5237, #5284, #7897, #7252, #1388, #3984 ),
 ( #5330, #5404, #1472, #258, #948, #4071, #2108, #170, #95, #8015 ) ),
 .UNSPECIFIED., .F., .F., .F.,
 ( 2, 2 ),
 ( 4, 2, 2, 2, 4 ),
 ( 0.000000000000000000, 1.000000000000000000 ),
 ( 1.570796326794893449, 1.767145867644282387, 1.963495408493671324, 2.159844949343060261, 2.356194490192449198 ),
 .UNSPECIFIED. ) ;
#2395 = CARTESIAN_POINT ( 'NONE',  ( -38.82730519403795455, -57.32551477007324792, -10.54661604757315096 ) ) ;
#2396 = ORIENTED_EDGE ( 'NONE', *, *, #5443, .T. ) ;
#2397 = PLANE ( 'NONE',  #3672 ) ;
#2398 = CYLINDRICAL_SURFACE ( 'NONE', #461, 0.9999999999999991118 ) ;
#2399 = ORIENTED_EDGE ( 'NONE', *, *, #3022, .T. ) ;
#2400 = LINE ( 'NONE', #6309, #6793 ) ;
#2401 = CARTESIAN_POINT ( 'NONE',  ( -40.64750026102538527, -56.85172499903239185, 10.01668686314887502 ) ) ;
#2402 = ORIENTED_EDGE ( 'NONE', *, *, #5004, .F. ) ;
#2403 = EDGE_CURVE ( 'NONE', #1051, #2709, #3904, .T. ) ;
#2404 = VERTEX_POINT ( 'NONE', #1526 ) ;
#2405 = CARTESIAN_POINT ( 'NONE',  ( -40.99791512390621051, 13.77738981431040699, 14.91421356237310292 ) ) ;
#2406 = CARTESIAN_POINT ( 'NONE',  ( 50.92608499445506709, -9.815503404503015616, -25.67867965644036587 ) ) ;
#2407 = ORIENTED_EDGE ( 'NONE', *, *, #450, .F. ) ;
#2408 = ORIENTED_EDGE ( 'NONE', *, *, #4587, .T. ) ;
#2409 = FACE_OUTER_BOUND ( 'NONE', #7770, .T. ) ;
#2410 = ORIENTED_EDGE ( 'NONE', *, *, #4539, .T. ) ;
#2411 = DIRECTION ( 'NONE',  ( 0.000000000000000000, 0.000000000000000000, 1.000000000000000000 ) ) ;
#2412 = DIRECTION ( 'NONE',  ( -0.000000000000000000, -1.000000000000000000, 0.000000000000000000 ) ) ;
#2413 = AXIS2_PLACEMENT_3D ( 'NONE', #7697, #6419, #7737 ) ;
#2414 = CIRCLE ( 'NONE', #485, 5.999999999999998224 ) ;
#2415 = VECTOR ( 'NONE', #8478, 1000.000000000000000 ) ;
#2416 = ORIENTED_EDGE ( 'NONE', *, *, #996, .F. ) ;
#2417 = ADVANCED_FACE ( 'NONE', ( #2877 ), #4083, .F. ) ;
#2418 = VECTOR ( 'NONE', #6122, 1000.000000000000114 ) ;
#2419 = LINE ( 'NONE', #8208, #4325 ) ;
#2420 = VERTEX_POINT ( 'NONE', #6827 ) ;
#2421 = ORIENTED_EDGE ( 'NONE', *, *, #6618, .F. ) ;
#2422 = LINE ( 'NONE', #6971, #6068 ) ;
#2423 = FACE_OUTER_BOUND ( 'NONE', #7829, .T. ) ;
#2424 = CARTESIAN_POINT ( 'NONE',  ( 47.92608499445506709, -8.522610185689574180, -15.12842712474621010 ) ) ;
#2425 = CARTESIAN_POINT ( 'NONE',  ( -0.8190397994978499963, -28.62261018568959514, 27.80000000000000071 ) ) ;
#2426 = LINE ( 'NONE', #3757, #1172 ) ;
#2427 = ADVANCED_FACE ( 'NONE', ( #2747 ), #831, .F. ) ;
#2428 = VERTEX_POINT ( 'NONE', #793 ) ;
#2429 = AXIS2_PLACEMENT_3D ( 'NONE', #5244, #7817, #5160 ) ;
#2430 = DIRECTION ( 'NONE',  ( 1.000000000000000000, 0.000000000000000000, 0.000000000000000000 ) ) ;
#2431 = ORIENTED_EDGE ( 'NONE', *, *, #1451, .T. ) ;
#2432 = LINE ( 'NONE', #4874, #3465 ) ;
#2433 = AXIS2_PLACEMENT_3D ( 'NONE', #1118, #4922, #419 ) ;
#2434 = CARTESIAN_POINT ( 'NONE',  ( 49.92608499445507420, -8.522610185689574180, 15.12842712474618878 ) ) ;
#2435 = CARTESIAN_POINT ( 'NONE',  ( -2.671886926795773221, -30.26091427426758429, 26.79999999999999005 ) ) ;
#2436 = ORIENTED_EDGE ( 'NONE', *, *, #978, .T. ) ;
#2437 = DIRECTION ( 'NONE',  ( -0.000000000000000000, -0.000000000000000000, -1.000000000000000000 ) ) ;
#2438 = B_SPLINE_CURVE_WITH_KNOTS ( 'NONE', 3,
 ( #7181, #8379, #7820, #8461, #5249, #7783, #1398, #6500, #3995, #3870, #2501, #1363, #617, #2671, #3179, #7863, #62, #6615, #2587, #7262, #1316, #7739, #3917, #5296, #6578, #5207, #1957, #3957, #751, #18, #3224, #5853, #575, #5118, #706 ),
 .UNSPECIFIED., .F., .F.,
 ( 4, 2, 1, 2, 2, 2, 1, 1, 2, 2, 2, 1, 1, 2, 2, 2, 1, 1, 2, 2, 4 ),
 ( 0.000000000000000000, 0.1250000000000306699, 0.1875000000000460187, 0.2187500000000647260, 0.2500000000000834333, 0.3750000000001254552, 0.4375000000001393330, 0.4687500000001405542, 0.4843750000001517120, 0.5000000000001628697, 0.6250000000002201572, 0.6875000000002596812, 0.7187500000002691181, 0.7343750000002636780, 0.7500000000002582379, 0.8125000000002118306, 0.8437500000001842970, 0.8593750000001705303, 0.8671875000001636469, 0.8750000000001568745, 1.000000000000000000 ),
 .UNSPECIFIED. ) ;
#2439 = EDGE_CURVE ( 'NONE', #7257, #3137, #4768, .T. ) ;
#2440 = DIRECTION ( 'NONE',  ( 0.4055797876726374707, -0.5792279653395655536, 0.7071067811865513475 ) ) ;
#2441 = ORIENTED_EDGE ( 'NONE', *, *, #5384, .F. ) ;
#2442 = EDGE_CURVE ( 'NONE', #8353, #4515, #2129, .T. ) ;
#2443 = CARTESIAN_POINT ( 'NONE',  ( -62.45967341942196072, -2.471820925021154025, 27.80000000000000071 ) ) ;
#2444 = ORIENTED_EDGE ( 'NONE', *, *, #7786, .F. ) ;
#2445 = VECTOR ( 'NONE', #8079, 1000.000000000000000 ) ;
#2446 = FACE_OUTER_BOUND ( 'NONE', #4147, .T. ) ;
#2447 = VERTEX_POINT ( 'NONE', #2836 ) ;
#2448 = ORIENTED_EDGE ( 'NONE', *, *, #4104, .T. ) ;
#2449 = LINE ( 'NONE', #1090, #1290 ) ;
#2450 = DIRECTION ( 'NONE',  ( 0.000000000000000000, -1.000000000000000000, 0.000000000000000000 ) ) ;
#2451 = ORIENTED_EDGE ( 'NONE', *, *, #7787, .T. ) ;
#2452 = ORIENTED_EDGE ( 'NONE', *, *, #5501, .T. ) ;
#2453 = CARTESIAN_POINT ( 'NONE',  ( -39.07391500554492580, -25.62261018568955251, 10.29999999999999538 ) ) ;
#2454 = EDGE_CURVE ( 'NONE', #2529, #6325, #6740, .T. ) ;
#2455 = DIRECTION ( 'NONE',  ( 0.000000000000000000, 0.000000000000000000, -1.000000000000000000 ) ) ;
#2456 = FACE_OUTER_BOUND ( 'NONE', #3334, .T. ) ;
#2457 = VERTEX_POINT ( 'NONE', #8070 ) ;
#2458 = CARTESIAN_POINT ( 'NONE',  ( 6.478343846023075336, -27.51617747706574235, 12.29999999999999538 ) ) ;
#2459 = ORIENTED_EDGE ( 'NONE', *, *, #6010, .F. ) ;
#2460 = CARTESIAN_POINT ( 'NONE',  ( -19.24895756195337881, 13.77738981431040699, -19.24895756195311236 ) ) ;
#2461 = ORIENTED_EDGE ( 'NONE', *, *, #2238, .F. ) ;
#2462 = DIRECTION ( 'NONE',  ( 0.000000000000000000, 0.000000000000000000, 1.000000000000000000 ) ) ;
#2463 = LINE ( 'NONE', #5642, #5546 ) ;
#2464 = EDGE_CURVE ( 'NONE', #42, #7644, #2205, .T. ) ;
#2465 = CARTESIAN_POINT ( 'NONE',  ( -39.07391500554492580, -25.62261018568955251, -10.30000000000000604 ) ) ;
#2466 = CARTESIAN_POINT ( 'NONE',  ( -2.671886926795777217, -30.26091427426757718, 12.29999999999999538 ) ) ;
#2467 = ORIENTED_EDGE ( 'NONE', *, *, #1170, .F. ) ;
#2468 = EDGE_LOOP ( 'NONE', ( #4285, #2962, #3633, #1382 ) ) ;
#2469 = B_SPLINE_CURVE_WITH_KNOTS ( 'NONE', 3,
 ( #152, #7952, #2722, #2130 ),
 .UNSPECIFIED., .F., .F.,
 ( 4, 4 ),
 ( 0.005398286116789714588, 0.005899303676670204950 ),
 .UNSPECIFIED. ) ;
#2470 = CARTESIAN_POINT ( 'NONE',  ( -39.99791512390620341, 13.77738981431040699, -1.085786437626897971 ) ) ;
#2471 = ADVANCED_FACE ( 'NONE', ( #309 ), #6190, .F. ) ;
#2472 = CARTESIAN_POINT ( 'NONE',  ( -58.96759953173464908, 6.091337094860836743, 26.80000000000001492 ) ) ;
#2473 = DIRECTION ( 'NONE',  ( 0.000000000000000000, 1.000000000000000000, 0.000000000000000000 ) ) ;
#2474 = ORIENTED_EDGE ( 'NONE', *, *, #7277, .T. ) ;
#2475 = DIRECTION ( 'NONE',  ( -1.000000000000000000, 6.672927148628872444E-17, -0.000000000000000000 ) ) ;
#2476 = CARTESIAN_POINT ( 'NONE',  ( -38.64749144189603669, -55.45130374739212442, -12.71421356237313383 ) ) ;
#2477 = ORIENTED_EDGE ( 'NONE', *, *, #5375, .T. ) ;
#2478 = CARTESIAN_POINT ( 'NONE',  ( -40.64749144189604380, -56.85171882381155939, 9.885786437626897794 ) ) ;
#2479 = VERTEX_POINT ( 'NONE', #7297 ) ;
#2480 = CARTESIAN_POINT ( 'NONE',  ( -38.97274782588622344, -57.52919482446770161, 10.32893798220563042 ) ) ;
#2481 = VERTEX_POINT ( 'NONE', #6661 ) ;
#2482 = ORIENTED_EDGE ( 'NONE', *, *, #8375, .T. ) ;
#2483 = LINE ( 'NONE', #7766, #2376 ) ;
#2484 = ADVANCED_FACE ( 'NONE', ( #3697 ), #4858, .T. ) ;
#2485 = CIRCLE ( 'NONE', #5639, 0.9999999999999991118 ) ;
#2486 = CARTESIAN_POINT ( 'NONE',  ( -39.07391500554492580, 0.000000000000000000, 0.000000000000000000 ) ) ;
#2487 = ORIENTED_EDGE ( 'NONE', *, *, #8365, .F. ) ;
#2488 = B_SPLINE_CURVE_WITH_KNOTS ( 'NONE', 3,
 ( #104, #2669, #6852, #2897 ),
 .UNSPECIFIED., .F., .F.,
 ( 4, 4 ),
 ( 0.000000000000000000, 1.000000000000000000 ),
 .UNSPECIFIED. ) ;
#2489 = ORIENTED_EDGE ( 'NONE', *, *, #6839, .T. ) ;
#2490 = CARTESIAN_POINT ( 'NONE',  ( 50.92608499445506709, -9.108396623316483698, -26.38578643762690490 ) ) ;
#2491 = VERTEX_POINT ( 'NONE', #1789 ) ;
#2492 = B_SPLINE_CURVE_WITH_KNOTS ( 'NONE', 3,
 ( #2583, #5891, #1993, #101, #4600, #3990, #614, #2075, #3220, #8456 ),
 .UNSPECIFIED., .F., .F.,
 ( 4, 2, 2, 2, 4 ),
 ( 0.000000000000000000, 0.1249999999999938383, 0.2499999999999876765, 0.4999999999999970024, 1.000000000000000000 ),
 .UNSPECIFIED. ) ;
#2493 = DIRECTION ( 'NONE',  ( 0.000000000000000000, 0.000000000000000000, 1.000000000000000000 ) ) ;
#2494 = EDGE_LOOP ( 'NONE', ( #1794, #5159, #3155, #7376 ) ) ;
#2495 = ADVANCED_FACE ( 'NONE', ( #1003 ), #6776, .T. ) ;
#2496 = ADVANCED_FACE ( 'NONE', ( #2456 ), #6384, .F. ) ;
#2497 = ORIENTED_EDGE ( 'NONE', *, *, #2454, .F. ) ;
#2498 = PLANE ( 'NONE',  #6369 ) ;
#2499 = FACE_OUTER_BOUND ( 'NONE', #7070, .T. ) ;
#2500 = ORIENTED_EDGE ( 'NONE', *, *, #3485, .F. ) ;
#2501 = CARTESIAN_POINT ( 'NONE',  ( -37.11935380203424728, -58.36544839255832073, -12.18824964911130060 ) ) ;
#2502 = DIRECTION ( 'NONE',  ( 0.000000000000000000, -1.000000000000000000, 0.000000000000000000 ) ) ;
#2503 = VECTOR ( 'NONE', #2952, 1000.000000000000000 ) ;
#2504 = EDGE_CURVE ( 'NONE', #3137, #3243, #1824, .T. ) ;
#2505 = EDGE_CURVE ( 'NONE', #4246, #3943, #4592, .T. ) ;
#2506 = DIRECTION ( 'NONE',  ( -0.000000000000000000, -0.000000000000000000, 1.000000000000000000 ) ) ;
#2507 = VECTOR ( 'NONE', #4064, 1000.000000000000000 ) ;
#2508 = CARTESIAN_POINT ( 'NONE',  ( -39.29800420993218069, -60.78989604631854604, 10.77208952664986619 ) ) ;
#2509 = VERTEX_POINT ( 'NONE', #4388 ) ;
#2510 = VECTOR ( 'NONE', #276, 1000.000000000000000 ) ;
#2511 =( NAMED_UNIT ( * ) SI_UNIT ( $, .STERADIAN. ) SOLID_ANGLE_UNIT ( ) );
#2512 = AXIS2_PLACEMENT_3D ( 'NONE', #2215, #6628, #239 ) ;
#2513 = CARTESIAN_POINT ( 'NONE',  ( -39.99791512390620341, 13.77738981431040699, 1.085786437626908185 ) ) ;
#2514 = ADVANCED_FACE ( 'NONE', ( #4940 ), #1100, .F. ) ;
#2515 = DIRECTION ( 'NONE',  ( 0.000000000000000000, 1.000000000000000000, 0.000000000000000000 ) ) ;
#2516 = LINE ( 'NONE', #5132, #906 ) ;
#2517 = LINE ( 'NONE', #5092, #4685 ) ;
#2518 = CARTESIAN_POINT ( 'NONE',  ( -41.41212868627932409, 13.77738981431040699, -17.50000000000000000 ) ) ;
#2519 = ORIENTED_EDGE ( 'NONE', *, *, #4072, .F. ) ;
#2520 = CARTESIAN_POINT ( 'NONE',  ( -39.07391500554492580, -25.62261018568955251, 12.29999999999999538 ) ) ;
#2521 = ORIENTED_EDGE ( 'NONE', *, *, #2976, .T. ) ;
#2522 = CARTESIAN_POINT ( 'NONE',  ( -37.20819622503460522, -58.48988214138093866, 12.13619727761917488 ) ) ;
#2523 = ORIENTED_EDGE ( 'NONE', *, *, #2890, .F. ) ;
#2524 = VERTEX_POINT ( 'NONE', #7603 ) ;
#2525 = CARTESIAN_POINT ( 'NONE',  ( 50.92608499445506709, -9.522610185689561746, -24.97157287525380198 ) ) ;
#2526 = CARTESIAN_POINT ( 'NONE',  ( -37.26969153928683909, -56.13445212173507315, 12.09510742230369829 ) ) ;
#2527 = ORIENTED_EDGE ( 'NONE', *, *, #2798, .F. ) ;
#2528 = CIRCLE ( 'NONE', #5277, 1.000000000000011324 ) ;
#2529 = VERTEX_POINT ( 'NONE', #7690 ) ;
#2530 = DIRECTION ( 'NONE',  ( -1.000000000000000000, 0.000000000000000000, 0.000000000000000000 ) ) ;
#2531 = CARTESIAN_POINT ( 'NONE',  ( -38.78102178673147904, -22.62261018568959514, 10.59289321881344215 ) ) ;
#2532 = AXIS2_PLACEMENT_3D ( 'NONE', #2672, #5986, #8462 ) ;
#2533 = DIRECTION ( 'NONE',  ( 0.000000000000000000, -0.000000000000000000, -1.000000000000000000 ) ) ;
#2534 = ADVANCED_FACE ( 'NONE', ( #8204 ), #1659, .T. ) ;
#2535 = AXIS2_PLACEMENT_3D ( 'NONE', #248, #6759, #892 ) ;
#2536 = EDGE_LOOP ( 'NONE', ( #4976, #7174, #3893, #5332 ) ) ;
#2537 = CARTESIAN_POINT ( 'NONE',  ( -37.18973680636819523, -56.02248300323435615, 12.14853146684047580 ) ) ;
#2538 = AXIS2_PLACEMENT_3D ( 'NONE', #1864, #3948, #4513 ) ;
#2539 = ORIENTED_EDGE ( 'NONE', *, *, #1572, .T. ) ;
#2540 = CARTESIAN_POINT ( 'NONE',  ( 47.92608499445506709, -9.108396623316474816, 26.38578643762690490 ) ) ;
#2541 = DIRECTION ( 'NONE',  ( -0.4999999999999917843, -0.7071067811865489050, 0.5000000000000064393 ) ) ;
#2542 = EDGE_LOOP ( 'NONE', ( #7698, #1543, #8152, #2922 ) ) ;
#2543 = LINE ( 'NONE', #5165, #8089 ) ;
#2544 = FACE_OUTER_BOUND ( 'NONE', #246, .T. ) ;
#2545 = EDGE_CURVE ( 'NONE', #5929, #1137, #6923, .T. ) ;
#2546 = AXIS2_PLACEMENT_3D ( 'NONE', #4704, #3411, #4663 ) ;
#2547 = EDGE_CURVE ( 'NONE', #1418, #4287, #8013, .T. ) ;
#2548 = VECTOR ( 'NONE', #6763, 1000.000000000000000 ) ;
#2549 = CARTESIAN_POINT ( 'NONE',  ( -39.99791512390620341, 13.77738981431040699, -1.085786437626897971 ) ) ;
#2550 = LINE ( 'NONE', #181, #5087 ) ;
#2551 = VECTOR ( 'NONE', #6063, 1000.000000000000114 ) ;
#2552 = EDGE_CURVE ( 'NONE', #4980, #3822, #1053, .T. ) ;
#2553 = CARTESIAN_POINT ( 'NONE',  ( -40.99791512390621051, 13.77738981431040699, 14.91421356237310292 ) ) ;
#2554 = DIRECTION ( 'NONE',  ( -0.000000000000000000, -0.000000000000000000, -1.000000000000000000 ) ) ;
#2555 = VECTOR ( 'NONE', #7347, 1000.000000000000000 ) ;
#2556 = CARTESIAN_POINT ( 'NONE',  ( -39.07391500554492580, -57.67087086810058594, 9.885786437626896017 ) ) ;
#2557 = CARTESIAN_POINT ( 'NONE',  ( -59.45967341942196782, 2.131715627355464271, -27.80000000000000071 ) ) ;
#2558 = CONICAL_SURFACE ( 'NONE', #792, 1.000000000000011324, 0.7853981633974458365 ) ;
#2559 = DIRECTION ( 'NONE',  ( -0.7071067811865574537, -0.000000000000000000, -0.7071067811865375807 ) ) ;
#2560 = DIRECTION ( 'NONE',  ( -3.469446951953587368E-15, 0.000000000000000000, 1.000000000000000000 ) ) ;
#2561 = VERTEX_POINT ( 'NONE', #3739 ) ;
#2562 = LINE ( 'NONE', #8394, #355 ) ;
#2563 = VERTEX_POINT ( 'NONE', #5727 ) ;
#2564 = EDGE_CURVE ( 'NONE', #5060, #1590, #7058, .T. ) ;
#2565 = CARTESIAN_POINT ( 'NONE',  ( -36.97067199542205174, -58.15721998274477755, 12.25056038513462120 ) ) ;
#2566 = VERTEX_POINT ( 'NONE', #6322 ) ;
#2567 = EDGE_LOOP ( 'NONE', ( #5500, #6399, #2774, #7933 ) ) ;
#2568 = CARTESIAN_POINT ( 'NONE',  ( -45.82754818765661042, 17.95916581580593885, -13.50000000000000178 ) ) ;
#2569 = LINE ( 'NONE', #3163, #6816 ) ;
#2570 = APPLICATION_CONTEXT ( 'automotive_design' ) ;
#2571 = VERTEX_POINT ( 'NONE', #5072 ) ;
#2572 = VERTEX_POINT ( 'NONE', #7519 ) ;
#2573 = ORIENTED_EDGE ( 'NONE', *, *, #1908, .T. ) ;
#2574 = DIRECTION ( 'NONE',  ( -1.000000000000000000, 0.000000000000000000, 0.000000000000000000 ) ) ;
#2575 = FACE_OUTER_BOUND ( 'NONE', #4619, .T. ) ;
#2577 = VECTOR ( 'NONE', #7834, 1000.000000000000000 ) ;
#2576 = CARTESIAN_POINT ( 'NONE',  ( -0.8190397994978499963, -28.62261018568959514, 27.80000000000000071 ) ) ;
#2578 = ORIENTED_EDGE ( 'NONE', *, *, #1635, .T. ) ;
#2579 = CARTESIAN_POINT ( 'NONE',  ( 47.92608499445506709, -11.35103731043577469, -12.30000000000000782 ) ) ;
#2580 = B_SPLINE_CURVE_WITH_KNOTS ( 'NONE', 1,
 ( #4231, #6933 ),
 .UNSPECIFIED., .F., .F.,
 ( 2, 2 ),
 ( 0.000000000000000000, 1.000000000000000000 ),
 .UNSPECIFIED. ) ;
#2581 = VERTEX_POINT ( 'NONE', #8334 ) ;
#2582 = AXIS2_PLACEMENT_3D ( 'NONE', #1837, #7788, #4524 ) ;
#2583 = CARTESIAN_POINT ( 'NONE',  ( -38.78102178673147904, -57.26069878869319041, -10.59289321881346524 ) ) ;
#2584 = ADVANCED_FACE ( 'NONE', ( #3785 ), #3626, .F. ) ;
#2585 = CARTESIAN_POINT ( 'NONE',  ( -3.819039799497872867, -28.62261018568959514, 27.80000000000000071 ) ) ;
#2586 = ORIENTED_EDGE ( 'NONE', *, *, #7695, .T. ) ;
#2587 = CARTESIAN_POINT ( 'NONE',  ( -36.93943371250668406, -58.11347285662043305, -12.26021746893446185 ) ) ;
#2588 = CARTESIAN_POINT ( 'NONE',  ( -37.36680822435838678, -56.27045579168038358, -12.00710678118656283 ) ) ;
#2589 = ADVANCED_FACE ( 'NONE', ( #531 ), #4895, .T. ) ;
#2590 = EDGE_CURVE ( 'NONE', #5452, #6181, #6517, .T. ) ;
#2591 = DIRECTION ( 'NONE',  ( 0.000000000000000000, 0.000000000000000000, 1.000000000000000000 ) ) ;
#2592 = CARTESIAN_POINT ( 'NONE',  ( -34.57541935706342429, 15.77738981431040699, -24.27867965644036019 ) ) ;
#2593 = CARTESIAN_POINT ( 'NONE',  ( 47.92608499445506709, -25.62261018568959159, 27.80000000000000071 ) ) ;
#2594 = LINE ( 'NONE', #1965, #6621 ) ;
#2595 = EDGE_CURVE ( 'NONE', #2563, #1951, #5634, .T. ) ;
#2596 = ADVANCED_FACE ( 'NONE', ( #3338 ), #5010, .F. ) ;
#2597 = EDGE_CURVE ( 'NONE', #3815, #3323, #3860, .T. ) ;
#2598 = LINE ( 'NONE', #5218, #6014 ) ;
#2599 = LINE ( 'NONE', #7148, #2280 ) ;
#2600 = CARTESIAN_POINT ( 'NONE',  ( -34.28252613824997042, 15.77738981431040699, -48.87167408952667813 ) ) ;
#2601 = DIRECTION ( 'NONE',  ( 0.000000000000000000, -1.000000000000000000, -1.734723475976733336E-15 ) ) ;
#2602 = ORIENTED_EDGE ( 'NONE', *, *, #1479, .T. ) ;
#2603 = CARTESIAN_POINT ( 'NONE',  ( -65.63123590226842907, -4.471820925021154025, -26.80000000000001847 ) ) ;
#2604 = CARTESIAN_POINT ( 'NONE',  ( -49.45967341942196072, -21.62261018568959159, -27.80000000000000071 ) ) ;
#2605 = ORIENTED_EDGE ( 'NONE', *, *, #1462, .T. ) ;
#2606 = DIRECTION ( 'NONE',  ( 0.000000000000000000, 0.000000000000000000, 1.000000000000000000 ) ) ;
#2607 = CIRCLE ( 'NONE', #5213, 4.999999999999984013 ) ;
#2608 = LINE ( 'NONE', #3204, #5737 ) ;
#2609 = ORIENTED_EDGE ( 'NONE', *, *, #3396, .F. ) ;
#2610 = EDGE_CURVE ( 'NONE', #7677, #1034, #1305, .T. ) ;
#2611 = ORIENTED_EDGE ( 'NONE', *, *, #1264, .T. ) ;
#2612 = DIRECTION ( 'NONE',  ( -0.000000000000000000, -0.000000000000000000, 1.000000000000000000 ) ) ;
#2613 = LINE ( 'NONE', #7127, #4836 ) ;
#2614 = CYLINDRICAL_SURFACE ( 'NONE', #6242, 5.999999999999998224 ) ;
#2616 = DIRECTION ( 'NONE',  ( -1.000000000000000000, 0.000000000000000000, 0.000000000000000000 ) ) ;
#2615 = UNCERTAINTY_MEASURE_WITH_UNIT (LENGTH_MEASURE( 1.000000000000000082E-05 ), #1185, 'distance_accuracy_value', 'NONE');
#2617 = ORIENTED_EDGE ( 'NONE', *, *, #1091, .T. ) ;
#2618 = VECTOR ( 'NONE', #4081, 1000.000000000000000 ) ;
#2619 = VERTEX_POINT ( 'NONE', #3823 ) ;
#2620 = PLANE ( 'NONE',  #2768 ) ;
#2621 = VERTEX_POINT ( 'NONE', #1263 ) ;
#2622 = DIRECTION ( 'NONE',  ( -0.7071067811865500152, 0.000000000000000000, -0.7071067811865450192 ) ) ;
#2623 = AXIS2_PLACEMENT_3D ( 'NONE', #2261, #2219, #1633 ) ;
#2624 = DIRECTION ( 'NONE',  ( -1.000000000000000000, 6.672927148628872444E-17, -0.000000000000000000 ) ) ;
#2625 = ORIENTED_EDGE ( 'NONE', *, *, #6451, .T. ) ;
#2626 = AXIS2_PLACEMENT_3D ( 'NONE', #4252, #350, #2367 ) ;
#2627 = CARTESIAN_POINT ( 'NONE',  ( -38.98549497561901234, -59.98859678470908108, -10.29816364043915655 ) ) ;
#2628 = CIRCLE ( 'NONE', #8381, 2.000000000000041744 ) ;
#2629 = FACE_OUTER_BOUND ( 'NONE', #5491, .T. ) ;
#2630 = EDGE_CURVE ( 'NONE', #1464, #8436, #1988, .T. ) ;
#2631 = CARTESIAN_POINT ( 'NONE',  ( -45.82754818765661042, 17.95916581580593885, -2.500000000000001332 ) ) ;
#2632 = AXIS2_PLACEMENT_3D ( 'NONE', #1391, #4641, #7175 ) ;
#2633 = DIRECTION ( 'NONE',  ( 0.000000000000000000, 0.000000000000000000, -1.000000000000000000 ) ) ;
#2634 = CARTESIAN_POINT ( 'NONE',  ( -48.00716143054185636, -60.74117637520251378, 27.79999999999993676 ) ) ;
#2635 = ADVANCED_FACE ( 'NONE', ( #2575 ), #2614, .T. ) ;
#2636 = ORIENTED_EDGE ( 'NONE', *, *, #5630, .T. ) ;
#2637 = DIRECTION ( 'NONE',  ( 1.000000000000000000, -6.672927148628873676E-17, 0.000000000000000000 ) ) ;
#2638 = CARTESIAN_POINT ( 'NONE',  ( 47.92608499445506709, -22.62261018568959514, 27.80000000000000071 ) ) ;
#2639 = DIRECTION ( 'NONE',  ( 0.7071067811865424657, -0.000000000000000000, -0.7071067811865526798 ) ) ;
#2640 = VECTOR ( 'NONE', #5093, 1000.000000000000000 ) ;
#2641 = LINE ( 'NONE', #7273, #5490 ) ;
#2642 = DIRECTION ( 'NONE',  ( 1.000000000000000000, 2.775557561562888984E-15, 0.000000000000000000 ) ) ;
#2643 = VERTEX_POINT ( 'NONE', #4593 ) ;
#2644 = VECTOR ( 'NONE', #5217, 1000.000000000000000 ) ;
#2645 = CARTESIAN_POINT ( 'NONE',  ( -54.45967341942196072, 2.131715627355464271, -12.49999999999998757 ) ) ;
#2646 = EDGE_CURVE ( 'NONE', #1852, #5766, #739, .T. ) ;
#2647 = EDGE_CURVE ( 'NONE', #4769, #1914, #3087, .T. ) ;
#2648 = DIRECTION ( 'NONE',  ( 1.000000000000000000, 0.000000000000000000, 0.000000000000000000 ) ) ;
#2649 = CLOSED_SHELL ( 'NONE', ( #1050, #7670, #2496, #1276, #3502, #402, #67, #5067, #1715, #3434, #2134, #140, #2953, #4049, #2225, #108, #4006, #362, #5547, #2427, #1523, #4293, #1355, #717, #6310, #8320, #6031, #3911, #622, #4256, #4439, #4227, #4827, #5243, #7965, #2248, #7153, #5649, #2856, #2635, #8132, #6380, #7486, #7361, #5803, #5664, #4574, #4304, #346, #2589, #5959, #6022, #2070, #4611, #3699, #1679, #2699, #3617, #5109, #1312, #8221, #5898, #4790, #7184, #6955, #783, #1970, #3344, #6519, #1301, #4656, #1770, #2161, #5021, #1313, #4429, #7293, #5171, #3756, #7434, #7948, #8082, #5256, #1197, #7742, #2769, #2417, #4537, #7311, #7694, #8473, #6915, #4346, #4781, #1236, #2117, #671, #1405, #6180, #2823, #3707, #5741, #7866, #1093, #2514, #2088, #6850, #4863, #3686, #409, #3423, #8212, #4528, #6956, #1637, #5344, #1926, #8366, #4487, #2584, #748, #3535, #3735, #3265, #7310, #1372, #2534, #6804, #5536, #5412, #7265, #657, #1493, #348, #7609, #7002, #156, #357, #2808, #6050, #6545, #7421, #5863, #7386, #7253, #3233, #8310, #3062, #6770, #1300, #2759, #333, #6495, #3213, #1342, #5084, #8064, #7108, #5376, #6709, #510, #3050, #4905, #3796, #4691, #621, #3646, #6467, #6938, #2758, #5432, #7559, #5170, #2471, #2260, #2252, #7419, #2712, #6581, #7544, #3748, #299, #6744, #7362, #202, #6355, #5997, #3997, #5793, #5478, #5702, #7373, #8049, #3883, #4189, #29, #3306, #4267, #1150, #5646, #3442, #961, #3380, #884, #3149, #6863, #6285, #2484, #612, #5561, #4166, #3176, #934, #4996, #6481, #6381, #7236, #676, #7475, #2721, #5151, #8383, #7566, #5488, #4727, #2186, #115, #716, #1962, #5749, #1242, #240, #1894, #1020, #5763, #6887, #8233, #3103, #3394, #6160, #1580, #670, #1836, #7150, #1254, #3488, #5209, #2495, #4402, #6782, #2596, #5683, #7998, #990, #2035, #5906, #4961, #4392, #5856, #171, #4370, #1872, #4459, #1890, #6783, #7168, #7057, #3959, #5703, #2149, #7793, #5595, #2800, #1353, #4086, #458, #1861, #3016, #6430, #7762, #3034 ) ) ;
#2650 = ORIENTED_EDGE ( 'NONE', *, *, #5501, .F. ) ;
#2651 = VECTOR ( 'NONE', #5236, 1000.000000000000000 ) ;
#2652 = ORIENTED_EDGE ( 'NONE', *, *, #3414, .F. ) ;
#2653 = CARTESIAN_POINT ( 'NONE',  ( -38.24076354022798796, -55.16650980464393683, 13.04753406610567090 ) ) ;
#2654 = CARTESIAN_POINT ( 'NONE',  ( -61.91322812304456846, -22.53457214412143372, -128.0398730914872374 ) ) ;
#2655 = VECTOR ( 'NONE', #4909, 1000.000000000000000 ) ;
#2656 = ORIENTED_EDGE ( 'NONE', *, *, #2597, .T. ) ;
#2657 = ORIENTED_EDGE ( 'NONE', *, *, #6849, .F. ) ;
#2658 = DIRECTION ( 'NONE',  ( 0.000000000000000000, 1.000000000000000000, -8.673617379884060124E-17 ) ) ;
#2659 = CARTESIAN_POINT ( 'NONE',  ( -47.23758846049647531, 13.77738981431040699, -13.50000000000000178 ) ) ;
#2660 = CARTESIAN_POINT ( 'NONE',  ( -54.45967341942196072, 2.131715627355464271, 27.80000000000000071 ) ) ;
#2661 = EDGE_CURVE ( 'NONE', #4468, #1164, #7215, .T. ) ;
#2662 = PLANE ( 'NONE',  #5966 ) ;
#2663 = ORIENTED_EDGE ( 'NONE', *, *, #3396, .T. ) ;
#2664 = CARTESIAN_POINT ( 'NONE',  ( -58.21627851301587953, 5.431400183609944143, 27.80000000000000071 ) ) ;
#2665 = ORIENTED_EDGE ( 'NONE', *, *, #895, .T. ) ;
#2666 = CIRCLE ( 'NONE', #755, 4.999999999999984013 ) ;
#2667 = CARTESIAN_POINT ( 'NONE',  ( -51.50055716134375672, 13.07707437056487620, 2.499999999999999556 ) ) ;
#2668 = ORIENTED_EDGE ( 'NONE', *, *, #7264, .F. ) ;
#2669 = CARTESIAN_POINT ( 'NONE',  ( -36.85089358862219200, -55.00716211323940286, 12.63333333333334529 ) ) ;
#2670 = ORIENTED_EDGE ( 'NONE', *, *, #6544, .F. ) ;
#2671 = CARTESIAN_POINT ( 'NONE',  ( -37.05830532915861397, -58.27997103992341010, -12.21713331979629302 ) ) ;
#2672 = CARTESIAN_POINT ( 'NONE',  ( -41.41212868627932409, 14.77738981431039100, 14.49999999999999822 ) ) ;
#2673 = VECTOR ( 'NONE', #5406, 1000.000000000000000 ) ;
#2674 = AXIS2_PLACEMENT_3D ( 'NONE', #2334, #6868, #489 ) ;
#2675 = EDGE_CURVE ( 'NONE', #5766, #3992, #8298, .T. ) ;
#2676 = AXIS2_PLACEMENT_3D ( 'NONE', #2265, #2388, #375 ) ;
#2677 = CARTESIAN_POINT ( 'NONE',  ( -39.07391500554492580, 5.536000648959316095, -12.30000000000000604 ) ) ;
#2678 = ORIENTED_EDGE ( 'NONE', *, *, #5613, .F. ) ;
#2679 = AXIS2_PLACEMENT_3D ( 'NONE', #7557, #441, #4428 ) ;
#2680 = VERTEX_POINT ( 'NONE', #5927 ) ;
#2681 = DIRECTION ( 'NONE',  ( -0.7071067811865493491, 0.000000000000000000, -0.7071067811865456854 ) ) ;
#2682 = VECTOR ( 'NONE', #7260, 1000.000000000000000 ) ;
#2683 = ORIENTED_EDGE ( 'NONE', *, *, #7420, .F. ) ;
#2684 = AXIS2_PLACEMENT_3D ( 'NONE', #7837, #685, #3156 ) ;
#2685 = PLANE ( 'NONE',  #5394 ) ;
#2686 = LINE ( 'NONE', #5311, #7105 ) ;
#2687 = EDGE_CURVE ( 'NONE', #14, #7037, #4179, .T. ) ;
#2688 = CARTESIAN_POINT ( 'NONE',  ( -0.000000000000000000, -25.62261018568959869, -27.80000000000000071 ) ) ;
#2689 = DIRECTION ( 'NONE',  ( -0.5312641871840362295, 0.4666458651008139058, -0.7071067811865464625 ) ) ;
#2690 = DIRECTION ( 'NONE',  ( 0.5508055290647194679, 0.6270777769172409810, -0.5508055290647194679 ) ) ;
#2691 = ORIENTED_EDGE ( 'NONE', *, *, #8256, .F. ) ;
#2692 = CARTESIAN_POINT ( 'NONE',  ( -41.95408520199404734, -62.64970397905579347, -27.80000000000003268 ) ) ;
#2693 = DIRECTION ( 'NONE',  ( -0.7071067811865450192, -0.5000000000000001110, 0.5000000000000035527 ) ) ;
#2694 = ORIENTED_EDGE ( 'NONE', *, *, #4103, .T. ) ;
#2695 = ORIENTED_EDGE ( 'NONE', *, *, #7683, .T. ) ;
#2696 = DIRECTION ( 'NONE',  ( 0.000000000000000000, 1.000000000000000000, 1.143648588528323197E-16 ) ) ;
#2697 = CARTESIAN_POINT ( 'NONE',  ( 47.92608499445506709, -8.522610185689574180, 27.80000000000000071 ) ) ;
#2698 = EDGE_CURVE ( 'NONE', #911, #2619, #2938, .T. ) ;
#2699 = ADVANCED_FACE ( 'NONE', ( #7128 ), #6487, .F. ) ;
#2700 = ORIENTED_EDGE ( 'NONE', *, *, #5692, .T. ) ;
#2701 = DIRECTION ( 'NONE',  ( 1.000000000000000000, 0.000000000000000000, 0.000000000000000000 ) ) ;
#2702 = CARTESIAN_POINT ( 'NONE',  ( -39.07391500554492580, -60.11242004562343055, -9.885786437626912004 ) ) ;
#2703 = LINE ( 'NONE', #1555, #6646 ) ;
#2704 = AXIS2_PLACEMENT_3D ( 'NONE', #3597, #863, #6097 ) ;
#2705 = LINE ( 'NONE', #5199, #1319 ) ;
#2706 = VERTEX_POINT ( 'NONE', #3256 ) ;
#2707 = ORIENTED_EDGE ( 'NONE', *, *, #3109, .F. ) ;
#2708 = DIRECTION ( 'NONE',  ( 0.000000000000000000, -0.000000000000000000, -1.000000000000000000 ) ) ;
#2709 = VERTEX_POINT ( 'NONE', #5886 ) ;
#2710 = FACE_OUTER_BOUND ( 'NONE', #7422, .T. ) ;
#2711 = ORIENTED_EDGE ( 'NONE', *, *, #6450, .F. ) ;
#2712 = ADVANCED_FACE ( 'NONE', ( #3211 ), #6569, .F. ) ;
#2713 = VECTOR ( 'NONE', #7451, 1000.000000000000000 ) ;
#2714 = LINE ( 'NONE', #3302, #5429 ) ;
#2715 = EDGE_LOOP ( 'NONE', ( #735, #956, #651, #1854 ) ) ;
#2716 = CARTESIAN_POINT ( 'NONE',  ( -60.45967341942196072, 2.131715627355464271, -3.500000000000013767 ) ) ;
#2717 = CARTESIAN_POINT ( 'NONE',  ( -58.96759953173464908, 6.091337094860837631, 3.500000000000017319 ) ) ;
#2718 = AXIS2_PLACEMENT_3D ( 'NONE', #5433, #8041, #2180 ) ;
#2719 = CARTESIAN_POINT ( 'NONE',  ( 0.000000000000000000, 13.77738981431040699, 0.000000000000000000 ) ) ;
#2720 = ORIENTED_EDGE ( 'NONE', *, *, #8048, .T. ) ;
#2721 = ADVANCED_FACE ( 'NONE', ( #4471 ), #2394, .T. ) ;
#2722 = CARTESIAN_POINT ( 'NONE',  ( -59.54420031073707520, 2.343113931407020623, 2.587649848812556552 ) ) ;
#2723 = ORIENTED_EDGE ( 'NONE', *, *, #837, .T. ) ;
#2724 = DIRECTION ( 'NONE',  ( 0.000000000000000000, 0.000000000000000000, 1.000000000000000000 ) ) ;
#2725 = DIRECTION ( 'NONE',  ( -3.081487911019577023E-33, -0.7071067811865500152, -0.7071067811865451302 ) ) ;
#2726 = CARTESIAN_POINT ( 'NONE',  ( -41.41212868627932409, 17.95916581580593885, 14.49999999999999822 ) ) ;
#2727 = DIRECTION ( 'NONE',  ( 9.158464420884415348E-17, 1.042667367333023879E-16, 1.000000000000000000 ) ) ;
#2728 = ORIENTED_EDGE ( 'NONE', *, *, #5216, .T. ) ;
#2729 = DIRECTION ( 'NONE',  ( 0.000000000000000000, -1.000000000000000000, 1.042667367333023879E-16 ) ) ;
#2730 = LINE ( 'NONE', #163, #2002 ) ;
#2731 = EDGE_CURVE ( 'NONE', #1765, #6715, #7329, .T. ) ;
#2732 = EDGE_LOOP ( 'NONE', ( #1900, #7721, #3005, #5700, #146, #3888, #6662 ) ) ;
#2733 = CARTESIAN_POINT ( 'NONE',  ( -40.70502190509273532, 13.77738981431040699, 18.20710678118653902 ) ) ;
#2734 = LINE ( 'NONE', #1720, #3665 ) ;
#2735 = ORIENTED_EDGE ( 'NONE', *, *, #6100, .T. ) ;
#2736 = DIRECTION ( 'NONE',  ( 1.000000000000000000, -6.672927148628872444E-17, 0.000000000000000000 ) ) ;
#2737 = CARTESIAN_POINT ( 'NONE',  ( -1.819039799497873089, -28.62261018568959514, 26.79999999999998650 ) ) ;
#2738 = FACE_OUTER_BOUND ( 'NONE', #4897, .T. ) ;
#2739 = DIRECTION ( 'NONE',  ( -0.000000000000000000, -0.000000000000000000, -1.000000000000000000 ) ) ;
#2740 = EDGE_CURVE ( 'NONE', #3320, #2868, #2703, .T. ) ;
#2741 = ORIENTED_EDGE ( 'NONE', *, *, #1325, .T. ) ;
#2742 = DIRECTION ( 'NONE',  ( -0.6599369112508957080, -0.7513210187187813194, 1.387778780781445676E-16 ) ) ;
#2743 = ORIENTED_EDGE ( 'NONE', *, *, #7102, .F. ) ;
#2744 = DIRECTION ( 'NONE',  ( -0.000000000000000000, 1.000000000000000000, -0.000000000000000000 ) ) ;
#2745 = ORIENTED_EDGE ( 'NONE', *, *, #7012, .F. ) ;
#2746 = CARTESIAN_POINT ( 'NONE',  ( -36.92377425884850339, -55.64999375003499438, -12.26505775404224963 ) ) ;
#2747 = FACE_OUTER_BOUND ( 'NONE', #2773, .T. ) ;
#2748 = CIRCLE ( 'NONE', #1266, 2.000000000000001776 ) ;
#2749 = EDGE_CURVE ( 'NONE', #3258, #3100, #3551, .T. ) ;
#2750 = EDGE_CURVE ( 'NONE', #4886, #923, #2153, .T. ) ;
#2751 = CARTESIAN_POINT ( 'NONE',  ( -39.58370156153311825, 15.77738981431040699, 13.49999999999996980 ) ) ;
#2752 = VECTOR ( 'NONE', #3169, 999.9999999999998863 ) ;
#2753 = DIRECTION ( 'NONE',  ( 1.000000000000000000, -5.782411586589358033E-15, 0.000000000000000000 ) ) ;
#2754 = VERTEX_POINT ( 'NONE', #4025 ) ;
#2755 = CYLINDRICAL_SURFACE ( 'NONE', #8426, 2.000000000000000000 ) ;
#2756 = DIRECTION ( 'NONE',  ( 0.000000000000000000, 0.000000000000000000, 1.000000000000000000 ) ) ;
#2757 = EDGE_LOOP ( 'NONE', ( #4292, #3456, #3555, #1330 ) ) ;
#2758 = ADVANCED_FACE ( 'NONE', ( #6725 ), #7936, .F. ) ;
#2759 = ADVANCED_FACE ( 'NONE', ( #6647 ), #6769, .T. ) ;
#2760 = LINE ( 'NONE', #1537, #6362 ) ;
#2761 = FACE_OUTER_BOUND ( 'NONE', #105, .T. ) ;
#2762 = DIRECTION ( 'NONE',  ( 0.000000000000000000, -1.372378306233988674E-16, 1.000000000000000000 ) ) ;
#2763 = CARTESIAN_POINT ( 'NONE',  ( -59.54420031073706809, 2.343113931407025063, -18.58764984881255700 ) ) ;
#2764 = ORIENTED_EDGE ( 'NONE', *, *, #8448, .F. ) ;
#2765 = CARTESIAN_POINT ( 'NONE',  ( -47.74395206774986633, 15.77738981431040699, -12.49999999999998757 ) ) ;
#2766 = B_SPLINE_CURVE_WITH_KNOTS ( 'NONE', 1,
 ( #3282, #2478 ),
 .UNSPECIFIED., .F., .F.,
 ( 2, 2 ),
 ( 0.000000000000000000, 1.000000000000000000 ),
 .UNSPECIFIED. ) ;
#2767 = LINE ( 'NONE', #3450, #5828 ) ;
#2768 = AXIS2_PLACEMENT_3D ( 'NONE', #8454, #3865, #3260 ) ;
#2769 = ADVANCED_FACE ( 'NONE', ( #2865 ), #7286, .F. ) ;
#2770 = DIRECTION ( 'NONE',  ( 0.000000000000000000, -0.000000000000000000, -1.000000000000000000 ) ) ;
#2771 = CIRCLE ( 'NONE', #6619, 4.999999999999984013 ) ;
#2772 = DIRECTION ( 'NONE',  ( 0.7071067811865574537, 0.000000000000000000, 0.7071067811865375807 ) ) ;
#2773 = EDGE_LOOP ( 'NONE', ( #3940, #3732, #3009, #4989 ) ) ;
#2774 = ORIENTED_EDGE ( 'NONE', *, *, #222, .F. ) ;
#2775 = VECTOR ( 'NONE', #1591, 1000.000000000000114 ) ;
#2776 = CARTESIAN_POINT ( 'NONE',  ( -40.99791512390621051, 15.77738981431040699, -1.085786437626898193 ) ) ;
#2777 = CARTESIAN_POINT ( 'NONE',  ( -37.36680822435838678, -58.71200496920399559, 12.00710678118653973 ) ) ;
#2778 = DIRECTION ( 'NONE',  ( 0.5312641871840342311, -0.4666458651008150715, 0.7071067811865471286 ) ) ;
#2779 = VECTOR ( 'NONE', #6943, 1000.000000000000000 ) ;
#2780 = DIRECTION ( 'NONE',  ( 0.000000000000000000, -0.7071067811865477948, -0.7071067811865473507 ) ) ;
#2781 = CIRCLE ( 'NONE', #2381, 3.000000000000044409 ) ;
#2782 = VERTEX_POINT ( 'NONE', #782 ) ;
#2783 = DIRECTION ( 'NONE',  ( -0.7071067811865501263, 0.4999999999999968914, 0.4999999999999993339 ) ) ;
#2784 = VERTEX_POINT ( 'NONE', #7457 ) ;
#2785 = CARTESIAN_POINT ( 'NONE',  ( -38.97165041862865564, -57.52765174810032534, 10.32753529015717220 ) ) ;
#2786 = B_SPLINE_CURVE_WITH_KNOTS ( 'NONE', 3,
 ( #2098, #1505, #8003, #4062 ),
 .UNSPECIFIED., .F., .F.,
 ( 4, 4 ),
 ( 0.000000000000000000, 0.0005010175598804760509 ),
 .UNSPECIFIED. ) ;
#2787 = ORIENTED_EDGE ( 'NONE', *, *, #4288, .F. ) ;
#2788 = EDGE_CURVE ( 'NONE', #2404, #7517, #1092, .T. ) ;
#2789 = CARTESIAN_POINT ( 'NONE',  ( -37.14814283730987654, -55.96421595263760906, -12.17275009862310142 ) ) ;
#2790 = DIRECTION ( 'NONE',  ( -0.6599369112508958191, -0.7513210187187812084, 0.000000000000000000 ) ) ;
#2791 = DIRECTION ( 'NONE',  ( 0.000000000000000000, 0.7071067811865474617, -0.7071067811865474617 ) ) ;
#2792 = CIRCLE ( 'NONE', #7596, 15.99999999999998934 ) ;
#2793 = PRESENTATION_LAYER_ASSIGNMENT (  '', '', ( #3499 ) ) ;
#2794 = CARTESIAN_POINT ( 'NONE',  ( -37.36680822435838678, -58.71200496920399559, 12.00710678118653973 ) ) ;
#2795 = DIRECTION ( 'NONE',  ( -0.000000000000000000, -1.000000000000000000, 0.000000000000000000 ) ) ;
#2796 = AXIS2_PLACEMENT_3D ( 'NONE', #4752, #7369, #5527 ) ;
#2797 = ORIENTED_EDGE ( 'NONE', *, *, #8428, .F. ) ;
#2798 = EDGE_CURVE ( 'NONE', #6446, #5495, #3384, .T. ) ;
#2799 = CARTESIAN_POINT ( 'NONE',  ( -47.23758846049647531, 8.777389814310406990, 13.50000000000000000 ) ) ;
#2800 = ADVANCED_FACE ( 'NONE', ( #2738 ), #5364, .T. ) ;
#2801 = AXIS2_PLACEMENT_3D ( 'NONE', #1666, #2341, #4947 ) ;
#2802 = CARTESIAN_POINT ( 'NONE',  ( -56.31229685597796930, -28.62261018568959514, -27.80000000000000071 ) ) ;
#2803 = AXIS2_PLACEMENT_3D ( 'NONE', #2604, #5225, #2648 ) ;
#2804 = LINE ( 'NONE', #8040, #6501 ) ;
#2805 = AXIS2_PLACEMENT_3D ( 'NONE', #5034, #4985, #3092 ) ;
#2806 = PLANE ( 'NONE',  #535 ) ;
#2807 = CARTESIAN_POINT ( 'NONE',  ( -40.70502190509278506, 13.77738981431040699, -18.20710678118656389 ) ) ;
#2808 = ADVANCED_FACE ( 'NONE', ( #7330 ), #4041, .F. ) ;
#2809 = CARTESIAN_POINT ( 'NONE',  ( 49.92608499445506709, 5.536000648959316095, 12.29999999999999893 ) ) ;
#2810 = AXIS2_PLACEMENT_3D ( 'NONE', #4617, #7755, #5179 ) ;
#2811 = ORIENTED_EDGE ( 'NONE', *, *, #128, .T. ) ;
#2812 = VECTOR ( 'NONE', #3358, 1000.000000000000000 ) ;
#2813 = CARTESIAN_POINT ( 'NONE',  ( -41.41212868627932409, 15.77738981431040699, -17.50000000000000000 ) ) ;
#2814 = VECTOR ( 'NONE', #6680, 1000.000000000000000 ) ;
#2815 = LINE ( 'NONE', #7401, #3084 ) ;
#2816 = DIRECTION ( 'NONE',  ( 0.000000000000000000, 1.000000000000000000, -8.673617379884034239E-17 ) ) ;
#2817 = VECTOR ( 'NONE', #7490, 1000.000000000000000 ) ;
#2818 = DIRECTION ( 'NONE',  ( -1.000000000000000000, 0.000000000000000000, 0.000000000000000000 ) ) ;
#2819 = ORIENTED_EDGE ( 'NONE', *, *, #148, .T. ) ;
#2820 = VERTEX_POINT ( 'NONE', #6048 ) ;
#2821 = CARTESIAN_POINT ( 'NONE',  ( -37.36680822435838678, -58.71200496920402401, 12.00710678118653796 ) ) ;
#2822 = LINE ( 'NONE', #6688, #4568 ) ;
#2823 = ADVANCED_FACE ( 'NONE', ( #213 ), #2824, .F. ) ;
#2824 = PLANE ( 'NONE',  #1186 ) ;
#2825 = FACE_OUTER_BOUND ( 'NONE', #6541, .T. ) ;
#2826 = ORIENTED_EDGE ( 'NONE', *, *, #8422, .T. ) ;
#2827 = DIRECTION ( 'NONE',  ( 0.000000000000000000, 0.000000000000000000, 1.000000000000000000 ) ) ;
#2828 = ORIENTED_EDGE ( 'NONE', *, *, #6205, .T. ) ;
#2829 = CARTESIAN_POINT ( 'NONE',  ( -47.74395206774986633, 9.777389814310405214, 12.49999999999998579 ) ) ;
#2830 = VECTOR ( 'NONE', #3659, 1000.000000000000114 ) ;
#2831 = ORIENTED_EDGE ( 'NONE', *, *, #7949, .F. ) ;
#2832 = DIRECTION ( 'NONE',  ( -0.5000000000000041078, 0.7071067811865503483, 0.4999999999999918399 ) ) ;
#2833 = VERTEX_POINT ( 'NONE', #4150 ) ;
#2834 = VECTOR ( 'NONE', #2236, 1000.000000000000000 ) ;
#2835 = LINE ( 'NONE', #6506, #4944 ) ;
#2836 = CARTESIAN_POINT ( 'NONE',  ( -50.99419355409038701, 12.07707437056488864, -13.50000000000000000 ) ) ;
#2837 = ORIENTED_EDGE ( 'NONE', *, *, #8029, .F. ) ;
#2838 = EDGE_CURVE ( 'NONE', #3135, #1030, #5487, .T. ) ;
#2839 = CARTESIAN_POINT ( 'NONE',  ( -41.41212868627932409, 15.77738981431040699, 14.49999999999999822 ) ) ;
#2840 = VECTOR ( 'NONE', #3376, 1000.000000000000000 ) ;
#2841 = CARTESIAN_POINT ( 'NONE',  ( -65.63123590226842907, -6.471820925021154025, 26.80000000000007532 ) ) ;
#2842 = VERTEX_POINT ( 'NONE', #7545 ) ;
#2843 = DIRECTION ( 'NONE',  ( -0.7071067811865500152, 0.000000000000000000, -0.7071067811865450192 ) ) ;
#2844 = DIRECTION ( 'NONE',  ( 0.000000000000000000, 1.000000000000000000, 0.000000000000000000 ) ) ;
#2845 = VECTOR ( 'NONE', #2725, 1000.000000000000114 ) ;
#2846 = DIRECTION ( 'NONE',  ( 1.000000000000000000, -6.672927148628873676E-17, -1.769587785468722152E-32 ) ) ;
#2847 = EDGE_CURVE ( 'NONE', #5100, #6374, #5978, .T. ) ;
#2848 = EDGE_CURVE ( 'NONE', #2911, #6181, #6856, .T. ) ;
#2849 = CARTESIAN_POINT ( 'NONE',  ( 47.92608499445506709, -9.936823748062684203, 12.88578643762689779 ) ) ;
#2850 = DIRECTION ( 'NONE',  ( 8.763851654838594627E-15, -1.000000000000000000, 0.000000000000000000 ) ) ;
#2851 = CARTESIAN_POINT ( 'NONE',  ( -36.09673970062306125, 14.77738981431041232, -27.21421356237308942 ) ) ;
#2852 = FACE_OUTER_BOUND ( 'NONE', #1983, .T. ) ;
#2853 = ORIENTED_EDGE ( 'NONE', *, *, #285, .F. ) ;
#2854 = LINE ( 'NONE', #8085, #2142 ) ;
#2855 = CARTESIAN_POINT ( 'NONE',  ( -37.36680822435838678, -25.62261018568955251, 12.00710678118654329 ) ) ;
#2856 = ADVANCED_FACE ( 'NONE', ( #1727, #1125 ), #1810, .F. ) ;
#2857 = EDGE_CURVE ( 'NONE', #2524, #7517, #5059, .T. ) ;
#2858 = EDGE_LOOP ( 'NONE', ( #3172, #6192, #8074, #1790 ) ) ;
#2859 = CARTESIAN_POINT ( 'NONE',  ( -58.21627851301587953, 5.431400183609945920, -27.80000000000000071 ) ) ;
#2860 = DIRECTION ( 'NONE',  ( -0.000000000000000000, 1.000000000000000000, -2.168404344970976821E-16 ) ) ;
#2861 = CARTESIAN_POINT ( 'NONE',  ( -40.58352459645212207, -56.80692875643624262, -10.40435229262812555 ) ) ;
#2862 = ORIENTED_EDGE ( 'NONE', *, *, #1221, .F. ) ;
#2863 = DIRECTION ( 'NONE',  ( 0.000000000000000000, 1.000000000000000000, 0.000000000000000000 ) ) ;
#2864 = LINE ( 'NONE', #7410, #877 ) ;
#2865 = FACE_OUTER_BOUND ( 'NONE', #4974, .T. ) ;
#2866 = DIRECTION ( 'NONE',  ( -1.000000000000000000, 0.000000000000000000, 0.000000000000000000 ) ) ;
#2867 = EDGE_CURVE ( 'NONE', #7023, #7555, #3725, .T. ) ;
#2868 = VERTEX_POINT ( 'NONE', #477 ) ;
#2869 = LINE ( 'NONE', #2907, #7019 ) ;
#2870 = ORIENTED_EDGE ( 'NONE', *, *, #4228, .T. ) ;
#2871 = EDGE_CURVE ( 'NONE', #8098, #5393, #3501, .T. ) ;
#2872 = CARTESIAN_POINT ( 'NONE',  ( -41.41212868627928856, 17.95916581580593885, -13.50000000000000178 ) ) ;
#2873 = ORIENTED_EDGE ( 'NONE', *, *, #5121, .F. ) ;
#2874 = CARTESIAN_POINT ( 'NONE',  ( -37.10492107732392952, -55.90368763209998093, -12.19601919509681132 ) ) ;
#2875 = ORIENTED_EDGE ( 'NONE', *, *, #3292, .F. ) ;
#2876 = LINE ( 'NONE', #957, #431 ) ;
#2877 = FACE_OUTER_BOUND ( 'NONE', #5956, .T. ) ;
#2878 = ORIENTED_EDGE ( 'NONE', *, *, #4358, .F. ) ;
#2879 = ORIENTED_EDGE ( 'NONE', *, *, #3629, .T. ) ;
#2880 = LINE ( 'NONE', #4169, #5434 ) ;
#2881 = DIRECTION ( 'NONE',  ( 1.000000000000000000, 0.000000000000000000, -9.158464420884415348E-17 ) ) ;
#2882 = EDGE_LOOP ( 'NONE', ( #557, #787, #3728, #1683 ) ) ;
#2883 = CARTESIAN_POINT ( 'NONE',  ( -38.78102178673147904, 1.453745685375270593E-15, -10.59289321881345636 ) ) ;
#2884 = CARTESIAN_POINT ( 'NONE',  ( 49.92608499445507420, -8.522610185689574180, 24.97157287525381619 ) ) ;
#2885 = CARTESIAN_POINT ( 'NONE',  ( -41.41212868627932409, 17.95916581580593885, -17.50000000000000000 ) ) ;
#2886 = CARTESIAN_POINT ( 'NONE',  ( -47.74395206774986633, 9.777389814310405214, 3.500000000000013323 ) ) ;
#2887 = CARTESIAN_POINT ( 'NONE',  ( -37.75184373430617768, -54.82416447095745582, -13.23603315459950025 ) ) ;
#2888 = CARTESIAN_POINT ( 'NONE',  ( -39.21605619342790305, -60.38547072705309660, -9.885786437626913781 ) ) ;
#2889 = CARTESIAN_POINT ( 'NONE',  ( 15.65556682763982366, -24.62261018568958804, 12.29999999999999538 ) ) ;
#2890 = EDGE_CURVE ( 'NONE', #1400, #3692, #3227, .T. ) ;
#2891 = ORIENTED_EDGE ( 'NONE', *, *, #5265, .F. ) ;
#2892 = DIRECTION ( 'NONE',  ( 0.7071067811865474617, 0.000000000000000000, 0.7071067811865474617 ) ) ;
#2893 = CARTESIAN_POINT ( 'NONE',  ( 49.92608499445507420, -9.936823748062684203, -12.88578643762691023 ) ) ;
#2894 = ORIENTED_EDGE ( 'NONE', *, *, #771, .F. ) ;
#2895 = CARTESIAN_POINT ( 'NONE',  ( -38.78102178673147904, -59.70224796621606345, -10.59289321881346169 ) ) ;
#2896 = DIRECTION ( 'NONE',  ( -1.000000000000000000, 0.000000000000000000, 0.000000000000000000 ) ) ;
#2897 = CARTESIAN_POINT ( 'NONE',  ( -37.23327787952291601, -54.46106075038005656, 13.30000000000003091 ) ) ;
#2898 = ORIENTED_EDGE ( 'NONE', *, *, #4852, .T. ) ;
#2899 = CARTESIAN_POINT ( 'NONE',  ( -36.21702543234276561, -58.63257148118629658, 13.30000881912931554 ) ) ;
#2900 = EDGE_CURVE ( 'NONE', #2479, #3851, #4332, .T. ) ;
#2901 = CARTESIAN_POINT ( 'NONE',  ( -38.07391500554492580, 1.356703884706134746E-15, -9.885786437626908452 ) ) ;
#2902 = EDGE_CURVE ( 'NONE', #7290, #7124, #2011, .T. ) ;
#2903 = VECTOR ( 'NONE', #6731, 1000.000000000000114 ) ;
#2904 = CARTESIAN_POINT ( 'NONE',  ( -35.28252613824998463, 14.77738981431041232, 23.57157287525381406 ) ) ;
#2905 = CARTESIAN_POINT ( 'NONE',  ( -65.63123590226842907, -5.471820925021146920, 27.80000000000000071 ) ) ;
#2906 = ORIENTED_EDGE ( 'NONE', *, *, #1371, .T. ) ;
#2907 = CARTESIAN_POINT ( 'NONE',  ( -65.63123590226842907, -4.471820925021154025, -128.0398730914872374 ) ) ;
#2908 = EDGE_LOOP ( 'NONE', ( #4981, #6566, #1457, #130 ) ) ;
#2909 = LINE ( 'NONE', #1520, #4065 ) ;
#2910 = AXIS2_PLACEMENT_3D ( 'NONE', #6993, #4419, #6859 ) ;
#2911 = VERTEX_POINT ( 'NONE', #6221 ) ;
#2912 = FACE_OUTER_BOUND ( 'NONE', #785, .T. ) ;
#2913 = EDGE_CURVE ( 'NONE', #7555, #3776, #3636, .T. ) ;
#2914 = ORIENTED_EDGE ( 'NONE', *, *, #5638, .F. ) ;
#2915 = VECTOR ( 'NONE', #3934, 1000.000000000000000 ) ;
#2916 = LINE ( 'NONE', #8203, #3023 ) ;
#2917 = CARTESIAN_POINT ( 'NONE',  ( -62.45967341942196072, -2.471820925021154025, 27.80000000000000071 ) ) ;
#2918 = PRODUCT_RELATED_PRODUCT_CATEGORY ( 'part', '', ( #3833 ) ) ;
#2919 = AXIS2_PLACEMENT_3D ( 'NONE', #118, #2724, #4777 ) ;
#2920 = DIRECTION ( 'NONE',  ( -0.6336872742246398849, -0.4437126062796576398, 0.6336872742246443257 ) ) ;
#2921 = CARTESIAN_POINT ( 'NONE',  ( -46.07954222579375880, -57.26585341306579835, 27.80000000000000071 ) ) ;
#2922 = ORIENTED_EDGE ( 'NONE', *, *, #4657, .F. ) ;
#2923 = FACE_OUTER_BOUND ( 'NONE', #3956, .T. ) ;
#2924 = CARTESIAN_POINT ( 'NONE',  ( 47.92608499445506709, 22.53869490715524293, 5.261305092844604125 ) ) ;
#2925 = EDGE_CURVE ( 'NONE', #2784, #7163, #2400, .T. ) ;
#2926 = CYLINDRICAL_SURFACE ( 'NONE', #3918, 2.000000000000000000 ) ;
#2927 = DIRECTION ( 'NONE',  ( -0.3420201433256697676, 0.9396926207859080948, 0.000000000000000000 ) ) ;
#2928 = VECTOR ( 'NONE', #6947, 1000.000000000000000 ) ;
#2929 = DIRECTION ( 'NONE',  ( 0.000000000000000000, 0.000000000000000000, 1.000000000000000000 ) ) ;
#2930 = CARTESIAN_POINT ( 'NONE',  ( 13.91253146866161217, -19.86915408570596853, -27.80000000000000071 ) ) ;
#2931 = AXIS2_PLACEMENT_3D ( 'NONE', #7263, #1920, #5208 ) ;
#2932 = LINE ( 'NONE', #4742, #1805 ) ;
#2933 = ORIENTED_EDGE ( 'NONE', *, *, #2597, .F. ) ;
#2934 = DIRECTION ( 'NONE',  ( 0.000000000000000000, 0.7071067811865500152, 0.7071067811865450192 ) ) ;
#2935 = ORIENTED_EDGE ( 'NONE', *, *, #536, .F. ) ;
#2936 = FACE_OUTER_BOUND ( 'NONE', #4195, .T. ) ;
#2937 = CONICAL_SURFACE ( 'NONE', #4860, 5.000000000000004441, 0.7853981633974509435 ) ;
#2938 = CIRCLE ( 'NONE', #2538, 4.999999999999985789 ) ;
#2939 = ORIENTED_EDGE ( 'NONE', *, *, #2464, .T. ) ;
#2940 = CARTESIAN_POINT ( 'NONE',  ( 49.92608499445506709, -22.62261018568959514, 27.80000000000000071 ) ) ;
#2941 = EDGE_CURVE ( 'NONE', #4515, #8337, #7588, .T. ) ;
#2942 = DIRECTION ( 'NONE',  ( -0.6599369112508958191, -0.7513210187187812084, 1.387778780781445429E-16 ) ) ;
#2943 = CARTESIAN_POINT ( 'NONE',  ( -52.25187818006254759, 13.73701128181578035, 3.500000000000013323 ) ) ;
#2944 = AXIS2_PLACEMENT_3D ( 'NONE', #3326, #2693, #5960 ) ;
#2945 = ORIENTED_EDGE ( 'NONE', *, *, #401, .F. ) ;
#2946 = LINE ( 'NONE', #4240, #6729 ) ;
#2947 = LINE ( 'NONE', #2230, #4564 ) ;
#2948 = VECTOR ( 'NONE', #3936, 1000.000000000000000 ) ;
#2949 = DIRECTION ( 'NONE',  ( -1.000000000000000000, 6.672927148628873676E-17, 1.052085781809173262E-32 ) ) ;
#2950 = CARTESIAN_POINT ( 'NONE',  ( -38.78102178673147904, -57.26069878869320462, 10.59289321881343682 ) ) ;
#2951 = ORIENTED_EDGE ( 'NONE', *, *, #7039, .T. ) ;
#2952 = DIRECTION ( 'NONE',  ( 0.000000000000000000, 0.000000000000000000, 1.000000000000000000 ) ) ;
#2953 = ADVANCED_FACE ( 'NONE', ( #339 ), #4928, .T. ) ;
#2954 = AXIS2_PLACEMENT_3D ( 'NONE', #5957, #6126, #247 ) ;
#2955 = EDGE_CURVE ( 'NONE', #8061, #4706, #3094, .T. ) ;
#2956 = EDGE_LOOP ( 'NONE', ( #5950, #3782, #4239, #8018 ) ) ;
#2957 = LINE ( 'NONE', #5759, #1351 ) ;
#2958 = ORIENTED_EDGE ( 'NONE', *, *, #3814, .T. ) ;
#2959 = ORIENTED_EDGE ( 'NONE', *, *, #3382, .T. ) ;
#2960 =( GEOMETRIC_REPRESENTATION_CONTEXT ( 3 ) GLOBAL_UNCERTAINTY_ASSIGNED_CONTEXT ( ( #2615 ) ) GLOBAL_UNIT_ASSIGNED_CONTEXT ( ( #1185, #4475, #5635 ) ) REPRESENTATION_CONTEXT ( 'NONE', 'WORKASPACE' ) );
#2961 = CARTESIAN_POINT ( 'NONE',  ( -41.53973505438286651, -58.69724911595577765, 27.80000000000000071 ) ) ;
#2962 = ORIENTED_EDGE ( 'NONE', *, *, #1560, .F. ) ;
#2963 = FACE_OUTER_BOUND ( 'NONE', #1023, .T. ) ;
#2964 = DIRECTION ( 'NONE',  ( 0.000000000000000000, 1.000000000000000000, -1.042667367333023879E-16 ) ) ;
#2965 = EDGE_LOOP ( 'NONE', ( #1146, #1740, #2086, #2366, #1690, #3741, #7315, #1229, #7782, #6414 ) ) ;
#2966 = EDGE_CURVE ( 'NONE', #2327, #42, #8020, .T. ) ;
#2967 = CONICAL_SURFACE ( 'NONE', #2139, 5.999999999999998224, 0.7853981633974479459 ) ;
#2968 = VECTOR ( 'NONE', #1480, 1000.000000000000000 ) ;
#2969 = DIRECTION ( 'NONE',  ( -0.9396926207859080948, -0.3420201433256697676, 0.000000000000000000 ) ) ;
#2970 = ORIENTED_EDGE ( 'NONE', *, *, #6689, .T. ) ;
#2971 = DIRECTION ( 'NONE',  ( 0.7071067811865501263, -0.5000000000000005551, -0.4999999999999956701 ) ) ;
#2972 = LINE ( 'NONE', #1107, #1286 ) ;
#2973 = DIRECTION ( 'NONE',  ( 0.000000000000000000, -1.000000000000000000, 0.000000000000000000 ) ) ;
#2974 = VECTOR ( 'NONE', #5012, 1000.000000000000000 ) ;
#2975 = CARTESIAN_POINT ( 'NONE',  ( -38.07391500554492580, -26.62261018568959514, -9.885786437626912004 ) ) ;
#2976 = EDGE_CURVE ( 'NONE', #6718, #867, #7892, .T. ) ;
#2977 = CARTESIAN_POINT ( 'NONE',  ( -36.98191676351170543, -55.73144798712637282, -12.24892624460324697 ) ) ;
#2978 = CARTESIAN_POINT ( 'NONE',  ( -37.41131833930352002, -58.98505565063357636, -12.24280904158199057 ) ) ;
#2979 = VECTOR ( 'NONE', #4093, 1000.000000000000114 ) ;
#2980 = DIRECTION ( 'NONE',  ( 1.000000000000000000, 0.000000000000000000, 0.000000000000000000 ) ) ;
#2981 = ORIENTED_EDGE ( 'NONE', *, *, #895, .F. ) ;
#2982 = AXIS2_PLACEMENT_3D ( 'NONE', #5133, #7756, #6307 ) ;
#2983 = LINE ( 'NONE', #1114, #3361 ) ;
#2984 = ORIENTED_EDGE ( 'NONE', *, *, #2902, .T. ) ;
#2985 = CARTESIAN_POINT ( 'NONE',  ( -60.45967341942196072, -2.471820925021154025, -26.80000000000001492 ) ) ;
#2986 = CIRCLE ( 'NONE', #6690, 5.999999999999998224 ) ;
#2987 = CARTESIAN_POINT ( 'NONE',  ( -39.50033856919389308, -60.93157208991242868, -9.885786437626913781 ) ) ;
#2988 = CARTESIAN_POINT ( 'NONE',  ( -59.09415026068683119, -21.50851171414442220, -27.80000000000000071 ) ) ;
#2989 = LINE ( 'NONE', #1771, #3786 ) ;
#2990 = VERTEX_POINT ( 'NONE', #1648 ) ;
#2991 = CARTESIAN_POINT ( 'NONE',  ( 47.92608499445506709, -5.261305092844818176, 22.53869490715522161 ) ) ;
#2992 = CARTESIAN_POINT ( 'NONE',  ( -47.74395206774986633, 15.77738981431040699, 27.80000000000000071 ) ) ;
#2993 = ORIENTED_EDGE ( 'NONE', *, *, #5581, .T. ) ;
#2994 = DIRECTION ( 'NONE',  ( -0.000000000000000000, 0.000000000000000000, 1.000000000000000000 ) ) ;
#2995 = EDGE_CURVE ( 'NONE', #3989, #7543, #6988, .T. ) ;
#2996 = DIRECTION ( 'NONE',  ( 0.000000000000000000, -1.000000000000000000, 0.000000000000000000 ) ) ;
#2997 = ORIENTED_EDGE ( 'NONE', *, *, #6626, .T. ) ;
#2998 = ORIENTED_EDGE ( 'NONE', *, *, #2646, .T. ) ;
#2999 = CARTESIAN_POINT ( 'NONE',  ( -47.23758846049647531, 8.777389814310406990, 2.500000000000000000 ) ) ;
#3000 = VERTEX_POINT ( 'NONE', #7640 ) ;
#3001 = LINE ( 'NONE', #5065, #6547 ) ;
#3002 = VERTEX_POINT ( 'NONE', #1776 ) ;
#3003 = EDGE_LOOP ( 'NONE', ( #7750, #5107, #3994, #4918 ) ) ;
#3004 = CYLINDRICAL_SURFACE ( 'NONE', #7145, 2.000000000000001776 ) ;
#3005 = ORIENTED_EDGE ( 'NONE', *, *, #2123, .T. ) ;
#3006 = CARTESIAN_POINT ( 'NONE',  ( -39.99791512390623893, 15.77738981431040699, 13.08578643762687044 ) ) ;
#3007 = DIRECTION ( 'NONE',  ( 1.000000000000000000, 0.000000000000000000, 0.000000000000000000 ) ) ;
#3008 = EDGE_CURVE ( 'NONE', #265, #8271, #4187, .T. ) ;
#3009 = ORIENTED_EDGE ( 'NONE', *, *, #3253, .T. ) ;
#3010 = CARTESIAN_POINT ( 'NONE',  ( -33.86831257587688526, 14.77738981431041232, 24.98578643762690277 ) ) ;
#3011 = LINE ( 'NONE', #2296, #1068 ) ;
#3012 = ORIENTED_EDGE ( 'NONE', *, *, #769, .T. ) ;
#3013 = DIRECTION ( 'NONE',  ( 7.639862697551004460E-17, -0.7071067811865442421, -0.7071067811865509034 ) ) ;
#3014 = DIRECTION ( 'NONE',  ( 0.7071067811865475727, -0.7071067811865475727, 0.000000000000000000 ) ) ;
#3015 = EDGE_CURVE ( 'NONE', #6632, #8356, #2562, .T. ) ;
#3016 = ADVANCED_FACE ( 'NONE', ( #5137 ), #7881, .F. ) ;
#3017 = CYLINDRICAL_SURFACE ( 'NONE', #4173, 1.000000000000000888 ) ;
#3018 = CARTESIAN_POINT ( 'NONE',  ( -37.49507331280417333, -54.64437188623247721, -13.28710796701353125 ) ) ;
#3019 = CARTESIAN_POINT ( 'NONE',  ( -39.07391500554492580, -25.62261018568955251, -12.30000000000000959 ) ) ;
#3020 = DIRECTION ( 'NONE',  ( -0.7071067811865475727, 0.7071067811865475727, 0.000000000000000000 ) ) ;
#3021 = EDGE_LOOP ( 'NONE', ( #5617, #964, #7279, #747 ) ) ;
#3022 = EDGE_CURVE ( 'NONE', #4878, #1097, #7760, .T. ) ;
#3023 = VECTOR ( 'NONE', #7556, 1000.000000000000000 ) ;
#3024 = VERTEX_POINT ( 'NONE', #5753 ) ;
#3025 = DIRECTION ( 'NONE',  ( 3.469446951953589734E-15, 0.000000000000000000, 1.000000000000000000 ) ) ;
#3026 = DIRECTION ( 'NONE',  ( 1.000000000000000000, 0.000000000000000000, 0.000000000000000000 ) ) ;
#3027 = DIRECTION ( 'NONE',  ( 0.000000000000000000, 0.000000000000000000, -1.000000000000000000 ) ) ;
#3028 = VECTOR ( 'NONE', #3821, 1000.000000000000000 ) ;
#3029 = DIRECTION ( 'NONE',  ( 9.158464420884415348E-17, 1.042667367333023879E-16, 1.000000000000000000 ) ) ;
#3030 = ORIENTED_EDGE ( 'NONE', *, *, #4242, .F. ) ;
#3031 = FACE_OUTER_BOUND ( 'NONE', #5346, .T. ) ;
#3032 = FACE_OUTER_BOUND ( 'NONE', #3045, .T. ) ;
#3033 = DIRECTION ( 'NONE',  ( 0.000000000000000000, 0.000000000000000000, 1.000000000000000000 ) ) ;
#3034 = ADVANCED_FACE ( 'NONE', ( #592 ), #1975, .F. ) ;
#3035 = CARTESIAN_POINT ( 'NONE',  ( -40.64749144189604380, -56.85171882381155939, 9.885786437626897794 ) ) ;
#3036 = VERTEX_POINT ( 'NONE', #1895 ) ;
#3037 = ORIENTED_EDGE ( 'NONE', *, *, #7748, .T. ) ;
#3038 = DIRECTION ( 'NONE',  ( -0.000000000000000000, -0.000000000000000000, 1.000000000000000000 ) ) ;
#3039 = CARTESIAN_POINT ( 'NONE',  ( -38.78102178673147904, -57.26069878869476781, 10.59289321881344037 ) ) ;
#3040 = ORIENTED_EDGE ( 'NONE', *, *, #7219, .F. ) ;
#3041 = ORIENTED_EDGE ( 'NONE', *, *, #6849, .T. ) ;
#3042 = AXIS2_PLACEMENT_3D ( 'NONE', #6492, #2708, #3217 ) ;
#3043 = ORIENTED_EDGE ( 'NONE', *, *, #7682, .F. ) ;
#3044 = CARTESIAN_POINT ( 'NONE',  ( -48.87933536532903389, 3.767778374742812630, -27.80000000000000071 ) ) ;
#3045 = EDGE_LOOP ( 'NONE', ( #2668, #7231, #2711, #7768 ) ) ;
#3046 = CARTESIAN_POINT ( 'NONE',  ( -36.80384648180960738, 15.77738981431040699, 26.50710678118655039 ) ) ;
#3047 = CARTESIAN_POINT ( 'NONE',  ( 50.92608499445506709, -11.35103731043577469, -14.30000000000000782 ) ) ;
#3048 = CONICAL_SURFACE ( 'NONE', #2105, 1.000000000000014655, 0.7853981633974445042 ) ;
#3049 = ORIENTED_EDGE ( 'NONE', *, *, #8029, .T. ) ;
#3050 = ADVANCED_FACE ( 'NONE', ( #1851 ), #1876, .T. ) ;
#3051 = AXIS2_PLACEMENT_3D ( 'NONE', #1194, #8343, #7010 ) ;
#3052 = LINE ( 'NONE', #6326, #3630 ) ;
#3053 = VERTEX_POINT ( 'NONE', #7242 ) ;
#3054 = ORIENTED_EDGE ( 'NONE', *, *, #3669, .F. ) ;
#3055 = CARTESIAN_POINT ( 'NONE',  ( 50.92608499445506709, -9.815503404503020946, -14.42132034355965153 ) ) ;
#3056 = AXIS2_PLACEMENT_3D ( 'NONE', #4053, #1453, #6711 ) ;
#3057 = DIRECTION ( 'NONE',  ( 9.158464420884415348E-17, 1.042667367333023879E-16, 1.000000000000000000 ) ) ;
#3058 = CARTESIAN_POINT ( 'NONE',  ( -46.35866321373481469, 17.35450516469375160, -26.60101020568707497 ) ) ;
#3059 = AXIS2_PLACEMENT_3D ( 'NONE', #4331, #4967, #8187 ) ;
#3060 = AXIS2_PLACEMENT_3D ( 'NONE', #930, #6161, #4861 ) ;
#3061 = EDGE_CURVE ( 'NONE', #6607, #3258, #7073, .T. ) ;
#3062 = ADVANCED_FACE ( 'NONE', ( #1934 ), #631, .T. ) ;
#3063 = CARTESIAN_POINT ( 'NONE',  ( -37.23327787952290890, -54.46106075038005656, -13.30000000000005755 ) ) ;
#3064 = CARTESIAN_POINT ( 'NONE',  ( -38.78102178673148615, -59.70224796621607055, 10.59289321881343326 ) ) ;
#3065 = ORIENTED_EDGE ( 'NONE', *, *, #1076, .F. ) ;
#3066 = CARTESIAN_POINT ( 'NONE',  ( -38.78102178673147904, -57.26069878869319041, -10.59289321881346524 ) ) ;
#3067 = ORIENTED_EDGE ( 'NONE', *, *, #2403, .T. ) ;
#3068 = CARTESIAN_POINT ( 'NONE',  ( -42.45967341942191808, 6.767778374742815295, 27.80000000000000426 ) ) ;
#3069 = CARTESIAN_POINT ( 'NONE',  ( -38.97274782588621633, -59.97074400199054622, -10.32893798220565351 ) ) ;
#3070 = EDGE_CURVE ( 'NONE', #1113, #7677, #7718, .T. ) ;
#3071 = EDGE_CURVE ( 'NONE', #7627, #1521, #1251, .T. ) ;
#3072 = CARTESIAN_POINT ( 'NONE',  ( -59.45967341942196782, 0.000000000000000000, -27.80000000000000071 ) ) ;
#3073 = DIRECTION ( 'NONE',  ( 9.158464420884415348E-17, 1.042667367333023879E-16, 1.000000000000000000 ) ) ;
#3074 = ORIENTED_EDGE ( 'NONE', *, *, #8351, .F. ) ;
#3075 = LINE ( 'NONE', #423, #6683 ) ;
#3076 = DIRECTION ( 'NONE',  ( 1.000000000000000000, 0.000000000000000000, -9.158464420884415348E-17 ) ) ;
#3077 = VECTOR ( 'NONE', #2739, 1000.000000000000000 ) ;
#3078 = DIRECTION ( 'NONE',  ( 0.000000000000000000, -1.000000000000000000, 0.000000000000000000 ) ) ;
#3079 = ORIENTED_EDGE ( 'NONE', *, *, #6577, .T. ) ;
#3080 = CARTESIAN_POINT ( 'NONE',  ( -39.99791512390620341, 14.77738981431039100, -1.085786437626898193 ) ) ;
#3081 = ORIENTED_EDGE ( 'NONE', *, *, #4509, .T. ) ;
#3082 = EDGE_LOOP ( 'NONE', ( #6513, #2879, #3049, #6537 ) ) ;
#3083 = FACE_OUTER_BOUND ( 'NONE', #471, .T. ) ;
#3084 = VECTOR ( 'NONE', #2187, 1000.000000000000000 ) ;
#3085 = CARTESIAN_POINT ( 'NONE',  ( -67.51062114384023971, -7.155861211672490008, -128.0398730914872374 ) ) ;
#3086 = EDGE_LOOP ( 'NONE', ( #5764, #5446, #1141, #65 ) ) ;
#3087 = CIRCLE ( 'NONE', #7882, 0.9999999999999870104 ) ;
#3088 = EDGE_CURVE ( 'NONE', #7453, #1775, #6472, .T. ) ;
#3089 = EDGE_LOOP ( 'NONE', ( #7011, #2273, #2656 ) ) ;
#3090 = CARTESIAN_POINT ( 'NONE',  ( -38.97250822944562287, -59.97040542069410662, 10.32951641918202768 ) ) ;
#3091 = CYLINDRICAL_SURFACE ( 'NONE', #6591, 1.000000000000000888 ) ;
#3092 = DIRECTION ( 'NONE',  ( -3.469446951953587368E-15, 0.000000000000000000, 1.000000000000000000 ) ) ;
#3093 = VECTOR ( 'NONE', #1674, 1000.000000000000114 ) ;
#3094 = CIRCLE ( 'NONE', #1747, 5.000000000000004441 ) ;
#3095 = ORIENTED_EDGE ( 'NONE', *, *, #4760, .F. ) ;
#3096 = CARTESIAN_POINT ( 'NONE',  ( -58.96759953173464908, 6.091337094860837631, 3.500000000000017319 ) ) ;
#3097 = ORIENTED_EDGE ( 'NONE', *, *, #4391, .F. ) ;
#3098 = AXIS2_PLACEMENT_3D ( 'NONE', #5435, #1540, #764 ) ;
#3099 = LINE ( 'NONE', #7179, #2008 ) ;
#3100 = VERTEX_POINT ( 'NONE', #5829 ) ;
#3101 = DIRECTION ( 'NONE',  ( -0.000000000000000000, 1.000000000000000000, -1.042667367333024002E-16 ) ) ;
#3102 = CARTESIAN_POINT ( 'NONE',  ( -50.45967341942196072, 0.000000000000000000, -27.80000000000000071 ) ) ;
#3103 = ADVANCED_FACE ( 'NONE', ( #7076 ), #3771, .T. ) ;
#3104 = DIRECTION ( 'NONE',  ( -0.5000000000000009992, 0.7071067811865487940, -0.4999999999999973355 ) ) ;
#3105 = CARTESIAN_POINT ( 'NONE',  ( -37.23327787952290890, -54.46106075038005656, -13.30000000000005755 ) ) ;
#3106 = ORIENTED_EDGE ( 'NONE', *, *, #5855, .T. ) ;
#3107 = FACE_OUTER_BOUND ( 'NONE', #3207, .T. ) ;
#3108 = EDGE_CURVE ( 'NONE', #3517, #7162, #8357, .T. ) ;
#3109 = EDGE_CURVE ( 'NONE', #3987, #1955, #7800, .T. ) ;
#3110 = DIRECTION ( 'NONE',  ( -1.000000000000000000, 0.000000000000000000, 0.000000000000000000 ) ) ;
#3111 = VECTOR ( 'NONE', #5965, 1000.000000000000000 ) ;
#3112 = PLANE ( 'NONE',  #385 ) ;
#3113 = DIRECTION ( 'NONE',  ( 0.000000000000000000, 0.000000000000000000, -1.000000000000000000 ) ) ;
#3114 = ORIENTED_EDGE ( 'NONE', *, *, #2867, .T. ) ;
#3115 = DIRECTION ( 'NONE',  ( 6.162975822039156098E-33, -1.000000000000000000, 1.042667367333023755E-16 ) ) ;
#3116 = CARTESIAN_POINT ( 'NONE',  ( -38.46206418047974296, -55.32146618115885417, -12.89966581098375897 ) ) ;
#3117 = VERTEX_POINT ( 'NONE', #7154 ) ;
#3118 = DIRECTION ( 'NONE',  ( -1.000000000000000000, 0.000000000000000000, 0.000000000000000000 ) ) ;
#3119 = EDGE_CURVE ( 'NONE', #1060, #7845, #3242, .T. ) ;
#3120 = EDGE_LOOP ( 'NONE', ( #6820, #4913, #5341, #7735, #8063, #3724, #980, #2126, #6011, #4002 ) ) ;
#3121 = EDGE_CURVE ( 'NONE', #5626, #5214, #6526, .T. ) ;
#3122 = VECTOR ( 'NONE', #7237, 1000.000000000000000 ) ;
#3123 = CARTESIAN_POINT ( 'NONE',  ( -36.70057888241024102, -57.77899517562931919, 12.29929813580897147 ) ) ;
#3124 = ORIENTED_EDGE ( 'NONE', *, *, #7851, .F. ) ;
#3125 = ORIENTED_EDGE ( 'NONE', *, *, #7059, .F. ) ;
#3126 = DIRECTION ( 'NONE',  ( -0.000000000000000000, -0.000000000000000000, 1.000000000000000000 ) ) ;
#3127 = DIRECTION ( 'NONE',  ( -6.938893903907222067E-15, 0.000000000000000000, 1.000000000000000000 ) ) ;
#3128 = ORIENTED_EDGE ( 'NONE', *, *, #4242, .T. ) ;
#3129 = ORIENTED_EDGE ( 'NONE', *, *, #1759, .F. ) ;
#3130 = VERTEX_POINT ( 'NONE', #518 ) ;
#3131 = CARTESIAN_POINT ( 'NONE',  ( -58.21627851301585821, 5.431400183609930821, -13.50000000000000000 ) ) ;
#3132 = DIRECTION ( 'NONE',  ( -1.000000000000000000, 6.672927148628873676E-17, -1.052085781809182294E-32 ) ) ;
#3133 = EDGE_CURVE ( 'NONE', #6910, #643, #2766, .T. ) ;
#3134 = EDGE_CURVE ( 'NONE', #5587, #3151, #5914, .T. ) ;
#3135 = VERTEX_POINT ( 'NONE', #7276 ) ;
#3136 = SHAPE_DEFINITION_REPRESENTATION ( #1321, #5593 ) ;
#3137 = VERTEX_POINT ( 'NONE', #1415 ) ;
#3138 = CARTESIAN_POINT ( 'NONE',  ( -27.03066365122111137, 27.03066365122259285, -48.87167408952667813 ) ) ;
#3139 = CARTESIAN_POINT ( 'NONE',  ( -39.58370156153312536, 15.77738981431040699, -18.50000000000002487 ) ) ;
#3140 = ORIENTED_EDGE ( 'NONE', *, *, #3545, .T. ) ;
#3141 = DIRECTION ( 'NONE',  ( 0.000000000000000000, 0.000000000000000000, 1.000000000000000000 ) ) ;
#3142 = FACE_OUTER_BOUND ( 'NONE', #5653, .T. ) ;
#3143 = EDGE_CURVE ( 'NONE', #1113, #3320, #7211, .T. ) ;
#3144 = CARTESIAN_POINT ( 'NONE',  ( 4.796441138110843879E-15, 15.77738981431040699, 3.500000000000010214 ) ) ;
#3145 = CARTESIAN_POINT ( 'NONE',  ( -54.45967341942196072, 2.131715627355464271, 27.80000000000000071 ) ) ;
#3146 = FACE_OUTER_BOUND ( 'NONE', #7007, .T. ) ;
#3147 = CARTESIAN_POINT ( 'NONE',  ( -40.06170500426912895, -56.44154674440417807, 11.30000000000000782 ) ) ;
#3148 = CARTESIAN_POINT ( 'NONE',  ( -41.41212868627928856, 13.77738981431040699, -14.50000000000000178 ) ) ;
#3149 = ADVANCED_FACE ( 'NONE', ( #4059 ), #2060, .F. ) ;
#3150 = PLANE ( 'NONE',  #7067 ) ;
#3151 = VERTEX_POINT ( 'NONE', #2221 ) ;
#3152 = CARTESIAN_POINT ( 'NONE',  ( -39.99791512390620341, 14.77738981431039100, -2.500000000000000444 ) ) ;
#3153 = CONICAL_SURFACE ( 'NONE', #5779, 1.000000000000014655, 0.7853981633974445042 ) ;
#3154 = CARTESIAN_POINT ( 'NONE',  ( 47.92608499445506709, -10.52261018568957418, 24.97157287525381619 ) ) ;
#3155 = ORIENTED_EDGE ( 'NONE', *, *, #5897, .F. ) ;
#3156 = DIRECTION ( 'NONE',  ( 0.000000000000000000, 0.000000000000000000, 1.000000000000000000 ) ) ;
#3157 = VERTEX_POINT ( 'NONE', #4139 ) ;
#3158 = CARTESIAN_POINT ( 'NONE',  ( -36.85034780038496649, -57.98874596909996626, 12.28166923996274029 ) ) ;
#3159 = EDGE_LOOP ( 'NONE', ( #3425, #8241, #2875, #2115 ) ) ;
#3160 = ORIENTED_EDGE ( 'NONE', *, *, #5383, .T. ) ;
#3161 = DIRECTION ( 'NONE',  ( -1.000000000000000000, 0.000000000000000000, 0.000000000000000000 ) ) ;
#3162 = AXIS2_PLACEMENT_3D ( 'NONE', #7167, #694, #3291 ) ;
#3163 = CARTESIAN_POINT ( 'NONE',  ( -47.23758846049647531, 13.77738981431040699, 18.50000000000000355 ) ) ;
#3164 = ORIENTED_EDGE ( 'NONE', *, *, #2403, .F. ) ;
#3165 = EDGE_CURVE ( 'NONE', #5805, #8282, #7360, .T. ) ;
#3166 = EDGE_CURVE ( 'NONE', #6565, #1955, #6061, .T. ) ;
#3167 = EDGE_LOOP ( 'NONE', ( #832, #1419, #6969, #2332 ) ) ;
#3168 = ORIENTED_EDGE ( 'NONE', *, *, #8409, .T. ) ;
#3169 = DIRECTION ( 'NONE',  ( -0.7071067811865513475, 0.4999999999999954481, -0.4999999999999991118 ) ) ;
#3170 = CARTESIAN_POINT ( 'NONE',  ( -65.63123590226842907, -6.471820925021154025, 27.80000000000000071 ) ) ;
#3171 = VECTOR ( 'NONE', #1031, 1000.000000000000114 ) ;
#3172 = ORIENTED_EDGE ( 'NONE', *, *, #6116, .T. ) ;
#3173 = CARTESIAN_POINT ( 'NONE',  ( -3.819039799497872867, -26.62261018568959514, -13.30000000000005222 ) ) ;
#3174 = EDGE_LOOP ( 'NONE', ( #5584, #7738, #5961, #7551, #5234, #4044, #4474, #3308, #7688, #3168, #907, #428, #8028, #1184, #6679, #2408 ) ) ;
#3175 = CARTESIAN_POINT ( 'NONE',  ( -50.99419355409038701, 12.07707437056488509, -18.50000000000000355 ) ) ;
#3176 = ADVANCED_FACE ( 'NONE', ( #6633 ), #7064, .T. ) ;
#3177 = DIRECTION ( 'NONE',  ( 0.000000000000000000, 0.000000000000000000, -1.000000000000000000 ) ) ;
#3178 = ORIENTED_EDGE ( 'NONE', *, *, #8169, .F. ) ;
#3179 = CARTESIAN_POINT ( 'NONE',  ( -37.05038324734997701, -58.26887816013179133, -12.22053588310747685 ) ) ;
#3180 = FACE_OUTER_BOUND ( 'NONE', #3540, .T. ) ;
#3181 = VECTOR ( 'NONE', #3141, 1000.000000000000000 ) ;
#3182 = VECTOR ( 'NONE', #3807, 1000.000000000000000 ) ;
#3183 = CARTESIAN_POINT ( 'NONE',  ( -37.51095326299616772, 15.77738981431040699, -26.80000000000001492 ) ) ;
#3184 = CONICAL_SURFACE ( 'NONE', #4295, 4.999999999999984013, 0.7853981633974488341 ) ;
#3185 = B_SPLINE_CURVE_WITH_KNOTS ( 'NONE', 3,
 ( #3666, #6974, #5694, #8304 ),
 .UNSPECIFIED., .F., .F.,
 ( 4, 4 ),
 ( 0.005398286116789704180, 0.005899303676670204083 ),
 .UNSPECIFIED. ) ;
#3186 = EDGE_CURVE ( 'NONE', #4732, #2329, #5438, .T. ) ;
#3187 = DIRECTION ( 'NONE',  ( 0.7071067811865445751, 6.196978934449291632E-15, 0.7071067811865504593 ) ) ;
#3188 = AXIS2_PLACEMENT_3D ( 'NONE', #6089, #7251, #8057 ) ;
#3189 = DIRECTION ( 'NONE',  ( 0.000000000000000000, 1.000000000000000000, 1.372378306233987934E-16 ) ) ;
#3190 = AXIS2_PLACEMENT_3D ( 'NONE', #7270, #3491, #6120 ) ;
#3191 = FACE_OUTER_BOUND ( 'NONE', #1094, .T. ) ;
#3192 = CARTESIAN_POINT ( 'NONE',  ( 4.831533056134578489E-16, -4.471820925021146920, 26.80000000000001847 ) ) ;
#3193 = LINE ( 'NONE', #7922, #6664 ) ;
#3194 = DIRECTION ( 'NONE',  ( 1.000000000000000000, 0.000000000000000000, 0.000000000000000000 ) ) ;
#3195 = DIRECTION ( 'NONE',  ( 0.000000000000000000, 0.7071067811865475727, -0.7071067811865475727 ) ) ;
#3196 = ORIENTED_EDGE ( 'NONE', *, *, #57, .F. ) ;
#3197 = CARTESIAN_POINT ( 'NONE',  ( -25.55995297310370518, 25.55995297310347425, -27.80000000000000071 ) ) ;
#3198 = ORIENTED_EDGE ( 'NONE', *, *, #5035, .F. ) ;
#3199 = LINE ( 'NONE', #1853, #6921 ) ;
#3200 = AXIS2_PLACEMENT_3D ( 'NONE', #325, #579, #459 ) ;
#3201 = EDGE_CURVE ( 'NONE', #8271, #4047, #8046, .T. ) ;
#3202 = VERTEX_POINT ( 'NONE', #5355 ) ;
#3203 = DIRECTION ( 'NONE',  ( 0.7513210187187812084, -0.6599369112508958191, 0.000000000000000000 ) ) ;
#3204 = CARTESIAN_POINT ( 'NONE',  ( -66.57092852305432018, -6.813841068346818908, 27.80000000000000071 ) ) ;
#3205 = VERTEX_POINT ( 'NONE', #81 ) ;
#3206 = VECTOR ( 'NONE', #2846, 1000.000000000000000 ) ;
#3207 = EDGE_LOOP ( 'NONE', ( #5788, #7077, #8455, #6188 ) ) ;
#3208 = ORIENTED_EDGE ( 'NONE', *, *, #4104, .F. ) ;
#3209 = DIRECTION ( 'NONE',  ( -1.000000000000000000, -0.000000000000000000, -1.734723475976806848E-16 ) ) ;
#3210 = AXIS2_PLACEMENT_3D ( 'NONE', #6104, #4121, #8107 ) ;
#3211 = FACE_OUTER_BOUND ( 'NONE', #7548, .T. ) ;
#3212 = DIRECTION ( 'NONE',  ( 0.5312641871840336760, -0.4666458651008152381, -0.7071067811865473507 ) ) ;
#3213 = ADVANCED_FACE ( 'NONE', ( #4014 ), #89, .F. ) ;
#3214 = EDGE_CURVE ( 'NONE', #1617, #7449, #3356, .T. ) ;
#3215 = AXIS2_PLACEMENT_3D ( 'NONE', #6003, #4140, #5439 ) ;
#3216 = ORIENTED_EDGE ( 'NONE', *, *, #2217, .F. ) ;
#3217 = DIRECTION ( 'NONE',  ( 1.000000000000000000, 7.372574772901431413E-14, 0.000000000000000000 ) ) ;
#3218 = VECTOR ( 'NONE', #4334, 1000.000000000000000 ) ;
#3219 = ORIENTED_EDGE ( 'NONE', *, *, #5731, .T. ) ;
#3220 = CARTESIAN_POINT ( 'NONE',  ( -39.07391500554492580, -57.67088317661057317, -10.01624243553811233 ) ) ;
#3221 = LINE ( 'NONE', #1870, #6788 ) ;
#3222 = ORIENTED_EDGE ( 'NONE', *, *, #3165, .T. ) ;
#3223 = CONICAL_SURFACE ( 'NONE', #6546, 5.000000000000004441, 0.7853981633974513876 ) ;
#3224 = CARTESIAN_POINT ( 'NONE',  ( -36.76222829295540606, -57.86534169396924199, -12.29473277035593703 ) ) ;
#3225 = DIRECTION ( 'NONE',  ( -6.672927148628873676E-17, -1.000000000000000000, 0.000000000000000000 ) ) ;
#3226 = B_SPLINE_CURVE_WITH_KNOTS ( 'NONE', 3,
 ( #5421, #8158, #6870, #147, #4087, #6705 ),
 .UNSPECIFIED., .F., .F.,
 ( 4, 2, 4 ),
 ( 0.000000000000000000, 0.5000000000000000000, 1.000000000000000000 ),
 .UNSPECIFIED. ) ;
#3227 = CIRCLE ( 'NONE', #7621, 1.000000000000000888 ) ;
#3228 = EDGE_CURVE ( 'NONE', #1820, #3999, #3369, .T. ) ;
#3229 = AXIS2_PLACEMENT_3D ( 'NONE', #1079, #3029, #6939 ) ;
#3230 = PLANE ( 'NONE',  #1915 ) ;
#3231 = CARTESIAN_POINT ( 'NONE',  ( -47.74395206774986633, 15.77738981431040699, -19.50000000000002132 ) ) ;
#3232 = DIRECTION ( 'NONE',  ( 9.158464420884415348E-17, 1.042667367333023879E-16, 1.000000000000000000 ) ) ;
#3233 = ADVANCED_FACE ( 'NONE', ( #4744 ), #124, .T. ) ;
#3234 = DIRECTION ( 'NONE',  ( -1.000000000000000000, 0.000000000000000000, 0.000000000000000000 ) ) ;
#3235 = CIRCLE ( 'NONE', #1481, 1.199999999999999734 ) ;
#3236 = CARTESIAN_POINT ( 'NONE',  ( -52.25187818006254759, 13.73701128181578390, 19.50000000000001776 ) ) ;
#3237 = CARTESIAN_POINT ( 'NONE',  ( -40.70502190509278506, 13.77738981431040699, -18.20710678118656034 ) ) ;
#3238 = CONICAL_SURFACE ( 'NONE', #6418, 2.000000000000001776, 0.7853981633974521648 ) ;
#3239 = DIRECTION ( 'NONE',  ( 0.000000000000000000, 0.000000000000000000, -1.000000000000000000 ) ) ;
#3240 = FACE_OUTER_BOUND ( 'NONE', #1866, .T. ) ;
#3241 = ORIENTED_EDGE ( 'NONE', *, *, #4316, .F. ) ;
#3242 = LINE ( 'NONE', #5874, #2948 ) ;
#3243 = VERTEX_POINT ( 'NONE', #2096 ) ;
#3244 = DIRECTION ( 'NONE',  ( 1.000000000000000000, 0.000000000000000000, 0.000000000000000000 ) ) ;
#3245 = ORIENTED_EDGE ( 'NONE', *, *, #1189, .T. ) ;
#3246 = VECTOR ( 'NONE', #253, 1000.000000000000000 ) ;
#3247 = VERTEX_POINT ( 'NONE', #4098 ) ;
#3248 = CARTESIAN_POINT ( 'NONE',  ( -40.29080834271967149, 13.77738981431040699, 14.20710678118654435 ) ) ;
#3249 = DIRECTION ( 'NONE',  ( -0.000000000000000000, -0.000000000000000000, 1.000000000000000000 ) ) ;
#3250 = ORIENTED_EDGE ( 'NONE', *, *, #816, .T. ) ;
#3251 = ORIENTED_EDGE ( 'NONE', *, *, #5477, .F. ) ;
#3252 = EDGE_LOOP ( 'NONE', ( #2361, #3065, #528, #3660 ) ) ;
#3253 = EDGE_CURVE ( 'NONE', #7511, #2566, #3449, .T. ) ;
#3254 = LINE ( 'NONE', #5885, #2752 ) ;
#3255 = VECTOR ( 'NONE', #6432, 1000.000000000000000 ) ;
#3256 = CARTESIAN_POINT ( 'NONE',  ( -42.52766163834508717, -61.83055193476681666, -27.80000000000000071 ) ) ;
#3257 = DIRECTION ( 'NONE',  ( 0.000000000000000000, 1.000000000000000000, 0.000000000000000000 ) ) ;
#3258 = VERTEX_POINT ( 'NONE', #6758 ) ;
#3259 = VERTEX_POINT ( 'NONE', #201 ) ;
#3260 = DIRECTION ( 'NONE',  ( -0.000000000000000000, 0.000000000000000000, -1.000000000000000000 ) ) ;
#3261 = ORIENTED_EDGE ( 'NONE', *, *, #4218, .F. ) ;
#3262 = CARTESIAN_POINT ( 'NONE',  ( -65.63123590226842907, -5.471820925021143367, -27.80000000000000071 ) ) ;
#3263 = DIRECTION ( 'NONE',  ( 0.7071067811865426878, 0.000000000000000000, -0.7071067811865524577 ) ) ;
#3264 = EDGE_LOOP ( 'NONE', ( #2951, #2095, #913, #3981 ) ) ;
#3265 = ADVANCED_FACE ( 'NONE', ( #3500 ), #6926, .F. ) ;
#3266 = CARTESIAN_POINT ( 'NONE',  ( -39.02239366293062517, -60.04026581656627570, -10.20908232909770241 ) ) ;
#3267 = DIRECTION ( 'NONE',  ( -0.5000000000000012212, 0.7071067811865474617, -0.4999999999999987788 ) ) ;
#3268 = FACE_OUTER_BOUND ( 'NONE', #2315, .T. ) ;
#3269 = EDGE_CURVE ( 'NONE', #1547, #7976, #2854, .T. ) ;
#3270 = EDGE_CURVE ( 'NONE', #5194, #2479, #3974, .T. ) ;
#3271 = ORIENTED_EDGE ( 'NONE', *, *, #3960, .F. ) ;
#3272 = DIRECTION ( 'NONE',  ( 0.7071067811865574537, 0.000000000000000000, 0.7071067811865376918 ) ) ;
#3273 = CARTESIAN_POINT ( 'NONE',  ( -36.65970144317183355, 5.536000648959316095, -11.30000000000000604 ) ) ;
#3274 = VERTEX_POINT ( 'NONE', #4366 ) ;
#3275 = CARTESIAN_POINT ( 'NONE',  ( 0.000000000000000000, 0.000000000000000000, 27.80000000000000071 ) ) ;
#3276 = FACE_OUTER_BOUND ( 'NONE', #6306, .T. ) ;
#3277 = LINE ( 'NONE', #1930, #87 ) ;
#3278 = EDGE_CURVE ( 'NONE', #558, #6597, #4473, .T. ) ;
#3279 = FACE_OUTER_BOUND ( 'NONE', #3452, .T. ) ;
#3280 = DIRECTION ( 'NONE',  ( -1.000000000000000000, 0.000000000000000000, 0.000000000000000000 ) ) ;
#3281 = ORIENTED_EDGE ( 'NONE', *, *, #6886, .T. ) ;
#3282 = CARTESIAN_POINT ( 'NONE',  ( -39.07391500554492580, -57.67087086810058594, 9.885786437626896017 ) ) ;
#3283 = CARTESIAN_POINT ( 'NONE',  ( -36.84021830551019150, -57.97455930793135792, 12.28357904629782205 ) ) ;
#3284 = ORIENTED_EDGE ( 'NONE', *, *, #2564, .T. ) ;
#3285 = ORIENTED_EDGE ( 'NONE', *, *, #5804, .F. ) ;
#3286 = DIRECTION ( 'NONE',  ( 0.000000000000000000, 0.000000000000000000, 1.000000000000000000 ) ) ;
#3287 = AXIS2_PLACEMENT_3D ( 'NONE', #6511, #6842, #7492 ) ;
#3288 = FACE_OUTER_BOUND ( 'NONE', #1475, .T. ) ;
#3289 = ORIENTED_EDGE ( 'NONE', *, *, #3357, .T. ) ;
#3290 = LINE ( 'NONE', #854, #5124 ) ;
#3291 = DIRECTION ( 'NONE',  ( 0.000000000000000000, 1.000000000000000000, 0.000000000000000000 ) ) ;
#3292 = EDGE_CURVE ( 'NONE', #4640, #573, #6207, .T. ) ;
#3293 = CARTESIAN_POINT ( 'NONE',  ( -60.45967341942196072, 2.131715627355464271, 19.50000000000001776 ) ) ;
#3294 = CARTESIAN_POINT ( 'NONE',  ( -41.41212868627928856, 15.77738981431040699, -12.49999999999998757 ) ) ;
#3295 = AXIS2_PLACEMENT_3D ( 'NONE', #4567, #7187, #1326 ) ;
#3296 = ORIENTED_EDGE ( 'NONE', *, *, #8335, .T. ) ;
#3297 = FACE_OUTER_BOUND ( 'NONE', #6612, .T. ) ;
#3298 = ORIENTED_EDGE ( 'NONE', *, *, #6533, .T. ) ;
#3299 = DIRECTION ( 'NONE',  ( 1.000000000000000000, 0.000000000000000000, 0.000000000000000000 ) ) ;
#3300 = VERTEX_POINT ( 'NONE', #6885 ) ;
#3301 = B_SPLINE_CURVE_WITH_KNOTS ( 'NONE', 3,
 ( #7029, #6857, #3685, #5666 ),
 .UNSPECIFIED., .F., .F.,
 ( 4, 4 ),
 ( 0.000000000000000000, 1.000000000000000000 ),
 .UNSPECIFIED. ) ;
#3302 = CARTESIAN_POINT ( 'NONE',  ( -58.96759953173464908, 6.091337094860836743, -3.500000000000013323 ) ) ;
#3303 = ORIENTED_EDGE ( 'NONE', *, *, #2890, .T. ) ;
#3304 = DIRECTION ( 'NONE',  ( -1.000000000000000000, 0.000000000000000000, 0.000000000000000000 ) ) ;
#3305 = DIRECTION ( 'NONE',  ( 0.8870108331782271538, -0.4617486132350235861, 0.000000000000000000 ) ) ;
#3306 = ADVANCED_FACE ( 'NONE', ( #5516 ), #3541, .T. ) ;
#3307 = FACE_OUTER_BOUND ( 'NONE', #2965, .T. ) ;
#3308 = ORIENTED_EDGE ( 'NONE', *, *, #6062, .T. ) ;
#3309 = ORIENTED_EDGE ( 'NONE', *, *, #8309, .F. ) ;
#3310 = CIRCLE ( 'NONE', #4423, 2.000000000000000000 ) ;
#3311 = CARTESIAN_POINT ( 'NONE',  ( -40.99791512390621051, 15.77738981431040699, 17.08578643762690774 ) ) ;
#3312 = EDGE_LOOP ( 'NONE', ( #7807, #8403, #6999, #1021 ) ) ;
#3313 = EDGE_CURVE ( 'NONE', #4854, #555, #5566, .T. ) ;
#3314 = EDGE_CURVE ( 'NONE', #5503, #7081, #6844, .T. ) ;
#3315 = AXIS2_PLACEMENT_3D ( 'NONE', #7206, #2, #3941 ) ;
#3316 = DIRECTION ( 'NONE',  ( 0.000000000000000000, 0.000000000000000000, 1.000000000000000000 ) ) ;
#3317 = CARTESIAN_POINT ( 'NONE',  ( -52.25187818006254759, 13.73701128181578035, -27.80000000000000071 ) ) ;
#3318 = CARTESIAN_POINT ( 'NONE',  ( -40.07391500554496844, -26.62261018568959514, 9.885786437626897794 ) ) ;
#3319 = AXIS2_PLACEMENT_3D ( 'NONE', #7878, #2213, #7526 ) ;
#3320 = VERTEX_POINT ( 'NONE', #6166 ) ;
#3321 = CARTESIAN_POINT ( 'NONE',  ( -47.06746880975595815, -60.39915623187684446, -27.80000000000000071 ) ) ;
#3322 = PLANE ( 'NONE',  #586 ) ;
#3323 = VERTEX_POINT ( 'NONE', #8127 ) ;
#3324 = VECTOR ( 'NONE', #1677, 1000.000000000000000 ) ;
#3325 = CARTESIAN_POINT ( 'NONE',  ( -33.28252613824997752, 14.77738981431041232, -48.87167408952667813 ) ) ;
#3326 = CARTESIAN_POINT ( 'NONE',  ( 50.92608499445506709, 21.83158812596870746, 5.968411874031142261 ) ) ;
#3327 = CIRCLE ( 'NONE', #7729, 0.9999999999999991118 ) ;
#3328 = ORIENTED_EDGE ( 'NONE', *, *, #2380, .T. ) ;
#3329 = EDGE_CURVE ( 'NONE', #8436, #7332, #4108, .T. ) ;
#3330 = VECTOR ( 'NONE', #3209, 1000.000000000000000 ) ;
#3331 = ORIENTED_EDGE ( 'NONE', *, *, #6505, .F. ) ;
#3332 = CYLINDRICAL_SURFACE ( 'NONE', #1964, 0.9999999999999991118 ) ;
#3333 = DIRECTION ( 'NONE',  ( 0.7071067811865670016, 0.7071067811865281438, 0.000000000000000000 ) ) ;
#3334 = EDGE_LOOP ( 'NONE', ( #1308, #602, #7030, #7859 ) ) ;
#3335 = EDGE_LOOP ( 'NONE', ( #5913, #5569, #463, #1742 ) ) ;
#3336 = DIRECTION ( 'NONE',  ( 0.4055797876726393580, -0.5792279653395678851, -0.7071067811865482389 ) ) ;
#3337 = LINE ( 'NONE', #4107, #8268 ) ;
#3338 = FACE_OUTER_BOUND ( 'NONE', #6216, .T. ) ;
#3339 = AXIS2_PLACEMENT_3D ( 'NONE', #3145, #1154, #5048 ) ;
#3340 = LINE ( 'NONE', #51, #1726 ) ;
#3341 = ORIENTED_EDGE ( 'NONE', *, *, #5265, .T. ) ;
#3342 = CARTESIAN_POINT ( 'NONE',  ( -37.34460315472269087, -56.23936157243641532, 12.02931185082224452 ) ) ;
#3343 = ORIENTED_EDGE ( 'NONE', *, *, #7905, .T. ) ;
#3344 = ADVANCED_FACE ( 'NONE', ( #8263 ), #1714, .F. ) ;
#3345 = VECTOR ( 'NONE', #3925, 1000.000000000000000 ) ;
#3346 = DIRECTION ( 'NONE',  ( 0.000000000000000000, 0.000000000000000000, 1.000000000000000000 ) ) ;
#3347 = ORIENTED_EDGE ( 'NONE', *, *, #8095, .F. ) ;
#3348 = CARTESIAN_POINT ( 'NONE',  ( -41.41212868627928856, 14.77738981431039100, 18.50000000000000000 ) ) ;
#3349 = VERTEX_POINT ( 'NONE', #7628 ) ;
#3350 = CARTESIAN_POINT ( 'NONE',  ( -51.50055716134375672, 13.07707437056487443, -13.50000000000000000 ) ) ;
#3351 = DIRECTION ( 'NONE',  ( -0.8191520442889910214, -0.5735764363510471586, 0.000000000000000000 ) ) ;
#3352 = VECTOR ( 'NONE', #1650, 1000.000000000000000 ) ;
#3353 = AXIS2_PLACEMENT_3D ( 'NONE', #416, #4273, #1718 ) ;
#3354 = DIRECTION ( 'NONE',  ( 1.000000000000000000, 3.700743415417188731E-15, 0.000000000000000000 ) ) ;
#3355 = ORIENTED_EDGE ( 'NONE', *, *, #5949, .T. ) ;
#3356 = CIRCLE ( 'NONE', #1460, 3.000000000000023537 ) ;
#3357 = EDGE_CURVE ( 'NONE', #8413, #1476, #2983, .T. ) ;
#3358 = DIRECTION ( 'NONE',  ( -0.7071067811865574537, -0.000000000000000000, -0.7071067811865375807 ) ) ;
#3359 = VECTOR ( 'NONE', #4575, 1000.000000000000000 ) ;
#3360 = ORIENTED_EDGE ( 'NONE', *, *, #4941, .T. ) ;
#3361 = VECTOR ( 'NONE', #2934, 1000.000000000000000 ) ;
#3362 = DIRECTION ( 'NONE',  ( 0.7071067811865450192, 0.000000000000000000, 0.7071067811865500152 ) ) ;
#3363 = FACE_OUTER_BOUND ( 'NONE', #6812, .T. ) ;
#3364 = VECTOR ( 'NONE', #8207, 1000.000000000000000 ) ;
#3365 = DIRECTION ( 'NONE',  ( -0.4055797876726415785, 0.5792279653395693284, 0.7071067811865457964 ) ) ;
#3366 = DIRECTION ( 'NONE',  ( -0.000000000000000000, -0.000000000000000000, 1.000000000000000000 ) ) ;
#3367 = EDGE_CURVE ( 'NONE', #8413, #2784, #974, .T. ) ;
#3368 = ORIENTED_EDGE ( 'NONE', *, *, #7075, .F. ) ;
#3369 = LINE ( 'NONE', #6002, #4467 ) ;
#3370 = DIRECTION ( 'NONE',  ( 0.000000000000000000, 1.000000000000000000, 0.000000000000000000 ) ) ;
#3371 = ORIENTED_EDGE ( 'NONE', *, *, #3545, .F. ) ;
#3372 = VECTOR ( 'NONE', #2541, 999.9999999999998863 ) ;
#3373 = VERTEX_POINT ( 'NONE', #3712 ) ;
#3374 = DIRECTION ( 'NONE',  ( -0.000000000000000000, 0.000000000000000000, 1.000000000000000000 ) ) ;
#3375 = B_SPLINE_CURVE_WITH_KNOTS ( 'NONE', 3,
 ( #2476, #3116, #1809, #8435, #7798, #5750 ),
 .UNSPECIFIED., .F., .F.,
 ( 4, 2, 4 ),
 ( 0.000000000000000000, 0.5000000000000000000, 1.000000000000000000 ),
 .UNSPECIFIED. ) ;
#3376 = DIRECTION ( 'NONE',  ( -0.000000000000000000, -1.000000000000000000, -1.372378306233987934E-16 ) ) ;
#3377 = EDGE_LOOP ( 'NONE', ( #1524, #6480, #4667, #3285 ) ) ;
#3378 = VERTEX_POINT ( 'NONE', #7494 ) ;
#3379 = DIRECTION ( 'NONE',  ( 0.6599369112508957080, 0.7513210187187813194, 0.000000000000000000 ) ) ;
#3380 = ADVANCED_FACE ( 'NONE', ( #5565 ), #6111, .T. ) ;
#3381 = CARTESIAN_POINT ( 'NONE',  ( 50.92608499445506709, -10.52261018568957418, 15.12842712474618878 ) ) ;
#3382 = EDGE_CURVE ( 'NONE', #7536, #1089, #4329, .T. ) ;
#3383 = EDGE_CURVE ( 'NONE', #3151, #2621, #2580, .T. ) ;
#3384 = LINE ( 'NONE', #904, #1195 ) ;
#3385 = AXIS2_PLACEMENT_3D ( 'NONE', #7134, #3346, #5338 ) ;
#3386 = DIRECTION ( 'NONE',  ( 0.000000000000000000, 0.000000000000000000, 1.000000000000000000 ) ) ;
#3387 = ORIENTED_EDGE ( 'NONE', *, *, #6169, .F. ) ;
#3388 = DIRECTION ( 'NONE',  ( -1.000000000000000000, 0.000000000000000000, 0.000000000000000000 ) ) ;
#3389 = ORIENTED_EDGE ( 'NONE', *, *, #4333, .F. ) ;
#3390 = FACE_OUTER_BOUND ( 'NONE', #2858, .T. ) ;
#3391 = AXIS2_PLACEMENT_3D ( 'NONE', #3546, #4020, #7968 ) ;
#3392 = ORIENTED_EDGE ( 'NONE', *, *, #2661, .F. ) ;
#3393 = CARTESIAN_POINT ( 'NONE',  ( -36.89034348351893300, -55.60320767320882140, -12.27371360394561783 ) ) ;
#3394 = ADVANCED_FACE ( 'NONE', ( #7447 ), #4581, .T. ) ;
#3395 = DIRECTION ( 'NONE',  ( -0.000000000000000000, 1.000000000000000000, -2.168404344970976821E-16 ) ) ;
#3396 = EDGE_CURVE ( 'NONE', #4027, #2572, #6805, .T. ) ;
#3397 = AXIS2_PLACEMENT_3D ( 'NONE', #5123, #4441, #1368 ) ;
#3398 = CARTESIAN_POINT ( 'NONE',  ( -41.41212868627932409, 13.77738981431040699, -1.500000000000001332 ) ) ;
#3399 = DIRECTION ( 'NONE',  ( 0.000000000000000000, -0.000000000000000000, -1.000000000000000000 ) ) ;
#3400 = ORIENTED_EDGE ( 'NONE', *, *, #264, .F. ) ;
#3401 = CARTESIAN_POINT ( 'NONE',  ( -51.50055716134375672, 13.07707437056487443, -18.50000000000000355 ) ) ;
#3402 = EDGE_CURVE ( 'NONE', #8174, #6280, #8222, .T. ) ;
#3403 = DIRECTION ( 'NONE',  ( 0.000000000000000000, 0.000000000000000000, -1.000000000000000000 ) ) ;
#3404 = MANIFOLD_SOLID_BREP ( 'Chamfer8', #2649 ) ;
#3405 = ORIENTED_EDGE ( 'NONE', *, *, #4840, .T. ) ;
#3406 = PLANE ( 'NONE',  #1709 ) ;
#3407 = LINE ( 'NONE', #6035, #249 ) ;
#3408 = LINE ( 'NONE', #243, #96 ) ;
#3409 = LINE ( 'NONE', #159, #6584 ) ;
#3410 = ORIENTED_EDGE ( 'NONE', *, *, #4979, .T. ) ;
#3411 = DIRECTION ( 'NONE',  ( 0.000000000000000000, 0.000000000000000000, -1.000000000000000000 ) ) ;
#3412 = LINE ( 'NONE', #938, #4595 ) ;
#3413 = LINE ( 'NONE', #2101, #7299 ) ;
#3414 = EDGE_CURVE ( 'NONE', #4076, #2572, #5655, .T. ) ;
#3415 = CARTESIAN_POINT ( 'NONE',  ( -39.99791512390620341, 15.77738981431040699, 1.085786437626907963 ) ) ;
#3416 = ORIENTED_EDGE ( 'NONE', *, *, #3121, .T. ) ;
#3417 = CARTESIAN_POINT ( 'NONE',  ( -60.45967341942196072, 2.131715627355464271, -12.49999999999998757 ) ) ;
#3418 = DIRECTION ( 'NONE',  ( -0.000000000000000000, 0.000000000000000000, -1.000000000000000000 ) ) ;
#3419 = DIRECTION ( 'NONE',  ( -0.000000000000000000, 1.000000000000000000, -2.168404344970976821E-16 ) ) ;
#3420 = DIRECTION ( 'NONE',  ( 0.000000000000000000, 0.000000000000000000, 1.000000000000000000 ) ) ;
#3421 = ORIENTED_EDGE ( 'NONE', *, *, #4962, .F. ) ;
#3422 = PLANE ( 'NONE',  #4969 ) ;
#3423 = ADVANCED_FACE ( 'NONE', ( #3673 ), #1158, .F. ) ;
#3424 = EDGE_CURVE ( 'NONE', #4640, #3977, #1203, .T. ) ;
#3425 = ORIENTED_EDGE ( 'NONE', *, *, #979, .T. ) ;
#3426 = FACE_OUTER_BOUND ( 'NONE', #3082, .T. ) ;
#3427 = ORIENTED_EDGE ( 'NONE', *, *, #874, .T. ) ;
#3428 = CARTESIAN_POINT ( 'NONE',  ( -39.58370156153312536, 15.77738981431040699, 13.49999999999997513 ) ) ;
#3429 = CARTESIAN_POINT ( 'NONE',  ( 49.92608499445507420, -8.522610185689574180, 27.80000000000000071 ) ) ;
#3430 = CARTESIAN_POINT ( 'NONE',  ( 15.65556682763982366, -40.62261018568959514, 26.80000000000001847 ) ) ;
#3431 = VECTOR ( 'NONE', #8424, 1000.000000000000000 ) ;
#3432 = VERTEX_POINT ( 'NONE', #8469 ) ;
#3433 = DIRECTION ( 'NONE',  ( 0.000000000000000000, 0.000000000000000000, 1.000000000000000000 ) ) ;
#3434 = ADVANCED_FACE ( 'NONE', ( #3107 ), #7826, .F. ) ;
#3435 = EDGE_CURVE ( 'NONE', #7643, #3815, #2414, .T. ) ;
#3436 = VECTOR ( 'NONE', #6529, 1000.000000000000000 ) ;
#3437 = DIRECTION ( 'NONE',  ( -0.5312641871840357854, 0.4666458651008135727, -0.7071067811865470176 ) ) ;
#3438 = ORIENTED_EDGE ( 'NONE', *, *, #7949, .T. ) ;
#3439 = DIRECTION ( 'NONE',  ( 0.7071067811865475727, -7.372771659631059950E-17, -0.7071067811865474617 ) ) ;
#3440 = FACE_OUTER_BOUND ( 'NONE', #5734, .T. ) ;
#3441 = CARTESIAN_POINT ( 'NONE',  ( -5.687075688526890509E-16, -8.522610185689570628, -25.80000000000000071 ) ) ;
#3442 = ADVANCED_FACE ( 'NONE', ( #3146 ), #26, .F. ) ;
#3443 = DIRECTION ( 'NONE',  ( 0.000000000000000000, -0.000000000000000000, -1.000000000000000000 ) ) ;
#3444 = AXIS2_PLACEMENT_3D ( 'NONE', #3793, #6421, #360 ) ;
#3445 = LINE ( 'NONE', #2137, #4192 ) ;
#3446 = VECTOR ( 'NONE', #5001, 1000.000000000000000 ) ;
#3447 = FACE_OUTER_BOUND ( 'NONE', #3335, .T. ) ;
#3448 = ORIENTED_EDGE ( 'NONE', *, *, #7013, .T. ) ;
#3449 = LINE ( 'NONE', #7400, #8157 ) ;
#3450 = CARTESIAN_POINT ( 'NONE',  ( 47.92608499445506709, -22.62261018568959514, 27.80000000000000071 ) ) ;
#3451 = AXIS2_PLACEMENT_3D ( 'NONE', #4690, #7305, #2462 ) ;
#3452 = EDGE_LOOP ( 'NONE', ( #3128, #5206, #774, #4343 ) ) ;
#3453 = DIRECTION ( 'NONE',  ( 0.000000000000000000, 0.000000000000000000, -1.000000000000000000 ) ) ;
#3454 = AXIS2_PLACEMENT_3D ( 'NONE', #3531, #1533, #4131 ) ;
#3455 = DIRECTION ( 'NONE',  ( -0.4055797876726427442, 0.5792279653395718819, 0.7071067811865430208 ) ) ;
#3456 = ORIENTED_EDGE ( 'NONE', *, *, #1371, .F. ) ;
#3457 = VERTEX_POINT ( 'NONE', #580 ) ;
#3458 = CIRCLE ( 'NONE', #7173, 15.00000000000000000 ) ;
#3459 = PLANE ( 'NONE',  #1825 ) ;
#3460 = CARTESIAN_POINT ( 'NONE',  ( 47.92608499445506709, -11.35103731043577469, 12.29999999999999716 ) ) ;
#3461 = CARTESIAN_POINT ( 'NONE',  ( -40.99791512390621051, 15.77738981431040699, 1.085786437626907963 ) ) ;
#3462 = EDGE_CURVE ( 'NONE', #995, #5981, #4491, .T. ) ;
#3463 = VECTOR ( 'NONE', #6176, 1000.000000000000000 ) ;
#3464 = CARTESIAN_POINT ( 'NONE',  ( -34.77347831854608984, 30.54393701659612503, 0.000000000000000000 ) ) ;
#3465 = VECTOR ( 'NONE', #5657, 1000.000000000000114 ) ;
#3466 = ORIENTED_EDGE ( 'NONE', *, *, #5180, .F. ) ;
#3467 = CARTESIAN_POINT ( 'NONE',  ( -36.76669328664470271, -55.43004505886750621, 12.29426243254827611 ) ) ;
#3468 = ORIENTED_EDGE ( 'NONE', *, *, #991, .T. ) ;
#3469 = CARTESIAN_POINT ( 'NONE',  ( 47.92608499445506709, -22.62261018568959514, 12.29999999999999538 ) ) ;
#3470 = ORIENTED_EDGE ( 'NONE', *, *, #4019, .T. ) ;
#3471 = CARTESIAN_POINT ( 'NONE',  ( -40.99791512390623183, 17.95916581580593885, 13.49999999999999822 ) ) ;
#3472 = ORIENTED_EDGE ( 'NONE', *, *, #30, .F. ) ;
#3473 = DIRECTION ( 'NONE',  ( 1.000000000000000000, 0.000000000000000000, 0.000000000000000000 ) ) ;
#3474 = DIRECTION ( 'NONE',  ( -0.000000000000000000, -0.000000000000000000, 1.000000000000000000 ) ) ;
#3475 = EDGE_CURVE ( 'NONE', #4955, #7599, #7667, .T. ) ;
#3476 = EDGE_CURVE ( 'NONE', #3818, #351, #2666, .T. ) ;
#3477 = ORIENTED_EDGE ( 'NONE', *, *, #1908, .F. ) ;
#3478 = CIRCLE ( 'NONE', #66, 1.000000000000000000 ) ;
#3479 = CARTESIAN_POINT ( 'NONE',  ( 49.92608499445506709, -11.35103731043577469, -12.30000000000000782 ) ) ;
#3480 = LINE ( 'NONE', #4687, #236 ) ;
#3481 = ORIENTED_EDGE ( 'NONE', *, *, #1156, .F. ) ;
#3482 = LINE ( 'NONE', #5506, #4730 ) ;
#3483 = VECTOR ( 'NONE', #135, 1000.000000000000000 ) ;
#3484 = CARTESIAN_POINT ( 'NONE',  ( 15.65556682763982366, -25.62261018568959159, -13.29999999999999538 ) ) ;
#3485 = EDGE_CURVE ( 'NONE', #1814, #1657, #5126, .T. ) ;
#3486 = AXIS2_PLACEMENT_3D ( 'NONE', #2917, #5542, #8154 ) ;
#3487 = EDGE_CURVE ( 'NONE', #4234, #5587, #644, .T. ) ;
#3488 = ADVANCED_FACE ( 'NONE', ( #4406 ), #7791, .F. ) ;
#3489 = CARTESIAN_POINT ( 'NONE',  ( 47.92608499445506709, -9.936823748062682427, 12.88578643762689957 ) ) ;
#3490 = AXIS2_PLACEMENT_3D ( 'NONE', #6980, #1116, #4959 ) ;
#3491 = DIRECTION ( 'NONE',  ( -0.7638339701320108199, 0.4885643456264296969, 0.4217375324238868961 ) ) ;
#3492 = AXIS2_PLACEMENT_3D ( 'NONE', #1515, #4109, #8058 ) ;
#3493 = DIRECTION ( 'NONE',  ( -1.000000000000000000, -1.080439744154498050E-16, 0.000000000000000000 ) ) ;
#3494 = FACE_OUTER_BOUND ( 'NONE', #260, .T. ) ;
#3495 = CARTESIAN_POINT ( 'NONE',  ( -40.64749144189604380, -56.85171882381155939, 9.885786437626897794 ) ) ;
#3496 = AXIS2_PLACEMENT_3D ( 'NONE', #4326, #5746, #3804 ) ;
#3497 = ORIENTED_EDGE ( 'NONE', *, *, #6258, .T. ) ;
#3498 = EDGE_CURVE ( 'NONE', #4735, #398, #7144, .T. ) ;
#3499 = STYLED_ITEM ( 'NONE', ( #414 ), #3404 ) ;
#3500 = FACE_OUTER_BOUND ( 'NONE', #3805, .T. ) ;
#3501 = CIRCLE ( 'NONE', #5558, 2.999999999999988898 ) ;
#3502 = ADVANCED_FACE ( 'NONE', ( #6387 ), #4001, .F. ) ;
#3503 = DIRECTION ( 'NONE',  ( 0.000000000000000000, 0.000000000000000000, -1.000000000000000000 ) ) ;
#3504 = ORIENTED_EDGE ( 'NONE', *, *, #5822, .T. ) ;
#3505 = DIRECTION ( 'NONE',  ( 1.000000000000000000, -0.000000000000000000, -0.000000000000000000 ) ) ;
#3506 = CARTESIAN_POINT ( 'NONE',  ( -38.78102178673147904, 1.453745685375270593E-15, -10.59289321881345636 ) ) ;
#3507 = CARTESIAN_POINT ( 'NONE',  ( -38.97274782588620923, -57.52919482446770871, -10.32893798220565529 ) ) ;
#3508 = VERTEX_POINT ( 'NONE', #8036 ) ;
#3509 = DIRECTION ( 'NONE',  ( -0.000000000000000000, 1.000000000000000000, -0.000000000000000000 ) ) ;
#3510 = FACE_OUTER_BOUND ( 'NONE', #3174, .T. ) ;
#3511 = CARTESIAN_POINT ( 'NONE',  ( -45.82754818765661042, 14.77738981431039100, -18.50000000000000355 ) ) ;
#3512 = DIRECTION ( 'NONE',  ( 0.000000000000000000, 0.000000000000000000, -1.000000000000000000 ) ) ;
#3513 = EDGE_LOOP ( 'NONE', ( #4665, #3637, #2636, #2399 ) ) ;
#3514 = LINE ( 'NONE', #6141, #6202 ) ;
#3515 = ORIENTED_EDGE ( 'NONE', *, *, #1156, .T. ) ;
#3516 = DIRECTION ( 'NONE',  ( -0.000000000000000000, -1.000000000000000000, 0.000000000000000000 ) ) ;
#3517 = VERTEX_POINT ( 'NONE', #6750 ) ;
#3518 = CARTESIAN_POINT ( 'NONE',  ( -36.82897671645983451, -55.51726562137042009, -12.28562138535990478 ) ) ;
#3519 = ORIENTED_EDGE ( 'NONE', *, *, #5422, .F. ) ;
#3520 = AXIS2_PLACEMENT_3D ( 'NONE', #4178, #5557, #5849 ) ;
#3521 = CARTESIAN_POINT ( 'NONE',  ( -65.63123590226842907, -4.471820925021154025, 26.80000000000001847 ) ) ;
#3522 = CARTESIAN_POINT ( 'NONE',  ( -40.59544778340460169, -56.81527746181984639, -10.40908643040043202 ) ) ;
#3523 = ORIENTED_EDGE ( 'NONE', *, *, #1411, .T. ) ;
#3524 = ORIENTED_EDGE ( 'NONE', *, *, #933, .F. ) ;
#3525 = LINE ( 'NONE', #2247, #5024 ) ;
#3526 = CIRCLE ( 'NONE', #7780, 1.999999999999998224 ) ;
#3527 = EDGE_CURVE ( 'NONE', #7081, #3915, #2469, .T. ) ;
#3528 = FACE_OUTER_BOUND ( 'NONE', #4747, .T. ) ;
#3529 = VERTEX_POINT ( 'NONE', #713 ) ;
#3530 = CARTESIAN_POINT ( 'NONE',  ( -3.819039799497872867, -25.62261018568957027, 27.80000000000000071 ) ) ;
#3531 = CARTESIAN_POINT ( 'NONE',  ( -3.819039799497872867, -28.62261018568959514, -27.80000000000000071 ) ) ;
#3532 = CIRCLE ( 'NONE', #7789, 1.000000000000000888 ) ;
#3533 = DIRECTION ( 'NONE',  ( 0.000000000000000000, -1.000000000000000000, 1.042667367333023879E-16 ) ) ;
#3534 = DIRECTION ( 'NONE',  ( 0.000000000000000000, -0.000000000000000000, -1.000000000000000000 ) ) ;
#3535 = ADVANCED_FACE ( 'NONE', ( #4613 ), #2256, .F. ) ;
#3536 = EDGE_CURVE ( 'NONE', #1418, #7308, #5385, .T. ) ;
#3537 = CARTESIAN_POINT ( 'NONE',  ( -1.207430005235032061E-13, 13.77738981431069831, -48.87167408952667813 ) ) ;
#3538 = FACE_OUTER_BOUND ( 'NONE', #7126, .T. ) ;
#3539 = CARTESIAN_POINT ( 'NONE',  ( -34.28252613824997042, 15.77738981431040699, 23.57157287525381406 ) ) ;
#3540 = EDGE_LOOP ( 'NONE', ( #2602, #6657, #3114, #5628 ) ) ;
#3541 = PLANE ( 'NONE',  #778 ) ;
#3542 = FACE_OUTER_BOUND ( 'NONE', #5239, .T. ) ;
#3543 = ORIENTED_EDGE ( 'NONE', *, *, #5365, .T. ) ;
#3544 = CARTESIAN_POINT ( 'NONE',  ( -59.45967341942194651, 17.95916581580593885, 18.50000000000000000 ) ) ;
#3545 = EDGE_CURVE ( 'NONE', #4632, #5589, #2010, .T. ) ;
#3546 = CARTESIAN_POINT ( 'NONE',  ( -43.26046436343602153, -56.23979298308879038, -27.80000000000000782 ) ) ;
#3547 = CARTESIAN_POINT ( 'NONE',  ( -39.99791512390620341, 13.77738981431040699, -18.50000000000000355 ) ) ;
#3548 = VERTEX_POINT ( 'NONE', #1535 ) ;
#3549 = CARTESIAN_POINT ( 'NONE',  ( 50.92608499445506709, -9.815503404503020946, 14.42132034355963022 ) ) ;
#3550 = DIRECTION ( 'NONE',  ( 0.000000000000000000, 1.000000000000000000, 1.372378306233987934E-16 ) ) ;
#3551 = LINE ( 'NONE', #1599, #5289 ) ;
#3552 = CARTESIAN_POINT ( 'NONE',  ( -39.99791512390620341, 13.77738981431040699, 13.50000000000000000 ) ) ;
#3553 = ORIENTED_EDGE ( 'NONE', *, *, #3698, .F. ) ;
#3554 = FACE_OUTER_BOUND ( 'NONE', #255, .T. ) ;
#3555 = ORIENTED_EDGE ( 'NONE', *, *, #4638, .F. ) ;
#3556 = DIRECTION ( 'NONE',  ( -1.000000000000000000, 0.000000000000000000, 0.000000000000000000 ) ) ;
#3557 = EDGE_CURVE ( 'NONE', #5620, #2509, #69, .T. ) ;
#3558 = ORIENTED_EDGE ( 'NONE', *, *, #1252, .T. ) ;
#3559 = DIRECTION ( 'NONE',  ( 0.000000000000000000, 0.000000000000000000, -1.000000000000000000 ) ) ;
#3560 = ORIENTED_EDGE ( 'NONE', *, *, #947, .F. ) ;
#3561 = LINE ( 'NONE', #4939, #7955 ) ;
#3562 = CARTESIAN_POINT ( 'NONE',  ( -36.30645759615187274, 31.89045812311326600, 27.80000000000000071 ) ) ;
#3563 = EDGE_LOOP ( 'NONE', ( #4249, #4251, #2527, #6499 ) ) ;
#3564 = DIRECTION ( 'NONE',  ( 0.000000000000000000, 0.7071067811865512365, -0.7071067811865439090 ) ) ;
#3565 = LINE ( 'NONE', #4901, #655 ) ;
#3566 = ORIENTED_EDGE ( 'NONE', *, *, #7710, .F. ) ;
#3567 = FACE_OUTER_BOUND ( 'NONE', #2206, .T. ) ;
#3568 = FACE_OUTER_BOUND ( 'NONE', #434, .T. ) ;
#3569 = FACE_OUTER_BOUND ( 'NONE', #5790, .T. ) ;
#3570 = EDGE_CURVE ( 'NONE', #6651, #1233, #3760, .T. ) ;
#3571 = CIRCLE ( 'NONE', #1401, 2.999999999999995559 ) ;
#3572 = DIRECTION ( 'NONE',  ( 0.000000000000000000, -1.000000000000000000, -1.084202172485504434E-16 ) ) ;
#3573 = CARTESIAN_POINT ( 'NONE',  ( -38.23557861929779733, -55.16287928392360840, -13.03566360465194940 ) ) ;
#3574 = CARTESIAN_POINT ( 'NONE',  ( 0.000000000000000000, -25.62261018568959159, 26.80000000000001492 ) ) ;
#3575 = DIRECTION ( 'NONE',  ( -0.4055797876726398021, 0.5792279653395698835, -0.7071067811865464625 ) ) ;
#3576 = ORIENTED_EDGE ( 'NONE', *, *, #599, .T. ) ;
#3577 = VECTOR ( 'NONE', #986, 1000.000000000000000 ) ;
#3578 = CARTESIAN_POINT ( 'NONE',  ( -47.74395206774986633, 9.777389814310405214, 27.80000000000000071 ) ) ;
#3579 = EDGE_CURVE ( 'NONE', #8356, #5929, #2089, .T. ) ;
#3580 = EDGE_CURVE ( 'NONE', #6278, #3962, #194, .T. ) ;
#3581 = VERTEX_POINT ( 'NONE', #2052 ) ;
#3582 = CARTESIAN_POINT ( 'NONE',  ( -50.97768782552932976, 15.77738981431040699, 2.106013736004080705 ) ) ;
#3583 = ORIENTED_EDGE ( 'NONE', *, *, #7142, .T. ) ;
#3584 = CARTESIAN_POINT ( 'NONE',  ( -38.86902242779785155, -59.82548539069996707, -10.49577653381793141 ) ) ;
#3585 = DIRECTION ( 'NONE',  ( -0.5000000000000011102, -0.7071067811865512365, -0.4999999999999936717 ) ) ;
#3586 = CARTESIAN_POINT ( 'NONE',  ( -40.23770628640595248, -56.56478416889095939, -11.10576663000285258 ) ) ;
#3587 = ORIENTED_EDGE ( 'NONE', *, *, #5005, .F. ) ;
#3588 = CARTESIAN_POINT ( 'NONE',  ( -37.40778422671326808, -59.46634976519406024, 12.80678037698604754 ) ) ;
#3589 = DIRECTION ( 'NONE',  ( 0.000000000000000000, 0.000000000000000000, 1.000000000000000000 ) ) ;
#3590 = CIRCLE ( 'NONE', #8386, 1.000000000000000888 ) ;
#3591 = DIRECTION ( 'NONE',  ( 0.000000000000000000, 0.000000000000000000, -1.000000000000000000 ) ) ;
#3592 = EDGE_CURVE ( 'NONE', #4806, #5309, #2176, .T. ) ;
#3593 = DIRECTION ( 'NONE',  ( -0.000000000000000000, -0.7071067811865497932, -0.7071067811865452413 ) ) ;
#3594 = ORIENTED_EDGE ( 'NONE', *, *, #4929, .F. ) ;
#3595 = CARTESIAN_POINT ( 'NONE',  ( -62.45967341942196072, -2.471820925021154025, 26.80000000000001492 ) ) ;
#3596 = VERTEX_POINT ( 'NONE', #4048 ) ;
#3597 = CARTESIAN_POINT ( 'NONE',  ( -40.99791512390621051, 13.77738981431040699, -14.91421356237309404 ) ) ;
#3598 = VECTOR ( 'NONE', #7160, 1000.000000000000000 ) ;
#3599 = ORIENTED_EDGE ( 'NONE', *, *, #6243, .T. ) ;
#3600 = CARTESIAN_POINT ( 'NONE',  ( -39.07391500554492580, -60.11242004562343055, 9.885786437626896017 ) ) ;
#3601 = EDGE_LOOP ( 'NONE', ( #5493, #7618, #3826, #5441 ) ) ;
#3602 = CARTESIAN_POINT ( 'NONE',  ( 15.63326077771475298, -22.32661021857295580, 13.29999999999997939 ) ) ;
#3603 = CARTESIAN_POINT ( 'NONE',  ( 50.92608499445506709, -10.52261018568957418, 15.12842712474618878 ) ) ;
#3604 = VECTOR ( 'NONE', #6390, 999.9999999999998863 ) ;
#3605 = EDGE_CURVE ( 'NONE', #1590, #2062, #4654, .T. ) ;
#3606 = PLANE ( 'NONE',  #2154 ) ;
#3607 = CARTESIAN_POINT ( 'NONE',  ( 50.92608499445506709, -10.64393052924922145, 13.59289321881344037 ) ) ;
#3608 = ORIENTED_EDGE ( 'NONE', *, *, #3121, .F. ) ;
#3609 = CARTESIAN_POINT ( 'NONE',  ( -38.64749144189602958, -55.45130374739211732, 12.71421356237310185 ) ) ;
#3610 = CARTESIAN_POINT ( 'NONE',  ( -38.07391500554492580, -1.130586570588444800E-15, 9.885786437626903123 ) ) ;
#3611 = DIRECTION ( 'NONE',  ( -0.5000000000000054401, 0.7071067811865451302, -0.4999999999999981681 ) ) ;
#3612 = B_SPLINE_SURFACE_WITH_KNOTS ( 'NONE', 1, 3, ( 
 ( #6132, #5524, #3955, #2861, #4877, #7502, #1644, #3586, #899, #4238 ),
 ( #7223, #703, #5936, #5293, #7907, #3507, #60, #514, #2395, #4410 ) ),
 .UNSPECIFIED., .F., .F., .F.,
 ( 2, 2 ),
 ( 4, 2, 2, 2, 4 ),
 ( 0.000000000000000000, 1.000000000000000000 ),
 ( 3.141592653589793560, 3.337942194439154520, 3.534291735288515923, 3.730641276137877327, 3.926990816987238730 ),
 .UNSPECIFIED. ) ;
#3613 = CIRCLE ( 'NONE', #2125, 4.999999999999985789 ) ;
#3614 = DIRECTION ( 'NONE',  ( 0.000000000000000000, 1.000000000000000000, 0.000000000000000000 ) ) ;
#3615 = CIRCLE ( 'NONE', #5552, 1.999999999999998224 ) ;
#3616 = LINE ( 'NONE', #4952, #119 ) ;
#3617 = ADVANCED_FACE ( 'NONE', ( #1448 ), #757, .T. ) ;
#3618 = CARTESIAN_POINT ( 'NONE',  ( -58.96759953173464908, 6.091337094860836743, 3.500000000000016875 ) ) ;
#3619 = AXIS2_PLACEMENT_3D ( 'NONE', #1875, #3305, #3958 ) ;
#3620 = DIRECTION ( 'NONE',  ( 0.000000000000000000, -0.000000000000000000, -1.000000000000000000 ) ) ;
#3621 = ORIENTED_EDGE ( 'NONE', *, *, #4775, .F. ) ;
#3622 = SURFACE_STYLE_FILL_AREA ( #6300 ) ;
#3623 = ORIENTED_EDGE ( 'NONE', *, *, #1267, .T. ) ;
#3624 = DIRECTION ( 'NONE',  ( 0.7071067811865574537, 0.000000000000000000, 0.7071067811865375807 ) ) ;
#3625 = AXIS2_PLACEMENT_3D ( 'NONE', #6681, #4784, #1546 ) ;
#3626 = CONICAL_SURFACE ( 'NONE', #762, 2.000000000000015543, 0.7853981633974488341 ) ;
#3627 = CARTESIAN_POINT ( 'NONE',  ( -39.04193158279028353, -60.06762997820233352, -10.14506936529184067 ) ) ;
#3628 = CARTESIAN_POINT ( 'NONE',  ( -39.10011833399412495, -60.65133486428150178, 11.11445880012081311 ) ) ;
#3629 = EDGE_CURVE ( 'NONE', #5519, #2868, #7351, .T. ) ;
#3630 = VECTOR ( 'NONE', #7521, 1000.000000000000000 ) ;
#3631 = LINE ( 'NONE', #2318, #5155 ) ;
#3632 = VECTOR ( 'NONE', #1445, 1000.000000000000000 ) ;
#3633 = ORIENTED_EDGE ( 'NONE', *, *, #3383, .F. ) ;
#3634 = CARTESIAN_POINT ( 'NONE',  ( -60.45967341942196072, 2.131715627355464271, -26.80000000000001492 ) ) ;
#3635 = DIRECTION ( 'NONE',  ( -0.3420201433256697676, 0.9396926207859080948, 0.000000000000000000 ) ) ;
#3636 = CIRCLE ( 'NONE', #5018, 1.999999999999998224 ) ;
#3637 = ORIENTED_EDGE ( 'NONE', *, *, #6877, .T. ) ;
#3638 = CARTESIAN_POINT ( 'NONE',  ( 0.000000000000000000, -25.62261018568959159, 27.80000000000000071 ) ) ;
#3639 = CARTESIAN_POINT ( 'NONE',  ( -39.07391941510958588, -57.67087704332141840, 9.951236650387880189 ) ) ;
#3640 = ORIENTED_EDGE ( 'NONE', *, *, #5443, .F. ) ;
#3641 = CONICAL_SURFACE ( 'NONE', #1329, 3.000000000000023093, 0.7853981633974523868 ) ;
#3642 = ORIENTED_EDGE ( 'NONE', *, *, #107, .T. ) ;
#3643 = CARTESIAN_POINT ( 'NONE',  ( -45.82754818765661042, 17.95916581580593885, 18.50000000000000000 ) ) ;
#3644 = ORIENTED_EDGE ( 'NONE', *, *, #5077, .F. ) ;
#3645 = DIRECTION ( 'NONE',  ( 0.000000000000000000, 0.000000000000000000, -1.000000000000000000 ) ) ;
#3646 = ADVANCED_FACE ( 'NONE', ( #3440 ), #116, .F. ) ;
#3647 = EDGE_CURVE ( 'NONE', #865, #436, #7597, .T. ) ;
#3648 = VERTEX_POINT ( 'NONE', #3489 ) ;
#3649 = VERTEX_POINT ( 'NONE', #7392 ) ;
#3650 = AXIS2_PLACEMENT_3D ( 'NONE', #33, #5824, #2639 ) ;
#3651 = FACE_OUTER_BOUND ( 'NONE', #6829, .T. ) ;
#3652 = ORIENTED_EDGE ( 'NONE', *, *, #6942, .T. ) ;
#3653 = CARTESIAN_POINT ( 'NONE',  ( -52.25187818006254759, 13.73701128181578213, 12.49999999999998757 ) ) ;
#3654 = DIRECTION ( 'NONE',  ( -6.672927148628874909E-17, -1.000000000000000000, 0.000000000000000000 ) ) ;
#3655 = CARTESIAN_POINT ( 'NONE',  ( -37.36680822435838678, -58.71200496920402401, -12.00710678118656283 ) ) ;
#3656 = VECTOR ( 'NONE', #2373, 999.9999999999998863 ) ;
#3657 = EDGE_CURVE ( 'NONE', #7590, #6601, #6118, .T. ) ;
#3658 = VECTOR ( 'NONE', #6455, 1000.000000000000114 ) ;
#3659 = DIRECTION ( 'NONE',  ( 0.000000000000000000, 0.7071067811865500152, 0.7071067811865451302 ) ) ;
#3660 = ORIENTED_EDGE ( 'NONE', *, *, #2630, .F. ) ;
#3661 = LINE ( 'NONE', #3703, #1005 ) ;
#3662 = EDGE_CURVE ( 'NONE', #2027, #84, #3964, .T. ) ;
#3663 = CYLINDRICAL_SURFACE ( 'NONE', #5130, 0.9999999999999991118 ) ;
#3664 = CYLINDRICAL_SURFACE ( 'NONE', #619, 4.999999999999997335 ) ;
#3665 = VECTOR ( 'NONE', #4324, 1000.000000000000000 ) ;
#3666 = CARTESIAN_POINT ( 'NONE',  ( -59.72988597684204848, 2.131715627355454945, 18.77021255742011263 ) ) ;
#3667 = CARTESIAN_POINT ( 'NONE',  ( 0.000000000000000000, 14.77738981431041232, 27.80000000000000071 ) ) ;
#3668 = VECTOR ( 'NONE', #6509, 1000.000000000000000 ) ;
#3669 = EDGE_CURVE ( 'NONE', #6565, #7627, #6244, .T. ) ;
#3670 = DIRECTION ( 'NONE',  ( 0.000000000000000000, 0.000000000000000000, -1.000000000000000000 ) ) ;
#3671 = ORIENTED_EDGE ( 'NONE', *, *, #7591, .T. ) ;
#3672 = AXIS2_PLACEMENT_3D ( 'NONE', #8433, #1773, #7714 ) ;
#3673 = FACE_OUTER_BOUND ( 'NONE', #4418, .T. ) ;
#3674 = ORIENTED_EDGE ( 'NONE', *, *, #4486, .F. ) ;
#3675 = DIRECTION ( 'NONE',  ( 0.000000000000000000, -0.000000000000000000, -1.000000000000000000 ) ) ;
#3676 = VECTOR ( 'NONE', #7140, 1000.000000000000000 ) ;
#3677 = LINE ( 'NONE', #2352, #8272 ) ;
#3678 = DIRECTION ( 'NONE',  ( 0.000000000000000000, 0.000000000000000000, 1.000000000000000000 ) ) ;
#3679 = DIRECTION ( 'NONE',  ( 1.000000000000000000, 1.080439744154498050E-16, 0.000000000000000000 ) ) ;
#3680 = ORIENTED_EDGE ( 'NONE', *, *, #1669, .F. ) ;
#3681 = DIRECTION ( 'NONE',  ( 0.000000000000000000, 0.000000000000000000, 1.000000000000000000 ) ) ;
#3682 = LINE ( 'NONE', #5619, #1014 ) ;
#3683 = EDGE_LOOP ( 'NONE', ( #3328, #4504, #3560, #1250 ) ) ;
#3684 = DIRECTION ( 'NONE',  ( -1.000000000000000000, -2.674365358797578524E-15, 0.000000000000000000 ) ) ;
#3685 = CARTESIAN_POINT ( 'NONE',  ( -36.46850929772148220, -57.99481265362162929, 12.63333333333331865 ) ) ;
#3686 = ADVANCED_FACE ( 'NONE', ( #408 ), #3705, .F. ) ;
#3687 = ORIENTED_EDGE ( 'NONE', *, *, #8336, .T. ) ;
#3688 = ORIENTED_EDGE ( 'NONE', *, *, #3214, .F. ) ;
#3689 = DIRECTION ( 'NONE',  ( -1.000000000000000000, 0.000000000000000000, 0.000000000000000000 ) ) ;
#3690 = ORIENTED_EDGE ( 'NONE', *, *, #6295, .T. ) ;
#3691 = DIRECTION ( 'NONE',  ( -0.7071067811865445751, 0.000000000000000000, -0.7071067811865504593 ) ) ;
#3692 = VERTEX_POINT ( 'NONE', #4263 ) ;
#3693 = ORIENTED_EDGE ( 'NONE', *, *, #3698, .T. ) ;
#3694 = ORIENTED_EDGE ( 'NONE', *, *, #5068, .T. ) ;
#3695 = FACE_OUTER_BOUND ( 'NONE', #8235, .T. ) ;
#3696 = LINE ( 'NONE', #6826, #4805 ) ;
#3697 = FACE_OUTER_BOUND ( 'NONE', #5096, .T. ) ;
#3698 = EDGE_CURVE ( 'NONE', #2062, #3349, #3478, .T. ) ;
#3699 = ADVANCED_FACE ( 'NONE', ( #4223 ), #2926, .T. ) ;
#3700 = VERTEX_POINT ( 'NONE', #1013 ) ;
#3701 = DIRECTION ( 'NONE',  ( 0.8191520442889910214, 0.5735764363510472696, 0.000000000000000000 ) ) ;
#3702 = VERTEX_POINT ( 'NONE', #277 ) ;
#3703 = CARTESIAN_POINT ( 'NONE',  ( 49.92608499445507420, -9.108396623316474816, 26.38578643762690490 ) ) ;
#3704 = DIRECTION ( 'NONE',  ( 0.000000000000000000, 1.000000000000000000, 0.000000000000000000 ) ) ;
#3705 = CYLINDRICAL_SURFACE ( 'NONE', #7620, 1.000000000000000888 ) ;
#3706 = EDGE_LOOP ( 'NONE', ( #5314, #2053, #7288, #4892 ) ) ;
#3707 = ADVANCED_FACE ( 'NONE', ( #8077 ), #3017, .F. ) ;
#3708 = CIRCLE ( 'NONE', #3287, 2.000000000000001776 ) ;
#3709 = DIRECTION ( 'NONE',  ( -0.4055797876726388029, 0.5792279653395682182, 0.7071067811865483499 ) ) ;
#3710 = CARTESIAN_POINT ( 'NONE',  ( -39.39819105850075687, -60.86004763291574449, 10.53021707806423812 ) ) ;
#3711 = ORIENTED_EDGE ( 'NONE', *, *, #1549, .T. ) ;
#3712 = CARTESIAN_POINT ( 'NONE',  ( -36.84545985704963300, 13.77738981431037324, -27.68603248292326313 ) ) ;
#3713 = AXIS2_PLACEMENT_3D ( 'NONE', #4387, #4254, #2244 ) ;
#3714 = ORIENTED_EDGE ( 'NONE', *, *, #3647, .T. ) ;
#3715 = CARTESIAN_POINT ( 'NONE',  ( -39.99791512390620341, 14.77738981431039100, 1.085786437626907963 ) ) ;
#3716 = EDGE_CURVE ( 'NONE', #7870, #3548, #217, .T. ) ;
#3717 = FACE_OUTER_BOUND ( 'NONE', #5372, .T. ) ;
#3718 = AXIS2_PLACEMENT_3D ( 'NONE', #889, #1584, #4866 ) ;
#3719 = LINE ( 'NONE', #3072, #2974 ) ;
#3720 = DIRECTION ( 'NONE',  ( 0.000000000000000000, -1.000000000000000000, -1.143648588528323197E-16 ) ) ;
#3721 = ORIENTED_EDGE ( 'NONE', *, *, #6752, .F. ) ;
#3722 = DIRECTION ( 'NONE',  ( -6.672927148628871211E-17, -1.000000000000000000, 0.000000000000000000 ) ) ;
#3723 = CARTESIAN_POINT ( 'NONE',  ( -37.23327787952291601, -54.46106075038005656, 13.30000000000003091 ) ) ;
#3724 = ORIENTED_EDGE ( 'NONE', *, *, #7003, .T. ) ;
#3725 = LINE ( 'NONE', #6353, #6785 ) ;
#3726 = ORIENTED_EDGE ( 'NONE', *, *, #4391, .T. ) ;
#3727 = CARTESIAN_POINT ( 'NONE',  ( -36.65028782659041440, 28.40723817844177645, 4.309385592831651124 ) ) ;
#3728 = ORIENTED_EDGE ( 'NONE', *, *, #6372, .T. ) ;
#3729 = EDGE_LOOP ( 'NONE', ( #590, #5879, #6178, #8102 ) ) ;
#3730 = DIRECTION ( 'NONE',  ( 0.000000000000000000, 0.000000000000000000, 1.000000000000000000 ) ) ;
#3731 = CARTESIAN_POINT ( 'NONE',  ( -38.82853941318030877, -57.32724767245100139, 10.54537559236461952 ) ) ;
#3732 = ORIENTED_EDGE ( 'NONE', *, *, #5523, .T. ) ;
#3733 = CIRCLE ( 'NONE', #177, 1.000000000000000888 ) ;
#3734 = ORIENTED_EDGE ( 'NONE', *, *, #5773, .F. ) ;
#3735 = ADVANCED_FACE ( 'NONE', ( #1108 ), #5643, .T. ) ;
#3736 = DIRECTION ( 'NONE',  ( -0.8191520442889910214, -0.5735764363510472696, 0.000000000000000000 ) ) ;
#3737 = ORIENTED_EDGE ( 'NONE', *, *, #3963, .T. ) ;
#3738 = CARTESIAN_POINT ( 'NONE',  ( -40.70502190509278506, 13.77738981431040699, 13.79289321881343966 ) ) ;
#3739 = CARTESIAN_POINT ( 'NONE',  ( -2.671886926795777217, -30.26091427426757718, -26.80000000000000782 ) ) ;
#3740 = CIRCLE ( 'NONE', #1011, 2.000000000000001776 ) ;
#3741 = ORIENTED_EDGE ( 'NONE', *, *, #6229, .T. ) ;
#3742 = EDGE_LOOP ( 'NONE', ( #950, #3448, #2617, #1407 ) ) ;
#3743 = CONICAL_SURFACE ( 'NONE', #4009, 2.000000000000015543, 0.7853981633974482790 ) ;
#3744 = CIRCLE ( 'NONE', #1700, 5.000000000000004441 ) ;
#3745 = DIRECTION ( 'NONE',  ( -0.000000000000000000, -0.000000000000000000, 1.000000000000000000 ) ) ;
#3746 = ORIENTED_EDGE ( 'NONE', *, *, #3846, .T. ) ;
#3747 = ORIENTED_EDGE ( 'NONE', *, *, #5005, .T. ) ;
#3748 = ADVANCED_FACE ( 'NONE', ( #3569 ), #1627, .F. ) ;
#3749 = DIRECTION ( 'NONE',  ( 1.000000000000000000, 0.000000000000000000, -0.000000000000000000 ) ) ;
#3750 = EDGE_CURVE ( 'NONE', #4027, #5503, #967, .T. ) ;
#3751 = CYLINDRICAL_SURFACE ( 'NONE', #5941, 1.000000000000000000 ) ;
#3752 = AXIS2_PLACEMENT_3D ( 'NONE', #3381, #7971, #4711 ) ;
#3753 = VECTOR ( 'NONE', #4224, 1000.000000000000000 ) ;
#3754 = CARTESIAN_POINT ( 'NONE',  ( -38.55493709941539748, -55.38649649909314832, -12.80678037698610439 ) ) ;
#3755 = EDGE_CURVE ( 'NONE', #2990, #724, #8166, .T. ) ;
#3756 = ADVANCED_FACE ( 'NONE', ( #4908 ), #7527, .F. ) ;
#3757 = CARTESIAN_POINT ( 'NONE',  ( -46.07954222579373038, -57.26585341306579835, -27.80000000000000071 ) ) ;
#3758 = ORIENTED_EDGE ( 'NONE', *, *, #2185, .T. ) ;
#3759 = DIRECTION ( 'NONE',  ( 0.000000000000000000, -0.7071067811865495711, 0.7071067811865455743 ) ) ;
#3760 = CIRCLE ( 'NONE', #502, 3.000000000000002665 ) ;
#3761 = DIRECTION ( 'NONE',  ( 0.000000000000000000, 0.000000000000000000, -1.000000000000000000 ) ) ;
#3762 = LINE ( 'NONE', #6392, #1360 ) ;
#3763 = DIRECTION ( 'NONE',  ( 0.4055797876726408568, -0.5792279653395694394, 0.7071067811865461294 ) ) ;
#3764 = EDGE_CURVE ( 'NONE', #8162, #5519, #71, .T. ) ;
#3765 = ORIENTED_EDGE ( 'NONE', *, *, #2370, .T. ) ;
#3766 = CARTESIAN_POINT ( 'NONE',  ( 50.92608499445506709, -10.64393052924921612, -13.59289321881344570 ) ) ;
#3767 = CARTESIAN_POINT ( 'NONE',  ( -22.91597111679887888, -46.15187071552736597, 26.45794388874614356 ) ) ;
#3768 = ORIENTED_EDGE ( 'NONE', *, *, #6678, .F. ) ;
#3769 = EDGE_CURVE ( 'NONE', #3274, #6521, #5128, .T. ) ;
#3770 = VECTOR ( 'NONE', #822, 1000.000000000000000 ) ;
#3771 = PLANE ( 'NONE',  #1056 ) ;
#3772 = ORIENTED_EDGE ( 'NONE', *, *, #5036, .F. ) ;
#3773 = CIRCLE ( 'NONE', #73, 15.00000000000000000 ) ;
#3774 = DIRECTION ( 'NONE',  ( 1.000000000000000000, 0.000000000000000000, 0.000000000000000000 ) ) ;
#3775 = ORIENTED_EDGE ( 'NONE', *, *, #2439, .T. ) ;
#3776 = VERTEX_POINT ( 'NONE', #6924 ) ;
#3777 = CARTESIAN_POINT ( 'NONE',  ( 47.92608499445506709, -24.62261018568959869, 27.80000000000000071 ) ) ;
#3778 = VECTOR ( 'NONE', #8075, 1000.000000000000000 ) ;
#3779 = DIRECTION ( 'NONE',  ( 0.000000000000000000, -1.000000000000000000, 1.042667367333023879E-16 ) ) ;
#3780 = ORIENTED_EDGE ( 'NONE', *, *, #4034, .F. ) ;
#3781 = ORIENTED_EDGE ( 'NONE', *, *, #2123, .F. ) ;
#3782 = ORIENTED_EDGE ( 'NONE', *, *, #2083, .T. ) ;
#3783 = CARTESIAN_POINT ( 'NONE',  ( -41.41212868627932409, 15.77738981431040699, -3.500000000000020428 ) ) ;
#3784 = ORIENTED_EDGE ( 'NONE', *, *, #4551, .T. ) ;
#3785 = FACE_OUTER_BOUND ( 'NONE', #7280, .T. ) ;
#3786 = VECTOR ( 'NONE', #5616, 1000.000000000000000 ) ;
#3787 = ORIENTED_EDGE ( 'NONE', *, *, #310, .T. ) ;
#3788 = CARTESIAN_POINT ( 'NONE',  ( -60.45967341942196072, 2.131715627355464271, 27.80000000000000071 ) ) ;
#3789 = EDGE_LOOP ( 'NONE', ( #6485, #6527, #3902, #1127 ) ) ;
#3790 = CARTESIAN_POINT ( 'NONE',  ( -3.819039799497872867, -28.62261018568959514, -12.30000000000001137 ) ) ;
#3791 = DIRECTION ( 'NONE',  ( 1.000000000000000000, 0.000000000000000000, 0.000000000000000000 ) ) ;
#3792 = ORIENTED_EDGE ( 'NONE', *, *, #3843, .F. ) ;
#3793 = CARTESIAN_POINT ( 'NONE',  ( 0.000000000000000000, 15.77738981431040699, -48.87167408952667813 ) ) ;
#3794 = CARTESIAN_POINT ( 'NONE',  ( -3.819039799497872867, -28.62261018568959514, 27.80000000000000071 ) ) ;
#3795 = AXIS2_PLACEMENT_3D ( 'NONE', #5990, #3437, #4731 ) ;
#3796 = ADVANCED_FACE ( 'NONE', ( #1064 ), #3664, .T. ) ;
#3797 = CARTESIAN_POINT ( 'NONE',  ( -40.99791512390621051, 13.77738981431040699, 17.08578643762690774 ) ) ;
#3798 = CARTESIAN_POINT ( 'NONE',  ( -39.59844048432863417, -57.39782018667091279, -9.885786437626924439 ) ) ;
#3799 = EDGE_CURVE ( 'NONE', #1820, #1963, #2378, .T. ) ;
#3800 = EDGE_CURVE ( 'NONE', #8395, #5515, #5410, .T. ) ;
#3801 = CARTESIAN_POINT ( 'NONE',  ( -38.78102178673147904, -59.70224796621606345, 10.59289321881344037 ) ) ;
#3802 = AXIS2_PLACEMENT_3D ( 'NONE', #5572, #982, #3678 ) ;
#3803 = CARTESIAN_POINT ( 'NONE',  ( -36.80384648180960028, 15.77738981431040699, -26.50710678118655395 ) ) ;
#3804 = DIRECTION ( 'NONE',  ( 0.000000000000000000, 0.000000000000000000, -1.000000000000000000 ) ) ;
#3805 = EDGE_LOOP ( 'NONE', ( #5918, #5686, #8291, #5305 ) ) ;
#3806 = CARTESIAN_POINT ( 'NONE',  ( 47.92608499445506709, -22.62261018568959514, 13.29999999999998117 ) ) ;
#3807 = DIRECTION ( 'NONE',  ( 0.000000000000000000, 0.000000000000000000, -1.000000000000000000 ) ) ;
#3808 = ORIENTED_EDGE ( 'NONE', *, *, #4116, .F. ) ;
#3809 = DIRECTION ( 'NONE',  ( 0.000000000000000000, -0.7071067811865474617, 0.7071067811865474617 ) ) ;
#3810 = EDGE_LOOP ( 'NONE', ( #6970, #4582, #7121, #2165 ) ) ;
#3811 = CIRCLE ( 'NONE', #8198, 1.000000000000000888 ) ;
#3812 = CARTESIAN_POINT ( 'NONE',  ( -36.75206966639792228, -57.85111468941860835, 12.29572597402576584 ) ) ;
#3813 = VERTEX_POINT ( 'NONE', #7813 ) ;
#3814 = EDGE_CURVE ( 'NONE', #1595, #7143, #97, .T. ) ;
#3815 = VERTEX_POINT ( 'NONE', #741 ) ;
#3816 = FACE_OUTER_BOUND ( 'NONE', #2319, .T. ) ;
#3817 = CARTESIAN_POINT ( 'NONE',  ( -47.74395206774986633, 9.777389814310405214, 27.80000000000000071 ) ) ;
#3818 = VERTEX_POINT ( 'NONE', #5044 ) ;
#3819 = ORIENTED_EDGE ( 'NONE', *, *, #2239, .T. ) ;
#3820 = LINE ( 'NONE', #7504, #7414 ) ;
#3821 = DIRECTION ( 'NONE',  ( -1.000000000000000000, 0.000000000000000000, 0.000000000000000000 ) ) ;
#3822 = VERTEX_POINT ( 'NONE', #8299 ) ;
#3823 = CARTESIAN_POINT ( 'NONE',  ( -58.21627851301586531, 5.431400183609929933, 18.50000000000000355 ) ) ;
#3824 = EDGE_LOOP ( 'NONE', ( #3694, #2497, #3576, #4290 ) ) ;
#3825 = DIRECTION ( 'NONE',  ( -0.000000000000000000, -0.000000000000000000, -1.000000000000000000 ) ) ;
#3826 = ORIENTED_EDGE ( 'NONE', *, *, #7893, .F. ) ;
#3827 = EDGE_CURVE ( 'NONE', #6420, #637, #6532, .T. ) ;
#3828 = DIRECTION ( 'NONE',  ( 0.000000000000000000, 1.000000000000000000, 0.000000000000000000 ) ) ;
#3829 = LINE ( 'NONE', #7006, #5836 ) ;
#3830 = ORIENTED_EDGE ( 'NONE', *, *, #30, .T. ) ;
#3831 = DIRECTION ( 'NONE',  ( 0.000000000000000000, -1.000000000000000000, 0.000000000000000000 ) ) ;
#3832 = CARTESIAN_POINT ( 'NONE',  ( -39.25967341942191524, 10.16317625193741492, 27.80000000000000071 ) ) ;
#3833 = PRODUCT ( '\X2\041f043e04340441044204300432043a0430\X0\', '\X2\041f043e04340441044204300432043a0430\X0\', '', ( #4390 ) ) ;
#3834 = DIRECTION ( 'NONE',  ( 0.000000000000000000, 1.000000000000000000, 0.000000000000000000 ) ) ;
#3835 = CARTESIAN_POINT ( 'NONE',  ( 47.92608499445506709, -8.522610185689574180, 15.12842712474618878 ) ) ;
#3836 = EDGE_CURVE ( 'NONE', #5113, #5519, #6570, .T. ) ;
#3837 = CARTESIAN_POINT ( 'NONE',  ( -39.09998343166255097, -60.65124040465198618, -11.11459368427621008 ) ) ;
#3838 = CARTESIAN_POINT ( 'NONE',  ( -36.30645759615187274, 31.89045812311326600, 27.80000000000000071 ) ) ;
#3839 = DIRECTION ( 'NONE',  ( 0.4055797876726397466, -0.5792279653395686623, -0.7071067811865474617 ) ) ;
#3840 = DIRECTION ( 'NONE',  ( 0.000000000000000000, 1.000000000000000000, 1.372378306233987934E-16 ) ) ;
#3841 = ORIENTED_EDGE ( 'NONE', *, *, #3827, .T. ) ;
#3842 = PLANE ( 'NONE',  #992 ) ;
#3843 = EDGE_CURVE ( 'NONE', #3529, #1414, #1588, .T. ) ;
#3844 = LINE ( 'NONE', #5183, #2915 ) ;
#3845 = ORIENTED_EDGE ( 'NONE', *, *, #4130, .F. ) ;
#3846 = EDGE_CURVE ( 'NONE', #415, #7644, #4594, .T. ) ;
#3847 = CARTESIAN_POINT ( 'NONE',  ( -37.36680822435838678, -25.62261018568959159, 12.00710678118654329 ) ) ;
#3848 = ORIENTED_EDGE ( 'NONE', *, *, #7473, .T. ) ;
#3849 = LINE ( 'NONE', #687, #2272 ) ;
#3850 = ORIENTED_EDGE ( 'NONE', *, *, #1560, .T. ) ;
#3851 = VERTEX_POINT ( 'NONE', #3861 ) ;
#3852 = CARTESIAN_POINT ( 'NONE',  ( -40.29080834271967149, 13.77738981431040699, -1.792893218813453649 ) ) ;
#3853 = AXIS2_PLACEMENT_3D ( 'NONE', #5926, #48, #2574 ) ;
#3854 = CARTESIAN_POINT ( 'NONE',  ( -37.87770852011302480, -54.91229594277456272, 13.19785248924361554 ) ) ;
#3855 = ORIENTED_EDGE ( 'NONE', *, *, #3071, .T. ) ;
#3856 = ORIENTED_EDGE ( 'NONE', *, *, #4896, .F. ) ;
#3857 = VERTEX_POINT ( 'NONE', #1947 ) ;
#3858 = DIRECTION ( 'NONE',  ( 0.000000000000000000, 0.7071067811865507924, 0.7071067811865441310 ) ) ;
#3859 = EDGE_CURVE ( 'NONE', #7845, #5361, #2705, .T. ) ;
#3860 = LINE ( 'NONE', #3293, #5420 ) ;
#3861 = CARTESIAN_POINT ( 'NONE',  ( -40.29080834271967149, 14.77738981431039100, 14.20710678118654435 ) ) ;
#3862 = AXIS2_PLACEMENT_3D ( 'NONE', #2776, #4710, #7327 ) ;
#3863 = ORIENTED_EDGE ( 'NONE', *, *, #6082, .F. ) ;
#3864 = ORIENTED_EDGE ( 'NONE', *, *, #3605, .T. ) ;
#3865 = DIRECTION ( 'NONE',  ( 1.000000000000000000, 0.000000000000000000, -0.000000000000000000 ) ) ;
#3866 = ORIENTED_EDGE ( 'NONE', *, *, #6123, .T. ) ;
#3867 = DIRECTION ( 'NONE',  ( -1.000000000000000000, 6.672927148628873676E-17, 1.052085781809173262E-32 ) ) ;
#3868 = CARTESIAN_POINT ( 'NONE',  ( -40.10820155684577060, 11.01170438936126850, -48.87167408952667813 ) ) ;
#3869 = VERTEX_POINT ( 'NONE', #2424 ) ;
#3870 = CARTESIAN_POINT ( 'NONE',  ( -37.16257489474446629, -58.42597671309595597, -12.16497931323234027 ) ) ;
#3871 = CARTESIAN_POINT ( 'NONE',  ( -49.45967341942196072, -22.62261018568959514, -27.80000000000000071 ) ) ;
#3872 = EDGE_CURVE ( 'NONE', #7399, #7584, #2528, .T. ) ;
#3873 = VECTOR ( 'NONE', #2742, 1000.000000000000000 ) ;
#3874 = AXIS2_PLACEMENT_3D ( 'NONE', #7637, #1774, #3589 ) ;
#3875 = CARTESIAN_POINT ( 'NONE',  ( 50.92608499445506709, -9.522610185689561746, -24.97157287525380198 ) ) ;
#3876 = VECTOR ( 'NONE', #5323, 1000.000000000000114 ) ;
#3877 = DIRECTION ( 'NONE',  ( 0.000000000000000000, 0.000000000000000000, 1.000000000000000000 ) ) ;
#3878 = ORIENTED_EDGE ( 'NONE', *, *, #3647, .F. ) ;
#3879 = AXIS2_PLACEMENT_3D ( 'NONE', #2107, #1426, #781 ) ;
#3880 = CARTESIAN_POINT ( 'NONE',  ( 50.92608499445506709, 1.781588125968704306, 26.01841187403128686 ) ) ;
#3881 = VECTOR ( 'NONE', #4492, 1000.000000000000000 ) ;
#3882 = CARTESIAN_POINT ( 'NONE',  ( -39.50033856919389308, -60.93157208991243579, -9.885786437626913781 ) ) ;
#3883 = ADVANCED_FACE ( 'NONE', ( #4552 ), #2662, .F. ) ;
#3884 = CARTESIAN_POINT ( 'NONE',  ( -54.45967341942196072, 2.131715627355464271, 19.50000000000001776 ) ) ;
#3885 = DIRECTION ( 'NONE',  ( 0.000000000000000000, -0.7071067811865474617, -0.7071067811865474617 ) ) ;
#3886 = CARTESIAN_POINT ( 'NONE',  ( -36.65970144317183355, -25.62261018568955251, 11.29999999999999538 ) ) ;
#3887 = CARTESIAN_POINT ( 'NONE',  ( -47.74395206774986633, 15.77738981431040699, -19.50000000000002132 ) ) ;
#3888 = ORIENTED_EDGE ( 'NONE', *, *, #1716, .T. ) ;
#3889 = DIRECTION ( 'NONE',  ( -1.000000000000000000, 0.000000000000000000, 0.000000000000000000 ) ) ;
#3890 = ORIENTED_EDGE ( 'NONE', *, *, #4563, .F. ) ;
#3891 = FACE_OUTER_BOUND ( 'NONE', #3120, .T. ) ;
#3892 = VECTOR ( 'NONE', #4175, 1000.000000000000000 ) ;
#3893 = ORIENTED_EDGE ( 'NONE', *, *, #6589, .F. ) ;
#3894 = ORIENTED_EDGE ( 'NONE', *, *, #4651, .F. ) ;
#3895 = DIRECTION ( 'NONE',  ( 0.000000000000000000, 1.000000000000000000, -1.042667367333023879E-16 ) ) ;
#3896 = EDGE_CURVE ( 'NONE', #1673, #4027, #3340, .T. ) ;
#3897 = LINE ( 'NONE', #7209, #3111 ) ;
#3898 = VECTOR ( 'NONE', #7970, 1000.000000000000000 ) ;
#3899 = ORIENTED_EDGE ( 'NONE', *, *, #8205, .F. ) ;
#3900 = AXIS2_PLACEMENT_3D ( 'NONE', #10, #2616, #7937 ) ;
#3901 = ORIENTED_EDGE ( 'NONE', *, *, #4275, .F. ) ;
#3902 = ORIENTED_EDGE ( 'NONE', *, *, #6059, .F. ) ;
#3903 = DIRECTION ( 'NONE',  ( 0.000000000000000000, 0.000000000000000000, -1.000000000000000000 ) ) ;
#3904 = CIRCLE ( 'NONE', #6508, 1.000000000000000000 ) ;
#3905 = DIRECTION ( 'NONE',  ( -1.000000000000000000, 0.000000000000000000, 0.000000000000000000 ) ) ;
#3906 = DIRECTION ( 'NONE',  ( -9.158464420884415348E-17, -1.042667367333023879E-16, -1.000000000000000000 ) ) ;
#3907 = VECTOR ( 'NONE', #7118, 1000.000000000000114 ) ;
#3908 = ORIENTED_EDGE ( 'NONE', *, *, #6577, .F. ) ;
#3909 = CARTESIAN_POINT ( 'NONE',  ( -47.23758846049647531, 13.77738981431040699, 2.500000000000000888 ) ) ;
#3910 = EDGE_CURVE ( 'NONE', #7679, #14, #5331, .T. ) ;
#3911 = ADVANCED_FACE ( 'NONE', ( #1430 ), #5887, .F. ) ;
#3912 = ORIENTED_EDGE ( 'NONE', *, *, #701, .F. ) ;
#3913 = LINE ( 'NONE', #1393, #8325 ) ;
#3914 = CARTESIAN_POINT ( 'NONE',  ( -40.07391500554496844, -26.62261018568959514, -9.885786437626912004 ) ) ;
#3915 = VERTEX_POINT ( 'NONE', #5238 ) ;
#3916 = AXIS2_PLACEMENT_3D ( 'NONE', #3547, #4645, #6613 ) ;
#3917 = CARTESIAN_POINT ( 'NONE',  ( -36.86365111362871261, -58.00737543371134564, -12.27899161618100443 ) ) ;
#3918 = AXIS2_PLACEMENT_3D ( 'NONE', #7484, #6797, #2973 ) ;
#3919 = DIRECTION ( 'NONE',  ( 0.000000000000000000, -0.000000000000000000, 1.000000000000000000 ) ) ;
#3920 = AXIS2_PLACEMENT_3D ( 'NONE', #2904, #3078, #8276 ) ;
#3921 = AXIS2_PLACEMENT_3D ( 'NONE', #312, #5502, #230 ) ;
#3922 = EDGE_CURVE ( 'NONE', #7870, #6265, #4674, .T. ) ;
#3923 = PLANE ( 'NONE',  #1498 ) ;
#3924 = LINE ( 'NONE', #1485, #4260 ) ;
#3925 = DIRECTION ( 'NONE',  ( 0.7071067811865450192, 0.000000000000000000, -0.7071067811865500152 ) ) ;
#3926 = ORIENTED_EDGE ( 'NONE', *, *, #6720, .F. ) ;
#3927 = CARTESIAN_POINT ( 'NONE',  ( 49.92608499445507420, -10.52261018568957418, -15.12842712474621010 ) ) ;
#3928 = AXIS2_PLACEMENT_3D ( 'NONE', #7431, #1490, #7266 ) ;
#3929 = EDGE_CURVE ( 'NONE', #5309, #6441, #5693, .T. ) ;
#3930 = PLANE ( 'NONE',  #6822 ) ;
#3931 = DIRECTION ( 'NONE',  ( -1.000000000000000000, 0.000000000000000000, 0.000000000000000000 ) ) ;
#3932 = AXIS2_PLACEMENT_3D ( 'NONE', #2829, #953, #997 ) ;
#3933 = CARTESIAN_POINT ( 'NONE',  ( -38.78102178673147904, -59.70224796621565133, -10.59289321881346524 ) ) ;
#3934 = DIRECTION ( 'NONE',  ( 0.000000000000000000, -1.000000000000000000, 0.000000000000000000 ) ) ;
#3935 = VERTEX_POINT ( 'NONE', #3950 ) ;
#3936 = DIRECTION ( 'NONE',  ( 0.000000000000000000, 0.000000000000000000, -1.000000000000000000 ) ) ;
#3937 = CARTESIAN_POINT ( 'NONE',  ( -37.03837521490677176, -58.25206236348952160, 12.22554038832480217 ) ) ;
#3938 = ORIENTED_EDGE ( 'NONE', *, *, #2083, .F. ) ;
#3939 = CONICAL_SURFACE ( 'NONE', #2433, 5.999999999999998224, 0.7853981633974482790 ) ;
#3940 = ORIENTED_EDGE ( 'NONE', *, *, #183, .T. ) ;
#3941 = DIRECTION ( 'NONE',  ( -1.000000000000000000, 0.000000000000000000, 0.000000000000000000 ) ) ;
#3942 = CARTESIAN_POINT ( 'NONE',  ( -27.03066365122111137, 27.03066365122259285, 27.80000000000000071 ) ) ;
#3943 = VERTEX_POINT ( 'NONE', #3294 ) ;
#3944 = ORIENTED_EDGE ( 'NONE', *, *, #7650, .T. ) ;
#3945 = DIRECTION ( 'NONE',  ( -0.000000000000000000, 1.000000000000000000, 1.372378306233987934E-16 ) ) ;
#3946 = LINE ( 'NONE', #5281, #3436 ) ;
#3947 = CIRCLE ( 'NONE', #5739, 2.000000000000001776 ) ;
#3948 = DIRECTION ( 'NONE',  ( -9.158464420884415348E-17, -1.042667367333023879E-16, -1.000000000000000000 ) ) ;
#3949 = EDGE_CURVE ( 'NONE', #2404, #7713, #1678, .T. ) ;
#3950 = CARTESIAN_POINT ( 'NONE',  ( 15.65556682763982366, -24.62261018568959869, -12.30000000000000959 ) ) ;
#3951 = EDGE_LOOP ( 'NONE', ( #5697, #6722, #7180, #3309 ) ) ;
#3952 = FACE_OUTER_BOUND ( 'NONE', #4845, .T. ) ;
#3953 = EDGE_LOOP ( 'NONE', ( #1713, #7092, #1859, #7017, #2311, #1441, #7945, #6448 ) ) ;
#3954 = CARTESIAN_POINT ( 'NONE',  ( -36.65970144317183355, -25.62261018568959159, -12.30000000000000959 ) ) ;
#3955 = CARTESIAN_POINT ( 'NONE',  ( -40.63459940895288014, -56.84269172516189172, -10.14758187069023521 ) ) ;
#3956 = EDGE_LOOP ( 'NONE', ( #730, #8126, #5830, #5320 ) ) ;
#3957 = CARTESIAN_POINT ( 'NONE',  ( -36.78855391514882456, -57.90220568332956219, -12.29173006653080513 ) ) ;
#3958 = DIRECTION ( 'NONE',  ( 0.000000000000000000, 0.000000000000000000, -1.000000000000000000 ) ) ;
#3959 = ADVANCED_FACE ( 'NONE', ( #1389 ), #1446, .F. ) ;
#3960 = EDGE_CURVE ( 'NONE', #5883, #524, #3615, .T. ) ;
#3961 = DIRECTION ( 'NONE',  ( 0.000000000000000000, -0.000000000000000000, 1.000000000000000000 ) ) ;
#3962 = VERTEX_POINT ( 'NONE', #4110 ) ;
#3963 = EDGE_CURVE ( 'NONE', #2782, #1051, #7375, .T. ) ;
#3964 = LINE ( 'NONE', #6158, #3892 ) ;
#3965 = ORIENTED_EDGE ( 'NONE', *, *, #6990, .F. ) ;
#3966 = B_SPLINE_CURVE_WITH_KNOTS ( 'NONE', 3,
 ( #1439, #2079, #6024, #791, #916, #2241, #6778, #4846, #7467, #7381, #4764, #1610, #3518, #4037, #144, #1522, #3393, #2746, #6146, #4118, #5459, #8025, #179, #4684, #7296, #2874, #2789, #4160, #5373, #8067, #7981, #2119, #4207, #4723 ),
 .UNSPECIFIED., .F., .F.,
 ( 4, 2, 1, 1, 2, 2, 2, 1, 2, 2, 2, 1, 1, 2, 2, 2, 1, 2, 2, 4 ),
 ( 0.000000000000000000, 0.06249999999988256616, 0.09374999999983017751, 0.1093749999998094580, 0.1171874999998074734, 0.1249999999998054612, 0.1874999999998094580, 0.2187499999998069600, 0.2343749999998055444, 0.2499999999998041011, 0.3749999999998079869, 0.4374999999998162581, 0.4687499999998132605, 0.4843749999998187006, 0.4999999999998241407, 0.6249999999998857581, 0.6874999999999172884, 0.7187499999999289457, 0.7499999999999406031, 1.000000000000000000 ),
 .UNSPECIFIED. ) ;
#3967 = DIRECTION ( 'NONE',  ( -1.000000000000000000, 6.672927148628872444E-17, 9.618310905098505102E-33 ) ) ;
#3968 = CARTESIAN_POINT ( 'NONE',  ( 15.65556682763982366, -40.62261018568959514, 12.30000000000000604 ) ) ;
#3969 = CARTESIAN_POINT ( 'NONE',  ( -41.41212868627928856, 13.77738981431040699, 2.500000000000000888 ) ) ;
#3970 = ORIENTED_EDGE ( 'NONE', *, *, #6627, .F. ) ;
#3971 = DIRECTION ( 'NONE',  ( 0.000000000000000000, -1.000000000000000000, 0.000000000000000000 ) ) ;
#3972 = PLANE ( 'NONE',  #3319 ) ;
#3973 = EDGE_LOOP ( 'NONE', ( #7775, #7974, #2935, #5066 ) ) ;
#3974 = LINE ( 'NONE', #6594, #7758 ) ;
#3975 = EDGE_CURVE ( 'NONE', #7290, #2420, #4885, .T. ) ;
#3976 = FACE_OUTER_BOUND ( 'NONE', #1733, .T. ) ;
#3977 = VERTEX_POINT ( 'NONE', #259 ) ;
#3978 = ORIENTED_EDGE ( 'NONE', *, *, #6544, .T. ) ;
#3979 = DIRECTION ( 'NONE',  ( 3.469446951953587368E-15, 0.000000000000000000, 1.000000000000000000 ) ) ;
#3980 = DIRECTION ( 'NONE',  ( -1.000000000000000000, 0.000000000000000000, 0.000000000000000000 ) ) ;
#3981 = ORIENTED_EDGE ( 'NONE', *, *, #7339, .F. ) ;
#3982 = LINE ( 'NONE', #4069, #6765 ) ;
#3983 = CARTESIAN_POINT ( 'NONE',  ( -39.07391500554492580, -57.67087086810058594, 9.885786437626896017 ) ) ;
#3984 = CARTESIAN_POINT ( 'NONE',  ( -37.50033856919404940, -59.53115701349312161, -12.71421356237295619 ) ) ;
#3985 = CARTESIAN_POINT ( 'NONE',  ( 49.92608499445507420, -11.35103731043575870, 25.80000000000000426 ) ) ;
#3986 = AXIS2_PLACEMENT_3D ( 'NONE', #7425, #2633, #1567 ) ;
#3987 = VERTEX_POINT ( 'NONE', #5489 ) ;
#3988 = DIRECTION ( 'NONE',  ( 1.000000000000000000, 0.000000000000000000, 0.000000000000000000 ) ) ;
#3989 = VERTEX_POINT ( 'NONE', #1474 ) ;
#3990 = CARTESIAN_POINT ( 'NONE',  ( -38.94236990996648728, -57.48665589380206598, -10.38600426932733711 ) ) ;
#3991 = EDGE_CURVE ( 'NONE', #6493, #7677, #214, .T. ) ;
#3992 = VERTEX_POINT ( 'NONE', #2155 ) ;
#3993 = DIRECTION ( 'NONE',  ( -3.469446951953611033E-15, 0.000000000000000000, 1.000000000000000000 ) ) ;
#3994 = ORIENTED_EDGE ( 'NONE', *, *, #6534, .F. ) ;
#3995 = CARTESIAN_POINT ( 'NONE',  ( -37.18973680640098678, -58.46403218080207864, -12.14853146681859286 ) ) ;
#3996 = CARTESIAN_POINT ( 'NONE',  ( 15.05968434136371137, -21.50745817428395767, -27.80000000000000071 ) ) ;
#3997 = ADVANCED_FACE ( 'NONE', ( #6817 ), #1865, .F. ) ;
#3998 = LINE ( 'NONE', #5424, #6925 ) ;
#3999 = VERTEX_POINT ( 'NONE', #300 ) ;
#4000 = AXIS2_PLACEMENT_3D ( 'NONE', #6773, #8099, #4075 ) ;
#4001 = CYLINDRICAL_SURFACE ( 'NONE', #1581, 2.000000000000001776 ) ;
#4002 = ORIENTED_EDGE ( 'NONE', *, *, #4382, .F. ) ;
#4003 = CIRCLE ( 'NONE', #7717, 2.000000000000015543 ) ;
#4004 = CARTESIAN_POINT ( 'NONE',  ( -60.45967341942196072, 0.000000000000000000, -26.80000000000001492 ) ) ;
#4005 = EDGE_CURVE ( 'NONE', #5515, #6280, #4152, .T. ) ;
#4006 = ADVANCED_FACE ( 'NONE', ( #2825 ), #1516, .F. ) ;
#4007 = EDGE_CURVE ( 'NONE', #7245, #3205, #6692, .T. ) ;
#4008 = DIRECTION ( 'NONE',  ( -0.000000000000000000, 0.000000000000000000, -1.000000000000000000 ) ) ;
#4009 = AXIS2_PLACEMENT_3D ( 'NONE', #5057, #7024, #5182 ) ;
#4010 = LINE ( 'NONE', #4496, #6659 ) ;
#4011 = CARTESIAN_POINT ( 'NONE',  ( -47.74395206774986633, 9.777389814310405214, -2.500000000000000444 ) ) ;
#4012 = ORIENTED_EDGE ( 'NONE', *, *, #1572, .F. ) ;
#4013 = AXIS2_PLACEMENT_3D ( 'NONE', #3544, #2269, #6848 ) ;
#4014 = FACE_OUTER_BOUND ( 'NONE', #1777, .T. ) ;
#4015 = PLANE ( 'NONE',  #623 ) ;
#4016 = EDGE_LOOP ( 'NONE', ( #8338, #480, #944, #745 ) ) ;
#4017 = ORIENTED_EDGE ( 'NONE', *, *, #4019, .F. ) ;
#4018 = CARTESIAN_POINT ( 'NONE',  ( -42.52766163834509427, -61.83055193476680955, 27.80000000000000071 ) ) ;
#4019 = EDGE_CURVE ( 'NONE', #8021, #2833, #893, .T. ) ;
#4020 = DIRECTION ( 'NONE',  ( 0.000000000000000000, 0.000000000000000000, -1.000000000000000000 ) ) ;
#4021 = EDGE_CURVE ( 'NONE', #6446, #4553, #8059, .T. ) ;
#4022 = ORIENTED_EDGE ( 'NONE', *, *, #2389, .T. ) ;
#4023 = CARTESIAN_POINT ( 'NONE',  ( -2.671886926795778106, -30.26091427426757718, 13.30000000000003801 ) ) ;
#4024 = FACE_OUTER_BOUND ( 'NONE', #2908, .T. ) ;
#4025 = CARTESIAN_POINT ( 'NONE',  ( -58.96759953173464908, 6.091337094860836743, 12.49999999999998934 ) ) ;
#4026 = DIRECTION ( 'NONE',  ( 0.000000000000000000, -0.000000000000000000, -1.000000000000000000 ) ) ;
#4027 = VERTEX_POINT ( 'NONE', #7458 ) ;
#4028 = DIRECTION ( 'NONE',  ( -0.000000000000000000, -0.000000000000000000, 1.000000000000000000 ) ) ;
#4029 = ORIENTED_EDGE ( 'NONE', *, *, #701, .T. ) ;
#4030 = AXIS2_PLACEMENT_3D ( 'NONE', #5508, #6836, #6199 ) ;
#4031 = LINE ( 'NONE', #2667, #6672 ) ;
#4032 = ORIENTED_EDGE ( 'NONE', *, *, #1063, .T. ) ;
#4033 = CIRCLE ( 'NONE', #894, 1.000000000000013101 ) ;
#4034 = EDGE_CURVE ( 'NONE', #3977, #3596, #8290, .T. ) ;
#4035 = DIRECTION ( 'NONE',  ( -0.6336872742246398849, -0.4437126062796576953, 0.6336872742246443257 ) ) ;
#4036 = ORIENTED_EDGE ( 'NONE', *, *, #6534, .T. ) ;
#4037 = CARTESIAN_POINT ( 'NONE',  ( -36.84021830565087186, -55.53301013060495706, -12.28357904627189967 ) ) ;
#4038 = B_SPLINE_CURVE_WITH_KNOTS ( 'NONE', 1,
 ( #4261, #3609 ),
 .UNSPECIFIED., .F., .F.,
 ( 2, 2 ),
 ( 0.000000000000000000, 1.000000000000000000 ),
 .UNSPECIFIED. ) ;
#4039 = DIRECTION ( 'NONE',  ( 0.000000000000000000, 0.000000000000000000, 1.000000000000000000 ) ) ;
#4040 = AXIS2_PLACEMENT_3D ( 'NONE', #7802, #6518, #8480 ) ;
#4041 = CONICAL_SURFACE ( 'NONE', #2004, 2.000000000000015543, 0.7853981633974488341 ) ;
#4042 = VECTOR ( 'NONE', #6030, 1000.000000000000227 ) ;
#4043 = FACE_OUTER_BOUND ( 'NONE', #5531, .T. ) ;
#4044 = ORIENTED_EDGE ( 'NONE', *, *, #3896, .T. ) ;
#4045 = DIRECTION ( 'NONE',  ( -1.000000000000000000, 6.672927148628873676E-17, 2.104171563618347072E-32 ) ) ;
#4046 = VECTOR ( 'NONE', #6436, 1000.000000000000114 ) ;
#4047 = VERTEX_POINT ( 'NONE', #2905 ) ;
#4048 = CARTESIAN_POINT ( 'NONE',  ( -39.99791512390623183, 15.77738981431040699, 13.08578643762686511 ) ) ;
#4049 = ADVANCED_FACE ( 'NONE', ( #4714 ), #4794, .T. ) ;
#4050 = CONICAL_SURFACE ( 'NONE', #8431, 3.000000000000041744, 0.7853981633974480570 ) ;
#4051 = ORIENTED_EDGE ( 'NONE', *, *, #2847, .T. ) ;
#4052 = AXIS2_PLACEMENT_3D ( 'NONE', #2263, #327, #4956 ) ;
#4053 = CARTESIAN_POINT ( 'NONE',  ( -41.41212868627928856, 17.95916581580593885, -14.50000000000000178 ) ) ;
#4054 = FACE_OUTER_BOUND ( 'NONE', #2173, .T. ) ;
#4055 = AXIS2_PLACEMENT_3D ( 'NONE', #6163, #281, #4136 ) ;
#4056 = DIRECTION ( 'NONE',  ( 0.000000000000000000, 1.000000000000000000, -1.042667367333023879E-16 ) ) ;
#4057 = FACE_OUTER_BOUND ( 'NONE', #6093, .T. ) ;
#4058 = ORIENTED_EDGE ( 'NONE', *, *, #5268, .T. ) ;
#4059 = FACE_OUTER_BOUND ( 'NONE', #5278, .T. ) ;
#4060 = EDGE_CURVE ( 'NONE', #8271, #4084, #1601, .T. ) ;
#4061 = EDGE_CURVE ( 'NONE', #637, #8162, #5530, .T. ) ;
#4062 = CARTESIAN_POINT ( 'NONE',  ( -59.72988597684203427, 2.131715627355469156, -2.770212557420092203 ) ) ;
#4063 = CONICAL_SURFACE ( 'NONE', #1619, 4.999999999999984013, 0.7853981633974491672 ) ;
#4064 = DIRECTION ( 'NONE',  ( 0.000000000000000000, 1.000000000000000000, 1.143648588528323197E-16 ) ) ;
#4065 = VECTOR ( 'NONE', #4798, 1000.000000000000000 ) ;
#4066 = CARTESIAN_POINT ( 'NONE',  ( -47.74395206774986633, 9.777389814310405214, 19.50000000000001776 ) ) ;
#4067 = VERTEX_POINT ( 'NONE', #2278 ) ;
#4068 = EDGE_LOOP ( 'NONE', ( #1992, #5184, #1096, #5637 ) ) ;
#4069 = CARTESIAN_POINT ( 'NONE',  ( 19.99457397563816485, 13.77738981431087240, -28.87710011388853815 ) ) ;
#4070 = PLANE ( 'NONE',  #6755 ) ;
#4071 = CARTESIAN_POINT ( 'NONE',  ( -37.10285298756220129, -58.34235807609480418, -12.19883282041933192 ) ) ;
#4072 = EDGE_CURVE ( 'NONE', #8337, #8155, #784, .T. ) ;
#4073 = DIRECTION ( 'NONE',  ( 0.000000000000000000, -1.000000000000000000, 0.000000000000000000 ) ) ;
#4074 = ORIENTED_EDGE ( 'NONE', *, *, #2147, .F. ) ;
#4075 = DIRECTION ( 'NONE',  ( -1.000000000000000000, 0.000000000000000000, 0.000000000000000000 ) ) ;
#4076 = VERTEX_POINT ( 'NONE', #2110 ) ;
#4077 = LINE ( 'NONE', #4843, #1484 ) ;
#4078 = AXIS2_PLACEMENT_3D ( 'NONE', #4573, #7111, #7194 ) ;
#4079 = ORIENTED_EDGE ( 'NONE', *, *, #553, .F. ) ;
#4080 = DIRECTION ( 'NONE',  ( 0.000000000000000000, -1.000000000000000000, -1.143648588528323197E-16 ) ) ;
#4081 = DIRECTION ( 'NONE',  ( 0.000000000000000000, -1.000000000000000000, -1.372378306233987934E-16 ) ) ;
#4082 = VECTOR ( 'NONE', #1969, 1000.000000000000000 ) ;
#4083 = CYLINDRICAL_SURFACE ( 'NONE', #5821, 1.000000000000000888 ) ;
#4084 = VERTEX_POINT ( 'NONE', #6049 ) ;
#4085 = VECTOR ( 'NONE', #8382, 999.9999999999998863 ) ;
#4086 = ADVANCED_FACE ( 'NONE', ( #7678 ), #6233, .T. ) ;
#4087 = CARTESIAN_POINT ( 'NONE',  ( -36.34847937808131491, -58.72461652491984552, 13.30001767555085301 ) ) ;
#4088 = PLANE ( 'NONE',  #3795 ) ;
#4089 = ORIENTED_EDGE ( 'NONE', *, *, #4358, .T. ) ;
#4090 = DIRECTION ( 'NONE',  ( 0.000000000000000000, -1.000000000000000000, 0.000000000000000000 ) ) ;
#4091 = CARTESIAN_POINT ( 'NONE',  ( -40.70502190509278506, 14.77738981431039100, -18.20710678118656389 ) ) ;
#4092 = FACE_OUTER_BOUND ( 'NONE', #8055, .T. ) ;
#4093 = DIRECTION ( 'NONE',  ( 0.000000000000000000, -0.7071067811865500152, -0.7071067811865451302 ) ) ;
#4094 = EDGE_CURVE ( 'NONE', #6833, #2842, #1036, .T. ) ;
#4095 = CARTESIAN_POINT ( 'NONE',  ( 47.92608499445506709, -9.108396623316480145, -13.71421356237310896 ) ) ;
#4096 = DIRECTION ( 'NONE',  ( -0.6599369112508958191, -0.7513210187187812084, 1.387778780781445429E-16 ) ) ;
#4097 = ORIENTED_EDGE ( 'NONE', *, *, #3800, .F. ) ;
#4098 = CARTESIAN_POINT ( 'NONE',  ( 47.92608499445506709, -11.35103731043577824, -27.80000000000000071 ) ) ;
#4099 = DIRECTION ( 'NONE',  ( 0.000000000000000000, 0.7071067811865500152, -0.7071067811865450192 ) ) ;
#4100 = ORIENTED_EDGE ( 'NONE', *, *, #5988, .F. ) ;
#4101 = CARTESIAN_POINT ( 'NONE',  ( -65.63123590226842907, -6.471820925021154025, -26.79999999999999005 ) ) ;
#4102 = DIRECTION ( 'NONE',  ( 0.000000000000000000, 0.000000000000000000, 1.000000000000000000 ) ) ;
#4103 = EDGE_CURVE ( 'NONE', #2784, #5834, #386, .T. ) ;
#4104 = EDGE_CURVE ( 'NONE', #6145, #4622, #7589, .T. ) ;
#4105 = ORIENTED_EDGE ( 'NONE', *, *, #2505, .T. ) ;
#4106 = PLANE ( 'NONE',  #6909 ) ;
#4107 = CARTESIAN_POINT ( 'NONE',  ( -39.58370156153308983, 15.77738981431040699, -13.49999999999999822 ) ) ;
#4108 = B_SPLINE_CURVE_WITH_KNOTS ( 'NONE', 1,
 ( #3066, #2386 ),
 .UNSPECIFIED., .F., .F.,
 ( 2, 2 ),
 ( 0.000000000000000000, 1.000000000000000000 ),
 .UNSPECIFIED. ) ;
#4109 = DIRECTION ( 'NONE',  ( 0.000000000000000000, 0.000000000000000000, -1.000000000000000000 ) ) ;
#4110 = CARTESIAN_POINT ( 'NONE',  ( -58.21627851301586531, 5.431400183609930821, 13.50000000000000000 ) ) ;
#4111 = ORIENTED_EDGE ( 'NONE', *, *, #4689, .T. ) ;
#4112 = CARTESIAN_POINT ( 'NONE',  ( -36.78855391523725160, -55.46065650592679930, 12.29173006651957145 ) ) ;
#4113 = ORIENTED_EDGE ( 'NONE', *, *, #2545, .T. ) ;
#4114 = PLANE ( 'NONE',  #2166 ) ;
#4115 = EDGE_CURVE ( 'NONE', #3977, #1951, #4416, .T. ) ;
#4116 = EDGE_CURVE ( 'NONE', #4854, #4444, #4930, .T. ) ;
#4117 = ORIENTED_EDGE ( 'NONE', *, *, #686, .T. ) ;
#4118 = CARTESIAN_POINT ( 'NONE',  ( -36.99331118318990974, -55.74738381745989813, -12.24293183238157212 ) ) ;
#4119 = ORIENTED_EDGE ( 'NONE', *, *, #4115, .F. ) ;
#4120 = CARTESIAN_POINT ( 'NONE',  ( -3.819039799497872867, -25.62261018568955251, -12.30000000000000959 ) ) ;
#4121 = DIRECTION ( 'NONE',  ( -1.000000000000000000, 0.000000000000000000, 0.000000000000000000 ) ) ;
#4122 = AXIS2_PLACEMENT_3D ( 'NONE', #7469, #1613, #6321 ) ;
#4123 = ORIENTED_EDGE ( 'NONE', *, *, #4274, .F. ) ;
#4124 = DIRECTION ( 'NONE',  ( 1.000000000000000000, 0.000000000000000000, 0.000000000000000000 ) ) ;
#4125 = CIRCLE ( 'NONE', #5231, 2.000000000000000000 ) ;
#4126 = DIRECTION ( 'NONE',  ( 0.000000000000000000, 1.000000000000000000, 1.372378306233987934E-16 ) ) ;
#4127 = VECTOR ( 'NONE', #4833, 1000.000000000000000 ) ;
#4128 = ORIENTED_EDGE ( 'NONE', *, *, #3070, .F. ) ;
#4129 = CARTESIAN_POINT ( 'NONE',  ( -47.74395206774986633, 15.77738981431040699, 26.80000000000001847 ) ) ;
#4130 = EDGE_CURVE ( 'NONE', #7685, #7870, #8234, .T. ) ;
#4131 = DIRECTION ( 'NONE',  ( -1.000000000000000000, 0.000000000000000000, 0.000000000000000000 ) ) ;
#4132 = CARTESIAN_POINT ( 'NONE',  ( -36.65970144317183355, -22.62261018568959514, 12.29999999999999538 ) ) ;
#4133 = CARTESIAN_POINT ( 'NONE',  ( 50.92608499445506709, -11.35103731043575870, 25.80000000000000426 ) ) ;
#4134 = DIRECTION ( 'NONE',  ( -1.080439744154498050E-16, 1.000000000000000000, 0.000000000000000000 ) ) ;
#4135 = VECTOR ( 'NONE', #5640, 1000.000000000000000 ) ;
#4136 = DIRECTION ( 'NONE',  ( 0.000000000000000000, -1.000000000000000000, 0.000000000000000000 ) ) ;
#4137 = CARTESIAN_POINT ( 'NONE',  ( -46.60920644654360956, 18.64575001107217389, -2.500000000000001332 ) ) ;
#4138 = ORIENTED_EDGE ( 'NONE', *, *, #7999, .F. ) ;
#4139 = CARTESIAN_POINT ( 'NONE',  ( -2.671886926795777217, -30.26091427426757718, 26.79999999999999005 ) ) ;
#4140 = DIRECTION ( 'NONE',  ( 0.000000000000000000, 0.000000000000000000, -1.000000000000000000 ) ) ;
#4141 = CIRCLE ( 'NONE', #8115, 4.999999999999982236 ) ;
#4142 = EDGE_CURVE ( 'NONE', #6858, #5796, #3301, .T. ) ;
#4143 = ORIENTED_EDGE ( 'NONE', *, *, #3800, .T. ) ;
#4144 = LINE ( 'NONE', #4826, #2507 ) ;
#4145 = VECTOR ( 'NONE', #1623, 1000.000000000000114 ) ;
#4146 = CARTESIAN_POINT ( 'NONE',  ( 7.051920282374116944, -28.33532952135472982, -13.29999999999999183 ) ) ;
#4147 = EDGE_LOOP ( 'NONE', ( #3360, #425, #1791, #2066 ) ) ;
#4148 = CARTESIAN_POINT ( 'NONE',  ( -36.98191676351170543, -58.17299716464923165, 12.24892624460321677 ) ) ;
#4149 = DIRECTION ( 'NONE',  ( 1.000000000000000000, -6.672927148628873676E-17, 1.052085781809182294E-32 ) ) ;
#4150 = CARTESIAN_POINT ( 'NONE',  ( -38.99791512390618919, 15.77738981431040699, -17.08578643762689708 ) ) ;
#4151 = VECTOR ( 'NONE', #1597, 1000.000000000000000 ) ;
#4152 = LINE ( 'NONE', #1556, #3483 ) ;
#4153 = EDGE_CURVE ( 'NONE', #2990, #3648, #989, .T. ) ;
#4154 = AXIS2_PLACEMENT_3D ( 'NONE', #8122, #3534, #5605 ) ;
#4155 = ORIENTED_EDGE ( 'NONE', *, *, #875, .T. ) ;
#4156 = CARTESIAN_POINT ( 'NONE',  ( -36.93943371233430639, -55.67192367885745341, 12.26021746898466880 ) ) ;
#4157 = ORIENTED_EDGE ( 'NONE', *, *, #1785, .T. ) ;
#4158 = CARTESIAN_POINT ( 'NONE',  ( 50.92608499445506709, -10.52261018568957418, -24.97157287525380198 ) ) ;
#4159 = ORIENTED_EDGE ( 'NONE', *, *, #4275, .T. ) ;
#4160 = CARTESIAN_POINT ( 'NONE',  ( -37.16913838097602962, -55.99362326767298725, -12.16076272033587102 ) ) ;
#4161 = ORIENTED_EDGE ( 'NONE', *, *, #4382, .T. ) ;
#4162 = DIRECTION ( 'NONE',  ( -0.000000000000000000, -0.000000000000000000, -1.000000000000000000 ) ) ;
#4163 = CARTESIAN_POINT ( 'NONE',  ( -40.06170500426912184, -56.44154674440417097, -11.30000000000003446 ) ) ;
#4164 = ORIENTED_EDGE ( 'NONE', *, *, #3716, .F. ) ;
#4165 = VECTOR ( 'NONE', #2736, 1000.000000000000000 ) ;
#4166 = ADVANCED_FACE ( 'NONE', ( #5022 ), #7325, .T. ) ;
#4167 = EDGE_CURVE ( 'NONE', #3432, #3053, #1128, .T. ) ;
#4168 =( GEOMETRIC_REPRESENTATION_CONTEXT ( 3 ) GLOBAL_UNCERTAINTY_ASSIGNED_CONTEXT ( ( #7854 ) ) GLOBAL_UNIT_ASSIGNED_CONTEXT ( ( #6429, #5902, #2511 ) ) REPRESENTATION_CONTEXT ( 'NONE', 'WORKASPACE' ) );
#4169 = CARTESIAN_POINT ( 'NONE',  ( -37.69398799447281334, 13.42591795173425417, -48.87167408952667813 ) ) ;
#4170 = PLANE ( 'NONE',  #5579 ) ;
#4171 = ORIENTED_EDGE ( 'NONE', *, *, #437, .F. ) ;
#4172 = CARTESIAN_POINT ( 'NONE',  ( -55.19168209754979415, -29.30665047234093379, 27.80000000000000071 ) ) ;
#4173 = AXIS2_PLACEMENT_3D ( 'NONE', #2885, #8118, #2214 ) ;
#4174 = DIRECTION ( 'NONE',  ( -0.000000000000000000, -0.000000000000000000, -1.000000000000000000 ) ) ;
#4175 = DIRECTION ( 'NONE',  ( 0.000000000000000000, 0.000000000000000000, -1.000000000000000000 ) ) ;
#4176 = EDGE_CURVE ( 'NONE', #4444, #2062, #479, .T. ) ;
#4177 = CIRCLE ( 'NONE', #2535, 5.999999999999998224 ) ;
#4178 = CARTESIAN_POINT ( 'NONE',  ( -7.574464503390613510E-16, -11.35103731043577469, -25.80000000000000426 ) ) ;
#4179 = CIRCLE ( 'NONE', #499, 0.9999999999999991118 ) ;
#4180 = CARTESIAN_POINT ( 'NONE',  ( -39.58370156153311825, 15.77738981431040699, 13.49999999999997158 ) ) ;
#4181 = LINE ( 'NONE', #842, #1757 ) ;
#4182 = FACE_OUTER_BOUND ( 'NONE', #7816, .T. ) ;
#4183 = AXIS2_PLACEMENT_3D ( 'NONE', #254, #943, #292 ) ;
#4184 = ORIENTED_EDGE ( 'NONE', *, *, #369, .T. ) ;
#4185 = AXIS2_PLACEMENT_3D ( 'NONE', #3273, #3189, #5743 ) ;
#4186 = DIRECTION ( 'NONE',  ( -1.000000000000000000, 0.000000000000000000, 0.000000000000000000 ) ) ;
#4187 = CIRCLE ( 'NONE', #1331, 2.999999999999995559 ) ;
#4188 = CYLINDRICAL_SURFACE ( 'NONE', #3215, 5.999999999999998224 ) ;
#4189 = ADVANCED_FACE ( 'NONE', ( #2446 ), #2937, .T. ) ;
#4190 = ORIENTED_EDGE ( 'NONE', *, *, #1007, .F. ) ;
#4191 = LINE ( 'NONE', #6981, #3324 ) ;
#4192 = VECTOR ( 'NONE', #3365, 1000.000000000000114 ) ;
#4193 = CARTESIAN_POINT ( 'NONE',  ( -45.82754818765661042, 17.95916581580593885, -18.50000000000000355 ) ) ;
#4194 = CARTESIAN_POINT ( 'NONE',  ( -36.65970144317183355, 5.536000648959316095, 11.29999999999999893 ) ) ;
#4195 = EDGE_LOOP ( 'NONE', ( #4296, #4680, #2609 ) ) ;
#4196 = CARTESIAN_POINT ( 'NONE',  ( -37.16085181309603769, -58.42358050578700102, 12.16783180230137162 ) ) ;
#4197 = CARTESIAN_POINT ( 'NONE',  ( 50.92608499445506709, 1.658290453366070558E-15, 13.29999999999998472 ) ) ;
#4198 = CARTESIAN_POINT ( 'NONE',  ( -54.45967341942196072, 2.131715627355464271, 26.80000000000001492 ) ) ;
#4199 = CONICAL_SURFACE ( 'NONE', #789, 2.000000000000001776, 0.7853981633974521648 ) ;
#4200 = DIRECTION ( 'NONE',  ( 6.938893903907234689E-15, 0.000000000000000000, 1.000000000000000000 ) ) ;
#4201 = EDGE_LOOP ( 'NONE', ( #4209, #6818, #4743, #7814 ) ) ;
#4202 = DIRECTION ( 'NONE',  ( -0.000000000000000000, -0.000000000000000000, 1.000000000000000000 ) ) ;
#4203 = EDGE_LOOP ( 'NONE', ( #2201, #1422, #3347, #4279 ) ) ;
#4204 = CARTESIAN_POINT ( 'NONE',  ( -3.819039799497872867, -25.62261018568959869, -27.80000000000000071 ) ) ;
#4205 = ORIENTED_EDGE ( 'NONE', *, *, #4094, .T. ) ;
#4206 = EDGE_CURVE ( 'NONE', #5796, #1521, #5153, .T. ) ;
#4207 = CARTESIAN_POINT ( 'NONE',  ( -37.32238557589131034, -56.20824983630567573, -12.05152942965363749 ) ) ;
#4208 = ORIENTED_EDGE ( 'NONE', *, *, #3949, .T. ) ;
#4209 = ORIENTED_EDGE ( 'NONE', *, *, #5335, .F. ) ;
#4210 = VECTOR ( 'NONE', #5291, 1000.000000000000000 ) ;
#4211 = LINE ( 'NONE', #3006, #6461 ) ;
#4212 = CARTESIAN_POINT ( 'NONE',  ( 50.92608499445506709, -9.522610185689561746, 27.80000000000000071 ) ) ;
#4213 = ORIENTED_EDGE ( 'NONE', *, *, #7990, .T. ) ;
#4214 = CARTESIAN_POINT ( 'NONE',  ( -60.45967341942196072, -3.263548859752366068E-15, -3.500000000000013323 ) ) ;
#4215 = VECTOR ( 'NONE', #5325, 1000.000000000000000 ) ;
#4216 = CARTESIAN_POINT ( 'NONE',  ( -58.21627851301587242, 5.431400183609952137, 27.80000000000000071 ) ) ;
#4217 = ORIENTED_EDGE ( 'NONE', *, *, #4639, .F. ) ;
#4218 = EDGE_CURVE ( 'NONE', #4603, #8155, #7078, .T. ) ;
#4219 = DIRECTION ( 'NONE',  ( -0.7071067811865452413, 0.000000000000000000, -0.7071067811865499042 ) ) ;
#4220 = EDGE_CURVE ( 'NONE', #7159, #2571, #3199, .T. ) ;
#4221 = DIRECTION ( 'NONE',  ( 0.3420201433256698231, -0.9396926207859080948, 0.000000000000000000 ) ) ;
#4222 = VECTOR ( 'NONE', #2515, 1000.000000000000000 ) ;
#4223 = FACE_OUTER_BOUND ( 'NONE', #1506, .T. ) ;
#4224 = DIRECTION ( 'NONE',  ( -1.000000000000000000, 0.000000000000000000, 0.000000000000000000 ) ) ;
#4225 = CARTESIAN_POINT ( 'NONE',  ( -37.30991898231614812, 13.70992819581464239, -27.80000000000000071 ) ) ;
#4226 = FACE_OUTER_BOUND ( 'NONE', #6471, .T. ) ;
#4227 = ADVANCED_FACE ( 'NONE', ( #7203 ), #5832, .F. ) ;
#4228 = EDGE_CURVE ( 'NONE', #6265, #3692, #3849, .T. ) ;
#4229 = DIRECTION ( 'NONE',  ( 0.000000000000000000, 0.000000000000000000, 1.000000000000000000 ) ) ;
#4230 = ORIENTED_EDGE ( 'NONE', *, *, #4005, .F. ) ;
#4231 = CARTESIAN_POINT ( 'NONE',  ( -39.50033856919387176, -60.93157208991242157, 9.885786437626887135 ) ) ;
#4232 = ORIENTED_EDGE ( 'NONE', *, *, #4072, .T. ) ;
#4233 = LINE ( 'NONE', #4872, #6388 ) ;
#4234 = VERTEX_POINT ( 'NONE', #5877 ) ;
#4235 = FACE_OUTER_BOUND ( 'NONE', #3089, .T. ) ;
#4236 = DIRECTION ( 'NONE',  ( 0.000000000000000000, 0.000000000000000000, 1.000000000000000000 ) ) ;
#4237 = B_SPLINE_SURFACE_WITH_KNOTS ( 'NONE', 1, 3, ( 
 ( #5921, #733, #5232, #6444, #3854, #44, #7767, #1941, #1384, #560 ),
 ( #5276, #8444, #2025, #8402, #4669, #650, #600, #2526, #7806, #6479 ) ),
 .UNSPECIFIED., .F., .F., .F.,
 ( 2, 2 ),
 ( 4, 2, 2, 2, 4 ),
 ( 0.000000000000000000, 1.000000000000000000 ),
 ( 4.712388980384689674, 4.908738521234052854, 5.105088062083416034, 5.301437602932779214, 5.497787143782141506 ),
 .UNSPECIFIED. ) ;
#4238 = CARTESIAN_POINT ( 'NONE',  ( -40.06170500426912184, -56.44154674440417097, -11.30000000000003979 ) ) ;
#4239 = ORIENTED_EDGE ( 'NONE', *, *, #3119, .T. ) ;
#4240 = CARTESIAN_POINT ( 'NONE',  ( -60.45967341942196072, 1.300871594449326318, 27.80000000000000071 ) ) ;
#4241 = DIRECTION ( 'NONE',  ( -0.6599369112508957080, -0.7513210187187813194, 1.387778780781445676E-16 ) ) ;
#4242 = EDGE_CURVE ( 'NONE', #3002, #4287, #8439, .T. ) ;
#4243 = CARTESIAN_POINT ( 'NONE',  ( -36.65970144317183355, -25.62261018568959159, -12.30000000000000959 ) ) ;
#4244 = VERTEX_POINT ( 'NONE', #1380 ) ;
#4245 = CARTESIAN_POINT ( 'NONE',  ( -39.02284125022620032, -57.59934641114288922, 10.20800175777833196 ) ) ;
#4246 = VERTEX_POINT ( 'NONE', #5915 ) ;
#4247 = DIRECTION ( 'NONE',  ( 1.000000000000000000, 0.000000000000000000, -9.158464420884415348E-17 ) ) ;
#4248 = B_SPLINE_CURVE_WITH_KNOTS ( 'NONE', 3,
 ( #6297, #6250, #2978, #2344 ),
 .UNSPECIFIED., .F., .F.,
 ( 4, 4 ),
 ( 0.000000000000000000, 1.000000000000000000 ),
 .UNSPECIFIED. ) ;
#4249 = ORIENTED_EDGE ( 'NONE', *, *, #7075, .T. ) ;
#4250 = CARTESIAN_POINT ( 'NONE',  ( -40.99791512390623183, 17.95916581580593885, -18.50000000000000355 ) ) ;
#4251 = ORIENTED_EDGE ( 'NONE', *, *, #2292, .F. ) ;
#4252 = CARTESIAN_POINT ( 'NONE',  ( -65.63123590226842907, -6.471820925021154025, 27.79999999999999005 ) ) ;
#4253 = ORIENTED_EDGE ( 'NONE', *, *, #5098, .F. ) ;
#4254 = DIRECTION ( 'NONE',  ( -0.7071067811865450192, -0.7071067811865500152, -0.000000000000000000 ) ) ;
#4255 = CARTESIAN_POINT ( 'NONE',  ( -43.26046436343602153, -56.23979298308879038, -26.80000000000001492 ) ) ;
#4256 = ADVANCED_FACE ( 'NONE', ( #3891 ), #38, .T. ) ;
#4257 = LINE ( 'NONE', #4214, #1334 ) ;
#4258 = CARTESIAN_POINT ( 'NONE',  ( -41.41212868627928856, 14.77738981431039100, -13.50000000000000178 ) ) ;
#4259 = ORIENTED_EDGE ( 'NONE', *, *, #3228, .F. ) ;
#4260 = VECTOR ( 'NONE', #869, 1000.000000000000000 ) ;
#4261 = CARTESIAN_POINT ( 'NONE',  ( -37.36680822435838678, -56.27045579168114386, 12.00710678118653973 ) ) ;
#4262 = DIRECTION ( 'NONE',  ( 1.000000000000000000, 0.000000000000000000, 0.000000000000000000 ) ) ;
#4263 = CARTESIAN_POINT ( 'NONE',  ( -39.07391500554492580, -22.62261018568959514, 9.885786437626897794 ) ) ;
#4264 = EDGE_CURVE ( 'NONE', #2509, #2211, #5556, .T. ) ;
#4265 = AXIS2_PLACEMENT_3D ( 'NONE', #1098, #6320, #438 ) ;
#4266 = DIRECTION ( 'NONE',  ( -0.6599369112508957080, -0.7513210187187813194, 1.387778780781445676E-16 ) ) ;
#4267 = ADVANCED_FACE ( 'NONE', ( #3976 ), #726, .F. ) ;
#4268 = CARTESIAN_POINT ( 'NONE',  ( 50.92608499445506709, -11.35103731043577469, 14.29999999999999716 ) ) ;
#4269 = FACE_OUTER_BOUND ( 'NONE', #5076, .T. ) ;
#4270 = CARTESIAN_POINT ( 'NONE',  ( 47.92608499445506709, -11.35103731043575870, 25.80000000000000426 ) ) ;
#4271 = ORIENTED_EDGE ( 'NONE', *, *, #6059, .T. ) ;
#4272 = FILL_AREA_STYLE_COLOUR ( '', #6768 ) ;
#4273 = DIRECTION ( 'NONE',  ( -9.158464420884415348E-17, -1.042667367333023879E-16, -1.000000000000000000 ) ) ;
#4274 = EDGE_CURVE ( 'NONE', #1765, #3815, #7720, .T. ) ;
#4275 = EDGE_CURVE ( 'NONE', #351, #2033, #2786, .T. ) ;
#4276 = CARTESIAN_POINT ( 'NONE',  ( -38.91455213156698534, -60.52140001050506157, -11.30000000000000426 ) ) ;
#4277 = CARTESIAN_POINT ( 'NONE',  ( -38.78102178673147904, -1.211454737812724508E-15, 10.59289321881344748 ) ) ;
#4278 = CARTESIAN_POINT ( 'NONE',  ( -44.24839094739822798, -59.37309580189983649, 26.80000000000004690 ) ) ;
#4279 = ORIENTED_EDGE ( 'NONE', *, *, #3487, .F. ) ;
#4280 = CARTESIAN_POINT ( 'NONE',  ( -36.34792044010207945, -58.72422515233340334, 13.28710796701346375 ) ) ;
#4281 = LINE ( 'NONE', #5017, #3463 ) ;
#4282 = ORIENTED_EDGE ( 'NONE', *, *, #718, .T. ) ;
#4283 = VECTOR ( 'NONE', #5758, 1000.000000000000000 ) ;
#4284 = DIRECTION ( 'NONE',  ( 1.000000000000000000, 0.000000000000000000, 0.000000000000000000 ) ) ;
#4285 = ORIENTED_EDGE ( 'NONE', *, *, #8095, .T. ) ;
#4286 = DIRECTION ( 'NONE',  ( -0.000000000000000000, 0.000000000000000000, 1.000000000000000000 ) ) ;
#4287 = VERTEX_POINT ( 'NONE', #2855 ) ;
#4288 = EDGE_CURVE ( 'NONE', #2581, #5766, #2730, .T. ) ;
#4289 = AXIS2_PLACEMENT_3D ( 'NONE', #6592, #4174, #4262 ) ;
#4290 = ORIENTED_EDGE ( 'NONE', *, *, #875, .F. ) ;
#4291 = CARTESIAN_POINT ( 'NONE',  ( 0.000000000000000000, -22.62261018568959514, 27.80000000000000071 ) ) ;
#4292 = ORIENTED_EDGE ( 'NONE', *, *, #544, .T. ) ;
#4293 = ADVANCED_FACE ( 'NONE', ( #7278 ), #4188, .T. ) ;
#4294 = LINE ( 'NONE', #7595, #2302 ) ;
#4295 = AXIS2_PLACEMENT_3D ( 'NONE', #941, #3453, #127 ) ;
#4296 = ORIENTED_EDGE ( 'NONE', *, *, #3896, .F. ) ;
#4297 = DIRECTION ( 'NONE',  ( 0.000000000000000000, 0.7071067811865451302, -0.7071067811865500152 ) ) ;
#4298 = VERTEX_POINT ( 'NONE', #5356 ) ;
#4299 = VECTOR ( 'NONE', #5486, 999.9999999999998863 ) ;
#4300 = CARTESIAN_POINT ( 'NONE',  ( -58.96759953173464908, 6.091337094860836743, 27.80000000000000071 ) ) ;
#4301 = CARTESIAN_POINT ( 'NONE',  ( -40.99791512390621051, 15.77738981431040699, -1.085786437626898193 ) ) ;
#4302 = AXIS2_PLACEMENT_3D ( 'NONE', #5430, #6586, #8078 ) ;
#4303 = DIRECTION ( 'NONE',  ( -0.5000000000000018874, 0.7071067811865483499, -0.4999999999999969469 ) ) ;
#4304 = ADVANCED_FACE ( 'NONE', ( #6167 ), #4015, .F. ) ;
#4305 = PLANE ( 'NONE',  #5307 ) ;
#4306 = ORIENTED_EDGE ( 'NONE', *, *, #2749, .F. ) ;
#4307 = CARTESIAN_POINT ( 'NONE',  ( -59.44947128440066564, 2.450960465455866100, -18.50000000000000000 ) ) ;
#4308 = DIRECTION ( 'NONE',  ( 0.000000000000000000, 1.000000000000000000, 0.000000000000000000 ) ) ;
#4309 = DIRECTION ( 'NONE',  ( 0.000000000000000000, -1.000000000000000000, 0.000000000000000000 ) ) ;
#4310 = AXIS2_PLACEMENT_3D ( 'NONE', #5776, #412, #7624 ) ;
#4311 = AXIS2_PLACEMENT_3D ( 'NONE', #237, #3611, #928 ) ;
#4312 = CARTESIAN_POINT ( 'NONE',  ( -37.32053105311805297, -56.20564854338213223, -12.05339018849304011 ) ) ;
#4313 = CARTESIAN_POINT ( 'NONE',  ( -39.99791512390620341, 14.77738981431039100, 17.08578643762690774 ) ) ;
#4314 = VECTOR ( 'NONE', #5343, 1000.000000000000114 ) ;
#4315 = CARTESIAN_POINT ( 'NONE',  ( 50.92608499445506709, -22.62261018568959514, -27.80000000000000071 ) ) ;
#4316 = EDGE_CURVE ( 'NONE', #6632, #6984, #8009, .T. ) ;
#4317 = ORIENTED_EDGE ( 'NONE', *, *, #5523, .F. ) ;
#4318 = DIRECTION ( 'NONE',  ( 0.000000000000000000, -1.000000000000000000, 0.000000000000000000 ) ) ;
#4319 = ORIENTED_EDGE ( 'NONE', *, *, #3799, .F. ) ;
#4320 = PLANE ( 'NONE',  #6514 ) ;
#4321 = CONICAL_SURFACE ( 'NONE', #2676, 3.000000000000044409, 0.7853981633974500554 ) ;
#4322 = VECTOR ( 'NONE', #7654, 1000.000000000000000 ) ;
#4323 = DIRECTION ( 'NONE',  ( 1.000000000000000000, 0.000000000000000000, 0.000000000000000000 ) ) ;
#4324 = DIRECTION ( 'NONE',  ( -0.000000000000000000, -0.000000000000000000, -1.000000000000000000 ) ) ;
#4325 = VECTOR ( 'NONE', #922, 1000.000000000000000 ) ;
#4326 = CARTESIAN_POINT ( 'NONE',  ( -40.99791512390621051, 13.77738981431040699, -14.91421356237309404 ) ) ;
#4327 = ORIENTED_EDGE ( 'NONE', *, *, #8421, .T. ) ;
#4328 = DIRECTION ( 'NONE',  ( -7.639862697551004460E-17, 0.7071067811865442421, -0.7071067811865509034 ) ) ;
#4329 = CIRCLE ( 'NONE', #7210, 3.000000000000002665 ) ;
#4330 = EDGE_CURVE ( 'NONE', #3320, #8021, #6127, .T. ) ;
#4331 = CARTESIAN_POINT ( 'NONE',  ( -46.60920644654360956, 18.64575001107217389, 13.49999999999999822 ) ) ;
#4332 = CIRCLE ( 'NONE', #770, 1.000000000000000888 ) ;
#4333 = EDGE_CURVE ( 'NONE', #3135, #8209, #811, .T. ) ;
#4334 = DIRECTION ( 'NONE',  ( 0.000000000000000000, -1.000000000000000000, -1.372378306233987934E-16 ) ) ;
#4335 = B_SPLINE_CURVE_WITH_KNOTS ( 'NONE', 3,
 ( #221, #6185, #8148, #4889, #1654, #142, #2785, #7977, #5371, #1095, #3731, #3039 ),
 .UNSPECIFIED., .F., .F.,
 ( 4, 2, 2, 2, 2, 4 ),
 ( 0.000000000000000000, 0.2500000000000097145, 0.5000000000000194289, 0.6250000000000178746, 0.7500000000000162093, 1.000000000000000000 ),
 .UNSPECIFIED. ) ;
#4336 = CARTESIAN_POINT ( 'NONE',  ( -38.94174680789709697, -57.48578053149139322, 10.38693680747508097 ) ) ;
#4337 = EDGE_LOOP ( 'NONE', ( #7275, #1356, #6475, #5015 ) ) ;
#4338 = CIRCLE ( 'NONE', #1745, 1.000000000000013101 ) ;
#4339 = ORIENTED_EDGE ( 'NONE', *, *, #4348, .F. ) ;
#4340 = FACE_OUTER_BOUND ( 'NONE', #4068, .T. ) ;
#4341 = ORIENTED_EDGE ( 'NONE', *, *, #6886, .F. ) ;
#4342 = CARTESIAN_POINT ( 'NONE',  ( -55.19168209754979415, -29.30665047234093379, -26.80000000000001492 ) ) ;
#4343 = ORIENTED_EDGE ( 'NONE', *, *, #2185, .F. ) ;
#4344 = VERTEX_POINT ( 'NONE', #1461 ) ;
#4345 = DIRECTION ( 'NONE',  ( 1.000000000000000000, -0.000000000000000000, 0.000000000000000000 ) ) ;
#4346 = ADVANCED_FACE ( 'NONE', ( #4705 ), #6081, .T. ) ;
#4347 = EDGE_LOOP ( 'NONE', ( #1133, #5240, #56, #98, #6779, #1396, #7119, #6155 ) ) ;
#4348 = EDGE_CURVE ( 'NONE', #7543, #1051, #3412, .T. ) ;
#4349 = DIRECTION ( 'NONE',  ( -0.4055797876726389695, 0.5792279653395676631, 0.7071067811865489050 ) ) ;
#4350 = CARTESIAN_POINT ( 'NONE',  ( -36.65970144317183355, -25.62261018568955251, 11.29999999999999538 ) ) ;
#4351 = VERTEX_POINT ( 'NONE', #6040 ) ;
#4352 = CIRCLE ( 'NONE', #7350, 2.000000000000001776 ) ;
#4353 = AXIS2_PLACEMENT_3D ( 'NONE', #4935, #1818, #3127 ) ;
#4354 = CARTESIAN_POINT ( 'NONE',  ( -60.45967341942196072, 1.300871594449326318, -3.500000000000013323 ) ) ;
#4355 = ORIENTED_EDGE ( 'NONE', *, *, #323, .T. ) ;
#4356 = CARTESIAN_POINT ( 'NONE',  ( -48.87933536532903389, 4.767778374742815295, 27.80000000000000071 ) ) ;
#4357 = DIRECTION ( 'NONE',  ( 0.000000000000000000, 0.000000000000000000, 1.000000000000000000 ) ) ;
#4358 = EDGE_CURVE ( 'NONE', #2571, #6208, #4745, .T. ) ;
#4359 = CARTESIAN_POINT ( 'NONE',  ( -40.99791512390621051, 14.77738981431039100, -1.085786437626897971 ) ) ;
#4360 = VERTEX_POINT ( 'NONE', #7363 ) ;
#4361 = CIRCLE ( 'NONE', #7507, 1.000000000000000888 ) ;
#4362 = FACE_OUTER_BOUND ( 'NONE', #4821, .T. ) ;
#4363 = AXIS2_PLACEMENT_3D ( 'NONE', #74, #4530, #4495 ) ;
#4364 = CYLINDRICAL_SURFACE ( 'NONE', #7823, 5.999999999999998224 ) ;
#4365 = EDGE_LOOP ( 'NONE', ( #8194, #3524, #7212, #6454 ) ) ;
#4366 = CARTESIAN_POINT ( 'NONE',  ( 49.92608499445506709, -22.62261018568959514, 12.29999999999999538 ) ) ;
#4367 = ORIENTED_EDGE ( 'NONE', *, *, #2389, .F. ) ;
#4368 = CARTESIAN_POINT ( 'NONE',  ( 49.92608499445507420, -9.108396623316483698, -26.38578643762690490 ) ) ;
#4369 = CARTESIAN_POINT ( 'NONE',  ( -39.02284125022620742, -60.04089558866573384, -10.20800175777835861 ) ) ;
#4370 = ADVANCED_FACE ( 'NONE', ( #3542 ), #8156, .F. ) ;
#4371 = DIRECTION ( 'NONE',  ( -1.000000000000000000, 0.000000000000000000, 0.000000000000000000 ) ) ;
#4372 = DIRECTION ( 'NONE',  ( -0.7071067811865499042, -8.086816722427983140E-17, 0.7071067811865452413 ) ) ;
#4373 = ORIENTED_EDGE ( 'NONE', *, *, #6009, .F. ) ;
#4374 = CARTESIAN_POINT ( 'NONE',  ( 47.92608499445506709, -22.62261018568959514, -12.30000000000001315 ) ) ;
#4375 = LINE ( 'NONE', #2992, #1429 ) ;
#4376 = CARTESIAN_POINT ( 'NONE',  ( -44.24839094739822798, -59.37309580189983649, 27.80000000000000071 ) ) ;
#4377 = ORIENTED_EDGE ( 'NONE', *, *, #6391, .T. ) ;
#4378 = DIRECTION ( 'NONE',  ( 0.000000000000000000, -1.000000000000000000, 0.000000000000000000 ) ) ;
#4379 = ORIENTED_EDGE ( 'NONE', *, *, #4962, .T. ) ;
#4380 = ORIENTED_EDGE ( 'NONE', *, *, #2552, .F. ) ;
#4381 = DIRECTION ( 'NONE',  ( -0.000000000000000000, 1.000000000000000000, -0.000000000000000000 ) ) ;
#4382 = EDGE_CURVE ( 'NONE', #653, #7819, #2767, .T. ) ;
#4383 = EDGE_CURVE ( 'NONE', #7046, #6984, #2815, .T. ) ;
#4384 = CARTESIAN_POINT ( 'NONE',  ( -35.28252613824998463, 15.77738981431040699, 23.57157287525381406 ) ) ;
#4385 = ORIENTED_EDGE ( 'NONE', *, *, #2867, .F. ) ;
#4386 = DIRECTION ( 'NONE',  ( 0.000000000000000000, 0.000000000000000000, 1.000000000000000000 ) ) ;
#4387 = CARTESIAN_POINT ( 'NONE',  ( 49.92608499445507420, -8.522610185689574180, 27.80000000000000071 ) ) ;
#4388 = CARTESIAN_POINT ( 'NONE',  ( -50.45967341942196072, -21.62261018568959159, -27.80000000000000071 ) ) ;
#4389 = ORIENTED_EDGE ( 'NONE', *, *, #1600, .T. ) ;
#4390 = PRODUCT_CONTEXT ( 'NONE', #669, 'mechanical' ) ;
#4391 = EDGE_CURVE ( 'NONE', #8242, #5503, #4177, .T. ) ;
#4392 = ADVANCED_FACE ( 'NONE', ( #8086 ), #5419, .F. ) ;
#4393 = EDGE_LOOP ( 'NONE', ( #2448, #3711, #1949, #6318, #4029, #5599, #4546, #6027, #8400, #5609, #5567, #2078, #712, #5037, #3470, #7728, #2203, #5142, #4105, #2828, #1432, #7115, #6312, #954, #3284, #2396, #1343, #1858, #2121, #4542, #5138, #7939, #1585, #6227, #743, #4995, #7283, #6327, #4058, #2474 ) ) ;
#4394 = CARTESIAN_POINT ( 'NONE',  ( 47.92608499445506709, -8.522610185689574180, -24.97157287525380198 ) ) ;
#4395 = EDGE_LOOP ( 'NONE', ( #2625, #5354, #2735, #3400 ) ) ;
#4396 = ORIENTED_EDGE ( 'NONE', *, *, #7003, .F. ) ;
#4397 = LINE ( 'NONE', #7524, #7841 ) ;
#4398 = DIRECTION ( 'NONE',  ( 1.000000000000000000, -0.000000000000000000, -0.000000000000000000 ) ) ;
#4399 = ORIENTED_EDGE ( 'NONE', *, *, #5892, .T. ) ;
#4400 = VECTOR ( 'NONE', #682, 1000.000000000000000 ) ;
#4401 = EDGE_CURVE ( 'NONE', #6363, #2027, #4823, .T. ) ;
#4402 = ADVANCED_FACE ( 'NONE', ( #5517 ), #6302, .F. ) ;
#4403 = CARTESIAN_POINT ( 'NONE',  ( -36.65970144317183355, -55.28021279466908311, -12.30000000000001315 ) ) ;
#4404 = CARTESIAN_POINT ( 'NONE',  ( -39.02284125022621453, -60.04089558866574095, 10.20800175777833374 ) ) ;
#4405 = ORIENTED_EDGE ( 'NONE', *, *, #5604, .T. ) ;
#4406 = FACE_OUTER_BOUND ( 'NONE', #2757, .T. ) ;
#4407 = VECTOR ( 'NONE', #7946, 1000.000000000000000 ) ;
#4408 = CARTESIAN_POINT ( 'NONE',  ( -39.50034738832324166, -60.93157826513326114, -10.01668686314888923 ) ) ;
#4409 = DIRECTION ( 'NONE',  ( -8.715763992105218737E-33, 1.000000000000000000, 1.143648588528323197E-16 ) ) ;
#4410 = CARTESIAN_POINT ( 'NONE',  ( -38.78102178673147193, -57.26069878869319751, -10.59289321881346524 ) ) ;
#4411 = ORIENTED_EDGE ( 'NONE', *, *, #3557, .T. ) ;
#4412 = FACE_OUTER_BOUND ( 'NONE', #5846, .T. ) ;
#4413 = CARTESIAN_POINT ( 'NONE',  ( -33.28252613824997752, 14.77738981431041232, -23.57157287525380340 ) ) ;
#4414 = DIRECTION ( 'NONE',  ( -0.000000000000000000, -0.000000000000000000, -1.000000000000000000 ) ) ;
#4415 = ORIENTED_EDGE ( 'NONE', *, *, #3201, .T. ) ;
#4416 = LINE ( 'NONE', #5097, #3352 ) ;
#4417 = VERTEX_POINT ( 'NONE', #4368 ) ;
#4418 = EDGE_LOOP ( 'NONE', ( #5149, #7540, #699, #3772 ) ) ;
#4419 = DIRECTION ( 'NONE',  ( 0.000000000000000000, 0.000000000000000000, 1.000000000000000000 ) ) ;
#4420 = CARTESIAN_POINT ( 'NONE',  ( -58.96759953173464908, 6.091337094860836743, -3.500000000000006661 ) ) ;
#4421 = ORIENTED_EDGE ( 'NONE', *, *, #5551, .F. ) ;
#4422 = EDGE_LOOP ( 'NONE', ( #3289, #1, #8286, #6772 ) ) ;
#4423 = AXIS2_PLACEMENT_3D ( 'NONE', #4717, #4028, #3388 ) ;
#4424 = CARTESIAN_POINT ( 'NONE',  ( -37.07326756506878951, 13.77738981431037324, 27.76641525940416955 ) ) ;
#4425 = CARTESIAN_POINT ( 'NONE',  ( -36.68252613824996899, 14.77738981431041410, -27.80000000000000071 ) ) ;
#4426 = ORIENTED_EDGE ( 'NONE', *, *, #837, .F. ) ;
#4427 = DIRECTION ( 'NONE',  ( -0.000000000000000000, 0.000000000000000000, 1.000000000000000000 ) ) ;
#4428 = DIRECTION ( 'NONE',  ( 0.6599369112508958191, 0.7513210187187812084, -1.387778780781445429E-16 ) ) ;
#4429 = ADVANCED_FACE ( 'NONE', ( #5612 ), #5654, .T. ) ;
#4430 = ORIENTED_EDGE ( 'NONE', *, *, #6274, .F. ) ;
#4431 = ORIENTED_EDGE ( 'NONE', *, *, #6902, .F. ) ;
#4432 = CARTESIAN_POINT ( 'NONE',  ( -45.82754818765661042, 17.95916581580593885, 2.499999999999998668 ) ) ;
#4433 = CIRCLE ( 'NONE', #740, 1.999999999999998224 ) ;
#4434 = FACE_OUTER_BOUND ( 'NONE', #993, .T. ) ;
#4435 = ORIENTED_EDGE ( 'NONE', *, *, #7192, .T. ) ;
#4436 = CARTESIAN_POINT ( 'NONE',  ( -52.25187818006254759, 13.73701128181578035, -19.50000000000002132 ) ) ;
#4437 = CIRCLE ( 'NONE', #6079, 2.000000000000043521 ) ;
#4438 = DIRECTION ( 'NONE',  ( 0.6599369112508958191, 0.7513210187187812084, -1.387778780781445429E-16 ) ) ;
#4439 = ADVANCED_FACE ( 'NONE', ( #7496 ), #977, .T. ) ;
#4440 = EDGE_CURVE ( 'NONE', #4067, #5983, #5136, .T. ) ;
#4441 = DIRECTION ( 'NONE',  ( -1.000000000000000000, 0.000000000000000000, 0.000000000000000000 ) ) ;
#4442 = DIRECTION ( 'NONE',  ( -0.000000000000000000, -0.000000000000000000, -1.000000000000000000 ) ) ;
#4443 = CIRCLE ( 'NONE', #5538, 1.000000000000000000 ) ;
#4444 = VERTEX_POINT ( 'NONE', #3715 ) ;
#4445 = EDGE_CURVE ( 'NONE', #8001, #2457, #5008, .T. ) ;
#4446 = CARTESIAN_POINT ( 'NONE',  ( 19.28746719445167912, 15.77738981431040699, -29.58420689507513757 ) ) ;
#4447 = AXIS2_PLACEMENT_3D ( 'NONE', #5279, #819, #6 ) ;
#4448 = VECTOR ( 'NONE', #677, 1000.000000000000000 ) ;
#4449 = DIRECTION ( 'NONE',  ( -0.7071067811865435759, 9.704180066913666050E-17, -0.7071067811865514585 ) ) ;
#4450 = AXIS2_PLACEMENT_3D ( 'NONE', #6422, #3014, #6377 ) ;
#4451 = DIRECTION ( 'NONE',  ( -1.000000000000000000, 0.000000000000000000, 0.000000000000000000 ) ) ;
#4452 = CARTESIAN_POINT ( 'NONE',  ( -47.74395206774986633, 15.77738981431040699, 27.80000000000000071 ) ) ;
#4453 = CARTESIAN_POINT ( 'NONE',  ( -40.07391500554496844, -26.62261018568959514, 9.885786437626899570 ) ) ;
#4454 = DIRECTION ( 'NONE',  ( -1.000000000000000000, 1.850371707708594366E-15, 0.000000000000000000 ) ) ;
#4455 = AXIS2_PLACEMENT_3D ( 'NONE', #4815, #7437, #7565 ) ;
#4456 = DIRECTION ( 'NONE',  ( -0.000000000000000000, -0.000000000000000000, 1.000000000000000000 ) ) ;
#4457 = VERTEX_POINT ( 'NONE', #1074 ) ;
#4458 = VECTOR ( 'NONE', #566, 1000.000000000000000 ) ;
#4459 = ADVANCED_FACE ( 'NONE', ( #8265 ), #4321, .F. ) ;
#4460 = CARTESIAN_POINT ( 'NONE',  ( -37.36680822435838678, -58.71200496920399559, 12.00710678118653973 ) ) ;
#4461 = ORIENTED_EDGE ( 'NONE', *, *, #2788, .F. ) ;
#4462 = ORIENTED_EDGE ( 'NONE', *, *, #6795, .F. ) ;
#4463 = CARTESIAN_POINT ( 'NONE',  ( -65.63123590226842907, -6.471820925021154025, -128.0398730914872374 ) ) ;
#4464 = CIRCLE ( 'NONE', #7472, 3.000000000000023537 ) ;
#4465 = FACE_OUTER_BOUND ( 'NONE', #3003, .T. ) ;
#4466 = VERTEX_POINT ( 'NONE', #2351 ) ;
#4467 = VECTOR ( 'NONE', #5318, 1000.000000000000000 ) ;
#4468 = VERTEX_POINT ( 'NONE', #2985 ) ;
#4469 = DIRECTION ( 'NONE',  ( -0.4999999999999915623, -0.7071067811865485719, 0.5000000000000068834 ) ) ;
#4470 = ORIENTED_EDGE ( 'NONE', *, *, #3910, .T. ) ;
#4471 = FACE_OUTER_BOUND ( 'NONE', #519, .T. ) ;
#4472 = CIRCLE ( 'NONE', #776, 15.99999999999998934 ) ;
#4473 = CIRCLE ( 'NONE', #6663, 5.000000000000011546 ) ;
#4474 = ORIENTED_EDGE ( 'NONE', *, *, #3750, .T. ) ;
#4475 =( NAMED_UNIT ( * ) PLANE_ANGLE_UNIT ( ) SI_UNIT ( $, .RADIAN. ) );
#4476 = VERTEX_POINT ( 'NONE', #5007 ) ;
#4477 = DIRECTION ( 'NONE',  ( -0.8191520442889910214, -0.5735764363510472696, -6.559698818459806760E-17 ) ) ;
#4478 = EDGE_CURVE ( 'NONE', #7046, #1115, #4464, .T. ) ;
#4479 = AXIS2_PLACEMENT_3D ( 'NONE', #8372, #5729, #4987 ) ;
#4480 = LINE ( 'NONE', #5078, #7906 ) ;
#4481 = EDGE_LOOP ( 'NONE', ( #1129, #1663, #6239, #1087 ) ) ;
#4482 = CARTESIAN_POINT ( 'NONE',  ( -38.94084820383584855, -59.92606351045326107, -10.38528393543594674 ) ) ;
#4483 = CARTESIAN_POINT ( 'NONE',  ( -47.74395206774986633, 14.77738981431039100, -2.500000000000000888 ) ) ;
#4484 = VECTOR ( 'NONE', #4771, 1000.000000000000000 ) ;
#4485 = VECTOR ( 'NONE', #8065, 1000.000000000000000 ) ;
#4486 = EDGE_CURVE ( 'NONE', #4955, #5100, #4233, .T. ) ;
#4487 = ADVANCED_FACE ( 'NONE', ( #1639 ), #4320, .F. ) ;
#4488 = LINE ( 'NONE', #624, #8172 ) ;
#4489 = LINE ( 'NONE', #4315, #6064 ) ;
#4490 = EDGE_LOOP ( 'NONE', ( #7255, #5135, #4217, #1143 ) ) ;
#4491 = LINE ( 'NONE', #4446, #3345 ) ;
#4492 = DIRECTION ( 'NONE',  ( -0.000000000000000000, -0.000000000000000000, -1.000000000000000000 ) ) ;
#4493 = EDGE_CURVE ( 'NONE', #3373, #2680, #8296, .T. ) ;
#4494 = VECTOR ( 'NONE', #3455, 1000.000000000000114 ) ;
#4495 = DIRECTION ( 'NONE',  ( 1.000000000000000000, 5.204170427930416550E-15, 0.000000000000000000 ) ) ;
#4496 = CARTESIAN_POINT ( 'NONE',  ( 49.92608499445506709, 5.536000648959316095, -12.30000000000000604 ) ) ;
#4497 = DIRECTION ( 'NONE',  ( 0.000000000000000000, 1.000000000000000000, -1.042667367333023879E-16 ) ) ;
#4498 = DIRECTION ( 'NONE',  ( 0.5312641871840346752, -0.4666458651008148495, 0.7071067811865469066 ) ) ;
#4499 = ORIENTED_EDGE ( 'NONE', *, *, #4601, .T. ) ;
#4500 = DIRECTION ( 'NONE',  ( 0.000000000000000000, 0.000000000000000000, -1.000000000000000000 ) ) ;
#4501 = ORIENTED_EDGE ( 'NONE', *, *, #5215, .T. ) ;
#4502 = CONICAL_SURFACE ( 'NONE', #804, 4.999999999999984013, 0.7853981633974491672 ) ;
#4503 = CARTESIAN_POINT ( 'NONE',  ( -37.07446216057820720, -58.30259967543172905, 12.21059268600307313 ) ) ;
#4504 = ORIENTED_EDGE ( 'NONE', *, *, #6839, .F. ) ;
#4505 = ORIENTED_EDGE ( 'NONE', *, *, #1103, .T. ) ;
#4506 = CARTESIAN_POINT ( 'NONE',  ( -37.23327787952291601, -54.46106075038005656, 13.30000000000003091 ) ) ;
#4507 = CARTESIAN_POINT ( 'NONE',  ( -6.630770095958740176E-16, -9.936823748062654005, 27.21421356237309297 ) ) ;
#4508 = ORIENTED_EDGE ( 'NONE', *, *, #1063, .F. ) ;
#4509 = EDGE_CURVE ( 'NONE', #303, #1852, #1874, .T. ) ;
#4510 = EDGE_LOOP ( 'NONE', ( #5582, #7553, #1403, #432 ) ) ;
#4511 = ORIENTED_EDGE ( 'NONE', *, *, #139, .F. ) ;
#4512 = DIRECTION ( 'NONE',  ( -0.000000000000000000, 0.000000000000000000, 1.000000000000000000 ) ) ;
#4513 = DIRECTION ( 'NONE',  ( 0.000000000000000000, 1.000000000000000000, 0.000000000000000000 ) ) ;
#4514 = DIRECTION ( 'NONE',  ( 0.000000000000000000, 0.000000000000000000, 1.000000000000000000 ) ) ;
#4515 = VERTEX_POINT ( 'NONE', #2893 ) ;
#4516 = DIRECTION ( 'NONE',  ( -0.000000000000000000, 0.000000000000000000, 1.000000000000000000 ) ) ;
#4517 = ORIENTED_EDGE ( 'NONE', *, *, #7487, .T. ) ;
#4518 = FACE_OUTER_BOUND ( 'NONE', #6102, .T. ) ;
#4519 = LINE ( 'NONE', #2460, #4884 ) ;
#4520 = ORIENTED_EDGE ( 'NONE', *, *, #4094, .F. ) ;
#4521 = CARTESIAN_POINT ( 'NONE',  ( -60.45967341942196072, -2.471820925021154025, 26.80000000000001492 ) ) ;
#4522 = DIRECTION ( 'NONE',  ( -0.8191520442889910214, -0.5735764363510472696, 0.000000000000000000 ) ) ;
#4523 = EDGE_CURVE ( 'NONE', #478, #6343, #7535, .T. ) ;
#4524 = DIRECTION ( 'NONE',  ( 0.6599369112508958191, 0.7513210187187812084, 0.000000000000000000 ) ) ;
#4525 = DIRECTION ( 'NONE',  ( 1.487873981414446379E-32, -1.000000000000000000, 1.042667367333023879E-16 ) ) ;
#4526 = ORIENTED_EDGE ( 'NONE', *, *, #978, .F. ) ;
#4527 = CARTESIAN_POINT ( 'NONE',  ( -38.91455213156723403, -60.52140001050523210, -11.30000000000037552 ) ) ;
#4528 = ADVANCED_FACE ( 'NONE', ( #2936 ), #1676, .F. ) ;
#4529 = CARTESIAN_POINT ( 'NONE',  ( -50.45967341942196072, -21.62261018568959159, 27.80000000000000071 ) ) ;
#4530 = DIRECTION ( 'NONE',  ( 0.000000000000000000, -0.000000000000000000, -1.000000000000000000 ) ) ;
#4531 = FACE_OUTER_BOUND ( 'NONE', #4535, .T. ) ;
#4532 = DIRECTION ( 'NONE',  ( -0.7071067811865475727, 0.7071067811865475727, 0.000000000000000000 ) ) ;
#4533 = VECTOR ( 'NONE', #1743, 1000.000000000000000 ) ;
#4534 = LINE ( 'NONE', #7114, #3182 ) ;
#4535 = EDGE_LOOP ( 'NONE', ( #1904, #959, #2049, #1310 ) ) ;
#4536 = CARTESIAN_POINT ( 'NONE',  ( -58.26816603108483861, -69.18984799950186471, -6.906461026815833293 ) ) ;
#4537 = ADVANCED_FACE ( 'NONE', ( #2923 ), #7433, .F. ) ;
#4538 = ORIENTED_EDGE ( 'NONE', *, *, #1412, .F. ) ;
#4539 = EDGE_CURVE ( 'NONE', #8436, #797, #798, .T. ) ;
#4540 = CARTESIAN_POINT ( 'NONE',  ( 47.92608499445506709, -25.31130509284476915, 2.488694907155090341 ) ) ;
#4541 = ORIENTED_EDGE ( 'NONE', *, *, #3579, .F. ) ;
#4542 = ORIENTED_EDGE ( 'NONE', *, *, #7268, .T. ) ;
#4543 = CARTESIAN_POINT ( 'NONE',  ( -37.49552929606709739, -54.64469116915045532, 13.30001766861463075 ) ) ;
#4544 = VECTOR ( 'NONE', #3736, 999.9999999999998863 ) ;
#4545 = CARTESIAN_POINT ( 'NONE',  ( -2.671886926795777217, -30.26091427426757718, 13.30000000000003801 ) ) ;
#4546 = ORIENTED_EDGE ( 'NONE', *, *, #6627, .T. ) ;
#4547 = ORIENTED_EDGE ( 'NONE', *, *, #5164, .F. ) ;
#4548 = FACE_OUTER_BOUND ( 'NONE', #4890, .T. ) ;
#4549 = CARTESIAN_POINT ( 'NONE',  ( 50.92608499445506709, -8.522610185689574180, -15.12842712474621010 ) ) ;
#4550 = CARTESIAN_POINT ( 'NONE',  ( -36.60469086160409091, -58.90401773705839616, -13.23603315459943452 ) ) ;
#4551 = EDGE_CURVE ( 'NONE', #6181, #6299, #1622, .T. ) ;
#4552 = FACE_OUTER_BOUND ( 'NONE', #7480, .T. ) ;
#4553 = VERTEX_POINT ( 'NONE', #6114 ) ;
#4554 = LINE ( 'NONE', #3909, #727 ) ;
#4555 = ORIENTED_EDGE ( 'NONE', *, *, #1985, .F. ) ;
#4556 = CARTESIAN_POINT ( 'NONE',  ( -7.021661118252670914E-16, -10.52261018568957063, -24.97157287525380198 ) ) ;
#4557 = AXIS2_PLACEMENT_3D ( 'NONE', #8342, #5600, #7563 ) ;
#4558 = LINE ( 'NONE', #3139, #3372 ) ;
#4559 = VERTEX_POINT ( 'NONE', #3401 ) ;
#4560 = CARTESIAN_POINT ( 'NONE',  ( 47.92608499445506709, -25.62261018568959159, -26.80000000000001492 ) ) ;
#4561 = DIRECTION ( 'NONE',  ( 0.8191520442889910214, 0.5735764363510471586, 0.000000000000000000 ) ) ;
#4562 = VECTOR ( 'NONE', #3689, 1000.000000000000000 ) ;
#4563 = EDGE_CURVE ( 'NONE', #2027, #7598, #4812, .T. ) ;
#4564 = VECTOR ( 'NONE', #4498, 1000.000000000000000 ) ;
#4565 = DIRECTION ( 'NONE',  ( -1.000000000000000000, 0.000000000000000000, 0.000000000000000000 ) ) ;
#4566 = CIRCLE ( 'NONE', #6210, 1.199999999999999734 ) ;
#4567 = CARTESIAN_POINT ( 'NONE',  ( -47.74395206774986633, 9.777389814310405214, -26.80000000000001492 ) ) ;
#4568 = VECTOR ( 'NONE', #8012, 1000.000000000000114 ) ;
#4569 = CARTESIAN_POINT ( 'NONE',  ( -59.54420031073707520, 2.343113931407022843, 13.41235015118744478 ) ) ;
#4570 = ORIENTED_EDGE ( 'NONE', *, *, #3991, .T. ) ;
#4571 = CIRCLE ( 'NONE', #879, 4.000000000000003553 ) ;
#4572 = PLANE ( 'NONE',  #7035 ) ;
#4573 = CARTESIAN_POINT ( 'NONE',  ( -40.99791512390621051, 13.77738981431040699, 1.085786437626908185 ) ) ;
#4574 = ADVANCED_FACE ( 'NONE', ( #191 ), #6197, .F. ) ;
#4575 = DIRECTION ( 'NONE',  ( -0.000000000000000000, 1.000000000000000000, -1.042667367333023879E-16 ) ) ;
#4576 = CARTESIAN_POINT ( 'NONE',  ( -36.09673970062306125, 15.77738981431040699, -27.21421356237309297 ) ) ;
#4577 = DIRECTION ( 'NONE',  ( -1.000000000000000000, 0.000000000000000000, 0.000000000000000000 ) ) ;
#4578 = ORIENTED_EDGE ( 'NONE', *, *, #2097, .T. ) ;
#4579 = CARTESIAN_POINT ( 'NONE',  ( -54.45967341942196072, 2.131715627355464271, -18.50000000000000711 ) ) ;
#4580 = CARTESIAN_POINT ( 'NONE',  ( -37.02872980850665385, -58.23855215996242407, 12.22942551852949222 ) ) ;
#4581 = CONICAL_SURFACE ( 'NONE', #4993, 2.000000000000001776, 0.7853981633974521648 ) ;
#4582 = ORIENTED_EDGE ( 'NONE', *, *, #6070, .T. ) ;
#4583 = VERTEX_POINT ( 'NONE', #4773 ) ;
#4584 = DIRECTION ( 'NONE',  ( 0.000000000000000000, 1.000000000000000000, 0.000000000000000000 ) ) ;
#4585 = DIRECTION ( 'NONE',  ( -0.6644630243887008625, -0.2418447626479847401, -0.7071067811865197061 ) ) ;
#4586 = EDGE_CURVE ( 'NONE', #2619, #5574, #836, .T. ) ;
#4587 = EDGE_CURVE ( 'NONE', #216, #4468, #2127, .T. ) ;
#4588 = AXIS2_PLACEMENT_3D ( 'NONE', #7508, #6648, #3420 ) ;
#4589 = EDGE_LOOP ( 'NONE', ( #5651, #7074, #7402, #2870 ) ) ;
#4590 = CARTESIAN_POINT ( 'NONE',  ( 15.65556682763982366, -40.62261018568959514, -12.30000000000001315 ) ) ;
#4591 = FACE_OUTER_BOUND ( 'NONE', #2026, .T. ) ;
#4592 = CIRCLE ( 'NONE', #2805, 2.000000000000015543 ) ;
#4593 = CARTESIAN_POINT ( 'NONE',  ( -37.36680822435837968, -22.62261018568959514, 12.00710678118654329 ) ) ;
#4594 = LINE ( 'NONE', #3058, #6236 ) ;
#4595 = VECTOR ( 'NONE', #5397, 1000.000000000000000 ) ;
#4596 = VERTEX_POINT ( 'NONE', #6667 ) ;
#4597 = CARTESIAN_POINT ( 'NONE',  ( -41.41212868627928856, 17.95916581580593885, 1.499999999999998224 ) ) ;
#4598 = AXIS2_PLACEMENT_3D ( 'NONE', #7972, #857, #4713 ) ;
#4599 = ORIENTED_EDGE ( 'NONE', *, *, #7625, .T. ) ;
#4600 = CARTESIAN_POINT ( 'NONE',  ( -38.88689197178798196, -57.40895961160036620, -10.46903287130610316 ) ) ;
#4601 = EDGE_CURVE ( 'NONE', #985, #1289, #1458, .T. ) ;
#4602 = DIRECTION ( 'NONE',  ( 0.000000000000000000, -1.000000000000000000, -1.143648588528323197E-16 ) ) ;
#4603 = VERTEX_POINT ( 'NONE', #5426 ) ;
#4604 = VECTOR ( 'NONE', #572, 1000.000000000000000 ) ;
#4605 = CARTESIAN_POINT ( 'NONE',  ( -38.86999500394582441, -59.82685004452970645, -10.49432097075022163 ) ) ;
#4606 = VECTOR ( 'NONE', #1802, 1000.000000000000000 ) ;
#4607 = FACE_OUTER_BOUND ( 'NONE', #7803, .T. ) ;
#4608 = VECTOR ( 'NONE', #554, 1000.000000000000000 ) ;
#4609 = CIRCLE ( 'NONE', #4875, 3.000000000000002665 ) ;
#4610 = CARTESIAN_POINT ( 'NONE',  ( -54.45967341942196072, 2.131715627355464271, 3.500000000000016875 ) ) ;
#4611 = ADVANCED_FACE ( 'NONE', ( #8033 ), #2755, .T. ) ;
#4612 = ORIENTED_EDGE ( 'NONE', *, *, #1600, .F. ) ;
#4613 = FACE_OUTER_BOUND ( 'NONE', #7951, .T. ) ;
#4614 = ORIENTED_EDGE ( 'NONE', *, *, #817, .T. ) ;
#4615 = PLANE ( 'NONE',  #7856 ) ;
#4616 = DIRECTION ( 'NONE',  ( -0.000000000000000000, -0.000000000000000000, 1.000000000000000000 ) ) ;
#4617 = CARTESIAN_POINT ( 'NONE',  ( 50.92608499445506709, 0.000000000000000000, 27.80000000000000071 ) ) ;
#4618 = CIRCLE ( 'NONE', #7228, 1.000000000000000000 ) ;
#4619 = EDGE_LOOP ( 'NONE', ( #2873, #4435, #2764, #274 ) ) ;
#4620 = LINE ( 'NONE', #4576, #389 ) ;
#4621 = LINE ( 'NONE', #5266, #2372 ) ;
#4622 = VERTEX_POINT ( 'NONE', #4129 ) ;
#4623 = DIRECTION ( 'NONE',  ( 0.000000000000000000, 0.000000000000000000, -1.000000000000000000 ) ) ;
#4624 = DIRECTION ( 'NONE',  ( 0.000000000000000000, -0.000000000000000000, -1.000000000000000000 ) ) ;
#4625 = EDGE_CURVE ( 'NONE', #7399, #2131, #3482, .T. ) ;
#4626 = ORIENTED_EDGE ( 'NONE', *, *, #5324, .F. ) ;
#4627 = CONICAL_SURFACE ( 'NONE', #8332, 15.99999999999998934, 0.7853981633974517207 ) ;
#4628 = ORIENTED_EDGE ( 'NONE', *, *, #184, .T. ) ;
#4629 = DIRECTION ( 'NONE',  ( -0.000000000000000000, -1.000000000000000000, 0.000000000000000000 ) ) ;
#4630 = DIRECTION ( 'NONE',  ( 0.3420201433256698231, -0.9396926207859080948, 0.000000000000000000 ) ) ;
#4631 = ORIENTED_EDGE ( 'NONE', *, *, #8257, .T. ) ;
#4632 = VERTEX_POINT ( 'NONE', #5467 ) ;
#4633 = LINE ( 'NONE', #1386, #3898 ) ;
#4634 = DIRECTION ( 'NONE',  ( 0.5312641871840334540, -0.4666458651008150160, 0.7071067811865477948 ) ) ;
#4635 = CONICAL_SURFACE ( 'NONE', #1907, 15.99999999999999289, 0.7853981633974587151 ) ;
#4636 = DIRECTION ( 'NONE',  ( 0.000000000000000000, 0.000000000000000000, -1.000000000000000000 ) ) ;
#4637 = CARTESIAN_POINT ( 'NONE',  ( -3.819039799497872867, -28.62261018568959514, 13.30000000000003801 ) ) ;
#4638 = EDGE_CURVE ( 'NONE', #250, #724, #4855, .T. ) ;
#4639 = EDGE_CURVE ( 'NONE', #6299, #6984, #1576, .T. ) ;
#4640 = VERTEX_POINT ( 'NONE', #925 ) ;
#4641 = DIRECTION ( 'NONE',  ( -9.158464420884415348E-17, -1.042667367333023879E-16, -1.000000000000000000 ) ) ;
#4642 = EDGE_LOOP ( 'NONE', ( #223, #330, #8236, #52 ) ) ;
#4643 = DIRECTION ( 'NONE',  ( -0.000000000000000000, 1.000000000000000000, 1.372378306233987934E-16 ) ) ;
#4644 = ORIENTED_EDGE ( 'NONE', *, *, #8421, .F. ) ;
#4645 = DIRECTION ( 'NONE',  ( 1.000000000000000000, 0.000000000000000000, -0.000000000000000000 ) ) ;
#4646 = VERTEX_POINT ( 'NONE', #3530 ) ;
#4647 = FACE_OUTER_BOUND ( 'NONE', #8052, .T. ) ;
#4648 = DIRECTION ( 'NONE',  ( -0.000000000000000000, 1.000000000000000000, -2.168404344970976821E-16 ) ) ;
#4649 = ORIENTED_EDGE ( 'NONE', *, *, #577, .F. ) ;
#4650 = EDGE_CURVE ( 'NONE', #4287, #328, #275, .T. ) ;
#4651 = EDGE_CURVE ( 'NONE', #6299, #1137, #6834, .T. ) ;
#4652 = CARTESIAN_POINT ( 'NONE',  ( 50.92608499445506709, -11.35103731043577824, -26.80000000000001492 ) ) ;
#4653 = ORIENTED_EDGE ( 'NONE', *, *, #5036, .T. ) ;
#4654 = LINE ( 'NONE', #7269, #6378 ) ;
#4655 = ORIENTED_EDGE ( 'NONE', *, *, #8428, .T. ) ;
#4656 = ADVANCED_FACE ( 'NONE', ( #3567 ), #315, .T. ) ;
#4657 = EDGE_CURVE ( 'NONE', #8294, #2420, #7659, .T. ) ;
#4658 = CARTESIAN_POINT ( 'NONE',  ( -9.705389560109985325, -36.40660042689356146, 12.29999999999999361 ) ) ;
#4659 = PLANE ( 'NONE',  #2718 ) ;
#4660 = DIRECTION ( 'NONE',  ( -0.000000000000000000, -0.000000000000000000, -1.000000000000000000 ) ) ;
#4661 = DIRECTION ( 'NONE',  ( -0.5312641871840367847, 0.4666458651008143499, -0.7071067811865456854 ) ) ;
#4662 = EDGE_LOOP ( 'NONE', ( #3472, #1621, #6053, #7079 ) ) ;
#4663 = DIRECTION ( 'NONE',  ( -1.000000000000000000, 0.000000000000000000, 0.000000000000000000 ) ) ;
#4664 = CARTESIAN_POINT ( 'NONE',  ( -40.70502190509273532, 13.77738981431040699, -13.79289321881346098 ) ) ;
#4665 = ORIENTED_EDGE ( 'NONE', *, *, #4929, .T. ) ;
#4666 = EDGE_CURVE ( 'NONE', #5991, #8174, #3661, .T. ) ;
#4667 = ORIENTED_EDGE ( 'NONE', *, *, #6437, .F. ) ;
#4668 = CARTESIAN_POINT ( 'NONE',  ( -11.24895756195338947, 13.77738981431040699, -11.24895756195322782 ) ) ;
#4669 = CARTESIAN_POINT ( 'NONE',  ( -36.98191676351170543, -55.73144798712635151, 12.24892624460322565 ) ) ;
#4670 = ORIENTED_EDGE ( 'NONE', *, *, #7579, .F. ) ;
#4671 = DIRECTION ( 'NONE',  ( 0.000000000000000000, 0.000000000000000000, 1.000000000000000000 ) ) ;
#4672 = CARTESIAN_POINT ( 'NONE',  ( -39.48812856791805359, -26.62261018568959514, -11.30000000000003624 ) ) ;
#4673 = DIRECTION ( 'NONE',  ( 6.476012297263099224E-17, 0.7071067811865472397, 0.7071067811865477948 ) ) ;
#4674 = LINE ( 'NONE', #7853, #7743 ) ;
#4675 = VECTOR ( 'NONE', #2790, 1000.000000000000114 ) ;
#4676 = VERTEX_POINT ( 'NONE', #4307 ) ;
#4677 = LINE ( 'NONE', #861, #6880 ) ;
#4678 = ORIENTED_EDGE ( 'NONE', *, *, #7352, .F. ) ;
#4679 = LINE ( 'NONE', #6538, #8451 ) ;
#4680 = ORIENTED_EDGE ( 'NONE', *, *, #192, .F. ) ;
#4681 = CARTESIAN_POINT ( 'NONE',  ( -37.51095326299616062, 14.77738981431041232, 25.80000000000000426 ) ) ;
#4682 = ORIENTED_EDGE ( 'NONE', *, *, #6533, .F. ) ;
#4683 = EDGE_CURVE ( 'NONE', #823, #4886, #2422, .T. ) ;
#4684 = CARTESIAN_POINT ( 'NONE',  ( -37.03837521491857387, -55.81051318598202471, -12.22554038831994383 ) ) ;
#4685 = VECTOR ( 'NONE', #4497, 1000.000000000000000 ) ;
#4686 = CARTESIAN_POINT ( 'NONE',  ( 47.92608499445506709, -10.52261018568957418, -15.12842712474621010 ) ) ;
#4687 = CARTESIAN_POINT ( 'NONE',  ( -59.45967341942196782, 2.131715627355464271, -27.80000000000000071 ) ) ;
#4688 = ORIENTED_EDGE ( 'NONE', *, *, #2177, .F. ) ;
#4689 = EDGE_CURVE ( 'NONE', #3100, #4676, #7164, .T. ) ;
#4690 = CARTESIAN_POINT ( 'NONE',  ( -35.28252613824998463, 0.000000000000000000, 23.57157287525381406 ) ) ;
#4691 = ADVANCED_FACE ( 'NONE', ( #4991 ), #1061, .T. ) ;
#4692 = CIRCLE ( 'NONE', #1281, 2.000000000000001776 ) ;
#4693 = DIRECTION ( 'NONE',  ( 0.7071067811865507924, -0.7071067811865442421, 0.000000000000000000 ) ) ;
#4694 = ORIENTED_EDGE ( 'NONE', *, *, #5535, .F. ) ;
#4695 = CIRCLE ( 'NONE', #7984, 1.000000000000013101 ) ;
#4696 = CARTESIAN_POINT ( 'NONE',  ( -40.45967341942191808, 6.767778374742815295, -27.80000000000000071 ) ) ;
#4697 = CARTESIAN_POINT ( 'NONE',  ( -56.13137471833570658, -29.64867061566660666, 27.80000000000000071 ) ) ;
#4698 = CARTESIAN_POINT ( 'NONE',  ( -60.45967341942196072, 1.300871594449326318, 27.80000000000000071 ) ) ;
#4699 = EDGE_CURVE ( 'NONE', #7511, #4622, #1151, .T. ) ;
#4700 = CONICAL_SURFACE ( 'NONE', #5115, 0.9999999999999991118, 0.7853981633974489451 ) ;
#4701 = CARTESIAN_POINT ( 'NONE',  ( 50.92608499445506709, -9.815503404503022722, 14.42132034355963377 ) ) ;
#4702 = VERTEX_POINT ( 'NONE', #6240 ) ;
#4703 = AXIS2_PLACEMENT_3D ( 'NONE', #7309, #5951, #6034 ) ;
#4704 = CARTESIAN_POINT ( 'NONE',  ( 47.92608499445506709, -22.62261018568959514, -12.30000000000001492 ) ) ;
#4705 = FACE_OUTER_BOUND ( 'NONE', #422, .T. ) ;
#4706 = VERTEX_POINT ( 'NONE', #540 ) ;
#4707 = PLANE ( 'NONE',  #6490 ) ;
#4708 = DIRECTION ( 'NONE',  ( 0.4999999999999932276, -0.7071067811865472397, -0.5000000000000073275 ) ) ;
#4709 = ORIENTED_EDGE ( 'NONE', *, *, #3799, .T. ) ;
#4710 = DIRECTION ( 'NONE',  ( -0.000000000000000000, 1.000000000000000000, -2.168404344970976821E-16 ) ) ;
#4711 = DIRECTION ( 'NONE',  ( 0.000000000000000000, 0.000000000000000000, 1.000000000000000000 ) ) ;
#4712 = EDGE_CURVE ( 'NONE', #8315, #4244, #449, .T. ) ;
#4713 = DIRECTION ( 'NONE',  ( -0.000000000000000000, 0.000000000000000000, 1.000000000000000000 ) ) ;
#4714 = FACE_OUTER_BOUND ( 'NONE', #6861, .T. ) ;
#4715 = ORIENTED_EDGE ( 'NONE', *, *, #7395, .F. ) ;
#4716 = ORIENTED_EDGE ( 'NONE', *, *, #7109, .F. ) ;
#4717 = CARTESIAN_POINT ( 'NONE',  ( -3.819039799497872867, -28.62261018568959514, -13.30000000000005222 ) ) ;
#4718 = ORIENTED_EDGE ( 'NONE', *, *, #1649, .T. ) ;
#4719 = AXIS2_PLACEMENT_3D ( 'NONE', #7331, #6139, #5451 ) ;
#4720 = CARTESIAN_POINT ( 'NONE',  ( -40.29080834271967149, 15.77738981431040699, 14.20710678118654435 ) ) ;
#4721 = VECTOR ( 'NONE', #958, 1000.000000000000000 ) ;
#4722 = ORIENTED_EDGE ( 'NONE', *, *, #4130, .T. ) ;
#4723 = CARTESIAN_POINT ( 'NONE',  ( -37.36680822435838678, -56.27045579168038358, -12.00710678118656283 ) ) ;
#4724 = CARTESIAN_POINT ( 'NONE',  ( -36.68252613824996899, 14.77738981431041232, 27.80000000000000071 ) ) ;
#4725 = DIRECTION ( 'NONE',  ( -0.7071067811865517916, 0.4999999999999957256, 0.4999999999999982236 ) ) ;
#4726 = VECTOR ( 'NONE', #1428, 1000.000000000000000 ) ;
#4727 = ADVANCED_FACE ( 'NONE', ( #406 ), #4903, .F. ) ;
#4728 = DIRECTION ( 'NONE',  ( -0.000000000000000000, 1.000000000000000000, -0.000000000000000000 ) ) ;
#4729 = AXIS2_PLACEMENT_3D ( 'NONE', #6195, #1008, #6968 ) ;
#4730 = VECTOR ( 'NONE', #2843, 1000.000000000000000 ) ;
#4731 = DIRECTION ( 'NONE',  ( 0.6599369112508958191, 0.7513210187187812084, -1.387778780781445429E-16 ) ) ;
#4732 = VERTEX_POINT ( 'NONE', #1796 ) ;
#4733 = DIRECTION ( 'NONE',  ( -1.000000000000000000, 0.000000000000000000, 0.000000000000000000 ) ) ;
#4734 = DIRECTION ( 'NONE',  ( -0.7071067811865474617, -0.7071067811865474617, 0.000000000000000000 ) ) ;
#4735 = VERTEX_POINT ( 'NONE', #3055 ) ;
#4736 = EDGE_CURVE ( 'NONE', #3989, #7845, #5797, .T. ) ;
#4737 = EDGE_CURVE ( 'NONE', #265, #1164, #496, .T. ) ;
#4738 = CYLINDRICAL_SURFACE ( 'NONE', #3056, 1.000000000000000888 ) ;
#4739 = CARTESIAN_POINT ( 'NONE',  ( 4.831533056134578489E-16, -4.471820925021146920, -128.0398730914872374 ) ) ;
#4740 = VECTOR ( 'NONE', #3564, 1000.000000000000000 ) ;
#4741 = CARTESIAN_POINT ( 'NONE',  ( 49.92608499445506709, -9.936823748062684203, 12.88578643762689779 ) ) ;
#4742 = CARTESIAN_POINT ( 'NONE',  ( -49.99791512390621051, 13.77738981431040699, 18.50000000000000355 ) ) ;
#4743 = ORIENTED_EDGE ( 'NONE', *, *, #3071, .F. ) ;
#4744 = FACE_OUTER_BOUND ( 'NONE', #200, .T. ) ;
#4745 = LINE ( 'NONE', #8047, #5975 ) ;
#4746 = EDGE_CURVE ( 'NONE', #5214, #3349, #1753, .T. ) ;
#4747 = EDGE_LOOP ( 'NONE', ( #3737, #4339, #6055, #5543 ) ) ;
#4748 = DIRECTION ( 'NONE',  ( 1.000000000000000000, 0.000000000000000000, 0.000000000000000000 ) ) ;
#4749 = AXIS2_PLACEMENT_3D ( 'NONE', #4158, #8101, #7379 ) ;
#4750 = CYLINDRICAL_SURFACE ( 'NONE', #6961, 2.000000000000001776 ) ;
#4751 = ORIENTED_EDGE ( 'NONE', *, *, #7059, .T. ) ;
#4752 = CARTESIAN_POINT ( 'NONE',  ( -44.24839094739824219, -59.37309580189981517, 26.79999999999998650 ) ) ;
#4753 = DIRECTION ( 'NONE',  ( 0.000000000000000000, 0.000000000000000000, 1.000000000000000000 ) ) ;
#4754 = CARTESIAN_POINT ( 'NONE',  ( 2.524149805228551369, -26.62261018568959514, -13.30000000000005222 ) ) ;
#4755 = VECTOR ( 'NONE', #6260, 1000.000000000000000 ) ;
#4756 = DIRECTION ( 'NONE',  ( -0.000000000000000000, -0.000000000000000000, -1.000000000000000000 ) ) ;
#4757 = EDGE_LOOP ( 'NONE', ( #2519, #5032, #4972, #6405 ) ) ;
#4758 = DIRECTION ( 'NONE',  ( 0.000000000000000000, 0.000000000000000000, 1.000000000000000000 ) ) ;
#4759 = VERTEX_POINT ( 'NONE', #4356 ) ;
#4760 = EDGE_CURVE ( 'NONE', #4603, #4515, #4397, .T. ) ;
#4761 = CARTESIAN_POINT ( 'NONE',  ( 47.92608499445506709, -8.522610185689574180, 15.12842712474618878 ) ) ;
#4762 = VECTOR ( 'NONE', #2382, 1000.000000000000000 ) ;
#4763 = ORIENTED_EDGE ( 'NONE', *, *, #6159, .T. ) ;
#4764 = CARTESIAN_POINT ( 'NONE',  ( -36.79293170321254536, -55.46678625347924907, -12.29122017173165915 ) ) ;
#4765 = ORIENTED_EDGE ( 'NONE', *, *, #4493, .T. ) ;
#4766 = CARTESIAN_POINT ( 'NONE',  ( -38.99791512390618919, 15.77738981431040699, -14.91421356237309404 ) ) ;
#4767 = AXIS2_PLACEMENT_3D ( 'NONE', #3886, #3971, #34 ) ;
#4768 = LINE ( 'NONE', #4212, #7608 ) ;
#4769 = VERTEX_POINT ( 'NONE', #1010 ) ;
#4770 = CARTESIAN_POINT ( 'NONE',  ( 15.65556682763982366, -25.62261018568959159, -26.80000000000001847 ) ) ;
#4771 = DIRECTION ( 'NONE',  ( 0.3420201433256697676, -0.9396926207859080948, 0.000000000000000000 ) ) ;
#4772 = ORIENTED_EDGE ( 'NONE', *, *, #4736, .T. ) ;
#4773 = CARTESIAN_POINT ( 'NONE',  ( -49.45967341942196072, -22.62261018568959514, 27.80000000000000071 ) ) ;
#4774 = LINE ( 'NONE', #2924, #180 ) ;
#4775 = EDGE_CURVE ( 'NONE', #6651, #6671, #1664, .T. ) ;
#4776 = DIRECTION ( 'NONE',  ( 0.000000000000000000, 1.000000000000000000, 0.000000000000000000 ) ) ;
#4777 = DIRECTION ( 'NONE',  ( 1.000000000000000000, 0.000000000000000000, 0.000000000000000000 ) ) ;
#4778 = CARTESIAN_POINT ( 'NONE',  ( -53.31229685597797641, -25.62261018568960225, -27.80000000000000071 ) ) ;
#4779 = CARTESIAN_POINT ( 'NONE',  ( -39.50033856919389308, -60.93157208991243579, -9.885786437626913781 ) ) ;
#4780 = DIRECTION ( 'NONE',  ( 0.6599369112508958191, 0.7513210187187812084, -1.387778780781445429E-16 ) ) ;
#4781 = ADVANCED_FACE ( 'NONE', ( #2298 ), #7700, .F. ) ;
#4782 = VERTEX_POINT ( 'NONE', #4436 ) ;
#4783 = CARTESIAN_POINT ( 'NONE',  ( 5.911972800289069390E-16, -5.471820925021139814, 27.80000000000000071 ) ) ;
#4784 = DIRECTION ( 'NONE',  ( -0.000000000000000000, -0.000000000000000000, 1.000000000000000000 ) ) ;
#4785 = ORIENTED_EDGE ( 'NONE', *, *, #5781, .F. ) ;
#4786 = LINE ( 'NONE', #2859, #3876 ) ;
#4787 = DIRECTION ( 'NONE',  ( 0.000000000000000000, 0.000000000000000000, 1.000000000000000000 ) ) ;
#4788 = ORIENTED_EDGE ( 'NONE', *, *, #7956, .F. ) ;
#4789 = CARTESIAN_POINT ( 'NONE',  ( -36.60469086160404117, -58.90401773705834643, 13.23603315459939544 ) ) ;
#4790 = ADVANCED_FACE ( 'NONE', ( #1703 ), #1192, .T. ) ;
#4791 = DIRECTION ( 'NONE',  ( 1.000000000000000000, 0.000000000000000000, 0.000000000000000000 ) ) ;
#4792 = EDGE_CURVE ( 'NONE', #7627, #3987, #4038, .T. ) ;
#4793 = DIRECTION ( 'NONE',  ( 0.000000000000000000, 1.000000000000000000, -1.042667367333023879E-16 ) ) ;
#4794 = PLANE ( 'NONE',  #7871 ) ;
#4795 = ORIENTED_EDGE ( 'NONE', *, *, #1427, .F. ) ;
#4796 = CARTESIAN_POINT ( 'NONE',  ( -1.819039799497873089, -28.62261018568959514, -13.30000000000005222 ) ) ;
#4797 = ORIENTED_EDGE ( 'NONE', *, *, #3910, .F. ) ;
#4798 = DIRECTION ( 'NONE',  ( 0.000000000000000000, -1.000000000000000000, -1.372378306233987934E-16 ) ) ;
#4799 = EDGE_LOOP ( 'NONE', ( #754, #2188, #8371, #1653 ) ) ;
#4800 = DIRECTION ( 'NONE',  ( -0.7071067811865375807, 7.372771659631164721E-17, 0.7071067811865574537 ) ) ;
#4801 = EDGE_CURVE ( 'NONE', #2581, #3813, #1228, .T. ) ;
#4802 = ORIENTED_EDGE ( 'NONE', *, *, #20, .F. ) ;
#4803 = LINE ( 'NONE', #1923, #2618 ) ;
#4804 = CARTESIAN_POINT ( 'NONE',  ( -40.24727120667017743, -56.57148159816235022, -11.11445880014708010 ) ) ;
#4805 = VECTOR ( 'NONE', #2411, 1000.000000000000000 ) ;
#4806 = VERTEX_POINT ( 'NONE', #7940 ) ;
#4807 = CARTESIAN_POINT ( 'NONE',  ( 49.92608499445507420, -11.35103731043575870, 27.80000000000000071 ) ) ;
#4808 = VECTOR ( 'NONE', #4469, 1000.000000000000227 ) ;
#4809 = CARTESIAN_POINT ( 'NONE',  ( -36.65970144317183355, -22.62261018568959514, 12.29999999999999538 ) ) ;
#4810 = VECTOR ( 'NONE', #2320, 1000.000000000000114 ) ;
#4811 = VERTEX_POINT ( 'NONE', #1950 ) ;
#4812 = LINE ( 'NONE', #2174, #5145 ) ;
#4813 = DIRECTION ( 'NONE',  ( 0.000000000000000000, 0.7071067811865500152, 0.7071067811865450192 ) ) ;
#4814 = EDGE_CURVE ( 'NONE', #7453, #5834, #6742, .T. ) ;
#4815 = CARTESIAN_POINT ( 'NONE',  ( -40.99791512390621051, 14.77738981431039100, -17.08578643762689708 ) ) ;
#4816 = FACE_OUTER_BOUND ( 'NONE', #7966, .T. ) ;
#4817 = DIRECTION ( 'NONE',  ( 0.000000000000000000, 0.000000000000000000, 1.000000000000000000 ) ) ;
#4818 = AXIS2_PLACEMENT_3D ( 'NONE', #5408, #1433, #2827 ) ;
#4819 = CARTESIAN_POINT ( 'NONE',  ( -44.24839094739824219, -59.37309580189981517, 13.30000000000004512 ) ) ;
#4820 = DIRECTION ( 'NONE',  ( 0.000000000000000000, 0.000000000000000000, -1.000000000000000000 ) ) ;
#4821 = EDGE_LOOP ( 'NONE', ( #7158, #5833, #2090, #7696 ) ) ;
#4822 = DIRECTION ( 'NONE',  ( 1.000000000000000000, 0.000000000000000000, 0.000000000000000000 ) ) ;
#4823 = LINE ( 'NONE', #7448, #2132 ) ;
#4824 = VECTOR ( 'NONE', #164, 999.9999999999998863 ) ;
#4825 = ORIENTED_EDGE ( 'NONE', *, *, #1881, .F. ) ;
#4826 = CARTESIAN_POINT ( 'NONE',  ( 47.92608499445506709, 1.772655312218901398E-15, 12.29999999999999893 ) ) ;
#4827 = ADVANCED_FACE ( 'NONE', ( #3952 ), #2620, .T. ) ;
#4828 = CIRCLE ( 'NONE', #1157, 5.999999999999998224 ) ;
#4829 = CARTESIAN_POINT ( 'NONE',  ( -38.87004201662180947, -60.24834932907539553, 11.06429773960448060 ) ) ;
#4830 = CARTESIAN_POINT ( 'NONE',  ( -40.29080834271965728, 13.77738981431040699, 17.79289321881345032 ) ) ;
#4831 = ORIENTED_EDGE ( 'NONE', *, *, #4176, .F. ) ;
#4832 = AXIS2_PLACEMENT_3D ( 'NONE', #3838, #8429, #6465 ) ;
#4833 = DIRECTION ( 'NONE',  ( -0.000000000000000000, -0.000000000000000000, 1.000000000000000000 ) ) ;
#4834 = CARTESIAN_POINT ( 'NONE',  ( -40.10820155684577060, 11.01170438936127205, -27.80000000000000071 ) ) ;
#4835 = DIRECTION ( 'NONE',  ( 0.000000000000000000, 0.000000000000000000, 1.000000000000000000 ) ) ;
#4836 = VECTOR ( 'NONE', #3858, 1000.000000000000114 ) ;
#4837 = DIRECTION ( 'NONE',  ( 0.000000000000000000, -1.000000000000000000, 0.000000000000000000 ) ) ;
#4838 = VERTEX_POINT ( 'NONE', #698 ) ;
#4839 = CARTESIAN_POINT ( 'NONE',  ( -36.82531694345400552, -55.51213943895835712, 12.28632613120839068 ) ) ;
#4840 = EDGE_CURVE ( 'NONE', #1362, #2709, #5241, .T. ) ;
#4841 = EDGE_CURVE ( 'NONE', #8353, #5002, #6608, .T. ) ;
#4842 = ORIENTED_EDGE ( 'NONE', *, *, #2698, .F. ) ;
#4843 = CARTESIAN_POINT ( 'NONE',  ( 3.331086830769337423E-15, 15.77738981431040699, -12.49999999999999112 ) ) ;
#4844 = AXIS2_PLACEMENT_3D ( 'NONE', #7213, #2612, #2701 ) ;
#4845 = EDGE_LOOP ( 'NONE', ( #4074, #1009, #5669, #4411 ) ) ;
#4846 = CARTESIAN_POINT ( 'NONE',  ( -36.75495791482335051, -55.41361090593436245, -12.29545382043567336 ) ) ;
#4847 = ORIENTED_EDGE ( 'NONE', *, *, #6220, .F. ) ;
#4848 = CARTESIAN_POINT ( 'NONE',  ( -22.22946844864904037, -48.11272554981010074, -27.14444655689602115 ) ) ;
#4849 = DIRECTION ( 'NONE',  ( 0.000000000000000000, 0.000000000000000000, 1.000000000000000000 ) ) ;
#4850 = DIRECTION ( 'NONE',  ( 0.000000000000000000, -0.7071067811865451302, -0.7071067811865500152 ) ) ;
#4851 = VECTOR ( 'NONE', #4725, 1000.000000000000114 ) ;
#4852 = EDGE_CURVE ( 'NONE', #1739, #1617, #610, .T. ) ;
#4853 = CARTESIAN_POINT ( 'NONE',  ( -45.82754818765661042, 14.77738981431039100, -13.50000000000000178 ) ) ;
#4854 = VERTEX_POINT ( 'NONE', #5889 ) ;
#4855 = LINE ( 'NONE', #5381, #4042 ) ;
#4856 = AXIS2_PLACEMENT_3D ( 'NONE', #8254, #1706, #4309 ) ;
#4857 = DIRECTION ( 'NONE',  ( -0.000000000000000000, -0.7071067811865500152, -0.7071067811865451302 ) ) ;
#4858 = CONICAL_SURFACE ( 'NONE', #8292, 1.000000000000013101, 0.7853981633974415066 ) ;
#4859 = DIRECTION ( 'NONE',  ( 6.938893903907234689E-15, 0.000000000000000000, 1.000000000000000000 ) ) ;
#4860 = AXIS2_PLACEMENT_3D ( 'NONE', #5061, #1171, #3774 ) ;
#4861 = DIRECTION ( 'NONE',  ( 1.000000000000000000, -0.000000000000000000, 0.000000000000000000 ) ) ;
#4862 = AXIS2_PLACEMENT_3D ( 'NONE', #3511, #4673, #7411 ) ;
#4863 = ADVANCED_FACE ( 'NONE', ( #5334 ), #13, .F. ) ;
#4864 = DIRECTION ( 'NONE',  ( -1.000000000000000000, 0.000000000000000000, 0.000000000000000000 ) ) ;
#4865 = LINE ( 'NONE', #4698, #6539 ) ;
#4866 = DIRECTION ( 'NONE',  ( -0.8191520442889910214, -0.5735764363510472696, -7.871638582151768605E-17 ) ) ;
#4867 = VECTOR ( 'NONE', #3679, 1000.000000000000000 ) ;
#4868 = VERTEX_POINT ( 'NONE', #2664 ) ;
#4869 = DIRECTION ( 'NONE',  ( -0.000000000000000000, 0.000000000000000000, 1.000000000000000000 ) ) ;
#4870 = AXIS2_PLACEMENT_3D ( 'NONE', #846, #2184, #2729 ) ;
#4871 = ORIENTED_EDGE ( 'NONE', *, *, #3313, .F. ) ;
#4872 = CARTESIAN_POINT ( 'NONE',  ( -27.03066365122111137, 27.03066365122259285, -27.80000000000000071 ) ) ;
#4873 = ORIENTED_EDGE ( 'NONE', *, *, #6720, .T. ) ;
#4874 = CARTESIAN_POINT ( 'NONE',  ( -52.25187818006254759, 13.73701128181578213, 26.80000000000001492 ) ) ;
#4875 = AXIS2_PLACEMENT_3D ( 'NONE', #367, #8218, #2383 ) ;
#4876 = CARTESIAN_POINT ( 'NONE',  ( 47.92608499445506709, -11.35103731043577824, -25.80000000000000426 ) ) ;
#4877 = CARTESIAN_POINT ( 'NONE',  ( -40.54534393120290758, -56.78019436681484677, -10.53021707806426299 ) ) ;
#4878 = VERTEX_POINT ( 'NONE', #7815 ) ;
#4879 = CARTESIAN_POINT ( 'NONE',  ( 5.911972800289069390E-16, -5.471820925021139814, -27.80000000000000071 ) ) ;
#4880 = DIRECTION ( 'NONE',  ( 0.000000000000000000, -1.372378306233988674E-16, 1.000000000000000000 ) ) ;
#4881 = CARTESIAN_POINT ( 'NONE',  ( -54.45967341942196072, 2.131715627355464271, -12.49999999999998757 ) ) ;
#4882 = ORIENTED_EDGE ( 'NONE', *, *, #1267, .F. ) ;
#4883 = EDGE_CURVE ( 'NONE', #1963, #1547, #4554, .T. ) ;
#4884 = VECTOR ( 'NONE', #3263, 1000.000000000000000 ) ;
#4885 = LINE ( 'NONE', #172, #6096 ) ;
#4886 = VERTEX_POINT ( 'NONE', #3173 ) ;
#4887 = DIRECTION ( 'NONE',  ( 0.000000000000000000, 0.000000000000000000, 1.000000000000000000 ) ) ;
#4888 = ORIENTED_EDGE ( 'NONE', *, *, #1110, .F. ) ;
#4889 = CARTESIAN_POINT ( 'NONE',  ( -39.04206310739353825, -57.62626815850023831, 10.14440814645971223 ) ) ;
#4890 = EDGE_LOOP ( 'NONE', ( #6977, #7503, #6128, #1651 ) ) ;
#4891 = DIRECTION ( 'NONE',  ( 0.000000000000000000, 0.000000000000000000, 1.000000000000000000 ) ) ;
#4892 = ORIENTED_EDGE ( 'NONE', *, *, #4330, .F. ) ;
#4893 = VECTOR ( 'NONE', #8022, 1000.000000000000000 ) ;
#4894 = FACE_OUTER_BOUND ( 'NONE', #1048, .T. ) ;
#4895 = CYLINDRICAL_SURFACE ( 'NONE', #8149, 2.000000000000000000 ) ;
#4896 = EDGE_CURVE ( 'NONE', #5574, #5380, #7292, .T. ) ;
#4897 = EDGE_LOOP ( 'NONE', ( #5025, #5935, #8279, #6277 ) ) ;
#4898 = B_SPLINE_CURVE_WITH_KNOTS ( 'NONE', 3,
 ( #667, #5810, #8417, #7909, #3266, #2627, #1873, #4482, #5895, #4605, #5938, #5771 ),
 .UNSPECIFIED., .F., .F.,
 ( 4, 2, 2, 2, 2, 4 ),
 ( 0.000000000000000000, 0.2499999999999983347, 0.4999999999999966693, 0.6249999999999918954, 0.7499999999999870104, 1.000000000000000000 ),
 .UNSPECIFIED. ) ;
#4899 = CARTESIAN_POINT ( 'NONE',  ( -47.74395206774986633, 15.77738981431040699, 19.50000000000002132 ) ) ;
#4900 = VECTOR ( 'NONE', #6564, 1000.000000000000114 ) ;
#4901 = CARTESIAN_POINT ( 'NONE',  ( 15.63326077771476008, -22.32661021857294870, -26.80000000000001847 ) ) ;
#4902 = ORIENTED_EDGE ( 'NONE', *, *, #4914, .T. ) ;
#4903 = PLANE ( 'NONE',  #5511 ) ;
#4904 = DIRECTION ( 'NONE',  ( 0.000000000000000000, 0.000000000000000000, 1.000000000000000000 ) ) ;
#4905 = ADVANCED_FACE ( 'NONE', ( #3297 ), #6536, .T. ) ;
#4906 = EDGE_CURVE ( 'NONE', #524, #7290, #55, .T. ) ;
#4907 = AXIS2_PLACEMENT_3D ( 'NONE', #6249, #5510, #8170 ) ;
#4908 = FACE_OUTER_BOUND ( 'NONE', #6888, .T. ) ;
#4909 = DIRECTION ( 'NONE',  ( -0.000000000000000000, -0.000000000000000000, -1.000000000000000000 ) ) ;
#4910 = CARTESIAN_POINT ( 'NONE',  ( -35.28252613824998463, 13.77738981431038923, 23.57157287525381406 ) ) ;
#4911 = DIRECTION ( 'NONE',  ( 3.081487911019577023E-33, 0.7071067811865451302, -0.7071067811865500152 ) ) ;
#4912 = LINE ( 'NONE', #370, #705 ) ;
#4913 = ORIENTED_EDGE ( 'NONE', *, *, #633, .T. ) ;
#4914 = EDGE_CURVE ( 'NONE', #4583, #5620, #3733, .T. ) ;
#4915 = EDGE_CURVE ( 'NONE', #7857, #7462, #2034, .T. ) ;
#4916 = CARTESIAN_POINT ( 'NONE',  ( 47.92608499445506709, -22.62261018568959514, 27.80000000000000071 ) ) ;
#4917 = EDGE_CURVE ( 'NONE', #7627, #5211, #5168, .T. ) ;
#4918 = ORIENTED_EDGE ( 'NONE', *, *, #1785, .F. ) ;
#4919 = CARTESIAN_POINT ( 'NONE',  ( -37.51095326299616772, 13.77738981431036791, -25.80000000000000426 ) ) ;
#4920 = ORIENTED_EDGE ( 'NONE', *, *, #1365, .F. ) ;
#4921 = CARTESIAN_POINT ( 'NONE',  ( -39.07391941510960720, -60.11242622084427012, -9.951236650387905058 ) ) ;
#4922 = DIRECTION ( 'NONE',  ( -0.000000000000000000, -0.000000000000000000, 1.000000000000000000 ) ) ;
#4923 = B_SPLINE_SURFACE_WITH_KNOTS ( 'NONE', 1, 3, ( 
 ( #4998, #3754, #6296, #3573, #5645, #5606, #2887, #3018, #1152, #8258 ),
 ( #8123, #4312, #7015, #6201, #7489, #2977, #7529, #6840, #280, #8217 ) ),
 .UNSPECIFIED., .F., .F., .F.,
 ( 2, 2 ),
 ( 4, 2, 2, 2, 4 ),
 ( 0.000000000000000000, 1.000000000000000000 ),
 ( 3.926990816987237398, 4.123340357836600134, 4.319689898685963314, 4.516039439535326494, 4.712388980384689674 ),
 .UNSPECIFIED. ) ;
#4924 = CARTESIAN_POINT ( 'NONE',  ( -66.57092852305433439, -6.813841068346825125, -27.80000000000000071 ) ) ;
#4925 = ORIENTED_EDGE ( 'NONE', *, *, #6687, .F. ) ;
#4926 = CARTESIAN_POINT ( 'NONE',  ( -36.79059915986094609, -57.90507310811227626, 12.29355398349708572 ) ) ;
#4927 = CARTESIAN_POINT ( 'NONE',  ( -7.021661118252671900E-16, -10.52261018568957063, -15.12842712474621010 ) ) ;
#4928 = PLANE ( 'NONE',  #6398 ) ;
#4929 = EDGE_CURVE ( 'NONE', #1097, #867, #2869, .T. ) ;
#4930 = LINE ( 'NONE', #7642, #2128 ) ;
#4931 = EDGE_LOOP ( 'NONE', ( #3515, #6165, #3368, #2650 ) ) ;
#4932 = ORIENTED_EDGE ( 'NONE', *, *, #7407, .T. ) ;
#4933 = CARTESIAN_POINT ( 'NONE',  ( -40.29080834271966438, 13.77738981431040699, -17.79289321881345387 ) ) ;
#4934 = ORIENTED_EDGE ( 'NONE', *, *, #1626, .T. ) ;
#4935 = CARTESIAN_POINT ( 'NONE',  ( -37.51095326299616772, 14.77738981431041232, -25.80000000000000426 ) ) ;
#4936 = ORIENTED_EDGE ( 'NONE', *, *, #5122, .F. ) ;
#4937 = CARTESIAN_POINT ( 'NONE',  ( -38.82701799080856375, -59.76665443208383977, 10.54450247219978465 ) ) ;
#4938 = ORIENTED_EDGE ( 'NONE', *, *, #2731, .F. ) ;
#4939 = CARTESIAN_POINT ( 'NONE',  ( -41.95408520199404734, -62.64970397905579347, 26.80000000000001492 ) ) ;
#4940 = FACE_OUTER_BOUND ( 'NONE', #7130, .T. ) ;
#4941 = EDGE_CURVE ( 'NONE', #628, #8445, #8143, .T. ) ;
#4942 = FACE_OUTER_BOUND ( 'NONE', #1315, .T. ) ;
#4943 = ORIENTED_EDGE ( 'NONE', *, *, #401, .T. ) ;
#4944 = VECTOR ( 'NONE', #7383, 999.9999999999998863 ) ;
#4945 = DIRECTION ( 'NONE',  ( -0.000000000000000000, 0.000000000000000000, -1.000000000000000000 ) ) ;
#4946 = CARTESIAN_POINT ( 'NONE',  ( -40.99791512390621051, 13.77738981431040699, -1.085786437626897971 ) ) ;
#4947 = DIRECTION ( 'NONE',  ( 0.000000000000000000, 1.000000000000000000, -1.042667367333023879E-16 ) ) ;
#4948 = AXIS2_PLACEMENT_3D ( 'NONE', #1262, #1862, #7040 ) ;
#4949 = PLANE ( 'NONE',  #3060 ) ;
#4950 = EDGE_CURVE ( 'NONE', #4735, #8337, #4677, .T. ) ;
#4951 = EDGE_CURVE ( 'NONE', #3700, #637, #581, .T. ) ;
#4952 = CARTESIAN_POINT ( 'NONE',  ( -37.51095326299616062, 14.77738981431041232, 27.80000000000000071 ) ) ;
#4953 = DIRECTION ( 'NONE',  ( -1.000000000000000000, 0.000000000000000000, 0.000000000000000000 ) ) ;
#4954 = CARTESIAN_POINT ( 'NONE',  ( -39.04193158279027642, -60.06762997820233352, 10.14506936529181758 ) ) ;
#4955 = VERTEX_POINT ( 'NONE', #6094 ) ;
#4956 = DIRECTION ( 'NONE',  ( 6.938893903907177891E-15, 0.000000000000000000, 1.000000000000000000 ) ) ;
#4957 = B_SPLINE_CURVE_WITH_KNOTS ( 'NONE', 3,
 ( #182, #6781, #3522, #2291, #4804, #4163 ),
 .UNSPECIFIED., .F., .F.,
 ( 4, 2, 4 ),
 ( 0.000000000000000000, 0.5000000000000000000, 1.000000000000000000 ),
 .UNSPECIFIED. ) ;
#4958 = ORIENTED_EDGE ( 'NONE', *, *, #8159, .F. ) ;
#4959 = DIRECTION ( 'NONE',  ( 0.000000000000000000, 0.000000000000000000, -1.000000000000000000 ) ) ;
#4960 = LINE ( 'NONE', #1719, #5672 ) ;
#4961 = ADVANCED_FACE ( 'NONE', ( #5492 ), #6484, .F. ) ;
#4962 = EDGE_CURVE ( 'NONE', #4980, #4886, #3310, .T. ) ;
#4963 = CARTESIAN_POINT ( 'NONE',  ( -38.78102178673147904, -59.70224796621606345, 10.59289321881344037 ) ) ;
#4964 = CARTESIAN_POINT ( 'NONE',  ( 47.92608499445506709, -9.936823748062657558, 27.21421356237309297 ) ) ;
#4965 = ORIENTED_EDGE ( 'NONE', *, *, #2595, .T. ) ;
#4966 = DIRECTION ( 'NONE',  ( -0.000000000000000000, 1.000000000000000000, -0.000000000000000000 ) ) ;
#4967 = DIRECTION ( 'NONE',  ( 0.5312641871840356744, -0.4666458651008137393, -0.7071067811865467956 ) ) ;
#4968 = ORIENTED_EDGE ( 'NONE', *, *, #8283, .F. ) ;
#4969 = AXIS2_PLACEMENT_3D ( 'NONE', #3643, #6906, #1734 ) ;
#4970 = DIRECTION ( 'NONE',  ( -0.000000000000000000, -0.000000000000000000, 1.000000000000000000 ) ) ;
#4971 = DIRECTION ( 'NONE',  ( 1.000000000000000000, 0.000000000000000000, 0.000000000000000000 ) ) ;
#4972 = ORIENTED_EDGE ( 'NONE', *, *, #1479, .F. ) ;
#4973 = VECTOR ( 'NONE', #966, 999.9999999999998863 ) ;
#4974 = EDGE_LOOP ( 'NONE', ( #515, #648, #392, #7932 ) ) ;
#4975 = CARTESIAN_POINT ( 'NONE',  ( -67.51062114384023971, -7.155861211672490008, 26.80000000000007532 ) ) ;
#4976 = ORIENTED_EDGE ( 'NONE', *, *, #3922, .F. ) ;
#4977 = CARTESIAN_POINT ( 'NONE',  ( -37.36680822435838678, -22.62261018568959514, -12.00710678118655750 ) ) ;
#4978 = VECTOR ( 'NONE', #1465, 1000.000000000000000 ) ;
#4979 = EDGE_CURVE ( 'NONE', #8321, #1939, #1835, .T. ) ;
#4980 = VERTEX_POINT ( 'NONE', #4796 ) ;
#4981 = ORIENTED_EDGE ( 'NONE', *, *, #4563, .T. ) ;
#4982 = LINE ( 'NONE', #6365, #442 ) ;
#4983 = CIRCLE ( 'NONE', #3752, 1.000000000000011324 ) ;
#4984 = LINE ( 'NONE', #7602, #4533 ) ;
#4985 = DIRECTION ( 'NONE',  ( -0.000000000000000000, -1.000000000000000000, 0.000000000000000000 ) ) ;
#4986 = AXIS2_PLACEMENT_3D ( 'NONE', #2012, #3234, #5866 ) ;
#4987 = DIRECTION ( 'NONE',  ( 1.000000000000000000, 0.000000000000000000, 0.000000000000000000 ) ) ;
#4988 = CARTESIAN_POINT ( 'NONE',  ( -54.45967341942196072, 2.131715627355464271, 27.80000000000000071 ) ) ;
#4989 = ORIENTED_EDGE ( 'NONE', *, *, #5197, .T. ) ;
#4990 = ORIENTED_EDGE ( 'NONE', *, *, #5972, .F. ) ;
#4991 = FACE_OUTER_BOUND ( 'NONE', #7769, .T. ) ;
#4992 = PLANE ( 'NONE',  #3051 ) ;
#4993 = AXIS2_PLACEMENT_3D ( 'NONE', #4916, #1586, #4186 ) ;
#4994 = CARTESIAN_POINT ( 'NONE',  ( -49.99791512390621051, 13.77738981431040699, -2.500000000000000000 ) ) ;
#4995 = ORIENTED_EDGE ( 'NONE', *, *, #5804, .T. ) ;
#4996 = ADVANCED_FACE ( 'NONE', ( #5453 ), #6694, .T. ) ;
#4997 = VECTOR ( 'NONE', #607, 1000.000000000000114 ) ;
#4998 = CARTESIAN_POINT ( 'NONE',  ( -38.64749144189603669, -55.45130374739212442, -12.71421356237313383 ) ) ;
#4999 = DIRECTION ( 'NONE',  ( 1.000000000000000000, 0.000000000000000000, 0.000000000000000000 ) ) ;
#5000 = AXIS2_PLACEMENT_3D ( 'NONE', #576, #4648, #2044 ) ;
#5001 = DIRECTION ( 'NONE',  ( 1.000000000000000000, 0.000000000000000000, 0.000000000000000000 ) ) ;
#5002 = VERTEX_POINT ( 'NONE', #8062 ) ;
#5003 = DIRECTION ( 'NONE',  ( -0.7071067811865500152, 0.000000000000000000, -0.7071067811865450192 ) ) ;
#5004 = EDGE_CURVE ( 'NONE', #3130, #5620, #3514, .T. ) ;
#5005 = EDGE_CURVE ( 'NONE', #7536, #1233, #7336, .T. ) ;
#5006 = ORIENTED_EDGE ( 'NONE', *, *, #3134, .T. ) ;
#5007 = CARTESIAN_POINT ( 'NONE',  ( -67.51062114384023971, -7.155861211672490008, -26.80000000000001847 ) ) ;
#5008 = CIRCLE ( 'NONE', #1594, 2.000000000000014211 ) ;
#5009 = B_SPLINE_CURVE_WITH_KNOTS ( 'NONE', 3,
 ( #1712, #3798, #7106, #1238 ),
 .UNSPECIFIED., .F., .F.,
 ( 4, 4 ),
 ( 0.000000000000000000, 1.000000000000000000 ),
 .UNSPECIFIED. ) ;
#5010 = CONICAL_SURFACE ( 'NONE', #625, 2.999999999999995559, 0.7853981633974509435 ) ;
#5011 = CARTESIAN_POINT ( 'NONE',  ( -39.29800420993218069, -60.78989604631853894, -10.77208952664993191 ) ) ;
#5012 = DIRECTION ( 'NONE',  ( 0.000000000000000000, 1.000000000000000000, 0.000000000000000000 ) ) ;
#5013 = CIRCLE ( 'NONE', #4183, 5.000000000000004441 ) ;
#5014 = PLANE ( 'NONE',  #356 ) ;
#5015 = ORIENTED_EDGE ( 'NONE', *, *, #2871, .F. ) ;
#5016 = FACE_OUTER_BOUND ( 'NONE', #6211, .T. ) ;
#5017 = CARTESIAN_POINT ( 'NONE',  ( -47.74395206774986633, 14.77738981431039100, 13.49999999999999822 ) ) ;
#5018 = AXIS2_PLACEMENT_3D ( 'NONE', #5621, #5714, #3033 ) ;
#5019 = DIRECTION ( 'NONE',  ( 0.000000000000000000, -0.7071067811865474617, -0.7071067811865476838 ) ) ;
#5020 = EDGE_CURVE ( 'NONE', #2447, #3529, #6819, .T. ) ;
#5021 = ADVANCED_FACE ( 'NONE', ( #3554 ), #3422, .T. ) ;
#5022 = FACE_OUTER_BOUND ( 'NONE', #5290, .T. ) ;
#5023 = ORIENTED_EDGE ( 'NONE', *, *, #5054, .F. ) ;
#5024 = VECTOR ( 'NONE', #1488, 1000.000000000000000 ) ;
#5025 = ORIENTED_EDGE ( 'NONE', *, *, #758, .T. ) ;
#5026 = DIRECTION ( 'NONE',  ( -0.7071067811865499042, -8.086816722427983140E-17, 0.7071067811865452413 ) ) ;
#5027 = PLANE ( 'NONE',  #6130 ) ;
#5028 = ORIENTED_EDGE ( 'NONE', *, *, #1427, .T. ) ;
#5029 = ORIENTED_EDGE ( 'NONE', *, *, #4587, .F. ) ;
#5030 = EDGE_LOOP ( 'NONE', ( #6038, #3067, #5370, #1047 ) ) ;
#5031 = PLANE ( 'NONE',  #7413 ) ;
#5032 = ORIENTED_EDGE ( 'NONE', *, *, #5594, .T. ) ;
#5033 = CARTESIAN_POINT ( 'NONE',  ( -3.819039799497872867, -26.62261018568959514, 13.30000000000003801 ) ) ;
#5034 = CARTESIAN_POINT ( 'NONE',  ( -41.41212868627928856, 15.77738981431040699, -14.50000000000000178 ) ) ;
#5035 = EDGE_CURVE ( 'NONE', #2833, #890, #994, .T. ) ;
#5036 = EDGE_CURVE ( 'NONE', #3205, #5273, #3590, .T. ) ;
#5037 = ORIENTED_EDGE ( 'NONE', *, *, #4330, .T. ) ;
#5038 = VECTOR ( 'NONE', #2622, 1000.000000000000000 ) ;
#5039 = FACE_OUTER_BOUND ( 'NONE', #4490, .T. ) ;
#5040 = ORIENTED_EDGE ( 'NONE', *, *, #2647, .T. ) ;
#5041 = VERTEX_POINT ( 'NONE', #4975 ) ;
#5042 = CARTESIAN_POINT ( 'NONE',  ( -39.58370156153308983, 15.77738981431040699, 18.50000000000000000 ) ) ;
#5043 = LINE ( 'NONE', #6241, #1968 ) ;
#5044 = CARTESIAN_POINT ( 'NONE',  ( -58.21627851301586531, 5.431400183609929044, -2.499999999999998668 ) ) ;
#5045 = EDGE_LOOP ( 'NONE', ( #7045, #4694, #2197, #4715 ) ) ;
#5046 = PLANE ( 'NONE',  #3397 ) ;
#5047 = CIRCLE ( 'NONE', #7656, 1.999999999999998224 ) ;
#5048 = DIRECTION ( 'NONE',  ( -1.000000000000000000, 0.000000000000000000, 0.000000000000000000 ) ) ;
#5049 = VERTEX_POINT ( 'NONE', #8195 ) ;
#5050 = DIRECTION ( 'NONE',  ( -0.7071067811865445751, 0.000000000000000000, -0.7071067811865504593 ) ) ;
#5051 = ORIENTED_EDGE ( 'NONE', *, *, #3592, .T. ) ;
#5052 = CARTESIAN_POINT ( 'NONE',  ( -38.94174680789710408, -59.92732970901423784, -10.38693680747510584 ) ) ;
#5053 = FACE_OUTER_BOUND ( 'NONE', #396, .T. ) ;
#5054 = EDGE_CURVE ( 'NONE', #4084, #1164, #4692, .T. ) ;
#5055 = DIRECTION ( 'NONE',  ( 0.3420201433256698231, -0.9396926207859080948, 0.000000000000000000 ) ) ;
#5056 = ORIENTED_EDGE ( 'NONE', *, *, #3278, .T. ) ;
#5057 = CARTESIAN_POINT ( 'NONE',  ( -41.41212868627932409, 15.77738981431040699, -17.50000000000000000 ) ) ;
#5058 = DIRECTION ( 'NONE',  ( 0.8191520442889910214, 0.5735764363510471586, 0.000000000000000000 ) ) ;
#5059 = LINE ( 'NONE', #4243, #3218 ) ;
#5060 = VERTEX_POINT ( 'NONE', #1691 ) ;
#5061 = CARTESIAN_POINT ( 'NONE',  ( -47.74395206774986633, 9.777389814310405214, -27.80000000000000071 ) ) ;
#5062 = EDGE_LOOP ( 'NONE', ( #5292, #825, #4508, #4765, #5274, #4934, #6561, #297 ) ) ;
#5063 = ORIENTED_EDGE ( 'NONE', *, *, #1938, .F. ) ;
#5064 = DIRECTION ( 'NONE',  ( 0.000000000000000000, -1.000000000000000000, -1.143648588528323197E-16 ) ) ;
#5065 = CARTESIAN_POINT ( 'NONE',  ( -29.58420689507501677, 15.77738981431040699, -19.28746719445190649 ) ) ;
#5066 = ORIENTED_EDGE ( 'NONE', *, *, #3278, .F. ) ;
#5067 = ADVANCED_FACE ( 'NONE', ( #3083 ), #1042, .F. ) ;
#5068 = EDGE_CURVE ( 'NONE', #2045, #6325, #1782, .T. ) ;
#5069 = CARTESIAN_POINT ( 'NONE',  ( 50.92608499445506709, -11.35103731043577824, -25.80000000000000426 ) ) ;
#5070 = FACE_OUTER_BOUND ( 'NONE', #4337, .T. ) ;
#5071 = DIRECTION ( 'NONE',  ( 1.000000000000000000, 0.000000000000000000, 0.000000000000000000 ) ) ;
#5072 = CARTESIAN_POINT ( 'NONE',  ( -3.819039799497872867, -26.62261018568959514, -26.80000000000001492 ) ) ;
#5073 = B_SPLINE_SURFACE_WITH_KNOTS ( 'NONE', 1, 3, ( 
 ( #2192, #3588, #381, #6263, #1723, #2274, #4789, #4280, #2899, #1684 ),
 ( #2821, #1596, #6854, #4196, #7409, #4148, #6175, #4926, #6941, #5575 ) ),
 .UNSPECIFIED., .F., .F., .F.,
 ( 2, 2 ),
 ( 4, 2, 2, 2, 4 ),
 ( 0.000000000000000000, 1.000000000000000000 ),
 ( 0.7853981633974466137, 0.9817477042468094606, 1.178097245096172418, 1.374446785945535376, 1.570796326794898334 ),
 .UNSPECIFIED. ) ;
#5074 = ORIENTED_EDGE ( 'NONE', *, *, #1442, .F. ) ;
#5075 = LINE ( 'NONE', #3010, #5571 ) ;
#5076 = EDGE_LOOP ( 'NONE', ( #2042, #6206, #1083 ) ) ;
#5077 = EDGE_CURVE ( 'NONE', #1801, #3857, #3458, .T. ) ;
#5078 = CARTESIAN_POINT ( 'NONE',  ( -65.63123590226842907, -5.471820925021143367, -27.80000000000000071 ) ) ;
#5079 = ORIENTED_EDGE ( 'NONE', *, *, #7277, .F. ) ;
#5080 = DIRECTION ( 'NONE',  ( -1.000000000000000000, -1.080439744154498050E-16, 0.000000000000000000 ) ) ;
#5081 = EDGE_CURVE ( 'NONE', #7267, #8001, #2449, .T. ) ;
#5082 = DIRECTION ( 'NONE',  ( 0.5312641871840363406, -0.4666458651008125180, -0.7071067811865472397 ) ) ;
#5083 = FACE_OUTER_BOUND ( 'NONE', #6516, .T. ) ;
#5084 = ADVANCED_FACE ( 'NONE', ( #1652 ), #6617, .F. ) ;
#5085 = CARTESIAN_POINT ( 'NONE',  ( -39.99791512390620341, 14.77738981431039100, 13.50000000000000000 ) ) ;
#5086 = ORIENTED_EDGE ( 'NONE', *, *, #874, .F. ) ;
#5087 = VECTOR ( 'NONE', #3272, 999.9999999999998863 ) ;
#5088 = LINE ( 'NONE', #7830, #3881 ) ;
#5089 = FACE_OUTER_BOUND ( 'NONE', #4799, .T. ) ;
#5090 = CARTESIAN_POINT ( 'NONE',  ( 50.92608499445506709, -11.35103731043577469, -14.30000000000000782 ) ) ;
#5091 = ORIENTED_EDGE ( 'NONE', *, *, #3008, .F. ) ;
#5092 = CARTESIAN_POINT ( 'NONE',  ( -60.45967341942196072, -4.931816647485204865E-15, -19.50000000000002132 ) ) ;
#5093 = DIRECTION ( 'NONE',  ( -0.7071067811865450192, 0.7071067811865500152, 0.000000000000000000 ) ) ;
#5094 = ORIENTED_EDGE ( 'NONE', *, *, #8051, .F. ) ;
#5095 = DIRECTION ( 'NONE',  ( 0.8191520442889910214, 0.5735764363510472696, 6.559698818459806760E-17 ) ) ;
#5096 = EDGE_LOOP ( 'NONE', ( #976, #79, #4462, #481 ) ) ;
#5097 = CARTESIAN_POINT ( 'NONE',  ( -41.41212868627932409, 15.77738981431040699, 12.49999999999998046 ) ) ;
#5098 = EDGE_CURVE ( 'NONE', #1476, #1829, #7681, .T. ) ;
#5099 = ORIENTED_EDGE ( 'NONE', *, *, #8169, .T. ) ;
#5100 = VERTEX_POINT ( 'NONE', #1816 ) ;
#5101 = LINE ( 'NONE', #5919, #1424 ) ;
#5102 = DIRECTION ( 'NONE',  ( 1.000000000000000000, 0.000000000000000000, 0.000000000000000000 ) ) ;
#5103 = ORIENTED_EDGE ( 'NONE', *, *, #7748, .F. ) ;
#5104 = VECTOR ( 'NONE', #3825, 1000.000000000000000 ) ;
#5105 = ORIENTED_EDGE ( 'NONE', *, *, #4401, .F. ) ;
#5106 = DIRECTION ( 'NONE',  ( 1.000000000000000000, 0.000000000000000000, 0.000000000000000000 ) ) ;
#5107 = ORIENTED_EDGE ( 'NONE', *, *, #41, .F. ) ;
#5108 = CARTESIAN_POINT ( 'NONE',  ( -47.74395206774986633, 14.77738981431039100, -18.50000000000000355 ) ) ;
#5109 = ADVANCED_FACE ( 'NONE', ( #4340 ), #343, .F. ) ;
#5110 = EDGE_CURVE ( 'NONE', #1547, #3649, #7847, .T. ) ;
#5111 = AXIS2_PLACEMENT_3D ( 'NONE', #206, #6809, #2816 ) ;
#5112 = ORIENTED_EDGE ( 'NONE', *, *, #457, .F. ) ;
#5113 = VERTEX_POINT ( 'NONE', #4933 ) ;
#5114 = FACE_OUTER_BOUND ( 'NONE', #5840, .T. ) ;
#5115 = AXIS2_PLACEMENT_3D ( 'NONE', #5872, #2601, #1932 ) ;
#5116 = DIRECTION ( 'NONE',  ( -0.000000000000000000, -0.000000000000000000, -1.000000000000000000 ) ) ;
#5117 = ORIENTED_EDGE ( 'NONE', *, *, #2871, .T. ) ;
#5118 = CARTESIAN_POINT ( 'NONE',  ( -36.70332809301359589, -57.78285739036404323, -12.30000000000001847 ) ) ;
#5119 = AXIS2_PLACEMENT_3D ( 'NONE', #1016, #7528, #3572 ) ;
#5120 = FACE_OUTER_BOUND ( 'NONE', #6174, .T. ) ;
#5121 = EDGE_CURVE ( 'NONE', #3508, #3258, #1175, .T. ) ;
#5122 = EDGE_CURVE ( 'NONE', #5991, #2045, #46, .T. ) ;
#5123 = CARTESIAN_POINT ( 'NONE',  ( 47.92608499445506709, 0.000000000000000000, 27.80000000000000071 ) ) ;
#5124 = VECTOR ( 'NONE', #5402, 1000.000000000000000 ) ;
#5125 = CARTESIAN_POINT ( 'NONE',  ( -39.07391941510958588, -60.11242622084427722, 9.951236650387876637 ) ) ;
#5126 = LINE ( 'NONE', #2593, #5272 ) ;
#5127 = EDGE_CURVE ( 'NONE', #653, #4583, #7549, .T. ) ;
#5128 = CIRCLE ( 'NONE', #4856, 2.000000000000005329 ) ;
#5129 = CARTESIAN_POINT ( 'NONE',  ( -40.70502190509278506, 13.77738981431040699, -2.207106781186559896 ) ) ;
#5130 = AXIS2_PLACEMENT_3D ( 'NONE', #3610, #498, #6291 ) ;
#5131 = CARTESIAN_POINT ( 'NONE',  ( 15.65556682763982366, -25.62261018568959159, -13.29999999999999538 ) ) ;
#5132 = CARTESIAN_POINT ( 'NONE',  ( -60.45967341942196072, 2.131715627355464271, 27.80000000000000071 ) ) ;
#5133 = CARTESIAN_POINT ( 'NONE',  ( -53.31229685597797641, -28.62261018568959514, -27.80000000000000071 ) ) ;
#5134 = LINE ( 'NONE', #7757, #868 ) ;
#5135 = ORIENTED_EDGE ( 'NONE', *, *, #4316, .T. ) ;
#5136 = CIRCLE ( 'NONE', #3353, 5.000000000000000888 ) ;
#5137 = FACE_OUTER_BOUND ( 'NONE', #3683, .T. ) ;
#5138 = ORIENTED_EDGE ( 'NONE', *, *, #7838, .T. ) ;
#5139 = VECTOR ( 'NONE', #4414, 1000.000000000000000 ) ;
#5140 = CARTESIAN_POINT ( 'NONE',  ( -37.10492107746111401, -58.34523680980745297, 12.19601919502862764 ) ) ;
#5141 = ORIENTED_EDGE ( 'NONE', *, *, #1032, .F. ) ;
#5142 = ORIENTED_EDGE ( 'NONE', *, *, #7207, .T. ) ;
#5143 = CARTESIAN_POINT ( 'NONE',  ( 50.92608499445506709, -10.52261018568957418, 24.97157287525381619 ) ) ;
#5144 = CIRCLE ( 'NONE', #7772, 15.00000000000000000 ) ;
#5145 = VECTOR ( 'NONE', #1492, 1000.000000000000114 ) ;
#5146 = CARTESIAN_POINT ( 'NONE',  ( -41.41212868627928856, 13.77738981431040699, -13.50000000000000178 ) ) ;
#5147 = VERTEX_POINT ( 'NONE', #5721 ) ;
#5148 = VECTOR ( 'NONE', #6716, 1000.000000000000000 ) ;
#5149 = ORIENTED_EDGE ( 'NONE', *, *, #7927, .F. ) ;
#5150 = ORIENTED_EDGE ( 'NONE', *, *, #6831, .F. ) ;
#5151 = ADVANCED_FACE ( 'NONE', ( #6314 ), #2282, .T. ) ;
#5152 = CARTESIAN_POINT ( 'NONE',  ( -47.74395206774986633, 9.777389814310405214, 19.50000000000001776 ) ) ;
#5153 = B_SPLINE_CURVE_WITH_KNOTS ( 'NONE', 3,
 ( #6402, #520, #3123, #8359, #2020, #1214, #3812, #645, #6440, #6595, #8396, #6560, #7840, #3283, #556, #3158, #7763, #1897, #2565, #7156, #5271, #4580, #594, #3937, #4503, #5140, #83, #5789, #1936, #6474, #2522, #1976, #7883, #4460 ),
 .UNSPECIFIED., .F., .F.,
 ( 4, 2, 1, 1, 2, 2, 2, 1, 2, 2, 2, 1, 1, 2, 2, 2, 1, 2, 2, 4 ),
 ( 0.000000000000000000, 0.06249999999987269905, 0.09374999999981525889, 0.1093749999997888078, 0.1171874999997900429, 0.1249999999997912781, 0.1874999999997944422, 0.2187499999997960520, 0.2343749999997966627, 0.2499999999997972178, 0.3749999999998088196, 0.4374999999998213651, 0.4687499999998276379, 0.4843749999998237521, 0.4999999999998199218, 0.6249999999998421263, 0.6874999999998602229, 0.7187499999998734346, 0.7499999999998865352, 1.000000000000000000 ),
 .UNSPECIFIED. ) ;
#5154 = CARTESIAN_POINT ( 'NONE',  ( -42.45967341942191808, 6.767778374742815295, -27.80000000000000071 ) ) ;
#5155 = VECTOR ( 'NONE', #6983, 1000.000000000000000 ) ;
#5156 = AXIS2_PLACEMENT_3D ( 'NONE', #5652, #5003, #5698 ) ;
#5157 = ORIENTED_EDGE ( 'NONE', *, *, #2195, .F. ) ;
#5158 = CARTESIAN_POINT ( 'NONE',  ( -37.16257489469332853, -55.98442753550585138, 12.16497931326204629 ) ) ;
#5159 = ORIENTED_EDGE ( 'NONE', *, *, #2547, .T. ) ;
#5160 = DIRECTION ( 'NONE',  ( -1.000000000000000000, 0.000000000000000000, 0.000000000000000000 ) ) ;
#5161 = VECTOR ( 'NONE', #198, 1000.000000000000000 ) ;
#5162 = LINE ( 'NONE', #1232, #4604 ) ;
#5163 = ORIENTED_EDGE ( 'NONE', *, *, #2504, .T. ) ;
#5164 = EDGE_CURVE ( 'NONE', #3702, #1657, #6360, .T. ) ;
#5165 = CARTESIAN_POINT ( 'NONE',  ( -48.00716143054185636, -60.74117637520251378, -26.80000000000002203 ) ) ;
#5166 = PLANE ( 'NONE',  #1447 ) ;
#5167 = VECTOR ( 'NONE', #6276, 1000.000000000000000 ) ;
#5168 = B_SPLINE_CURVE_WITH_KNOTS ( 'NONE', 3,
 ( #744, #3342, #5977, #99, #7093, #6453, #5802, #8412, #2537, #5158, #7776, #1269, #7975, #1558, #1518, #7289, #7416, #5532, #4156, #6052, #909, #5369, #2113, #6652, #261, #4839, #2157, #4112, #6182, #3467, #951, #302, #218, #174, #1477 ),
 .UNSPECIFIED., .F., .F.,
 ( 4, 2, 1, 2, 2, 2, 1, 1, 2, 2, 2, 1, 1, 2, 2, 2, 1, 1, 2, 2, 4 ),
 ( 0.000000000000000000, 0.1249999999999645006, 0.1874999999999523714, 0.2187499999999527878, 0.2499999999999531486, 0.3749999999999786282, 0.4374999999999913958, 0.4687499999999870104, 0.4843749999999914513, 0.4999999999999958922, 0.6250000000000458522, 0.6875000000000599520, 0.7187500000000569544, 0.7343750000000552891, 0.7500000000000536238, 0.8125000000000514033, 0.8437500000000456302, 0.8593750000000367484, 0.8671875000000283107, 0.8750000000000198730, 1.000000000000000000 ),
 .UNSPECIFIED. ) ;
#5169 = FACE_OUTER_BOUND ( 'NONE', #2542, .T. ) ;
#5170 = ADVANCED_FACE ( 'NONE', ( #2023 ), #1856, .T. ) ;
#5171 = ADVANCED_FACE ( 'NONE', ( #8401 ), #7805, .T. ) ;
#5172 = DIRECTION ( 'NONE',  ( 1.000000000000000000, 0.000000000000000000, 0.000000000000000000 ) ) ;
#5173 = ORIENTED_EDGE ( 'NONE', *, *, #7069, .T. ) ;
#5174 = AXIS2_PLACEMENT_3D ( 'NONE', #1769, #6893, #3027 ) ;
#5175 = CARTESIAN_POINT ( 'NONE',  ( -39.50035625267436501, -60.93158447201877692, -10.14825850626060166 ) ) ;
#5176 = DIRECTION ( 'NONE',  ( -0.000000000000000000, 1.000000000000000000, -0.000000000000000000 ) ) ;
#5177 = VECTOR ( 'NONE', #3709, 1000.000000000000000 ) ;
#5178 = CARTESIAN_POINT ( 'NONE',  ( -9.705389560109978220, -36.40660042689356146, -12.30000000000001137 ) ) ;
#5179 = DIRECTION ( 'NONE',  ( 0.000000000000000000, 0.000000000000000000, 1.000000000000000000 ) ) ;
#5180 = EDGE_CURVE ( 'NONE', #7257, #7023, #6522, .T. ) ;
#5181 = AXIS2_PLACEMENT_3D ( 'NONE', #588, #3194, #5825 ) ;
#5182 = DIRECTION ( 'NONE',  ( 0.000000000000000000, 0.000000000000000000, 1.000000000000000000 ) ) ;
#5183 = CARTESIAN_POINT ( 'NONE',  ( -59.45967341942196782, -2.471820925021154025, 27.80000000000000071 ) ) ;
#5184 = ORIENTED_EDGE ( 'NONE', *, *, #7324, .T. ) ;
#5185 = EDGE_CURVE ( 'NONE', #8105, #6363, #6352, .T. ) ;
#5186 = DIRECTION ( 'NONE',  ( 0.000000000000000000, -0.7071067811865450192, -0.7071067811865500152 ) ) ;
#5187 = EDGE_LOOP ( 'NONE', ( #3652, #593, #5894, #1000 ) ) ;
#5188 = DIRECTION ( 'NONE',  ( -0.000000000000000000, 0.000000000000000000, 1.000000000000000000 ) ) ;
#5189 = ORIENTED_EDGE ( 'NONE', *, *, #7695, .F. ) ;
#5190 = ORIENTED_EDGE ( 'NONE', *, *, #1140, .T. ) ;
#5191 = CARTESIAN_POINT ( 'NONE',  ( -38.99791512390618919, 15.77738981431040699, 14.91421356237310292 ) ) ;
#5192 = CARTESIAN_POINT ( 'NONE',  ( -37.51095326299616772, 15.77738981431040699, -25.80000000000000426 ) ) ;
#5193 = ORIENTED_EDGE ( 'NONE', *, *, #2687, .T. ) ;
#5194 = VERTEX_POINT ( 'NONE', #5191 ) ;
#5195 = ORIENTED_EDGE ( 'NONE', *, *, #544, .F. ) ;
#5196 = LINE ( 'NONE', #1349, #4808 ) ;
#5197 = EDGE_CURVE ( 'NONE', #2566, #7643, #2483, .T. ) ;
#5198 = DIRECTION ( 'NONE',  ( 0.000000000000000000, 0.000000000000000000, 1.000000000000000000 ) ) ;
#5199 = CARTESIAN_POINT ( 'NONE',  ( -52.25187818006254759, 13.73701128181578390, 3.500000000000013323 ) ) ;
#5200 = ORIENTED_EDGE ( 'NONE', *, *, #4153, .F. ) ;
#5201 = ORIENTED_EDGE ( 'NONE', *, *, #1462, .F. ) ;
#5202 = DIRECTION ( 'NONE',  ( -0.5000000000000063283, -0.7071067811865450192, -0.4999999999999971689 ) ) ;
#5203 = ORIENTED_EDGE ( 'NONE', *, *, #6332, .F. ) ;
#5204 = CARTESIAN_POINT ( 'NONE',  ( 49.92608499445507420, -9.108396623316474816, 26.38578643762690490 ) ) ;
#5205 = CARTESIAN_POINT ( 'NONE',  ( -41.41212868627932409, 14.77738981431039100, -18.50000000000000355 ) ) ;
#5206 = ORIENTED_EDGE ( 'NONE', *, *, #2547, .F. ) ;
#5207 = CARTESIAN_POINT ( 'NONE',  ( -36.82531694335352057, -57.95368861634391777, -12.28632613122527317 ) ) ;
#5208 = DIRECTION ( 'NONE',  ( 0.8191520442889910214, 0.5735764363510472696, 0.000000000000000000 ) ) ;
#5209 = ADVANCED_FACE ( 'NONE', ( #3816 ), #3048, .T. ) ;
#5210 = FACE_OUTER_BOUND ( 'NONE', #6808, .T. ) ;
#5211 = VERTEX_POINT ( 'NONE', #6443 ) ;
#5212 = CARTESIAN_POINT ( 'NONE',  ( -36.65970144317183355, -26.62261018568959514, -13.30000000000005222 ) ) ;
#5213 = AXIS2_PLACEMENT_3D ( 'NONE', #4011, #2727, #808 ) ;
#5214 = VERTEX_POINT ( 'NONE', #3852 ) ;
#5215 = EDGE_CURVE ( 'NONE', #1657, #6707, #5101, .T. ) ;
#5216 = EDGE_CURVE ( 'NONE', #1752, #3987, #870, .T. ) ;
#5217 = DIRECTION ( 'NONE',  ( -0.000000000000000000, -1.000000000000000000, 1.042667367333024002E-16 ) ) ;
#5218 = CARTESIAN_POINT ( 'NONE',  ( -39.07391500554492580, -25.62261018568955251, 12.29999999999999538 ) ) ;
#5219 = DIRECTION ( 'NONE',  ( -0.000000000000000000, -1.000000000000000000, 1.042667367333024002E-16 ) ) ;
#5220 = CARTESIAN_POINT ( 'NONE',  ( -47.74395206774986633, 9.777389814310405214, -19.50000000000002132 ) ) ;
#5221 = VECTOR ( 'NONE', #6367, 1000.000000000000000 ) ;
#5222 = PLANE ( 'NONE',  #6892 ) ;
#5223 = ORIENTED_EDGE ( 'NONE', *, *, #1792, .F. ) ;
#5224 = DIRECTION ( 'NONE',  ( 1.000000000000000000, 0.000000000000000000, 0.000000000000000000 ) ) ;
#5225 = DIRECTION ( 'NONE',  ( -0.000000000000000000, 0.000000000000000000, 1.000000000000000000 ) ) ;
#5226 = AXIS2_PLACEMENT_3D ( 'NONE', #7397, #4820, #6077 ) ;
#5227 = EDGE_CURVE ( 'NONE', #7759, #865, #7886, .T. ) ;
#5228 = EDGE_CURVE ( 'NONE', #1034, #4559, #4141, .T. ) ;
#5229 = ORIENTED_EDGE ( 'NONE', *, *, #7703, .F. ) ;
#5230 = CARTESIAN_POINT ( 'NONE',  ( -37.75652594827823805, -54.82744299247619324, 13.24798406393953698 ) ) ;
#5231 = AXIS2_PLACEMENT_3D ( 'NONE', #7731, #1223, #6447 ) ;
#5232 = CARTESIAN_POINT ( 'NONE',  ( -37.49507331280418754, -54.64437188623247721, 13.28710796701351171 ) ) ;
#5233 = ORIENTED_EDGE ( 'NONE', *, *, #6796, .T. ) ;
#5234 = ORIENTED_EDGE ( 'NONE', *, *, #8093, .T. ) ;
#5235 = FACE_OUTER_BOUND ( 'NONE', #2364, .T. ) ;
#5236 = DIRECTION ( 'NONE',  ( 1.000000000000000000, -6.672927148628873676E-17, -1.487873981414432968E-32 ) ) ;
#5237 = CARTESIAN_POINT ( 'NONE',  ( -36.73055564741100198, -58.99214920887553859, -13.19785248924355159 ) ) ;
#5238 = CARTESIAN_POINT ( 'NONE',  ( -59.44947128440067274, 2.450960465455856330, 2.500000000000001776 ) ) ;
#5239 = EDGE_LOOP ( 'NONE', ( #2387, #137, #1270, #3781 ) ) ;
#5240 = ORIENTED_EDGE ( 'NONE', *, *, #7875, .T. ) ;
#5241 = LINE ( 'NONE', #5288, #8253 ) ;
#5242 = EDGE_LOOP ( 'NONE', ( #5699, #4426, #4612, #2467 ) ) ;
#5243 = ADVANCED_FACE ( 'NONE', ( #1345 ), #7122, .F. ) ;
#5244 = CARTESIAN_POINT ( 'NONE',  ( -62.45967341942196072, -2.471820925021154025, -27.80000000000000071 ) ) ;
#5245 = VECTOR ( 'NONE', #2087, 1000.000000000000000 ) ;
#5246 = LINE ( 'NONE', #7861, #6109 ) ;
#5247 = AXIS2_PLACEMENT_3D ( 'NONE', #3806, #549, #8273 ) ;
#5248 = ORIENTED_EDGE ( 'NONE', *, *, #6295, .F. ) ;
#5249 = CARTESIAN_POINT ( 'NONE',  ( -37.26348256801512804, -58.56729733629018142, -12.09745687902886147 ) ) ;
#5250 = DIRECTION ( 'NONE',  ( -0.000000000000000000, 0.000000000000000000, 1.000000000000000000 ) ) ;
#5251 = AXIS2_PLACEMENT_3D ( 'NONE', #8237, #1131, #3730 ) ;
#5252 = CIRCLE ( 'NONE', #6358, 1.000000000000000888 ) ;
#5253 = DIRECTION ( 'NONE',  ( -9.158464420884415348E-17, -1.042667367333023879E-16, -1.000000000000000000 ) ) ;
#5254 = CONICAL_SURFACE ( 'NONE', #8121, 0.9999999999999991118, 0.7853981633974485010 ) ;
#5255 = CARTESIAN_POINT ( 'NONE',  ( -36.30645759615187274, 31.89045812311326600, -26.80000000000000782 ) ) ;
#5256 = ADVANCED_FACE ( 'NONE', ( #690 ), #3332, .F. ) ;
#5257 = VECTOR ( 'NONE', #4634, 999.9999999999998863 ) ;
#5258 = DIRECTION ( 'NONE',  ( 0.000000000000000000, 0.000000000000000000, 1.000000000000000000 ) ) ;
#5259 = ORIENTED_EDGE ( 'NONE', *, *, #3657, .F. ) ;
#5260 = CIRCLE ( 'NONE', #4154, 16.00000000000000355 ) ;
#5261 = CARTESIAN_POINT ( 'NONE',  ( -40.29080834271965728, 14.77738981431038745, -14.20710678118654791 ) ) ;
#5262 = DIRECTION ( 'NONE',  ( 0.5312641871840356744, -0.4666458651008137393, -0.7071067811865467956 ) ) ;
#5263 = CARTESIAN_POINT ( 'NONE',  ( -36.09673970062306125, 14.77738981431041232, -27.21421356237309297 ) ) ;
#5264 = DIRECTION ( 'NONE',  ( -0.000000000000000000, 1.000000000000000000, -0.000000000000000000 ) ) ;
#5265 = EDGE_CURVE ( 'NONE', #1521, #5578, #8443, .T. ) ;
#5266 = CARTESIAN_POINT ( 'NONE',  ( -41.50447552016262165, 22.88087167156776047, -15.45519789925933019 ) ) ;
#5267 = ORIENTED_EDGE ( 'NONE', *, *, #2279, .F. ) ;
#5268 = EDGE_CURVE ( 'NONE', #5049, #6528, #4003, .T. ) ;
#5269 = CONICAL_SURFACE ( 'NONE', #4447, 1.000000000000000888, 0.7853981633974860266 ) ;
#5270 = DIRECTION ( 'NONE',  ( -0.7071067811865442421, -0.7071067811865507924, 0.000000000000000000 ) ) ;
#5271 = CARTESIAN_POINT ( 'NONE',  ( -37.01831423129856091, -58.22396185823007642, 12.23353919258052791 ) ) ;
#5272 = VECTOR ( 'NONE', #1239, 1000.000000000000000 ) ;
#5273 = VERTEX_POINT ( 'NONE', #3248 ) ;
#5274 = ORIENTED_EDGE ( 'NONE', *, *, #710, .T. ) ;
#5275 = DIRECTION ( 'NONE',  ( 9.158464420884415348E-17, 1.042667367333023879E-16, 1.000000000000000000 ) ) ;
#5276 = CARTESIAN_POINT ( 'NONE',  ( -36.65970144317183355, -55.28021279466907600, 12.29999999999999183 ) ) ;
#5277 = AXIS2_PLACEMENT_3D ( 'NONE', #5973, #6489, #5845 ) ;
#5278 = EDGE_LOOP ( 'NONE', ( #2573, #4171, #2745, #801 ) ) ;
#5279 = CARTESIAN_POINT ( 'NONE',  ( -65.63123590226842907, -6.471820925021154025, 27.79999999999999005 ) ) ;
#5280 = EDGE_CURVE ( 'NONE', #8367, #1557, #1838, .T. ) ;
#5281 = CARTESIAN_POINT ( 'NONE',  ( 49.92608499445507420, -9.936823748062684203, 12.88578643762689779 ) ) ;
#5282 = AXIS2_PLACEMENT_3D ( 'NONE', #3603, #6232, #7001 ) ;
#5283 = EDGE_CURVE ( 'NONE', #7320, #2428, #3740, .T. ) ;
#5284 = CARTESIAN_POINT ( 'NONE',  ( -36.97242809569115707, -59.16151012044654323, -13.09766564080152484 ) ) ;
#5285 = CARTESIAN_POINT ( 'NONE',  ( -37.09361066751198877, -59.24636307073512853, -13.04753406611147071 ) ) ;
#5286 = VECTOR ( 'NONE', #7964, 1000.000000000000000 ) ;
#5287 = ORIENTED_EDGE ( 'NONE', *, *, #7395, .T. ) ;
#5288 = CARTESIAN_POINT ( 'NONE',  ( -39.99791512390617498, 15.77738981431040699, 2.914213562373092703 ) ) ;
#5289 = VECTOR ( 'NONE', #2778, 1000.000000000000000 ) ;
#5290 = EDGE_LOOP ( 'NONE', ( #3819, #293, #2743, #5103 ) ) ;
#5291 = DIRECTION ( 'NONE',  ( -1.000000000000000000, 6.672927148628874909E-17, -7.439369907072244209E-33 ) ) ;
#5292 = ORIENTED_EDGE ( 'NONE', *, *, #77, .T. ) ;
#5293 = CARTESIAN_POINT ( 'NONE',  ( -39.04193158279026932, -57.62608080067948180, -10.14506936529184067 ) ) ;
#5294 = ORIENTED_EDGE ( 'NONE', *, *, #5581, .F. ) ;
#5295 = AXIS2_PLACEMENT_3D ( 'NONE', #7068, #1120, #1847 ) ;
#5296 = CARTESIAN_POINT ( 'NONE',  ( -36.85835646441725544, -57.99996143005000704, -12.28007621764055202 ) ) ;
#5297 = EDGE_CURVE ( 'NONE', #36, #1963, #6748, .T. ) ;
#5298 = VECTOR ( 'NONE', #2681, 1000.000000000000114 ) ;
#5299 = DIRECTION ( 'NONE',  ( 0.6599369112508957080, 0.7513210187187813194, 0.000000000000000000 ) ) ;
#5300 = AXIS2_PLACEMENT_3D ( 'NONE', #2645, #4456, #5224 ) ;
#5301 = EDGE_CURVE ( 'NONE', #4559, #3100, #7281, .T. ) ;
#5302 = AXIS2_PLACEMENT_3D ( 'NONE', #1018, #186, #6743 ) ;
#5303 = DIRECTION ( 'NONE',  ( 0.000000000000000000, 1.372378306233987934E-16, -1.000000000000000000 ) ) ;
#5304 = ORIENTED_EDGE ( 'NONE', *, *, #6604, .F. ) ;
#5305 = ORIENTED_EDGE ( 'NONE', *, *, #5268, .F. ) ;
#5306 = VERTEX_POINT ( 'NONE', #6084 ) ;
#5307 = AXIS2_PLACEMENT_3D ( 'NONE', #358, #6789, #6154 ) ;
#5308 = DIRECTION ( 'NONE',  ( -0.6599369112508958191, -0.7513210187187812084, 1.387778780781445429E-16 ) ) ;
#5309 = VERTEX_POINT ( 'NONE', #775 ) ;
#5310 = DIRECTION ( 'NONE',  ( -0.1224667487856105907, -0.7512815738530572718, -0.6485197701155729355 ) ) ;
#5311 = CARTESIAN_POINT ( 'NONE',  ( -40.64749144189604380, -56.85171882381155939, -9.885786437626912004 ) ) ;
#5312 = DIRECTION ( 'NONE',  ( 1.487873981414434062E-32, 1.000000000000000000, -1.042667367333024002E-16 ) ) ;
#5313 = VECTOR ( 'NONE', #8281, 1000.000000000000000 ) ;
#5314 = ORIENTED_EDGE ( 'NONE', *, *, #2740, .T. ) ;
#5315 = CARTESIAN_POINT ( 'NONE',  ( -59.63757692623199347, 2.236807081945949793, -18.67790350681005052 ) ) ;
#5316 = FACE_OUTER_BOUND ( 'NONE', #1912, .T. ) ;
#5317 = EDGE_LOOP ( 'NONE', ( #1299, #8477, #3389, #4431 ) ) ;
#5318 = DIRECTION ( 'NONE',  ( -0.000000000000000000, 1.000000000000000000, -1.042667367333023879E-16 ) ) ;
#5319 = CARTESIAN_POINT ( 'NONE',  ( -43.26046436343602153, -56.23979298308879038, 27.80000000000000071 ) ) ;
#5320 = ORIENTED_EDGE ( 'NONE', *, *, #3557, .F. ) ;
#5321 = VECTOR ( 'NONE', #3585, 1000.000000000000114 ) ;
#5322 = ORIENTED_EDGE ( 'NONE', *, *, #2675, .F. ) ;
#5323 = DIRECTION ( 'NONE',  ( -0.5312641871840366736, 0.4666458651008147385, 0.7071067811865454633 ) ) ;
#5324 = EDGE_CURVE ( 'NONE', #3117, #7162, #4566, .T. ) ;
#5325 = DIRECTION ( 'NONE',  ( -0.000000000000000000, -0.000000000000000000, -1.000000000000000000 ) ) ;
#5326 = ORIENTED_EDGE ( 'NONE', *, *, #1624, .F. ) ;
#5327 = CARTESIAN_POINT ( 'NONE',  ( -42.11331149073392766, -57.87809707166677242, 27.80000000000000071 ) ) ;
#5328 = LINE ( 'NONE', #1471, #5947 ) ;
#5329 = VECTOR ( 'NONE', #763, 1000.000000000000114 ) ;
#5330 = CARTESIAN_POINT ( 'NONE',  ( -36.65970144317182644, -57.72176197219197746, -12.30000000000001492 ) ) ;
#5331 = LINE ( 'NONE', #659, #6916 ) ;
#5332 = ORIENTED_EDGE ( 'NONE', *, *, #6655, .F. ) ;
#5333 = ORIENTED_EDGE ( 'NONE', *, *, #2976, .F. ) ;
#5334 = FACE_OUTER_BOUND ( 'NONE', #5030, .T. ) ;
#5335 = EDGE_CURVE ( 'NONE', #5796, #5211, #6007, .T. ) ;
#5336 = EDGE_CURVE ( 'NONE', #436, #880, #6042, .T. ) ;
#5337 = EDGE_LOOP ( 'NONE', ( #5086, #1204, #6576, #2268 ) ) ;
#5338 = DIRECTION ( 'NONE',  ( 1.000000000000000000, 0.000000000000000000, 0.000000000000000000 ) ) ;
#5339 = ORIENTED_EDGE ( 'NONE', *, *, #806, .T. ) ;
#5340 = DIRECTION ( 'NONE',  ( -0.000000000000000000, -0.000000000000000000, 1.000000000000000000 ) ) ;
#5341 = ORIENTED_EDGE ( 'NONE', *, *, #264, .T. ) ;
#5342 = DIRECTION ( 'NONE',  ( 0.7071067811865474617, 0.000000000000000000, 0.7071067811865476838 ) ) ;
#5343 = DIRECTION ( 'NONE',  ( 0.5312641871840330099, -0.4666458651008151270, -0.7071067811865479058 ) ) ;
#5344 = ADVANCED_FACE ( 'NONE', ( #7321 ), #3184, .T. ) ;
#5345 = CARTESIAN_POINT ( 'NONE',  ( -44.24839094739822798, -59.37309580189983649, -27.80000000000000426 ) ) ;
#5346 = EDGE_LOOP ( 'NONE', ( #3864, #4831, #3808, #3640 ) ) ;
#5347 = DIRECTION ( 'NONE',  ( -1.000000000000000000, 0.000000000000000000, 0.000000000000000000 ) ) ;
#5348 = ORIENTED_EDGE ( 'NONE', *, *, #5958, .T. ) ;
#5349 = DIRECTION ( 'NONE',  ( 0.000000000000000000, 1.040834085586072424E-14, 1.000000000000000000 ) ) ;
#5350 = EDGE_CURVE ( 'NONE', #2706, #460, #736, .T. ) ;
#5351 = DIRECTION ( 'NONE',  ( 0.000000000000000000, 0.000000000000000000, -1.000000000000000000 ) ) ;
#5352 = CARTESIAN_POINT ( 'NONE',  ( -39.07391500554492580, -60.11242004562343055, -9.885786437626917333 ) ) ;
#5353 = CARTESIAN_POINT ( 'NONE',  ( 6.478343846023073560, -27.51617747706574235, 27.80000000000000071 ) ) ;
#5354 = ORIENTED_EDGE ( 'NONE', *, *, #8309, .T. ) ;
#5355 = CARTESIAN_POINT ( 'NONE',  ( -40.70502190509273532, 14.77738981431039633, 18.20710678118653902 ) ) ;
#5356 = CARTESIAN_POINT ( 'NONE',  ( -59.45967341942196782, 2.131715627355464271, 27.80000000000000071 ) ) ;
#5357 = EDGE_LOOP ( 'NONE', ( #3792, #7913, #6359, #7326, #7777 ) ) ;
#5358 = FACE_OUTER_BOUND ( 'NONE', #1121, .T. ) ;
#5359 = CARTESIAN_POINT ( 'NONE',  ( -38.91455213156702797, -60.52140001050508289, 11.29999999999997584 ) ) ;
#5360 = CIRCLE ( 'NONE', #3295, 5.999999999999998224 ) ;
#5361 = VERTEX_POINT ( 'NONE', #2145 ) ;
#5362 = CARTESIAN_POINT ( 'NONE',  ( -47.74395206774986633, 9.777389814310405214, 2.499999999999999556 ) ) ;
#5363 = CARTESIAN_POINT ( 'NONE',  ( -66.57092852305433439, -6.813841068346818908, -27.80000000000000071 ) ) ;
#5364 = PLANE ( 'NONE',  #4598 ) ;
#5365 = EDGE_CURVE ( 'NONE', #436, #3202, #1507, .T. ) ;
#5366 = CARTESIAN_POINT ( 'NONE',  ( 47.92608499445506709, -9.108396623316481922, -13.71421356237310718 ) ) ;
#5367 = CIRCLE ( 'NONE', #3162, 4.999999999999985789 ) ;
#5368 = ORIENTED_EDGE ( 'NONE', *, *, #6372, .F. ) ;
#5369 = CARTESIAN_POINT ( 'NONE',  ( -36.87241063977013056, -55.57809101288955134, 12.27712581089362764 ) ) ;
#5370 = ORIENTED_EDGE ( 'NONE', *, *, #8060, .F. ) ;
#5371 = CARTESIAN_POINT ( 'NONE',  ( -38.92307942480077543, -57.45963712500238074, 10.41487452059091723 ) ) ;
#5372 = EDGE_LOOP ( 'NONE', ( #1612, #5229, #4888, #6738 ) ) ;
#5373 = CARTESIAN_POINT ( 'NONE',  ( -37.18921446223550475, -56.02174531485824360, -12.14833773563456276 ) ) ;
#5374 = DIRECTION ( 'NONE',  ( -1.000000000000000000, 0.000000000000000000, 0.000000000000000000 ) ) ;
#5375 = EDGE_CURVE ( 'NONE', #7819, #1616, #4144, .T. ) ;
#5376 = ADVANCED_FACE ( 'NONE', ( #5358 ), #7366, .F. ) ;
#5377 = CARTESIAN_POINT ( 'NONE',  ( 50.92608499445506709, -10.52261018568957418, 24.97157287525381619 ) ) ;
#5378 = VECTOR ( 'NONE', #4442, 1000.000000000000000 ) ;
#5379 = FACE_OUTER_BOUND ( 'NONE', #4931, .T. ) ;
#5380 = VERTEX_POINT ( 'NONE', #2189 ) ;
#5381 = CARTESIAN_POINT ( 'NONE',  ( 50.92608499445506709, -9.815503404503022722, 14.42132034355963377 ) ) ;
#5382 = VECTOR ( 'NONE', #4219, 1000.000000000000114 ) ;
#5383 = EDGE_CURVE ( 'NONE', #4759, #303, #3413, .T. ) ;
#5384 = EDGE_CURVE ( 'NONE', #3137, #4735, #4695, .T. ) ;
#5385 = LINE ( 'NONE', #4132, #6090 ) ;
#5386 = ORIENTED_EDGE ( 'NONE', *, *, #6582, .F. ) ;
#5387 = AXIS2_PLACEMENT_3D ( 'NONE', #1012, #5912, #2844 ) ;
#5388 = FACE_OUTER_BOUND ( 'NONE', #3252, .T. ) ;
#5389 = DIRECTION ( 'NONE',  ( 1.000000000000000000, 8.763851654838594627E-15, 0.000000000000000000 ) ) ;
#5390 = DIRECTION ( 'NONE',  ( 0.000000000000000000, 0.000000000000000000, 1.000000000000000000 ) ) ;
#5391 = VECTOR ( 'NONE', #738, 1000.000000000000000 ) ;
#5392 = CARTESIAN_POINT ( 'NONE',  ( -36.30645759615187984, 31.89045812311325889, -12.49999999999998757 ) ) ;
#5393 = VERTEX_POINT ( 'NONE', #4018 ) ;
#5394 = AXIS2_PLACEMENT_3D ( 'NONE', #4004, #3362, #7355 ) ;
#5395 = DIRECTION ( 'NONE',  ( 0.000000000000000000, -0.7071067811865474617, -0.7071067811865474617 ) ) ;
#5396 = EDGE_CURVE ( 'NONE', #1097, #4476, #1704, .T. ) ;
#5397 = DIRECTION ( 'NONE',  ( 1.000000000000000000, 0.000000000000000000, -9.158464420884415348E-17 ) ) ;
#5398 = ORIENTED_EDGE ( 'NONE', *, *, #6733, .T. ) ;
#5399 = DIRECTION ( 'NONE',  ( 1.000000000000000000, 0.000000000000000000, 0.000000000000000000 ) ) ;
#5400 = DIRECTION ( 'NONE',  ( -0.6599369112508957080, -0.7513210187187813194, 1.387778780781445676E-16 ) ) ;
#5401 = ORIENTED_EDGE ( 'NONE', *, *, #4440, .F. ) ;
#5402 = DIRECTION ( 'NONE',  ( -0.7071067811865524577, 0.000000000000000000, -0.7071067811865426878 ) ) ;
#5403 = CARTESIAN_POINT ( 'NONE',  ( -50.99419355409038701, 12.07707437056488864, 18.50000000000000000 ) ) ;
#5404 = CARTESIAN_POINT ( 'NONE',  ( -36.72515165593281949, -57.81341943689729135, -12.30000440956469276 ) ) ;
#5405 = VECTOR ( 'NONE', #3187, 1000.000000000000114 ) ;
#5406 = DIRECTION ( 'NONE',  ( -0.000000000000000000, 1.000000000000000000, -1.042667367333023879E-16 ) ) ;
#5407 = ORIENTED_EDGE ( 'NONE', *, *, #3991, .F. ) ;
#5408 = CARTESIAN_POINT ( 'NONE',  ( -40.99791512390621051, 14.77738981431039100, -14.91421356237309404 ) ) ;
#5409 = ORIENTED_EDGE ( 'NONE', *, *, #5692, .F. ) ;
#5410 = CIRCLE ( 'NONE', #760, 2.000000000000001776 ) ;
#5411 = DIRECTION ( 'NONE',  ( 0.000000000000000000, 0.000000000000000000, 1.000000000000000000 ) ) ;
#5412 = ADVANCED_FACE ( 'NONE', ( #6640 ), #4707, .F. ) ;
#5413 = AXIS2_PLACEMENT_3D ( 'NONE', #3832, #5250, #7138 ) ;
#5414 = ORIENTED_EDGE ( 'NONE', *, *, #500, .F. ) ;
#5415 = FACE_OUTER_BOUND ( 'NONE', #6685, .T. ) ;
#5416 = FACE_OUTER_BOUND ( 'NONE', #4016, .T. ) ;
#5417 = LINE ( 'NONE', #1486, #68 ) ;
#5418 = ORIENTED_EDGE ( 'NONE', *, *, #2439, .F. ) ;
#5419 = CONICAL_SURFACE ( 'NONE', #1736, 3.000000000000023537, 0.7853981633974511656 ) ;
#5420 = VECTOR ( 'NONE', #7169, 1000.000000000000114 ) ;
#5421 = CARTESIAN_POINT ( 'NONE',  ( -37.50033856919391440, -59.53115701349302924, 12.71421356237309297 ) ) ;
#5422 = EDGE_CURVE ( 'NONE', #4706, #3508, #4786, .T. ) ;
#5423 = VECTOR ( 'NONE', #4035, 1000.000000000000000 ) ;
#5424 = CARTESIAN_POINT ( 'NONE',  ( -0.000000000000000000, -22.62261018568959514, -27.80000000000000071 ) ) ;
#5425 = ORIENTED_EDGE ( 'NONE', *, *, #6423, .F. ) ;
#5426 = CARTESIAN_POINT ( 'NONE',  ( 47.92608499445506709, -9.936823748062682427, -12.88578643762691023 ) ) ;
#5427 = VECTOR ( 'NONE', #642, 1000.000000000000000 ) ;
#5428 = DIRECTION ( 'NONE',  ( 0.7071067811865442421, 0.7071067811865507924, 0.000000000000000000 ) ) ;
#5429 = VECTOR ( 'NONE', #1361, 999.9999999999998863 ) ;
#5430 = CARTESIAN_POINT ( 'NONE',  ( 15.65556682763982366, -40.62261018568959514, 27.79999999999999005 ) ) ;
#5431 = EDGE_CURVE ( 'NONE', #5393, #478, #7403, .T. ) ;
#5432 = ADVANCED_FACE ( 'NONE', ( #897 ), #6129, .F. ) ;
#5433 = CARTESIAN_POINT ( 'NONE',  ( -42.97768782552933686, 15.77738981431040699, -5.893986263996141339 ) ) ;
#5434 = VECTOR ( 'NONE', #6193, 1000.000000000000000 ) ;
#5435 = CARTESIAN_POINT ( 'NONE',  ( 47.92608499445506709, -22.62261018568959514, 27.80000000000000071 ) ) ;
#5436 = DIRECTION ( 'NONE',  ( 0.000000000000000000, -1.000000000000000000, -1.143648588528323197E-16 ) ) ;
#5437 = ORIENTED_EDGE ( 'NONE', *, *, #7133, .F. ) ;
#5438 = LINE ( 'NONE', #2765, #5839 ) ;
#5439 = DIRECTION ( 'NONE',  ( -1.000000000000000000, 0.000000000000000000, 0.000000000000000000 ) ) ;
#5440 = VECTOR ( 'NONE', #2335, 1000.000000000000000 ) ;
#5441 = ORIENTED_EDGE ( 'NONE', *, *, #1149, .F. ) ;
#5442 = CARTESIAN_POINT ( 'NONE',  ( -36.84545985704962590, 12.57738981431037395, 27.80000000000000071 ) ) ;
#5443 = EDGE_CURVE ( 'NONE', #1590, #4854, #4191, .T. ) ;
#5444 = CIRCLE ( 'NONE', #4749, 1.000000000000011324 ) ;
#5445 = CARTESIAN_POINT ( 'NONE',  ( -49.99791512390621051, 13.77738981431040699, -18.50000000000000355 ) ) ;
#5446 = ORIENTED_EDGE ( 'NONE', *, *, #8190, .T. ) ;
#5447 = FACE_OUTER_BOUND ( 'NONE', #3729, .T. ) ;
#5448 = CARTESIAN_POINT ( 'NONE',  ( 47.92608499445506709, -22.62261018568959514, -27.80000000000000071 ) ) ;
#5449 = CARTESIAN_POINT ( 'NONE',  ( -39.99791512390620341, 13.77738981431040699, -14.50000000000000178 ) ) ;
#5450 = CIRCLE ( 'NONE', #377, 1.999999999999998224 ) ;
#5451 = DIRECTION ( 'NONE',  ( 0.000000000000000000, 0.000000000000000000, 1.000000000000000000 ) ) ;
#5452 = VERTEX_POINT ( 'NONE', #981 ) ;
#5453 = FACE_OUTER_BOUND ( 'NONE', #7663, .T. ) ;
#5454 = EDGE_LOOP ( 'NONE', ( #3848, #3734, #4230, #4097 ) ) ;
#5455 = CARTESIAN_POINT ( 'NONE',  ( 15.65556682763982366, -24.62261018568958804, 27.80000000000000071 ) ) ;
#5456 = AXIS2_PLACEMENT_3D ( 'NONE', #7021, #4236, #1162 ) ;
#5457 = EDGE_CURVE ( 'NONE', #697, #3274, #3677, .T. ) ;
#5458 = ORIENTED_EDGE ( 'NONE', *, *, #2135, .T. ) ;
#5459 = CARTESIAN_POINT ( 'NONE',  ( -37.01831423123078224, -55.78241268060731528, -12.23353919260683931 ) ) ;
#5460 = ORIENTED_EDGE ( 'NONE', *, *, #6806, .T. ) ;
#5461 = DIRECTION ( 'NONE',  ( -0.000000000000000000, -0.000000000000000000, -1.000000000000000000 ) ) ;
#5462 = CARTESIAN_POINT ( 'NONE',  ( 49.92608499445507420, -9.936823748062687756, -27.21421356237310363 ) ) ;
#5463 = ORIENTED_EDGE ( 'NONE', *, *, #6341, .F. ) ;
#5464 = CARTESIAN_POINT ( 'NONE',  ( -47.23758846049647531, 13.77738981431040699, 18.50000000000000355 ) ) ;
#5465 = CARTESIAN_POINT ( 'NONE',  ( -56.16859286946220919, -26.62261018568959514, -27.80000000000000782 ) ) ;
#5466 = EDGE_LOOP ( 'NONE', ( #552, #173, #3030, #4882 ) ) ;
#5467 = CARTESIAN_POINT ( 'NONE',  ( -40.29080834271965728, 13.77738981431040699, 1.792893218813453649 ) ) ;
#5468 = LINE ( 'NONE', #7436, #4145 ) ;
#5469 = CARTESIAN_POINT ( 'NONE',  ( -22.91597111679888243, -46.15187071552734466, 26.45794388874614000 ) ) ;
#5470 = EDGE_CURVE ( 'NONE', #7644, #3529, #6787, .T. ) ;
#5471 = FACE_OUTER_BOUND ( 'NONE', #5317, .T. ) ;
#5472 = CARTESIAN_POINT ( 'NONE',  ( -40.99791512390621051, 13.77738981431040699, -17.08578643762689708 ) ) ;
#5473 = CARTESIAN_POINT ( 'NONE',  ( 50.92608499445506709, -11.35103731043577469, 13.29999999999998295 ) ) ;
#5474 = PLANE ( 'NONE',  #1539 ) ;
#5475 = VERTEX_POINT ( 'NONE', #6257 ) ;
#5476 = DIRECTION ( 'NONE',  ( -1.000000000000000000, -1.080439744154498050E-16, 0.000000000000000000 ) ) ;
#5477 = EDGE_CURVE ( 'NONE', #4811, #1725, #1026, .T. ) ;
#5478 = ADVANCED_FACE ( 'NONE', ( #3717 ), #5570, .T. ) ;
#5479 = DIRECTION ( 'NONE',  ( -4.718472037159273606E-17, -0.7071067811865452413, 0.7071067811865497932 ) ) ;
#5480 = ORIENTED_EDGE ( 'NONE', *, *, #1412, .T. ) ;
#5481 = CARTESIAN_POINT ( 'NONE',  ( 15.65556682763982366, -40.62261018568959514, -128.0398730914872374 ) ) ;
#5482 = DIRECTION ( 'NONE',  ( 0.000000000000000000, 1.000000000000000000, 0.000000000000000000 ) ) ;
#5483 = CARTESIAN_POINT ( 'NONE',  ( -37.50033856919407782, -59.53115701349312872, -12.71421356237295619 ) ) ;
#5484 = ORIENTED_EDGE ( 'NONE', *, *, #6966, .F. ) ;
#5485 = DIRECTION ( 'NONE',  ( 0.000000000000000000, 0.000000000000000000, 1.000000000000000000 ) ) ;
#5486 = DIRECTION ( 'NONE',  ( -0.3420201433256698231, 0.9396926207859080948, 0.000000000000000000 ) ) ;
#5487 = LINE ( 'NONE', #8096, #347 ) ;
#5488 = ADVANCED_FACE ( 'NONE', ( #1117 ), #1028, .T. ) ;
#5489 = CARTESIAN_POINT ( 'NONE',  ( -38.64749144189602958, -55.45130374739211732, 12.71421356237310185 ) ) ;
#5490 = VECTOR ( 'NONE', #1413, 1000.000000000000000 ) ;
#5491 = EDGE_LOOP ( 'NONE', ( #4578, #1181, #6086, #307, #1279, #6948, #100, #7084, #1717, #3623, #3758, #5051, #7152, #3468 ) ) ;
#5492 = FACE_OUTER_BOUND ( 'NONE', #6045, .T. ) ;
#5493 = ORIENTED_EDGE ( 'NONE', *, *, #3186, .T. ) ;
#5494 = LINE ( 'NONE', #7338, #4893 ) ;
#5495 = VERTEX_POINT ( 'NONE', #418 ) ;
#5496 = CARTESIAN_POINT ( 'NONE',  ( -36.65970144317183355, -25.62261018568955251, -11.30000000000000959 ) ) ;
#5497 = ORIENTED_EDGE ( 'NONE', *, *, #2314, .T. ) ;
#5498 = DIRECTION ( 'NONE',  ( 0.6336872742246397738, 0.4437126062796575843, -0.6336872742246444368 ) ) ;
#5499 = DIRECTION ( 'NONE',  ( 1.000000000000000000, 0.000000000000000000, 0.000000000000000000 ) ) ;
#5500 = ORIENTED_EDGE ( 'NONE', *, *, #7980, .F. ) ;
#5501 = EDGE_CURVE ( 'NONE', #7590, #8282, #4571, .T. ) ;
#5502 = DIRECTION ( 'NONE',  ( 0.000000000000000000, -0.000000000000000000, -1.000000000000000000 ) ) ;
#5503 = VERTEX_POINT ( 'NONE', #7631 ) ;
#5504 = CARTESIAN_POINT ( 'NONE',  ( -37.69398799447281334, 13.42591795173425417, -27.80000000000000071 ) ) ;
#5505 = ORIENTED_EDGE ( 'NONE', *, *, #7839, .T. ) ;
#5506 = CARTESIAN_POINT ( 'NONE',  ( 50.92608499445506709, -11.35103731043577824, -26.80000000000001492 ) ) ;
#5507 = DIRECTION ( 'NONE',  ( 0.000000000000000000, 0.000000000000000000, -1.000000000000000000 ) ) ;
#5508 = CARTESIAN_POINT ( 'NONE',  ( -3.819039799497872867, -28.62261018568959514, -27.80000000000000782 ) ) ;
#5509 = DIRECTION ( 'NONE',  ( -5.610667679425537100E-47, -1.000000000000000000, -1.143648588528323197E-16 ) ) ;
#5510 = DIRECTION ( 'NONE',  ( -0.000000000000000000, -1.000000000000000000, 0.000000000000000000 ) ) ;
#5511 = AXIS2_PLACEMENT_3D ( 'NONE', #7613, #3013, #5080 ) ;
#5512 = EDGE_CURVE ( 'NONE', #7462, #7536, #4960, .T. ) ;
#5513 = PLANE ( 'NONE',  #7346 ) ;
#5514 = CARTESIAN_POINT ( 'NONE',  ( -5.687075688526890509E-16, -8.522610185689570628, 27.80000000000000071 ) ) ;
#5515 = VERTEX_POINT ( 'NONE', #8312 ) ;
#5516 = FACE_OUTER_BOUND ( 'NONE', #4422, .T. ) ;
#5517 = FACE_OUTER_BOUND ( 'NONE', #3824, .T. ) ;
#5518 = AXIS2_PLACEMENT_3D ( 'NONE', #8007, #2770, #2064 ) ;
#5519 = VERTEX_POINT ( 'NONE', #1075 ) ;
#5520 = DIRECTION ( 'NONE',  ( 0.000000000000000000, -0.7071067811865450192, -0.7071067811865500152 ) ) ;
#5521 = AXIS2_PLACEMENT_3D ( 'NONE', #1249, #1210, #4454 ) ;
#5522 = CARTESIAN_POINT ( 'NONE',  ( 47.92608499445506709, 0.000000000000000000, -27.80000000000000071 ) ) ;
#5523 = EDGE_CURVE ( 'NONE', #6715, #7511, #2432, .T. ) ;
#5524 = CARTESIAN_POINT ( 'NONE',  ( -40.64750026102537106, -56.85172499903238474, -10.01668686314888745 ) ) ;
#5525 = ORIENTED_EDGE ( 'NONE', *, *, #3755, .T. ) ;
#5526 = AXIS2_PLACEMENT_3D ( 'NONE', #6346, #5520, #8131 ) ;
#5527 = DIRECTION ( 'NONE',  ( -0.8191520442889910214, -0.5735764363510472696, 0.000000000000000000 ) ) ;
#5528 = DIRECTION ( 'NONE',  ( 1.000000000000000000, -6.672927148628873676E-17, -1.487873981414432968E-32 ) ) ;
#5529 = CARTESIAN_POINT ( 'NONE',  ( 49.92608499445507420, -9.108396623316481922, -13.71421356237310718 ) ) ;
#5530 = LINE ( 'NONE', #6771, #3770 ) ;
#5531 = EDGE_LOOP ( 'NONE', ( #1259, #3784, #5760, #8023 ) ) ;
#5532 = CARTESIAN_POINT ( 'NONE',  ( -36.98633104300179042, -55.73760073384870140, 12.24571878755332577 ) ) ;
#5533 = VERTEX_POINT ( 'NONE', #8266 ) ;
#5534 = CARTESIAN_POINT ( 'NONE',  ( 47.92608499445506709, -11.35103731043577469, -14.30000000000000782 ) ) ;
#5535 = EDGE_CURVE ( 'NONE', #8202, #1725, #2392, .T. ) ;
#5536 = ADVANCED_FACE ( 'NONE', ( #4235 ), #7020, .T. ) ;
#5537 = ORIENTED_EDGE ( 'NONE', *, *, #5923, .T. ) ;
#5538 = AXIS2_PLACEMENT_3D ( 'NONE', #5740, #5650, #8345 ) ;
#5539 = DIRECTION ( 'NONE',  ( 0.000000000000000000, 1.000000000000000000, 0.000000000000000000 ) ) ;
#5540 = ORIENTED_EDGE ( 'NONE', *, *, #8038, .T. ) ;
#5541 = CARTESIAN_POINT ( 'NONE',  ( 47.92608499445506709, -9.936823748062687756, -27.21421356237310363 ) ) ;
#5542 = DIRECTION ( 'NONE',  ( 0.000000000000000000, 0.000000000000000000, 1.000000000000000000 ) ) ;
#5543 = ORIENTED_EDGE ( 'NONE', *, *, #7268, .F. ) ;
#5544 = VECTOR ( 'NONE', #3593, 1000.000000000000000 ) ;
#5545 = DIRECTION ( 'NONE',  ( 0.000000000000000000, 1.000000000000000000, -1.042667367333023879E-16 ) ) ;
#5546 = VECTOR ( 'NONE', #5082, 999.9999999999998863 ) ;
#5547 = ADVANCED_FACE ( 'NONE', ( #6212 ), #331, .F. ) ;
#5548 = DIRECTION ( 'NONE',  ( 0.000000000000000000, 0.000000000000000000, -1.000000000000000000 ) ) ;
#5549 = ORIENTED_EDGE ( 'NONE', *, *, #6928, .F. ) ;
#5550 = CARTESIAN_POINT ( 'NONE',  ( -51.50055716134375672, 13.07707437056487443, 18.50000000000000000 ) ) ;
#5551 = EDGE_CURVE ( 'NONE', #7884, #7124, #6431, .T. ) ;
#5552 = AXIS2_PLACEMENT_3D ( 'NONE', #6016, #8097, #4200 ) ;
#5553 = DIRECTION ( 'NONE',  ( 0.6644630243886696652, 0.2418447626479742762, -0.7071067811865527908 ) ) ;
#5554 = VECTOR ( 'NONE', #8407, 999.9999999999998863 ) ;
#5555 = CARTESIAN_POINT ( 'NONE',  ( -60.45967341942196072, 2.131715627355464271, 27.80000000000000071 ) ) ;
#5556 = CIRCLE ( 'NONE', #2803, 1.000000000000000888 ) ;
#5557 = DIRECTION ( 'NONE',  ( 1.000000000000000000, -6.672927148628872444E-17, 0.000000000000000000 ) ) ;
#5558 = AXIS2_PLACEMENT_3D ( 'NONE', #4376, #5577, #4284 ) ;
#5559 = CARTESIAN_POINT ( 'NONE',  ( -33.86831257587688526, 14.77738981431041232, 24.98578643762689921 ) ) ;
#5560 = LINE ( 'NONE', #2305, #1473 ) ;
#5561 = ADVANCED_FACE ( 'NONE', ( #546 ), #4615, .F. ) ;
#5562 = CARTESIAN_POINT ( 'NONE',  ( 19.28746719445168623, 15.77738981431040699, -29.58420689507513046 ) ) ;
#5563 = VECTOR ( 'NONE', #1163, 1000.000000000000000 ) ;
#5564 = ORIENTED_EDGE ( 'NONE', *, *, #7875, .F. ) ;
#5565 = FACE_OUTER_BOUND ( 'NONE', #1937, .T. ) ;
#5566 = CIRCLE ( 'NONE', #4052, 2.000000000000014655 ) ;
#5567 = ORIENTED_EDGE ( 'NONE', *, *, #5098, .T. ) ;
#5568 = CARTESIAN_POINT ( 'NONE',  ( -41.41212868627932409, 15.77738981431040699, -1.500000000000001554 ) ) ;
#5569 = ORIENTED_EDGE ( 'NONE', *, *, #3462, .F. ) ;
#5570 = PLANE ( 'NONE',  #5526 ) ;
#5571 = VECTOR ( 'NONE', #4303, 1000.000000000000000 ) ;
#5572 = CARTESIAN_POINT ( 'NONE',  ( -35.28252613824998463, 15.77738981431040699, -23.57157287525380340 ) ) ;
#5573 = LINE ( 'NONE', #4452, #5563 ) ;
#5574 = VERTEX_POINT ( 'NONE', #5780 ) ;
#5575 = CARTESIAN_POINT ( 'NONE',  ( -36.65970144317183355, -57.72176197219197746, 12.29999999999999183 ) ) ;
#5576 = LINE ( 'NONE', #6219, #6076 ) ;
#5577 = DIRECTION ( 'NONE',  ( -0.000000000000000000, 0.000000000000000000, 1.000000000000000000 ) ) ;
#5578 = VERTEX_POINT ( 'NONE', #3801 ) ;
#5579 = AXIS2_PLACEMENT_3D ( 'NONE', #7479, #6288, #2881 ) ;
#5580 = CARTESIAN_POINT ( 'NONE',  ( -40.15427181888210129, -56.50636272578422847, 11.20744565751939703 ) ) ;
#5581 = EDGE_CURVE ( 'NONE', #1955, #643, #8120, .T. ) ;
#5582 = ORIENTED_EDGE ( 'NONE', *, *, #6831, .T. ) ;
#5583 = DIRECTION ( 'NONE',  ( 1.000000000000000000, 3.700743415417188731E-15, 0.000000000000000000 ) ) ;
#5584 = ORIENTED_EDGE ( 'NONE', *, *, #2661, .T. ) ;
#5585 = CARTESIAN_POINT ( 'NONE',  ( 15.65556682763982366, -40.62261018568959514, -12.30000000000000604 ) ) ;
#5586 = ORIENTED_EDGE ( 'NONE', *, *, #817, .F. ) ;
#5587 = VERTEX_POINT ( 'NONE', #3882 ) ;
#5588 = DIRECTION ( 'NONE',  ( -1.000000000000000000, 0.000000000000000000, 0.000000000000000000 ) ) ;
#5589 = VERTEX_POINT ( 'NONE', #2513 ) ;
#5590 = AXIS2_PLACEMENT_3D ( 'NONE', #3817, #7247, #3980 ) ;
#5591 = PLANE ( 'NONE',  #4122 ) ;
#5592 = DIRECTION ( 'NONE',  ( 0.000000000000000000, 0.000000000000000000, 1.000000000000000000 ) ) ;
#5593 = ADVANCED_BREP_SHAPE_REPRESENTATION ( '\X2\041f043e04340441044204300432043a0430\X0\', ( #3404, #4479 ), #2960 ) ;
#5594 = EDGE_CURVE ( 'NONE', #8337, #3243, #1159, .T. ) ;
#5595 = ADVANCED_FACE ( 'NONE', ( #7065 ), #5254, .F. ) ;
#5596 = CIRCLE ( 'NONE', #4363, 1.000000000000000888 ) ;
#5597 = AXIS2_PLACEMENT_3D ( 'NONE', #8390, #6469, #7113 ) ;
#5598 = LINE ( 'NONE', #1620, #5440 ) ;
#5599 = ORIENTED_EDGE ( 'NONE', *, *, #437, .T. ) ;
#5600 = DIRECTION ( 'NONE',  ( 0.000000000000000000, 0.000000000000000000, -1.000000000000000000 ) ) ;
#5601 = CYLINDRICAL_SURFACE ( 'NONE', #6488, 2.000000000000000000 ) ;
#5602 = CIRCLE ( 'NONE', #799, 1.000000000000000888 ) ;
#5603 = DIRECTION ( 'NONE',  ( 0.000000000000000000, 0.000000000000000000, -1.000000000000000000 ) ) ;
#5604 = EDGE_CURVE ( 'NONE', #2140, #6585, #632, .T. ) ;
#5605 = DIRECTION ( 'NONE',  ( 1.000000000000000000, 3.469446951953613400E-15, 0.000000000000000000 ) ) ;
#5606 = CARTESIAN_POINT ( 'NONE',  ( -37.87770852011304612, -54.91229594277457693, -13.19785248924363508 ) ) ;
#5607 = CARTESIAN_POINT ( 'NONE',  ( -62.45967341942196072, -5.471820925021146920, 27.80000000000000071 ) ) ;
#5608 = DIRECTION ( 'NONE',  ( -0.7071067811865500152, 0.7071067811865450192, 0.000000000000000000 ) ) ;
#5609 = ORIENTED_EDGE ( 'NONE', *, *, #5920, .T. ) ;
#5610 = CARTESIAN_POINT ( 'NONE',  ( -37.51095326299616772, 14.77738981431041232, -27.80000000000000071 ) ) ;
#5611 = ORIENTED_EDGE ( 'NONE', *, *, #1784, .F. ) ;
#5612 = FACE_OUTER_BOUND ( 'NONE', #3953, .T. ) ;
#5613 = EDGE_CURVE ( 'NONE', #532, #2325, #6553, .T. ) ;
#5614 = CARTESIAN_POINT ( 'NONE',  ( -39.06746898910603250, -60.10339294701955026, -10.01668415399424994 ) ) ;
#5615 = CARTESIAN_POINT ( 'NONE',  ( -39.50033856919387176, -60.93157208991242157, 9.885786437626887135 ) ) ;
#5616 = DIRECTION ( 'NONE',  ( 0.000000000000000000, -1.000000000000000000, 1.042667367333023879E-16 ) ) ;
#5617 = ORIENTED_EDGE ( 'NONE', *, *, #4792, .T. ) ;
#5618 = CARTESIAN_POINT ( 'NONE',  ( -59.45967341942196782, -2.471820925021154025, 27.80000000000000071 ) ) ;
#5619 = CARTESIAN_POINT ( 'NONE',  ( -40.45967341942191808, 0.000000000000000000, 27.80000000000000071 ) ) ;
#5620 = VERTEX_POINT ( 'NONE', #4529 ) ;
#5621 = CARTESIAN_POINT ( 'NONE',  ( 47.92608499445506709, -10.52261018568957418, -24.97157287525380198 ) ) ;
#5622 = CARTESIAN_POINT ( 'NONE',  ( -40.23770628640595248, -56.56478416889095939, 11.10576663000282593 ) ) ;
#5623 = ORIENTED_EDGE ( 'NONE', *, *, #4007, .T. ) ;
#5624 = EDGE_LOOP ( 'NONE', ( #4709, #153, #7132, #1860, #3671, #3140, #2322, #3416, #8326, #3687 ) ) ;
#5625 = CARTESIAN_POINT ( 'NONE',  ( -58.96759953173464908, 6.091337094860836743, 27.80000000000000071 ) ) ;
#5626 = VERTEX_POINT ( 'NONE', #2470 ) ;
#5627 = CARTESIAN_POINT ( 'NONE',  ( -39.07391500554492580, -22.62261018568959514, -9.885786437626910228 ) ) ;
#5628 = ORIENTED_EDGE ( 'NONE', *, *, #6689, .F. ) ;
#5629 = ORIENTED_EDGE ( 'NONE', *, *, #3476, .T. ) ;
#5630 = EDGE_CURVE ( 'NONE', #4084, #4878, #5088, .T. ) ;
#5631 = CARTESIAN_POINT ( 'NONE',  ( -40.45967341942191808, 0.000000000000000000, -48.87167408952667813 ) ) ;
#5632 = EDGE_LOOP ( 'NONE', ( #688, #8255, #3251, #1898 ) ) ;
#5633 = CARTESIAN_POINT ( 'NONE',  ( -53.31229685597797641, -26.62261018568959514, 26.79999999999998650 ) ) ;
#5634 = LINE ( 'NONE', #8246, #1738 ) ;
#5635 =( NAMED_UNIT ( * ) SI_UNIT ( $, .STERADIAN. ) SOLID_ANGLE_UNIT ( ) );
#5636 = CARTESIAN_POINT ( 'NONE',  ( -36.65970144317183355, -57.72176197219197036, -12.30000000000001492 ) ) ;
#5637 = ORIENTED_EDGE ( 'NONE', *, *, #2226, .T. ) ;
#5638 = EDGE_CURVE ( 'NONE', #8209, #3700, #7110, .T. ) ;
#5639 = AXIS2_PLACEMENT_3D ( 'NONE', #5496, #6824, #6737 ) ;
#5640 = DIRECTION ( 'NONE',  ( -0.7071067811865500152, 0.000000000000000000, -0.7071067811865450192 ) ) ;
#5641 = EDGE_CURVE ( 'NONE', #6420, #2150, #8470, .T. ) ;
#5642 = CARTESIAN_POINT ( 'NONE',  ( -58.96759953173464908, 6.091337094860837631, -12.49999999999998224 ) ) ;
#5643 = PLANE ( 'NONE',  #4311 ) ;
#5644 = VECTOR ( 'NONE', #6411, 1000.000000000000114 ) ;
#5645 = CARTESIAN_POINT ( 'NONE',  ( -38.11958096839318699, -55.08165685434557446, -13.09766564080161544 ) ) ;
#5646 = ADVANCED_FACE ( 'NONE', ( #3191 ), #189, .T. ) ;
#5647 = DIRECTION ( 'NONE',  ( -0.6644630243886737730, -0.2418447626479718893, 0.7071067811865496822 ) ) ;
#5648 = EDGE_CURVE ( 'NONE', #1164, #1765, #2594, .T. ) ;
#5649 = ADVANCED_FACE ( 'NONE', ( #1160, #679 ), #4572, .T. ) ;
#5650 = DIRECTION ( 'NONE',  ( 0.000000000000000000, 1.000000000000000000, 0.000000000000000000 ) ) ;
#5651 = ORIENTED_EDGE ( 'NONE', *, *, #2036, .T. ) ;
#5652 = CARTESIAN_POINT ( 'NONE',  ( -36.68252613824996899, 0.000000000000000000, 27.80000000000000071 ) ) ;
#5653 = EDGE_LOOP ( 'NONE', ( #4722, #5223, #6730, #7533 ) ) ;
#5654 = PLANE ( 'NONE',  #208 ) ;
#5655 = B_SPLINE_CURVE_WITH_KNOTS ( 'NONE', 3,
 ( #7063, #4569, #627, #508 ),
 .UNSPECIFIED., .F., .F.,
 ( 4, 4 ),
 ( 0.000000000000000000, 0.0005010175598804885192 ),
 .UNSPECIFIED. ) ;
#5656 = VECTOR ( 'NONE', #1913, 1000.000000000000000 ) ;
#5657 = DIRECTION ( 'NONE',  ( 0.6599369112508958191, 0.7513210187187812084, 0.000000000000000000 ) ) ;
#5658 = CARTESIAN_POINT ( 'NONE',  ( 50.92608499445506709, -22.62261018568959514, -13.29999999999999893 ) ) ;
#5659 = DIRECTION ( 'NONE',  ( 1.000000000000000000, 0.000000000000000000, 0.000000000000000000 ) ) ;
#5660 = ORIENTED_EDGE ( 'NONE', *, *, #1404, .F. ) ;
#5661 = DIRECTION ( 'NONE',  ( 0.3420201433256698231, -0.9396926207859080948, 0.000000000000000000 ) ) ;
#5662 = CYLINDRICAL_SURFACE ( 'NONE', #3874, 1.999999999999998224 ) ;
#5663 = ORIENTED_EDGE ( 'NONE', *, *, #2358, .T. ) ;
#5664 = ADVANCED_FACE ( 'NONE', ( #1205 ), #1845, .T. ) ;
#5665 = CARTESIAN_POINT ( 'NONE',  ( -40.99791512390621051, 14.77738981431039100, 14.91421356237310292 ) ) ;
#5666 = CARTESIAN_POINT ( 'NONE',  ( -36.65970144317183355, -57.72176197219197746, 12.29999999999999183 ) ) ;
#5667 = ORIENTED_EDGE ( 'NONE', *, *, #6752, .T. ) ;
#5668 = AXIS2_PLACEMENT_3D ( 'NONE', #3767, #8476, #1892 ) ;
#5669 = ORIENTED_EDGE ( 'NONE', *, *, #5004, .T. ) ;
#5670 = DIRECTION ( 'NONE',  ( -0.7071067811865450192, 0.000000000000000000, 0.7071067811865500152 ) ) ;
#5671 = DIRECTION ( 'NONE',  ( -0.000000000000000000, 1.000000000000000000, 1.372378306233987934E-16 ) ) ;
#5672 = VECTOR ( 'NONE', #4323, 1000.000000000000000 ) ;
#5673 = ORIENTED_EDGE ( 'NONE', *, *, #6795, .T. ) ;
#5674 = EDGE_LOOP ( 'NONE', ( #6457, #40, #8364, #3644 ) ) ;
#5675 = ORIENTED_EDGE ( 'NONE', *, *, #8375, .F. ) ;
#5676 = DIRECTION ( 'NONE',  ( -0.000000000000000000, 0.000000000000000000, 1.000000000000000000 ) ) ;
#5677 = ORIENTED_EDGE ( 'NONE', *, *, #2330, .F. ) ;
#5678 = AXIS2_PLACEMENT_3D ( 'NONE', #257, #169, #3418 ) ;
#5679 = FACE_OUTER_BOUND ( 'NONE', #2240, .T. ) ;
#5680 = DIRECTION ( 'NONE',  ( 0.000000000000000000, 0.000000000000000000, 1.000000000000000000 ) ) ;
#5681 = VECTOR ( 'NONE', #715, 1000.000000000000000 ) ;
#5682 = ORIENTED_EDGE ( 'NONE', *, *, #2390, .F. ) ;
#5683 = ADVANCED_FACE ( 'NONE', ( #7872 ), #7439, .F. ) ;
#5684 = DIRECTION ( 'NONE',  ( 0.000000000000000000, 0.000000000000000000, -1.000000000000000000 ) ) ;
#5685 = DIRECTION ( 'NONE',  ( -1.000000000000000000, 0.000000000000000000, 0.000000000000000000 ) ) ;
#5686 = ORIENTED_EDGE ( 'NONE', *, *, #6151, .F. ) ;
#5687 = ORIENTED_EDGE ( 'NONE', *, *, #6552, .F. ) ;
#5688 = DIRECTION ( 'NONE',  ( -0.000000000000000000, -0.000000000000000000, 1.000000000000000000 ) ) ;
#5689 = CARTESIAN_POINT ( 'NONE',  ( 50.92608499445506709, -11.35103731043577469, 14.29999999999999716 ) ) ;
#5690 = AXIS2_PLACEMENT_3D ( 'NONE', #2553, #545, #8347 ) ;
#5691 = CARTESIAN_POINT ( 'NONE',  ( -36.60937307559022003, -58.90729625858698171, -13.24798406393360573 ) ) ;
#5692 = EDGE_CURVE ( 'NONE', #5211, #7509, #7919, .T. ) ;
#5693 = CIRCLE ( 'NONE', #6382, 2.000000000000000000 ) ;
#5694 = CARTESIAN_POINT ( 'NONE',  ( -59.54420031073707520, 2.343113931407018846, 18.58764984881256055 ) ) ;
#5695 = VECTOR ( 'NONE', #2502, 1000.000000000000000 ) ;
#5696 = CARTESIAN_POINT ( 'NONE',  ( -39.00711894617992925, -60.58621599188508355, 11.20744565751934374 ) ) ;
#5697 = ORIENTED_EDGE ( 'NONE', *, *, #4005, .T. ) ;
#5698 = DIRECTION ( 'NONE',  ( 0.000000000000000000, 1.000000000000000000, 0.000000000000000000 ) ) ;
#5699 = ORIENTED_EDGE ( 'NONE', *, *, #5613, .T. ) ;
#5700 = ORIENTED_EDGE ( 'NONE', *, *, #1284, .T. ) ;
#5701 = DIRECTION ( 'NONE',  ( -0.000000000000000000, 0.000000000000000000, 1.000000000000000000 ) ) ;
#5702 = ADVANCED_FACE ( 'NONE', ( #2091 ), #873, .T. ) ;
#5703 = ADVANCED_FACE ( 'NONE', ( #5388 ), #6673, .F. ) ;
#5704 = CARTESIAN_POINT ( 'NONE',  ( -39.07391500554492580, -60.11242004562343055, -9.885786437626915557 ) ) ;
#5705 = FACE_OUTER_BOUND ( 'NONE', #3601, .T. ) ;
#5706 = VECTOR ( 'NONE', #1375, 1000.000000000000227 ) ;
#5707 = CARTESIAN_POINT ( 'NONE',  ( -39.58370156153308983, 15.77738981431040699, -13.49999999999999822 ) ) ;
#5708 = ORIENTED_EDGE ( 'NONE', *, *, #933, .T. ) ;
#5709 = CYLINDRICAL_SURFACE ( 'NONE', #8193, 1.000000000000000888 ) ;
#5710 = VECTOR ( 'NONE', #2892, 1000.000000000000114 ) ;
#5711 = CARTESIAN_POINT ( 'NONE',  ( -3.819039799497872867, -26.62261018568959514, -12.30000000000001137 ) ) ;
#5712 = AXIS2_PLACEMENT_3D ( 'NONE', #3325, #6039, #810 ) ;
#5713 = EDGE_LOOP ( 'NONE', ( #5888, #2707, #7747, #3054 ) ) ;
#5714 = DIRECTION ( 'NONE',  ( -1.000000000000000000, 0.000000000000000000, 0.000000000000000000 ) ) ;
#5715 = EDGE_LOOP ( 'NONE', ( #6550, #7668, #4405, #4100 ) ) ;
#5716 = CARTESIAN_POINT ( 'NONE',  ( -40.06170500426912895, -56.44154674440417807, 11.30000000000000782 ) ) ;
#5717 = ORIENTED_EDGE ( 'NONE', *, *, #686, .F. ) ;
#5718 = VECTOR ( 'NONE', #4850, 1000.000000000000114 ) ;
#5719 = EDGE_CURVE ( 'NONE', #4244, #8244, #7726, .T. ) ;
#5720 = EDGE_LOOP ( 'NONE', ( #1566, #5497, #5860, #6558 ) ) ;
#5721 = CARTESIAN_POINT ( 'NONE',  ( -50.16678020060848553, 3.894547101836488778, 27.80000000000000071 ) ) ;
#5722 = LINE ( 'NONE', #3085, #5858 ) ;
#5723 = EDGE_LOOP ( 'NONE', ( #7761, #7028, #2459, #5974 ) ) ;
#5724 = EDGE_LOOP ( 'NONE', ( #7378, #3178, #2039, #1893 ) ) ;
#5725 = CARTESIAN_POINT ( 'NONE',  ( -39.99791512390620341, 14.77738981431039100, -18.50000000000000355 ) ) ;
#5726 = CARTESIAN_POINT ( 'NONE',  ( -65.63123590226842907, -4.471820925021154025, -26.79999999999999005 ) ) ;
#5727 = CARTESIAN_POINT ( 'NONE',  ( -41.41212868627932409, 13.77738981431040699, 13.50000000000000000 ) ) ;
#5728 = ORIENTED_EDGE ( 'NONE', *, *, #4950, .F. ) ;
#5729 = DIRECTION ( 'NONE',  ( 0.000000000000000000, 0.000000000000000000, 1.000000000000000000 ) ) ;
#5730 = ORIENTED_EDGE ( 'NONE', *, *, #7525, .T. ) ;
#5731 = EDGE_CURVE ( 'NONE', #8150, #3648, #1497, .T. ) ;
#5732 = VECTOR ( 'NONE', #15, 1000.000000000000000 ) ;
#5733 = DIRECTION ( 'NONE',  ( 0.000000000000000000, 0.000000000000000000, 1.000000000000000000 ) ) ;
#5734 = EDGE_LOOP ( 'NONE', ( #714, #8010, #3222, #5730, #960, #7353, #4208, #1531, #1569, #5006, #123, #6269, #2826, #1850 ) ) ;
#5735 = DIRECTION ( 'NONE',  ( 0.000000000000000000, 0.000000000000000000, -1.000000000000000000 ) ) ;
#5736 = CYLINDRICAL_SURFACE ( 'NONE', #756, 2.000000000000001776 ) ;
#5737 = VECTOR ( 'NONE', #4585, 1000.000000000000000 ) ;
#5738 = CARTESIAN_POINT ( 'NONE',  ( -36.65970144317183355, -26.62261018568959514, -11.30000000000001137 ) ) ;
#5739 = AXIS2_PLACEMENT_3D ( 'NONE', #2638, #8471, #6554 ) ;
#5740 = CARTESIAN_POINT ( 'NONE',  ( -41.41212868627928856, 13.77738981431040699, 1.499999999999998668 ) ) ;
#5741 = ADVANCED_FACE ( 'NONE', ( #5471 ), #4738, .F. ) ;
#5742 = ORIENTED_EDGE ( 'NONE', *, *, #323, .F. ) ;
#5743 = DIRECTION ( 'NONE',  ( 0.000000000000000000, 0.000000000000000000, 1.000000000000000000 ) ) ;
#5744 = CARTESIAN_POINT ( 'NONE',  ( -33.86831257587688526, 0.000000000000000000, 24.98578643762689921 ) ) ;
#5745 = CARTESIAN_POINT ( 'NONE',  ( -39.24790035772849706, -60.75481295131218218, 10.89322017431391387 ) ) ;
#5746 = DIRECTION ( 'NONE',  ( 0.000000000000000000, -1.000000000000000000, 1.042667367333023879E-16 ) ) ;
#5747 = ORIENTED_EDGE ( 'NONE', *, *, #6151, .T. ) ;
#5748 = CARTESIAN_POINT ( 'NONE',  ( -42.45967341942191808, 4.767778374742815295, 27.80000000000000071 ) ) ;
#5749 = ADVANCED_FACE ( 'NONE', ( #885 ), #72, .F. ) ;
#5750 = CARTESIAN_POINT ( 'NONE',  ( -37.23327787952290890, -54.46106075038005656, -13.30000000000005755 ) ) ;
#5751 = ORIENTED_EDGE ( 'NONE', *, *, #5068, .F. ) ;
#5752 = EDGE_CURVE ( 'NONE', #2709, #3000, #2760, .T. ) ;
#5753 = CARTESIAN_POINT ( 'NONE',  ( -33.86831257587687816, 13.77738981431040166, -24.98578643762689211 ) ) ;
#5754 = VERTEX_POINT ( 'NONE', #1373 ) ;
#5755 = CARTESIAN_POINT ( 'NONE',  ( -39.07391500554492580, -57.67087086810058594, 9.885786437626896017 ) ) ;
#5756 = ORIENTED_EDGE ( 'NONE', *, *, #2390, .T. ) ;
#5757 = ORIENTED_EDGE ( 'NONE', *, *, #3424, .F. ) ;
#5758 = DIRECTION ( 'NONE',  ( 0.7071067811865500152, -0.7071067811865450192, 0.000000000000000000 ) ) ;
#5759 = CARTESIAN_POINT ( 'NONE',  ( 49.92608499445507420, -8.522610185689574180, 27.80000000000000071 ) ) ;
#5760 = ORIENTED_EDGE ( 'NONE', *, *, #4639, .T. ) ;
#5761 = ORIENTED_EDGE ( 'NONE', *, *, #1365, .T. ) ;
#5762 = CARTESIAN_POINT ( 'NONE',  ( -36.65970144317183355, -25.62261018568955251, 12.29999999999999538 ) ) ;
#5763 = ADVANCED_FACE ( 'NONE', ( #4092 ), #2246, .F. ) ;
#5764 = ORIENTED_EDGE ( 'NONE', *, *, #7999, .T. ) ;
#5765 = CARTESIAN_POINT ( 'NONE',  ( -0.8190397994978287910, -28.62261018568959514, -12.30000000000001137 ) ) ;
#5766 = VERTEX_POINT ( 'NONE', #4696 ) ;
#5767 = ORIENTED_EDGE ( 'NONE', *, *, #7060, .F. ) ;
#5768 = DIRECTION ( 'NONE',  ( 0.000000000000000000, 1.372378306233987934E-16, -1.000000000000000000 ) ) ;
#5769 = CARTESIAN_POINT ( 'NONE',  ( -62.45967341942196072, -2.471820925021154025, 27.80000000000000071 ) ) ;
#5770 = ORIENTED_EDGE ( 'NONE', *, *, #7625, .F. ) ;
#5771 = CARTESIAN_POINT ( 'NONE',  ( -38.78102178673147904, -59.70224796621565133, -10.59289321881346524 ) ) ;
#5772 = DIRECTION ( 'NONE',  ( 0.000000000000000000, -1.000000000000000000, 1.042667367333023879E-16 ) ) ;
#5773 = EDGE_CURVE ( 'NONE', #6280, #8202, #601, .T. ) ;
#5774 = VECTOR ( 'NONE', #7137, 1000.000000000000000 ) ;
#5775 = CARTESIAN_POINT ( 'NONE',  ( -33.86831257587687816, 0.000000000000000000, -24.98578643762689211 ) ) ;
#5776 = CARTESIAN_POINT ( 'NONE',  ( -38.07391500554492580, -25.62261018568955251, 9.885786437626899570 ) ) ;
#5777 = CARTESIAN_POINT ( 'NONE',  ( -49.58644214651556581, 4.474885155929377412, 27.80000000000000426 ) ) ;
#5778 = ORIENTED_EDGE ( 'NONE', *, *, #2646, .F. ) ;
#5779 = AXIS2_PLACEMENT_3D ( 'NONE', #1234, #3831, #6458 ) ;
#5780 = CARTESIAN_POINT ( 'NONE',  ( -51.50055716134375672, 13.07707437056487443, 18.50000000000000000 ) ) ;
#5781 = EDGE_CURVE ( 'NONE', #3915, #2481, #320, .T. ) ;
#5782 = DIRECTION ( 'NONE',  ( 0.000000000000000000, 1.000000000000000000, 0.000000000000000000 ) ) ;
#5783 = CARTESIAN_POINT ( 'NONE',  ( -39.99791512390620341, 15.77738981431040699, 17.08578643762690774 ) ) ;
#5784 = FACE_OUTER_BOUND ( 'NONE', #6416, .T. ) ;
#5785 = DIRECTION ( 'NONE',  ( 0.000000000000000000, 0.000000000000000000, 1.000000000000000000 ) ) ;
#5786 = ORIENTED_EDGE ( 'NONE', *, *, #3662, .F. ) ;
#5787 = DIRECTION ( 'NONE',  ( 1.000000000000000000, 0.000000000000000000, 0.000000000000000000 ) ) ;
#5788 = ORIENTED_EDGE ( 'NONE', *, *, #6273, .F. ) ;
#5789 = CARTESIAN_POINT ( 'NONE',  ( -37.16913838109095281, -58.43517244535735955, 12.16076272026694838 ) ) ;
#5790 = EDGE_LOOP ( 'NONE', ( #849, #6741, #6153, #2347, #7592 ) ) ;
#5791 = ORIENTED_EDGE ( 'NONE', *, *, #8, .T. ) ;
#5792 = DIRECTION ( 'NONE',  ( 6.162975822039157467E-33, -1.000000000000000000, 1.042667367333023879E-16 ) ) ;
#5793 = ADVANCED_FACE ( 'NONE', ( #761 ), #2685, .F. ) ;
#5794 = CARTESIAN_POINT ( 'NONE',  ( -39.99791512390620341, 13.77738981431040699, -14.91421356237309404 ) ) ;
#5795 = ORIENTED_EDGE ( 'NONE', *, *, #509, .T. ) ;
#5796 = VERTEX_POINT ( 'NONE', #7235 ) ;
#5797 = CIRCLE ( 'NONE', #7978, 5.999999999999998224 ) ;
#5798 = ORIENTED_EDGE ( 'NONE', *, *, #4737, .F. ) ;
#5799 = DIRECTION ( 'NONE',  ( 1.000000000000000000, -6.672927148628874909E-17, -7.439369907072153891E-33 ) ) ;
#5800 = CARTESIAN_POINT ( 'NONE',  ( -60.45967341942196072, -2.471820925021154025, 27.80000000000000071 ) ) ;
#5801 = ORIENTED_EDGE ( 'NONE', *, *, #1921, .T. ) ;
#5802 = CARTESIAN_POINT ( 'NONE',  ( -37.22933151033191024, -56.07793003924489028, 12.12194442457243682 ) ) ;
#5803 = ADVANCED_FACE ( 'NONE', ( #803 ), #3406, .F. ) ;
#5804 = EDGE_CURVE ( 'NONE', #5194, #4702, #7957, .T. ) ;
#5805 = VERTEX_POINT ( 'NONE', #2133 ) ;
#5806 = DIRECTION ( 'NONE',  ( 0.6644630243886752163, 0.2418447626479762746, 0.7071067811865466846 ) ) ;
#5807 = CIRCLE ( 'NONE', #319, 2.000000000000015543 ) ;
#5808 = DIRECTION ( 'NONE',  ( -1.000000000000000000, 0.000000000000000000, 0.000000000000000000 ) ) ;
#5809 = ORIENTED_EDGE ( 'NONE', *, *, #5876, .F. ) ;
#5810 = CARTESIAN_POINT ( 'NONE',  ( -39.07391500554493291, -60.11242619765916118, -9.950990915117950308 ) ) ;
#5811 = AXIS2_PLACEMENT_3D ( 'NONE', #5905, #31, #2637 ) ;
#5812 = DIRECTION ( 'NONE',  ( 0.000000000000000000, 0.000000000000000000, 1.000000000000000000 ) ) ;
#5813 = CONICAL_SURFACE ( 'NONE', #6900, 1.000000000000011324, 0.7853981633974452814 ) ;
#5814 = EDGE_CURVE ( 'NONE', #1814, #6521, #2804, .T. ) ;
#5815 = EDGE_CURVE ( 'NONE', #3036, #7685, #4437, .T. ) ;
#5816 = DIRECTION ( 'NONE',  ( 0.7071067811865449082, 0.000000000000000000, -0.7071067811865501263 ) ) ;
#5817 = CARTESIAN_POINT ( 'NONE',  ( -39.23600217389412848, -60.74648175330037958, 10.88808717732938725 ) ) ;
#5818 = CARTESIAN_POINT ( 'NONE',  ( -39.44840297124579109, -60.89520639272773650, -10.40916402587788703 ) ) ;
#5819 = AXIS2_PLACEMENT_3D ( 'NONE', #1688, #4286, #4971 ) ;
#5820 = CARTESIAN_POINT ( 'NONE',  ( -40.24713630435882550, -56.57138713854700995, 11.11459368428216621 ) ) ;
#5821 = AXIS2_PLACEMENT_3D ( 'NONE', #6701, #8027, #5499 ) ;
#5822 = EDGE_CURVE ( 'NONE', #568, #8442, #742, .T. ) ;
#5823 = DIRECTION ( 'NONE',  ( 0.000000000000000000, 0.000000000000000000, 1.000000000000000000 ) ) ;
#5824 = DIRECTION ( 'NONE',  ( -0.5000000000000044409, 0.7071067811865463515, -0.4999999999999972244 ) ) ;
#5825 = DIRECTION ( 'NONE',  ( 0.000000000000000000, 0.000000000000000000, -1.000000000000000000 ) ) ;
#5826 = DIRECTION ( 'NONE',  ( 1.000000000000000000, -0.000000000000000000, 0.000000000000000000 ) ) ;
#5827 = ORIENTED_EDGE ( 'NONE', *, *, #2564, .F. ) ;
#5828 = VECTOR ( 'NONE', #203, 1000.000000000000000 ) ;
#5829 = CARTESIAN_POINT ( 'NONE',  ( -58.21627851301586531, 5.431400183609930821, -18.50000000000000000 ) ) ;
#5830 = ORIENTED_EDGE ( 'NONE', *, *, #4264, .F. ) ;
#5831 = AXIS2_PLACEMENT_3D ( 'NONE', #1686, #988, #2359 ) ;
#5832 = PLANE ( 'NONE',  #7614 ) ;
#5833 = ORIENTED_EDGE ( 'NONE', *, *, #6409, .F. ) ;
#5834 = VERTEX_POINT ( 'NONE', #2342 ) ;
#5835 = CARTESIAN_POINT ( 'NONE',  ( -36.65970144317183355, 5.536000648959316095, -11.30000000000000604 ) ) ;
#5836 = VECTOR ( 'NONE', #6373, 1000.000000000000114 ) ;
#5837 = DIRECTION ( 'NONE',  ( 0.000000000000000000, 0.000000000000000000, 1.000000000000000000 ) ) ;
#5838 = ORIENTED_EDGE ( 'NONE', *, *, #7220, .F. ) ;
#5839 = VECTOR ( 'NONE', #5395, 1000.000000000000114 ) ;
#5840 = EDGE_LOOP ( 'NONE', ( #7241, #4511, #6954, #1781 ) ) ;
#5841 = DIRECTION ( 'NONE',  ( 0.000000000000000000, -1.000000000000000000, 0.000000000000000000 ) ) ;
#5842 = LINE ( 'NONE', #4549, #2651 ) ;
#5843 = CARTESIAN_POINT ( 'NONE',  ( -36.08612500682080793, -58.54091401648096848, -13.30000000000000604 ) ) ;
#5844 = EDGE_CURVE ( 'NONE', #823, #3822, #2781, .T. ) ;
#5845 = DIRECTION ( 'NONE',  ( 0.000000000000000000, 0.000000000000000000, 1.000000000000000000 ) ) ;
#5846 = EDGE_LOOP ( 'NONE', ( #920, #1575, #6649, #7337 ) ) ;
#5847 = DIRECTION ( 'NONE',  ( 0.4055797876726408568, -0.5792279653395697725, 0.7071067811865459074 ) ) ;
#5848 = ORIENTED_EDGE ( 'NONE', *, *, #5535, .T. ) ;
#5849 = DIRECTION ( 'NONE',  ( 6.672927148628874909E-17, 1.000000000000000000, 0.000000000000000000 ) ) ;
#5850 = VECTOR ( 'NONE', #7693, 1000.000000000000114 ) ;
#5851 = DIRECTION ( 'NONE',  ( 0.000000000000000000, 0.000000000000000000, 1.000000000000000000 ) ) ;
#5852 = ORIENTED_EDGE ( 'NONE', *, *, #5180, .T. ) ;
#5853 = CARTESIAN_POINT ( 'NONE',  ( -36.75907579751016385, -57.86092700205778527, -12.29505105298198764 ) ) ;
#5854 = CARTESIAN_POINT ( 'NONE',  ( -44.24839094739824219, -59.37309580189981517, -26.80000000000000782 ) ) ;
#5855 = EDGE_CURVE ( 'NONE', #3202, #4244, #571, .T. ) ;
#5856 = ADVANCED_FACE ( 'NONE', ( #7440 ), #4949, .T. ) ;
#5857 = VECTOR ( 'NONE', #1104, 1000.000000000000000 ) ;
#5858 = VECTOR ( 'NONE', #7646, 1000.000000000000000 ) ;
#5859 = DIRECTION ( 'NONE',  ( 0.000000000000000000, 0.000000000000000000, 1.000000000000000000 ) ) ;
#5860 = ORIENTED_EDGE ( 'NONE', *, *, #2595, .F. ) ;
#5861 = CARTESIAN_POINT ( 'NONE',  ( -59.44947128440067274, 2.450960465455856330, 18.50000000000000355 ) ) ;
#5862 = EDGE_LOOP ( 'NONE', ( #3841, #1491, #5663, #6112 ) ) ;
#5863 = ADVANCED_FACE ( 'NONE', ( #5114 ), #1981, .T. ) ;
#5864 = VECTOR ( 'NONE', #3333, 999.9999999999998863 ) ;
#5865 = DIRECTION ( 'NONE',  ( 0.000000000000000000, 0.7071067811865497932, 0.7071067811865452413 ) ) ;
#5866 = DIRECTION ( 'NONE',  ( 0.000000000000000000, 0.000000000000000000, 1.000000000000000000 ) ) ;
#5867 = CIRCLE ( 'NONE', #6144, 2.000000000000001776 ) ;
#5868 = CARTESIAN_POINT ( 'NONE',  ( -46.07954222579373038, -57.26585341306579835, -27.80000000000000071 ) ) ;
#5869 = DIRECTION ( 'NONE',  ( 0.000000000000000000, 0.000000000000000000, -1.000000000000000000 ) ) ;
#5870 = AXIS2_PLACEMENT_3D ( 'NONE', #7923, #3366, #7877 ) ;
#5871 = LINE ( 'NONE', #6631, #4082 ) ;
#5872 = CARTESIAN_POINT ( 'NONE',  ( -36.65970144317183355, -25.62261018568955251, -11.30000000000000959 ) ) ;
#5873 = ORIENTED_EDGE ( 'NONE', *, *, #278, .F. ) ;
#5874 = CARTESIAN_POINT ( 'NONE',  ( -52.25187818006254759, 13.73701128181578035, -27.80000000000000071 ) ) ;
#5875 = ORIENTED_EDGE ( 'NONE', *, *, #286, .F. ) ;
#5876 = EDGE_CURVE ( 'NONE', #3649, #3915, #1830, .T. ) ;
#5877 = CARTESIAN_POINT ( 'NONE',  ( -38.91455213156723403, -60.52140001050523210, -11.30000000000037552 ) ) ;
#5878 = ORIENTED_EDGE ( 'NONE', *, *, #1091, .F. ) ;
#5879 = ORIENTED_EDGE ( 'NONE', *, *, #3022, .F. ) ;
#5880 = CARTESIAN_POINT ( 'NONE',  ( -47.23758846049647531, 8.777389814310406990, 18.50000000000000000 ) ) ;
#5881 = FACE_OUTER_BOUND ( 'NONE', #3021, .T. ) ;
#5882 = ORIENTED_EDGE ( 'NONE', *, *, #3383, .T. ) ;
#5883 = VERTEX_POINT ( 'NONE', #6799 ) ;
#5884 = DIRECTION ( 'NONE',  ( -0.7071067811865452413, 0.000000000000000000, -0.7071067811865499042 ) ) ;
#5885 = CARTESIAN_POINT ( 'NONE',  ( 50.92608499445506709, -9.815503404503015616, -25.67867965644036587 ) ) ;
#5886 = CARTESIAN_POINT ( 'NONE',  ( -40.70502190509273532, 14.77738981431039633, 2.207106781186539468 ) ) ;
#5887 = PLANE ( 'NONE',  #3900 ) ;
#5888 = ORIENTED_EDGE ( 'NONE', *, *, #3166, .T. ) ;
#5889 = CARTESIAN_POINT ( 'NONE',  ( -38.99791512390618919, 15.77738981431040699, 1.085786437626907741 ) ) ;
#5890 = ORIENTED_EDGE ( 'NONE', *, *, #3476, .F. ) ;
#5891 = CARTESIAN_POINT ( 'NONE',  ( -38.80477179574840818, -57.29396090019648824, -10.56914320979654143 ) ) ;
#5892 = EDGE_CURVE ( 'NONE', #2447, #4067, #321, .T. ) ;
#5893 = FACE_OUTER_BOUND ( 'NONE', #380, .T. ) ;
#5894 = ORIENTED_EDGE ( 'NONE', *, *, #1411, .F. ) ;
#5895 = CARTESIAN_POINT ( 'NONE',  ( -38.92307942479828853, -59.90118630252079157, -10.41487452059466001 ) ) ;
#5896 = CARTESIAN_POINT ( 'NONE',  ( -3.819039799497872867, -28.62261018568959514, -26.80000000000001492 ) ) ;
#5897 = EDGE_CURVE ( 'NONE', #2643, #4287, #1667, .T. ) ;
#5898 = ADVANCED_FACE ( 'NONE', ( #8168 ), #2498, .T. ) ;
#5899 = PLANE ( 'NONE',  #8017 ) ;
#5900 = VERTEX_POINT ( 'NONE', #6247 ) ;
#5901 = CARTESIAN_POINT ( 'NONE',  ( -40.29080834271965728, 13.77738981431040699, -14.20710678118654968 ) ) ;
#5902 =( NAMED_UNIT ( * ) PLANE_ANGLE_UNIT ( ) SI_UNIT ( $, .RADIAN. ) );
#5903 = VECTOR ( 'NONE', #4661, 1000.000000000000114 ) ;
#5904 = EDGE_LOOP ( 'NONE', ( #539, #4614, #6105, #4517, #5994, #2720, #8071, #7408, #2416, #4271, #8142, #7495, #6371, #1227 ) ) ;
#5905 = CARTESIAN_POINT ( 'NONE',  ( -7.021661118252657109E-16, -10.52261018568955997, 27.80000000000000071 ) ) ;
#5906 = ADVANCED_FACE ( 'NONE', ( #6417 ), #1869, .T. ) ;
#5907 = EDGE_CURVE ( 'NONE', #478, #6142, #5260, .T. ) ;
#5908 = LINE ( 'NONE', #3317, #1778 ) ;
#5909 = FACE_OUTER_BOUND ( 'NONE', #6520, .T. ) ;
#5910 = CARTESIAN_POINT ( 'NONE',  ( -38.07391500554497554, -26.62261018568959514, -12.71421356237313383 ) ) ;
#5911 = VECTOR ( 'NONE', #6231, 1000.000000000000114 ) ;
#5912 = DIRECTION ( 'NONE',  ( 0.7071067811865504593, 0.000000000000000000, -0.7071067811865446862 ) ) ;
#5913 = ORIENTED_EDGE ( 'NONE', *, *, #8467, .T. ) ;
#5914 = LINE ( 'NONE', #37, #2814 ) ;
#5915 = CARTESIAN_POINT ( 'NONE',  ( -39.99791512390617498, 15.77738981431040699, -13.08578643762690952 ) ) ;
#5916 = CIRCLE ( 'NONE', #6726, 2.000000000000001776 ) ;
#5917 = ORIENTED_EDGE ( 'NONE', *, *, #5431, .T. ) ;
#5918 = ORIENTED_EDGE ( 'NONE', *, *, #6678, .T. ) ;
#5919 = CARTESIAN_POINT ( 'NONE',  ( 0.000000000000000000, -25.62261018568959159, 26.80000000000001492 ) ) ;
#5920 = EDGE_CURVE ( 'NONE', #7163, #1476, #537, .T. ) ;
#5921 = CARTESIAN_POINT ( 'NONE',  ( -37.23327787952290890, -54.46106075038005656, 13.30000000000003091 ) ) ;
#5922 = VECTOR ( 'NONE', #7674, 999.9999999999998863 ) ;
#5923 = EDGE_CURVE ( 'NONE', #3000, #4444, #4618, .T. ) ;
#5924 = EDGE_LOOP ( 'NONE', ( #5786, #8275, #7172, #390 ) ) ;
#5925 = DIRECTION ( 'NONE',  ( 0.000000000000000000, 0.7071067811865474617, 0.7071067811865474617 ) ) ;
#5926 = CARTESIAN_POINT ( 'NONE',  ( -54.45967341942196072, 2.131715627355464271, 27.80000000000000071 ) ) ;
#5927 = CARTESIAN_POINT ( 'NONE',  ( -36.09673970062306125, 13.77738981431038212, -27.21421356237309297 ) ) ;
#5928 = CARTESIAN_POINT ( 'NONE',  ( -36.08612500682080793, -58.54091401648096848, -13.30000000000000959 ) ) ;
#5929 = VERTEX_POINT ( 'NONE', #6837 ) ;
#5930 = ORIENTED_EDGE ( 'NONE', *, *, #5814, .F. ) ;
#5931 = DIRECTION ( 'NONE',  ( 0.000000000000000000, -0.000000000000000000, -1.000000000000000000 ) ) ;
#5932 = ORIENTED_EDGE ( 'NONE', *, *, #5228, .F. ) ;
#5933 = CARTESIAN_POINT ( 'NONE',  ( -66.63123590226842907, -6.471820925021154025, 27.79999999999999005 ) ) ;
#5934 = AXIS2_PLACEMENT_3D ( 'NONE', #1833, #3749, #4945 ) ;
#5935 = ORIENTED_EDGE ( 'NONE', *, *, #7018, .F. ) ;
#5936 = CARTESIAN_POINT ( 'NONE',  ( -39.06746898910603250, -57.66184376949669854, -10.01668415399425172 ) ) ;
#5937 = ORIENTED_EDGE ( 'NONE', *, *, #8144, .T. ) ;
#5938 = CARTESIAN_POINT ( 'NONE',  ( -38.82853941318663260, -59.76879684998269937, -10.54537559235830813 ) ) ;
#5939 = LINE ( 'NONE', #3996, #7744 ) ;
#5940 = VECTOR ( 'NONE', #3038, 1000.000000000000000 ) ;
#5941 = AXIS2_PLACEMENT_3D ( 'NONE', #4946, #5772, #2377 ) ;
#5942 = B_SPLINE_CURVE_WITH_KNOTS ( 'NONE', 3,
 ( #1134, #4424, #8405, #7165 ),
 .UNSPECIFIED., .F., .F.,
 ( 4, 4 ),
 ( 0.000000000000000000, 0.0007146253934852248545 ),
 .UNSPECIFIED. ) ;
#5943 = DIRECTION ( 'NONE',  ( -0.8191520442889911324, -0.5735764363510471586, -7.871638582151768605E-17 ) ) ;
#5944 = VECTOR ( 'NONE', #3316, 1000.000000000000000 ) ;
#5945 = VERTEX_POINT ( 'NONE', #8374 ) ;
#5946 = ORIENTED_EDGE ( 'NONE', *, *, #1927, .T. ) ;
#5947 = VECTOR ( 'NONE', #4791, 1000.000000000000000 ) ;
#5948 = DIRECTION ( 'NONE',  ( 0.000000000000000000, 1.000000000000000000, 0.000000000000000000 ) ) ;
#5949 = EDGE_CURVE ( 'NONE', #8442, #5796, #969, .T. ) ;
#5950 = ORIENTED_EDGE ( 'NONE', *, *, #1007, .T. ) ;
#5951 = DIRECTION ( 'NONE',  ( -0.000000000000000000, -0.000000000000000000, -1.000000000000000000 ) ) ;
#5952 = DIRECTION ( 'NONE',  ( -0.6599369112508958191, -0.7513210187187812084, 1.387778780781445429E-16 ) ) ;
#5953 = LINE ( 'NONE', #3237, #6252 ) ;
#5954 = CARTESIAN_POINT ( 'NONE',  ( -60.45967341942196072, 1.300871594449326318, -12.49999999999998757 ) ) ;
#5955 = CARTESIAN_POINT ( 'NONE',  ( -41.41212868627932409, 14.77738981431039100, 13.49999999999999822 ) ) ;
#5956 = EDGE_LOOP ( 'NONE', ( #3965, #5326, #6702, #4795 ) ) ;
#5957 = CARTESIAN_POINT ( 'NONE',  ( -41.41212868627928856, 15.77738981431040699, 17.49999999999999645 ) ) ;
#5958 = EDGE_CURVE ( 'NONE', #2457, #2140, #7095, .T. ) ;
#5959 = ADVANCED_FACE ( 'NONE', ( #4816 ), #1579, .T. ) ;
#5960 = DIRECTION ( 'NONE',  ( 0.000000000000000000, 0.7071067811865500152, 0.7071067811865451302 ) ) ;
#5961 = ORIENTED_EDGE ( 'NONE', *, *, #4274, .T. ) ;
#5962 = VECTOR ( 'NONE', #6368, 1000.000000000000000 ) ;
#5963 = ORIENTED_EDGE ( 'NONE', *, *, #2135, .F. ) ;
#5964 = DIRECTION ( 'NONE',  ( 0.7071067811865477948, -7.372771659631057485E-17, -0.7071067811865472397 ) ) ;
#5965 = DIRECTION ( 'NONE',  ( 0.000000000000000000, 1.000000000000000000, 0.000000000000000000 ) ) ;
#5966 = AXIS2_PLACEMENT_3D ( 'NONE', #7171, #1306, #7287 ) ;
#5967 = ORIENTED_EDGE ( 'NONE', *, *, #4650, .T. ) ;
#5968 = CYLINDRICAL_SURFACE ( 'NONE', #1317, 0.9999999999999991118 ) ;
#5969 = CARTESIAN_POINT ( 'NONE',  ( -50.45967341942196072, 3.187440320649923109, 27.80000000000000426 ) ) ;
#5970 = AXIS2_PLACEMENT_3D ( 'NONE', #4255, #400, #3007 ) ;
#5971 = CARTESIAN_POINT ( 'NONE',  ( -40.45967341942191808, 6.767778374742815295, -48.87167408952667813 ) ) ;
#5972 = EDGE_CURVE ( 'NONE', #8436, #862, #2492, .T. ) ;
#5973 = CARTESIAN_POINT ( 'NONE',  ( 50.92608499445506709, -11.35103731043577824, -25.80000000000000426 ) ) ;
#5974 = ORIENTED_EDGE ( 'NONE', *, *, #3382, .F. ) ;
#5975 = VECTOR ( 'NONE', #4099, 1000.000000000000000 ) ;
#5976 = ORIENTED_EDGE ( 'NONE', *, *, #2226, .F. ) ;
#5977 = CARTESIAN_POINT ( 'NONE',  ( -37.32088208870584367, -56.20612995725722527, 12.05094012716571861 ) ) ;
#5978 = CIRCLE ( 'NONE', #1046, 1.000000000000000888 ) ;
#5979 = EDGE_LOOP ( 'NONE', ( #7445, #5967, #4873, #6133 ) ) ;
#5980 = DIRECTION ( 'NONE',  ( -6.672927148628874909E-17, -1.000000000000000000, 0.000000000000000000 ) ) ;
#5981 = VERTEX_POINT ( 'NONE', #7258 ) ;
#5982 = DIRECTION ( 'NONE',  ( -1.000000000000000000, 0.000000000000000000, 0.000000000000000000 ) ) ;
#5983 = VERTEX_POINT ( 'NONE', #700 ) ;
#5984 = VECTOR ( 'NONE', #8314, 1000.000000000000114 ) ;
#5985 = CARTESIAN_POINT ( 'NONE',  ( -3.819039799497872867, -25.62261018568955251, 12.29999999999999538 ) ) ;
#5986 = DIRECTION ( 'NONE',  ( -0.000000000000000000, 1.000000000000000000, -0.000000000000000000 ) ) ;
#5987 = VECTOR ( 'NONE', #3809, 1000.000000000000114 ) ;
#5988 = EDGE_CURVE ( 'NONE', #5214, #6585, #3913, .T. ) ;
#5989 = VECTOR ( 'NONE', #4999, 1000.000000000000000 ) ;
#5990 = CARTESIAN_POINT ( 'NONE',  ( -36.30645759615187274, 31.89045812311326600, 3.500000000000010214 ) ) ;
#5991 = VERTEX_POINT ( 'NONE', #5204 ) ;
#5992 = VECTOR ( 'NONE', #2624, 1000.000000000000000 ) ;
#5993 = CARTESIAN_POINT ( 'NONE',  ( -50.45967341942196072, -21.62261018568959159, 27.80000000000000071 ) ) ;
#5994 = ORIENTED_EDGE ( 'NONE', *, *, #6604, .T. ) ;
#5995 = CARTESIAN_POINT ( 'NONE',  ( -54.45967341942196072, 2.131715627355464271, 2.500000000000001332 ) ) ;
#5996 = DIRECTION ( 'NONE',  ( -0.7071067811865450192, 0.7071067811865500152, 0.000000000000000000 ) ) ;
#5997 = ADVANCED_FACE ( 'NONE', ( #4518 ), #7096, .F. ) ;
#5998 = CARTESIAN_POINT ( 'NONE',  ( -44.24839094739824219, -59.37309580189981517, -13.30000000000005755 ) ) ;
#5999 = AXIS2_PLACEMENT_3D ( 'NONE', #5534, #3556, #6862 ) ;
#6000 = DIRECTION ( 'NONE',  ( 0.000000000000000000, 1.000000000000000000, 0.000000000000000000 ) ) ;
#6001 = ORIENTED_EDGE ( 'NONE', *, *, #3662, .T. ) ;
#6002 = CARTESIAN_POINT ( 'NONE',  ( -41.41212868627932409, 15.77738981431040699, -2.500000000000001332 ) ) ;
#6003 = CARTESIAN_POINT ( 'NONE',  ( -54.45967341942196072, 2.131715627355464271, 27.80000000000000071 ) ) ;
#6004 = ORIENTED_EDGE ( 'NONE', *, *, #3527, .T. ) ;
#6005 = CIRCLE ( 'NONE', #5174, 0.9999999999999991118 ) ;
#6006 = ORIENTED_EDGE ( 'NONE', *, *, #3008, .T. ) ;
#6007 = LINE ( 'NONE', #813, #8393 ) ;
#6008 = CARTESIAN_POINT ( 'NONE',  ( -51.50055716134377093, 13.07707437056489397, 27.80000000000000071 ) ) ;
#6009 = EDGE_CURVE ( 'NONE', #6142, #3702, #4679, .T. ) ;
#6010 = EDGE_CURVE ( 'NONE', #1089, #8321, #663, .T. ) ;
#6011 = ORIENTED_EDGE ( 'NONE', *, *, #5375, .F. ) ;
#6012 = DIRECTION ( 'NONE',  ( 0.000000000000000000, 0.000000000000000000, 1.000000000000000000 ) ) ;
#6013 = LINE ( 'NONE', #5969, #1708 ) ;
#6014 = VECTOR ( 'NONE', #584, 1000.000000000000000 ) ;
#6015 = DIRECTION ( 'NONE',  ( -0.4999999999999911737, -0.7071067811865479058, 0.5000000000000082157 ) ) ;
#6016 = CARTESIAN_POINT ( 'NONE',  ( -35.28252613824998463, 14.77738981431041232, -23.57157287525380340 ) ) ;
#6017 = VERTEX_POINT ( 'NONE', #3262 ) ;
#6018 = CARTESIAN_POINT ( 'NONE',  ( 47.92608499445506709, -25.62261018568959159, 27.80000000000000071 ) ) ;
#6019 = ORIENTED_EDGE ( 'NONE', *, *, #1284, .F. ) ;
#6020 = LINE ( 'NONE', #3954, #5732 ) ;
#6021 = EDGE_CURVE ( 'NONE', #5380, #7759, #1953, .T. ) ;
#6022 = ADVANCED_FACE ( 'NONE', ( #7778 ), #746, .T. ) ;
#6023 = ORIENTED_EDGE ( 'NONE', *, *, #611, .T. ) ;
#6024 = CARTESIAN_POINT ( 'NONE',  ( -36.70057888286591918, -55.33744599874502512, -12.29929813579035347 ) ) ;
#6025 = DIRECTION ( 'NONE',  ( 0.000000000000000000, 0.000000000000000000, 1.000000000000000000 ) ) ;
#6026 = CARTESIAN_POINT ( 'NONE',  ( 49.92608499445507420, -22.62261018568959514, -27.80000000000000071 ) ) ;
#6027 = ORIENTED_EDGE ( 'NONE', *, *, #6341, .T. ) ;
#6028 = LINE ( 'NONE', #2172, #4484 ) ;
#6029 = ORIENTED_EDGE ( 'NONE', *, *, #3165, .F. ) ;
#6030 = DIRECTION ( 'NONE',  ( -0.7071067811865496822, 0.4999999999999966138, -0.5000000000000003331 ) ) ;
#6031 = ADVANCED_FACE ( 'NONE', ( #2710 ), #7177, .T. ) ;
#6032 = CARTESIAN_POINT ( 'NONE',  ( -46.60920644654360956, 18.64575001107217389, 13.49999999999999822 ) ) ;
#6033 = ORIENTED_EDGE ( 'NONE', *, *, #6323, .F. ) ;
#6034 = DIRECTION ( 'NONE',  ( -1.000000000000000000, 0.000000000000000000, 0.000000000000000000 ) ) ;
#6035 = CARTESIAN_POINT ( 'NONE',  ( -39.48812856791805359, -26.62261018568959514, 11.30000000000001670 ) ) ;
#6036 = CARTESIAN_POINT ( 'NONE',  ( -39.07391500554492580, 1.356703884706134746E-15, -9.885786437626908452 ) ) ;
#6037 = LINE ( 'NONE', #2058, #5903 ) ;
#6038 = ORIENTED_EDGE ( 'NONE', *, *, #1035, .F. ) ;
#6039 = DIRECTION ( 'NONE',  ( -0.7071067811865500152, -0.7071067811865450192, 0.000000000000000000 ) ) ;
#6040 = CARTESIAN_POINT ( 'NONE',  ( 47.92608499445506709, -9.108396623316476592, 26.38578643762690490 ) ) ;
#6041 = EDGE_CURVE ( 'NONE', #2325, #14, #1916, .T. ) ;
#6042 = LINE ( 'NONE', #4668, #4824 ) ;
#6043 = CARTESIAN_POINT ( 'NONE',  ( 47.92608499445506709, -22.62261018568959514, -12.30000000000000959 ) ) ;
#6044 = CIRCLE ( 'NONE', #8238, 5.999999999999998224 ) ;
#6045 = EDGE_LOOP ( 'NONE', ( #8224, #3241, #3196, #4079, #8113 ) ) ;
#6046 = DIRECTION ( 'NONE',  ( -9.158464420884415348E-17, -1.042667367333023879E-16, -1.000000000000000000 ) ) ;
#6047 = LINE ( 'NONE', #4672, #596 ) ;
#6048 = CARTESIAN_POINT ( 'NONE',  ( 15.65556682763982366, -24.62261018568959869, -27.80000000000000071 ) ) ;
#6049 = CARTESIAN_POINT ( 'NONE',  ( -62.45967341942196072, -4.471820925021154025, 26.80000000000001847 ) ) ;
#6050 = ADVANCED_FACE ( 'NONE', ( #3390 ), #1359, .T. ) ;
#6051 = ORIENTED_EDGE ( 'NONE', *, *, #8104, .F. ) ;
#6052 = CARTESIAN_POINT ( 'NONE',  ( -36.91517191782796203, -55.63795493915499435, 12.26708797704904974 ) ) ;
#6053 = ORIENTED_EDGE ( 'NONE', *, *, #2848, .F. ) ;
#6054 = CARTESIAN_POINT ( 'NONE',  ( -45.13984960500783927, -56.92383326974012903, -26.80000000000001492 ) ) ;
#6055 = ORIENTED_EDGE ( 'NONE', *, *, #2995, .F. ) ;
#6056 = CARTESIAN_POINT ( 'NONE',  ( -10.23198938134492053, -26.62261018568959514, -40.55613918657338957 ) ) ;
#6057 = DIRECTION ( 'NONE',  ( -0.7071067811865450192, 0.000000000000000000, 0.7071067811865500152 ) ) ;
#6058 = DIRECTION ( 'NONE',  ( 0.7513210187187812084, -0.6599369112508958191, 0.000000000000000000 ) ) ;
#6059 = EDGE_CURVE ( 'NONE', #7037, #305, #6020, .T. ) ;
#6060 = ORIENTED_EDGE ( 'NONE', *, *, #7018, .T. ) ;
#6061 = B_SPLINE_CURVE_WITH_KNOTS ( 'NONE', 3,
 ( #162, #7316, #1504, #1459 ),
 .UNSPECIFIED., .F., .F.,
 ( 4, 4 ),
 ( 0.000000000000000000, 1.000000000000000000 ),
 .UNSPECIFIED. ) ;
#6062 = EDGE_CURVE ( 'NONE', #5503, #2491, #2038, .T. ) ;
#6063 = DIRECTION ( 'NONE',  ( -0.4999999999999934497, -0.7071067811865455743, 0.5000000000000093259 ) ) ;
#6064 = VECTOR ( 'NONE', #3670, 1000.000000000000000 ) ;
#6065 = DIRECTION ( 'NONE',  ( 0.000000000000000000, 0.000000000000000000, 1.000000000000000000 ) ) ;
#6066 = ORIENTED_EDGE ( 'NONE', *, *, #3859, .T. ) ;
#6067 = CARTESIAN_POINT ( 'NONE',  ( -49.45967341942196072, -21.62261018568959159, 27.80000000000000071 ) ) ;
#6068 = VECTOR ( 'NONE', #6376, 1000.000000000000114 ) ;
#6069 = CARTESIAN_POINT ( 'NONE',  ( -41.41212868627928856, 13.77738981431040699, 17.49999999999999645 ) ) ;
#6070 = EDGE_CURVE ( 'NONE', #4769, #6718, #6574, .T. ) ;
#6071 = CIRCLE ( 'NONE', #5521, 15.00000000000000000 ) ;
#6072 = VECTOR ( 'NONE', #6761, 999.9999999999998863 ) ;
#6073 = DIRECTION ( 'NONE',  ( -1.000000000000000000, 6.672927148628873676E-17, -0.000000000000000000 ) ) ;
#6074 = DIRECTION ( 'NONE',  ( -1.000000000000000000, 0.000000000000000000, 0.000000000000000000 ) ) ;
#6075 = DIRECTION ( 'NONE',  ( 0.000000000000000000, -0.000000000000000000, -1.000000000000000000 ) ) ;
#6076 = VECTOR ( 'NONE', #987, 1000.000000000000000 ) ;
#6077 = DIRECTION ( 'NONE',  ( -1.000000000000000000, 0.000000000000000000, 0.000000000000000000 ) ) ;
#6078 = ORIENTED_EDGE ( 'NONE', *, *, #456, .F. ) ;
#6079 = AXIS2_PLACEMENT_3D ( 'NONE', #2975, #3828, #7567 ) ;
#6080 = DIRECTION ( 'NONE',  ( 0.000000000000000000, 0.000000000000000000, -1.000000000000000000 ) ) ;
#6081 = PLANE ( 'NONE',  #1322 ) ;
#6082 = EDGE_CURVE ( 'NONE', #2481, #5361, #4031, .T. ) ;
#6083 = ORIENTED_EDGE ( 'NONE', *, *, #6806, .F. ) ;
#6084 = CARTESIAN_POINT ( 'NONE',  ( -40.70502190509274243, 13.77738981431040699, 2.207106781186543021 ) ) ;
#6085 = CARTESIAN_POINT ( 'NONE',  ( -41.41212868627928856, 15.77738981431040699, 1.499999999999998446 ) ) ;
#6086 = ORIENTED_EDGE ( 'NONE', *, *, #1759, .T. ) ;
#6087 = VECTOR ( 'NONE', #5925, 1000.000000000000114 ) ;
#6088 = DIRECTION ( 'NONE',  ( -1.000000000000000000, -1.080439744154498050E-16, 0.000000000000000000 ) ) ;
#6089 = CARTESIAN_POINT ( 'NONE',  ( -37.51095326299616062, 15.77738981431040699, 25.80000000000000426 ) ) ;
#6090 = VECTOR ( 'NONE', #7869, 1000.000000000000000 ) ;
#6091 = DIRECTION ( 'NONE',  ( 0.000000000000000000, 0.000000000000000000, 1.000000000000000000 ) ) ;
#6092 = DIRECTION ( 'NONE',  ( 0.7513210187187813194, -0.6599369112508957080, 0.000000000000000000 ) ) ;
#6093 = EDGE_LOOP ( 'NONE', ( #527, #2862, #4688, #4367 ) ) ;
#6094 = CARTESIAN_POINT ( 'NONE',  ( -49.58644214651556581, 4.474885155929374747, -27.80000000000000071 ) ) ;
#6095 = EDGE_LOOP ( 'NONE', ( #4628, #4538, #5930, #6777 ) ) ;
#6096 = VECTOR ( 'NONE', #858, 1000.000000000000000 ) ;
#6097 = DIRECTION ( 'NONE',  ( 0.000000000000000000, 0.000000000000000000, 1.000000000000000000 ) ) ;
#6098 = VECTOR ( 'NONE', #1614, 1000.000000000000000 ) ;
#6099 = ORIENTED_EDGE ( 'NONE', *, *, #1534, .F. ) ;
#6100 = EDGE_CURVE ( 'NONE', #5991, #4351, #788, .T. ) ;
#6101 = CYLINDRICAL_SURFACE ( 'NONE', #2349, 0.9999999999999991118 ) ;
#6102 = EDGE_LOOP ( 'NONE', ( #1436, #597, #1001, #5201 ) ) ;
#6103 = CARTESIAN_POINT ( 'NONE',  ( -50.99419355409038701, 12.07707437056488509, 13.49999999999999822 ) ) ;
#6104 = CARTESIAN_POINT ( 'NONE',  ( 49.92608499445506709, -11.35103731043577469, -14.30000000000000782 ) ) ;
#6105 = ORIENTED_EDGE ( 'NONE', *, *, #41, .T. ) ;
#6106 = AXIS2_PLACEMENT_3D ( 'NONE', #3068, #5701, #6846 ) ;
#6107 = AXIS2_PLACEMENT_3D ( 'NONE', #2030, #4636, #9 ) ;
#6108 = CARTESIAN_POINT ( 'NONE',  ( -55.31229685597797641, -28.62261018568959514, -26.80000000000001492 ) ) ;
#6109 = VECTOR ( 'NONE', #7452, 1000.000000000000114 ) ;
#6110 = CARTESIAN_POINT ( 'NONE',  ( -48.87933536532903389, 4.767778374742815295, -27.80000000000000071 ) ) ;
#6111 = CONICAL_SURFACE ( 'NONE', #7889, 1.000000000000014655, 0.7853981633974439491 ) ;
#6112 = ORIENTED_EDGE ( 'NONE', *, *, #5641, .F. ) ;
#6113 = EDGE_CURVE ( 'NONE', #5393, #5805, #7418, .T. ) ;
#6114 = CARTESIAN_POINT ( 'NONE',  ( 7.051920282374118720, -28.33532952135472982, -13.29999999999999183 ) ) ;
#6115 = AXIS2_PLACEMENT_3D ( 'NONE', #6515, #4500, #7116 ) ;
#6116 = EDGE_CURVE ( 'NONE', #555, #3000, #304, .T. ) ;
#6117 = CARTESIAN_POINT ( 'NONE',  ( -47.23758846049647531, 13.77738981431040699, -2.500000000000000000 ) ) ;
#6118 = LINE ( 'NONE', #2634, #2391 ) ;
#6119 = AXIS2_PLACEMENT_3D ( 'NONE', #5377, #8030, #1571 ) ;
#6120 = DIRECTION ( 'NONE',  ( 0.6336872742246399959, 0.4437126062796577508, 0.6336872742246441037 ) ) ;
#6121 = LINE ( 'NONE', #6162, #5329 ) ;
#6122 = DIRECTION ( 'NONE',  ( 0.8191520442889910214, 0.5735764363510471586, 7.871638582151769837E-17 ) ) ;
#6123 = EDGE_CURVE ( 'NONE', #1616, #697, #5494, .T. ) ;
#6124 = DIRECTION ( 'NONE',  ( -6.672927148628873676E-17, -1.000000000000000000, 0.000000000000000000 ) ) ;
#6125 = EDGE_LOOP ( 'NONE', ( #675, #3850, #5937, #7261 ) ) ;
#6126 = DIRECTION ( 'NONE',  ( -0.000000000000000000, 1.000000000000000000, -0.000000000000000000 ) ) ;
#6127 = LINE ( 'NONE', #1416, #6784 ) ;
#6128 = ORIENTED_EDGE ( 'NONE', *, *, #7954, .F. ) ;
#6129 = CYLINDRICAL_SURFACE ( 'NONE', #1015, 15.00000000000000000 ) ;
#6130 = AXIS2_PLACEMENT_3D ( 'NONE', #1219, #8363, #1132 ) ;
#6131 = DIRECTION ( 'NONE',  ( -0.000000000000000000, -1.372378306233987934E-16, 1.000000000000000000 ) ) ;
#6132 = CARTESIAN_POINT ( 'NONE',  ( -40.64749144189604380, -56.85171882381155939, -9.885786437626917333 ) ) ;
#6133 = ORIENTED_EDGE ( 'NONE', *, *, #92, .F. ) ;
#6134 = DIRECTION ( 'NONE',  ( 0.000000000000000000, 0.7071067811865451302, -0.7071067811865500152 ) ) ;
#6135 = PLANE ( 'NONE',  #5678 ) ;
#6136 = EDGE_CURVE ( 'NONE', #6349, #7257, #5444, .T. ) ;
#6137 = CARTESIAN_POINT ( 'NONE',  ( -36.65970144317183355, -57.72176197219197036, -12.30000000000001492 ) ) ;
#6138 = AXIS2_PLACEMENT_3D ( 'NONE', #2486, #5102, #7725 ) ;
#6139 = DIRECTION ( 'NONE',  ( -0.000000000000000000, -1.000000000000000000, 0.000000000000000000 ) ) ;
#6140 = ORIENTED_EDGE ( 'NONE', *, *, #5814, .T. ) ;
#6141 = CARTESIAN_POINT ( 'NONE',  ( -50.45967341942196072, 0.000000000000000000, 27.80000000000000071 ) ) ;
#6142 = VERTEX_POINT ( 'NONE', #5455 ) ;
#6143 = DIRECTION ( 'NONE',  ( -0.7071067811865375807, 7.372771659631164721E-17, 0.7071067811865574537 ) ) ;
#6144 = AXIS2_PLACEMENT_3D ( 'NONE', #4910, #1798, #6338 ) ;
#6145 = VERTEX_POINT ( 'NONE', #6821 ) ;
#6146 = CARTESIAN_POINT ( 'NONE',  ( -36.97067199528667913, -55.71567080502626368, -12.25056038517893420 ) ) ;
#6147 = EDGE_LOOP ( 'NONE', ( #7716, #3912, #6225, #6654 ) ) ;
#6148 = CARTESIAN_POINT ( 'NONE',  ( -52.25187818006254759, 13.73701128181578035, 12.49999999999998757 ) ) ;
#6149 = LINE ( 'NONE', #228, #4721 ) ;
#6150 = EDGE_LOOP ( 'NONE', ( #4385, #2233, #5074, #7799 ) ) ;
#6151 = EDGE_CURVE ( 'NONE', #7759, #3202, #523, .T. ) ;
#6152 = FACE_OUTER_BOUND ( 'NONE', #6223, .T. ) ;
#6153 = ORIENTED_EDGE ( 'NONE', *, *, #1450, .T. ) ;
#6154 = DIRECTION ( 'NONE',  ( -0.000000000000000000, 1.000000000000000000, 1.372378306233987934E-16 ) ) ;
#6155 = ORIENTED_EDGE ( 'NONE', *, *, #6194, .T. ) ;
#6156 = DIRECTION ( 'NONE',  ( -6.672927148628874909E-17, -1.000000000000000000, 0.000000000000000000 ) ) ;
#6157 = CARTESIAN_POINT ( 'NONE',  ( -59.72988597684203427, 2.131715627355469156, -2.770212557420092203 ) ) ;
#6158 = CARTESIAN_POINT ( 'NONE',  ( -52.25187818006254759, 13.73701128181578035, -27.80000000000000071 ) ) ;
#6159 = EDGE_CURVE ( 'NONE', #5273, #3851, #6696, .T. ) ;
#6160 = ADVANCED_FACE ( 'NONE', ( #2200 ), #3238, .T. ) ;
#6161 = DIRECTION ( 'NONE',  ( -0.000000000000000000, -0.7071067811865451302, 0.7071067811865500152 ) ) ;
#6162 = CARTESIAN_POINT ( 'NONE',  ( -47.74395206774986633, 15.77738981431040699, -3.500000000000013767 ) ) ;
#6163 = CARTESIAN_POINT ( 'NONE',  ( -3.819039799497872867, -28.62261018568959514, 12.29999999999999538 ) ) ;
#6164 = LINE ( 'NONE', #972, #25 ) ;
#6165 = ORIENTED_EDGE ( 'NONE', *, *, #5350, .F. ) ;
#6166 = CARTESIAN_POINT ( 'NONE',  ( -39.99791512390623893, 15.77738981431040699, -18.91421356237313134 ) ) ;
#6167 = FACE_OUTER_BOUND ( 'NONE', #7348, .T. ) ;
#6168 = EDGE_CURVE ( 'NONE', #5002, #359, #2909, .T. ) ;
#6169 = EDGE_CURVE ( 'NONE', #4702, #8315, #7354, .T. ) ;
#6170 = EDGE_LOOP ( 'NONE', ( #3296, #314, #1394, #6183 ) ) ;
#6171 = CARTESIAN_POINT ( 'NONE',  ( -39.09055341370380887, -60.64463743499182158, -11.10576663000281883 ) ) ;
#6172 = LINE ( 'NONE', #5522, #114 ) ;
#6173 = LINE ( 'NONE', #6575, #2548 ) ;
#6174 = EDGE_LOOP ( 'NONE', ( #5322, #5778, #7902, #5660 ) ) ;
#6175 = CARTESIAN_POINT ( 'NONE',  ( -36.91898437051499116, -58.08486569270148436, 12.26801657730936057 ) ) ;
#6176 = DIRECTION ( 'NONE',  ( -1.000000000000000000, 0.000000000000000000, 9.158464420884415348E-17 ) ) ;
#6177 = DIRECTION ( 'NONE',  ( 0.000000000000000000, 0.7071067811865500152, 0.7071067811865450192 ) ) ;
#6178 = ORIENTED_EDGE ( 'NONE', *, *, #1463, .F. ) ;
#6179 = CARTESIAN_POINT ( 'NONE',  ( -62.45967341942196072, -5.471820925021146920, 27.80000000000000071 ) ) ;
#6180 = ADVANCED_FACE ( 'NONE', ( #3426 ), #4114, .T. ) ;
#6181 = VERTEX_POINT ( 'NONE', #6054 ) ;
#6182 = CARTESIAN_POINT ( 'NONE',  ( -36.77334587944757516, -55.43936084682705712, 12.29353885191501305 ) ) ;
#6183 = ORIENTED_EDGE ( 'NONE', *, *, #8422, .F. ) ;
#6184 = EDGE_CURVE ( 'NONE', #6736, #702, #7464, .T. ) ;
#6185 = CARTESIAN_POINT ( 'NONE',  ( -39.07391500554492580, -57.67087702013632367, 9.950990915099380274 ) ) ;
#6186 = ORIENTED_EDGE ( 'NONE', *, *, #8159, .T. ) ;
#6187 = DIRECTION ( 'NONE',  ( -1.000000000000000000, 0.000000000000000000, 0.000000000000000000 ) ) ;
#6188 = ORIENTED_EDGE ( 'NONE', *, *, #1199, .T. ) ;
#6189 = CARTESIAN_POINT ( 'NONE',  ( 50.92608499445506709, -22.62261018568959514, -26.80000000000001492 ) ) ;
#6190 = CYLINDRICAL_SURFACE ( 'NONE', #3486, 2.000000000000001776 ) ;
#6191 = VECTOR ( 'NONE', #2832, 1000.000000000000000 ) ;
#6192 = ORIENTED_EDGE ( 'NONE', *, *, #5752, .F. ) ;
#6193 = DIRECTION ( 'NONE',  ( 0.000000000000000000, 0.000000000000000000, 1.000000000000000000 ) ) ;
#6194 = EDGE_CURVE ( 'NONE', #7424, #6403, #263, .T. ) ;
#6195 = CARTESIAN_POINT ( 'NONE',  ( -39.07391500554492580, 5.536000648959316095, 12.29999999999999893 ) ) ;
#6196 = ORIENTED_EDGE ( 'NONE', *, *, #8322, .F. ) ;
#6197 = PLANE ( 'NONE',  #1055 ) ;
#6198 = CARTESIAN_POINT ( 'NONE',  ( 47.92608499445506709, -24.62261018568959869, -27.80000000000000071 ) ) ;
#6199 = DIRECTION ( 'NONE',  ( -1.000000000000000000, 0.000000000000000000, 0.000000000000000000 ) ) ;
#6200 = CARTESIAN_POINT ( 'NONE',  ( -8.558236687407895005, -38.04490451547152219, 12.29999999999999361 ) ) ;
#6201 = CARTESIAN_POINT ( 'NONE',  ( -37.16085181309603769, -55.98203132826412798, -12.16783180230139827 ) ) ;
#6202 = VECTOR ( 'NONE', #2198, 1000.000000000000000 ) ;
#6203 = LINE ( 'NONE', #2930, #224 ) ;
#6204 = CARTESIAN_POINT ( 'NONE',  ( 49.92608499445506709, -11.35103731043577469, 12.29999999999999716 ) ) ;
#6205 = EDGE_CURVE ( 'NONE', #3943, #4732, #4077, .T. ) ;
#6206 = ORIENTED_EDGE ( 'NONE', *, *, #4167, .F. ) ;
#6207 = LINE ( 'NONE', #8308, #1878 ) ;
#6208 = VERTEX_POINT ( 'NONE', #4204 ) ;
#6209 = CARTESIAN_POINT ( 'NONE',  ( 6.478343846023073560, -27.51617747706574235, 27.80000000000000071 ) ) ;
#6210 = AXIS2_PLACEMENT_3D ( 'NONE', #5442, #3374, #5399 ) ;
#6211 = EDGE_LOOP ( 'NONE', ( #59, #5747, #495, #3878 ) ) ;
#6212 = FACE_OUTER_BOUND ( 'NONE', #2956, .T. ) ;
#6213 = VECTOR ( 'NONE', #4577, 1000.000000000000000 ) ;
#6214 = CARTESIAN_POINT ( 'NONE',  ( -38.91455213156702797, -60.52140001050508289, 11.29999999999997584 ) ) ;
#6215 = DIRECTION ( 'NONE',  ( -0.000000000000000000, -0.000000000000000000, -1.000000000000000000 ) ) ;
#6216 = EDGE_LOOP ( 'NONE', ( #4282, #6760, #7098, #4520 ) ) ;
#6217 = CARTESIAN_POINT ( 'NONE',  ( -3.819039799497872867, -28.62261018568959514, -12.30000000000001137 ) ) ;
#6218 = EDGE_CURVE ( 'NONE', #1060, #4640, #1763, .T. ) ;
#6219 = CARTESIAN_POINT ( 'NONE',  ( -49.45967341942196072, -22.62261018568959514, 27.80000000000000071 ) ) ;
#6220 = EDGE_CURVE ( 'NONE', #5002, #4603, #7091, .T. ) ;
#6221 = CARTESIAN_POINT ( 'NONE',  ( -45.13984960500783927, -56.92383326974012903, 26.79999999999998650 ) ) ;
#6222 = CARTESIAN_POINT ( 'NONE',  ( -37.51095326299616772, 13.77738981431037679, -27.80000000000000071 ) ) ;
#6223 = EDGE_LOOP ( 'NONE', ( #1918, #608, #2281, #4772 ) ) ;
#6224 = DIRECTION ( 'NONE',  ( 0.000000000000000000, 1.000000000000000000, -8.673617379884034239E-17 ) ) ;
#6225 = ORIENTED_EDGE ( 'NONE', *, *, #8467, .F. ) ;
#6226 = DIRECTION ( 'NONE',  ( -1.487873981414434062E-32, -1.000000000000000000, 1.042667367333024002E-16 ) ) ;
#6227 = ORIENTED_EDGE ( 'NONE', *, *, #6928, .T. ) ;
#6228 = DIRECTION ( 'NONE',  ( 0.7071067811865452413, 0.000000000000000000, 0.7071067811865499042 ) ) ;
#6229 = EDGE_CURVE ( 'NONE', #1030, #6420, #1628, .T. ) ;
#6230 = EDGE_LOOP ( 'NONE', ( #7365, #4718, #6319, #4161, #2006, #5791, #7804, #3303, #8348, #6408, #4470, #5193, #1942, #4355 ) ) ;
#6231 = DIRECTION ( 'NONE',  ( 0.000000000000000000, 0.7071067811865474617, -0.7071067811865474617 ) ) ;
#6232 = DIRECTION ( 'NONE',  ( -1.000000000000000000, 0.000000000000000000, 0.000000000000000000 ) ) ;
#6233 = B_SPLINE_SURFACE_WITH_KNOTS ( 'NONE', 1, 3, ( 
 ( #5716, #5580, #5622, #7546, #1731, #341, #427, #6311, #2401, #3035 ),
 ( #2950, #8192, #1812, #4336, #2480, #4245, #1039, #2324, #3639, #5755 ) ),
 .UNSPECIFIED., .F., .F., .F.,
 ( 2, 2 ),
 ( 4, 2, 2, 2, 4 ),
 ( 0.000000000000000000, 1.000000000000000000 ),
 ( -0.7853981633974411736, -0.5890486225480808802, -0.3926990816987205868, -0.1963495408493602934, 0.000000000000000000 ),
 .UNSPECIFIED. ) ;
#6234 = ORIENTED_EDGE ( 'NONE', *, *, #3475, .T. ) ;
#6235 = PRODUCT_DEFINITION ( 'UNKNOWN', '', #1883, #7170 ) ;
#6236 = VECTOR ( 'NONE', #696, 1000.000000000000114 ) ;
#6237 = VECTOR ( 'NONE', #707, 1000.000000000000000 ) ;
#6238 = LINE ( 'NONE', #8249, #3656 ) ;
#6239 = ORIENTED_EDGE ( 'NONE', *, *, #3108, .F. ) ;
#6240 = CARTESIAN_POINT ( 'NONE',  ( -38.99791512390618919, 15.77738981431040699, 17.08578643762690774 ) ) ;
#6241 = CARTESIAN_POINT ( 'NONE',  ( -53.31229685597797641, -26.62261018568959514, -27.80000000000000071 ) ) ;
#6242 = AXIS2_PLACEMENT_3D ( 'NONE', #2660, #6449, #3905 ) ;
#6243 = EDGE_CURVE ( 'NONE', #6910, #6565, #4335, .T. ) ;
#6244 = LINE ( 'NONE', #5469, #196 ) ;
#6245 = AXIS2_PLACEMENT_3D ( 'NONE', #7048, #3177, #5808 ) ;
#6246 = VECTOR ( 'NONE', #4090, 1000.000000000000000 ) ;
#6247 = CARTESIAN_POINT ( 'NONE',  ( -37.51095326299616062, 15.77738981431040699, 26.80000000000001847 ) ) ;
#6248 = AXIS2_PLACEMENT_3D ( 'NONE', #8002, #7963, #768 ) ;
#6249 = CARTESIAN_POINT ( 'NONE',  ( -41.41212868627928856, 15.77738981431040699, 1.499999999999998446 ) ) ;
#6250 = CARTESIAN_POINT ( 'NONE',  ( -37.45582845424872431, -59.25810633206343425, -12.47851130197767766 ) ) ;
#6251 = DIRECTION ( 'NONE',  ( 1.000000000000000000, 0.000000000000000000, 0.000000000000000000 ) ) ;
#6252 = VECTOR ( 'NONE', #5219, 1000.000000000000000 ) ;
#6253 = EDGE_LOOP ( 'NONE', ( #2837, #444, #5407, #1256 ) ) ;
#6254 = SURFACE_SIDE_STYLE ('',( #3622 ) ) ;
#6255 = ORIENTED_EDGE ( 'NONE', *, *, #5383, .F. ) ;
#6256 = DIRECTION ( 'NONE',  ( 0.000000000000000000, 1.000000000000000000, -1.042667367333023879E-16 ) ) ;
#6257 = CARTESIAN_POINT ( 'NONE',  ( -2.098310490444716958, -31.08006631855658597, 27.80000000000000071 ) ) ;
#6258 = EDGE_CURVE ( 'NONE', #2033, #7471, #7552, .T. ) ;
#6259 = VECTOR ( 'NONE', #2181, 1000.000000000000000 ) ;
#6260 = DIRECTION ( 'NONE',  ( 0.3420201433256697676, -0.9396926207859080948, 0.000000000000000000 ) ) ;
#6261 = DIRECTION ( 'NONE',  ( 0.000000000000000000, 0.000000000000000000, 1.000000000000000000 ) ) ;
#6262 = VERTEX_POINT ( 'NONE', #8197 ) ;
#6263 = CARTESIAN_POINT ( 'NONE',  ( -37.08842574659568925, -59.24273255002452032, 13.03566360465187657 ) ) ;
#6264 = PLANE ( 'NONE',  #3059 ) ;
#6265 = VERTEX_POINT ( 'NONE', #5627 ) ;
#6266 = DIRECTION ( 'NONE',  ( 1.000000000000000000, 0.000000000000000000, 0.000000000000000000 ) ) ;
#6267 = AXIS2_PLACEMENT_3D ( 'NONE', #2677, #5303, #4126 ) ;
#6268 = CARTESIAN_POINT ( 'NONE',  ( -47.74395206774986633, 15.77738981431040699, 27.80000000000000071 ) ) ;
#6269 = ORIENTED_EDGE ( 'NONE', *, *, #1728, .T. ) ;
#6270 = AXIS2_PLACEMENT_3D ( 'NONE', #7942, #7903, #1271 ) ;
#6271 = ORIENTED_EDGE ( 'NONE', *, *, #4814, .F. ) ;
#6272 = DIRECTION ( 'NONE',  ( -0.000000000000000000, -0.000000000000000000, -1.000000000000000000 ) ) ;
#6273 = EDGE_CURVE ( 'NONE', #8479, #1464, #6407, .T. ) ;
#6274 = EDGE_CURVE ( 'NONE', #42, #415, #4294, .T. ) ;
#6275 = ORIENTED_EDGE ( 'NONE', *, *, #7324, .F. ) ;
#6276 = DIRECTION ( 'NONE',  ( -0.000000000000000000, 0.000000000000000000, 1.000000000000000000 ) ) ;
#6277 = ORIENTED_EDGE ( 'NONE', *, *, #1615, .F. ) ;
#6278 = VERTEX_POINT ( 'NONE', #6361 ) ;
#6279 = CARTESIAN_POINT ( 'NONE',  ( -38.86847343194173021, -59.82470762663082553, 10.49385537093815302 ) ) ;
#6280 = VERTEX_POINT ( 'NONE', #393 ) ;
#6281 = VECTOR ( 'NONE', #6226, 1000.000000000000000 ) ;
#6282 = LINE ( 'NONE', #3653, #975 ) ;
#6283 = DIRECTION ( 'NONE',  ( 0.000000000000000000, 0.000000000000000000, 1.000000000000000000 ) ) ;
#6284 = LINE ( 'NONE', #3096, #5850 ) ;
#6285 = ADVANCED_FACE ( 'NONE', ( #1045 ), #2558, .T. ) ;
#6286 = EDGE_CURVE ( 'NONE', #5983, #1390, #2328, .T. ) ;
#6287 = AXIS2_PLACEMENT_3D ( 'NONE', #5220, #3239, #8475 ) ;
#6288 = DIRECTION ( 'NONE',  ( 6.476012297263096759E-17, -0.7071067811865475727, 0.7071067811865474617 ) ) ;
#6289 = EDGE_LOOP ( 'NONE', ( #1174, #1732, #4138, #6864 ) ) ;
#6290 = CARTESIAN_POINT ( 'NONE',  ( -47.74395206774986633, 9.777389814310405214, 26.80000000000001492 ) ) ;
#6291 = DIRECTION ( 'NONE',  ( 0.000000000000000000, 1.143648588528323690E-16, -1.000000000000000000 ) ) ;
#6292 = CIRCLE ( 'NONE', #7371, 2.000000000000048406 ) ;
#6293 = DIRECTION ( 'NONE',  ( 0.000000000000000000, 0.000000000000000000, -1.000000000000000000 ) ) ;
#6294 = ORIENTED_EDGE ( 'NONE', *, *, #2900, .F. ) ;
#6295 = EDGE_CURVE ( 'NONE', #5041, #4476, #5722, .T. ) ;
#6296 = CARTESIAN_POINT ( 'NONE',  ( -38.45325807182648248, -55.31530007749753963, -12.89021484455832223 ) ) ;
#6297 = CARTESIAN_POINT ( 'NONE',  ( -37.50033856919407782, -59.53115701349312872, -12.71421356237295619 ) ) ;
#6298 = LINE ( 'NONE', #2384, #3446 ) ;
#6299 = VERTEX_POINT ( 'NONE', #4342 ) ;
#6300 = FILL_AREA_STYLE ('',( #4272 ) ) ;
#6301 = EDGE_LOOP ( 'NONE', ( #6452, #2297, #7879, #5484 ) ) ;
#6302 = PLANE ( 'NONE',  #3490 ) ;
#6303 = DIRECTION ( 'NONE',  ( 0.000000000000000000, -1.000000000000000000, -1.143648588528323197E-16 ) ) ;
#6304 = LINE ( 'NONE', #2353, #1632 ) ;
#6305 = FACE_OUTER_BOUND ( 'NONE', #5979, .T. ) ;
#6306 = EDGE_LOOP ( 'NONE', ( #3894, #6438, #1603, #7962 ) ) ;
#6307 = DIRECTION ( 'NONE',  ( 1.000000000000000000, 0.000000000000000000, 0.000000000000000000 ) ) ;
#6308 = CARTESIAN_POINT ( 'NONE',  ( 50.92608499445506709, -11.35103731043577469, -13.29999999999999361 ) ) ;
#6309 = CARTESIAN_POINT ( 'NONE',  ( -37.51095326299616772, 14.77738981431041232, -27.80000000000000071 ) ) ;
#6310 = ADVANCED_FACE ( 'NONE', ( #8328 ), #6908, .T. ) ;
#6311 = CARTESIAN_POINT ( 'NONE',  ( -40.63459940895287303, -56.84269172516189883, 10.14758187069020856 ) ) ;
#6312 = ORIENTED_EDGE ( 'NONE', *, *, #4445, .T. ) ;
#6313 = ORIENTED_EDGE ( 'NONE', *, *, #3963, .F. ) ;
#6314 = FACE_OUTER_BOUND ( 'NONE', #1423, .T. ) ;
#6315 = ORIENTED_EDGE ( 'NONE', *, *, #3270, .F. ) ;
#6316 = CARTESIAN_POINT ( 'NONE',  ( -50.45967341942196072, 3.187440320649923109, -27.80000000000000071 ) ) ;
#6317 = ORIENTED_EDGE ( 'NONE', *, *, #6184, .T. ) ;
#6318 = ORIENTED_EDGE ( 'NONE', *, *, #3462, .T. ) ;
#6319 = ORIENTED_EDGE ( 'NONE', *, *, #5127, .F. ) ;
#6320 = DIRECTION ( 'NONE',  ( -9.158464420884415348E-17, -1.042667367333023879E-16, -1.000000000000000000 ) ) ;
#6321 = DIRECTION ( 'NONE',  ( -1.000000000000000000, 0.000000000000000000, -0.000000000000000000 ) ) ;
#6322 = CARTESIAN_POINT ( 'NONE',  ( -52.25187818006254759, 13.73701128181578035, 19.50000000000002132 ) ) ;
#6323 = EDGE_CURVE ( 'NONE', #2784, #8068, #6949, .T. ) ;
#6324 = VECTOR ( 'NONE', #4780, 1000.000000000000114 ) ;
#6325 = VERTEX_POINT ( 'NONE', #1737 ) ;
#6326 = CARTESIAN_POINT ( 'NONE',  ( -50.99419355409038701, 12.07707437056488509, -2.500000000000000444 ) ) ;
#6327 = ORIENTED_EDGE ( 'NONE', *, *, #6668, .T. ) ;
#6328 = VECTOR ( 'NONE', #24, 1000.000000000000114 ) ;
#6329 = DIRECTION ( 'NONE',  ( 1.000000000000000000, 0.000000000000000000, 0.000000000000000000 ) ) ;
#6330 = FACE_OUTER_BOUND ( 'NONE', #1924, .T. ) ;
#6331 = EDGE_CURVE ( 'NONE', #1233, #6960, #345, .T. ) ;
#6332 = EDGE_CURVE ( 'NONE', #3243, #7023, #2957, .T. ) ;
#6333 = CARTESIAN_POINT ( 'NONE',  ( -36.34837642337764407, -58.72454443526024193, -13.30001766861452417 ) ) ;
#6334 = ORIENTED_EDGE ( 'NONE', *, *, #2147, .T. ) ;
#6335 = AXIS2_PLACEMENT_3D ( 'NONE', #2809, #8125, #5436 ) ;
#6336 = CONICAL_SURFACE ( 'NONE', #2626, 1.000000000000000888, 0.7853981633974860266 ) ;
#6337 = VECTOR ( 'NONE', #4966, 1000.000000000000000 ) ;
#6338 = DIRECTION ( 'NONE',  ( 1.000000000000000000, 8.673617379884027583E-15, 0.000000000000000000 ) ) ;
#6339 = CARTESIAN_POINT ( 'NONE',  ( -39.09055341370382308, -60.64463743499182868, 11.10576663000276731 ) ) ;
#6340 = EDGE_LOOP ( 'NONE', ( #2191, #7658, #7562, #4499, #395, #4965, #8361, #220 ) ) ;
#6341 = EDGE_CURVE ( 'NONE', #917, #6899, #3001, .T. ) ;
#6342 = DIRECTION ( 'NONE',  ( 0.000000000000000000, 0.000000000000000000, 1.000000000000000000 ) ) ;
#6343 = VERTEX_POINT ( 'NONE', #6994 ) ;
#6344 = DIRECTION ( 'NONE',  ( -0.000000000000000000, -1.000000000000000000, 0.000000000000000000 ) ) ;
#6345 = AXIS2_PLACEMENT_3D ( 'NONE', #4597, #7218, #2073 ) ;
#6346 = CARTESIAN_POINT ( 'NONE',  ( 0.000000000000000000, -24.62261018568959869, -27.80000000000000071 ) ) ;
#6347 = LINE ( 'NONE', #4277, #7652 ) ;
#6348 = LINE ( 'NONE', #469, #6523 ) ;
#6349 = VERTEX_POINT ( 'NONE', #2406 ) ;
#6350 = CARTESIAN_POINT ( 'NONE',  ( -7.574464503390600691E-16, -11.35103731043575515, 25.80000000000000426 ) ) ;
#6351 = LINE ( 'NONE', #5711, #2109 ) ;
#6352 = CIRCLE ( 'NONE', #3315, 5.999999999999998224 ) ;
#6353 = CARTESIAN_POINT ( 'NONE',  ( 47.92608499445506709, -8.522610185689574180, -24.97157287525380198 ) ) ;
#6354 = ORIENTED_EDGE ( 'NONE', *, *, #7914, .T. ) ;
#6355 = ADVANCED_FACE ( 'NONE', ( #8240 ), #5027, .F. ) ;
#6356 = DIRECTION ( 'NONE',  ( -0.5508055290647185798, -0.6270777769172399818, -0.5508055290647213553 ) ) ;
#6357 = EDGE_LOOP ( 'NONE', ( #2898, #6019, #3124, #5157 ) ) ;
#6358 = AXIS2_PLACEMENT_3D ( 'NONE', #2518, #1288, #683 ) ;
#6359 = ORIENTED_EDGE ( 'NONE', *, *, #2464, .F. ) ;
#6360 = LINE ( 'NONE', #3777, #6890 ) ;
#6361 = CARTESIAN_POINT ( 'NONE',  ( -51.50055716134375672, 13.07707437056487620, 13.50000000000000000 ) ) ;
#6362 = VECTOR ( 'NONE', #1408, 1000.000000000000000 ) ;
#6363 = VERTEX_POINT ( 'NONE', #4420 ) ;
#6364 = ORIENTED_EDGE ( 'NONE', *, *, #5892, .F. ) ;
#6365 = CARTESIAN_POINT ( 'NONE',  ( -38.03198938134490703, -26.62261018568959514, 12.75613918657318990 ) ) ;
#6366 = VECTOR ( 'NONE', #3635, 1000.000000000000000 ) ;
#6367 = DIRECTION ( 'NONE',  ( -0.000000000000000000, -1.000000000000000000, 1.042667367333024002E-16 ) ) ;
#6368 = DIRECTION ( 'NONE',  ( -0.7071067811865500152, 0.7071067811865450192, 0.000000000000000000 ) ) ;
#6369 = AXIS2_PLACEMENT_3D ( 'NONE', #3138, #2303, #6878 ) ;
#6370 = EDGE_LOOP ( 'NONE', ( #1828, #6746, #689, #4990 ) ) ;
#6371 = ORIENTED_EDGE ( 'NONE', *, *, #231, .T. ) ;
#6372 = EDGE_CURVE ( 'NONE', #3000, #4632, #7684, .T. ) ;
#6373 = DIRECTION ( 'NONE',  ( 0.000000000000000000, -0.7071067811865549002, -0.7071067811865402453 ) ) ;
#6374 = VERTEX_POINT ( 'NONE', #6316 ) ;
#6375 = ORIENTED_EDGE ( 'NONE', *, *, #6668, .F. ) ;
#6376 = DIRECTION ( 'NONE',  ( 0.000000000000000000, -0.7071067811865474617, -0.7071067811865474617 ) ) ;
#6377 = DIRECTION ( 'NONE',  ( 0.000000000000000000, 0.000000000000000000, -1.000000000000000000 ) ) ;
#6378 = VECTOR ( 'NONE', #4734, 1000.000000000000114 ) ;
#6379 = ORIENTED_EDGE ( 'NONE', *, *, #1973, .T. ) ;
#6380 = ADVANCED_FACE ( 'NONE', ( #7034 ), #1176, .T. ) ;
#6381 = ADVANCED_FACE ( 'NONE', ( #4465 ), #4627, .F. ) ;
#6382 = AXIS2_PLACEMENT_3D ( 'NONE', #4637, #1989, #1352 ) ;
#6383 = CARTESIAN_POINT ( 'NONE',  ( -53.31229685597797641, -26.62261018568959514, -26.80000000000001492 ) ) ;
#6384 = CONICAL_SURFACE ( 'NONE', #2674, 2.999999999999988898, 0.7853981633974509435 ) ;
#6385 = CARTESIAN_POINT ( 'NONE',  ( -38.82730519403794744, -59.76706394759610674, 10.54661604757312610 ) ) ;
#6386 = EDGE_LOOP ( 'NONE', ( #1217, #7734, #8188, #4825 ) ) ;
#6387 = FACE_OUTER_BOUND ( 'NONE', #815, .T. ) ;
#6388 = VECTOR ( 'NONE', #7576, 999.9999999999998863 ) ;
#6389 = AXIS2_PLACEMENT_3D ( 'NONE', #5154, #2533, #7732 ) ;
#6390 = DIRECTION ( 'NONE',  ( 0.7071067811865424657, 0.000000000000000000, -0.7071067811865526798 ) ) ;
#6391 = EDGE_CURVE ( 'NONE', #1289, #8367, #2569, .T. ) ;
#6392 = CARTESIAN_POINT ( 'NONE',  ( -46.60920644654360956, 18.64575001107217034, -2.500000000000001332 ) ) ;
#6393 = CIRCLE ( 'NONE', #629, 5.000000000000000888 ) ;
#6394 = CARTESIAN_POINT ( 'NONE',  ( -39.07391500554492580, -25.62261018568955251, -9.885786437626912004 ) ) ;
#6395 = ORIENTED_EDGE ( 'NONE', *, *, #456, .T. ) ;
#6396 = FACE_OUTER_BOUND ( 'NONE', #6125, .T. ) ;
#6397 = CARTESIAN_POINT ( 'NONE',  ( -40.45967341942191808, 6.767778374742815295, 27.80000000000000071 ) ) ;
#6398 = AXIS2_PLACEMENT_3D ( 'NONE', #3638, #2277, #1084 ) ;
#6399 = ORIENTED_EDGE ( 'NONE', *, *, #5185, .T. ) ;
#6400 = CARTESIAN_POINT ( 'NONE',  ( -39.07391500554492580, -24.62261018568959869, 12.29999999999999538 ) ) ;
#6401 = ORIENTED_EDGE ( 'NONE', *, *, #4712, .F. ) ;
#6402 = CARTESIAN_POINT ( 'NONE',  ( -36.65970144317183355, -57.72176197219197746, 12.29999999999999183 ) ) ;
#6403 = VERTEX_POINT ( 'NONE', #5146 ) ;
#6404 = AXIS2_PLACEMENT_3D ( 'NONE', #807, #2218, #2762 ) ;
#6405 = ORIENTED_EDGE ( 'NONE', *, *, #2337, .F. ) ;
#6406 = CARTESIAN_POINT ( 'NONE',  ( -47.74395206774986633, 15.77738981431040699, 27.80000000000000071 ) ) ;
#6407 = LINE ( 'NONE', #4977, #372 ) ;
#6408 = ORIENTED_EDGE ( 'NONE', *, *, #6655, .T. ) ;
#6409 = EDGE_CURVE ( 'NONE', #7424, #8209, #4361, .T. ) ;
#6410 = ORIENTED_EDGE ( 'NONE', *, *, #2731, .T. ) ;
#6411 = DIRECTION ( 'NONE',  ( 0.000000000000000000, -0.7071067811865460184, 0.7071067811865490160 ) ) ;
#6412 = VECTOR ( 'NONE', #8423, 1000.000000000000000 ) ;
#6413 = CARTESIAN_POINT ( 'NONE',  ( -40.99791512390621051, 15.77738981431040699, 14.91421356237310292 ) ) ;
#6414 = ORIENTED_EDGE ( 'NONE', *, *, #1844, .T. ) ;
#6415 = APPLICATION_PROTOCOL_DEFINITION ( 'draft international standard', 'automotive_design', 1998, #669 ) ;
#6416 = EDGE_LOOP ( 'NONE', ( #6907, #1444, #6001, #4022 ) ) ;
#6417 = FACE_OUTER_BOUND ( 'NONE', #4642, .T. ) ;
#6418 = AXIS2_PLACEMENT_3D ( 'NONE', #3469, #826, #2159 ) ;
#6419 = DIRECTION ( 'NONE',  ( -0.000000000000000000, 0.000000000000000000, 1.000000000000000000 ) ) ;
#6420 = VERTEX_POINT ( 'NONE', #5794 ) ;
#6421 = DIRECTION ( 'NONE',  ( 0.000000000000000000, 1.000000000000000000, -0.000000000000000000 ) ) ;
#6422 = CARTESIAN_POINT ( 'NONE',  ( -40.07391500554496844, -26.62261018568959514, -27.80000000000000782 ) ) ;
#6423 = EDGE_CURVE ( 'NONE', #6899, #7163, #1489, .T. ) ;
#6424 = CONICAL_SURFACE ( 'NONE', #8181, 2.000000000000014655, 0.7853981633974482790 ) ;
#6425 = LINE ( 'NONE', #2549, #3676 ) ;
#6426 = AXIS2_PLACEMENT_3D ( 'NONE', #1888, #1283, #7794 ) ;
#6427 = FACE_OUTER_BOUND ( 'NONE', #7638, .T. ) ;
#6428 = ORIENTED_EDGE ( 'NONE', *, *, #4775, .T. ) ;
#6429 =( LENGTH_UNIT ( ) NAMED_UNIT ( * ) SI_UNIT ( .MILLI., .METRE. ) );
#6430 = ADVANCED_FACE ( 'NONE', ( #5881 ), #4237, .T. ) ;
#6431 = LINE ( 'NONE', #5744, #465 ) ;
#6432 = DIRECTION ( 'NONE',  ( 0.5312641871840322327, -0.4666458651008151270, -0.7071067811865484609 ) ) ;
#6433 = CARTESIAN_POINT ( 'NONE',  ( -33.86831257587688526, 13.77738981431040166, 24.98578643762689921 ) ) ;
#6434 = DIRECTION ( 'NONE',  ( -0.6644630243886696652, -0.2418447626479742762, -0.7071067811865527908 ) ) ;
#6435 = DIRECTION ( 'NONE',  ( -1.000000000000000000, 0.000000000000000000, 0.000000000000000000 ) ) ;
#6436 = DIRECTION ( 'NONE',  ( 0.7071067811865442421, 0.7071067811865507924, 0.000000000000000000 ) ) ;
#6437 = EDGE_CURVE ( 'NONE', #4702, #8244, #7844, .T. ) ;
#6438 = ORIENTED_EDGE ( 'NONE', *, *, #4551, .F. ) ;
#6439 = EDGE_CURVE ( 'NONE', #1914, #5041, #2608, .T. ) ;
#6440 = CARTESIAN_POINT ( 'NONE',  ( -36.75545833411737107, -57.85586106774553627, 12.29540734143603586 ) ) ;
#6441 = VERTEX_POINT ( 'NONE', #4545 ) ;
#6442 = ORIENTED_EDGE ( 'NONE', *, *, #1450, .F. ) ;
#6443 = CARTESIAN_POINT ( 'NONE',  ( -36.65970144317183355, -55.28021279467143501, 12.29999999999999183 ) ) ;
#6444 = CARTESIAN_POINT ( 'NONE',  ( -37.75184373430614926, -54.82416447095744161, 13.23603315459947893 ) ) ;
#6445 = ORIENTED_EDGE ( 'NONE', *, *, #3669, .T. ) ;
#6446 = VERTEX_POINT ( 'NONE', #1980 ) ;
#6447 = DIRECTION ( 'NONE',  ( 1.000000000000000000, 0.000000000000000000, 0.000000000000000000 ) ) ;
#6448 = ORIENTED_EDGE ( 'NONE', *, *, #1035, .T. ) ;
#6449 = DIRECTION ( 'NONE',  ( 0.000000000000000000, 0.000000000000000000, -1.000000000000000000 ) ) ;
#6450 = EDGE_CURVE ( 'NONE', #8294, #524, #3897, .T. ) ;
#6451 = EDGE_CURVE ( 'NONE', #7846, #5515, #3, .T. ) ;
#6452 = ORIENTED_EDGE ( 'NONE', *, *, #2358, .F. ) ;
#6453 = CARTESIAN_POINT ( 'NONE',  ( -37.24310616538548402, -56.09721759175251066, 12.11222532624717552 ) ) ;
#6454 = ORIENTED_EDGE ( 'NONE', *, *, #1502, .F. ) ;
#6455 = DIRECTION ( 'NONE',  ( -0.4999999999999912847, -0.7071067811865481278, 0.5000000000000078826 ) ) ;
#6456 = LINE ( 'NONE', #1272, #5992 ) ;
#6457 = ORIENTED_EDGE ( 'NONE', *, *, #6496, .T. ) ;
#6458 = DIRECTION ( 'NONE',  ( 0.000000000000000000, 0.000000000000000000, -1.000000000000000000 ) ) ;
#6459 = LINE ( 'NONE', #1235, #2001 ) ;
#6460 = EDGE_CURVE ( 'NONE', #5147, #7599, #7123, .T. ) ;
#6461 = VECTOR ( 'NONE', #8245, 1000.000000000000114 ) ;
#6462 = LINE ( 'NONE', #5775, #512 ) ;
#6463 = CARTESIAN_POINT ( 'NONE',  ( -38.91455213156701376, -60.52140001050506868, 11.29999999999997584 ) ) ;
#6464 = CARTESIAN_POINT ( 'NONE',  ( -39.24779229718713935, -60.75473728650655403, -10.89314257883630255 ) ) ;
#6465 = DIRECTION ( 'NONE',  ( 0.6599369112508958191, 0.7513210187187812084, 0.000000000000000000 ) ) ;
#6466 = PLANE ( 'NONE',  #6426 ) ;
#6467 = ADVANCED_FACE ( 'NONE', ( #3288 ), #88, .T. ) ;
#6468 = DIRECTION ( 'NONE',  ( 0.000000000000000000, 0.000000000000000000, 1.000000000000000000 ) ) ;
#6469 = DIRECTION ( 'NONE',  ( 0.7513210187187812084, -0.6599369112508958191, 0.000000000000000000 ) ) ;
#6470 = CARTESIAN_POINT ( 'NONE',  ( -40.99791512390621051, 15.77738981431040699, 14.91421356237310292 ) ) ;
#6471 = EDGE_LOOP ( 'NONE', ( #2076, #1478, #4547, #4373 ) ) ;
#6472 = LINE ( 'NONE', #3197, #2276 ) ;
#6473 = ORIENTED_EDGE ( 'NONE', *, *, #3186, .F. ) ;
#6474 = CARTESIAN_POINT ( 'NONE',  ( -37.20239525226978827, -58.48175690881782174, 12.13996689257727013 ) ) ;
#6475 = ORIENTED_EDGE ( 'NONE', *, *, #6113, .F. ) ;
#6476 = ORIENTED_EDGE ( 'NONE', *, *, #8336, .F. ) ;
#6477 = AXIS2_PLACEMENT_3D ( 'NONE', #5085, #3020, #1201 ) ;
#6478 = CARTESIAN_POINT ( 'NONE',  ( -38.64749144189602958, -55.45130374739211732, 12.71421356237310185 ) ) ;
#6479 = CARTESIAN_POINT ( 'NONE',  ( -37.36680822435838678, -56.27045579168115808, 12.00710678118653618 ) ) ;
#6480 = ORIENTED_EDGE ( 'NONE', *, *, #8190, .F. ) ;
#6481 = ADVANCED_FACE ( 'NONE', ( #2065 ), #664, .T. ) ;
#6482 = EDGE_CURVE ( 'NONE', #4838, #702, #6599, .T. ) ;
#6483 = ORIENTED_EDGE ( 'NONE', *, *, #5301, .T. ) ;
#6484 = CONICAL_SURFACE ( 'NONE', #1417, 3.000000000000023537, 0.7853981633974526089 ) ;
#6485 = ORIENTED_EDGE ( 'NONE', *, *, #6041, .F. ) ;
#6486 = CARTESIAN_POINT ( 'NONE',  ( -37.36680822435838678, -56.27045579168038358, -12.00710678118656283 ) ) ;
#6487 = CYLINDRICAL_SURFACE ( 'NONE', #1324, 1.199999999999999734 ) ;
#6488 = AXIS2_PLACEMENT_3D ( 'NONE', #8297, #451, #2340 ) ;
#6489 = DIRECTION ( 'NONE',  ( 1.000000000000000000, -0.000000000000000000, -0.000000000000000000 ) ) ;
#6490 = AXIS2_PLACEMENT_3D ( 'NONE', #6719, #5964, #850 ) ;
#6491 = ORIENTED_EDGE ( 'NONE', *, *, #3061, .F. ) ;
#6492 = CARTESIAN_POINT ( 'NONE',  ( -36.84545985704962590, 12.57738981431037395, -27.80000000000000071 ) ) ;
#6493 = VERTEX_POINT ( 'NONE', #7931 ) ;
#6494 = DIRECTION ( 'NONE',  ( 0.6599369112508958191, 0.7513210187187812084, -1.387778780781445429E-16 ) ) ;
#6495 = ADVANCED_FACE ( 'NONE', ( #6762 ), #898, .F. ) ;
#6496 = EDGE_CURVE ( 'NONE', #1801, #8442, #7323, .T. ) ;
#6497 = VECTOR ( 'NONE', #133, 1000.000000000000000 ) ;
#6498 = CYLINDRICAL_SURFACE ( 'NONE', #7333, 4.000000000000003553 ) ;
#6499 = ORIENTED_EDGE ( 'NONE', *, *, #7525, .F. ) ;
#6500 = CARTESIAN_POINT ( 'NONE',  ( -37.22165539363912501, -58.50873058295270823, -12.12720414867350094 ) ) ;
#6501 = VECTOR ( 'NONE', #2179, 1000.000000000000000 ) ;
#6502 = LINE ( 'NONE', #5854, #205 ) ;
#6503 = B_SPLINE_CURVE_WITH_KNOTS ( 'NONE', 3,
 ( #2588, #19, #7183, #1364 ),
 .UNSPECIFIED., .F., .F.,
 ( 4, 4 ),
 ( 0.000000000000000000, 1.000000000000000000 ),
 .UNSPECIFIED. ) ;
#6504 = DIRECTION ( 'NONE',  ( 1.000000000000000000, 0.000000000000000000, 0.000000000000000000 ) ) ;
#6505 = EDGE_CURVE ( 'NONE', #4067, #4676, #1592, .T. ) ;
#6506 = CARTESIAN_POINT ( 'NONE',  ( -8.558236687407891452, -38.04490451547152929, -12.30000000000001137 ) ) ;
#6507 = DIRECTION ( 'NONE',  ( 0.000000000000000000, 1.000000000000000000, 1.372378306233987934E-16 ) ) ;
#6508 = AXIS2_PLACEMENT_3D ( 'NONE', #919, #3395, #145 ) ;
#6509 = DIRECTION ( 'NONE',  ( -1.000000000000000000, 0.000000000000000000, 0.000000000000000000 ) ) ;
#6510 = LINE ( 'NONE', #5783, #3359 ) ;
#6511 = CARTESIAN_POINT ( 'NONE',  ( -53.31229685597797641, -28.62261018568959514, -26.80000000000001492 ) ) ;
#6512 = CARTESIAN_POINT ( 'NONE',  ( 47.92608499445506709, -25.62261018568959159, 13.29999999999998117 ) ) ;
#6513 = ORIENTED_EDGE ( 'NONE', *, *, #3836, .T. ) ;
#6514 = AXIS2_PLACEMENT_3D ( 'NONE', #3582, #6935, #3624 ) ;
#6515 = CARTESIAN_POINT ( 'NONE',  ( -54.45967341942196072, 2.131715627355464271, -19.50000000000002132 ) ) ;
#6516 = EDGE_LOOP ( 'NONE', ( #175, #4317, #3125, #6703 ) ) ;
#6517 = CIRCLE ( 'NONE', #5970, 2.000000000000001776 ) ;
#6518 = DIRECTION ( 'NONE',  ( -1.000000000000000000, 0.000000000000000000, 0.000000000000000000 ) ) ;
#6519 = ADVANCED_FACE ( 'NONE', ( #1467 ), #4750, .T. ) ;
#6520 = EDGE_LOOP ( 'NONE', ( #1273, #2914, #342, #1832 ) ) ;
#6521 = VERTEX_POINT ( 'NONE', #2224 ) ;
#6522 = LINE ( 'NONE', #2525, #185 ) ;
#6523 = VECTOR ( 'NONE', #5055, 999.9999999999998863 ) ;
#6524 = DIRECTION ( 'NONE',  ( 1.000000000000000000, 0.000000000000000000, 0.000000000000000000 ) ) ;
#6525 = ORIENTED_EDGE ( 'NONE', *, *, #4896, .T. ) ;
#6526 = CIRCLE ( 'NONE', #2684, 1.000000000000000000 ) ;
#6527 = ORIENTED_EDGE ( 'NONE', *, *, #1206, .T. ) ;
#6528 = VERTEX_POINT ( 'NONE', #2148 ) ;
#6529 = DIRECTION ( 'NONE',  ( -3.081487911019577365E-33, -0.7071067811865497932, -0.7071067811865452413 ) ) ;
#6530 = DIRECTION ( 'NONE',  ( 1.000000000000000000, 0.000000000000000000, 0.000000000000000000 ) ) ;
#6531 = VECTOR ( 'NONE', #5647, 1000.000000000000114 ) ;
#6532 = LINE ( 'NONE', #1265, #8004 ) ;
#6533 = EDGE_CURVE ( 'NONE', #6262, #3247, #8191, .T. ) ;
#6534 = EDGE_CURVE ( 'NONE', #4553, #3378, #851, .T. ) ;
#6535 = ORIENTED_EDGE ( 'NONE', *, *, #5127, .T. ) ;
#6536 = PLANE ( 'NONE',  #452 ) ;
#6537 = ORIENTED_EDGE ( 'NONE', *, *, #7497, .F. ) ;
#6538 = CARTESIAN_POINT ( 'NONE',  ( 0.000000000000000000, -24.62261018568959869, 27.80000000000000071 ) ) ;
#6539 = VECTOR ( 'NONE', #7997, 1000.000000000000000 ) ;
#6540 = FACE_OUTER_BOUND ( 'NONE', #5862, .T. ) ;
#6541 = EDGE_LOOP ( 'NONE', ( #595, #4399, #8229, #7196, #1772, #7415, #3746, #262 ) ) ;
#6542 = CARTESIAN_POINT ( 'NONE',  ( -56.13137471833568526, -29.64867061566659601, -27.80000000000000071 ) ) ;
#6543 = DIRECTION ( 'NONE',  ( -0.000000000000000000, -0.000000000000000000, -1.000000000000000000 ) ) ;
#6544 = EDGE_CURVE ( 'NONE', #1510, #3247, #6172, .T. ) ;
#6545 = ADVANCED_FACE ( 'NONE', ( #814 ), #6424, .F. ) ;
#6546 = AXIS2_PLACEMENT_3D ( 'NONE', #4988, #5548, #5685 ) ;
#6547 = VECTOR ( 'NONE', #3691, 1000.000000000000114 ) ;
#6548 = FACE_OUTER_BOUND ( 'NONE', #5242, .T. ) ;
#6549 = CARTESIAN_POINT ( 'NONE',  ( -40.29080834271965728, 13.77738981431040699, 17.79289321881345387 ) ) ;
#6550 = ORIENTED_EDGE ( 'NONE', *, *, #4746, .T. ) ;
#6551 = EDGE_CURVE ( 'NONE', #6145, #2566, #2171, .T. ) ;
#6552 = EDGE_CURVE ( 'NONE', #6493, #5983, #6684, .T. ) ;
#6553 = LINE ( 'NONE', #1928, #7988 ) ;
#6554 = DIRECTION ( 'NONE',  ( 1.000000000000000000, 0.000000000000000000, 0.000000000000000000 ) ) ;
#6555 = FACE_OUTER_BOUND ( 'NONE', #6636, .T. ) ;
#6556 = CARTESIAN_POINT ( 'NONE',  ( -39.99791512390617498, 15.77738981431040699, 2.914213562373094035 ) ) ;
#6557 = FACE_OUTER_BOUND ( 'NONE', #5454, .T. ) ;
#6558 = ORIENTED_EDGE ( 'NONE', *, *, #509, .F. ) ;
#6559 = CARTESIAN_POINT ( 'NONE',  ( -41.41212868627932409, 15.77738981431040699, -19.50000000000001776 ) ) ;
#6560 = CARTESIAN_POINT ( 'NONE',  ( -36.81719994415539077, -57.94232124926616478, 12.28755311500064629 ) ) ;
#6561 = ORIENTED_EDGE ( 'NONE', *, *, #4657, .T. ) ;
#6562 = ORIENTED_EDGE ( 'NONE', *, *, #7515, .F. ) ;
#6563 = DIRECTION ( 'NONE',  ( 0.6599369112508958191, 0.7513210187187812084, 0.000000000000000000 ) ) ;
#6564 = DIRECTION ( 'NONE',  ( -0.7071067811865474617, -0.7071067811865474617, 0.000000000000000000 ) ) ;
#6565 = VERTEX_POINT ( 'NONE', #942 ) ;
#6566 = ORIENTED_EDGE ( 'NONE', *, *, #550, .F. ) ;
#6567 = DIRECTION ( 'NONE',  ( 0.7513210187187813194, -0.6599369112508957080, 0.000000000000000000 ) ) ;
#6568 = DIRECTION ( 'NONE',  ( -0.000000000000000000, -0.000000000000000000, 1.000000000000000000 ) ) ;
#6569 = CYLINDRICAL_SURFACE ( 'NONE', #6107, 2.000000000000000000 ) ;
#6570 = LINE ( 'NONE', #8452, #1183 ) ;
#6571 = ORIENTED_EDGE ( 'NONE', *, *, #2798, .T. ) ;
#6572 = DIRECTION ( 'NONE',  ( -0.7071067811865462405, -7.372771659631074741E-17, -0.7071067811865489050 ) ) ;
#6573 = ORIENTED_EDGE ( 'NONE', *, *, #550, .T. ) ;
#6574 = LINE ( 'NONE', #5933, #8175 ) ;
#6575 = CARTESIAN_POINT ( 'NONE',  ( 15.65556682763982366, -24.62261018568959869, -27.80000000000000071 ) ) ;
#6576 = ORIENTED_EDGE ( 'NONE', *, *, #3827, .F. ) ;
#6577 = EDGE_CURVE ( 'NONE', #5589, #4444, #290, .T. ) ;
#6578 = CARTESIAN_POINT ( 'NONE',  ( -36.84053296827093504, -57.97500128183454393, -12.28362153145399027 ) ) ;
#6579 = DIRECTION ( 'NONE',  ( 1.000000000000000000, -6.672927148628873676E-17, 0.000000000000000000 ) ) ;
#6580 = FACE_OUTER_BOUND ( 'NONE', #6952, .T. ) ;
#6581 = ADVANCED_FACE ( 'NONE', ( #1421 ), #8054, .F. ) ;
#6582 = EDGE_CURVE ( 'NONE', #6736, #724, #5450, .T. ) ;
#6583 = DIRECTION ( 'NONE',  ( -1.000000000000000000, 0.000000000000000000, 0.000000000000000000 ) ) ;
#6584 = VECTOR ( 'NONE', #7149, 1000.000000000000114 ) ;
#6585 = VERTEX_POINT ( 'NONE', #777 ) ;
#6586 = DIRECTION ( 'NONE',  ( -0.000000000000000000, -0.000000000000000000, 1.000000000000000000 ) ) ;
#6587 = DIRECTION ( 'NONE',  ( -0.000000000000000000, -0.000000000000000000, -1.000000000000000000 ) ) ;
#6588 = CARTESIAN_POINT ( 'NONE',  ( -41.41212868627928856, 15.77738981431040699, 19.50000000000001421 ) ) ;
#6589 = EDGE_CURVE ( 'NONE', #7679, #3548, #7404, .T. ) ;
#6590 = CARTESIAN_POINT ( 'NONE',  ( -38.91455213156723403, -60.52140001050523210, -11.30000000000037552 ) ) ;
#6591 = AXIS2_PLACEMENT_3D ( 'NONE', #488, #8333, #2455 ) ;
#6592 = CARTESIAN_POINT ( 'NONE',  ( -53.31229685597797641, -28.62261018568959514, -26.80000000000001492 ) ) ;
#6593 = ORIENTED_EDGE ( 'NONE', *, *, #3975, .F. ) ;
#6594 = CARTESIAN_POINT ( 'NONE',  ( -38.99791512390618919, 15.77738981431040699, 14.91421356237310292 ) ) ;
#6595 = CARTESIAN_POINT ( 'NONE',  ( -36.77579912669948214, -57.88434659161671902, 12.29340395155845300 ) ) ;
#6596 = ORIENTED_EDGE ( 'NONE', *, *, #2292, .T. ) ;
#6597 = VERTEX_POINT ( 'NONE', #6008 ) ;
#6598 = CARTESIAN_POINT ( 'NONE',  ( -37.51095326299616062, 13.77738981431036791, 25.80000000000000426 ) ) ;
#6599 = LINE ( 'NONE', #2697, #4215 ) ;
#6600 = EDGE_LOOP ( 'NONE', ( #5163, #1611, #5728, #2441 ) ) ;
#6601 = VERTEX_POINT ( 'NONE', #8133 ) ;
#6602 = CARTESIAN_POINT ( 'NONE',  ( -34.77347831854608984, 30.54393701659612503, 0.000000000000000000 ) ) ;
#6603 = DIRECTION ( 'NONE',  ( -0.000000000000000000, -0.000000000000000000, 1.000000000000000000 ) ) ;
#6604 = EDGE_CURVE ( 'NONE', #6960, #6671, #795, .T. ) ;
#6605 = CARTESIAN_POINT ( 'NONE',  ( -22.91597111679889665, -46.15187071552736597, -26.45794388874615777 ) ) ;
#6606 = CARTESIAN_POINT ( 'NONE',  ( -54.45967341942196072, 2.131715627355464271, -13.50000000000000000 ) ) ;
#6607 = VERTEX_POINT ( 'NONE', #129 ) ;
#6608 = LINE ( 'NONE', #2579, #39 ) ;
#6609 = ORIENTED_EDGE ( 'NONE', *, *, #3846, .F. ) ;
#6610 = DIRECTION ( 'NONE',  ( -0.7071067811865574537, 0.000000000000000000, -0.7071067811865376918 ) ) ;
#6611 = AXIS2_PLACEMENT_3D ( 'NONE', #786, #1605, #7377 ) ;
#6612 = EDGE_LOOP ( 'NONE', ( #6609, #4430, #2939 ) ) ;
#6613 = DIRECTION ( 'NONE',  ( -0.000000000000000000, 0.000000000000000000, -1.000000000000000000 ) ) ;
#6614 = VERTEX_POINT ( 'NONE', #8088 ) ;
#6615 = CARTESIAN_POINT ( 'NONE',  ( -36.98633104317161013, -58.17914991161170946, -12.24571878749470422 ) ) ;
#6616 = PLANE ( 'NONE',  #2931 ) ;
#6617 = CONICAL_SURFACE ( 'NONE', #455, 2.000000000000013767, 0.7853981633974479459 ) ;
#6618 = EDGE_CURVE ( 'NONE', #6614, #5578, #641, .T. ) ;
#6619 = AXIS2_PLACEMENT_3D ( 'NONE', #8211, #3057, #4308 ) ;
#6620 = CARTESIAN_POINT ( 'NONE',  ( -9.705389560109978220, -36.40660042689356857, -12.30000000000001137 ) ) ;
#6621 = VECTOR ( 'NONE', #7709, 1000.000000000000000 ) ;
#6622 = ORIENTED_EDGE ( 'NONE', *, *, #6205, .F. ) ;
#6623 = CARTESIAN_POINT ( 'NONE',  ( 2.524149805228551369, -26.62261018568959514, 13.30000000000003801 ) ) ;
#6624 = ORIENTED_EDGE ( 'NONE', *, *, #6258, .F. ) ;
#6625 = B_SPLINE_CURVE_WITH_KNOTS ( 'NONE', 3,
 ( #6911, #1049, #4937, #6279, #999, #7554, #3090, #7516, #8151, #3600 ),
 .UNSPECIFIED., .F., .F.,
 ( 4, 2, 2, 2, 4 ),
 ( 0.000000000000000000, 0.1250000000000081324, 0.2500000000000162648, 0.5000000000000108802, 1.000000000000000000 ),
 .UNSPECIFIED. ) ;
#6626 = EDGE_CURVE ( 'NONE', #4759, #7335, #2734, .T. ) ;
#6627 = EDGE_CURVE ( 'NONE', #3581, #917, #8457, .T. ) ;
#6628 = DIRECTION ( 'NONE',  ( -0.000000000000000000, 1.000000000000000000, -0.000000000000000000 ) ) ;
#6629 = FACE_OUTER_BOUND ( 'NONE', #3513, .T. ) ;
#6630 = CARTESIAN_POINT ( 'NONE',  ( -47.06746880975595104, -60.39915623187683735, 27.80000000000000071 ) ) ;
#6631 = CARTESIAN_POINT ( 'NONE',  ( -2.671886926795777217, -30.26091427426757718, -27.80000000000000782 ) ) ;
#6632 = VERTEX_POINT ( 'NONE', #7538 ) ;
#6633 = FACE_OUTER_BOUND ( 'NONE', #7655, .T. ) ;
#6634 = CARTESIAN_POINT ( 'NONE',  ( -5.687075688526891495E-16, -8.522610185689570628, 14.29999999999999893 ) ) ;
#6635 = VECTOR ( 'NONE', #7973, 1000.000000000000000 ) ;
#6636 = EDGE_LOOP ( 'NONE', ( #3343, #5339, #3012, #3281, #8264, #1689, #6964, #3775, #2074, #8091 ) ) ;
#6637 = AXIS2_PLACEMENT_3D ( 'NONE', #7784, #3225, #6579 ) ;
#6638 = EDGE_CURVE ( 'NONE', #3259, #8061, #3719, .T. ) ;
#6639 = VERTEX_POINT ( 'NONE', #7671 ) ;
#6640 = FACE_OUTER_BOUND ( 'NONE', #8318, .T. ) ;
#6641 = DIRECTION ( 'NONE',  ( 0.000000000000000000, 0.000000000000000000, 1.000000000000000000 ) ) ;
#6642 = AXIS2_PLACEMENT_3D ( 'NONE', #847, #287, #7926 ) ;
#6643 = ORIENTED_EDGE ( 'NONE', *, *, #4801, .T. ) ;
#6644 = LINE ( 'NONE', #47, #4165 ) ;
#6645 = CARTESIAN_POINT ( 'NONE',  ( -47.23758846049647531, 13.77738981431040699, 2.500000000000000888 ) ) ;
#6646 = VECTOR ( 'NONE', #6015, 1000.000000000000114 ) ;
#6647 = FACE_OUTER_BOUND ( 'NONE', #7629, .T. ) ;
#6648 = DIRECTION ( 'NONE',  ( -0.000000000000000000, -1.000000000000000000, 0.000000000000000000 ) ) ;
#6649 = ORIENTED_EDGE ( 'NONE', *, *, #2740, .F. ) ;
#6650 = VECTOR ( 'NONE', #1293, 1000.000000000000114 ) ;
#6651 = VERTEX_POINT ( 'NONE', #5658 ) ;
#6652 = CARTESIAN_POINT ( 'NONE',  ( -36.85835646440057189, -55.55841225250419058, 12.28007621764385071 ) ) ;
#6653 = AXIS2_PLACEMENT_3D ( 'NONE', #4881, #4970, #3684 ) ;
#6654 = ORIENTED_EDGE ( 'NONE', *, *, #2902, .F. ) ;
#6655 = EDGE_CURVE ( 'NONE', #6265, #7679, #6005, .T. ) ;
#6656 = CARTESIAN_POINT ( 'NONE',  ( 50.92608499445506709, -22.62261018568959514, -26.80000000000001492 ) ) ;
#6657 = ORIENTED_EDGE ( 'NONE', *, *, #6332, .T. ) ;
#6658 = EDGE_LOOP ( 'NONE', ( #7666, #1551, #3427, #613 ) ) ;
#6659 = VECTOR ( 'NONE', #3840, 1000.000000000000000 ) ;
#6660 = DIRECTION ( 'NONE',  ( 0.000000000000000000, 1.143648588528323690E-16, -1.000000000000000000 ) ) ;
#6661 = CARTESIAN_POINT ( 'NONE',  ( -58.21627851301586531, 5.431400183609929044, 2.500000000000001332 ) ) ;
#6662 = ORIENTED_EDGE ( 'NONE', *, *, #4478, .T. ) ;
#6663 = AXIS2_PLACEMENT_3D ( 'NONE', #3578, #4869, #462 ) ;
#6664 = VECTOR ( 'NONE', #5312, 1000.000000000000000 ) ;
#6665 = CARTESIAN_POINT ( 'NONE',  ( -36.09673970062307546, 13.77738981431038212, 27.21421356237309652 ) ) ;
#6666 = ORIENTED_EDGE ( 'NONE', *, *, #5958, .F. ) ;
#6667 = CARTESIAN_POINT ( 'NONE',  ( -36.09673970062306125, 14.77738981431041232, 27.21421356237309297 ) ) ;
#6668 = EDGE_CURVE ( 'NONE', #8315, #5049, #8269, .T. ) ;
#6669 = AXIS2_PLACEMENT_3D ( 'NONE', #5345, #1530, #232 ) ;
#6670 = DIRECTION ( 'NONE',  ( 0.000000000000000000, 0.000000000000000000, 1.000000000000000000 ) ) ;
#6671 = VERTEX_POINT ( 'NONE', #1027 ) ;
#6672 = VECTOR ( 'NONE', #6494, 1000.000000000000114 ) ;
#6673 = PLANE ( 'NONE',  #6896 ) ;
#6674 = CARTESIAN_POINT ( 'NONE',  ( -33.28252613824997752, 14.77738981431041232, 23.57157287525381406 ) ) ;
#6675 = CARTESIAN_POINT ( 'NONE',  ( -39.35819738131088741, -60.65852140848275553, -9.885786437626913781 ) ) ;
#6676 = AXIS2_PLACEMENT_3D ( 'NONE', #4066, #207, #2818 ) ;
#6677 = LINE ( 'NONE', #6556, #4400 ) ;
#6678 = EDGE_CURVE ( 'NONE', #5049, #3202, #1680, .T. ) ;
#6679 = ORIENTED_EDGE ( 'NONE', *, *, #8448, .T. ) ;
#6680 = DIRECTION ( 'NONE',  ( 0.000000000000000000, -0.000000000000000000, 1.000000000000000000 ) ) ;
#6681 = CARTESIAN_POINT ( 'NONE',  ( -53.31229685597797641, -28.62261018568959514, 26.79999999999998650 ) ) ;
#6682 = DIRECTION ( 'NONE',  ( 0.000000000000000000, 0.000000000000000000, 1.000000000000000000 ) ) ;
#6683 = VECTOR ( 'NONE', #2559, 1000.000000000000000 ) ;
#6684 = LINE ( 'NONE', #5445, #530 ) ;
#6685 = EDGE_LOOP ( 'NONE', ( #4763, #4943, #4505, #4968 ) ) ;
#6686 = CARTESIAN_POINT ( 'NONE',  ( -50.99419355409038701, 12.07707437056488864, -2.500000000000000000 ) ) ;
#6687 = EDGE_CURVE ( 'NONE', #3648, #1616, #3526, .T. ) ;
#6688 = CARTESIAN_POINT ( 'NONE',  ( -35.55513657743309608, 31.23052121186238139, -27.80000000000000071 ) ) ;
#6689 = EDGE_CURVE ( 'NONE', #3869, #7555, #6304, .T. ) ;
#6690 = AXIS2_PLACEMENT_3D ( 'NONE', #1323, #5859, #22 ) ;
#6691 = CARTESIAN_POINT ( 'NONE',  ( -36.08612500682080793, -58.54091401648096848, -13.30000000000000959 ) ) ;
#6692 = LINE ( 'NONE', #3552, #3077 ) ;
#6693 = EDGE_LOOP ( 'NONE', ( #1487, #2945, #4644, #5549 ) ) ;
#6694 = PLANE ( 'NONE',  #4000 ) ;
#6695 = ORIENTED_EDGE ( 'NONE', *, *, #20, .T. ) ;
#6696 = LINE ( 'NONE', #4720, #4485 ) ;
#6697 = ORIENTED_EDGE ( 'NONE', *, *, #6582, .T. ) ;
#6698 = CARTESIAN_POINT ( 'NONE',  ( -66.57092852305433439, -6.813841068346825125, -27.80000000000000071 ) ) ;
#6699 = EDGE_CURVE ( 'NONE', #1137, #6833, #7582, .T. ) ;
#6700 = CARTESIAN_POINT ( 'NONE',  ( -62.45967341942196072, -2.471820925021154025, -26.80000000000001492 ) ) ;
#6701 = CARTESIAN_POINT ( 'NONE',  ( -49.45967341942195361, 3.187440320649923109, -48.87167408952667813 ) ) ;
#6702 = ORIENTED_EDGE ( 'NONE', *, *, #2847, .F. ) ;
#6703 = ORIENTED_EDGE ( 'NONE', *, *, #7523, .F. ) ;
#6704 = EDGE_CURVE ( 'NONE', #288, #5533, #378, .T. ) ;
#6705 = CARTESIAN_POINT ( 'NONE',  ( -36.08612500682082924, -58.54091401648098270, 13.29999999999997939 ) ) ;
#6706 = DIRECTION ( 'NONE',  ( 1.000000000000000000, -3.469446951953611033E-15, 0.000000000000000000 ) ) ;
#6707 = VERTEX_POINT ( 'NONE', #6982 ) ;
#6708 = CARTESIAN_POINT ( 'NONE',  ( -5.687075688526894453E-16, -8.522610185689570628, -14.30000000000001137 ) ) ;
#6709 = ADVANCED_FACE ( 'NONE', ( #5705 ), #3939, .T. ) ;
#6710 = CARTESIAN_POINT ( 'NONE',  ( 15.63326077771476008, -22.32661021857294870, -128.0398730914872374 ) ) ;
#6711 = DIRECTION ( 'NONE',  ( 0.000000000000000000, 0.000000000000000000, -1.000000000000000000 ) ) ;
#6712 = DIRECTION ( 'NONE',  ( 0.000000000000000000, 0.000000000000000000, 1.000000000000000000 ) ) ;
#6713 = CARTESIAN_POINT ( 'NONE',  ( -39.99791512390620341, 14.77738981431039100, -17.08578643762689708 ) ) ;
#6714 = FACE_OUTER_BOUND ( 'NONE', #405, .T. ) ;
#6715 = VERTEX_POINT ( 'NONE', #2472 ) ;
#6716 = DIRECTION ( 'NONE',  ( -0.000000000000000000, 0.000000000000000000, -1.000000000000000000 ) ) ;
#6717 = CARTESIAN_POINT ( 'NONE',  ( -60.45967341942196072, 2.131715627355464271, 27.80000000000000071 ) ) ;
#6718 = VERTEX_POINT ( 'NONE', #332 ) ;
#6719 = CARTESIAN_POINT ( 'NONE',  ( -60.45967341942196072, -3.263548859752366068E-15, -3.500000000000013323 ) ) ;
#6720 = EDGE_CURVE ( 'NONE', #328, #1400, #6347, .T. ) ;
#6721 = DIRECTION ( 'NONE',  ( -1.000000000000000000, 0.000000000000000000, 0.000000000000000000 ) ) ;
#6722 = ORIENTED_EDGE ( 'NONE', *, *, #3402, .F. ) ;
#6723 = LINE ( 'NONE', #4023, #8129 ) ;
#6724 = DIRECTION ( 'NONE',  ( -1.000000000000000000, 0.000000000000000000, 0.000000000000000000 ) ) ;
#6725 = FACE_OUTER_BOUND ( 'NONE', #940, .T. ) ;
#6726 = AXIS2_PLACEMENT_3D ( 'NONE', #4270, #6882, #4229 ) ;
#6727 = CARTESIAN_POINT ( 'NONE',  ( -41.41212868627932409, 15.77738981431040699, -18.50000000000000355 ) ) ;
#6728 = VECTOR ( 'NONE', #3903, 1000.000000000000000 ) ;
#6729 = VECTOR ( 'NONE', #6813, 1000.000000000000000 ) ;
#6730 = ORIENTED_EDGE ( 'NONE', *, *, #6704, .F. ) ;
#6731 = DIRECTION ( 'NONE',  ( -0.5312641871840362295, 0.4666458651008125735, 0.7071067811865472397 ) ) ;
#6732 = EDGE_CURVE ( 'NONE', #3151, #6614, #7185, .T. ) ;
#6733 = EDGE_CURVE ( 'NONE', #7159, #6934, #8313, .T. ) ;
#6734 = ORIENTED_EDGE ( 'NONE', *, *, #565, .T. ) ;
#6735 = DIRECTION ( 'NONE',  ( -6.938893903907174735E-15, 0.000000000000000000, 1.000000000000000000 ) ) ;
#6736 = VERTEX_POINT ( 'NONE', #2434 ) ;
#6737 = DIRECTION ( 'NONE',  ( -1.387778780781446938E-14, 0.000000000000000000, 1.000000000000000000 ) ) ;
#6738 = ORIENTED_EDGE ( 'NONE', *, *, #5512, .F. ) ;
#6739 = LINE ( 'NONE', #6103, #7008 ) ;
#6740 = LINE ( 'NONE', #2245, #1320 ) ;
#6741 = ORIENTED_EDGE ( 'NONE', *, *, #470, .T. ) ;
#6742 = CIRCLE ( 'NONE', #3042, 1.199999999999999734 ) ;
#6743 = DIRECTION ( 'NONE',  ( 0.000000000000000000, 1.000000000000000000, -1.042667367333023879E-16 ) ) ;
#6744 = ADVANCED_FACE ( 'NONE', ( #5053 ), #7232, .T. ) ;
#6745 = CARTESIAN_POINT ( 'NONE',  ( 49.92608499445507420, -11.35103731043575870, 27.80000000000000071 ) ) ;
#6746 = ORIENTED_EDGE ( 'NONE', *, *, #2370, .F. ) ;
#6747 = DIRECTION ( 'NONE',  ( -4.718472037159276688E-17, -0.7071067811865455743, -0.7071067811865495711 ) ) ;
#6748 = CIRCLE ( 'NONE', #5111, 5.000000000000000888 ) ;
#6749 = LINE ( 'NONE', #8076, #2510 ) ;
#6750 = CARTESIAN_POINT ( 'NONE',  ( -40.10820155684577060, 11.01170438936126850, 27.80000000000000071 ) ) ;
#6751 = DIRECTION ( 'NONE',  ( -0.6336872742246398849, -0.4437126062796575843, 0.6336872742246444368 ) ) ;
#6752 = EDGE_CURVE ( 'NONE', #7598, #3818, #3762, .T. ) ;
#6753 = CARTESIAN_POINT ( 'NONE',  ( -39.99791512390620341, 13.77738981431040699, -2.500000000000000444 ) ) ;
#6754 = CARTESIAN_POINT ( 'NONE',  ( 50.92608499445506709, -9.815503404503015616, 25.67867965644036943 ) ) ;
#6755 = AXIS2_PLACEMENT_3D ( 'NONE', #903, #8094, #7370 ) ;
#6756 = FACE_OUTER_BOUND ( 'NONE', #2882, .T. ) ;
#6757 = ORIENTED_EDGE ( 'NONE', *, *, #1997, .T. ) ;
#6758 = CARTESIAN_POINT ( 'NONE',  ( -58.96759953173464908, 6.091337094860836743, -19.50000000000001421 ) ) ;
#6759 = DIRECTION ( 'NONE',  ( -0.000000000000000000, -0.000000000000000000, 1.000000000000000000 ) ) ;
#6760 = ORIENTED_EDGE ( 'NONE', *, *, #2590, .F. ) ;
#6761 = DIRECTION ( 'NONE',  ( 0.8191520442889910214, 0.5735764363510472696, 0.000000000000000000 ) ) ;
#6762 = FACE_OUTER_BOUND ( 'NONE', #3706, .T. ) ;
#6763 = DIRECTION ( 'NONE',  ( -1.000000000000000000, 0.000000000000000000, -0.000000000000000000 ) ) ;
#6764 = ORIENTED_EDGE ( 'NONE', *, *, #7013, .F. ) ;
#6765 = VECTOR ( 'NONE', #780, 1000.000000000000000 ) ;
#6766 = CARTESIAN_POINT ( 'NONE',  ( 50.92608499445506709, -22.62261018568959514, -27.80000000000000071 ) ) ;
#6767 = LINE ( 'NONE', #2702, #5391 ) ;
#6768 = COLOUR_RGB ( '',0.7921568627450980005, 0.8196078431372548767, 0.9333333333333333481 ) ;
#6769 = PLANE ( 'NONE',  #4862 ) ;
#6770 = ADVANCED_FACE ( 'NONE', ( #513 ), #3112, .F. ) ;
#6771 = CARTESIAN_POINT ( 'NONE',  ( -39.99791512390620341, 14.77738981431039100, -17.08578643762689708 ) ) ;
#6772 = ORIENTED_EDGE ( 'NONE', *, *, #3367, .F. ) ;
#6773 = CARTESIAN_POINT ( 'NONE',  ( -39.07391500554492580, -24.62261018568959869, -12.30000000000000959 ) ) ;
#6774 = ORIENTED_EDGE ( 'NONE', *, *, #1240, .F. ) ;
#6775 = CARTESIAN_POINT ( 'NONE',  ( -40.99791512390621051, 15.77738981431040699, 17.08578643762690774 ) ) ;
#6776 = CONICAL_SURFACE ( 'NONE', #5282, 1.000000000000011324, 0.7853981633974447263 ) ;
#6777 = ORIENTED_EDGE ( 'NONE', *, *, #148, .F. ) ;
#6778 = CARTESIAN_POINT ( 'NONE',  ( -36.75206966653746576, -55.40956551209197301, -12.29572597401280554 ) ) ;
#6779 = ORIENTED_EDGE ( 'NONE', *, *, #1221, .T. ) ;
#6780 = LINE ( 'NONE', #5901, #1817 ) ;
#6781 = CARTESIAN_POINT ( 'NONE',  ( -40.64750910647230597, -56.85173119268100805, -10.14797791530585513 ) ) ;
#6782 = ADVANCED_FACE ( 'NONE', ( #3276 ), #6466, .F. ) ;
#6783 = ADVANCED_FACE ( 'NONE', ( #1929 ), #8430, .F. ) ;
#6784 = VECTOR ( 'NONE', #772, 1000.000000000000000 ) ;
#6785 = VECTOR ( 'NONE', #2949, 1000.000000000000000 ) ;
#6786 = CARTESIAN_POINT ( 'NONE',  ( -37.50033856919391440, -59.53115701349302924, 12.71421356237309297 ) ) ;
#6787 = B_SPLINE_CURVE_WITH_KNOTS ( 'NONE', 3,
 ( #7580, #6891, #7669, #6936 ),
 .UNSPECIFIED., .F., .F.,
 ( 4, 4 ),
 ( 0.005398286116789732803, 0.005899303676670211022 ),
 .UNSPECIFIED. ) ;
#6788 = VECTOR ( 'NONE', #5116, 1000.000000000000000 ) ;
#6789 = DIRECTION ( 'NONE',  ( -0.7071067811865501263, 9.704180066913576070E-17, -0.7071067811865449082 ) ) ;
#6790 = AXIS2_PLACEMENT_3D ( 'NONE', #3880, #1925, #5865 ) ;
#6791 = ORIENTED_EDGE ( 'NONE', *, *, #2610, .T. ) ;
#6792 = DIRECTION ( 'NONE',  ( 0.000000000000000000, 0.000000000000000000, -1.000000000000000000 ) ) ;
#6793 = VECTOR ( 'NONE', #6177, 1000.000000000000000 ) ;
#6794 = DIRECTION ( 'NONE',  ( 0.000000000000000000, -0.000000000000000000, -1.000000000000000000 ) ) ;
#6795 = EDGE_CURVE ( 'NONE', #1756, #8353, #7753, .T. ) ;
#6796 = EDGE_CURVE ( 'NONE', #7599, #4759, #5596, .T. ) ;
#6797 = DIRECTION ( 'NONE',  ( -1.000000000000000000, 6.672927148628873676E-17, 1.074186605096821057E-32 ) ) ;
#6798 = AXIS2_PLACEMENT_3D ( 'NONE', #7429, #7345, #2920 ) ;
#6799 = CARTESIAN_POINT ( 'NONE',  ( -33.86831257587687816, 14.77738981431041410, -24.98578643762689211 ) ) ;
#6800 = DIRECTION ( 'NONE',  ( 0.000000000000000000, 1.000000000000000000, 0.000000000000000000 ) ) ;
#6801 = CARTESIAN_POINT ( 'NONE',  ( 50.92608499445506709, -11.35103731043575870, 26.80000000000001492 ) ) ;
#6802 = PLANE ( 'NONE',  #7691 ) ;
#6803 = ORIENTED_EDGE ( 'NONE', *, *, #4712, .T. ) ;
#6804 = ADVANCED_FACE ( 'NONE', ( #7147 ), #7920, .T. ) ;
#6805 = LINE ( 'NONE', #284, #5710 ) ;
#6806 = EDGE_CURVE ( 'NONE', #1233, #7857, #8388, .T. ) ;
#6807 = DIRECTION ( 'NONE',  ( 1.000000000000000000, 0.000000000000000000, 0.000000000000000000 ) ) ;
#6808 = EDGE_LOOP ( 'NONE', ( #4785, #2162, #1482, #3097, #7427 ) ) ;
#6809 = DIRECTION ( 'NONE',  ( -9.158464420884415348E-17, -1.042667367333023879E-16, -1.000000000000000000 ) ) ;
#6810 = DIRECTION ( 'NONE',  ( 0.000000000000000000, 0.000000000000000000, -1.000000000000000000 ) ) ;
#6811 = DIRECTION ( 'NONE',  ( 0.000000000000000000, -1.000000000000000000, 0.000000000000000000 ) ) ;
#6812 = EDGE_LOOP ( 'NONE', ( #5348, #4555, #4920, #493 ) ) ;
#6813 = DIRECTION ( 'NONE',  ( 0.000000000000000000, 0.000000000000000000, -1.000000000000000000 ) ) ;
#6814 = CARTESIAN_POINT ( 'NONE',  ( -45.82754818765661042, 17.95916581580593885, -2.500000000000001332 ) ) ;
#6815 = DIRECTION ( 'NONE',  ( 1.000000000000000000, 0.000000000000000000, 0.000000000000000000 ) ) ;
#6816 = VECTOR ( 'NONE', #1258, 1000.000000000000000 ) ;
#6817 = FACE_OUTER_BOUND ( 'NONE', #6992, .T. ) ;
#6818 = ORIENTED_EDGE ( 'NONE', *, *, #4206, .T. ) ;
#6819 = LINE ( 'NONE', #138, #3873 ) ;
#6820 = ORIENTED_EDGE ( 'NONE', *, *, #8460, .T. ) ;
#6821 = CARTESIAN_POINT ( 'NONE',  ( -47.74395206774986633, 15.77738981431040699, 19.50000000000002132 ) ) ;
#6822 = AXIS2_PLACEMENT_3D ( 'NONE', #680, #1244, #7711 ) ;
#6823 = ORIENTED_EDGE ( 'NONE', *, *, #794, .T. ) ;
#6824 = DIRECTION ( 'NONE',  ( 0.000000000000000000, -1.000000000000000000, -1.734723475976733336E-15 ) ) ;
#6825 = EDGE_LOOP ( 'NONE', ( #2586, #3721, #3890, #5105 ) ) ;
#6826 = CARTESIAN_POINT ( 'NONE',  ( -36.84545985704963300, 13.77738981431037502, -48.87167408952667813 ) ) ;
#6827 = CARTESIAN_POINT ( 'NONE',  ( -33.28252613824997752, 13.77738981431040699, 23.57157287525381406 ) ) ;
#6828 = ORIENTED_EDGE ( 'NONE', *, *, #7822, .T. ) ;
#6829 = EDGE_LOOP ( 'NONE', ( #270, #2998, #2787, #6643 ) ) ;
#6830 = FACE_OUTER_BOUND ( 'NONE', #2374, .T. ) ;
#6831 = EDGE_CURVE ( 'NONE', #2566, #5574, #634, .T. ) ;
#6832 = DIRECTION ( 'NONE',  ( -0.6599369112508958191, -0.7513210187187812084, 0.000000000000000000 ) ) ;
#6833 = VERTEX_POINT ( 'NONE', #5868 ) ;
#6834 = LINE ( 'NONE', #965, #5245 ) ;
#6835 = DIRECTION ( 'NONE',  ( -1.000000000000000000, 0.000000000000000000, 0.000000000000000000 ) ) ;
#6836 = DIRECTION ( 'NONE',  ( 0.000000000000000000, 0.000000000000000000, -1.000000000000000000 ) ) ;
#6837 = CARTESIAN_POINT ( 'NONE',  ( -56.31229685597796930, -28.62261018568959514, -27.80000000000000071 ) ) ;
#6838 = EDGE_CURVE ( 'NONE', #3702, #4811, #3947, .T. ) ;
#6839 = EDGE_CURVE ( 'NONE', #1187, #1418, #2598, .T. ) ;
#6840 = CARTESIAN_POINT ( 'NONE',  ( -36.79059915986094609, -55.46352393058939612, -12.29355398349710882 ) ) ;
#6841 = LINE ( 'NONE', #971, #6531 ) ;
#6842 = DIRECTION ( 'NONE',  ( -0.000000000000000000, -0.000000000000000000, -1.000000000000000000 ) ) ;
#6843 = EDGE_LOOP ( 'NONE', ( #6847, #7094, #4190, #3726 ) ) ;
#6844 = LINE ( 'NONE', #2310, #361 ) ;
#6845 = ORIENTED_EDGE ( 'NONE', *, *, #5923, .F. ) ;
#6846 = DIRECTION ( 'NONE',  ( 1.000000000000000000, 0.000000000000000000, 0.000000000000000000 ) ) ;
#6847 = ORIENTED_EDGE ( 'NONE', *, *, #3750, .F. ) ;
#6848 = DIRECTION ( 'NONE',  ( 0.000000000000000000, -1.000000000000000000, 1.042667367333023879E-16 ) ) ;
#6849 = EDGE_CURVE ( 'NONE', #4782, #8445, #5908, .T. ) ;
#6850 = ADVANCED_FACE ( 'NONE', ( #1966 ), #547, .F. ) ;
#6851 = CARTESIAN_POINT ( 'NONE',  ( -39.50035623377019078, -60.93158445878191998, 10.14797791529774074 ) ) ;
#6852 = CARTESIAN_POINT ( 'NONE',  ( -37.04208573407255045, -54.73411143180972260, 12.96666666666669343 ) ) ;
#6853 = ORIENTED_EDGE ( 'NONE', *, *, #1880, .F. ) ;
#6854 = CARTESIAN_POINT ( 'NONE',  ( -37.26969153928683909, -58.57600129925793908, 12.09510742230370006 ) ) ;
#6855 = CARTESIAN_POINT ( 'NONE',  ( -60.45967341942196072, 2.131715627355464271, 26.80000000000001492 ) ) ;
#6856 = LINE ( 'NONE', #6901, #5139 ) ;
#6857 = CARTESIAN_POINT ( 'NONE',  ( -36.27731715227113796, -58.26786333505128823, 12.96666666666664725 ) ) ;
#6858 = VERTEX_POINT ( 'NONE', #1333 ) ;
#6859 = DIRECTION ( 'NONE',  ( 1.000000000000000000, 0.000000000000000000, 0.000000000000000000 ) ) ;
#6860 = VECTOR ( 'NONE', #487, 1000.000000000000114 ) ;
#6861 = EDGE_LOOP ( 'NONE', ( #3747, #5460, #161, #8377 ) ) ;
#6862 = DIRECTION ( 'NONE',  ( 0.000000000000000000, 0.000000000000000000, 1.000000000000000000 ) ) ;
#6863 = ADVANCED_FACE ( 'NONE', ( #5089 ), #3930, .F. ) ;
#6864 = ORIENTED_EDGE ( 'NONE', *, *, #7166, .F. ) ;
#6865 = LINE ( 'NONE', #4425, #6860 ) ;
#6866 = ORIENTED_EDGE ( 'NONE', *, *, #1728, .F. ) ;
#6867 = FACE_OUTER_BOUND ( 'NONE', #23, .T. ) ;
#6868 = DIRECTION ( 'NONE',  ( -0.000000000000000000, -0.000000000000000000, -1.000000000000000000 ) ) ;
#6869 = AXIS2_PLACEMENT_3D ( 'NONE', #3044, #5676, #8287 ) ;
#6870 = CARTESIAN_POINT ( 'NONE',  ( -37.09356549040369089, -59.24633143738335406, 13.04742499891834129 ) ) ;
#6871 = LINE ( 'NONE', #4853, #2160 ) ;
#6872 = CIRCLE ( 'NONE', #1544, 1.000000000000000888 ) ;
#6873 = ORIENTED_EDGE ( 'NONE', *, *, #7702, .F. ) ;
#6874 = CARTESIAN_POINT ( 'NONE',  ( -54.45967341942196072, 2.131715627355464271, -18.50000000000000000 ) ) ;
#6875 = CARTESIAN_POINT ( 'NONE',  ( -60.97353550225866314, -22.19255200079576795, 27.80000000000000071 ) ) ;
#6876 = DIRECTION ( 'NONE',  ( -0.000000000000000000, 1.000000000000000000, -2.168404344970976821E-16 ) ) ;
#6877 = EDGE_CURVE ( 'NONE', #867, #4084, #32, .T. ) ;
#6878 = DIRECTION ( 'NONE',  ( 0.7071067811865670016, 0.7071067811865281438, 0.000000000000000000 ) ) ;
#6879 = DIRECTION ( 'NONE',  ( 0.000000000000000000, 0.000000000000000000, 1.000000000000000000 ) ) ;
#6880 = VECTOR ( 'NONE', #2783, 1000.000000000000114 ) ;
#6881 = PLANE ( 'NONE',  #5302 ) ;
#6882 = DIRECTION ( 'NONE',  ( -1.000000000000000000, 0.000000000000000000, 0.000000000000000000 ) ) ;
#6883 = ORIENTED_EDGE ( 'NONE', *, *, #5457, .T. ) ;
#6884 = VECTOR ( 'NONE', #1082, 1000.000000000000000 ) ;
#6885 = CARTESIAN_POINT ( 'NONE',  ( -2.671886926795777217, -30.26091427426757718, -13.30000000000005222 ) ) ;
#6886 = EDGE_CURVE ( 'NONE', #1089, #7399, #1846, .T. ) ;
#6887 = ADVANCED_FACE ( 'NONE', ( #1374 ), #4635, .F. ) ;
#6888 = EDGE_LOOP ( 'NONE', ( #6483, #4111, #3331, #7498, #5687, #4570, #6791, #1191 ) ) ;
#6889 = DIRECTION ( 'NONE',  ( -9.158464420884415348E-17, -1.042667367333023879E-16, -1.000000000000000000 ) ) ;
#6890 = VECTOR ( 'NONE', #525, 1000.000000000000000 ) ;
#6891 = CARTESIAN_POINT ( 'NONE',  ( -59.63757692623200057, 2.236807081945947129, -13.32209649318995481 ) ) ;
#6892 = AXIS2_PLACEMENT_3D ( 'NONE', #517, #3195, #5826 ) ;
#6893 = DIRECTION ( 'NONE',  ( 0.000000000000000000, -1.000000000000000000, 0.000000000000000000 ) ) ;
#6894 = LINE ( 'NONE', #4924, #5984 ) ;
#6895 = ORIENTED_EDGE ( 'NONE', *, *, #3015, .T. ) ;
#6896 = AXIS2_PLACEMENT_3D ( 'NONE', #195, #5310, #6751 ) ;
#6897 = LINE ( 'NONE', #1552, #4810 ) ;
#6898 = LINE ( 'NONE', #7542, #2779 ) ;
#6899 = VERTEX_POINT ( 'NONE', #3803 ) ;
#6900 = AXIS2_PLACEMENT_3D ( 'NONE', #5069, #2530, #6012 ) ;
#6901 = CARTESIAN_POINT ( 'NONE',  ( -45.13984960500783927, -56.92383326974012903, -27.80000000000000782 ) ) ;
#6902 = EDGE_CURVE ( 'NONE', #6403, #3135, #3811, .T. ) ;
#6903 = DIRECTION ( 'NONE',  ( -0.7071067811865474617, -0.7071067811865474617, 1.533293416683351458E-16 ) ) ;
#6904 = ORIENTED_EDGE ( 'NONE', *, *, #5280, .F. ) ;
#6905 = ORIENTED_EDGE ( 'NONE', *, *, #8408, .F. ) ;
#6906 = DIRECTION ( 'NONE',  ( -9.158464420884415348E-17, -1.042667367333023879E-16, -1.000000000000000000 ) ) ;
#6907 = ORIENTED_EDGE ( 'NONE', *, *, #222, .T. ) ;
#6908 = CYLINDRICAL_SURFACE ( 'NONE', #8037, 5.999999999999998224 ) ;
#6909 = AXIS2_PLACEMENT_3D ( 'NONE', #6602, #6567, #3379 ) ;
#6910 = VERTEX_POINT ( 'NONE', #2556 ) ;
#6911 = CARTESIAN_POINT ( 'NONE',  ( -38.78102178673147904, -59.70224796621606345, 10.59289321881344037 ) ) ;
#6912 = ORIENTED_EDGE ( 'NONE', *, *, #2675, .T. ) ;
#6913 = PLANE ( 'NONE',  #3713 ) ;
#6914 = CARTESIAN_POINT ( 'NONE',  ( -7.021661118252665983E-16, -10.52261018568957063, 24.97157287525381619 ) ) ;
#6915 = ADVANCED_FACE ( 'NONE', ( #4054 ), #2806, .F. ) ;
#6916 = VECTOR ( 'NONE', #7216, 1000.000000000000000 ) ;
#6917 = VECTOR ( 'NONE', #2120, 1000.000000000000114 ) ;
#6918 = CARTESIAN_POINT ( 'NONE',  ( 15.65556682763982366, -25.62261018568959159, -26.80000000000002203 ) ) ;
#6919 = EDGE_LOOP ( 'NONE', ( #3481, #2831, #143, #4012 ) ) ;
#6920 = DIRECTION ( 'NONE',  ( 0.000000000000000000, 1.000000000000000000, 0.000000000000000000 ) ) ;
#6921 = VECTOR ( 'NONE', #3244, 1000.000000000000000 ) ;
#6922 = CARTESIAN_POINT ( 'NONE',  ( -38.64749144189603669, -55.45130374739212442, -12.71421356237313383 ) ) ;
#6923 = CIRCLE ( 'NONE', #7616, 2.999999999999988898 ) ;
#6924 = CARTESIAN_POINT ( 'NONE',  ( 47.92608499445506709, -9.108396623316490803, -26.38578643762690490 ) ) ;
#6925 = VECTOR ( 'NONE', #7987, 1000.000000000000000 ) ;
#6926 = CONICAL_SURFACE ( 'NONE', #2954, 2.000000000000015543, 0.7853981633974485010 ) ;
#6927 = DIRECTION ( 'NONE',  ( -0.4055797876726384699, 0.5792279653395705497, -0.7071067811865466846 ) ) ;
#6928 = EDGE_CURVE ( 'NONE', #3596, #1224, #1538, .T. ) ;
#6929 = CARTESIAN_POINT ( 'NONE',  ( -41.95408520199404734, -62.64970397905579347, -26.80000000000000426 ) ) ;
#6930 = CARTESIAN_POINT ( 'NONE',  ( -39.50034738832324166, -60.93157826513327535, 10.01668686314887324 ) ) ;
#6931 = AXIS2_PLACEMENT_3D ( 'NONE', #4194, #4602, #8134 ) ;
#6932 = ORIENTED_EDGE ( 'NONE', *, *, #5054, .T. ) ;
#6933 = CARTESIAN_POINT ( 'NONE',  ( -39.07391500554492580, -60.11242004562343055, 9.885786437626896017 ) ) ;
#6934 = VERTEX_POINT ( 'NONE', #4778 ) ;
#6935 = DIRECTION ( 'NONE',  ( 0.4999999999999922839, -0.7071067811865485719, -0.5000000000000063283 ) ) ;
#6936 = CARTESIAN_POINT ( 'NONE',  ( -59.44947128440067985, 2.450960465455849224, -13.50000000000000000 ) ) ;
#6937 = CARTESIAN_POINT ( 'NONE',  ( -39.99791512390618919, 15.77738981431040699, 18.91421356237308515 ) ) ;
#6938 = ADVANCED_FACE ( 'NONE', ( #6629 ), #887, .T. ) ;
#6939 = DIRECTION ( 'NONE',  ( 1.387778780781450211E-15, 1.000000000000000000, 0.000000000000000000 ) ) ;
#6940 = ORIENTED_EDGE ( 'NONE', *, *, #4486, .T. ) ;
#6941 = CARTESIAN_POINT ( 'NONE',  ( -36.72515165593281239, -57.81341943689728424, 12.30000440956467322 ) ) ;
#6942 = EDGE_CURVE ( 'NONE', #7267, #4344, #6121, .T. ) ;
#6943 = DIRECTION ( 'NONE',  ( 1.000000000000000000, 0.000000000000000000, 0.000000000000000000 ) ) ;
#6944 = ORIENTED_EDGE ( 'NONE', *, *, #2749, .T. ) ;
#6945 = DIRECTION ( 'NONE',  ( 0.000000000000000000, -1.000000000000000000, 0.000000000000000000 ) ) ;
#6946 = VECTOR ( 'NONE', #6832, 1000.000000000000114 ) ;
#6947 = DIRECTION ( 'NONE',  ( -0.000000000000000000, -0.000000000000000000, 1.000000000000000000 ) ) ;
#6948 = ORIENTED_EDGE ( 'NONE', *, *, #1170, .T. ) ;
#6949 = CIRCLE ( 'NONE', #4353, 2.000000000000001776 ) ;
#6950 = EDGE_LOOP ( 'NONE', ( #8311, #3688, #7221, #2444 ) ) ;
#6951 = CARTESIAN_POINT ( 'NONE',  ( -39.07391500554492580, -1.177958046184172390E-15, 10.29999999999999716 ) ) ;
#6952 = EDGE_LOOP ( 'NONE', ( #4213, #28, #6905, #5079 ) ) ;
#6953 = CARTESIAN_POINT ( 'NONE',  ( 47.92608499445506709, -25.62261018568959159, -13.30000000000000249 ) ) ;
#6954 = ORIENTED_EDGE ( 'NONE', *, *, #3859, .F. ) ;
#6955 = ADVANCED_FACE ( 'NONE', ( #120 ), #7996, .T. ) ;
#6956 = ADVANCED_FACE ( 'NONE', ( #2136 ), #4502, .T. ) ;
#6957 = ORIENTED_EDGE ( 'NONE', *, *, #4586, .T. ) ;
#6958 = ORIENTED_EDGE ( 'NONE', *, *, #8039, .F. ) ;
#6959 = PLANE ( 'NONE',  #4265 ) ;
#6960 = VERTEX_POINT ( 'NONE', #242 ) ;
#6961 = AXIS2_PLACEMENT_3D ( 'NONE', #1508, #8008, #6810 ) ;
#6962 = CARTESIAN_POINT ( 'NONE',  ( -3.819039799497872867, -28.62261018568959514, -12.30000000000001137 ) ) ;
#6963 = DIRECTION ( 'NONE',  ( 0.000000000000000000, 0.000000000000000000, 1.000000000000000000 ) ) ;
#6964 = ORIENTED_EDGE ( 'NONE', *, *, #6136, .T. ) ;
#6965 = CIRCLE ( 'NONE', #4907, 2.000000000000014655 ) ;
#6966 = EDGE_CURVE ( 'NONE', #2150, #5113, #1640, .T. ) ;
#6967 = CIRCLE ( 'NONE', #6287, 5.999999999999998224 ) ;
#6968 = DIRECTION ( 'NONE',  ( 0.000000000000000000, -1.000000000000000000, -1.143648588528323197E-16 ) ) ;
#6969 = ORIENTED_EDGE ( 'NONE', *, *, #7741, .F. ) ;
#6970 = ORIENTED_EDGE ( 'NONE', *, *, #2647, .F. ) ;
#6971 = CARTESIAN_POINT ( 'NONE',  ( -3.819039799497872867, -25.62261018568955251, -12.30000000000000959 ) ) ;
#6972 = PLANE ( 'NONE',  #3619 ) ;
#6973 = DIRECTION ( 'NONE',  ( 0.000000000000000000, -1.000000000000000000, 0.000000000000000000 ) ) ;
#6974 = CARTESIAN_POINT ( 'NONE',  ( -59.63757692623200057, 2.236807081945942688, 18.67790350681005052 ) ) ;
#6975 = EDGE_CURVE ( 'NONE', #4646, #1722, #1499, .T. ) ;
#6976 = CARTESIAN_POINT ( 'NONE',  ( -47.74395206774986633, 9.777389814310405214, 27.80000000000000071 ) ) ;
#6977 = ORIENTED_EDGE ( 'NONE', *, *, #4625, .T. ) ;
#6978 = DIRECTION ( 'NONE',  ( 0.000000000000000000, 0.7071067811865450192, -0.7071067811865500152 ) ) ;
#6979 = ORIENTED_EDGE ( 'NONE', *, *, #5773, .T. ) ;
#6980 = CARTESIAN_POINT ( 'NONE',  ( 49.92608499445507420, -8.522610185689574180, 27.80000000000000071 ) ) ;
#6981 = CARTESIAN_POINT ( 'NONE',  ( -38.99791512390618919, 15.77738981431040699, 1.085786437626907741 ) ) ;
#6982 = CARTESIAN_POINT ( 'NONE',  ( 15.65556682763982366, -25.62261018568959159, 26.80000000000001847 ) ) ;
#6983 = DIRECTION ( 'NONE',  ( 0.5312641871840338981, -0.4666458651008154046, -0.7071067811865471286 ) ) ;
#6984 = VERTEX_POINT ( 'NONE', #841 ) ;
#6985 = CARTESIAN_POINT ( 'NONE',  ( -36.65970144317183355, -25.62261018568955251, -12.30000000000000959 ) ) ;
#6986 = DIRECTION ( 'NONE',  ( -0.000000000000000000, -0.000000000000000000, 1.000000000000000000 ) ) ;
#6987 = ORIENTED_EDGE ( 'NONE', *, *, #192, .T. ) ;
#6988 = LINE ( 'NONE', #8319, #8303 ) ;
#6989 = DIRECTION ( 'NONE',  ( 0.000000000000000000, 0.000000000000000000, -1.000000000000000000 ) ) ;
#6990 = EDGE_CURVE ( 'NONE', #3130, #5147, #5602, .T. ) ;
#6991 = ORIENTED_EDGE ( 'NONE', *, *, #4689, .F. ) ;
#6992 = EDGE_LOOP ( 'NONE', ( #6571, #2262, #6196, #1358 ) ) ;
#6993 = CARTESIAN_POINT ( 'NONE',  ( -39.25967341942191524, 10.16317625193741492, -48.87167408952667813 ) ) ;
#6994 = CARTESIAN_POINT ( 'NONE',  ( 7.051920282374118720, -28.33532952135472982, 26.80000000000001847 ) ) ;
#6995 = ORIENTED_EDGE ( 'NONE', *, *, #6323, .T. ) ;
#6996 = ORIENTED_EDGE ( 'NONE', *, *, #2217, .T. ) ;
#6997 = ORIENTED_EDGE ( 'NONE', *, *, #633, .F. ) ;
#6998 = FACE_OUTER_BOUND ( 'NONE', #5466, .T. ) ;
#6999 = ORIENTED_EDGE ( 'NONE', *, *, #4683, .F. ) ;
#7000 = DIRECTION ( 'NONE',  ( -1.000000000000000000, 0.000000000000000000, 0.000000000000000000 ) ) ;
#7001 = DIRECTION ( 'NONE',  ( 0.000000000000000000, 0.000000000000000000, 1.000000000000000000 ) ) ;
#7002 = ADVANCED_FACE ( 'NONE', ( #3363 ), #4659, .F. ) ;
#7003 = EDGE_CURVE ( 'NONE', #702, #2990, #5047, .T. ) ;
#7004 = ORIENTED_EDGE ( 'NONE', *, *, #6460, .F. ) ;
#7005 = ORIENTED_EDGE ( 'NONE', *, *, #8248, .T. ) ;
#7006 = CARTESIAN_POINT ( 'NONE',  ( 15.65556682763982366, -24.62261018568958804, 27.80000000000000071 ) ) ;
#7007 = EDGE_LOOP ( 'NONE', ( #283, #5463, #136, #2063 ) ) ;
#7008 = VECTOR ( 'NONE', #4162, 1000.000000000000000 ) ;
#7009 = CARTESIAN_POINT ( 'NONE',  ( 50.92608499445506709, -22.62261018568959514, -13.29999999999999893 ) ) ;
#7010 = DIRECTION ( 'NONE',  ( 0.000000000000000000, 1.000000000000000000, -1.042667367333023879E-16 ) ) ;
#7011 = ORIENTED_EDGE ( 'NONE', *, *, #7227, .F. ) ;
#7012 = EDGE_CURVE ( 'NONE', #7290, #666, #7441, .T. ) ;
#7013 = EDGE_CURVE ( 'NONE', #4417, #2362, #1582, .T. ) ;
#7014 = VECTOR ( 'NONE', #6134, 1000.000000000000114 ) ;
#7015 = CARTESIAN_POINT ( 'NONE',  ( -37.26969153928683909, -56.13445212173506604, -12.09510742230371960 ) ) ;
#7016 = LINE ( 'NONE', #1839, #5405 ) ;
#7017 = ORIENTED_EDGE ( 'NONE', *, *, #5781, .T. ) ;
#7018 = EDGE_CURVE ( 'NONE', #643, #7587, #2686, .T. ) ;
#7019 = VECTOR ( 'NONE', #4758, 1000.000000000000000 ) ;
#7020 = PLANE ( 'NONE',  #4013 ) ;
#7021 = CARTESIAN_POINT ( 'NONE',  ( -65.63123590226842907, -6.471820925021154025, -27.80000000000000426 ) ) ;
#7022 = CARTESIAN_POINT ( 'NONE',  ( -39.99791512390617498, 15.77738981431040699, -13.08578643762690952 ) ) ;
#7023 = VERTEX_POINT ( 'NONE', #2092 ) ;
#7024 = DIRECTION ( 'NONE',  ( -0.000000000000000000, 1.000000000000000000, -0.000000000000000000 ) ) ;
#7025 = PLANE ( 'NONE',  #5668 ) ;
#7026 = AXIS2_PLACEMENT_3D ( 'NONE', #430, #5670, #8280 ) ;
#7027 = CARTESIAN_POINT ( 'NONE',  ( -49.45967341942195361, 3.187440320649923109, -27.80000000000000071 ) ) ;
#7028 = ORIENTED_EDGE ( 'NONE', *, *, #4979, .F. ) ;
#7029 = CARTESIAN_POINT ( 'NONE',  ( -36.08612500682082924, -58.54091401648098270, 13.29999999999997939 ) ) ;
#7030 = ORIENTED_EDGE ( 'NONE', *, *, #369, .F. ) ;
#7031 = CIRCLE ( 'NONE', #50, 1.999999999999998224 ) ;
#7032 = ORIENTED_EDGE ( 'NONE', *, *, #5396, .F. ) ;
#7033 = DIRECTION ( 'NONE',  ( 9.158464420884415348E-17, 1.042667367333023879E-16, 1.000000000000000000 ) ) ;
#7034 = FACE_OUTER_BOUND ( 'NONE', #4589, .T. ) ;
#7035 = AXIS2_PLACEMENT_3D ( 'NONE', #3275, #1332, #511 ) ;
#7036 = ORIENTED_EDGE ( 'NONE', *, *, #4841, .F. ) ;
#7037 = VERTEX_POINT ( 'NONE', #7921 ) ;
#7038 = ORIENTED_EDGE ( 'NONE', *, *, #1199, .F. ) ;
#7039 = EDGE_CURVE ( 'NONE', #890, #637, #805, .T. ) ;
#7040 = DIRECTION ( 'NONE',  ( 0.000000000000000000, -1.000000000000000000, 1.042667367333023879E-16 ) ) ;
#7041 = ORIENTED_EDGE ( 'NONE', *, *, #448, .F. ) ;
#7042 = LINE ( 'NONE', #3738, #5221 ) ;
#7043 = DIRECTION ( 'NONE',  ( 1.000000000000000000, 0.000000000000000000, 0.000000000000000000 ) ) ;
#7044 = VECTOR ( 'NONE', #5884, 1000.000000000000114 ) ;
#7045 = ORIENTED_EDGE ( 'NONE', *, *, #5477, .T. ) ;
#7046 = VERTEX_POINT ( 'NONE', #4697 ) ;
#7047 = DIRECTION ( 'NONE',  ( -0.000000000000000000, 1.000000000000000000, -2.168404344970976821E-16 ) ) ;
#7048 = CARTESIAN_POINT ( 'NONE',  ( -53.31229685597797641, -28.62261018568959514, -27.80000000000000782 ) ) ;
#7049 = EDGE_LOOP ( 'NONE', ( #6379, #226, #2694, #6271, #2050, #6275, #1695, #6912, #3944, #2741, #6940, #4051, #6334, #1302, #126, #3978, #2811, #6395, #3410, #8459, #5540, #6596, #1819, #2539, #1509, #7929, #2605, #1169, #1253, #8447 ) ) ;
#7050 = EDGE_CURVE ( 'NONE', #7915, #328, #3407, .T. ) ;
#7051 = CARTESIAN_POINT ( 'NONE',  ( -59.45967341942196782, -2.471820925021154025, 27.80000000000000071 ) ) ;
#7052 = DIRECTION ( 'NONE',  ( 0.000000000000000000, -0.000000000000000000, -1.000000000000000000 ) ) ;
#7053 = AXIS2_PLACEMENT_3D ( 'NONE', #1328, #7749, #5050 ) ;
#7054 = AXIS2_PLACEMENT_3D ( 'NONE', #5896, #6543, #8418 ) ;
#7055 = VECTOR ( 'NONE', #2996, 1000.000000000000000 ) ;
#7056 = DIRECTION ( 'NONE',  ( 1.000000000000000000, -0.000000000000000000, 0.000000000000000000 ) ) ;
#7057 = ADVANCED_FACE ( 'NONE', ( #2761 ), #4923, .T. ) ;
#7058 = CIRCLE ( 'NONE', #7474, 2.000000000000015543 ) ;
#7059 = EDGE_CURVE ( 'NONE', #4868, #6715, #410, .T. ) ;
#7060 = EDGE_CURVE ( 'NONE', #1362, #2782, #6965, .T. ) ;
#7061 = CARTESIAN_POINT ( 'NONE',  ( -38.94174680789709697, -59.92732970901425205, 10.38693680747508274 ) ) ;
#7062 = ORIENTED_EDGE ( 'NONE', *, *, #7808, .T. ) ;
#7063 = CARTESIAN_POINT ( 'NONE',  ( -59.44947128440067274, 2.450960465455857662, 13.50000000000000000 ) ) ;
#7064 = CONICAL_SURFACE ( 'NONE', #2546, 2.000000000000008882, 0.7853981633974504994 ) ;
#7065 = FACE_OUTER_BOUND ( 'NONE', #7389, .T. ) ;
#7066 = DIRECTION ( 'NONE',  ( -0.7071067811865524577, 0.000000000000000000, 0.7071067811865426878 ) ) ;
#7067 = AXIS2_PLACEMENT_3D ( 'NONE', #7112, #720, #1285 ) ;
#7068 = CARTESIAN_POINT ( 'NONE',  ( -3.819039799497872867, -28.62261018568959514, -13.30000000000005222 ) ) ;
#7069 = EDGE_CURVE ( 'NONE', #5834, #3373, #8410, .T. ) ;
#7070 = EDGE_LOOP ( 'NONE', ( #3523, #2461, #6666, #8196 ) ) ;
#7071 = CARTESIAN_POINT ( 'NONE',  ( 47.92608499445506709, -22.62261018568959514, 27.80000000000000071 ) ) ;
#7072 = CARTESIAN_POINT ( 'NONE',  ( 7.051920282374118720, -28.33532952135472982, 13.29999999999997939 ) ) ;
#7073 = CIRCLE ( 'NONE', #6115, 5.999999999999998224 ) ;
#7074 = ORIENTED_EDGE ( 'NONE', *, *, #1792, .T. ) ;
#7075 = EDGE_CURVE ( 'NONE', #8282, #2706, #2343, .T. ) ;
#7076 = FACE_OUTER_BOUND ( 'NONE', #6095, .T. ) ;
#7077 = ORIENTED_EDGE ( 'NONE', *, *, #1126, .T. ) ;
#7078 = LINE ( 'NONE', #4540, #3907 ) ;
#7079 = ORIENTED_EDGE ( 'NONE', *, *, #7786, .T. ) ;
#7080 = VECTOR ( 'NONE', #5684, 1000.000000000000000 ) ;
#7081 = VERTEX_POINT ( 'NONE', #7622 ) ;
#7082 = DIRECTION ( 'NONE',  ( 1.000000000000000000, 0.000000000000000000, 0.000000000000000000 ) ) ;
#7083 = DIRECTION ( 'NONE',  ( 1.000000000000000000, 0.000000000000000000, 0.000000000000000000 ) ) ;
#7084 = ORIENTED_EDGE ( 'NONE', *, *, #8014, .T. ) ;
#7085 = ORIENTED_EDGE ( 'NONE', *, *, #3109, .T. ) ;
#7086 = FACE_OUTER_BOUND ( 'NONE', #5715, .T. ) ;
#7087 = ORIENTED_EDGE ( 'NONE', *, *, #6975, .F. ) ;
#7088 = AXIS2_PLACEMENT_3D ( 'NONE', #8415, #1831, #5733 ) ;
#7089 = EDGE_CURVE ( 'NONE', #2842, #5452, #2304, .T. ) ;
#7090 = DIRECTION ( 'NONE',  ( -0.000000000000000000, -0.000000000000000000, -1.000000000000000000 ) ) ;
#7091 = CIRCLE ( 'NONE', #5999, 2.000000000000000000 ) ;
#7092 = ORIENTED_EDGE ( 'NONE', *, *, #5110, .T. ) ;
#7093 = CARTESIAN_POINT ( 'NONE',  ( -37.26348256802236136, -56.12574815877626122, 12.09745687902343114 ) ) ;
#7094 = ORIENTED_EDGE ( 'NONE', *, *, #848, .T. ) ;
#7095 = LINE ( 'NONE', #1231, #3658 ) ;
#7096 = CONICAL_SURFACE ( 'NONE', #2429, 2.999999999999988898, 0.7853981633974513876 ) ;
#7097 = CARTESIAN_POINT ( 'NONE',  ( -58.96759953173464908, 6.091337094860836743, 19.50000000000001776 ) ) ;
#7098 = ORIENTED_EDGE ( 'NONE', *, *, #7089, .F. ) ;
#7099 = CARTESIAN_POINT ( 'NONE',  ( -47.74395206774986633, 9.777389814310405214, -12.49999999999998757 ) ) ;
#7100 = DIRECTION ( 'NONE',  ( 1.000000000000000000, 0.000000000000000000, 0.000000000000000000 ) ) ;
#7101 = AXIS2_PLACEMENT_3D ( 'NONE', #2654, #7888, #4630 ) ;
#7102 = EDGE_CURVE ( 'NONE', #4457, #5900, #3616, .T. ) ;
#7103 = AXIS2_PLACEMENT_3D ( 'NONE', #6350, #2475, #3722 ) ;
#7104 = DIRECTION ( 'NONE',  ( -1.000000000000000000, 0.000000000000000000, 9.158464420884415348E-17 ) ) ;
#7105 = VECTOR ( 'NONE', #5351, 1000.000000000000000 ) ;
#7106 = CARTESIAN_POINT ( 'NONE',  ( -40.12296596311233543, -57.12476950524123254, -9.885786437626924439 ) ) ;
#7107 = CARTESIAN_POINT ( 'NONE',  ( -54.45967341942196072, 2.131715627355464271, -2.499999999999998668 ) ) ;
#7108 = ADVANCED_FACE ( 'NONE', ( #4362 ), #1367, .F. ) ;
#7109 = EDGE_CURVE ( 'NONE', #2420, #7884, #5867, .T. ) ;
#7110 = LINE ( 'NONE', #5261, #3604 ) ;
#7111 = DIRECTION ( 'NONE',  ( 0.000000000000000000, -1.000000000000000000, 1.042667367333023879E-16 ) ) ;
#7112 = CARTESIAN_POINT ( 'NONE',  ( 13.91253146866161039, -19.86915408570596142, -27.80000000000000071 ) ) ;
#7113 = DIRECTION ( 'NONE',  ( 0.6599369112508958191, 0.7513210187187812084, 0.000000000000000000 ) ) ;
#7114 = CARTESIAN_POINT ( 'NONE',  ( -39.07391500554492580, -25.62261018568955251, -9.885786437626912004 ) ) ;
#7115 = ORIENTED_EDGE ( 'NONE', *, *, #5081, .T. ) ;
#7116 = DIRECTION ( 'NONE',  ( -1.000000000000000000, 0.000000000000000000, 0.000000000000000000 ) ) ;
#7117 = EDGE_LOOP ( 'NONE', ( #8358, #2611, #6958, #3599 ) ) ;
#7118 = DIRECTION ( 'NONE',  ( -0.000000000000000000, 0.7071067811865495711, -0.7071067811865455743 ) ) ;
#7119 = ORIENTED_EDGE ( 'NONE', *, *, #7515, .T. ) ;
#7120 = EDGE_CURVE ( 'NONE', #2491, #7471, #2257, .T. ) ;
#7121 = ORIENTED_EDGE ( 'NONE', *, *, #7407, .F. ) ;
#7122 = PLANE ( 'NONE',  #591 ) ;
#7123 = LINE ( 'NONE', #3942, #5864 ) ;
#7124 = VERTEX_POINT ( 'NONE', #5559 ) ;
#7125 = ORIENTED_EDGE ( 'NONE', *, *, #2293, .F. ) ;
#7126 = EDGE_LOOP ( 'NONE', ( #6255, #2997, #335, #1822 ) ) ;
#7127 = CARTESIAN_POINT ( 'NONE',  ( -62.45967341942196072, -5.471820925021146920, -27.80000000000000071 ) ) ;
#7128 = FACE_OUTER_BOUND ( 'NONE', #2235, .T. ) ;
#7129 = DIRECTION ( 'NONE',  ( -0.000000000000000000, 1.000000000000000000, -1.042667367333023879E-16 ) ) ;
#7130 = EDGE_LOOP ( 'NONE', ( #8177, #429, #4259, #6476 ) ) ;
#7131 = DIRECTION ( 'NONE',  ( 0.000000000000000000, -1.000000000000000000, 1.042667367333023879E-16 ) ) ;
#7132 = ORIENTED_EDGE ( 'NONE', *, *, #3269, .T. ) ;
#7133 = EDGE_CURVE ( 'NONE', #3323, #911, #3185, .T. ) ;
#7134 = CARTESIAN_POINT ( 'NONE',  ( -47.74395206774986633, 9.777389814310405214, 27.80000000000000071 ) ) ;
#7135 = CARTESIAN_POINT ( 'NONE',  ( 50.92608499445506709, -10.64393052924922323, -26.50710678118656105 ) ) ;
#7136 = ORIENTED_EDGE ( 'NONE', *, *, #7682, .T. ) ;
#7137 = DIRECTION ( 'NONE',  ( 0.000000000000000000, 0.7071067811865500152, -0.7071067811865450192 ) ) ;
#7138 = DIRECTION ( 'NONE',  ( 1.000000000000000000, 0.000000000000000000, 0.000000000000000000 ) ) ;
#7139 = VECTOR ( 'NONE', #1052, 1000.000000000000000 ) ;
#7140 = DIRECTION ( 'NONE',  ( 0.000000000000000000, -1.000000000000000000, 1.042667367333023879E-16 ) ) ;
#7141 = CARTESIAN_POINT ( 'NONE',  ( 50.92608499445506709, -10.52261018568957418, -15.12842712474621010 ) ) ;
#7142 = EDGE_CURVE ( 'NONE', #2524, #728, #8213, .T. ) ;
#7143 = VERTEX_POINT ( 'NONE', #2425 ) ;
#7144 = LINE ( 'NONE', #1280, #8138 ) ;
#7145 = AXIS2_PLACEMENT_3D ( 'NONE', #7649, #5539, #4891 ) ;
#7146 = CARTESIAN_POINT ( 'NONE',  ( 49.92608499445506709, 5.536000648959316095, -12.30000000000000604 ) ) ;
#7147 = FACE_OUTER_BOUND ( 'NONE', #7611, .T. ) ;
#7148 = CARTESIAN_POINT ( 'NONE',  ( -58.96759953173464908, 6.091337094860836743, 19.50000000000001776 ) ) ;
#7149 = DIRECTION ( 'NONE',  ( 0.000000000000000000, -0.7071067811865500152, -0.7071067811865451302 ) ) ;
#7150 = ADVANCED_FACE ( 'NONE', ( #366 ), #8339, .T. ) ;
#7151 = CARTESIAN_POINT ( 'NONE',  ( 15.63326077771476008, -22.32661021857294870, 26.80000000000001847 ) ) ;
#7152 = ORIENTED_EDGE ( 'NONE', *, *, #1625, .T. ) ;
#7153 = ADVANCED_FACE ( 'NONE', ( #1017 ), #5046, .T. ) ;
#7154 = CARTESIAN_POINT ( 'NONE',  ( -37.51095326299616062, 13.57594803827214314, 27.80000000000000071 ) ) ;
#7155 = ORIENTED_EDGE ( 'NONE', *, *, #6009, .T. ) ;
#7156 = CARTESIAN_POINT ( 'NONE',  ( -36.99331118330718482, -58.18893299515394091, 12.24293183233931970 ) ) ;
#7157 = AXIS2_PLACEMENT_3D ( 'NONE', #6290, #5735, #6329 ) ;
#7158 = ORIENTED_EDGE ( 'NONE', *, *, #7827, .T. ) ;
#7159 = VERTEX_POINT ( 'NONE', #6383 ) ;
#7160 = DIRECTION ( 'NONE',  ( -0.6336872742246399959, -0.4437126062796578063, -0.6336872742246442147 ) ) ;
#7161 = CARTESIAN_POINT ( 'NONE',  ( -41.41212868627928856, 14.77738981431039100, -14.50000000000000178 ) ) ;
#7162 = VERTEX_POINT ( 'NONE', #7867 ) ;
#7163 = VERTEX_POINT ( 'NONE', #3183 ) ;
#7164 = CIRCLE ( 'NONE', #856, 4.999999999999976907 ) ;
#7165 = CARTESIAN_POINT ( 'NONE',  ( -37.51095326299616062, 13.57594803827214314, 27.80000000000000071 ) ) ;
#7166 = EDGE_CURVE ( 'NONE', #880, #7245, #3532, .T. ) ;
#7167 = CARTESIAN_POINT ( 'NONE',  ( -47.74395206774986633, 9.777389814310405214, -13.50000000000000000 ) ) ;
#7168 = ADVANCED_FACE ( 'NONE', ( #6548 ), #3230, .F. ) ;
#7169 = DIRECTION ( 'NONE',  ( 0.7071067811865474617, 0.000000000000000000, -0.7071067811865474617 ) ) ;
#7171 = CARTESIAN_POINT ( 'NONE',  ( 50.92608499445506709, 0.000000000000000000, -26.80000000000001492 ) ) ;
#7170 = PRODUCT_DEFINITION_CONTEXT ( 'detailed design', #2570, 'design' ) ;
#7172 = ORIENTED_EDGE ( 'NONE', *, *, #1730, .F. ) ;
#7173 = AXIS2_PLACEMENT_3D ( 'NONE', #7510, #6272, #5583 ) ;
#7174 = ORIENTED_EDGE ( 'NONE', *, *, #3716, .T. ) ;
#7175 = DIRECTION ( 'NONE',  ( 0.000000000000000000, 1.000000000000000000, 0.000000000000000000 ) ) ;
#7176 = ORIENTED_EDGE ( 'NONE', *, *, #3435, .T. ) ;
#7177 = CYLINDRICAL_SURFACE ( 'NONE', #3385, 5.999999999999998224 ) ;
#7178 = VECTOR ( 'NONE', #4753, 1000.000000000000000 ) ;
#7179 = CARTESIAN_POINT ( 'NONE',  ( -41.41212868627928856, 15.77738981431040699, -12.49999999999998757 ) ) ;
#7180 = ORIENTED_EDGE ( 'NONE', *, *, #4666, .F. ) ;
#7181 = CARTESIAN_POINT ( 'NONE',  ( -37.36680822435838678, -58.71200496920402401, -12.00710678118656283 ) ) ;
#7182 = VECTOR ( 'NONE', #279, 999.9999999999998863 ) ;
#7183 = CARTESIAN_POINT ( 'NONE',  ( -38.22059703605015812, -55.72435442882180467, -12.47851130197761016 ) ) ;
#7184 = ADVANCED_FACE ( 'NONE', ( #5169 ), #3923, .T. ) ;
#7185 = B_SPLINE_CURVE_WITH_KNOTS ( 'NONE', 3,
 ( #5615, #6851, #468, #5745, #3628, #6214 ),
 .UNSPECIFIED., .F., .F.,
 ( 4, 2, 4 ),
 ( 0.000000000000000000, 0.5000000000000000000, 1.000000000000000000 ),
 .UNSPECIFIED. ) ;
#7186 = PLANE ( 'NONE',  #2582 ) ;
#7187 = DIRECTION ( 'NONE',  ( 0.000000000000000000, 0.000000000000000000, 1.000000000000000000 ) ) ;
#7188 = CARTESIAN_POINT ( 'NONE',  ( -54.45967341942196072, 2.131715627355464271, 19.50000000000001776 ) ) ;
#7189 = ORIENTED_EDGE ( 'NONE', *, *, #1635, .F. ) ;
#7190 = AXIS2_PLACEMENT_3D ( 'NONE', #905, #4756, #2866 ) ;
#7191 = DIRECTION ( 'NONE',  ( 0.000000000000000000, -1.000000000000000000, 0.000000000000000000 ) ) ;
#7192 = EDGE_CURVE ( 'NONE', #3508, #216, #2986, .T. ) ;
#7193 = AXIS2_PLACEMENT_3D ( 'NONE', #3562, #6058, #2168 ) ;
#7194 = DIRECTION ( 'NONE',  ( 0.000000000000000000, 0.000000000000000000, -1.000000000000000000 ) ) ;
#7195 = FACE_OUTER_BOUND ( 'NONE', #4365, .T. ) ;
#7196 = ORIENTED_EDGE ( 'NONE', *, *, #457, .T. ) ;
#7197 = CARTESIAN_POINT ( 'NONE',  ( -59.72988597684204848, 2.131715627355462050, -18.77021255742010553 ) ) ;
#7198 = DIRECTION ( 'NONE',  ( -0.000000000000000000, -1.000000000000000000, 0.000000000000000000 ) ) ;
#7199 = ORIENTED_EDGE ( 'NONE', *, *, #848, .F. ) ;
#7200 = AXIS2_PLACEMENT_3D ( 'NONE', #7390, #3439, #2251 ) ;
#7201 = DIRECTION ( 'NONE',  ( 0.000000000000000000, 0.000000000000000000, -1.000000000000000000 ) ) ;
#7202 = AXIS2_PLACEMENT_3D ( 'NONE', #4198, #821, #6815 ) ;
#7203 = FACE_OUTER_BOUND ( 'NONE', #6230, .T. ) ;
#7204 = ORIENTED_EDGE ( 'NONE', *, *, #2339, .F. ) ;
#7205 = ORIENTED_EDGE ( 'NONE', *, *, #4523, .F. ) ;
#7206 = CARTESIAN_POINT ( 'NONE',  ( -54.45967341942196072, 2.131715627355464271, -3.500000000000013323 ) ) ;
#7207 = EDGE_CURVE ( 'NONE', #7855, #4246, #1237, .T. ) ;
#7208 = CIRCLE ( 'NONE', #1602, 4.000000000000003553 ) ;
#7209 = CARTESIAN_POINT ( 'NONE',  ( -33.28252613824997752, 0.000000000000000000, -23.57157287525380340 ) ) ;
#7210 = AXIS2_PLACEMENT_3D ( 'NONE', #1022, #6342, #2430 ) ;
#7211 = CIRCLE ( 'NONE', #910, 2.000000000000011990 ) ;
#7212 = ORIENTED_EDGE ( 'NONE', *, *, #4941, .F. ) ;
#7213 = CARTESIAN_POINT ( 'NONE',  ( -53.31229685597797641, -28.62261018568959514, 26.79999999999998650 ) ) ;
#7214 = PLANE ( 'NONE',  #4948 ) ;
#7215 = LINE ( 'NONE', #5800, #212 ) ;
#7216 = DIRECTION ( 'NONE',  ( 0.7071067811865449082, 0.000000000000000000, -0.7071067811865501263 ) ) ;
#7217 = ORIENTED_EDGE ( 'NONE', *, *, #8093, .F. ) ;
#7218 = DIRECTION ( 'NONE',  ( -6.162975822039156098E-33, -1.000000000000000000, 1.042667367333023879E-16 ) ) ;
#7219 = EDGE_CURVE ( 'NONE', #923, #532, #6292, .T. ) ;
#7220 = EDGE_CURVE ( 'NONE', #2062, #5626, #6425, .T. ) ;
#7221 = ORIENTED_EDGE ( 'NONE', *, *, #4852, .F. ) ;
#7222 = DIRECTION ( 'NONE',  ( 1.000000000000000000, 0.000000000000000000, -9.158464420884415348E-17 ) ) ;
#7223 = CARTESIAN_POINT ( 'NONE',  ( -39.07391500554492580, -57.67087086810058594, -9.885786437626919110 ) ) ;
#7224 = ORIENTED_EDGE ( 'NONE', *, *, #7487, .F. ) ;
#7225 = CARTESIAN_POINT ( 'NONE',  ( -53.31229685597797641, -25.62261018568957027, 27.80000000000000071 ) ) ;
#7226 = CARTESIAN_POINT ( 'NONE',  ( -36.09673970062306125, 0.000000000000000000, 27.21421356237309297 ) ) ;
#7227 = EDGE_CURVE ( 'NONE', #1179, #3323, #2003, .T. ) ;
#7228 = AXIS2_PLACEMENT_3D ( 'NONE', #8216, #7047, #1188 ) ;
#7229 = DIRECTION ( 'NONE',  ( -0.000000000000000000, -1.000000000000000000, -0.000000000000000000 ) ) ;
#7230 = ORIENTED_EDGE ( 'NONE', *, *, #3570, .T. ) ;
#7231 = ORIENTED_EDGE ( 'NONE', *, *, #3960, .T. ) ;
#7232 = CONICAL_SURFACE ( 'NONE', #5456, 1.000000000000000888, 0.7853981633974375098 ) ;
#7233 = DIRECTION ( 'NONE',  ( -0.5735764363510471586, 0.8191520442889910214, 0.000000000000000000 ) ) ;
#7234 = ORIENTED_EDGE ( 'NONE', *, *, #7133, .T. ) ;
#7235 = CARTESIAN_POINT ( 'NONE',  ( -36.65970144317183355, -57.72176197219197746, 12.29999999999999183 ) ) ;
#7236 = ADVANCED_FACE ( 'NONE', ( #5083 ), #7186, .T. ) ;
#7237 = DIRECTION ( 'NONE',  ( 1.000000000000000000, 1.080439744154498050E-16, 0.000000000000000000 ) ) ;
#7238 = CARTESIAN_POINT ( 'NONE',  ( 50.92608499445506709, -10.64393052924922323, -26.50710678118656105 ) ) ;
#7239 = LINE ( 'NONE', #2600, #1496 ) ;
#7240 = DIRECTION ( 'NONE',  ( 0.000000000000000000, 0.000000000000000000, 1.000000000000000000 ) ) ;
#7241 = ORIENTED_EDGE ( 'NONE', *, *, #2995, .T. ) ;
#7242 = CARTESIAN_POINT ( 'NONE',  ( -60.45967341942196072, 1.300871594449326318, -19.50000000000002132 ) ) ;
#7243 = CARTESIAN_POINT ( 'NONE',  ( -38.07391500554496844, -26.62261018568959514, 12.71421356237311429 ) ) ;
#7244 = EDGE_LOOP ( 'NONE', ( #5401, #6364, #5564, #1871 ) ) ;
#7245 = VERTEX_POINT ( 'NONE', #1277 ) ;
#7246 = CARTESIAN_POINT ( 'NONE',  ( -36.30645759615187274, 31.89045812311326600, 27.80000000000000071 ) ) ;
#7247 = DIRECTION ( 'NONE',  ( 0.000000000000000000, 0.000000000000000000, -1.000000000000000000 ) ) ;
#7248 = EDGE_LOOP ( 'NONE', ( #2022, #6932, #3392, #6823 ) ) ;
#7249 = ORIENTED_EDGE ( 'NONE', *, *, #1827, .T. ) ;
#7250 = DIRECTION ( 'NONE',  ( 0.000000000000000000, 1.372378306233987934E-16, -1.000000000000000000 ) ) ;
#7251 = DIRECTION ( 'NONE',  ( 0.000000000000000000, 1.000000000000000000, -0.000000000000000000 ) ) ;
#7252 = CARTESIAN_POINT ( 'NONE',  ( -37.30610519912449519, -59.39515334359853682, -12.89021484455818189 ) ) ;
#7253 = ADVANCED_FACE ( 'NONE', ( #5210 ), #2967, .T. ) ;
#7254 = CARTESIAN_POINT ( 'NONE',  ( -37.50033856919407782, -59.53115701349312872, -12.71421356237295619 ) ) ;
#7255 = ORIENTED_EDGE ( 'NONE', *, *, #3015, .F. ) ;
#7256 = CARTESIAN_POINT ( 'NONE',  ( 15.65556682763982366, -25.62261018568959159, 27.80000000000000071 ) ) ;
#7257 = VERTEX_POINT ( 'NONE', #3875 ) ;
#7258 = CARTESIAN_POINT ( 'NONE',  ( -34.57541935706343139, 15.77738981431040699, 24.27867965644036374 ) ) ;
#7259 = ORIENTED_EDGE ( 'NONE', *, *, #5844, .F. ) ;
#7260 = DIRECTION ( 'NONE',  ( 1.487873981414446379E-32, -1.000000000000000000, 1.042667367333023879E-16 ) ) ;
#7261 = ORIENTED_EDGE ( 'NONE', *, *, #1615, .T. ) ;
#7262 = CARTESIAN_POINT ( 'NONE',  ( -36.91517191798013187, -58.07950411688795356, -12.26708797700986509 ) ) ;
#7263 = CARTESIAN_POINT ( 'NONE',  ( -44.24839094739824219, -59.37309580189981517, -27.80000000000000782 ) ) ;
#7264 = EDGE_CURVE ( 'NONE', #5883, #3024, #6462, .T. ) ;
#7265 = ADVANCED_FACE ( 'NONE', ( #1959 ), #4063, .T. ) ;
#7266 = DIRECTION ( 'NONE',  ( 1.000000000000000000, 0.000000000000000000, -9.158464420884415348E-17 ) ) ;
#7267 = VERTEX_POINT ( 'NONE', #578 ) ;
#7268 = EDGE_CURVE ( 'NONE', #2782, #3989, #542, .T. ) ;
#7269 = CARTESIAN_POINT ( 'NONE',  ( -38.99791512390618919, 15.77738981431040699, -1.085786437626897971 ) ) ;
#7270 = CARTESIAN_POINT ( 'NONE',  ( -62.22419339576805442, -76.84298653666280643, -12.00964126420126021 ) ) ;
#7271 = DIRECTION ( 'NONE',  ( 1.000000000000000000, 0.000000000000000000, -0.000000000000000000 ) ) ;
#7272 = PLANE ( 'NONE',  #3650 ) ;
#7273 = CARTESIAN_POINT ( 'NONE',  ( 50.92608499445506709, -10.64393052924921967, 13.59289321881343859 ) ) ;
#7274 = VECTOR ( 'NONE', #5342, 1000.000000000000000 ) ;
#7275 = ORIENTED_EDGE ( 'NONE', *, *, #8104, .T. ) ;
#7276 = CARTESIAN_POINT ( 'NONE',  ( -40.70502190509273532, 13.77738981431040699, -13.79289321881346275 ) ) ;
#7277 = EDGE_CURVE ( 'NONE', #6528, #6145, #4488, .T. ) ;
#7278 = FACE_OUTER_BOUND ( 'NONE', #2567, .T. ) ;
#7279 = ORIENTED_EDGE ( 'NONE', *, *, #7779, .F. ) ;
#7280 = EDGE_LOOP ( 'NONE', ( #4327, #6294, #6315, #8446 ) ) ;
#7281 = LINE ( 'NONE', #1420, #2775 ) ;
#7282 = DIRECTION ( 'NONE',  ( 0.000000000000000000, 0.000000000000000000, 1.000000000000000000 ) ) ;
#7283 = ORIENTED_EDGE ( 'NONE', *, *, #6169, .T. ) ;
#7284 = FACE_OUTER_BOUND ( 'NONE', #7417, .T. ) ;
#7285 = CARTESIAN_POINT ( 'NONE',  ( -3.819039799497872867, -26.62261018568959514, 27.80000000000000071 ) ) ;
#7286 = CYLINDRICAL_SURFACE ( 'NONE', #3492, 1.000000000000000888 ) ;
#7287 = DIRECTION ( 'NONE',  ( 0.000000000000000000, 1.000000000000000000, 0.000000000000000000 ) ) ;
#7288 = ORIENTED_EDGE ( 'NONE', *, *, #7636, .F. ) ;
#7289 = CARTESIAN_POINT ( 'NONE',  ( -37.04575506919314876, -55.82084805596048227, 12.22248355259104358 ) ) ;
#7290 = VERTEX_POINT ( 'NONE', #673 ) ;
#7291 = CARTESIAN_POINT ( 'NONE',  ( -60.45967341942196072, 1.300871594449325208, 3.500000000000016431 ) ) ;
#7292 = CIRCLE ( 'NONE', #2632, 4.999999999999982236 ) ;
#7293 = ADVANCED_FACE ( 'NONE', ( #3268 ), #5899, .F. ) ;
#7294 = DIRECTION ( 'NONE',  ( 1.000000000000000000, 0.000000000000000000, 0.000000000000000000 ) ) ;
#7295 = ORIENTED_EDGE ( 'NONE', *, *, #110, .T. ) ;
#7296 = CARTESIAN_POINT ( 'NONE',  ( -37.07446216048392529, -55.86105049778576870, -12.21059268604215298 ) ) ;
#7297 = CARTESIAN_POINT ( 'NONE',  ( -39.99791512390620341, 14.77738981431039100, 14.91421356237310292 ) ) ;
#7298 = ORIENTED_EDGE ( 'NONE', *, *, #1987, .T. ) ;
#7299 = VECTOR ( 'NONE', #4748, 1000.000000000000000 ) ;
#7300 = CONICAL_SURFACE ( 'NONE', #3454, 2.999999999999993783, 0.7853981633974517207 ) ;
#7301 = EDGE_CURVE ( 'NONE', #6984, #2911, #6028, .T. ) ;
#7302 = DIRECTION ( 'NONE',  ( -0.7071067811865500152, 0.000000000000000000, 0.7071067811865450192 ) ) ;
#7303 = VECTOR ( 'NONE', #1803, 1000.000000000000000 ) ;
#7304 = ORIENTED_EDGE ( 'NONE', *, *, #3769, .T. ) ;
#7305 = DIRECTION ( 'NONE',  ( 0.000000000000000000, 1.000000000000000000, 0.000000000000000000 ) ) ;
#7306 = VECTOR ( 'NONE', #4671, 1000.000000000000000 ) ;
#7307 = DIRECTION ( 'NONE',  ( 0.000000000000000000, 0.000000000000000000, -1.000000000000000000 ) ) ;
#7308 = VERTEX_POINT ( 'NONE', #4809 ) ;
#7309 = CARTESIAN_POINT ( 'NONE',  ( -53.31229685597797641, -28.62261018568959514, -27.80000000000000071 ) ) ;
#7310 = ADVANCED_FACE ( 'NONE', ( #6580 ), #188, .F. ) ;
#7311 = ADVANCED_FACE ( 'NONE', ( #3307 ), #1402, .T. ) ;
#7312 = CARTESIAN_POINT ( 'NONE',  ( -54.45967341942196072, 2.131715627355464271, 13.50000000000000000 ) ) ;
#7313 = LINE ( 'NONE', #6630, #6259 ) ;
#7314 = CARTESIAN_POINT ( 'NONE',  ( -41.41212868627932409, 13.77738981431040699, 14.49999999999999822 ) ) ;
#7315 = ORIENTED_EDGE ( 'NONE', *, *, #5641, .T. ) ;
#7316 = CARTESIAN_POINT ( 'NONE',  ( -39.20791619257735761, -56.98764810726351726, 10.82859547920897469 ) ) ;
#7317 = CARTESIAN_POINT ( 'NONE',  ( 0.000000000000000000, 13.77738981431040699, 0.000000000000000000 ) ) ;
#7318 = AXIS2_PLACEMENT_3D ( 'NONE', #2196, #4073, #3512 ) ;
#7319 = CIRCLE ( 'NONE', #7465, 2.000000000000041744 ) ;
#7320 = VERTEX_POINT ( 'NONE', #6665 ) ;
#7321 = FACE_OUTER_BOUND ( 'NONE', #3159, .T. ) ;
#7322 = EDGE_CURVE ( 'NONE', #1510, #2211, #3998, .T. ) ;
#7323 = LINE ( 'NONE', #2270, #2713 ) ;
#7324 = EDGE_CURVE ( 'NONE', #2581, #1775, #3235, .T. ) ;
#7325 = CONICAL_SURFACE ( 'NONE', #7880, 1.000000000000011324, 0.7853981633974457255 ) ;
#7326 = ORIENTED_EDGE ( 'NONE', *, *, #2966, .F. ) ;
#7327 = DIRECTION ( 'NONE',  ( 0.000000000000000000, 0.000000000000000000, 1.000000000000000000 ) ) ;
#7328 = FACE_OUTER_BOUND ( 'NONE', #5045, .T. ) ;
#7329 = CIRCLE ( 'NONE', #7202, 5.999999999999998224 ) ;
#7330 = FACE_OUTER_BOUND ( 'NONE', #1735, .T. ) ;
#7331 = CARTESIAN_POINT ( 'NONE',  ( -40.99791512390621051, 15.77738981431040699, -17.08578643762689708 ) ) ;
#7332 = VERTEX_POINT ( 'NONE', #7388 ) ;
#7333 = AXIS2_PLACEMENT_3D ( 'NONE', #7657, #1954, #615 ) ;
#7334 = VECTOR ( 'NONE', #151, 1000.000000000000114 ) ;
#7335 = VERTEX_POINT ( 'NONE', #6110 ) ;
#7336 = LINE ( 'NONE', #6018, #7569 ) ;
#7337 = ORIENTED_EDGE ( 'NONE', *, *, #3143, .F. ) ;
#7338 = CARTESIAN_POINT ( 'NONE',  ( 50.92608499445506709, -11.35103731043577469, 12.29999999999999716 ) ) ;
#7339 = EDGE_CURVE ( 'NONE', #890, #7855, #7491, .T. ) ;
#7340 = EDGE_LOOP ( 'NONE', ( #1105, #1990, #1173, #3938 ) ) ;
#7341 = CIRCLE ( 'NONE', #635, 2.000000000000001776 ) ;
#7342 = CARTESIAN_POINT ( 'NONE',  ( -60.45967341942196072, 1.300871594449326318, 19.50000000000001776 ) ) ;
#7343 = LINE ( 'NONE', #5255, #4675 ) ;
#7344 = CARTESIAN_POINT ( 'NONE',  ( -58.96759953173464908, 6.091337094860835855, -12.49999999999998224 ) ) ;
#7345 = DIRECTION ( 'NONE',  ( -0.7638339701320089326, 0.4885643456264414652, -0.4217375324238766265 ) ) ;
#7346 = AXIS2_PLACEMENT_3D ( 'NONE', #8124, #1631, #121 ) ;
#7347 = DIRECTION ( 'NONE',  ( 0.000000000000000000, 1.000000000000000000, 0.000000000000000000 ) ) ;
#7348 = EDGE_LOOP ( 'NONE', ( #5525, #2906, #3219, #5200 ) ) ;
#7349 = CARTESIAN_POINT ( 'NONE',  ( -56.16859286946220919, -26.62261018568959514, -26.80000000000001492 ) ) ;
#7350 = AXIS2_PLACEMENT_3D ( 'NONE', #2841, #112, #6706 ) ;
#7351 = LINE ( 'NONE', #4091, #2812 ) ;
#7352 = EDGE_CURVE ( 'NONE', #4466, #2524, #834, .T. ) ;
#7353 = ORIENTED_EDGE ( 'NONE', *, *, #7430, .T. ) ;
#7354 = CIRCLE ( 'NONE', #1071, 2.000000000000015543 ) ;
#7355 = DIRECTION ( 'NONE',  ( 0.000000000000000000, -1.000000000000000000, 0.000000000000000000 ) ) ;
#7356 = DIRECTION ( 'NONE',  ( 0.000000000000000000, 0.000000000000000000, -1.000000000000000000 ) ) ;
#7357 = LINE ( 'NONE', #2851, #5161 ) ;
#7358 = PLANE ( 'NONE',  #1135 ) ;
#7359 = EDGE_LOOP ( 'NONE', ( #2059, #6697, #2264, #4396 ) ) ;
#7360 = LINE ( 'NONE', #2692, #5148 ) ;
#7361 = ADVANCED_FACE ( 'NONE', ( #2210 ), #149, .F. ) ;
#7362 = ADVANCED_FACE ( 'NONE', ( #5379 ), #7641, .T. ) ;
#7363 = CARTESIAN_POINT ( 'NONE',  ( -39.07391500554492580, -60.11242004562343055, -9.885786437626917333 ) ) ;
#7364 = AXIS2_PLACEMENT_3D ( 'NONE', #3537, #2850, #5389 ) ;
#7365 = ORIENTED_EDGE ( 'NONE', *, *, #7322, .T. ) ;
#7366 = PLANE ( 'NONE',  #8259 ) ;
#7367 = DIRECTION ( 'NONE',  ( 0.000000000000000000, 1.000000000000000000, -0.000000000000000000 ) ) ;
#7368 = ORIENTED_EDGE ( 'NONE', *, *, #1694, .F. ) ;
#7369 = DIRECTION ( 'NONE',  ( -0.4055797876726383033, 0.5792279653395666639, 0.7071067811865500152 ) ) ;
#7370 = DIRECTION ( 'NONE',  ( 0.000000000000000000, -1.000000000000000000, 0.000000000000000000 ) ) ;
#7371 = AXIS2_PLACEMENT_3D ( 'NONE', #5738, #3834, #2591 ) ;
#7372 = CARTESIAN_POINT ( 'NONE',  ( 15.65556682763982366, -40.62261018568959514, -128.0398730914872374 ) ) ;
#7373 = ADVANCED_FACE ( 'NONE', ( #2124 ), #4199, .T. ) ;
#7374 = EDGE_CURVE ( 'NONE', #6446, #7462, #5144, .T. ) ;
#7375 = LINE ( 'NONE', #8016, #8419 ) ;
#7376 = ORIENTED_EDGE ( 'NONE', *, *, #8, .F. ) ;
#7377 = DIRECTION ( 'NONE',  ( 1.000000000000000000, 0.000000000000000000, 0.000000000000000000 ) ) ;
#7378 = ORIENTED_EDGE ( 'NONE', *, *, #947, .T. ) ;
#7379 = DIRECTION ( 'NONE',  ( 0.000000000000000000, 6.938893903907149492E-15, 1.000000000000000000 ) ) ;
#7380 = EDGE_LOOP ( 'NONE', ( #4380, #1211, #5717, #8360 ) ) ;
#7381 = CARTESIAN_POINT ( 'NONE',  ( -36.77579912686822183, -55.44279741432673347, -12.29340395154185472 ) ) ;
#7382 = ORIENTED_EDGE ( 'NONE', *, *, #4523, .T. ) ;
#7383 = DIRECTION ( 'NONE',  ( 0.8191520442889910214, 0.5735764363510472696, 7.871638582151768605E-17 ) ) ;
#7384 = DIRECTION ( 'NONE',  ( -0.7071067811865500152, 0.000000000000000000, -0.7071067811865450192 ) ) ;
#7385 = ORIENTED_EDGE ( 'NONE', *, *, #6041, .T. ) ;
#7386 = ADVANCED_FACE ( 'NONE', ( #2048 ), #4088, .T. ) ;
#7387 = DIRECTION ( 'NONE',  ( 0.000000000000000000, 1.000000000000000000, 0.000000000000000000 ) ) ;
#7388 = CARTESIAN_POINT ( 'NONE',  ( -40.06170500426912184, -56.44154674440417097, -11.30000000000003446 ) ) ;
#7389 = EDGE_LOOP ( 'NONE', ( #998, #1215, #344, #2853 ) ) ;
#7390 = CARTESIAN_POINT ( 'NONE',  ( -60.45967341942196072, -1.595281072019528059E-15, 12.49999999999998757 ) ) ;
#7391 = FACE_OUTER_BOUND ( 'NONE', #1155, .T. ) ;
#7392 = CARTESIAN_POINT ( 'NONE',  ( -50.99419355409038701, 12.07707437056488864, 2.500000000000000000 ) ) ;
#7393 = DIRECTION ( 'NONE',  ( 1.000000000000000000, -0.000000000000000000, -0.000000000000000000 ) ) ;
#7394 = CARTESIAN_POINT ( 'NONE',  ( 47.92608499445506709, -10.52261018568957418, 15.12842712474618878 ) ) ;
#7395 = EDGE_CURVE ( 'NONE', #4811, #8395, #2085, .T. ) ;
#7396 = LINE ( 'NONE', #5998, #2418 ) ;
#7397 = CARTESIAN_POINT ( 'NONE',  ( -47.23758846049647531, 8.777389814310406990, 0.000000000000000000 ) ) ;
#7398 = AXIS2_PLACEMENT_3D ( 'NONE', #7314, #6000, #2016 ) ;
#7399 = VERTEX_POINT ( 'NONE', #4652 ) ;
#7400 = CARTESIAN_POINT ( 'NONE',  ( -52.25187818006254759, 13.73701128181578035, -27.80000000000000071 ) ) ;
#7401 = CARTESIAN_POINT ( 'NONE',  ( -56.13137471833570658, -29.64867061566660666, 27.80000000000000071 ) ) ;
#7402 = ORIENTED_EDGE ( 'NONE', *, *, #3922, .T. ) ;
#7403 = LINE ( 'NONE', #1548, #6072 ) ;
#7404 = LINE ( 'NONE', #3506, #2840 ) ;
#7405 = EDGE_CURVE ( 'NONE', #8061, #216, #3480, .T. ) ;
#7406 = AXIS2_PLACEMENT_3D ( 'NONE', #1525, #8106, #1698 ) ;
#7407 = EDGE_CURVE ( 'NONE', #5041, #6718, #4352, .T. ) ;
#7408 = ORIENTED_EDGE ( 'NONE', *, *, #6168, .T. ) ;
#7409 = CARTESIAN_POINT ( 'NONE',  ( -37.10285298756214445, -58.34235807609474023, 12.19883282041933903 ) ) ;
#7410 = CARTESIAN_POINT ( 'NONE',  ( 50.92608499445506709, -8.522610185689574180, 24.97157287525381619 ) ) ;
#7411 = DIRECTION ( 'NONE',  ( 1.000000000000000000, 0.000000000000000000, -9.158464420884415348E-17 ) ) ;
#7412 = CARTESIAN_POINT ( 'NONE',  ( 0.000000000000000000, -25.62261018568959159, 27.80000000000000071 ) ) ;
#7413 = AXIS2_PLACEMENT_3D ( 'NONE', #5725, #1787, #4386 ) ;
#7414 = VECTOR ( 'NONE', #8136, 1000.000000000000000 ) ;
#7415 = ORIENTED_EDGE ( 'NONE', *, *, #193, .F. ) ;
#7416 = CARTESIAN_POINT ( 'NONE',  ( -37.01542332628707044, -55.77837153795801584, 12.23504737187315428 ) ) ;
#7417 = EDGE_LOOP ( 'NONE', ( #2410, #2436, #7943, #1392 ) ) ;
#7418 = LINE ( 'NONE', #176, #7911 ) ;
#7419 = ADVANCED_FACE ( 'NONE', ( #4043 ), #8031, .F. ) ;
#7420 = EDGE_CURVE ( 'NONE', #7584, #6349, #963, .T. ) ;
#7421 = ADVANCED_FACE ( 'NONE', ( #3528 ), #4170, .F. ) ;
#7422 = EDGE_LOOP ( 'NONE', ( #117, #2308, #3208, #8346 ) ) ;
#7423 = DIRECTION ( 'NONE',  ( 0.000000000000000000, -1.000000000000000000, 1.042667367333023879E-16 ) ) ;
#7424 = VERTEX_POINT ( 'NONE', #4258 ) ;
#7425 = CARTESIAN_POINT ( 'NONE',  ( -54.45967341942196072, 2.131715627355464271, 12.49999999999998579 ) ) ;
#7426 = DIRECTION ( 'NONE',  ( 1.000000000000000000, 0.000000000000000000, 0.000000000000000000 ) ) ;
#7427 = ORIENTED_EDGE ( 'NONE', *, *, #2330, .T. ) ;
#7428 = VERTEX_POINT ( 'NONE', #3607 ) ;
#7429 = CARTESIAN_POINT ( 'NONE',  ( 40.60707719414931205, -4.839755705920028461, -90.82162932571685587 ) ) ;
#7430 = EDGE_CURVE ( 'NONE', #4553, #2404, #6238, .T. ) ;
#7431 = CARTESIAN_POINT ( 'NONE',  ( -45.82754818765661042, 14.77738981431039100, 18.50000000000000000 ) ) ;
#7432 = ORIENTED_EDGE ( 'NONE', *, *, #7374, .T. ) ;
#7433 = CYLINDRICAL_SURFACE ( 'NONE', #80, 1.000000000000000888 ) ;
#7434 = ADVANCED_FACE ( 'NONE', ( #1751 ), #4305, .F. ) ;
#7435 = VECTOR ( 'NONE', #5792, 1000.000000000000000 ) ;
#7436 = CARTESIAN_POINT ( 'NONE',  ( -38.99791512390618919, 15.77738981431040699, -17.08578643762689708 ) ) ;
#7437 = DIRECTION ( 'NONE',  ( -0.000000000000000000, 1.000000000000000000, -0.000000000000000000 ) ) ;
#7438 = CIRCLE ( 'NONE', #4289, 2.000000000000001776 ) ;
#7439 = CONICAL_SURFACE ( 'NONE', #4703, 2.999999999999988898, 0.7853981633974509435 ) ;
#7440 = FACE_OUTER_BOUND ( 'NONE', #1527, .T. ) ;
#7441 = LINE ( 'NONE', #6674, #1494 ) ;
#7442 = DIRECTION ( 'NONE',  ( -0.8191520442889910214, -0.5735764363510471586, -6.559698818459807992E-17 ) ) ;
#7443 = CIRCLE ( 'NONE', #3879, 2.000000000000001776 ) ;
#7444 = PLANE ( 'NONE',  #3718 ) ;
#7445 = ORIENTED_EDGE ( 'NONE', *, *, #5897, .T. ) ;
#7446 = AXIS2_PLACEMENT_3D ( 'NONE', #2886, #7488, #1629 ) ;
#7447 = FACE_OUTER_BOUND ( 'NONE', #5632, .T. ) ;
#7448 = CARTESIAN_POINT ( 'NONE',  ( -36.30645759615187274, 31.89045812311326600, -3.500000000000006661 ) ) ;
#7449 = VERTEX_POINT ( 'NONE', #2921 ) ;
#7450 = DIRECTION ( 'NONE',  ( 1.000000000000000000, 0.000000000000000000, 0.000000000000000000 ) ) ;
#7451 = DIRECTION ( 'NONE',  ( -0.4055797876726417450, 0.5792279653395721040, -0.7071067811865434649 ) ) ;
#7452 = DIRECTION ( 'NONE',  ( 0.000000000000000000, 0.7071067811865507924, -0.7071067811865441310 ) ) ;
#7453 = VERTEX_POINT ( 'NONE', #5504 ) ;
#7454 = LINE ( 'NONE', #1646, #3171 ) ;
#7455 = CARTESIAN_POINT ( 'NONE',  ( 47.92608499445506709, -25.62261018568959159, 26.80000000000001492 ) ) ;
#7456 = AXIS2_PLACEMENT_3D ( 'NONE', #6069, #4776, #5258 ) ;
#7457 = CARTESIAN_POINT ( 'NONE',  ( -37.51095326299616772, 14.77738981431041232, -27.80000000000000071 ) ) ;
#7458 = CARTESIAN_POINT ( 'NONE',  ( -60.45967341942196072, 2.131715627355464271, 12.49999999999998579 ) ) ;
#7459 = EDGE_CURVE ( 'NONE', #5578, #6565, #5598, .T. ) ;
#7460 = EDGE_LOOP ( 'NONE', ( #1655, #5294, #7941, #7647 ) ) ;
#7461 = DIRECTION ( 'NONE',  ( 1.000000000000000000, 0.000000000000000000, 0.000000000000000000 ) ) ;
#7462 = VERTEX_POINT ( 'NONE', #6918 ) ;
#7463 = VECTOR ( 'NONE', #8141, 1000.000000000000114 ) ;
#7464 = LINE ( 'NONE', #4761, #2968 ) ;
#7465 = AXIS2_PLACEMENT_3D ( 'NONE', #8252, #3704, #4357 ) ;
#7466 = ORIENTED_EDGE ( 'NONE', *, *, #1999, .F. ) ;
#7467 = CARTESIAN_POINT ( 'NONE',  ( -36.75545833409627505, -55.41431189019353809, -12.29540734143813197 ) ) ;
#7468 = ORIENTED_EDGE ( 'NONE', *, *, #1126, .F. ) ;
#7469 = CARTESIAN_POINT ( 'NONE',  ( -0.000000000000000000, -25.62261018568959869, -27.80000000000000071 ) ) ;
#7470 = CARTESIAN_POINT ( 'NONE',  ( -60.45967341942196072, 2.131715627355464271, -12.49999999999998757 ) ) ;
#7471 = VERTEX_POINT ( 'NONE', #4354 ) ;
#7472 = AXIS2_PLACEMENT_3D ( 'NONE', #1766, #3675, #8225 ) ;
#7473 = EDGE_CURVE ( 'NONE', #8395, #8202, #2419, .T. ) ;
#7474 = AXIS2_PLACEMENT_3D ( 'NONE', #4301, #2412, #1182 ) ;
#7475 = ADVANCED_FACE ( 'NONE', ( #404 ), #3223, .T. ) ;
#7476 = ORIENTED_EDGE ( 'NONE', *, *, #2024, .T. ) ;
#7477 = LINE ( 'NONE', #4899, #5718 ) ;
#7478 = AXIS2_PLACEMENT_3D ( 'NONE', #1029, #421, #6261 ) ;
#7479 = CARTESIAN_POINT ( 'NONE',  ( -45.82754818765661042, 14.77738981431039100, 2.499999999999999112 ) ) ;
#7480 = EDGE_LOOP ( 'NONE', ( #1041, #6078, #616, #4341 ) ) ;
#7481 = CARTESIAN_POINT ( 'NONE',  ( -39.07391500554492580, -25.62261018568955251, 10.29999999999999538 ) ) ;
#7482 = VECTOR ( 'NONE', #5476, 1000.000000000000000 ) ;
#7483 = LINE ( 'NONE', #927, #4973 ) ;
#7484 = CARTESIAN_POINT ( 'NONE',  ( -39.07391500554492580, -11.35103731043576936, -14.30000000000000782 ) ) ;
#7485 = VECTOR ( 'NONE', #1618, 1000.000000000000000 ) ;
#7486 = ADVANCED_FACE ( 'NONE', ( #4942 ), #8161, .F. ) ;
#7487 = EDGE_CURVE ( 'NONE', #3935, #6960, #3011, .T. ) ;
#7488 = DIRECTION ( 'NONE',  ( -0.000000000000000000, -0.000000000000000000, 1.000000000000000000 ) ) ;
#7489 = CARTESIAN_POINT ( 'NONE',  ( -37.10285298756215866, -55.90080889857182456, -12.19883282041935324 ) ) ;
#7490 = DIRECTION ( 'NONE',  ( -0.000000000000000000, 1.000000000000000000, 1.372378306233987934E-16 ) ) ;
#7491 = CIRCLE ( 'NONE', #1887, 2.000000000000013767 ) ;
#7492 = DIRECTION ( 'NONE',  ( 1.000000000000000000, 0.000000000000000000, 0.000000000000000000 ) ) ;
#7493 = EDGE_LOOP ( 'NONE', ( #5761, #3553, #845, #5827 ) ) ;
#7494 = CARTESIAN_POINT ( 'NONE',  ( 6.478343846023071784, -27.51617747706574235, -12.30000000000001137 ) ) ;
#7495 = ORIENTED_EDGE ( 'NONE', *, *, #5844, .T. ) ;
#7496 = FACE_OUTER_BOUND ( 'NONE', #7833, .T. ) ;
#7497 = EDGE_CURVE ( 'NONE', #5113, #8185, #273, .T. ) ;
#7498 = ORIENTED_EDGE ( 'NONE', *, *, #4440, .T. ) ;
#7499 = CARTESIAN_POINT ( 'NONE',  ( 50.92608499445506709, -22.62261018568959514, 26.80000000000001492 ) ) ;
#7500 = VECTOR ( 'NONE', #1857, 1000.000000000000227 ) ;
#7501 = CARTESIAN_POINT ( 'NONE',  ( -53.31229685597797641, -26.62261018568959514, -26.80000000000001492 ) ) ;
#7502 = CARTESIAN_POINT ( 'NONE',  ( -40.44515708263431009, -56.71004278021766964, -10.77208952664996033 ) ) ;
#7503 = ORIENTED_EDGE ( 'NONE', *, *, #7914, .F. ) ;
#7504 = CARTESIAN_POINT ( 'NONE',  ( -58.96759953173464908, 6.091337094860836743, 27.80000000000000071 ) ) ;
#7505 = FACE_OUTER_BOUND ( 'NONE', #4757, .T. ) ;
#7506 = CARTESIAN_POINT ( 'NONE',  ( -65.63123590226842907, -6.471820925021154025, 26.80000000000007532 ) ) ;
#7507 = AXIS2_PLACEMENT_3D ( 'NONE', #7161, #1902, #5837 ) ;
#7508 = CARTESIAN_POINT ( 'NONE',  ( -41.41212868627932409, 15.77738981431040699, 14.49999999999999822 ) ) ;
#7509 = VERTEX_POINT ( 'NONE', #313 ) ;
#7510 = CARTESIAN_POINT ( 'NONE',  ( 15.65556682763982366, -40.62261018568959514, 13.29999999999997939 ) ) ;
#7511 = VERTEX_POINT ( 'NONE', #7561 ) ;
#7512 = DIRECTION ( 'NONE',  ( 0.000000000000000000, -1.000000000000000000, 1.042667367333023879E-16 ) ) ;
#7513 = AXIS2_PLACEMENT_3D ( 'NONE', #7568, #1670, #2929 ) ;
#7514 = ORIENTED_EDGE ( 'NONE', *, *, #2442, .T. ) ;
#7515 = EDGE_CURVE ( 'NONE', #2329, #7424, #6871, .T. ) ;
#7516 = CARTESIAN_POINT ( 'NONE',  ( -39.04836715527739699, -60.07664854459624593, 10.14637677161188556 ) ) ;
#7517 = VERTEX_POINT ( 'NONE', #5636 ) ;
#7518 = DIRECTION ( 'NONE',  ( 0.5312641871840341201, -0.4666458651008144609, 0.7071067811865474617 ) ) ;
#7519 = CARTESIAN_POINT ( 'NONE',  ( -59.72988597684204137, 2.131715627355467380, 13.22978744257989447 ) ) ;
#7520 = DIRECTION ( 'NONE',  ( 0.000000000000000000, 0.000000000000000000, 1.000000000000000000 ) ) ;
#7521 = DIRECTION ( 'NONE',  ( -0.000000000000000000, -0.000000000000000000, -1.000000000000000000 ) ) ;
#7522 = ORIENTED_EDGE ( 'NONE', *, *, #8048, .F. ) ;
#7523 = EDGE_CURVE ( 'NONE', #6597, #4868, #7610, .T. ) ;
#7524 = CARTESIAN_POINT ( 'NONE',  ( 50.92608499445506709, -9.936823748062684203, -12.88578643762691023 ) ) ;
#7525 = EDGE_CURVE ( 'NONE', #8282, #6446, #3565, .T. ) ;
#7526 = DIRECTION ( 'NONE',  ( 1.000000000000000000, 0.000000000000000000, -9.158464420884415348E-17 ) ) ;
#7527 = PLANE ( 'NONE',  #2801 ) ;
#7528 = DIRECTION ( 'NONE',  ( 0.000000000000000000, -1.143648588528323197E-16, 1.000000000000000000 ) ) ;
#7529 = CARTESIAN_POINT ( 'NONE',  ( -36.91898437051499116, -55.64331651517859001, -12.26801657730938011 ) ) ;
#7530 = LINE ( 'NONE', #3667, #7898 ) ;
#7531 = EDGE_CURVE ( 'NONE', #3649, #36, #3052, .T. ) ;
#7532 = CARTESIAN_POINT ( 'NONE',  ( -36.30645759615187984, 31.89045812311325889, -19.50000000000001421 ) ) ;
#7533 = ORIENTED_EDGE ( 'NONE', *, *, #8014, .F. ) ;
#7534 = CARTESIAN_POINT ( 'NONE',  ( 50.92608499445506709, -10.64393052924920013, 26.50710678118655750 ) ) ;
#7535 = LINE ( 'NONE', #6209, #900 ) ;
#7536 = VERTEX_POINT ( 'NONE', #1662 ) ;
#7537 = CARTESIAN_POINT ( 'NONE',  ( -44.24839094739822798, -59.37309580189983649, -26.80000000000000426 ) ) ;
#7538 = CARTESIAN_POINT ( 'NONE',  ( -55.31229685597797641, -28.62261018568959514, 26.79999999999998650 ) ) ;
#7539 = DIRECTION ( 'NONE',  ( 1.000000000000000000, -0.000000000000000000, -0.000000000000000000 ) ) ;
#7540 = ORIENTED_EDGE ( 'NONE', *, *, #2900, .T. ) ;
#7541 = LINE ( 'NONE', #2991, #7014 ) ;
#7542 = CARTESIAN_POINT ( 'NONE',  ( -49.99791512390621051, 13.77738981431040699, -13.50000000000000178 ) ) ;
#7543 = VERTEX_POINT ( 'NONE', #445 ) ;
#7544 = ADVANCED_FACE ( 'NONE', ( #5039 ), #1573, .F. ) ;
#7545 = CARTESIAN_POINT ( 'NONE',  ( -41.53973505438288782, -58.69724911595574923, -27.80000000000000071 ) ) ;
#7546 = CARTESIAN_POINT ( 'NONE',  ( -40.38315504659630051, -56.66662848719949608, 10.88808717732940323 ) ) ;
#7547 = EDGE_LOOP ( 'NONE', ( #6029, #6828, #5259, #2452 ) ) ;
#7548 = EDGE_LOOP ( 'NONE', ( #3129, #6996, #7723, #7062, #4379 ) ) ;
#7549 = LINE ( 'NONE', #4291, #4562 ) ;
#7550 = VECTOR ( 'NONE', #674, 999.9999999999998863 ) ;
#7551 = ORIENTED_EDGE ( 'NONE', *, *, #1826, .T. ) ;
#7552 = LINE ( 'NONE', #1693, #7500 ) ;
#7553 = ORIENTED_EDGE ( 'NONE', *, *, #4586, .F. ) ;
#7554 = CARTESIAN_POINT ( 'NONE',  ( -38.94236990997296743, -59.92820507134116781, 10.38600426931762044 ) ) ;
#7555 = VERTEX_POINT ( 'NONE', #4394 ) ;
#7556 = DIRECTION ( 'NONE',  ( 1.000000000000000000, 0.000000000000000000, 0.000000000000000000 ) ) ;
#7557 = CARTESIAN_POINT ( 'NONE',  ( -36.30645759615187274, 31.89045812311326600, 19.50000000000001066 ) ) ;
#7558 = CONICAL_SURFACE ( 'NONE', #2084, 5.999999999999998224, 0.7853981633974482790 ) ;
#7559 = ADVANCED_FACE ( 'NONE', ( #8458 ), #6498, .T. ) ;
#7560 = LINE ( 'NONE', #3788, #7080 ) ;
#7561 = CARTESIAN_POINT ( 'NONE',  ( -52.25187818006254759, 13.73701128181578035, 26.80000000000001492 ) ) ;
#7562 = ORIENTED_EDGE ( 'NONE', *, *, #8397, .F. ) ;
#7563 = DIRECTION ( 'NONE',  ( -1.000000000000000000, 0.000000000000000000, 0.000000000000000000 ) ) ;
#7564 = DIRECTION ( 'NONE',  ( 0.000000000000000000, 0.000000000000000000, 1.000000000000000000 ) ) ;
#7565 = DIRECTION ( 'NONE',  ( 0.000000000000000000, 0.000000000000000000, 1.000000000000000000 ) ) ;
#7566 = ADVANCED_FACE ( 'NONE', ( #5893 ), #103, .F. ) ;
#7567 = DIRECTION ( 'NONE',  ( 0.000000000000000000, 0.000000000000000000, 1.000000000000000000 ) ) ;
#7568 = CARTESIAN_POINT ( 'NONE',  ( -41.41212868627928856, 15.77738981431040699, -14.50000000000000178 ) ) ;
#7569 = VECTOR ( 'NONE', #4202, 1000.000000000000000 ) ;
#7570 = LINE ( 'NONE', #1067, #7764 ) ;
#7571 = CARTESIAN_POINT ( 'NONE',  ( -39.48744653625071521, -60.92254499126275391, 10.14758187069021389 ) ) ;
#7572 = ORIENTED_EDGE ( 'NONE', *, *, #57, .T. ) ;
#7573 = AXIS2_PLACEMENT_3D ( 'NONE', #3154, #3280, #5785 ) ;
#7574 = DIRECTION ( 'NONE',  ( 0.000000000000000000, -0.7071067811865493491, 0.7071067811865456854 ) ) ;
#7575 = ORIENTED_EDGE ( 'NONE', *, *, #5301, .F. ) ;
#7576 = DIRECTION ( 'NONE',  ( -0.7071067811865670016, -0.7071067811865281438, 0.000000000000000000 ) ) ;
#7577 = AXIS2_PLACEMENT_3D ( 'NONE', #4101, #2223, #7450 ) ;
#7578 = EDGE_CURVE ( 'NONE', #6017, #1097, #4480, .T. ) ;
#7579 = EDGE_CURVE ( 'NONE', #6142, #6707, #3829, .T. ) ;
#7580 = CARTESIAN_POINT ( 'NONE',  ( -59.72988597684204137, 2.131715627355467380, -13.22978744257989980 ) ) ;
#7581 = VECTOR ( 'NONE', #3076, 1000.000000000000000 ) ;
#7582 = LINE ( 'NONE', #2988, #4755 ) ;
#7583 = CARTESIAN_POINT ( 'NONE',  ( -62.45967341942196072, -5.471820925021146920, -27.80000000000000071 ) ) ;
#7584 = VERTEX_POINT ( 'NONE', #7135 ) ;
#7585 = CARTESIAN_POINT ( 'NONE',  ( -38.07391500554492580, -26.62261018568959514, 9.885786437626899570 ) ) ;
#7586 = FACE_OUTER_BOUND ( 'NONE', #7340, .T. ) ;
#7587 = VERTEX_POINT ( 'NONE', #16 ) ;
#7588 = LINE ( 'NONE', #5529, #219 ) ;
#7589 = LINE ( 'NONE', #6268, #2928 ) ;
#7590 = VERTEX_POINT ( 'NONE', #1144 ) ;
#7591 = EDGE_CURVE ( 'NONE', #5306, #4632, #4519, .T. ) ;
#7592 = ORIENTED_EDGE ( 'NONE', *, *, #3929, .T. ) ;
#7593 = DIRECTION ( 'NONE',  ( 0.000000000000000000, 0.000000000000000000, 1.000000000000000000 ) ) ;
#7594 = VERTEX_POINT ( 'NONE', #1190 ) ;
#7595 = CARTESIAN_POINT ( 'NONE',  ( -60.45967341942196072, 1.300871594449325208, -12.49999999999998757 ) ) ;
#7596 = AXIS2_PLACEMENT_3D ( 'NONE', #4590, #7250, #1984 ) ;
#7597 = CIRCLE ( 'NONE', #7456, 1.000000000000000888 ) ;
#7598 = VERTEX_POINT ( 'NONE', #8376 ) ;
#7599 = VERTEX_POINT ( 'NONE', #1917 ) ;
#7600 = CIRCLE ( 'NONE', #4310, 0.9999999999999991118 ) ;
#7601 = CARTESIAN_POINT ( 'NONE',  ( -47.74395206774986633, 9.777389814310405214, -18.50000000000000711 ) ) ;
#7602 = CARTESIAN_POINT ( 'NONE',  ( -41.41212868627928856, 17.95916581580593885, 2.499999999999998224 ) ) ;
#7603 = CARTESIAN_POINT ( 'NONE',  ( -36.65970144317183355, -55.28021279466908311, -12.30000000000001315 ) ) ;
#7604 = CONICAL_SURFACE ( 'NONE', #3862, 2.000000000000015543, 0.7853981633974488341 ) ;
#7605 = AXIS2_PLACEMENT_3D ( 'NONE', #6606, #3906, #3257 ) ;
#7606 = ORIENTED_EDGE ( 'NONE', *, *, #553, .T. ) ;
#7607 = APPLICATION_PROTOCOL_DEFINITION ( 'draft international standard', 'automotive_design', 1998, #2570 ) ;
#7608 = VECTOR ( 'NONE', #4039, 1000.000000000000000 ) ;
#7609 = ADVANCED_FACE ( 'NONE', ( #2499 ), #2295, .F. ) ;
#7610 = LINE ( 'NONE', #4216, #6946 ) ;
#7611 = EDGE_LOOP ( 'NONE', ( #4842, #5437, #2933, #773, #860 ) ) ;
#7612 = ORIENTED_EDGE ( 'NONE', *, *, #6021, .T. ) ;
#7613 = CARTESIAN_POINT ( 'NONE',  ( 5.911972800289069390E-16, -5.471820925021139814, 27.80000000000000071 ) ) ;
#7614 = AXIS2_PLACEMENT_3D ( 'NONE', #1255, #1341, #4624 ) ;
#7615 = CARTESIAN_POINT ( 'NONE',  ( 49.92608499445507420, -11.35103731043577824, -27.80000000000000071 ) ) ;
#7616 = AXIS2_PLACEMENT_3D ( 'NONE', #1699, #8289, #7043 ) ;
#7617 = DIRECTION ( 'NONE',  ( 0.000000000000000000, 0.000000000000000000, 1.000000000000000000 ) ) ;
#7618 = ORIENTED_EDGE ( 'NONE', *, *, #1397, .F. ) ;
#7619 = VECTOR ( 'NONE', #5851, 1000.000000000000000 ) ;
#7620 = AXIS2_PLACEMENT_3D ( 'NONE', #364, #3533, #5603 ) ;
#7621 = AXIS2_PLACEMENT_3D ( 'NONE', #296, #6945, #3591 ) ;
#7622 = CARTESIAN_POINT ( 'NONE',  ( -59.72988597684204848, 2.131715627355458498, 2.770212557420100641 ) ) ;
#7623 = CARTESIAN_POINT ( 'NONE',  ( -33.28252613824997752, 13.77738981431040699, -23.57157287525380340 ) ) ;
#7624 = DIRECTION ( 'NONE',  ( 6.938893903907234689E-15, 0.000000000000000000, 1.000000000000000000 ) ) ;
#7625 = EDGE_CURVE ( 'NONE', #8395, #5754, #6456, .T. ) ;
#7626 = CIRCLE ( 'NONE', #3921, 1.000000000000014655 ) ;
#7627 = VERTEX_POINT ( 'NONE', #1793 ) ;
#7628 = CARTESIAN_POINT ( 'NONE',  ( -40.29080834271967149, 14.77738981431039100, -1.792893218813455425 ) ) ;
#7629 = EDGE_LOOP ( 'NONE', ( #2665, #1327, #4128, #7368 ) ) ;
#7630 = CARTESIAN_POINT ( 'NONE',  ( -45.82754818765661042, 17.95916581580593885, 2.499999999999998668 ) ) ;
#7631 = CARTESIAN_POINT ( 'NONE',  ( -60.45967341942196072, 2.131715627355464271, 3.500000000000016875 ) ) ;
#7632 = DIRECTION ( 'NONE',  ( -0.000000000000000000, -0.000000000000000000, -1.000000000000000000 ) ) ;
#7633 = CARTESIAN_POINT ( 'NONE',  ( -39.07391500554492580, -1.177958046184172390E-15, 10.29999999999999716 ) ) ;
#7634 = ORIENTED_EDGE ( 'NONE', *, *, #450, .T. ) ;
#7635 = CYLINDRICAL_SURFACE ( 'NONE', #7103, 2.000000000000000000 ) ;
#7636 = EDGE_CURVE ( 'NONE', #8021, #5519, #4558, .T. ) ;
#7637 = CARTESIAN_POINT ( 'NONE',  ( -35.28252613824998463, 0.000000000000000000, -23.57157287525380340 ) ) ;
#7638 = EDGE_LOOP ( 'NONE', ( #5882, #8084, #2421, #484 ) ) ;
#7639 = EDGE_CURVE ( 'NONE', #5589, #5626, #3221, .T. ) ;
#7640 = CARTESIAN_POINT ( 'NONE',  ( -40.29080834271965728, 14.77738981431039100, 1.792893218813450762 ) ) ;
#7641 = CONICAL_SURFACE ( 'NONE', #6669, 3.000000000000002665, 0.7853981633974452814 ) ;
#7642 = CARTESIAN_POINT ( 'NONE',  ( -38.99791512390618919, 15.77738981431040699, 1.085786437626907741 ) ) ;
#7643 = VERTEX_POINT ( 'NONE', #7097 ) ;
#7644 = VERTEX_POINT ( 'NONE', #7781 ) ;
#7645 = CARTESIAN_POINT ( 'NONE',  ( 49.92608499445507420, -8.522610185689574180, 24.97157287525381619 ) ) ;
#7646 = DIRECTION ( 'NONE',  ( -0.000000000000000000, -0.000000000000000000, -1.000000000000000000 ) ) ;
#7647 = ORIENTED_EDGE ( 'NONE', *, *, #6243, .F. ) ;
#7648 = ORIENTED_EDGE ( 'NONE', *, *, #8205, .T. ) ;
#7649 = CARTESIAN_POINT ( 'NONE',  ( -37.51095326299616772, 0.000000000000000000, -25.80000000000000426 ) ) ;
#7650 = EDGE_CURVE ( 'NONE', #3992, #7335, #5162, .T. ) ;
#7651 = ORIENTED_EDGE ( 'NONE', *, *, #4176, .T. ) ;
#7652 = VECTOR ( 'NONE', #4409, 1000.000000000000000 ) ;
#7653 = CARTESIAN_POINT ( 'NONE',  ( -40.29080834271965728, 13.77738981431040699, -14.20710678118654968 ) ) ;
#7654 = DIRECTION ( 'NONE',  ( 0.7071067811865487940, 0.000000000000000000, 0.7071067811865463515 ) ) ;
#7655 = EDGE_LOOP ( 'NONE', ( #6428, #5304, #388, #835 ) ) ;
#7656 = AXIS2_PLACEMENT_3D ( 'NONE', #7394, #2216, #4817 ) ;
#7657 = CARTESIAN_POINT ( 'NONE',  ( -44.24839094739822798, -59.37309580189983649, -128.0398730914872374 ) ) ;
#7658 = ORIENTED_EDGE ( 'NONE', *, *, #7891, .T. ) ;
#7659 = LINE ( 'NONE', #8295, #3181 ) ;
#7660 = DIRECTION ( 'NONE',  ( 1.000000000000000000, 0.000000000000000000, 0.000000000000000000 ) ) ;
#7661 = EDGE_CURVE ( 'NONE', #1775, #3517, #8340, .T. ) ;
#7662 = DIRECTION ( 'NONE',  ( -0.000000000000000000, 1.000000000000000000, -1.042667367333024002E-16 ) ) ;
#7663 = EDGE_LOOP ( 'NONE', ( #1815, #7224, #5063, #6083 ) ) ;
#7664 = CARTESIAN_POINT ( 'NONE',  ( -37.07327160784394238, 13.77738981431037502, -27.76641668591204848 ) ) ;
#7665 = CARTESIAN_POINT ( 'NONE',  ( -39.43637172374997846, -60.88678202253711902, 10.40435229262808292 ) ) ;
#7666 = ORIENTED_EDGE ( 'NONE', *, *, #4333, .T. ) ;
#7667 = LINE ( 'NONE', #5777, #4606 ) ;
#7668 = ORIENTED_EDGE ( 'NONE', *, *, #1985, .T. ) ;
#7669 = CARTESIAN_POINT ( 'NONE',  ( -59.54420031073708230, 2.343113931407013517, -13.41235015118744656 ) ) ;
#7670 = ADVANCED_FACE ( 'NONE', ( #4434 ), #3641, .F. ) ;
#7671 = CARTESIAN_POINT ( 'NONE',  ( -40.70502190509278506, 14.77738981431038923, 13.79289321881343966 ) ) ;
#7672 = LINE ( 'NONE', #7238, #5706 ) ;
#7673 = ORIENTED_EDGE ( 'NONE', *, *, #6437, .T. ) ;
#7674 = DIRECTION ( 'NONE',  ( 0.3420201433256698231, -0.9396926207859080948, 0.000000000000000000 ) ) ;
#7675 = LINE ( 'NONE', #4413, #2640 ) ;
#7676 = DIRECTION ( 'NONE',  ( 0.000000000000000000, -0.000000000000000000, -1.000000000000000000 ) ) ;
#7677 = VERTEX_POINT ( 'NONE', #5205 ) ;
#7678 = FACE_OUTER_BOUND ( 'NONE', #7460, .T. ) ;
#7679 = VERTEX_POINT ( 'NONE', #538 ) ;
#7680 = ORIENTED_EDGE ( 'NONE', *, *, #8144, .F. ) ;
#7681 = LINE ( 'NONE', #6406, #1153 ) ;
#7682 = EDGE_CURVE ( 'NONE', #4047, #4769, #215, .T. ) ;
#7683 = EDGE_CURVE ( 'NONE', #3943, #7424, #3099, .T. ) ;
#7684 = LINE ( 'NONE', #2365, #6281 ) ;
#7685 = VERTEX_POINT ( 'NONE', #3914 ) ;
#7686 = EDGE_LOOP ( 'NONE', ( #5770, #4143, #8108, #6997 ) ) ;
#7687 = DIRECTION ( 'NONE',  ( 0.000000000000000000, 0.000000000000000000, -1.000000000000000000 ) ) ;
#7688 = ORIENTED_EDGE ( 'NONE', *, *, #7120, .T. ) ;
#7689 = FACE_OUTER_BOUND ( 'NONE', #6301, .T. ) ;
#7690 = CARTESIAN_POINT ( 'NONE',  ( 50.92608499445506709, -9.522610185689561746, 15.12842712474618878 ) ) ;
#7691 = AXIS2_PLACEMENT_3D ( 'NONE', #5562, #8219, #199 ) ;
#7692 = EDGE_LOOP ( 'NONE', ( #6066, #3863, #5677, #1762 ) ) ;
#7693 = DIRECTION ( 'NONE',  ( -0.6599369112508958191, -0.7513210187187812084, 1.387778780781445429E-16 ) ) ;
#7694 = ADVANCED_FACE ( 'NONE', ( #6540 ), #2227, .F. ) ;
#7695 = EDGE_CURVE ( 'NONE', #6363, #3818, #2714, .T. ) ;
#7696 = ORIENTED_EDGE ( 'NONE', *, *, #2505, .F. ) ;
#7697 = CARTESIAN_POINT ( 'NONE',  ( -65.63123590226842907, -6.471820925021154025, 27.80000000000000071 ) ) ;
#7698 = ORIENTED_EDGE ( 'NONE', *, *, #6450, .T. ) ;
#7699 = AXIS2_PLACEMENT_3D ( 'NONE', #6962, #1788, #1099 ) ;
#7700 = PLANE ( 'NONE',  #5934 ) ;
#7701 = FACE_OUTER_BOUND ( 'NONE', #2468, .T. ) ;
#7702 = EDGE_CURVE ( 'NONE', #7713, #4234, #7944, .T. ) ;
#7703 = EDGE_CURVE ( 'NONE', #1939, #2820, #6173, .T. ) ;
#7704 = DIRECTION ( 'NONE',  ( 0.000000000000000000, 0.000000000000000000, 1.000000000000000000 ) ) ;
#7705 = CARTESIAN_POINT ( 'NONE',  ( -39.50033856919389308, -60.93157208991242868, 9.885786437626887135 ) ) ;
#7706 = ORIENTED_EDGE ( 'NONE', *, *, #1366, .F. ) ;
#7707 = DIRECTION ( 'NONE',  ( -0.000000000000000000, -0.000000000000000000, 1.000000000000000000 ) ) ;
#7708 = VECTOR ( 'NONE', #5847, 1000.000000000000000 ) ;
#7709 = DIRECTION ( 'NONE',  ( 0.000000000000000000, 1.000000000000000000, 0.000000000000000000 ) ) ;
#7710 = EDGE_CURVE ( 'NONE', #6858, #1801, #8090, .T. ) ;
#7711 = DIRECTION ( 'NONE',  ( 0.000000000000000000, -0.7071067811865495711, 0.7071067811865455743 ) ) ;
#7712 = DIRECTION ( 'NONE',  ( 0.000000000000000000, 1.734723475976784415E-15, 1.000000000000000000 ) ) ;
#7713 = VERTEX_POINT ( 'NONE', #5483 ) ;
#7714 = DIRECTION ( 'NONE',  ( 1.000000000000000000, 0.000000000000000000, -9.158464420884415348E-17 ) ) ;
#7715 = CARTESIAN_POINT ( 'NONE',  ( 50.92608499445506709, -11.35103731043575870, 25.80000000000000426 ) ) ;
#7716 = ORIENTED_EDGE ( 'NONE', *, *, #7012, .T. ) ;
#7717 = AXIS2_PLACEMENT_3D ( 'NONE', #649, #4629, #3979 ) ;
#7718 = LINE ( 'NONE', #6559, #5987 ) ;
#7719 = ORIENTED_EDGE ( 'NONE', *, *, #5457, .F. ) ;
#7720 = LINE ( 'NONE', #6717, #1452 ) ;
#7721 = ORIENTED_EDGE ( 'NONE', *, *, #577, .T. ) ;
#7722 = CONICAL_SURFACE ( 'NONE', #8399, 1.000000000000011324, 0.7853981633974457255 ) ;
#7723 = ORIENTED_EDGE ( 'NONE', *, *, #417, .F. ) ;
#7724 = DIRECTION ( 'NONE',  ( 0.000000000000000000, 1.000000000000000000, 0.000000000000000000 ) ) ;
#7725 = DIRECTION ( 'NONE',  ( 0.000000000000000000, 0.000000000000000000, -1.000000000000000000 ) ) ;
#7726 = CIRCLE ( 'NONE', #2512, 1.000000000000000888 ) ;
#7727 = ORIENTED_EDGE ( 'NONE', *, *, #4814, .T. ) ;
#7728 = ORIENTED_EDGE ( 'NONE', *, *, #5035, .T. ) ;
#7729 = AXIS2_PLACEMENT_3D ( 'NONE', #1303, #5841, #1944 ) ;
#7730 = ORIENTED_EDGE ( 'NONE', *, *, #3764, .F. ) ;
#7731 = CARTESIAN_POINT ( 'NONE',  ( -3.819039799497872867, -28.62261018568959514, 26.79999999999998650 ) ) ;
#7732 = DIRECTION ( 'NONE',  ( 1.000000000000000000, 0.000000000000000000, 0.000000000000000000 ) ) ;
#7733 = EDGE_CURVE ( 'NONE', #4244, #880, #1395, .T. ) ;
#7734 = ORIENTED_EDGE ( 'NONE', *, *, #5122, .T. ) ;
#7735 = ORIENTED_EDGE ( 'NONE', *, *, #1881, .T. ) ;
#7736 = CARTESIAN_POINT ( 'NONE',  ( -37.36680822435838678, -25.62261018568959159, 12.00710678118654329 ) ) ;
#7737 = DIRECTION ( 'NONE',  ( 1.000000000000000000, 0.000000000000000000, 0.000000000000000000 ) ) ;
#7738 = ORIENTED_EDGE ( 'NONE', *, *, #5648, .T. ) ;
#7739 = CARTESIAN_POINT ( 'NONE',  ( -36.87241063982406075, -58.01964019048622134, -12.27712581088196586 ) ) ;
#7740 = DIRECTION ( 'NONE',  ( 0.000000000000000000, 0.000000000000000000, 1.000000000000000000 ) ) ;
#7741 = EDGE_CURVE ( 'NONE', #4047, #867, #5246, .T. ) ;
#7742 = ADVANCED_FACE ( 'NONE', ( #1994 ), #2271, .F. ) ;
#7743 = VECTOR ( 'NONE', #1910, 1000.000000000000000 ) ;
#7744 = VECTOR ( 'NONE', #4522, 999.9999999999998863 ) ;
#7745 = DIRECTION ( 'NONE',  ( 0.5508055290647191349, 0.6270777769172407590, -0.5508055290647200231 ) ) ;
#7746 = CARTESIAN_POINT ( 'NONE',  ( -38.97274782588622344, -59.97074400199055333, 10.32893798220562864 ) ) ;
#7747 = ORIENTED_EDGE ( 'NONE', *, *, #4792, .F. ) ;
#7748 = EDGE_CURVE ( 'NONE', #4596, #4457, #7341, .T. ) ;
#7749 = DIRECTION ( 'NONE',  ( -0.5000000000000046629, -0.7071067811865439090, 0.5000000000000005551 ) ) ;
#7750 = ORIENTED_EDGE ( 'NONE', *, *, #1938, .T. ) ;
#7751 = AXIS2_PLACEMENT_3D ( 'NONE', #2799, #8114, #234 ) ;
#7752 = CARTESIAN_POINT ( 'NONE',  ( -38.07391500554492580, -25.62261018568955251, 9.885786437626899570 ) ) ;
#7753 = LINE ( 'NONE', #2013, #2046 ) ;
#7754 = VECTOR ( 'NONE', #3763, 1000.000000000000114 ) ;
#7755 = DIRECTION ( 'NONE',  ( -1.000000000000000000, 0.000000000000000000, 0.000000000000000000 ) ) ;
#7756 = DIRECTION ( 'NONE',  ( -0.000000000000000000, 0.000000000000000000, 1.000000000000000000 ) ) ;
#7757 = CARTESIAN_POINT ( 'NONE',  ( -60.45967341942196072, 1.300871594449325208, 19.50000000000001776 ) ) ;
#7758 = VECTOR ( 'NONE', #725, 1000.000000000000114 ) ;
#7759 = VERTEX_POINT ( 'NONE', #3348 ) ;
#7760 = LINE ( 'NONE', #2603, #2415 ) ;
#7761 = ORIENTED_EDGE ( 'NONE', *, *, #1110, .T. ) ;
#7762 = ADVANCED_FACE ( 'NONE', ( #334 ), #4050, .F. ) ;
#7763 = CARTESIAN_POINT ( 'NONE',  ( -36.89034348361204962, -58.04475685086211456, 12.27371360392707089 ) ) ;
#7764 = VECTOR ( 'NONE', #411, 1000.000000000000000 ) ;
#7765 = ORIENTED_EDGE ( 'NONE', *, *, #6482, .F. ) ;
#7766 = CARTESIAN_POINT ( 'NONE',  ( -58.96759953173464908, 6.091337094860837631, 19.50000000000001776 ) ) ;
#7767 = CARTESIAN_POINT ( 'NONE',  ( -38.23557861929779733, -55.16287928392360129, 13.03566360465192986 ) ) ;
#7768 = ORIENTED_EDGE ( 'NONE', *, *, #1626, .F. ) ;
#7769 = EDGE_LOOP ( 'NONE', ( #1905, #1070, #8066, #8179 ) ) ;
#7770 = EDGE_LOOP ( 'NONE', ( #7476, #2156, #1468, #3198 ) ) ;
#7771 = CARTESIAN_POINT ( 'NONE',  ( -42.45967341942191808, 4.767778374742815295, -48.87167408952667813 ) ) ;
#7772 = AXIS2_PLACEMENT_3D ( 'NONE', #64, #7950, #3354 ) ;
#7773 = DIRECTION ( 'NONE',  ( -0.000000000000000000, 0.000000000000000000, 1.000000000000000000 ) ) ;
#7774 = VECTOR ( 'NONE', #1435, 1000.000000000000000 ) ;
#7775 = ORIENTED_EDGE ( 'NONE', *, *, #827, .T. ) ;
#7776 = CARTESIAN_POINT ( 'NONE',  ( -37.11935380198173817, -55.92389921496823035, 12.18824964913845399 ) ) ;
#7777 = ORIENTED_EDGE ( 'NONE', *, *, #2177, .T. ) ;
#7778 = FACE_OUTER_BOUND ( 'NONE', #6150, .T. ) ;
#7779 = EDGE_CURVE ( 'NONE', #5211, #1752, #2488, .T. ) ;
#7780 = AXIS2_PLACEMENT_3D ( 'NONE', #2317, #4371, #1078 ) ;
#7781 = CARTESIAN_POINT ( 'NONE',  ( -59.72988597684204137, 2.131715627355467380, -13.22978744257989980 ) ) ;
#7782 = ORIENTED_EDGE ( 'NONE', *, *, #7497, .T. ) ;
#7783 = CARTESIAN_POINT ( 'NONE',  ( -37.24310616538077312, -58.53876676926969935, -12.11222532625056836 ) ) ;
#7784 = CARTESIAN_POINT ( 'NONE',  ( -5.687075688526890509E-16, -8.522610185689570628, 27.80000000000000071 ) ) ;
#7785 = VECTOR ( 'NONE', #6927, 1000.000000000000000 ) ;
#7786 = EDGE_CURVE ( 'NONE', #2911, #1739, #2146, .T. ) ;
#7787 = EDGE_CURVE ( 'NONE', #4868, #4298, #5013, .T. ) ;
#7788 = DIRECTION ( 'NONE',  ( -0.5312641871840350083, 0.4666458651008129621, 0.7071067811865477948 ) ) ;
#7789 = AXIS2_PLACEMENT_3D ( 'NONE', #3797, #8465, #7704 ) ;
#7790 = FACE_OUTER_BOUND ( 'NONE', #6600, .T. ) ;
#7791 = PLANE ( 'NONE',  #6790 ) ;
#7792 = CARTESIAN_POINT ( 'NONE',  ( -40.64750912537652283, -56.85173120591790052, 10.14825850619406467 ) ) ;
#7793 = ADVANCED_FACE ( 'NONE', ( #1437 ), #3612, .T. ) ;
#7794 = DIRECTION ( 'NONE',  ( 0.3420201433256697676, -0.9396926207859080948, 0.000000000000000000 ) ) ;
#7795 = DIRECTION ( 'NONE',  ( 0.5312641871840335650, -0.4666458651008145164, -0.7071067811865480168 ) ) ;
#7796 = ORIENTED_EDGE ( 'NONE', *, *, #7523, .T. ) ;
#7797 = CARTESIAN_POINT ( 'NONE',  ( -59.44947128440067274, 2.450960465455857662, -2.499999999999998224 ) ) ;
#7798 = CARTESIAN_POINT ( 'NONE',  ( -37.49563225077698547, -54.64476325881442875, -13.30001767555098624 ) ) ;
#7799 = ORIENTED_EDGE ( 'NONE', *, *, #2913, .F. ) ;
#7800 = LINE ( 'NONE', #4536, #4608 ) ;
#7801 = EDGE_LOOP ( 'NONE', ( #3041, #5708, #1697, #1177 ) ) ;
#7802 = CARTESIAN_POINT ( 'NONE',  ( 47.92608499445506709, 0.000000000000000000, 27.80000000000000071 ) ) ;
#7803 = EDGE_LOOP ( 'NONE', ( #828, #8373, #3830, #1749, #209, #7648, #2728, #7085, #2993, #6060, #3765, #2336, #2072, #6186 ) ) ;
#7804 = ORIENTED_EDGE ( 'NONE', *, *, #92, .T. ) ;
#7805 = PLANE ( 'NONE',  #864 ) ;
#7806 = CARTESIAN_POINT ( 'NONE',  ( -37.32053105311805297, -56.20564854338213934, 12.05339018849303123 ) ) ;
#7807 = ORIENTED_EDGE ( 'NONE', *, *, #110, .F. ) ;
#7808 = EDGE_CURVE ( 'NONE', #3300, #4980, #501, .T. ) ;
#7809 = ORIENTED_EDGE ( 'NONE', *, *, #310, .F. ) ;
#7810 = ORIENTED_EDGE ( 'NONE', *, *, #4760, .T. ) ;
#7811 = DIRECTION ( 'NONE',  ( 0.000000000000000000, 0.000000000000000000, 1.000000000000000000 ) ) ;
#7812 = CARTESIAN_POINT ( 'NONE',  ( -36.34792044010211498, -58.72422515233342466, -13.28710796701347974 ) ) ;
#7813 = CARTESIAN_POINT ( 'NONE',  ( -40.45967341942191808, 10.16317625193741492, 27.80000000000000071 ) ) ;
#7814 = ORIENTED_EDGE ( 'NONE', *, *, #4917, .T. ) ;
#7815 = CARTESIAN_POINT ( 'NONE',  ( -62.45967341942196072, -4.471820925021154025, -26.80000000000001847 ) ) ;
#7816 = EDGE_LOOP ( 'NONE', ( #4036, #5586, #4461, #491 ) ) ;
#7817 = DIRECTION ( 'NONE',  ( -0.000000000000000000, -0.000000000000000000, -1.000000000000000000 ) ) ;
#7818 = DIRECTION ( 'NONE',  ( 0.000000000000000000, 0.7071067811865398012, 0.7071067811865552333 ) ) ;
#7819 = VERTEX_POINT ( 'NONE', #1806 ) ;
#7820 = CARTESIAN_POINT ( 'NONE',  ( -37.32088208869808454, -58.64767913476987360, -12.05094012717256646 ) ) ;
#7821 = CARTESIAN_POINT ( 'NONE',  ( -37.36680822435838678, -25.62261018568955251, -12.00710678118655750 ) ) ;
#7822 = EDGE_CURVE ( 'NONE', #5805, #6601, #7208, .T. ) ;
#7823 = AXIS2_PLACEMENT_3D ( 'NONE', #6976, #227, #5172 ) ;
#7824 = DIRECTION ( 'NONE',  ( 0.000000000000000000, 0.000000000000000000, -1.000000000000000000 ) ) ;
#7825 = LINE ( 'NONE', #1961, #6328 ) ;
#7826 = CYLINDRICAL_SURFACE ( 'NONE', #4185, 0.9999999999999991118 ) ;
#7827 = EDGE_CURVE ( 'NONE', #4246, #8209, #1682, .T. ) ;
#7828 = VECTOR ( 'NONE', #5799, 1000.000000000000000 ) ;
#7829 = EDGE_LOOP ( 'NONE', ( #8032, #7298, #2158, #4925 ) ) ;
#7830 = CARTESIAN_POINT ( 'NONE',  ( -62.45967341942196072, -4.471820925021154025, -128.0398730914872374 ) ) ;
#7831 = DIRECTION ( 'NONE',  ( 0.000000000000000000, 0.000000000000000000, -1.000000000000000000 ) ) ;
#7832 = CARTESIAN_POINT ( 'NONE',  ( -39.07391500554492580, -1.130586570588444800E-15, 9.885786437626903123 ) ) ;
#7833 = EDGE_LOOP ( 'NONE', ( #2500, #3787, #853, #7005 ) ) ;
#7834 = DIRECTION ( 'NONE',  ( 0.000000000000000000, -1.000000000000000000, 0.000000000000000000 ) ) ;
#7835 = FACE_OUTER_BOUND ( 'NONE', #1004, .T. ) ;
#7836 = EDGE_LOOP ( 'NONE', ( #4751, #4938, #5682, #1807 ) ) ;
#7837 = CARTESIAN_POINT ( 'NONE',  ( -40.99791512390621051, 13.77738981431040699, -1.085786437626897971 ) ) ;
#7838 = EDGE_CURVE ( 'NONE', #3989, #4640, #5573, .T. ) ;
#7839 = EDGE_CURVE ( 'NONE', #1220, #4476, #6894, .T. ) ;
#7840 = CARTESIAN_POINT ( 'NONE',  ( -36.82897671624061076, -57.95881479858764607, 12.28562138539817106 ) ) ;
#7841 = VECTOR ( 'NONE', #1106, 1000.000000000000000 ) ;
#7842 = ORIENTED_EDGE ( 'NONE', *, *, #1240, .T. ) ;
#7843 = DIRECTION ( 'NONE',  ( 9.158464420884415348E-17, 1.042667367333023879E-16, 1.000000000000000000 ) ) ;
#7844 = LINE ( 'NONE', #691, #4900 ) ;
#7845 = VERTEX_POINT ( 'NONE', #2943 ) ;
#7846 = VERTEX_POINT ( 'NONE', #4964 ) ;
#7847 = CIRCLE ( 'NONE', #2237, 5.000000000000000888 ) ;
#7848 = LINE ( 'NONE', #132, #7044 ) ;
#7849 = CARTESIAN_POINT ( 'NONE',  ( -49.99791512390621051, 13.77738981431040699, 13.49999999999999822 ) ) ;
#7850 = CARTESIAN_POINT ( 'NONE',  ( -43.26046436343602153, -56.23979298308879038, -27.80000000000000071 ) ) ;
#7851 = EDGE_CURVE ( 'NONE', #3157, #5475, #8228, .T. ) ;
#7852 = CIRCLE ( 'NONE', #8140, 3.000000000000024425 ) ;
#7854 = UNCERTAINTY_MEASURE_WITH_UNIT (LENGTH_MEASURE( 1.000000000000000082E-05 ), #6429, 'distance_accuracy_value', 'NONE');
#7853 = CARTESIAN_POINT ( 'NONE',  ( -39.07391500554492580, 1.356703884706134746E-15, -9.885786437626908452 ) ) ;
#7855 = VERTEX_POINT ( 'NONE', #5707 ) ;
#7856 = AXIS2_PLACEMENT_3D ( 'NONE', #7146, #4449, #6507 ) ;
#7857 = VERTEX_POINT ( 'NONE', #8184 ) ;
#7858 = DIRECTION ( 'NONE',  ( -1.000000000000000000, 6.672927148628873676E-17, 9.157780457858087040E-33 ) ) ;
#7859 = ORIENTED_EDGE ( 'NONE', *, *, #6733, .F. ) ;
#7860 = CARTESIAN_POINT ( 'NONE',  ( -45.82754818765661042, 14.77738981431039100, 18.50000000000000000 ) ) ;
#7861 = CARTESIAN_POINT ( 'NONE',  ( -65.63123590226842907, -5.471820925021146920, 27.80000000000000071 ) ) ;
#7862 = ORIENTED_EDGE ( 'NONE', *, *, #8145, .T. ) ;
#7863 = CARTESIAN_POINT ( 'NONE',  ( -37.04575506917939265, -58.26239723346343169, -12.22248355259677055 ) ) ;
#7864 = AXIS2_PLACEMENT_3D ( 'NONE', #365, #5806, #2927 ) ;
#7865 = DIRECTION ( 'NONE',  ( 0.000000000000000000, 1.000000000000000000, 0.000000000000000000 ) ) ;
#7866 = ADVANCED_FACE ( 'NONE', ( #1208 ), #8270, .F. ) ;
#7867 = CARTESIAN_POINT ( 'NONE',  ( -37.69398799447281334, 13.42591795173425417, 27.80000000000000071 ) ) ;
#7868 = CARTESIAN_POINT ( 'NONE',  ( -38.78102178673147904, -59.70224796621565133, -10.59289321881346524 ) ) ;
#7869 = DIRECTION ( 'NONE',  ( 0.000000000000000000, 1.000000000000000000, 1.143648588528323197E-16 ) ) ;
#7870 = VERTEX_POINT ( 'NONE', #6394 ) ;
#7871 = AXIS2_PLACEMENT_3D ( 'NONE', #7412, #4837, #4026 ) ;
#7872 = FACE_OUTER_BOUND ( 'NONE', #662, .T. ) ;
#7873 = VECTOR ( 'NONE', #4561, 1000.000000000000114 ) ;
#7874 = DIRECTION ( 'NONE',  ( -0.8191520442889910214, -0.5735764363510472696, -7.871638582151768605E-17 ) ) ;
#7875 = EDGE_CURVE ( 'NONE', #1390, #2447, #6393, .T. ) ;
#7876 = DIRECTION ( 'NONE',  ( -0.6599369112508958191, -0.7513210187187812084, 0.000000000000000000 ) ) ;
#7877 = DIRECTION ( 'NONE',  ( 1.000000000000000000, 0.000000000000000000, 0.000000000000000000 ) ) ;
#7878 = CARTESIAN_POINT ( 'NONE',  ( -45.82754818765661042, 14.77738981431039100, 13.49999999999999822 ) ) ;
#7879 = ORIENTED_EDGE ( 'NONE', *, *, #3836, .F. ) ;
#7880 = AXIS2_PLACEMENT_3D ( 'NONE', #1779, #4378, #6989 ) ;
#7881 = PLANE ( 'NONE',  #2283 ) ;
#7882 = AXIS2_PLACEMENT_3D ( 'NONE', #3170, #7773, #6530 ) ;
#7883 = CARTESIAN_POINT ( 'NONE',  ( -37.32238557592936701, -58.64979901388186079, 12.05152942961554174 ) ) ;
#7884 = VERTEX_POINT ( 'NONE', #6433 ) ;
#7885 = EDGE_LOOP ( 'NONE', ( #1840, #8411, #5458, #790, #2578, #1378, #4655, #818, #6979, #5848 ) ) ;
#7886 = LINE ( 'NONE', #1901, #7435 ) ;
#7887 = VECTOR ( 'NONE', #984, 999.9999999999998863 ) ;
#7888 = DIRECTION ( 'NONE',  ( -0.9396926207859080948, -0.3420201433256698231, 0.000000000000000000 ) ) ;
#7889 = AXIS2_PLACEMENT_3D ( 'NONE', #8176, #4318, #1636 ) ;
#7890 = ORIENTED_EDGE ( 'NONE', *, *, #2955, .F. ) ;
#7891 = EDGE_CURVE ( 'NONE', #3962, #4076, #8301, .T. ) ;
#7892 = CIRCLE ( 'NONE', #8427, 2.000000000000001776 ) ;
#7893 = EDGE_CURVE ( 'NONE', #84, #3457, #3631, .T. ) ;
#7894 = ORIENTED_EDGE ( 'NONE', *, *, #4638, .T. ) ;
#7895 = CARTESIAN_POINT ( 'NONE',  ( -36.65970144317183355, 5.536000648959316095, 11.29999999999999893 ) ) ;
#7896 = CARTESIAN_POINT ( 'NONE',  ( -39.99791512390617498, 15.77738981431040699, 2.914213562373092703 ) ) ;
#7897 = CARTESIAN_POINT ( 'NONE',  ( -37.08842574659578872, -59.24273255002459138, -13.03566360465183394 ) ) ;
#7898 = VECTOR ( 'NONE', #4953, 1000.000000000000000 ) ;
#7899 = CARTESIAN_POINT ( 'NONE',  ( -37.31483851267486074, -59.40126847558006062, -12.89973861589601611 ) ) ;
#7900 = EDGE_LOOP ( 'NONE', ( #1295, #2819, #852, #4501 ) ) ;
#7901 = DIRECTION ( 'NONE',  ( 0.000000000000000000, 0.000000000000000000, 1.000000000000000000 ) ) ;
#7902 = ORIENTED_EDGE ( 'NONE', *, *, #4509, .F. ) ;
#7903 = DIRECTION ( 'NONE',  ( -0.5000000000000000000, 0.7071067811865525687, -0.4999999999999930611 ) ) ;
#7904 = ORIENTED_EDGE ( 'NONE', *, *, #5907, .T. ) ;
#7905 = EDGE_CURVE ( 'NONE', #398, #1756, #4338, .T. ) ;
#7906 = VECTOR ( 'NONE', #7818, 1000.000000000000114 ) ;
#7907 = CARTESIAN_POINT ( 'NONE',  ( -39.02284125022620032, -57.59934641114286791, -10.20800175777835683 ) ) ;
#7908 = ORIENTED_EDGE ( 'NONE', *, *, #4493, .F. ) ;
#7909 = CARTESIAN_POINT ( 'NONE',  ( -39.04206310738470620, -60.06781733600572437, -10.14440814650414247 ) ) ;
#7910 = PLANE ( 'NONE',  #8005 ) ;
#7911 = VECTOR ( 'NONE', #912, 1000.000000000000000 ) ;
#7912 = DIRECTION ( 'NONE',  ( 1.000000000000000000, 0.000000000000000000, 0.000000000000000000 ) ) ;
#7913 = ORIENTED_EDGE ( 'NONE', *, *, #5470, .F. ) ;
#7914 = EDGE_CURVE ( 'NONE', #2362, #2131, #1466, .T. ) ;
#7915 = VERTEX_POINT ( 'NONE', #379 ) ;
#7916 = VECTOR ( 'NONE', #1346, 1000.000000000000000 ) ;
#7917 = CARTESIAN_POINT ( 'NONE',  ( -53.31229685597797641, -28.62261018568959514, -27.80000000000000782 ) ) ;
#7918 = EDGE_LOOP ( 'NONE', ( #3901, #5890, #5189, #8404, #7842 ) ) ;
#7919 = LINE ( 'NONE', #4658, #5681 ) ;
#7920 = CONICAL_SURFACE ( 'NONE', #672, 5.999999999999998224, 0.7853981633974479459 ) ;
#7921 = CARTESIAN_POINT ( 'NONE',  ( -36.65970144317183355, -22.62261018568959514, -12.30000000000001492 ) ) ;
#7922 = CARTESIAN_POINT ( 'NONE',  ( -40.70502190509273532, 13.77738981431040699, 2.207106781186539468 ) ) ;
#7923 = CARTESIAN_POINT ( 'NONE',  ( -3.819039799497872867, -28.62261018568959514, 26.79999999999998650 ) ) ;
#7924 = EDGE_LOOP ( 'NONE', ( #2355, #4526, #5414, #6873 ) ) ;
#7925 = DIRECTION ( 'NONE',  ( -0.000000000000000000, -1.000000000000000000, 0.000000000000000000 ) ) ;
#7926 = DIRECTION ( 'NONE',  ( 1.000000000000000000, 0.000000000000000000, 0.000000000000000000 ) ) ;
#7927 = EDGE_CURVE ( 'NONE', #2479, #3205, #2989, .T. ) ;
#7928 = ORIENTED_EDGE ( 'NONE', *, *, #3414, .T. ) ;
#7929 = ORIENTED_EDGE ( 'NONE', *, *, #7938, .T. ) ;
#7930 = DIRECTION ( 'NONE',  ( 0.000000000000000000, 0.000000000000000000, 1.000000000000000000 ) ) ;
#7931 = CARTESIAN_POINT ( 'NONE',  ( -41.41212868627932409, 13.77738981431040699, -18.50000000000000355 ) ) ;
#7932 = ORIENTED_EDGE ( 'NONE', *, *, #3475, .F. ) ;
#7933 = ORIENTED_EDGE ( 'NONE', *, *, #2966, .T. ) ;
#7934 = CARTESIAN_POINT ( 'NONE',  ( -39.07391500554492580, 1.413549655421008090E-15, -10.30000000000000426 ) ) ;
#7935 = DIRECTION ( 'NONE',  ( -0.5000000000000052180, -0.7071067811865470176, -0.4999999999999953926 ) ) ;
#7936 = CYLINDRICAL_SURFACE ( 'NONE', #82, 15.00000000000000000 ) ;
#7937 = DIRECTION ( 'NONE',  ( 0.000000000000000000, 0.000000000000000000, 1.000000000000000000 ) ) ;
#7938 = EDGE_CURVE ( 'NONE', #6017, #5945, #2354, .T. ) ;
#7939 = ORIENTED_EDGE ( 'NONE', *, *, #3424, .T. ) ;
#7940 = CARTESIAN_POINT ( 'NONE',  ( -36.65970144317183355, -26.62261018568959514, 13.30000000000003801 ) ) ;
#7941 = ORIENTED_EDGE ( 'NONE', *, *, #3166, .F. ) ;
#7942 = CARTESIAN_POINT ( 'NONE',  ( 5.893986263996527697, 15.77738981431040699, -42.97768782553023215 ) ) ;
#7943 = ORIENTED_EDGE ( 'NONE', *, *, #6273, .T. ) ;
#7944 = LINE ( 'NONE', #2041, #5423 ) ;
#7945 = ORIENTED_EDGE ( 'NONE', *, *, #4348, .T. ) ;
#7946 = DIRECTION ( 'NONE',  ( -0.7071067811865449082, 0.000000000000000000, 0.7071067811865501263 ) ) ;
#7947 = LINE ( 'NONE', #618, #7873 ) ;
#7948 = ADVANCED_FACE ( 'NONE', ( #6305 ), #5014, .F. ) ;
#7949 = EDGE_CURVE ( 'NONE', #4476, #7590, #6348, .T. ) ;
#7950 = DIRECTION ( 'NONE',  ( -0.000000000000000000, -0.000000000000000000, -1.000000000000000000 ) ) ;
#7951 = EDGE_LOOP ( 'NONE', ( #7673, #8006, #6401, #3387 ) ) ;
#7952 = CARTESIAN_POINT ( 'NONE',  ( -59.63757692623199347, 2.236807081945948017, 2.677903506810048295 ) ) ;
#7953 = EDGE_LOOP ( 'NONE', ( #5946, #3298, #2670, #5742, #439, #8199, #2112, #7979, #2970, #1972 ) ) ;
#7954 = EDGE_CURVE ( 'NONE', #7584, #2362, #7672, .T. ) ;
#7955 = VECTOR ( 'NONE', #440, 999.9999999999998863 ) ;
#7956 = EDGE_CURVE ( 'NONE', #6707, #3857, #3277, .T. ) ;
#7957 = LINE ( 'NONE', #7995, #5944 ) ;
#7958 = CARTESIAN_POINT ( 'NONE',  ( -3.819039799497872867, -25.62261018568957027, 27.80000000000000071 ) ) ;
#7959 = FACE_OUTER_BOUND ( 'NONE', #2536, .T. ) ;
#7960 = LINE ( 'NONE', #638, #2577 ) ;
#7961 = AXIS2_PLACEMENT_3D ( 'NONE', #1821, #3559, #6187 ) ;
#7962 = ORIENTED_EDGE ( 'NONE', *, *, #6699, .F. ) ;
#7963 = DIRECTION ( 'NONE',  ( -0.000000000000000000, 1.000000000000000000, -0.000000000000000000 ) ) ;
#7964 = DIRECTION ( 'NONE',  ( -6.162975822039279259E-33, 1.000000000000000000, -1.042667367333024002E-16 ) ) ;
#7965 = ADVANCED_FACE ( 'NONE', ( #6555 ), #548, .F. ) ;
#7966 = EDGE_LOOP ( 'NONE', ( #5878, #6354, #2199, #4682 ) ) ;
#7967 = DIRECTION ( 'NONE',  ( 6.476012297263094294E-17, -0.7071067811865477948, 0.7071067811865472397 ) ) ;
#7968 = DIRECTION ( 'NONE',  ( -1.000000000000000000, 0.000000000000000000, 0.000000000000000000 ) ) ;
#7969 = VERTEX_POINT ( 'NONE', #681 ) ;
#7970 = DIRECTION ( 'NONE',  ( 1.000000000000000000, 0.000000000000000000, -0.000000000000000000 ) ) ;
#7971 = DIRECTION ( 'NONE',  ( 1.000000000000000000, -0.000000000000000000, -0.000000000000000000 ) ) ;
#7972 = CARTESIAN_POINT ( 'NONE',  ( -40.64749144189604380, -56.85171882381155939, -27.80000000000000782 ) ) ;
#7973 = DIRECTION ( 'NONE',  ( -1.000000000000000000, 6.672927148628873676E-17, 1.397619290115114184E-32 ) ) ;
#7974 = ORIENTED_EDGE ( 'NONE', *, *, #4699, .F. ) ;
#7975 = CARTESIAN_POINT ( 'NONE',  ( -37.07011207118612361, -55.85495352208560149, 12.21197126401977506 ) ) ;
#7976 = VERTEX_POINT ( 'NONE', #3969 ) ;
#7977 = CARTESIAN_POINT ( 'NONE',  ( -38.94084820384320267, -57.48451433294334123, 10.38528393542319428 ) ) ;
#7978 = AXIS2_PLACEMENT_3D ( 'NONE', #8163, #5688, #2338 ) ;
#7979 = ORIENTED_EDGE ( 'NONE', *, *, #2337, .T. ) ;
#7980 = EDGE_CURVE ( 'NONE', #8105, #42, #2516, .T. ) ;
#7981 = CARTESIAN_POINT ( 'NONE',  ( -37.20819622504019719, -56.04833296386474473, -12.13619727761546052 ) ) ;
#7982 = AXIS2_PLACEMENT_3D ( 'NONE', #7151, #2440, #5058 ) ;
#7983 = CARTESIAN_POINT ( 'NONE',  ( -36.65970144317183355, -26.62261018568959514, 13.30000000000003801 ) ) ;
#7984 = AXIS2_PLACEMENT_3D ( 'NONE', #251, #3505, #6682 ) ;
#7985 = CARTESIAN_POINT ( 'NONE',  ( 49.92608499445507420, -9.108396623316481922, -13.71421356237310718 ) ) ;
#7986 = CIRCLE ( 'NONE', #1977, 2.999999999999995559 ) ;
#7987 = DIRECTION ( 'NONE',  ( -1.000000000000000000, 0.000000000000000000, 0.000000000000000000 ) ) ;
#7988 = VECTOR ( 'NONE', #1886, 1000.000000000000227 ) ;
#7989 = ORIENTED_EDGE ( 'NONE', *, *, #6391, .F. ) ;
#7990 = EDGE_CURVE ( 'NONE', #6528, #7759, #2015, .T. ) ;
#7991 = DIRECTION ( 'NONE',  ( -0.3420201433256697676, 0.9396926207859080948, 0.000000000000000000 ) ) ;
#7992 = EDGE_CURVE ( 'NONE', #7643, #2619, #2599, .T. ) ;
#7993 = DIRECTION ( 'NONE',  ( 1.000000000000000000, 0.000000000000000000, -0.000000000000000000 ) ) ;
#7994 = ORIENTED_EDGE ( 'NONE', *, *, #387, .T. ) ;
#7995 = CARTESIAN_POINT ( 'NONE',  ( -38.99791512390618919, 15.77738981431040699, 17.08578643762690774 ) ) ;
#7996 = PLANE ( 'NONE',  #7364 ) ;
#7997 = DIRECTION ( 'NONE',  ( 0.000000000000000000, 0.000000000000000000, -1.000000000000000000 ) ) ;
#7998 = ADVANCED_FACE ( 'NONE', ( #4531 ), #3150, .F. ) ;
#7999 = EDGE_CURVE ( 'NONE', #7245, #8244, #6510, .T. ) ;
#8000 = CARTESIAN_POINT ( 'NONE',  ( -39.58370156153308983, 15.77738981431040699, 2.500000000000002665 ) ) ;
#8001 = VERTEX_POINT ( 'NONE', #1889 ) ;
#8002 = CARTESIAN_POINT ( 'NONE',  ( -40.99791512390621051, 15.77738981431040699, -17.08578643762689708 ) ) ;
#8003 = CARTESIAN_POINT ( 'NONE',  ( -59.63757692623199347, 2.236807081945956899, -2.677903506810042522 ) ) ;
#8004 = VECTOR ( 'NONE', #7129, 1000.000000000000000 ) ;
#8005 = AXIS2_PLACEMENT_3D ( 'NONE', #1275, #7865, #3919 ) ;
#8006 = ORIENTED_EDGE ( 'NONE', *, *, #5719, .F. ) ;
#8007 = CARTESIAN_POINT ( 'NONE',  ( -44.24839094739822798, -59.37309580189983649, -27.80000000000000071 ) ) ;
#8008 = DIRECTION ( 'NONE',  ( 0.000000000000000000, -1.000000000000000000, 0.000000000000000000 ) ) ;
#8009 = CIRCLE ( 'NONE', #3625, 2.000000000000001776 ) ;
#8010 = ORIENTED_EDGE ( 'NONE', *, *, #968, .T. ) ;
#8011 = FACE_OUTER_BOUND ( 'NONE', #6357, .T. ) ;
#8012 = DIRECTION ( 'NONE',  ( 0.6599369112508958191, 0.7513210187187812084, 0.000000000000000000 ) ) ;
#8013 = CIRCLE ( 'NONE', #1867, 0.9999999999999991118 ) ;
#8014 = EDGE_CURVE ( 'NONE', #7685, #288, #636, .T. ) ;
#8015 = CARTESIAN_POINT ( 'NONE',  ( -37.36680822435845784, -58.71200496920411638, -12.00710678118649000 ) ) ;
#8016 = CARTESIAN_POINT ( 'NONE',  ( -41.41212868627928856, 15.77738981431040699, 3.500000000000012879 ) ) ;
#8017 = AXIS2_PLACEMENT_3D ( 'NONE', #2631, #5253, #8073 ) ;
#8018 = ORIENTED_EDGE ( 'NONE', *, *, #8466, .T. ) ;
#8019 = DIRECTION ( 'NONE',  ( -0.000000000000000000, -0.000000000000000000, 1.000000000000000000 ) ) ;
#8020 = CIRCLE ( 'NONE', #6653, 5.999999999999998224 ) ;
#8021 = VERTEX_POINT ( 'NONE', #8472 ) ;
#8022 = DIRECTION ( 'NONE',  ( 1.000000000000000000, -6.672927148628872444E-17, -7.631483714881738287E-33 ) ) ;
#8023 = ORIENTED_EDGE ( 'NONE', *, *, #7301, .T. ) ;
#8024 = AXIS2_PLACEMENT_3D ( 'NONE', #1593, #5340, #7294 ) ;
#8025 = CARTESIAN_POINT ( 'NONE',  ( -37.02872980846601081, -55.79700298237940359, -12.22942551854569793 ) ) ;
#8026 = PLANE ( 'NONE',  #7406 ) ;
#8027 = DIRECTION ( 'NONE',  ( 0.000000000000000000, 0.000000000000000000, 1.000000000000000000 ) ) ;
#8028 = ORIENTED_EDGE ( 'NONE', *, *, #193, .T. ) ;
#8029 = EDGE_CURVE ( 'NONE', #2868, #8185, #5953, .T. ) ;
#8030 = DIRECTION ( 'NONE',  ( 1.000000000000000000, -0.000000000000000000, -0.000000000000000000 ) ) ;
#8031 = PLANE ( 'NONE',  #8035 ) ;
#8032 = ORIENTED_EDGE ( 'NONE', *, *, #5731, .F. ) ;
#8033 = FACE_OUTER_BOUND ( 'NONE', #7359, .T. ) ;
#8034 = CARTESIAN_POINT ( 'NONE',  ( -52.25187818006254759, 13.73701128181578035, -3.500000000000013323 ) ) ;
#8035 = AXIS2_PLACEMENT_3D ( 'NONE', #5465, #2969, #1059 ) ;
#8036 = CARTESIAN_POINT ( 'NONE',  ( -58.96759953173464908, 6.091337094860836743, -26.80000000000001492 ) ) ;
#8037 = AXIS2_PLACEMENT_3D ( 'NONE', #526, #433, #7083 ) ;
#8038 = EDGE_CURVE ( 'NONE', #2820, #5495, #4472, .T. ) ;
#8039 = EDGE_CURVE ( 'NONE', #6910, #2621, #1410, .T. ) ;
#8040 = CARTESIAN_POINT ( 'NONE',  ( 47.92608499445506709, -25.62261018568959159, 13.29999999999998117 ) ) ;
#8041 = DIRECTION ( 'NONE',  ( 0.4999999999999941713, -0.7071067811865459074, -0.5000000000000081046 ) ) ;
#8042 = CARTESIAN_POINT ( 'NONE',  ( -60.45967341942196072, 2.131715627355464271, -3.500000000000013323 ) ) ;
#8043 = VECTOR ( 'NONE', #2393, 1000.000000000000114 ) ;
#8044 = CARTESIAN_POINT ( 'NONE',  ( -39.99791512390620341, 14.77738981431039100, -14.91421356237309404 ) ) ;
#8045 = ORIENTED_EDGE ( 'NONE', *, *, #7459, .T. ) ;
#8046 = LINE ( 'NONE', #4783, #7482 ) ;
#8047 = CARTESIAN_POINT ( 'NONE',  ( -3.819039799497872867, -26.62261018568959514, -26.80000000000001492 ) ) ;
#8048 = EDGE_CURVE ( 'NONE', #6671, #8353, #4010, .T. ) ;
#8049 = ADVANCED_FACE ( 'NONE', ( #7195 ), #75, .F. ) ;
#8050 = AXIS2_PLACEMENT_3D ( 'NONE', #5178, #3839, #7874 ) ;
#8051 = EDGE_CURVE ( 'NONE', #6208, #6934, #1246, .T. ) ;
#8052 = EDGE_LOOP ( 'NONE', ( #1935, #5425, #1438, #6033 ) ) ;
#8053 = DIRECTION ( 'NONE',  ( 1.000000000000000000, 0.000000000000000000, -9.158464420884415348E-17 ) ) ;
#8054 = CYLINDRICAL_SURFACE ( 'NONE', #3391, 2.000000000000001776 ) ;
#8055 = EDGE_LOOP ( 'NONE', ( #7382, #7204, #4670, #1982 ) ) ;
#8056 = DIRECTION ( 'NONE',  ( 0.000000000000000000, 1.000000000000000000, 0.000000000000000000 ) ) ;
#8057 = DIRECTION ( 'NONE',  ( 0.000000000000000000, 0.000000000000000000, 1.000000000000000000 ) ) ;
#8058 = DIRECTION ( 'NONE',  ( -1.000000000000000000, 0.000000000000000000, 0.000000000000000000 ) ) ;
#8059 = LINE ( 'NONE', #2232, #2000 ) ;
#8060 = EDGE_CURVE ( 'NONE', #5306, #2709, #3193, .T. ) ;
#8061 = VERTEX_POINT ( 'NONE', #2557 ) ;
#8062 = CARTESIAN_POINT ( 'NONE',  ( 47.92608499445506709, -11.35103731043577469, -12.30000000000001137 ) ) ;
#8063 = ORIENTED_EDGE ( 'NONE', *, *, #6482, .T. ) ;
#8064 = ADVANCED_FACE ( 'NONE', ( #5909 ), #7272, .T. ) ;
#8065 = DIRECTION ( 'NONE',  ( -0.000000000000000000, 1.000000000000000000, -1.042667367333024002E-16 ) ) ;
#8066 = ORIENTED_EDGE ( 'NONE', *, *, #5110, .F. ) ;
#8067 = CARTESIAN_POINT ( 'NONE',  ( -37.20239525222969945, -56.04020773123729526, -12.13996689260338435 ) ) ;
#8068 = VERTEX_POINT ( 'NONE', #5263 ) ;
#8069 = LINE ( 'NONE', #2204, #8378 ) ;
#8070 = CARTESIAN_POINT ( 'NONE',  ( -39.99791512390623893, 15.77738981431040699, -2.914213562373127342 ) ) ;
#8071 = ORIENTED_EDGE ( 'NONE', *, *, #4841, .T. ) ;
#8072 = LINE ( 'NONE', #2751, #2551 ) ;
#8073 = DIRECTION ( 'NONE',  ( 0.000000000000000000, 1.000000000000000000, -1.042667367333023879E-16 ) ) ;
#8074 = ORIENTED_EDGE ( 'NONE', *, *, #4840, .F. ) ;
#8075 = DIRECTION ( 'NONE',  ( -0.000000000000000000, -1.000000000000000000, -1.372378306233987934E-16 ) ) ;
#8076 = CARTESIAN_POINT ( 'NONE',  ( -39.07391500554492580, -1.130586570588444800E-15, 9.885786437626903123 ) ) ;
#8077 = FACE_OUTER_BOUND ( 'NONE', #6253, .T. ) ;
#8078 = DIRECTION ( 'NONE',  ( 1.000000000000000000, 0.000000000000000000, 0.000000000000000000 ) ) ;
#8079 = DIRECTION ( 'NONE',  ( 0.7071067811865574537, 0.000000000000000000, 0.7071067811865375807 ) ) ;
#8080 = CYLINDRICAL_SURFACE ( 'NONE', #3098, 3.000000000000002665 ) ;
#8081 = PLANE ( 'NONE',  #2623 ) ;
#8082 = ADVANCED_FACE ( 'NONE', ( #7959 ), #2258, .F. ) ;
#8083 = AXIS2_PLACEMENT_3D ( 'NONE', #5392, #2689, #1287 ) ;
#8084 = ORIENTED_EDGE ( 'NONE', *, *, #1264, .F. ) ;
#8085 = CARTESIAN_POINT ( 'NONE',  ( -49.99791512390621051, 13.77738981431040699, 2.500000000000000888 ) ) ;
#8086 = FACE_OUTER_BOUND ( 'NONE', #6950, .T. ) ;
#8087 = DIRECTION ( 'NONE',  ( 1.000000000000000000, 0.000000000000000000, 0.000000000000000000 ) ) ;
#8088 = CARTESIAN_POINT ( 'NONE',  ( -38.91455213156702797, -60.52140001050508289, 11.29999999999997584 ) ) ;
#8089 = VECTOR ( 'NONE', #1919, 1000.000000000000114 ) ;
#8090 = LINE ( 'NONE', #749, #7887 ) ;
#8091 = ORIENTED_EDGE ( 'NONE', *, *, #3498, .T. ) ;
#8092 = LINE ( 'NONE', #2229, #5922 ) ;
#8093 = EDGE_CURVE ( 'NONE', #1179, #1673, #4865, .T. ) ;
#8094 = DIRECTION ( 'NONE',  ( 0.7071067811865450192, 0.000000000000000000, 0.7071067811865500152 ) ) ;
#8095 = EDGE_CURVE ( 'NONE', #5587, #4360, #8434, .T. ) ;
#8096 = CARTESIAN_POINT ( 'NONE',  ( -27.24895756195338947, 13.77738981431040699, -27.24895756195300223 ) ) ;
#8097 = DIRECTION ( 'NONE',  ( 0.000000000000000000, -1.000000000000000000, 0.000000000000000000 ) ) ;
#8098 = VERTEX_POINT ( 'NONE', #1583 ) ;
#8099 = DIRECTION ( 'NONE',  ( 0.000000000000000000, -0.7071067811865450192, 0.7071067811865500152 ) ) ;
#8100 = ORIENTED_EDGE ( 'NONE', *, *, #2036, .F. ) ;
#8101 = DIRECTION ( 'NONE',  ( 1.000000000000000000, -0.000000000000000000, -0.000000000000000000 ) ) ;
#8102 = ORIENTED_EDGE ( 'NONE', *, *, #7938, .F. ) ;
#8103 = LINE ( 'NONE', #3350, #839 ) ;
#8104 = EDGE_CURVE ( 'NONE', #8098, #6601, #7313, .T. ) ;
#8105 = VERTEX_POINT ( 'NONE', #8042 ) ;
#8106 = DIRECTION ( 'NONE',  ( -0.000000000000000000, -0.7071067811865439090, -0.7071067811865511255 ) ) ;
#8107 = DIRECTION ( 'NONE',  ( 0.000000000000000000, 0.000000000000000000, 1.000000000000000000 ) ) ;
#8108 = ORIENTED_EDGE ( 'NONE', *, *, #6451, .F. ) ;
#8109 = VECTOR ( 'NONE', #3101, 1000.000000000000000 ) ;
#8110 = FACE_OUTER_BOUND ( 'NONE', #7924, .T. ) ;
#8111 = ORIENTED_EDGE ( 'NONE', *, *, #7166, .T. ) ;
#8112 = CARTESIAN_POINT ( 'NONE',  ( -11.24895756195253860, 13.77738981431040699, 11.24895756195285657 ) ) ;
#8113 = ORIENTED_EDGE ( 'NONE', *, *, #4478, .F. ) ;
#8114 = DIRECTION ( 'NONE',  ( -9.158464420884415348E-17, -1.042667367333023879E-16, -1.000000000000000000 ) ) ;
#8115 = AXIS2_PLACEMENT_3D ( 'NONE', #598, #5275, #7724 ) ;
#8116 = DIRECTION ( 'NONE',  ( -1.000000000000000000, 0.000000000000000000, 0.000000000000000000 ) ) ;
#8117 = EDGE_CURVE ( 'NONE', #3259, #4468, #4181, .T. ) ;
#8118 = DIRECTION ( 'NONE',  ( 0.000000000000000000, 1.000000000000000000, -1.042667367333023879E-16 ) ) ;
#8119 = VECTOR ( 'NONE', #1705, 1000.000000000000000 ) ;
#8120 = B_SPLINE_CURVE_WITH_KNOTS ( 'NONE', 3,
 ( #3147, #5820, #582, #8387, #7792, #1282 ),
 .UNSPECIFIED., .F., .F.,
 ( 4, 2, 4 ),
 ( 0.000000000000000000, 0.5000000000000000000, 1.000000000000000000 ),
 .UNSPECIFIED. ) ;
#8121 = AXIS2_PLACEMENT_3D ( 'NONE', #7752, #7191, #3761 ) ;
#8122 = CARTESIAN_POINT ( 'NONE',  ( 15.65556682763982366, -40.62261018568959514, 27.80000000000000071 ) ) ;
#8123 = CARTESIAN_POINT ( 'NONE',  ( -37.36680822435838678, -56.27045579168115808, -12.00710678118655927 ) ) ;
#8124 = CARTESIAN_POINT ( 'NONE',  ( 0.000000000000000000, 4.767778374742815295, -48.87167408952667813 ) ) ;
#8125 = DIRECTION ( 'NONE',  ( -0.7071067811865429098, -8.086816722428062026E-17, 0.7071067811865521247 ) ) ;
#8126 = ORIENTED_EDGE ( 'NONE', *, *, #1649, .F. ) ;
#8127 = CARTESIAN_POINT ( 'NONE',  ( -59.72988597684204848, 2.131715627355454945, 18.77021255742011263 ) ) ;
#8128 = DIRECTION ( 'NONE',  ( 1.000000000000000000, 0.000000000000000000, 0.000000000000000000 ) ) ;
#8129 = VECTOR ( 'NONE', #3336, 1000.000000000000114 ) ;
#8130 = ORIENTED_EDGE ( 'NONE', *, *, #1559, .T. ) ;
#8131 = DIRECTION ( 'NONE',  ( 1.000000000000000000, 0.000000000000000000, 0.000000000000000000 ) ) ;
#8132 = ADVANCED_FACE ( 'NONE', ( #3494 ), #8080, .T. ) ;
#8133 = CARTESIAN_POINT ( 'NONE',  ( -48.00716143054185636, -60.74117637520251378, 26.80000000000001847 ) ) ;
#8134 = DIRECTION ( 'NONE',  ( 0.000000000000000000, 0.000000000000000000, -1.000000000000000000 ) ) ;
#8135 = ORIENTED_EDGE ( 'NONE', *, *, #991, .F. ) ;
#8136 = DIRECTION ( 'NONE',  ( -0.000000000000000000, -0.000000000000000000, 1.000000000000000000 ) ) ;
#8137 = CARTESIAN_POINT ( 'NONE',  ( -56.13137471833570658, -29.64867061566660666, 27.80000000000000071 ) ) ;
#8138 = VECTOR ( 'NONE', #3759, 1000.000000000000114 ) ;
#8139 = DIRECTION ( 'NONE',  ( 3.081487911019578049E-33, 0.7071067811865495711, -0.7071067811865455743 ) ) ;
#8140 = AXIS2_PLACEMENT_3D ( 'NONE', #3794, #363, #7660 ) ;
#8141 = DIRECTION ( 'NONE',  ( 0.000000000000000000, 0.7071067811865496822, -0.7071067811865454633 ) ) ;
#8142 = ORIENTED_EDGE ( 'NONE', *, *, #8267, .T. ) ;
#8143 = LINE ( 'NONE', #824, #2903 ) ;
#8144 = EDGE_CURVE ( 'NONE', #4360, #862, #1500, .T. ) ;
#8145 = EDGE_CURVE ( 'NONE', #7594, #2561, #3445, .T. ) ;
#8146 = ORIENTED_EDGE ( 'NONE', *, *, #5431, .F. ) ;
#8147 = VECTOR ( 'NONE', #8277, 1000.000000000000114 ) ;
#8148 = CARTESIAN_POINT ( 'NONE',  ( -39.06733746450277067, -57.66165641167595624, 10.01734537282633219 ) ) ;
#8149 = AXIS2_PLACEMENT_3D ( 'NONE', #6914, #3132, #3654 ) ;
#8150 = VERTEX_POINT ( 'NONE', #4741 ) ;
#8151 = CARTESIAN_POINT ( 'NONE',  ( -39.07391500554494002, -60.11243235413344621, 10.01624243558828198 ) ) ;
#8152 = ORIENTED_EDGE ( 'NONE', *, *, #3975, .T. ) ;
#8153 = DIRECTION ( 'NONE',  ( 0.6336872742246397738, 0.4437126062796575843, -0.6336872742246444368 ) ) ;
#8154 = DIRECTION ( 'NONE',  ( 1.000000000000000000, 0.000000000000000000, 0.000000000000000000 ) ) ;
#8155 = VERTEX_POINT ( 'NONE', #4095 ) ;
#8156 = CONICAL_SURFACE ( 'NONE', #6642, 3.000000000000023093, 0.7853981633974523868 ) ;
#8157 = VECTOR ( 'NONE', #6080, 1000.000000000000000 ) ;
#8158 = CARTESIAN_POINT ( 'NONE',  ( -37.31491130778473320, -59.40131944726473279, 12.89966581097662335 ) ) ;
#8159 = EDGE_CURVE ( 'NONE', #728, #3300, #7396, .T. ) ;
#8160 = VECTOR ( 'NONE', #6468, 1000.000000000000000 ) ;
#8161 = PLANE ( 'NONE',  #4729 ) ;
#8162 = VERTEX_POINT ( 'NONE', #6713 ) ;
#8163 = CARTESIAN_POINT ( 'NONE',  ( -47.74395206774986633, 9.777389814310405214, 3.500000000000013323 ) ) ;
#8164 = VECTOR ( 'NONE', #1764, 1000.000000000000000 ) ;
#8165 = CARTESIAN_POINT ( 'NONE',  ( -61.91322812304456846, -22.53457214412143372, 26.80000000000001847 ) ) ;
#8166 = LINE ( 'NONE', #2300, #3206 ) ;
#8167 = AXIS2_PLACEMENT_3D ( 'NONE', #2839, #4728, #2209 ) ;
#8168 = FACE_OUTER_BOUND ( 'NONE', #1124, .T. ) ;
#8169 = EDGE_CURVE ( 'NONE', #7509, #1187, #647, .T. ) ;
#8170 = DIRECTION ( 'NONE',  ( -3.469446951953588945E-15, 0.000000000000000000, 1.000000000000000000 ) ) ;
#8171 = DIRECTION ( 'NONE',  ( -1.000000000000000000, 0.000000000000000000, 0.000000000000000000 ) ) ;
#8172 = VECTOR ( 'NONE', #7104, 1000.000000000000000 ) ;
#8173 = CARTESIAN_POINT ( 'NONE',  ( -3.819039799497872867, -28.62261018568959514, 27.80000000000000071 ) ) ;
#8174 = VERTEX_POINT ( 'NONE', #6754 ) ;
#8175 = VECTOR ( 'NONE', #58, 1000.000000000000114 ) ;
#8176 = CARTESIAN_POINT ( 'NONE',  ( -35.28252613824998463, 15.77738981431040699, -23.57157287525380340 ) ) ;
#8177 = ORIENTED_EDGE ( 'NONE', *, *, #5604, .F. ) ;
#8178 = DIRECTION ( 'NONE',  ( 8.763851654838594627E-15, -1.000000000000000000, 0.000000000000000000 ) ) ;
#8179 = ORIENTED_EDGE ( 'NONE', *, *, #4883, .F. ) ;
#8180 = CARTESIAN_POINT ( 'NONE',  ( -39.39819105850075687, -60.86004763291573738, -10.53021707806425589 ) ) ;
#8181 = AXIS2_PLACEMENT_3D ( 'NONE', #6085, #2860, #4102 ) ;
#8182 = DIRECTION ( 'NONE',  ( -0.7071067811865424657, 0.000000000000000000, 0.7071067811865526798 ) ) ;
#8183 = B_SPLINE_CURVE_WITH_KNOTS ( 'NONE', 1,
 ( #6590, #3933 ),
 .UNSPECIFIED., .F., .F.,
 ( 2, 2 ),
 ( 0.000000000000000000, 1.000000000000000000 ),
 .UNSPECIFIED. ) ;
#8184 = CARTESIAN_POINT ( 'NONE',  ( 15.65556682763982366, -25.62261018568959159, -13.29999999999999538 ) ) ;
#8185 = VERTEX_POINT ( 'NONE', #2807 ) ;
#8186 = DIRECTION ( 'NONE',  ( 0.000000000000000000, 0.000000000000000000, 1.000000000000000000 ) ) ;
#8187 = DIRECTION ( 'NONE',  ( -0.6599369112508958191, -0.7513210187187812084, 1.387778780781445429E-16 ) ) ;
#8188 = ORIENTED_EDGE ( 'NONE', *, *, #1559, .F. ) ;
#8189 = DIRECTION ( 'NONE',  ( 1.000000000000000000, 0.000000000000000000, 0.000000000000000000 ) ) ;
#8190 = EDGE_CURVE ( 'NONE', #8244, #2479, #3408, .T. ) ;
#8191 = CIRCLE ( 'NONE', #1077, 2.000000000000001776 ) ;
#8192 = CARTESIAN_POINT ( 'NONE',  ( -38.82730519403795455, -57.32551477007326923, 10.54661604757312254 ) ) ;
#8193 = AXIS2_PLACEMENT_3D ( 'NONE', #8316, #3115, #2094 ) ;
#8194 = ORIENTED_EDGE ( 'NONE', *, *, #5422, .T. ) ;
#8195 = CARTESIAN_POINT ( 'NONE',  ( -39.99791512390618919, 15.77738981431040699, 18.91421356237308160 ) ) ;
#8196 = ORIENTED_EDGE ( 'NONE', *, *, #4445, .F. ) ;
#8197 = CARTESIAN_POINT ( 'NONE',  ( 47.92608499445506709, -9.936823748062696637, -27.21421356237311073 ) ) ;
#8198 = AXIS2_PLACEMENT_3D ( 'NONE', #3148, #5782, #5823 ) ;
#8199 = ORIENTED_EDGE ( 'NONE', *, *, #6220, .T. ) ;
#8200 = EDGE_LOOP ( 'NONE', ( #6803, #8474, #3768, #6375 ) ) ;
#8201 = FACE_OUTER_BOUND ( 'NONE', #3951, .T. ) ;
#8202 = VERTEX_POINT ( 'NONE', #6801 ) ;
#8203 = CARTESIAN_POINT ( 'NONE',  ( 0.000000000000000000, -22.62261018568959514, -12.30000000000001492 ) ) ;
#8204 = FACE_OUTER_BOUND ( 'NONE', #4510, .T. ) ;
#8205 = EDGE_CURVE ( 'NONE', #6441, #1752, #158, .T. ) ;
#8206 = EDGE_LOOP ( 'NONE', ( #1608, #5287, #4599, #8285, #6535, #4902, #2402, #901, #1638, #5233, #3160, #3081, #1692, #5976, #692, #4626, #952, #4631, #5056, #7796, #2451, #7249, #6006, #4415, #7136, #5040, #5, #5117, #5917, #7904, #7155 ) ) ;
#8207 = DIRECTION ( 'NONE',  ( 0.000000000000000000, 1.000000000000000000, -0.000000000000000000 ) ) ;
#8208 = CARTESIAN_POINT ( 'NONE',  ( 49.92608499445507420, -11.35103731043575870, 27.80000000000000071 ) ) ;
#8209 = VERTEX_POINT ( 'NONE', #2093 ) ;
#8210 = DIRECTION ( 'NONE',  ( -0.5000000000000057732, -0.7071067811865477948, -0.4999999999999935607 ) ) ;
#8211 = CARTESIAN_POINT ( 'NONE',  ( -47.74395206774986633, 9.777389814310405214, 13.50000000000000000 ) ) ;
#8212 = ADVANCED_FACE ( 'NONE', ( #1455 ), #932, .F. ) ;
#8213 = B_SPLINE_CURVE_WITH_KNOTS ( 'NONE', 1,
 ( #4403, #3063 ),
 .UNSPECIFIED., .F., .F.,
 ( 2, 2 ),
 ( 0.000000000000000000, 1.000000000000000000 ),
 .UNSPECIFIED. ) ;
#8214 = EDGE_CURVE ( 'NONE', #8068, #6899, #7357, .T. ) ;
#8215 = DIRECTION ( 'NONE',  ( 0.000000000000000000, 0.000000000000000000, -1.000000000000000000 ) ) ;
#8216 = CARTESIAN_POINT ( 'NONE',  ( -40.99791512390621051, 14.77738981431039100, 1.085786437626908185 ) ) ;
#8217 = CARTESIAN_POINT ( 'NONE',  ( -36.65970144317183355, -55.28021279466907600, -12.30000000000001492 ) ) ;
#8218 = DIRECTION ( 'NONE',  ( 0.000000000000000000, 0.000000000000000000, -1.000000000000000000 ) ) ;
#8219 = DIRECTION ( 'NONE',  ( 0.5000000000000035527, 0.7071067811865450192, 0.5000000000000001110 ) ) ;
#8220 = VERTEX_POINT ( 'NONE', #5473 ) ;
#8221 = ADVANCED_FACE ( 'NONE', ( #3538 ), #5513, .T. ) ;
#8222 = LINE ( 'NONE', #7534, #3093 ) ;
#8223 = EDGE_CURVE ( 'NONE', #2911, #7449, #6841, .T. ) ;
#8224 = ORIENTED_EDGE ( 'NONE', *, *, #4383, .T. ) ;
#8225 = DIRECTION ( 'NONE',  ( 1.000000000000000000, -1.156482317317862259E-15, 0.000000000000000000 ) ) ;
#8226 = DIRECTION ( 'NONE',  ( 0.000000000000000000, 0.000000000000000000, 1.000000000000000000 ) ) ;
#8227 = DIRECTION ( 'NONE',  ( 0.000000000000000000, 0.7071067811865487940, -0.7071067811865463515 ) ) ;
#8228 = LINE ( 'NONE', #2435, #7754 ) ;
#8229 = ORIENTED_EDGE ( 'NONE', *, *, #6505, .T. ) ;
#8230 = LINE ( 'NONE', #256, #6337 ) ;
#8231 = DIRECTION ( 'NONE',  ( -0.000000000000000000, 0.000000000000000000, 1.000000000000000000 ) ) ;
#8232 = DIRECTION ( 'NONE',  ( 0.000000000000000000, -0.000000000000000000, -1.000000000000000000 ) ) ;
#8233 = ADVANCED_FACE ( 'NONE', ( #4226 ), #8260, .F. ) ;
#8234 = LINE ( 'NONE', #2360, #8147 ) ;
#8235 = EDGE_LOOP ( 'NONE', ( #521, #6995, #7041, #7908, #267 ) ) ;
#8236 = ORIENTED_EDGE ( 'NONE', *, *, #4383, .F. ) ;
#8237 = CARTESIAN_POINT ( 'NONE',  ( 49.92608499445507420, -10.52261018568957418, 24.97157287525381619 ) ) ;
#8238 = AXIS2_PLACEMENT_3D ( 'NONE', #7099, #2043, #3304 ) ;
#8239 = ORIENTED_EDGE ( 'NONE', *, *, #8051, .T. ) ;
#8240 = FACE_OUTER_BOUND ( 'NONE', #3563, .T. ) ;
#8241 = ORIENTED_EDGE ( 'NONE', *, *, #2081, .F. ) ;
#8242 = VERTEX_POINT ( 'NONE', #3618 ) ;
#8243 = CARTESIAN_POINT ( 'NONE',  ( -47.23758846049647531, 13.77738981431040699, 13.49999999999999822 ) ) ;
#8244 = VERTEX_POINT ( 'NONE', #4313 ) ;
#8245 = DIRECTION ( 'NONE',  ( -0.4999999999999908407, -0.7071067811865474617, 0.5000000000000092149 ) ) ;
#8246 = CARTESIAN_POINT ( 'NONE',  ( -41.41212868627932409, 15.77738981431040699, 13.49999999999999822 ) ) ;
#8247 = CONICAL_SURFACE ( 'NONE', #7961, 3.000000000000002665, 0.7853981633974730370 ) ;
#8248 = EDGE_CURVE ( 'NONE', #1725, #1657, #4609, .T. ) ;
#8249 = CARTESIAN_POINT ( 'NONE',  ( 15.63326077771475298, -22.32661021857295225, -13.30000000000000604 ) ) ;
#8250 = ORIENTED_EDGE ( 'NONE', *, *, #1102, .F. ) ;
#8251 = CARTESIAN_POINT ( 'NONE',  ( -40.29080834271967149, 15.77738981431040699, -1.792893218813455425 ) ) ;
#8252 = CARTESIAN_POINT ( 'NONE',  ( -36.65970144317183355, -26.62261018568959514, 11.29999999999999538 ) ) ;
#8253 = VECTOR ( 'NONE', #5202, 1000.000000000000000 ) ;
#8254 = CARTESIAN_POINT ( 'NONE',  ( 47.92608499445506709, -22.62261018568959514, 12.29999999999999538 ) ) ;
#8255 = ORIENTED_EDGE ( 'NONE', *, *, #8248, .F. ) ;
#8256 = EDGE_CURVE ( 'NONE', #7713, #8479, #4248, .T. ) ;
#8257 = EDGE_CURVE ( 'NONE', #4457, #558, #7530, .T. ) ;
#8258 = CARTESIAN_POINT ( 'NONE',  ( -37.23327787952290890, -54.46106075038005656, -13.30000000000005755 ) ) ;
#8259 = AXIS2_PLACEMENT_3D ( 'NONE', #86, #7967, #8053 ) ;
#8260 = PLANE ( 'NONE',  #506 ) ;
#8261 = CARTESIAN_POINT ( 'NONE',  ( -38.86902242779785865, -59.82548539069996707, 10.49577653381789766 ) ) ;
#8262 = ORIENTED_EDGE ( 'NONE', *, *, #7954, .T. ) ;
#8263 = FACE_OUTER_BOUND ( 'NONE', #2715, .T. ) ;
#8264 = ORIENTED_EDGE ( 'NONE', *, *, #3872, .T. ) ;
#8265 = FACE_OUTER_BOUND ( 'NONE', #7380, .T. ) ;
#8266 = CARTESIAN_POINT ( 'NONE',  ( -39.07391500554492580, -25.62261018568955251, 9.885786437626899570 ) ) ;
#8267 = EDGE_CURVE ( 'NONE', #305, #823, #1671, .T. ) ;
#8268 = VECTOR ( 'NONE', #7935, 1000.000000000000114 ) ;
#8269 = LINE ( 'NONE', #6937, #2306 ) ;
#8270 = CYLINDRICAL_SURFACE ( 'NONE', #3496, 0.9999999999999991118 ) ;
#8271 = VERTEX_POINT ( 'NONE', #5607 ) ;
#8272 = VECTOR ( 'NONE', #6303, 1000.000000000000000 ) ;
#8273 = DIRECTION ( 'NONE',  ( 1.000000000000000000, 0.000000000000000000, 0.000000000000000000 ) ) ;
#8274 = CARTESIAN_POINT ( 'NONE',  ( -42.11331149073392766, -57.87809707166677242, 26.79999999999998650 ) ) ;
#8275 = ORIENTED_EDGE ( 'NONE', *, *, #2047, .T. ) ;
#8276 = DIRECTION ( 'NONE',  ( -6.938893903907222067E-15, 0.000000000000000000, 1.000000000000000000 ) ) ;
#8277 = DIRECTION ( 'NONE',  ( 0.7071067811865474617, 0.7071067811865474617, 0.000000000000000000 ) ) ;
#8278 = ORIENTED_EDGE ( 'NONE', *, *, #6113, .T. ) ;
#8279 = ORIENTED_EDGE ( 'NONE', *, *, #3133, .F. ) ;
#8280 = DIRECTION ( 'NONE',  ( 0.000000000000000000, 1.000000000000000000, 0.000000000000000000 ) ) ;
#8281 = DIRECTION ( 'NONE',  ( 0.000000000000000000, 0.7071067811865487940, 0.7071067811865463515 ) ) ;
#8282 = VERTEX_POINT ( 'NONE', #6929 ) ;
#8283 = EDGE_CURVE ( 'NONE', #5273, #7969, #7570, .T. ) ;
#8284 = VECTOR ( 'NONE', #2007, 1000.000000000000000 ) ;
#8285 = ORIENTED_EDGE ( 'NONE', *, *, #8460, .F. ) ;
#8286 = ORIENTED_EDGE ( 'NONE', *, *, #2925, .F. ) ;
#8287 = DIRECTION ( 'NONE',  ( 1.000000000000000000, 0.000000000000000000, 0.000000000000000000 ) ) ;
#8288 = DIRECTION ( 'NONE',  ( 0.8191520442889910214, 0.5735764363510472696, 6.559698818459806760E-17 ) ) ;
#8289 = DIRECTION ( 'NONE',  ( -0.000000000000000000, 0.000000000000000000, 1.000000000000000000 ) ) ;
#8290 = CIRCLE ( 'NONE', #4588, 2.000000000000015543 ) ;
#8291 = ORIENTED_EDGE ( 'NONE', *, *, #7990, .F. ) ;
#8292 = AXIS2_PLACEMENT_3D ( 'NONE', #3047, #353, #5680 ) ;
#8293 = DIRECTION ( 'NONE',  ( 1.000000000000000000, 0.000000000000000000, 0.000000000000000000 ) ) ;
#8294 = VERTEX_POINT ( 'NONE', #7623 ) ;
#8295 = CARTESIAN_POINT ( 'NONE',  ( -33.28252613824997752, 13.77738981431040699, -48.87167408952667813 ) ) ;
#8296 = CIRCLE ( 'NONE', #767, 2.000000000000001776 ) ;
#8297 = CARTESIAN_POINT ( 'NONE',  ( -39.07391500554492580, -11.35103731043576936, 14.29999999999999716 ) ) ;
#8298 = CIRCLE ( 'NONE', #6389, 2.000000000000001776 ) ;
#8299 = CARTESIAN_POINT ( 'NONE',  ( -0.8190397994978287910, -28.62261018568959514, -12.30000000000001137 ) ) ;
#8300 = EDGE_CURVE ( 'NONE', #2842, #7594, #6203, .T. ) ;
#8301 = CIRCLE ( 'NONE', #3229, 4.999999999999984013 ) ;
#8302 = AXIS2_PLACEMENT_3D ( 'NONE', #6710, #7233, #838 ) ;
#8303 = VECTOR ( 'NONE', #5019, 1000.000000000000000 ) ;
#8304 = CARTESIAN_POINT ( 'NONE',  ( -59.44947128440067274, 2.450960465455856330, 18.50000000000000355 ) ) ;
#8305 = FACE_OUTER_BOUND ( 'NONE', #1370, .T. ) ;
#8306 = VECTOR ( 'NONE', #3931, 1000.000000000000000 ) ;
#8307 = ORIENTED_EDGE ( 'NONE', *, *, #816, .F. ) ;
#8308 = CARTESIAN_POINT ( 'NONE',  ( -47.74395206774986633, 15.77738981431040699, 12.49999999999998579 ) ) ;
#8309 = EDGE_CURVE ( 'NONE', #5515, #5991, #5560, .T. ) ;
#8310 = ADVANCED_FACE ( 'NONE', ( #4269 ), #6881, .F. ) ;
#8311 = ORIENTED_EDGE ( 'NONE', *, *, #8223, .T. ) ;
#8312 = CARTESIAN_POINT ( 'NONE',  ( 49.92608499445507420, -9.936823748062657558, 27.21421356237309297 ) ) ;
#8313 = LINE ( 'NONE', #7501, #244 ) ;
#8314 = DIRECTION ( 'NONE',  ( -0.6644630243886787690, -0.2418447626479759693, 0.7071067811865434649 ) ) ;
#8315 = VERTEX_POINT ( 'NONE', #2294 ) ;
#8316 = CARTESIAN_POINT ( 'NONE',  ( -41.41212868627928856, 17.95916581580593885, 17.49999999999999645 ) ) ;
#8317 = PLANE ( 'NONE',  #7982 ) ;
#8318 = EDGE_LOOP ( 'NONE', ( #1561, #6624, #6774 ) ) ;
#8319 = CARTESIAN_POINT ( 'NONE',  ( -47.74395206774986633, 15.77738981431040699, 3.500000000000014211 ) ) ;
#8320 = ADVANCED_FACE ( 'NONE', ( #6152 ), #876, .T. ) ;
#8321 = VERTEX_POINT ( 'NONE', #6026 ) ;
#8322 = EDGE_CURVE ( 'NONE', #7462, #2820, #2122, .T. ) ;
#8323 = DIRECTION ( 'NONE',  ( 0.000000000000000000, -0.000000000000000000, -1.000000000000000000 ) ) ;
#8324 = ORIENTED_EDGE ( 'NONE', *, *, #5283, .F. ) ;
#8325 = VECTOR ( 'NONE', #6610, 999.9999999999998863 ) ;
#8326 = ORIENTED_EDGE ( 'NONE', *, *, #5988, .T. ) ;
#8327 = DIRECTION ( 'NONE',  ( 1.000000000000000000, 0.000000000000000000, 0.000000000000000000 ) ) ;
#8328 = FACE_OUTER_BOUND ( 'NONE', #5924, .T. ) ;
#8329 = ORIENTED_EDGE ( 'NONE', *, *, #1707, .F. ) ;
#8330 = ORIENTED_EDGE ( 'NONE', *, *, #6136, .F. ) ;
#8331 = PLANE ( 'NONE',  #1956 ) ;
#8332 = AXIS2_PLACEMENT_3D ( 'NONE', #5585, #3249, #6524 ) ;
#8333 = DIRECTION ( 'NONE',  ( 0.000000000000000000, -1.000000000000000000, 1.042667367333023879E-16 ) ) ;
#8334 = CARTESIAN_POINT ( 'NONE',  ( -40.45967341942191808, 10.16317625193741492, -27.80000000000000071 ) ) ;
#8335 = EDGE_CURVE ( 'NONE', #8392, #1521, #2114, .T. ) ;
#8336 = EDGE_CURVE ( 'NONE', #6585, #1820, #1065, .T. ) ;
#8337 = VERTEX_POINT ( 'NONE', #7985 ) ;
#8338 = ORIENTED_EDGE ( 'NONE', *, *, #7102, .T. ) ;
#8339 = CONICAL_SURFACE ( 'NONE', #2313, 1.000000000000013101, 0.7853981633974418397 ) ;
#8340 = LINE ( 'NONE', #3868, #7619 ) ;
#8341 = ORIENTED_EDGE ( 'NONE', *, *, #7120, .F. ) ;
#8342 = CARTESIAN_POINT ( 'NONE',  ( -47.23758846049647531, 8.777389814310406990, 0.000000000000000000 ) ) ;
#8343 = DIRECTION ( 'NONE',  ( 0.7071067811865526798, 7.372771659631008181E-17, 0.7071067811865424657 ) ) ;
#8344 = CARTESIAN_POINT ( 'NONE',  ( -39.99791512390617498, 15.77738981431040699, -13.08578643762690774 ) ) ;
#8345 = DIRECTION ( 'NONE',  ( 0.000000000000000000, 0.000000000000000000, 1.000000000000000000 ) ) ;
#8346 = ORIENTED_EDGE ( 'NONE', *, *, #6551, .T. ) ;
#8347 = DIRECTION ( 'NONE',  ( 0.000000000000000000, 0.000000000000000000, -1.000000000000000000 ) ) ;
#8348 = ORIENTED_EDGE ( 'NONE', *, *, #4228, .F. ) ;
#8349 = DIRECTION ( 'NONE',  ( 0.000000000000000000, 0.000000000000000000, 1.000000000000000000 ) ) ;
#8350 = CARTESIAN_POINT ( 'NONE',  ( -46.60920644654360956, 18.64575001107217389, -18.50000000000000355 ) ) ;
#8351 = EDGE_CURVE ( 'NONE', #7453, #7162, #2880, .T. ) ;
#8352 = CARTESIAN_POINT ( 'NONE',  ( -47.23758846049647531, 8.777389814310406990, -13.50000000000000000 ) ) ;
#8353 = VERTEX_POINT ( 'NONE', #3479 ) ;
#8354 = CARTESIAN_POINT ( 'NONE',  ( -60.97353550225866314, -22.19255200079576795, -27.80000000000000071 ) ) ;
#8355 = CARTESIAN_POINT ( 'NONE',  ( 50.92608499445506709, -22.62261018568959514, 13.29999999999998117 ) ) ;
#8356 = VERTEX_POINT ( 'NONE', #6108 ) ;
#8357 = LINE ( 'NONE', #1291, #4046 ) ;
#8358 = ORIENTED_EDGE ( 'NONE', *, *, #7459, .F. ) ;
#8359 = CARTESIAN_POINT ( 'NONE',  ( -36.72508233175986447, -57.81331121406970652, 12.29789391807191556 ) ) ;
#8360 = ORIENTED_EDGE ( 'NONE', *, *, #231, .F. ) ;
#8361 = ORIENTED_EDGE ( 'NONE', *, *, #1707, .T. ) ;
#8362 = DIRECTION ( 'NONE',  ( 1.000000000000000000, 8.673617379884027583E-15, 0.000000000000000000 ) ) ;
#8363 = DIRECTION ( 'NONE',  ( -0.4055797876726374707, 0.5792279653395655536, 0.7071067811865513475 ) ) ;
#8364 = ORIENTED_EDGE ( 'NONE', *, *, #184, .F. ) ;
#8365 = EDGE_CURVE ( 'NONE', #1220, #6017, #7626, .T. ) ;
#8366 = ADVANCED_FACE ( 'NONE', ( #6830 ), #915, .F. ) ;
#8367 = VERTEX_POINT ( 'NONE', #5464 ) ;
#8368 = ORIENTED_EDGE ( 'NONE', *, *, #2504, .F. ) ;
#8369 = CARTESIAN_POINT ( 'NONE',  ( -50.16678020060848553, 3.894547101836490555, -27.80000000000000071 ) ) ;
#8370 = DIRECTION ( 'NONE',  ( -0.000000000000000000, 1.000000000000000000, -0.000000000000000000 ) ) ;
#8371 = ORIENTED_EDGE ( 'NONE', *, *, #2345, .F. ) ;
#8372 = CARTESIAN_POINT ( 'NONE',  ( 0.000000000000000000, 0.000000000000000000, 0.000000000000000000 ) ) ;
#8373 = ORIENTED_EDGE ( 'NONE', *, *, #2301, .T. ) ;
#8374 = CARTESIAN_POINT ( 'NONE',  ( -62.45967341942196072, -5.471820925021146920, -27.80000000000000071 ) ) ;
#8375 = EDGE_CURVE ( 'NONE', #1557, #911, #1528, .T. ) ;
#8376 = CARTESIAN_POINT ( 'NONE',  ( -51.50055716134375672, 13.07707437056487265, -2.500000000000000444 ) ) ;
#8377 = ORIENTED_EDGE ( 'NONE', *, *, #5512, .T. ) ;
#8378 = VECTOR ( 'NONE', #2005, 1000.000000000000000 ) ;
#8379 = CARTESIAN_POINT ( 'NONE',  ( -37.34460315471783076, -58.68091074995248135, -12.02931185082711529 ) ) ;
#8380 = CARTESIAN_POINT ( 'NONE',  ( -39.99791512390620341, 13.77738981431040699, -17.08578643762689708 ) ) ;
#8381 = AXIS2_PLACEMENT_3D ( 'NONE', #7585, #2863, #5485 ) ;
#8382 = DIRECTION ( 'NONE',  ( -0.7071067811865424657, 0.000000000000000000, 0.7071067811865526798 ) ) ;
#8383 = ADVANCED_FACE ( 'NONE', ( #8110 ), #962, .F. ) ;
#8384 = FACE_OUTER_BOUND ( 'NONE', #3377, .T. ) ;
#8385 = DIRECTION ( 'NONE',  ( 1.387778780781450211E-15, 1.000000000000000000, -8.673617379884063822E-17 ) ) ;
#8386 = AXIS2_PLACEMENT_3D ( 'NONE', #2405, #2326, #4887 ) ;
#8387 = CARTESIAN_POINT ( 'NONE',  ( -40.59555584393956451, -56.81535312662098391, 10.40916402589899903 ) ) ;
#8388 = LINE ( 'NONE', #5131, #3668 ) ;
#8389 = DIRECTION ( 'NONE',  ( 1.000000000000000000, 0.000000000000000000, 0.000000000000000000 ) ) ;
#8390 = CARTESIAN_POINT ( 'NONE',  ( -36.30645759615187274, 31.89045812311326600, 27.80000000000000071 ) ) ;
#8391 = CARTESIAN_POINT ( 'NONE',  ( 0.000000000000000000, -22.62261018568959514, 12.29999999999999538 ) ) ;
#8392 = VERTEX_POINT ( 'NONE', #1660 ) ;
#8393 = VECTOR ( 'NONE', #2696, 1000.000000000000000 ) ;
#8394 = CARTESIAN_POINT ( 'NONE',  ( -55.31229685597797641, -28.62261018568959514, -27.80000000000000782 ) ) ;
#8395 = VERTEX_POINT ( 'NONE', #4807 ) ;
#8396 = CARTESIAN_POINT ( 'NONE',  ( -36.79293170296044480, -57.90833543065279088, 12.29122017176552362 ) ) ;
#8397 = EDGE_CURVE ( 'NONE', #985, #4076, #3525, .T. ) ;
#8398 = EDGE_LOOP ( 'NONE', ( #2037, #3899, #54, #5409 ) ) ;
#8399 = AXIS2_PLACEMENT_3D ( 'NONE', #7715, #6435, #639 ) ;
#8400 = ORIENTED_EDGE ( 'NONE', *, *, #6423, .T. ) ;
#8401 = FACE_OUTER_BOUND ( 'NONE', #4347, .T. ) ;
#8402 = CARTESIAN_POINT ( 'NONE',  ( -36.91898437051496984, -55.64331651517860422, 12.26801657730935879 ) ) ;
#8403 = ORIENTED_EDGE ( 'NONE', *, *, #2750, .F. ) ;
#8404 = ORIENTED_EDGE ( 'NONE', *, *, #5185, .F. ) ;
#8405 = CARTESIAN_POINT ( 'NONE',  ( -37.30991531266505490, 13.70993064146933449, 27.80000000000000426 ) ) ;
#8406 = LINE ( 'NONE', #7771, #160 ) ;
#8407 = DIRECTION ( 'NONE',  ( -0.6336872742246397738, -0.4437126062796576398, 0.6336872742246444368 ) ) ;
#8408 = EDGE_CURVE ( 'NONE', #6145, #5380, #7477, .T. ) ;
#8409 = EDGE_CURVE ( 'NONE', #7471, #8105, #4257, .T. ) ;
#8410 = B_SPLINE_CURVE_WITH_KNOTS ( 'NONE', 3,
 ( #1710, #4225, #7664, #970 ),
 .UNSPECIFIED., .F., .F.,
 ( 4, 4 ),
 ( 0.000000000000000000, 0.0007146513700712582096 ),
 .UNSPECIFIED. ) ;
#8411 = ORIENTED_EDGE ( 'NONE', *, *, #1668, .T. ) ;
#8412 = CARTESIAN_POINT ( 'NONE',  ( -37.22165539364724651, -56.06718140544090545, 12.12720414866805463 ) ) ;
#8413 = VERTEX_POINT ( 'NONE', #271 ) ;
#8414 = CARTESIAN_POINT ( 'NONE',  ( -47.74395206774986633, 15.77738981431040699, -26.80000000000001492 ) ) ;
#8415 = CARTESIAN_POINT ( 'NONE',  ( -41.41212868627932409, 15.77738981431040699, -1.500000000000001554 ) ) ;
#8416 = ORIENTED_EDGE ( 'NONE', *, *, #6496, .F. ) ;
#8417 = CARTESIAN_POINT ( 'NONE',  ( -39.06733746451161693, -60.10320558921617362, -10.01734537278194814 ) ) ;
#8418 = DIRECTION ( 'NONE',  ( 1.000000000000000000, -1.734723475976807094E-15, 0.000000000000000000 ) ) ;
#8419 = VECTOR ( 'NONE', #2780, 999.9999999999998863 ) ;
#8420 = AXIS2_PLACEMENT_3D ( 'NONE', #4686, #5374, #6025 ) ;
#8421 = EDGE_CURVE ( 'NONE', #1224, #3851, #8072, .T. ) ;
#8422 = EDGE_CURVE ( 'NONE', #8392, #6858, #3226, .T. ) ;
#8423 = DIRECTION ( 'NONE',  ( -1.000000000000000000, 0.000000000000000000, 9.158464420884415348E-17 ) ) ;
#8424 = DIRECTION ( 'NONE',  ( 0.000000000000000000, 0.000000000000000000, -1.000000000000000000 ) ) ;
#8425 = CARTESIAN_POINT ( 'NONE',  ( -39.50033856919389308, -60.93157208991243579, -9.885786437626913781 ) ) ;
#8426 = AXIS2_PLACEMENT_3D ( 'NONE', #1532, #4045, #6156 ) ;
#8427 = AXIS2_PLACEMENT_3D ( 'NONE', #7506, #426, #384 ) ;
#8428 = EDGE_CURVE ( 'NONE', #6325, #8174, #2287, .T. ) ;
#8429 = DIRECTION ( 'NONE',  ( 0.7513210187187812084, -0.6599369112508958191, 0.000000000000000000 ) ) ;
#8430 = PLANE ( 'NONE',  #8050 ) ;
#8431 = AXIS2_PLACEMENT_3D ( 'NONE', #2077, #6215, #5982 ) ;
#8432 = DIRECTION ( 'NONE',  ( -0.000000000000000000, 0.000000000000000000, 1.000000000000000000 ) ) ;
#8433 = CARTESIAN_POINT ( 'NONE',  ( -45.82754818765661042, 14.77738981431039100, -2.500000000000000888 ) ) ;
#8434 = B_SPLINE_CURVE_WITH_KNOTS ( 'NONE', 3,
 ( #4779, #6675, #2888, #5352 ),
 .UNSPECIFIED., .F., .F.,
 ( 4, 4 ),
 ( 0.000000000000000000, 1.000000000000000000 ),
 .UNSPECIFIED. ) ;
#8435 = CARTESIAN_POINT ( 'NONE',  ( -37.75657112538990390, -54.82747462583034803, -13.24809313113010845 ) ) ;
#8436 = VERTEX_POINT ( 'NONE', #2170 ) ;
#8437 = DIRECTION ( 'NONE',  ( 0.000000000000000000, 0.7071067811865475727, 0.7071067811865475727 ) ) ;
#8438 = ORIENTED_EDGE ( 'NONE', *, *, #7531, .T. ) ;
#8439 = LINE ( 'NONE', #7243, #6650 ) ;
#8440 = ORIENTED_EDGE ( 'NONE', *, *, #8117, .T. ) ;
#8441 = AXIS2_PLACEMENT_3D ( 'NONE', #2057, #1335, #7876 ) ;
#8442 = VERTEX_POINT ( 'NONE', #2458 ) ;
#8443 = LINE ( 'NONE', #1940, #3598 ) ;
#8444 = CARTESIAN_POINT ( 'NONE',  ( -36.72515165593280528, -55.37187025937441121, 12.30000440956466790 ) ) ;
#8445 = VERTEX_POINT ( 'NONE', #492 ) ;
#8446 = ORIENTED_EDGE ( 'NONE', *, *, #1813, .F. ) ;
#8447 = ORIENTED_EDGE ( 'NONE', *, *, #1502, .T. ) ;
#8448 = EDGE_CURVE ( 'NONE', #6607, #216, #7560, .T. ) ;
#8449 = LINE ( 'NONE', #2490, #7828 ) ;
#8450 = DIRECTION ( 'NONE',  ( -0.000000000000000000, 1.000000000000000000, -1.042667367333023879E-16 ) ) ;
#8451 = VECTOR ( 'NONE', #3299, 1000.000000000000000 ) ;
#8452 = CARTESIAN_POINT ( 'NONE',  ( -40.29080834271967149, 15.77738981431040699, -17.79289321881345742 ) ) ;
#8453 = ORIENTED_EDGE ( 'NONE', *, *, #2788, .T. ) ;
#8454 = CARTESIAN_POINT ( 'NONE',  ( -50.45967341942196072, 0.000000000000000000, 27.80000000000000071 ) ) ;
#8455 = ORIENTED_EDGE ( 'NONE', *, *, #2857, .F. ) ;
#8456 = CARTESIAN_POINT ( 'NONE',  ( -39.07391500554492580, -57.67087086810381180, -9.885786437626917333 ) ) ;
#8457 = CIRCLE ( 'NONE', #3802, 1.000000000000014655 ) ;
#8458 = FACE_OUTER_BOUND ( 'NONE', #7547, .T. ) ;
#8459 = ORIENTED_EDGE ( 'NONE', *, *, #7703, .T. ) ;
#8460 = EDGE_CURVE ( 'NONE', #653, #5754, #1006, .T. ) ;
#8461 = CARTESIAN_POINT ( 'NONE',  ( -37.28299886335447155, -58.59462561809951353, -12.08215603056411602 ) ) ;
#8462 = DIRECTION ( 'NONE',  ( 0.000000000000000000, 0.000000000000000000, 1.000000000000000000 ) ) ;
#8463 = AXIS2_PLACEMENT_3D ( 'NONE', #5472, #6800, #6712 ) ;
#8464 = CONICAL_SURFACE ( 'NONE', #4767, 0.9999999999999991118, 0.7853981633974479459 ) ;
#8465 = DIRECTION ( 'NONE',  ( 0.000000000000000000, 1.000000000000000000, 0.000000000000000000 ) ) ;
#8466 = EDGE_CURVE ( 'NONE', #7845, #8242, #6284, .T. ) ;
#8467 = EDGE_CURVE ( 'NONE', #7124, #5981, #5075, .T. ) ;
#8468 = LINE ( 'NONE', #4724, #709 ) ;
#8469 = CARTESIAN_POINT ( 'NONE',  ( -59.72988597684204848, 2.131715627355462050, -18.77021255742010553 ) ) ;
#8470 = LINE ( 'NONE', #1243, #1570 ) ;
#8471 = DIRECTION ( 'NONE',  ( -0.000000000000000000, 0.000000000000000000, 1.000000000000000000 ) ) ;
#8472 = CARTESIAN_POINT ( 'NONE',  ( -39.58370156153312536, 15.77738981431040699, -18.50000000000002842 ) ) ;
#8473 = ADVANCED_FACE ( 'NONE', ( #403 ), #3606, .T. ) ;
#8474 = ORIENTED_EDGE ( 'NONE', *, *, #5855, .F. ) ;
#8475 = DIRECTION ( 'NONE',  ( -1.000000000000000000, 0.000000000000000000, 0.000000000000000000 ) ) ;
#8476 = DIRECTION ( 'NONE',  ( -0.1224667487856097303, -0.7512815738530577159, 0.6485197701155724914 ) ) ;
#8477 = ORIENTED_EDGE ( 'NONE', *, *, #6409, .T. ) ;
#8478 = DIRECTION ( 'NONE',  ( -1.000000000000000000, -1.080439744154498050E-16, -0.000000000000000000 ) ) ;
#8479 = VERTEX_POINT ( 'NONE', #3655 ) ;
#8480 = DIRECTION ( 'NONE',  ( 0.000000000000000000, 0.000000000000000000, 1.000000000000000000 ) ) ;
ENDSEC;
END-ISO-10303-21;
