ISO-10303-21;
HEADER;
FILE_DESCRIPTION (( 'STEP AP214' ),
    '1' );
FILE_NAME ('Рамка.STEP',
    '2026-08-17T03:33:21',
    ( 'Пользователь Windows' ),
    ( '' ),
    'SwSTEP 2.0',
    'SolidWorks 2023',
    '' );
FILE_SCHEMA (( 'AUTOMOTIVE_DESIGN' ));
ENDSEC;

DATA;
#1 = AXIS2_PLACEMENT_3D ( 'NONE', #6483, #2592, #4957 ) ;
#2 = DIRECTION ( 'NONE',  ( 0.000000000000000000, 0.000000000000000000, 1.000000000000000000 ) ) ;
#3 = ORIENTED_EDGE ( 'NONE', *, *, #122, .F. ) ;
#4 = CARTESIAN_POINT ( 'NONE',  ( 58.75489261934963992, -21.80568766229460209, 7.330893818277401053 ) ) ;
#5 = CARTESIAN_POINT ( 'NONE',  ( -43.15774561193817505, 35.19152069730136390, 9.434507691951125707 ) ) ;
#6 = ORIENTED_EDGE ( 'NONE', *, *, #1725, .T. ) ;
#7 = CARTESIAN_POINT ( 'NONE',  ( -60.49999999999997868, 0.6408283168701317534, -0.03481862698997409411 ) ) ;
#8 = CARTESIAN_POINT ( 'NONE',  ( -39.44245790925170070, 40.54518924300498384, 10.08252292690704088 ) ) ;
#9 = VECTOR ( 'NONE', #4272, 1000.000000000000000 ) ;
#10 = CARTESIAN_POINT ( 'NONE',  ( 37.48227522645407817, 36.32995926461794767, 1.977047241281731038 ) ) ;
#11 = LINE ( 'NONE', #6148, #1043 ) ;
#12 = DIRECTION ( 'NONE',  ( -1.000000000000000000, 0.000000000000000000, 0.000000000000000000 ) ) ;
#13 = VECTOR ( 'NONE', #1957, 1000.000000000000000 ) ;
#14 = CARTESIAN_POINT ( 'NONE',  ( -42.56344627106712153, 35.13303764920077299, 1.061226725758152689 ) ) ;
#15 = CIRCLE ( 'NONE', #6218, 0.9999999999999978906 ) ;
#16 = ORIENTED_EDGE ( 'NONE', *, *, #9847, .T. ) ;
#17 = CARTESIAN_POINT ( 'NONE',  ( -63.97752110012989846, 41.62137180966325190, 2.351264401904672230 ) ) ;
#18 = FACE_OUTER_BOUND ( 'NONE', #8028, .T. ) ;
#19 = ORIENTED_EDGE ( 'NONE', *, *, #381, .F. ) ;
#20 = CARTESIAN_POINT ( 'NONE',  ( 42.85191572870943588, 35.25909964106997307, 8.414547187247491067 ) ) ;
#21 = CARTESIAN_POINT ( 'NONE',  ( 37.25181215987187500, 43.00000000000000711, 10.82842712474632485 ) ) ;
#22 = DIRECTION ( 'NONE',  ( 1.000000000000000000, 0.000000000000000000, -0.000000000000000000 ) ) ;
#23 = CARTESIAN_POINT ( 'NONE',  ( -53.41517741577744971, -39.12612723420712513, 5.873872765792948591 ) ) ;
#24 = ORIENTED_EDGE ( 'NONE', *, *, #54, .F. ) ;
#25 = VERTEX_POINT ( 'NONE', #7760 ) ;
#26 = CARTESIAN_POINT ( 'NONE',  ( 61.49999999999996447, -13.78853150712619957, 4.500000000000000888 ) ) ;
#27 = VERTEX_POINT ( 'NONE', #5311 ) ;
#28 = DIRECTION ( 'NONE',  ( 0.000000000000000000, 0.9538173892666751419, 0.3003870635238873876 ) ) ;
#29 = CARTESIAN_POINT ( 'NONE',  ( 65.79751304446493521, 31.71309785687563476, 1.862860056633505401 ) ) ;
#30 = CARTESIAN_POINT ( 'NONE',  ( 37.98814505614462433, 37.77300576791340347, 11.06027185431407744 ) ) ;
#31 = CARTESIAN_POINT ( 'NONE',  ( 64.82492025385856493, 42.49616654839248753, 1.192483504346341094 ) ) ;
#32 = DIRECTION ( 'NONE',  ( 0.000000000000000000, 0.000000000000000000, -1.000000000000000000 ) ) ;
#33 = EDGE_CURVE ( 'NONE', #7757, #4814, #5460, .T. ) ;
#34 = ORIENTED_EDGE ( 'NONE', *, *, #7538, .T. ) ;
#35 = CARTESIAN_POINT ( 'NONE',  ( 60.49999999999996447, -18.10646878060362042, 5.585786437627057843 ) ) ;
#36 = ORIENTED_EDGE ( 'NONE', *, *, #7153, .T. ) ;
#37 = FACE_OUTER_BOUND ( 'NONE', #2234, .T. ) ;
#38 = ORIENTED_EDGE ( 'NONE', *, *, #8887, .F. ) ;
#39 = CARTESIAN_POINT ( 'NONE',  ( 58.08578643762704274, -24.79228831549498580, 9.000000000000001776 ) ) ;
#40 =( BOUNDED_SURFACE ( )  B_SPLINE_SURFACE ( 3, 2, ( 
 ( #8742, #5584, #6547 ),
 ( #5685, #1854, #6448 ),
 ( #9445, #5781, #9548 ),
 ( #9594, #1761, #4056 ) ),
 .UNSPECIFIED., .F., .F., .F. ) 
 B_SPLINE_SURFACE_WITH_KNOTS ( ( 4, 4 ),
 ( 3, 3 ),
 ( 5.102086297686562284E-05, 0.001478288874326837187 ),
 ( 0.000000000000000000, 1.000000000000000000 ),
 .UNSPECIFIED. ) 
 GEOMETRIC_REPRESENTATION_ITEM ( )  RATIONAL_B_SPLINE_SURFACE ( (
 ( 1.000000000000000000, 0.7326516189566230075, 1.000000000000000000),
 ( 1.000000000000000000, 0.7383723046582002514, 1.000000000000000000),
 ( 1.000000000000000000, 0.7432661240258201518, 1.000000000000000000),
 ( 1.000000000000000000, 0.7425750662533588953, 1.000000000000000000) ) ) 
 REPRESENTATION_ITEM ( '' )  SURFACE ( )  );
#41 = DIRECTION ( 'NONE',  ( 0.7888953548225483559, 0.6145275576728885802, -7.187312890703326201E-15 ) ) ;
#42 = EDGE_CURVE ( 'NONE', #9967, #6249, #3444, .T. ) ;
#43 = CARTESIAN_POINT ( 'NONE',  ( -53.49999999999997868, 34.00000000000000711, 8.707106781186544353 ) ) ;
#44 = EDGE_CURVE ( 'NONE', #1405, #27, #9945, .T. ) ;
#45 = CIRCLE ( 'NONE', #5281, 2.899999999999999911 ) ;
#46 = DIRECTION ( 'NONE',  ( -0.000000000000000000, -0.000000000000000000, 1.000000000000000000 ) ) ;
#47 = CARTESIAN_POINT ( 'NONE',  ( 64.83679780571817730, 29.98882370753027260, 2.122546222993748621 ) ) ;
#48 = VERTEX_POINT ( 'NONE', #6225 ) ;
#49 = CARTESIAN_POINT ( 'NONE',  ( 55.66594709874253510, -39.27313520188965157, 5.448035728366527053 ) ) ;
#50 = DIRECTION ( 'NONE',  ( 0.000000000000000000, -0.3003870635238873876, 0.9538173892666751419 ) ) ;
#51 = ORIENTED_EDGE ( 'NONE', *, *, #3803, .T. ) ;
#52 = AXIS2_PLACEMENT_3D ( 'NONE', #3988, #4345, #520 ) ;
#54 = EDGE_CURVE ( 'NONE', #9541, #119, #1478, .T. ) ;
#53 = CARTESIAN_POINT ( 'NONE',  ( -37.14742435983745850, 37.26148777446179849, 2.230418072215014647 ) ) ;
#55 = CARTESIAN_POINT ( 'NONE',  ( 60.49999999999997868, 13.65651987538036671, 13.49999999999999645 ) ) ;
#56 = B_SPLINE_CURVE_WITH_KNOTS ( 'NONE', 3,
 ( #7920, #4959, #3270, #309, #6383, #3419 ),
 .UNSPECIFIED., .F., .F.,
 ( 4, 2, 4 ),
 ( 0.000000000000000000, 0.0009494905869596825636, 0.001898981173919365127 ),
 .UNSPECIFIED. ) ;
#57 = EDGE_CURVE ( 'NONE', #3984, #9354, #8469, .T. ) ;
#58 = DIRECTION ( 'NONE',  ( -1.000000000000000000, 0.000000000000000000, 0.000000000000000000 ) ) ;
#59 = EDGE_CURVE ( 'NONE', #8630, #5486, #8566, .T. ) ;
#60 = DIRECTION ( 'NONE',  ( 0.000000000000000000, -1.000000000000000000, 0.000000000000000000 ) ) ;
#61 = ORIENTED_EDGE ( 'NONE', *, *, #1652, .F. ) ;
#62 = CARTESIAN_POINT ( 'NONE',  ( -41.02058059491663045, 44.20499607892500649, 5.869646242809183789 ) ) ;
#63 = CIRCLE ( 'NONE', #6588, 1.000000000000003331 ) ;
#64 = CARTESIAN_POINT ( 'NONE',  ( -35.95152108268894864, 40.97134483427976193, 11.70034000257385642 ) ) ;
#65 = EDGE_LOOP ( 'NONE', ( #6, #406, #9526, #4513 ) ) ;
#66 = CARTESIAN_POINT ( 'NONE',  ( -55.66594709874242142, -39.27313520188964446, 5.448035728366550146 ) ) ;
#67 = CYLINDRICAL_SURFACE ( 'NONE', #5147, 0.9999999999999991118 ) ;
#68 = EDGE_LOOP ( 'NONE', ( #143, #7228, #1891, #6502 ) ) ;
#69 = CARTESIAN_POINT ( 'NONE',  ( 0.000000000000000000, 45.00000000000001421, 9.000000000000001776 ) ) ;
#70 = CARTESIAN_POINT ( 'NONE',  ( -53.41009226430274026, 42.00081370492602417, 5.999186295072213682 ) ) ;
#71 = VECTOR ( 'NONE', #9946, 1000.000000000000000 ) ;
#72 = CARTESIAN_POINT ( 'NONE',  ( 52.91564572605884820, -38.74989582415044254, 6.250104175849646282 ) ) ;
#73 = CARTESIAN_POINT ( 'NONE',  ( 53.50000000000000711, -31.99999999999998579, 8.000000000000000000 ) ) ;
#74 = EDGE_LOOP ( 'NONE', ( #1852, #169, #4702, #3177, #6587 ) ) ;
#75 = LINE ( 'NONE', #3190, #3644 ) ;
#76 = CIRCLE ( 'NONE', #7747, 1.000000000000000222 ) ;
#77 = CARTESIAN_POINT ( 'NONE',  ( 66.19531851113826804, 42.33058136578706865, 1.978297733608652464 ) ) ;
#78 = CARTESIAN_POINT ( 'NONE',  ( 66.63903207773587667, 33.22344083545062432, 1.573936234205964180 ) ) ;
#79 = CARTESIAN_POINT ( 'NONE',  ( -53.49999999999997868, 34.00000000000000711, 8.000000000000000000 ) ) ;
#80 = DIRECTION ( 'NONE',  ( 0.000000000000000000, -0.000000000000000000, -1.000000000000000000 ) ) ;
#81 = CARTESIAN_POINT ( 'NONE',  ( -58.50000000000012079, -24.79228831549498224, 9.000000000000001776 ) ) ;
#82 = VERTEX_POINT ( 'NONE', #5363 ) ;
#83 = EDGE_LOOP ( 'NONE', ( #3694, #9026, #3941, #8503 ) ) ;
#84 = CARTESIAN_POINT ( 'NONE',  ( -63.21497817378519812, -24.80501453911392673, 3.782485578727823761 ) ) ;
#85 = ADVANCED_FACE ( 'NONE', ( #4703 ), #824, .F. ) ;
#86 = TOROIDAL_SURFACE ( 'NONE', #3550, 9.000000000000001776, 1.000000000000000000 ) ;
#87 = DIRECTION ( 'NONE',  ( 0.000000000000000000, 0.000000000000000000, -1.000000000000000000 ) ) ;
#88 = ADVANCED_FACE ( 'NONE', ( #874 ), #8013, .T. ) ;
#89 = CIRCLE ( 'NONE', #7113, 0.9999999999999995559 ) ;
#90 = ORIENTED_EDGE ( 'NONE', *, *, #1112, .T. ) ;
#91 = B_SPLINE_CURVE_WITH_KNOTS ( 'NONE', 3,
 ( #2186, #1432, #4539, #1522, #7513, #7659 ),
 .UNSPECIFIED., .F., .F.,
 ( 4, 2, 4 ),
 ( 0.000000000000000000, 0.003180429483947540704, 0.006360858967895081408 ),
 .UNSPECIFIED. ) ;
#92 = CARTESIAN_POINT ( 'NONE',  ( -58.01630996909894833, 42.19786823028305633, 4.667153934726106179 ) ) ;
#93 = EDGE_LOOP ( 'NONE', ( #3058, #3068, #5917, #4397 ) ) ;
#94 = ORIENTED_EDGE ( 'NONE', *, *, #3621, .T. ) ;
#95 = APPLICATION_PROTOCOL_DEFINITION ( 'draft international standard', 'automotive_design', 1998, #7574 ) ;
#96 = CARTESIAN_POINT ( 'NONE',  ( 54.50000000000001421, 2.846862205077222062E-16, 4.499999999999999112 ) ) ;
#97 = FACE_OUTER_BOUND ( 'NONE', #3649, .T. ) ;
#98 = CARTESIAN_POINT ( 'NONE',  ( 64.05184224959901940, -41.24763130311256276, 2.036876249425849661 ) ) ;
#99 = CIRCLE ( 'NONE', #2059, 1.000000000000000000 ) ;
#100 = AXIS2_PLACEMENT_3D ( 'NONE', #7740, #599, #3706 ) ;
#101 = ORIENTED_EDGE ( 'NONE', *, *, #4073, .T. ) ;
#102 = CARTESIAN_POINT ( 'NONE',  ( 53.48822044310253432, 42.00244080827401660, 5.997559191726088201 ) ) ;
#103 = CARTESIAN_POINT ( 'NONE',  ( 40.63942290679968039, 40.11288427245679600, 9.462479898702845560 ) ) ;
#104 = DIRECTION ( 'NONE',  ( 6.938893903907222067E-15, -1.000000000000000000, 0.000000000000000000 ) ) ;
#105 = EDGE_CURVE ( 'NONE', #4970, #240, #6077, .T. ) ;
#106 = ORIENTED_EDGE ( 'NONE', *, *, #127, .T. ) ;
#107 =( BOUNDED_SURFACE ( )  B_SPLINE_SURFACE ( 3, 2, ( 
 ( #5912, #6628, #5962 ),
 ( #8119, #2741, #5150 ),
 ( #1278, #9878, #3465 ),
 ( #4388, #7501, #8870 ) ),
 .UNSPECIFIED., .F., .F., .F. ) 
 B_SPLINE_SURFACE_WITH_KNOTS ( ( 4, 4 ),
 ( 3, 3 ),
 ( 4.669805512285641669, 4.918559523499861363 ),
 ( 0.000000000000000000, 1.000000000000000000 ),
 .UNSPECIFIED. ) 
 GEOMETRIC_REPRESENTATION_ITEM ( )  RATIONAL_B_SPLINE_SURFACE ( (
 ( 1.000000000000000000, 0.9308602050490017987, 1.000000000000000000),
 ( 1.000000000000000000, 0.9352302250737470901, 1.000000000000000000),
 ( 1.000000000000000000, 0.9392414008398497494, 1.000000000000000000),
 ( 1.000000000000000000, 0.9428716103250947000, 1.000000000000000000) ) ) 
 REPRESENTATION_ITEM ( '' )  SURFACE ( )  );
#108 = CARTESIAN_POINT ( 'NONE',  ( 62.34992824972236036, 39.69004997524857714, 3.624017262380688553 ) ) ;
#109 = CIRCLE ( 'NONE', #3854, 8.500000000000000000 ) ;
#110 = CARTESIAN_POINT ( 'NONE',  ( -67.55546645240112014, -37.10278622164977236, 1.999999999999898970 ) ) ;
#111 = ORIENTED_EDGE ( 'NONE', *, *, #756, .F. ) ;
#112 = AXIS2_PLACEMENT_3D ( 'NONE', #3821, #6947, #6181 ) ;
#113 = ORIENTED_EDGE ( 'NONE', *, *, #2251, .T. ) ;
#114 = CARTESIAN_POINT ( 'NONE',  ( 37.53710893938934134, 37.28361745871405475, 2.332253441961159357 ) ) ;
#115 = DIRECTION ( 'NONE',  ( 0.000000000000000000, -1.000000000000000000, 0.000000000000000000 ) ) ;
#116 = DIRECTION ( 'NONE',  ( 0.000000000000000000, 0.4266572361714853767, 0.9044134026110566271 ) ) ;
#117 = CARTESIAN_POINT ( 'NONE',  ( -58.61339094238004321, 25.68263738225759596, 8.886609057618134244 ) ) ;
#118 = CIRCLE ( 'NONE', #1108, 2.899999999999999911 ) ;
#119 = VERTEX_POINT ( 'NONE', #2436 ) ;
#120 = FACE_OUTER_BOUND ( 'NONE', #4918, .T. ) ;
#121 = AXIS2_PLACEMENT_3D ( 'NONE', #1606, #4113, #856 ) ;
#122 = EDGE_CURVE ( 'NONE', #527, #4335, #2624, .T. ) ;
#123 = CARTESIAN_POINT ( 'NONE',  ( -42.32004776375945454, 35.37364298198588131, 2.038898810050254973 ) ) ;
#124 = ORIENTED_EDGE ( 'NONE', *, *, #3173, .T. ) ;
#125 = CARTESIAN_POINT ( 'NONE',  ( 39.81509929239944512, 40.29060151441382942, 10.01891448428204967 ) ) ;
#126 = CARTESIAN_POINT ( 'NONE',  ( 64.88132354487930797, 30.06873769034548260, 2.730752515303851879 ) ) ;
#128 = ORIENTED_EDGE ( 'NONE', *, *, #7654, .T. ) ;
#127 = EDGE_CURVE ( 'NONE', #1765, #2950, #5083, .T. ) ;
#129 = DIRECTION ( 'NONE',  ( -1.000000000000000000, 0.000000000000000000, 0.000000000000000000 ) ) ;
#130 = AXIS2_PLACEMENT_3D ( 'NONE', #1738, #4088, #5667 ) ;
#131 = CARTESIAN_POINT ( 'NONE',  ( -39.98004941782442501, 40.15984271361085689, 10.02296742445313882 ) ) ;
#132 = CARTESIAN_POINT ( 'NONE',  ( 0.000000000000000000, -24.79228831549498580, 1.000000000000000888 ) ) ;
#133 = CARTESIAN_POINT ( 'NONE',  ( -35.74767701675627762, 40.00000000000000711, 11.75528278887716738 ) ) ;
#134 = ORIENTED_EDGE ( 'NONE', *, *, #6244, .F. ) ;
#135 = CARTESIAN_POINT ( 'NONE',  ( -37.25181215987404215, 38.00000000000000711, 10.24355300057547780 ) ) ;
#136 = EDGE_CURVE ( 'NONE', #1047, #1476, #4271, .T. ) ;
#137 = CARTESIAN_POINT ( 'NONE',  ( 66.73786713729165854, 42.10275142261046710, 1.036396857401803873 ) ) ;
#138 = CARTESIAN_POINT ( 'NONE',  ( 67.55703619688318895, 34.87105784806627895, 1.274819378063322795 ) ) ;
#139 = CARTESIAN_POINT ( 'NONE',  ( -53.56876953708354705, 42.00406075876637857, 5.581364546662185511 ) ) ;
#140 = CARTESIAN_POINT ( 'NONE',  ( -58.31548230694076551, -22.44354121127188861, 8.737490435063619998 ) ) ;
#141 = VERTEX_POINT ( 'NONE', #1077 ) ;
#142 = VERTEX_POINT ( 'NONE', #1737 ) ;
#143 = ORIENTED_EDGE ( 'NONE', *, *, #644, .T. ) ;
#144 = CARTESIAN_POINT ( 'NONE',  ( 69.00000000000001421, 13.65651987538036671, 13.49999999999999645 ) ) ;
#145 = ORIENTED_EDGE ( 'NONE', *, *, #2705, .F. ) ;
#146 = CARTESIAN_POINT ( 'NONE',  ( 65.87434121840212242, -30.70533164181840036, 2.581849601323884968 ) ) ;
#147 = CARTESIAN_POINT ( 'NONE',  ( 0.000000000000000000, 45.00000000000001421, 9.000000000000001776 ) ) ;
#148 = LINE ( 'NONE', #3265, #268 ) ;
#149 = CARTESIAN_POINT ( 'NONE',  ( -64.84812305283196565, 30.00915005392307222, 2.205845798196464536 ) ) ;
#150 = ORIENTED_EDGE ( 'NONE', *, *, #3306, .T. ) ;
#151 = VERTEX_POINT ( 'NONE', #9479 ) ;
#152 = ORIENTED_EDGE ( 'NONE', *, *, #5796, .T. ) ;
#153 = FACE_OUTER_BOUND ( 'NONE', #5146, .T. ) ;
#154 = CARTESIAN_POINT ( 'NONE',  ( -37.14833606357666440, 37.26961942600612332, 2.191145689500063831 ) ) ;
#155 = CARTESIAN_POINT ( 'NONE',  ( 59.11617149394687232, 25.12723994640310465, 8.383828506053271568 ) ) ;
#156 = ORIENTED_EDGE ( 'NONE', *, *, #9021, .F. ) ;
#157 = CARTESIAN_POINT ( 'NONE',  ( 62.93289661933641810, 40.54142633354863534, 3.019915069976980782 ) ) ;
#158 = VERTEX_POINT ( 'NONE', #4087 ) ;
#159 = ORIENTED_EDGE ( 'NONE', *, *, #6414, .F. ) ;
#160 = CARTESIAN_POINT ( 'NONE',  ( 45.44611243720551386, 38.58033257745722011, 9.004847875706511573 ) ) ;
#161 = CARTESIAN_POINT ( 'NONE',  ( -37.25181215987404926, 41.03837683323503427, 10.43851104196575541 ) ) ;
#162 = CARTESIAN_POINT ( 'NONE',  ( -60.66136928310996268, -41.30544136582516046, 1.673025341639551966 ) ) ;
#163 = ADVANCED_FACE ( 'NONE', ( #2590 ), #4861, .T. ) ;
#164 = DIRECTION ( 'NONE',  ( -0.000000000000000000, -1.000000000000000000, -0.000000000000000000 ) ) ;
#165 = AXIS2_PLACEMENT_3D ( 'NONE', #5092, #3455, #8909 ) ;
#166 = DIRECTION ( 'NONE',  ( 0.9116773148860486398, 0.4109068915486386309, -0.000000000000000000 ) ) ;
#167 =( BOUNDED_SURFACE ( )  B_SPLINE_SURFACE ( 3, 2, ( 
 ( #5132, #3839, #10 ),
 ( #741, #7634, #3947 ),
 ( #3788, #645, #10057 ),
 ( #2408, #696, #3125 ),
 ( #5379, #2207, #10003 ),
 ( #6964, #1594, #7012 ),
 ( #8585, #4608, #9295 ),
 ( #2354, #5477, #7060 ),
 ( #3743, #9193, #8487 ),
 ( #1497, #6859, #6147 ),
 ( #6195, #3074, #9955 ),
 ( #3889, #2304, #5430 ) ),
 .UNSPECIFIED., .F., .F., .T. ) 
 B_SPLINE_SURFACE_WITH_KNOTS ( ( 4, 2, 2, 2, 2, 4 ),
 ( 3, 3 ),
 ( -1.084202172485504434E-19, 0.002234892487102894520, 0.003352338730654341563, 0.004469784974205789040, 0.006704677461308683126, 0.008939569948411578079 ),
 ( 0.000000000000000000, 1.000000000000000000 ),
 .UNSPECIFIED. ) 
 GEOMETRIC_REPRESENTATION_ITEM ( )  RATIONAL_B_SPLINE_SURFACE ( (
 ( 1.000000000000000000, 0.7527104941799850346, 1.000000000000000000),
 ( 1.000000000000000000, 0.7925722411182944960, 1.000000000000000000),
 ( 1.000000000000000000, 0.8283416800355966059, 1.000000000000000000),
 ( 1.000000000000000000, 0.8750561195743736809, 1.000000000000000000),
 ( 1.000000000000000000, 0.8895212784140338336, 1.000000000000000000),
 ( 1.000000000000000000, 0.9155857406891974026, 1.000000000000000000),
 ( 1.000000000000000000, 0.9272537570770217341, 1.000000000000000000),
 ( 1.000000000000000000, 0.9583409089800610792, 1.000000000000000000),
 ( 1.000000000000000000, 0.9738699448676388926, 1.000000000000000000),
 ( 1.000000000000000000, 0.9947454438284986100, 1.000000000000000000),
 ( 1.000000000000000000, 1.000019707283699155, 1.000000000000000000),
 ( 1.000000000000000000, 1.000000000000000000, 1.000000000000000000) ) ) 
 REPRESENTATION_ITEM ( '' )  SURFACE ( )  );
#168 = ORIENTED_EDGE ( 'NONE', *, *, #4738, .F. ) ;
#169 = ORIENTED_EDGE ( 'NONE', *, *, #7452, .T. ) ;
#170 = CARTESIAN_POINT ( 'NONE',  ( 2.849999999999990763, 39.00000000000000711, 21.06242241346097188 ) ) ;
#171 = DIRECTION ( 'NONE',  ( -0.1441745682135907314, 0.9895522694028975330, 0.000000000000000000 ) ) ;
#172 = ORIENTED_EDGE ( 'NONE', *, *, #9344, .T. ) ;
#173 = VECTOR ( 'NONE', #1501, 1000.000000000000000 ) ;
#174 = CARTESIAN_POINT ( 'NONE',  ( 60.49999999999996447, -17.62844663266956147, 5.360279376500486137 ) ) ;
#175 = CARTESIAN_POINT ( 'NONE',  ( 53.35582543178644244, -39.11747984191758576, 5.457858865112304336 ) ) ;
#176 = FACE_OUTER_BOUND ( 'NONE', #954, .T. ) ;
#177 = EDGE_CURVE ( 'NONE', #2334, #755, #8719, .T. ) ;
#178 = DIRECTION ( 'NONE',  ( -0.4031420922609160185, -0.8944495888224012203, -0.1934848482515585666 ) ) ;
#179 = ORIENTED_EDGE ( 'NONE', *, *, #9146, .T. ) ;
#180 = VECTOR ( 'NONE', #7645, 1000.000000000000000 ) ;
#181 = AXIS2_PLACEMENT_3D ( 'NONE', #515, #9782, #2793 ) ;
#182 = CARTESIAN_POINT ( 'NONE',  ( 67.93128452003870166, 39.24785350657248273, 2.001586484723231418 ) ) ;
#183 = CARTESIAN_POINT ( 'NONE',  ( 65.94529613786752975, 41.45102045979129457, 2.059438918775282179 ) ) ;
#184 = CARTESIAN_POINT ( 'NONE',  ( -52.29692198039710149, -38.99999999998973976, 6.000000000000613731 ) ) ;
#185 = DIRECTION ( 'NONE',  ( 0.000000000000000000, 0.000000000000000000, -1.000000000000000000 ) ) ;
#186 = CARTESIAN_POINT ( 'NONE',  ( -58.49999999998938449, -23.67646423725624416, 9.000000000002678746 ) ) ;
#187 = EDGE_CURVE ( 'NONE', #4909, #7151, #4234, .T. ) ;
#188 = CARTESIAN_POINT ( 'NONE',  ( -64.95686469074081515, 30.51887897020593954, 2.622533902559223584 ) ) ;
#189 = EDGE_CURVE ( 'NONE', #2014, #1377, #7357, .T. ) ;
#190 = ORIENTED_EDGE ( 'NONE', *, *, #6367, .F. ) ;
#191 = CARTESIAN_POINT ( 'NONE',  ( 45.40588929107907035, 39.28743771630895054, 8.712562283691189791 ) ) ;
#192 = ORIENTED_EDGE ( 'NONE', *, *, #8914, .F. ) ;
#193 = CARTESIAN_POINT ( 'NONE',  ( -43.06767997638421264, 36.23554512824591001, 8.414547187247489290 ) ) ;
#194 = CARTESIAN_POINT ( 'NONE',  ( -54.49999999999997868, 0.000000000000000000, 0.000000000000000000 ) ) ;
#195 = DIRECTION ( 'NONE',  ( 0.000000000000000000, 0.000000000000000000, -1.000000000000000000 ) ) ;
#196 = CARTESIAN_POINT ( 'NONE',  ( -64.83668654605752124, 29.98862402072511557, 2.122657482649302985 ) ) ;
#197 = EDGE_CURVE ( 'NONE', #7383, #7812, #843, .T. ) ;
#198 = ORIENTED_EDGE ( 'NONE', *, *, #756, .T. ) ;
#199 = ORIENTED_EDGE ( 'NONE', *, *, #105, .T. ) ;
#200 = CARTESIAN_POINT ( 'NONE',  ( -44.40731147513930921, 35.00000000000000000, 8.061251794642155133 ) ) ;
#201 = CARTESIAN_POINT ( 'NONE',  ( -37.59521695052786328, 38.00000000000000711, 3.588698996618762127 ) ) ;
#202 = CARTESIAN_POINT ( 'NONE',  ( 53.49999999999999289, 38.58578643762704274, 8.000000000000000000 ) ) ;
#203 = VERTEX_POINT ( 'NONE', #1787 ) ;
#204 = CARTESIAN_POINT ( 'NONE',  ( 55.50000000000001421, -1.912372712252383922, -2.053782205286568630 ) ) ;
#205 = ORIENTED_EDGE ( 'NONE', *, *, #10060, .F. ) ;
#206 = ORIENTED_EDGE ( 'NONE', *, *, #8057, .F. ) ;
#207 = CARTESIAN_POINT ( 'NONE',  ( -37.05880259758798445, 36.59932275106455535, 2.003091774204533770 ) ) ;
#208 = CARTESIAN_POINT ( 'NONE',  ( 36.17171203778521971, 39.00000000000000711, 11.63151361133556705 ) ) ;
#209 = CARTESIAN_POINT ( 'NONE',  ( 41.98804166683859052, 43.08010073879945878, 6.292893218813542688 ) ) ;
#210 = CARTESIAN_POINT ( 'NONE',  ( -58.08578643762947991, 26.41607562953998922, 9.000000000000000000 ) ) ;
#211 = EDGE_LOOP ( 'NONE', ( #4734, #1599, #3956, #1287 ) ) ;
#212 = DIRECTION ( 'NONE',  ( 0.9116773148860479736, 0.4109068915486398521, 0.000000000000000000 ) ) ;
#213 = AXIS2_PLACEMENT_3D ( 'NONE', #731, #6278, #3732 ) ;
#214 = ORIENTED_EDGE ( 'NONE', *, *, #1069, .T. ) ;
#215 = EDGE_CURVE ( 'NONE', #1071, #3565, #977, .T. ) ;
#216 = CARTESIAN_POINT ( 'NONE',  ( -45.60685966408517800, 38.58578643762704274, 9.000000000000001776 ) ) ;
#217 = CARTESIAN_POINT ( 'NONE',  ( -65.55208058710387320, 41.35389418367852699, 2.115088605192052551 ) ) ;
#218 = EDGE_CURVE ( 'NONE', #9689, #2045, #242, .T. ) ;
#219 = VERTEX_POINT ( 'NONE', #2541 ) ;
#220 = DIRECTION ( 'NONE',  ( -0.000000000000000000, 0.000000000000000000, 1.000000000000000000 ) ) ;
#221 = CARTESIAN_POINT ( 'NONE',  ( -40.00167376731257463, 40.16566776803171734, 9.982551556716344976 ) ) ;
#222 = CARTESIAN_POINT ( 'NONE',  ( 53.50000000000001421, 34.00000000000000711, 2.000000000000000000 ) ) ;
#223 = AXIS2_PLACEMENT_3D ( 'NONE', #4126, #237, #6266 ) ;
#224 = CARTESIAN_POINT ( 'NONE',  ( 53.65746026885766895, 42.00689863737287766, 5.576266152274599541 ) ) ;
#225 = CARTESIAN_POINT ( 'NONE',  ( -53.25379579564053500, 42.00000000000000711, 5.585786437627013434 ) ) ;
#226 = CARTESIAN_POINT ( 'NONE',  ( 66.17108399693670151, 41.35973440081394870, 2.043580720274820184 ) ) ;
#227 = CARTESIAN_POINT ( 'NONE',  ( 67.23410290137756817, 34.29146307227237855, 1.373374435450210873 ) ) ;
#228 = ADVANCED_FACE ( 'NONE', ( #4239 ), #5666, .F. ) ;
#229 = VECTOR ( 'NONE', #3578, 1000.000000000000000 ) ;
#230 = CARTESIAN_POINT ( 'NONE',  ( -55.49999999999997868, -21.37903042612311211, 8.235307220888456570 ) ) ;
#231 = CARTESIAN_POINT ( 'NONE',  ( 42.76721222244091791, 42.84441858070981368, 5.585786437627008105 ) ) ;
#232 = EDGE_CURVE ( 'NONE', #6586, #7401, #6376, .T. ) ;
#233 = CARTESIAN_POINT ( 'NONE',  ( -38.10935232319688737, 36.08572144880566412, 1.935225945341064291 ) ) ;
#234 = ORIENTED_EDGE ( 'NONE', *, *, #4121, .T. ) ;
#235 = VERTEX_POINT ( 'NONE', #7909 ) ;
#236 = CIRCLE ( 'NONE', #3668, 1.000000000000000222 ) ;
#237 = DIRECTION ( 'NONE',  ( -0.000000000000000000, -0.000000000000000000, -1.000000000000000000 ) ) ;
#238 = CARTESIAN_POINT ( 'NONE',  ( 45.26064967848761711, 38.98395542844792061, 9.016044571552237485 ) ) ;
#239 = EDGE_CURVE ( 'NONE', #10070, #6499, #15, .T. ) ;
#240 = VERTEX_POINT ( 'NONE', #7246 ) ;
#241 = CARTESIAN_POINT ( 'NONE',  ( -58.08578643762700011, 26.41318200875820565, 9.000000000000001776 ) ) ;
#242 = LINE ( 'NONE', #4185, #4103 ) ;
#243 = CIRCLE ( 'NONE', #8729, 1.000000000000003109 ) ;
#244 = EDGE_CURVE ( 'NONE', #333, #7856, #3361, .T. ) ;
#245 = DIRECTION ( 'NONE',  ( -1.000000000000000000, -6.938893903907222067E-15, 0.000000000000000000 ) ) ;
#246 = DIRECTION ( 'NONE',  ( 0.000000000000000000, 0.000000000000000000, -1.000000000000000000 ) ) ;
#247 = CARTESIAN_POINT ( 'NONE',  ( -64.80249825504151318, 29.94469144147642581, 2.316759371772082243 ) ) ;
#248 = EDGE_LOOP ( 'NONE', ( #3818, #4490, #6477, #7744, #5410, #9075, #2171, #8945, #8963, #3615 ) ) ;
#249 = CARTESIAN_POINT ( 'NONE',  ( -58.08578643762701432, 34.00000000000000000, 8.000000000000000000 ) ) ;
#250 = ADVANCED_FACE ( 'NONE', ( #8824 ), #303, .F. ) ;
#251 = CARTESIAN_POINT ( 'NONE',  ( -37.59255430141280385, 37.99933357615942242, 3.361776609608580380 ) ) ;
#252 = CIRCLE ( 'NONE', #9219, 4.000000000000003553 ) ;
#253 =( BOUNDED_CURVE ( )  B_SPLINE_CURVE ( 3, ( #1035, #937, #9490, #8629 ),
 .UNSPECIFIED., .F., .T. ) 
 B_SPLINE_CURVE_WITH_KNOTS ( ( 4, 4 ),
 ( 4.712388980384689674, 5.374175941453072980 ),
 .UNSPECIFIED. ) 
 CURVE ( )  GEOMETRIC_REPRESENTATION_ITEM ( )  RATIONAL_B_SPLINE_CURVE ( ( 1.000000000000000000, 0.9638349598749933467, 0.9638349598749933467, 1.000000000000000000 ) ) 
 REPRESENTATION_ITEM ( '' )  );
#254 = CARTESIAN_POINT ( 'NONE',  ( -64.83830462575357956, 30.84821963985757876, 2.858184956509058239 ) ) ;
#255 = ORIENTED_EDGE ( 'NONE', *, *, #2038, .F. ) ;
#256 = PLANE ( 'NONE',  #9552 ) ;
#257 = EDGE_LOOP ( 'NONE', ( #6673, #6904 ) ) ;
#258 = EDGE_LOOP ( 'NONE', ( #7514, #4640, #6246, #3215 ) ) ;
#259 = CARTESIAN_POINT ( 'NONE',  ( 37.86287913209692135, 37.78914051833456966, 3.377780620916283727 ) ) ;
#260 = CARTESIAN_POINT ( 'NONE',  ( -45.42939496261917753, 38.99464573867491879, 9.005354261323974541 ) ) ;
#261 = VECTOR ( 'NONE', #7078, 1000.000000000000000 ) ;
#262 = AXIS2_PLACEMENT_3D ( 'NONE', #2618, #7382, #5740 ) ;
#263 = CARTESIAN_POINT ( 'NONE',  ( -61.20330729166032313, -40.64498851083559572, 2.602180568202537625 ) ) ;
#264 = CARTESIAN_POINT ( 'NONE',  ( -58.49999999999270273, 26.45823216427926994, 9.000000000001850964 ) ) ;
#265 = ORIENTED_EDGE ( 'NONE', *, *, #4121, .F. ) ;
#266 = FACE_OUTER_BOUND ( 'NONE', #918, .T. ) ;
#267 = AXIS2_PLACEMENT_3D ( 'NONE', #836, #3275, #8733 ) ;
#268 = VECTOR ( 'NONE', #2493, 1000.000000000000000 ) ;
#269 = ORIENTED_EDGE ( 'NONE', *, *, #8928, .F. ) ;
#270 = ORIENTED_EDGE ( 'NONE', *, *, #9096, .T. ) ;
#271 = CARTESIAN_POINT ( 'NONE',  ( -38.26637666523328107, 37.47727768977000551, 3.580657097876685402 ) ) ;
#272 = CARTESIAN_POINT ( 'NONE',  ( -62.93395867059801674, 40.54268321158211563, 3.018995998921216728 ) ) ;
#273 = EDGE_LOOP ( 'NONE', ( #7590, #8018, #1032, #5705, #2093, #7494 ) ) ;
#274 = CARTESIAN_POINT ( 'NONE',  ( 38.84665917551588166, 45.00000000000002132, 5.420302894655052661 ) ) ;
#275 = CARTESIAN_POINT ( 'NONE',  ( -55.49999999999997868, 33.99999999999999289, 9.000000000000001776 ) ) ;
#276 = ORIENTED_EDGE ( 'NONE', *, *, #7472, .T. ) ;
#277 = FACE_OUTER_BOUND ( 'NONE', #5340, .T. ) ;
#278 = CIRCLE ( 'NONE', #5990, 1.000000000000000000 ) ;
#279 = AXIS2_PLACEMENT_3D ( 'NONE', #6356, #3242, #4729 ) ;
#280 = CARTESIAN_POINT ( 'NONE',  ( 53.60655371003035441, 41.71152867218973626, 6.288471327810372102 ) ) ;
#281 = ADVANCED_FACE ( 'NONE', ( #6682 ), #5914, .T. ) ;
#282 = PRODUCT_RELATED_PRODUCT_CATEGORY ( 'part', '', ( #1869 ) ) ;
#283 = FACE_OUTER_BOUND ( 'NONE', #3239, .T. ) ;
#284 = VERTEX_POINT ( 'NONE', #1280 ) ;
#285 = AXIS2_PLACEMENT_3D ( 'NONE', #5276, #6856, #8482 ) ;
#286 = CARTESIAN_POINT ( 'NONE',  ( 65.49276060240434560, 41.57243803575641294, 2.104469276020707103 ) ) ;
#287 = DIRECTION ( 'NONE',  ( 0.000000000000000000, 1.000000000000000000, 0.000000000000000000 ) ) ;
#288 = FACE_OUTER_BOUND ( 'NONE', #6491, .T. ) ;
#289 = DIRECTION ( 'NONE',  ( 6.938893903907228378E-15, 0.000000000000000000, -1.000000000000000000 ) ) ;
#290 = CARTESIAN_POINT ( 'NONE',  ( -38.72868587395054618, 37.11715166394668586, 3.513886239299131020 ) ) ;
#291 = EDGE_LOOP ( 'NONE', ( #7265, #2057, #1036, #775 ) ) ;
#292 = CARTESIAN_POINT ( 'NONE',  ( -38.17204495315919388, 45.00000000000001421, 5.539618582424387760 ) ) ;
#293 = ORIENTED_EDGE ( 'NONE', *, *, #5063, .F. ) ;
#294 = EDGE_LOOP ( 'NONE', ( #4592, #7241, #9258, #4768 ) ) ;
#295 = EDGE_CURVE ( 'NONE', #1239, #879, #5246, .T. ) ;
#296 = EDGE_LOOP ( 'NONE', ( #6990, #804, #2298, #482 ) ) ;
#297 = CARTESIAN_POINT ( 'NONE',  ( -42.33748324084092474, 19.08215039513286726, 1.000000000000000000 ) ) ;
#298 = ORIENTED_EDGE ( 'NONE', *, *, #5424, .F. ) ;
#299 = FACE_OUTER_BOUND ( 'NONE', #8711, .T. ) ;
#300 = ORIENTED_EDGE ( 'NONE', *, *, #2533, .F. ) ;
#301 = DIRECTION ( 'NONE',  ( 0.9116773148860489728, -0.4109068915486377427, 0.000000000000000000 ) ) ;
#302 = CARTESIAN_POINT ( 'NONE',  ( -58.19438665164980762, 25.60589981511432711, 8.875885469688228113 ) ) ;
#303 = PLANE ( 'NONE',  #9302 ) ;
#304 = CARTESIAN_POINT ( 'NONE',  ( -37.54360748282335436, 37.29387337986819517, 2.341602918205575090 ) ) ;
#305 = DIRECTION ( 'NONE',  ( 0.000000000000000000, -0.000000000000000000, -1.000000000000000000 ) ) ;
#306 = EDGE_LOOP ( 'NONE', ( #3426, #508, #8195, #8835 ) ) ;
#307 = ADVANCED_FACE ( 'NONE', ( #1328 ), #562, .F. ) ;
#308 = VERTEX_POINT ( 'NONE', #6781 ) ;
#309 = CARTESIAN_POINT ( 'NONE',  ( -65.46260028240590145, 42.48575486980374905, 1.118484314593387374 ) ) ;
#310 = ADVANCED_FACE ( 'NONE', ( #5252 ), #8926, .F. ) ;
#311 = CARTESIAN_POINT ( 'NONE',  ( -37.86617457699446021, 37.78894137933684760, 3.584718875788106107 ) ) ;
#312 = EDGE_CURVE ( 'NONE', #7721, #6418, #1284, .T. ) ;
#313 = CARTESIAN_POINT ( 'NONE',  ( -64.96295091131420918, 31.39625736792020660, 2.879749546378899350 ) ) ;
#314 = ORIENTED_EDGE ( 'NONE', *, *, #2854, .T. ) ;
#315 = DIRECTION ( 'NONE',  ( 0.4376360731224930856, -0.7854612243795636717, 0.4376360731224979705 ) ) ;
#316 = ORIENTED_EDGE ( 'NONE', *, *, #8978, .F. ) ;
#317 = EDGE_LOOP ( 'NONE', ( #9143, #3527, #5859, #2539 ) ) ;
#318 = CARTESIAN_POINT ( 'NONE',  ( 0.000000000000000000, 49.00000000000006395, 2.000000000000000000 ) ) ;
#319 = CARTESIAN_POINT ( 'NONE',  ( -38.46551931873284502, 37.32215109695199118, 12.00000000000000000 ) ) ;
#320 = FACE_OUTER_BOUND ( 'NONE', #294, .T. ) ;
#321 = EDGE_CURVE ( 'NONE', #698, #8160, #9882, .T. ) ;
#322 = CARTESIAN_POINT ( 'NONE',  ( -37.59531195003189907, 38.00000000000000711, 3.595672611982570821 ) ) ;
#323 = ORIENTED_EDGE ( 'NONE', *, *, #10002, .T. ) ;
#324 = ADVANCED_FACE ( 'NONE', ( #4293 ), #9790, .T. ) ;
#325 = CARTESIAN_POINT ( 'NONE',  ( -58.08578643762701432, 27.22994939107031698, 9.000000000000000000 ) ) ;
#326 = EDGE_CURVE ( 'NONE', #1830, #7662, #471, .T. ) ;
#327 =( BOUNDED_CURVE ( )  B_SPLINE_CURVE ( 3, ( #4062, #4933, #216, #8747 ),
 .UNSPECIFIED., .F., .T. ) 
 B_SPLINE_CURVE_WITH_KNOTS ( ( 4, 4 ),
 ( 3.081294173262543623, 3.141592653589792228 ),
 .UNSPECIFIED. ) 
 CURVE ( )  GEOMETRIC_REPRESENTATION_ITEM ( )  RATIONAL_B_SPLINE_CURVE ( ( 1.000000000000000000, 0.9996970307228957298, 0.9996970307228957298, 1.000000000000000000 ) ) 
 REPRESENTATION_ITEM ( '' )  );
#328 = CARTESIAN_POINT ( 'NONE',  ( 61.49999999999997868, 18.48790463880283141, 5.585786437627053402 ) ) ;
#329 = ORIENTED_EDGE ( 'NONE', *, *, #7123, .T. ) ;
#330 = ORIENTED_EDGE ( 'NONE', *, *, #7224, .T. ) ;
#331 = CYLINDRICAL_SURFACE ( 'NONE', #9875, 1.000000000000000000 ) ;
#332 = CARTESIAN_POINT ( 'NONE',  ( -40.48905568471170824, 38.97857765123757900, 10.27377184733833460 ) ) ;
#333 = VERTEX_POINT ( 'NONE', #9116 ) ;
#334 = CARTESIAN_POINT ( 'NONE',  ( 40.13548139082560340, 44.71084398481023214, 5.356357318053911243 ) ) ;
#335 = DIRECTION ( 'NONE',  ( 0.9840165143255646951, 0.04311165699446687510, -0.1727798731500789775 ) ) ;
#336 = EDGE_LOOP ( 'NONE', ( #8096, #2508, #2282, #2620 ) ) ;
#337 = AXIS2_PLACEMENT_3D ( 'NONE', #8661, #2529, #7084 ) ;
#338 = B_SPLINE_CURVE_WITH_KNOTS ( 'NONE', 3,
 ( #8137, #7519, #7419, #8942 ),
 .UNSPECIFIED., .F., .F.,
 ( 4, 4 ),
 ( 1.993045536433795054E-17, 0.0006631741437076061349 ),
 .UNSPECIFIED. ) ;
#339 = DIRECTION ( 'NONE',  ( 1.000000000000000000, -8.385697043307608684E-16, -5.951495925657702312E-32 ) ) ;
#340 = EDGE_CURVE ( 'NONE', #1405, #2962, #5152, .T. ) ;
#341 = DIRECTION ( 'NONE',  ( -0.9532299058172196693, 0.03855560642081608258, -0.2997769368534174972 ) ) ;
#342 = CARTESIAN_POINT ( 'NONE',  ( 69.00000000000001421, 24.82685288287921921, 8.630539114133402023 ) ) ;
#343 = CARTESIAN_POINT ( 'NONE',  ( -64.90769222189545928, -42.49893476742262521, 1.000000000000000000 ) ) ;
#344 = PLANE ( 'NONE',  #6455 ) ;
#345 = CARTESIAN_POINT ( 'NONE',  ( 53.60643570245341749, 41.71152651637117970, 6.288473483628938432 ) ) ;
#346 = CARTESIAN_POINT ( 'NONE',  ( -53.49999999999997868, -30.99999999999998579, 2.000000000000000000 ) ) ;
#347 = CARTESIAN_POINT ( 'NONE',  ( -66.82178229106386880, -32.80741498695942937, 2.218213551369106362 ) ) ;
#348 = AXIS2_PLACEMENT_3D ( 'NONE', #1411, #7493, #8208 ) ;
#349 = VECTOR ( 'NONE', #1887, 1000.000000000000227 ) ;
#350 = VERTEX_POINT ( 'NONE', #4342 ) ;
#351 = CARTESIAN_POINT ( 'NONE',  ( -53.33587077764611450, 41.70710678118655323, 6.292893218813556899 ) ) ;
#352 = ORIENTED_EDGE ( 'NONE', *, *, #8660, .F. ) ;
#353 = CARTESIAN_POINT ( 'NONE',  ( -68.58116982047424415, 36.70915415528950376, 1.051125595158552084 ) ) ;
#354 = ORIENTED_EDGE ( 'NONE', *, *, #2229, .T. ) ;
#355 = AXIS2_PLACEMENT_3D ( 'NONE', #9034, #577, #9749 ) ;
#356 = FACE_OUTER_BOUND ( 'NONE', #528, .T. ) ;
#357 = AXIS2_PLACEMENT_3D ( 'NONE', #1661, #4784, #7891 ) ;
#358 = DIRECTION ( 'NONE',  ( -0.000000000000000000, -1.000000000000000000, -0.000000000000000000 ) ) ;
#359 = EDGE_CURVE ( 'NONE', #6064, #5173, #7929, .T. ) ;
#360 = ADVANCED_FACE ( 'NONE', ( #1990 ), #5451, .T. ) ;
#361 = CARTESIAN_POINT ( 'NONE',  ( 42.76721222244091791, 42.84441858070981368, 2.000000000000000000 ) ) ;
#362 = CARTESIAN_POINT ( 'NONE',  ( 60.49999999999997158, -13.78853150712619957, 5.500000000000000888 ) ) ;
#363 = CARTESIAN_POINT ( 'NONE',  ( 37.25181215987186789, 38.00000000000000711, 3.599159522938018441 ) ) ;
#364 = CARTESIAN_POINT ( 'NONE',  ( 55.50000000000001421, -24.79228831549498580, 1.000000000000000888 ) ) ;
#365 = CARTESIAN_POINT ( 'NONE',  ( -37.52499055159746888, 37.82112747639816064, 2.849191015462640308 ) ) ;
#366 = DIRECTION ( 'NONE',  ( 0.000000000000000000, -1.138744882030889416E-16, -1.000000000000000000 ) ) ;
#367 = ORIENTED_EDGE ( 'NONE', *, *, #3115, .T. ) ;
#368 = CARTESIAN_POINT ( 'NONE',  ( 62.23497105713712330, 37.60771200332303010, 4.550992520335852554 ) ) ;
#369 = ORIENTED_EDGE ( 'NONE', *, *, #6611, .F. ) ;
#370 = EDGE_CURVE ( 'NONE', #8984, #7515, #9079, .T. ) ;
#371 = ORIENTED_EDGE ( 'NONE', *, *, #3404, .F. ) ;
#372 = DIRECTION ( 'NONE',  ( -1.000000000000000000, 0.000000000000000000, -0.000000000000000000 ) ) ;
#373 = CARTESIAN_POINT ( 'NONE',  ( -64.84527615812241663, 30.90578873323085318, 2.865896273118516024 ) ) ;
#374 = CARTESIAN_POINT ( 'NONE',  ( -53.49999999999997158, 41.70958227955244979, 6.290417720447671002 ) ) ;
#375 = EDGE_CURVE ( 'NONE', #953, #1146, #1790, .T. ) ;
#376 = EDGE_CURVE ( 'NONE', #1884, #943, #2990, .T. ) ;
#377 = B_SPLINE_CURVE_WITH_KNOTS ( 'NONE', 3,
 ( #8444, #9301, #3130, #9249, #2263, #747, #7736, #848, #6154, #1598, #8541, #2360, #4722, #3844 ),
 .UNSPECIFIED., .F., .F.,
 ( 4, 2, 2, 2, 2, 2, 4 ),
 ( 0.000000000000000000, 0.1329097770875372897, 0.1993646656313046439, 0.2658195541750720259, 0.3987293312626092878, 0.4651842198063804168, 0.5316391083501514903 ),
 .UNSPECIFIED. ) ;
#378 = CARTESIAN_POINT ( 'NONE',  ( 37.04569807186236119, 36.50000000000000711, 1.996871942267131494 ) ) ;
#379 = DIRECTION ( 'NONE',  ( 1.000000000000000000, 0.000000000000000000, 0.000000000000000000 ) ) ;
#380 = DIRECTION ( 'NONE',  ( 0.000000000000000000, 1.000000000000000000, 0.000000000000000000 ) ) ;
#382 = EDGE_LOOP ( 'NONE', ( #2988, #9337, #716, #2320 ) ) ;
#381 = EDGE_CURVE ( 'NONE', #5131, #3379, #1597, .T. ) ;
#383 = ORIENTED_EDGE ( 'NONE', *, *, #3416, .T. ) ;
#384 = CARTESIAN_POINT ( 'NONE',  ( 39.81400014354066030, 40.28919048993141416, 10.02296742511985883 ) ) ;
#385 = DIRECTION ( 'NONE',  ( -1.000000000000000000, 0.000000000000000000, 0.000000000000000000 ) ) ;
#386 = EDGE_CURVE ( 'NONE', #1435, #1898, #8462, .T. ) ;
#387 = EDGE_LOOP ( 'NONE', ( #9963, #34, #5112, #4486 ) ) ;
#388 = AXIS2_PLACEMENT_3D ( 'NONE', #9208, #2222, #5348 ) ;
#389 = CARTESIAN_POINT ( 'NONE',  ( 54.51229455555923664, 12.24405766721362809, 12.98770544444095343 ) ) ;
#390 = DIRECTION ( 'NONE',  ( -0.000000000000000000, -0.000000000000000000, 1.000000000000000000 ) ) ;
#391 = ORIENTED_EDGE ( 'NONE', *, *, #6861, .T. ) ;
#392 = ADVANCED_FACE ( 'NONE', ( #8613 ), #8411, .F. ) ;
#393 = EDGE_LOOP ( 'NONE', ( #1509, #8144, #6676, #4749 ) ) ;
#394 =( BOUNDED_SURFACE ( )  B_SPLINE_SURFACE ( 3, 2, ( 
 ( #5115, #6590, #8080 ),
 ( #3532, #260, #8234 ),
 ( #429, #4255, #4967 ),
 ( #9691, #1801, #1091 ) ),
 .UNSPECIFIED., .F., .F., .T. ) 
 B_SPLINE_SURFACE_WITH_KNOTS ( ( 4, 4 ),
 ( 3, 3 ),
 ( 3.081294173262543179, 3.141592653589793116 ),
 ( 0.000000000000000000, 1.000000000000000000 ),
 .UNSPECIFIED. ) 
 GEOMETRIC_REPRESENTATION_ITEM ( )  RATIONAL_B_SPLINE_SURFACE ( (
 ( 1.000000000000000000, 0.9235317221080615591, 1.000000000000000000),
 ( 1.000000000000000000, 0.9237635719536424483, 1.000000000000000000),
 ( 1.000000000000000000, 0.9238795353648768804, 1.000000000000000000),
 ( 1.000000000000000000, 0.9238795325112856283, 1.000000000000000000) ) ) 
 REPRESENTATION_ITEM ( '' )  SURFACE ( )  );
#395 = CARTESIAN_POINT ( 'NONE',  ( 65.19908661335149702, -35.60232542759444385, 2.526263678393345646 ) ) ;
#396 = CARTESIAN_POINT ( 'NONE',  ( 53.50000000000001421, -43.00000000000004974, 2.000000000000000000 ) ) ;
#397 = DIRECTION ( 'NONE',  ( -1.000000000000000000, 0.000000000000000000, 0.000000000000000000 ) ) ;
#398 = CARTESIAN_POINT ( 'NONE',  ( -51.73464987362541478, -38.99999999999998579, 5.585786437627009882 ) ) ;
#399 = CARTESIAN_POINT ( 'NONE',  ( -58.08578643762701432, -30.99999999999997158, 9.000000000000001776 ) ) ;
#400 = CARTESIAN_POINT ( 'NONE',  ( 58.38006363115070485, -39.97045126732899689, 3.828578852404482813 ) ) ;
#401 = CIRCLE ( 'NONE', #6096, 11.24453208529338433 ) ;
#402 = ADVANCED_FACE ( 'NONE', ( #5507 ), #613, .T. ) ;
#403 = CARTESIAN_POINT ( 'NONE',  ( -40.65334624528772167, 35.97547662398510937, 2.862252620391091185 ) ) ;
#404 = ORIENTED_EDGE ( 'NONE', *, *, #544, .T. ) ;
#405 = CARTESIAN_POINT ( 'NONE',  ( -51.73464987362537215, -38.70710678118653902, 6.292893218813554235 ) ) ;
#406 = ORIENTED_EDGE ( 'NONE', *, *, #2462, .F. ) ;
#407 = ORIENTED_EDGE ( 'NONE', *, *, #8928, .T. ) ;
#408 = DIRECTION ( 'NONE',  ( 0.7746549909815408919, 0.6034347099864469932, -0.1891459640884830817 ) ) ;
#409 = AXIS2_PLACEMENT_3D ( 'NONE', #35, #6884, #7703 ) ;
#410 = CARTESIAN_POINT ( 'NONE',  ( -68.73859330826887515, 37.07694039715273959, 1.965890975504776206 ) ) ;
#411 = VERTEX_POINT ( 'NONE', #6989 ) ;
#412 = CARTESIAN_POINT ( 'NONE',  ( -38.46551931873284502, 37.32215109695199118, 9.668599781182846797 ) ) ;
#413 = CARTESIAN_POINT ( 'NONE',  ( 41.18779186615628873, 43.69751817491413703, 6.247144805244803756 ) ) ;
#414 = CARTESIAN_POINT ( 'NONE',  ( 61.84010390042762850, -21.75458702957152823, 5.215436378635986969 ) ) ;
#415 = CARTESIAN_POINT ( 'NONE',  ( 43.36767997638425953, 36.23554512824542684, 9.368486388664436504 ) ) ;
#416 = CARTESIAN_POINT ( 'NONE',  ( -54.49999999999997868, -21.80568766229459854, 7.330893818277401941 ) ) ;
#417 = CIRCLE ( 'NONE', #9993, 1.999999999999997558 ) ;
#418 = B_SPLINE_CURVE_WITH_KNOTS ( 'NONE', 3,
 ( #6436, #9535, #5675, #2550 ),
 .UNSPECIFIED., .F., .F.,
 ( 4, 4 ),
 ( 0.000000000000000000, 0.001964463663139128305 ),
 .UNSPECIFIED. ) ;
#419 = CARTESIAN_POINT ( 'NONE',  ( 64.99999999999995737, -38.49999999999996447, 2.000000000000000000 ) ) ;
#420 = CARTESIAN_POINT ( 'NONE',  ( 40.36865996506843857, 36.12518843284651382, 2.974449191410304838 ) ) ;
#421 = EDGE_CURVE ( 'NONE', #858, #1765, #7601, .T. ) ;
#422 = CARTESIAN_POINT ( 'NONE',  ( 66.52444507300296550, -0.9418697022637320115, 0.5151587538906755581 ) ) ;
#423 = CIRCLE ( 'NONE', #6438, 1.000000000000003331 ) ;
#424 = EDGE_LOOP ( 'NONE', ( #1798, #5809, #7571, #2028, #7859, #3017, #3155, #4726, #6779, #7325 ) ) ;
#425 = CARTESIAN_POINT ( 'NONE',  ( -64.99999999999995737, 38.50000000000000711, 0.000000000000000000 ) ) ;
#426 = ORIENTED_EDGE ( 'NONE', *, *, #4231, .T. ) ;
#427 = VERTEX_POINT ( 'NONE', #3719 ) ;
#428 = CARTESIAN_POINT ( 'NONE',  ( 64.76527945265385711, 30.21402234269424980, 2.693784567710063804 ) ) ;
#429 = CARTESIAN_POINT ( 'NONE',  ( -45.58678439934222126, 39.29289321881398678, 8.707106781186151778 ) ) ;
#430 = CARTESIAN_POINT ( 'NONE',  ( -53.74596825138367251, 42.01077634239956637, 0.000000000000000000 ) ) ;
#431 = CARTESIAN_POINT ( 'NONE',  ( -58.08578643762701432, 45.00000000000001421, 9.000000000000001776 ) ) ;
#432 = CIRCLE ( 'NONE', #7437, 3.999999999999996447 ) ;
#433 = CARTESIAN_POINT ( 'NONE',  ( 68.62856498840861263, -36.81611581915706211, 1.000000000000000000 ) ) ;
#434 = CARTESIAN_POINT ( 'NONE',  ( 45.28558440016047371, 38.56942981417373062, 9.014539220847337830 ) ) ;
#435 = ADVANCED_FACE ( 'NONE', ( #4533 ), #523, .T. ) ;
#436 = VERTEX_POINT ( 'NONE', #9218 ) ;
#437 = FACE_OUTER_BOUND ( 'NONE', #382, .T. ) ;
#438 = TOROIDAL_SURFACE ( 'NONE', #4023, 7.000000000000000000, 1.000000000000000000 ) ;
#439 = CARTESIAN_POINT ( 'NONE',  ( -64.95796553873125845, 41.40623157853391234, 2.208168527963592087 ) ) ;
#440 = VECTOR ( 'NONE', #1076, 1000.000000000000000 ) ;
#441 = ORIENTED_EDGE ( 'NONE', *, *, #9847, .F. ) ;
#442 = CYLINDRICAL_SURFACE ( 'NONE', #7782, 2.899999999999999911 ) ;
#443 = CARTESIAN_POINT ( 'NONE',  ( 67.17983527858856974, 41.86302196239273599, 1.020397579039943325 ) ) ;
#444 = EDGE_LOOP ( 'NONE', ( #124, #5197, #7362, #2585 ) ) ;
#445 = CARTESIAN_POINT ( 'NONE',  ( 67.51211089404544907, -37.04120760693904657, 2.002864496083560208 ) ) ;
#446 = CIRCLE ( 'NONE', #2382, 0.9999999999999990008 ) ;
#447 = VECTOR ( 'NONE', #6159, 1000.000000000000000 ) ;
#448 = ADVANCED_FACE ( 'NONE', ( #3865 ), #1968, .T. ) ;
#449 = EDGE_CURVE ( 'NONE', #82, #4268, #2134, .T. ) ;
#450 = CARTESIAN_POINT ( 'NONE',  ( 67.74188519068046332, 39.77503842260288991, 2.001390149430004151 ) ) ;
#451 = DIRECTION ( 'NONE',  ( 1.000000000000000000, 0.000000000000000000, 0.000000000000000000 ) ) ;
#452 = CARTESIAN_POINT ( 'NONE',  ( 66.59999999999996589, -38.49999999999996447, 0.000000000000000000 ) ) ;
#453 = DIRECTION ( 'NONE',  ( -1.000000000000000000, 3.499023925556554573E-16, -0.000000000000000000 ) ) ;
#454 =( BOUNDED_SURFACE ( )  B_SPLINE_SURFACE ( 3, 2, ( 
 ( #3842, #62, #7732 ),
 ( #4612, #3077, #846 ),
 ( #3232, #746, #8490 ),
 ( #7784, #798, #7014 ),
 ( #9111, #6198, #1704 ),
 ( #6293, #5586, #5432 ),
 ( #8538, #6348, #8690 ),
 ( #9448, #4721, #2458 ) ),
 .UNSPECIFIED., .F., .F., .T. ) 
 B_SPLINE_SURFACE_WITH_KNOTS ( ( 4, 2, 2, 4 ),
 ( 3, 3 ),
 ( -9.757819552369539906E-18, 0.0004965851680423873137, 0.0009931703360847843852, 0.001986340672169578311 ),
 ( 0.000000000000000000, 1.000000000000000000 ),
 .UNSPECIFIED. ) 
 GEOMETRIC_REPRESENTATION_ITEM ( )  RATIONAL_B_SPLINE_SURFACE ( (
 ( 1.000000000000000000, 0.9202892687146848605, 1.000000000000000000),
 ( 1.000000000000000000, 0.9214821611139015767, 1.000000000000000000),
 ( 1.000000000000000000, 0.9223727220954724970, 1.000000000000000000),
 ( 1.000000000000000000, 0.9235711426585599959, 1.000000000000000000),
 ( 1.000000000000000000, 0.9238792289426309701, 1.000000000000000000),
 ( 1.000000000000000000, 0.9238801389670652231, 1.000000000000000000),
 ( 1.000000000000000000, 0.9226836343722909506, 1.000000000000000000),
 ( 1.000000000000000000, 0.9202892687146851936, 1.000000000000000000) ) ) 
 REPRESENTATION_ITEM ( '' )  SURFACE ( )  );
#455 = CIRCLE ( 'NONE', #7130, 1.000000000000000000 ) ;
#456 = DIRECTION ( 'NONE',  ( -3.499023925556554573E-16, -1.000000000000000000, 3.499023925556591551E-16 ) ) ;
#457 = AXIS2_PLACEMENT_3D ( 'NONE', #8568, #929, #876 ) ;
#458 = CARTESIAN_POINT ( 'NONE',  ( 33.77171203778522823, 39.00000000000000711, 12.00000000000000000 ) ) ;
#459 = ORIENTED_EDGE ( 'NONE', *, *, #4980, .T. ) ;
#460 = CARTESIAN_POINT ( 'NONE',  ( 58.79289321881360308, -30.99999999999998579, 8.707106781186540800 ) ) ;
#461 = ORIENTED_EDGE ( 'NONE', *, *, #5409, .T. ) ;
#462 = EDGE_CURVE ( 'NONE', #1523, #7637, #5442, .T. ) ;
#463 = LINE ( 'NONE', #1936, #2340 ) ;
#464 = AXIS2_PLACEMENT_3D ( 'NONE', #2437, #1628, #6428 ) ;
#465 = AXIS2_PLACEMENT_3D ( 'NONE', #1715, #8576, #834 ) ;
#466 = ORIENTED_EDGE ( 'NONE', *, *, #1914, .T. ) ;
#467 = FACE_OUTER_BOUND ( 'NONE', #5499, .T. ) ;
#468 = VERTEX_POINT ( 'NONE', #7186 ) ;
#469 = CYLINDRICAL_SURFACE ( 'NONE', #9862, 1.000000000000000000 ) ;
#470 =( NAMED_UNIT ( * ) SI_UNIT ( $, .STERADIAN. ) SOLID_ANGLE_UNIT ( ) );
#471 = LINE ( 'NONE', #1371, #1011 ) ;
#472 = CARTESIAN_POINT ( 'NONE',  ( -37.25181215987404926, 41.00000000000000711, 10.00000000000014211 ) ) ;
#473 = CARTESIAN_POINT ( 'NONE',  ( 53.50000000000001421, -35.58578643762702143, 8.000000000000000000 ) ) ;
#474 = B_SPLINE_CURVE_WITH_KNOTS ( 'NONE', 3,
 ( #5753, #292, #8815, #7395 ),
 .UNSPECIFIED., .F., .F.,
 ( 4, 4 ),
 ( 0.000000000000000000, 0.001380572674693883277 ),
 .UNSPECIFIED. ) ;
#475 = CARTESIAN_POINT ( 'NONE',  ( 64.99999999999995737, -38.49999999999996447, 1.000000000000000000 ) ) ;
#476 = CARTESIAN_POINT ( 'NONE',  ( 44.06894790147319441, 35.05711061407962603, 1.065223961660393126 ) ) ;
#477 = PRODUCT_DEFINITION_FORMATION_WITH_SPECIFIED_SOURCE ( 'ANY', '', #1869, .NOT_KNOWN. ) ;
#478 = CYLINDRICAL_SURFACE ( 'NONE', #9560, 4.000000000000010658 ) ;
#479 = ORIENTED_EDGE ( 'NONE', *, *, #1294, .F. ) ;
#480 = CARTESIAN_POINT ( 'NONE',  ( 61.49999999999997868, 16.36000344709535170, 4.915643496599920503 ) ) ;
#481 = ORIENTED_EDGE ( 'NONE', *, *, #9225, .F. ) ;
#482 = ORIENTED_EDGE ( 'NONE', *, *, #6911, .T. ) ;
#483 = CARTESIAN_POINT ( 'NONE',  ( 64.80934968408776342, 30.14096401767315214, 2.544618440274275972 ) ) ;
#484 = LINE ( 'NONE', #9797, #4514 ) ;
#485 = CARTESIAN_POINT ( 'NONE',  ( -36.17171203778519839, 40.00379515746519132, 11.63151361133556350 ) ) ;
#486 = CARTESIAN_POINT ( 'NONE',  ( 42.04884866977847935, 39.14204348387787036, 9.536177717085577044 ) ) ;
#487 = CARTESIAN_POINT ( 'NONE',  ( 66.82178229104837897, -32.80741498695171288, 2.218213551367895331 ) ) ;
#488 = CARTESIAN_POINT ( 'NONE',  ( 41.50849611331269529, 41.22855078253998329, 10.87669346107593249 ) ) ;
#489 = ORIENTED_EDGE ( 'NONE', *, *, #10081, .T. ) ;
#490 = CARTESIAN_POINT ( 'NONE',  ( 40.46051461479350309, 40.29298286766773174, 9.430345029264847412 ) ) ;
#491 = FACE_OUTER_BOUND ( 'NONE', #1671, .T. ) ;
#492 = ORIENTED_EDGE ( 'NONE', *, *, #7495, .F. ) ;
#493 = PLANE ( 'NONE',  #782 ) ;
#494 = CARTESIAN_POINT ( 'NONE',  ( 39.12104018736997091, 44.99112042789705868, 5.803656430265033528 ) ) ;
#495 = EDGE_CURVE ( 'NONE', #2950, #3900, #826, .T. ) ;
#496 = LINE ( 'NONE', #2768, #9 ) ;
#497 = CARTESIAN_POINT ( 'NONE',  ( 62.45804547043505295, 25.71948249798092689, 4.542539958988837334 ) ) ;
#498 = CYLINDRICAL_SURFACE ( 'NONE', #4094, 1.000000000000000000 ) ;
#499 = VERTEX_POINT ( 'NONE', #5701 ) ;
#500 = CARTESIAN_POINT ( 'NONE',  ( -55.49999999999997868, -24.79228831549498580, 1.000000000000000888 ) ) ;
#501 = CARTESIAN_POINT ( 'NONE',  ( -67.01103231217848588, 36.40402963333065856, 2.191025160535685856 ) ) ;
#502 = FACE_OUTER_BOUND ( 'NONE', #7319, .T. ) ;
#503 = ADVANCED_FACE ( 'NONE', ( #4171 ), #9551, .T. ) ;
#504 = CARTESIAN_POINT ( 'NONE',  ( 58.79289321881361019, 27.22994939107031342, 8.707106781186542577 ) ) ;
#505 = EDGE_LOOP ( 'NONE', ( #206, #6948, #7523, #6025, #3747 ) ) ;
#506 = CARTESIAN_POINT ( 'NONE',  ( 64.14255666478086937, -42.42613114938665575, 1.007384223348927632 ) ) ;
#507 = ORIENTED_EDGE ( 'NONE', *, *, #5008, .F. ) ;
#508 = ORIENTED_EDGE ( 'NONE', *, *, #4002, .F. ) ;
#509 = DIRECTION ( 'NONE',  ( -1.000000000000000000, -0.000000000000000000, 0.000000000000000000 ) ) ;
#510 = AXIS2_PLACEMENT_3D ( 'NONE', #9432, #7763, #7712 ) ;
#511 = CARTESIAN_POINT ( 'NONE',  ( -68.65679265840050505, 36.86935582869764971, 1.043042075572323535 ) ) ;
#512 = EDGE_CURVE ( 'NONE', #943, #9350, #8601, .T. ) ;
#513 = DIRECTION ( 'NONE',  ( 0.000000000000000000, 0.000000000000000000, -1.000000000000000000 ) ) ;
#514 = LINE ( 'NONE', #6731, #2076 ) ;
#515 = CARTESIAN_POINT ( 'NONE',  ( -53.25379579564057053, 53.24453208529339321, 0.000000000000000000 ) ) ;
#516 = EDGE_CURVE ( 'NONE', #6155, #2867, #6364, .T. ) ;
#517 = CIRCLE ( 'NONE', #3101, 1.000000000000000000 ) ;
#518 = CARTESIAN_POINT ( 'NONE',  ( -60.49999999999997158, 4.508169414544843434, 5.499999999999999112 ) ) ;
#519 = CARTESIAN_POINT ( 'NONE',  ( 0.000000000000000000, 45.00000000000001421, 2.000000000000000000 ) ) ;
#520 = DIRECTION ( 'NONE',  ( 0.000000000000000000, 3.469446951953614189E-15, 1.000000000000000000 ) ) ;
#521 = CARTESIAN_POINT ( 'NONE',  ( 63.15967179889900507, 33.73034806217602721, 4.340328201101105954 ) ) ;
#522 = AXIS2_PLACEMENT_3D ( 'NONE', #8888, #5986, #2100 ) ;
#523 = TOROIDAL_SURFACE ( 'NONE', #1821, 2.000000000000000888, 1.000000000000000000 ) ;
#524 = LINE ( 'NONE', #422, #4691 ) ;
#525 = ORIENTED_EDGE ( 'NONE', *, *, #6005, .F. ) ;
#526 = DIRECTION ( 'NONE',  ( -0.000000000000000000, -0.000000000000000000, -1.000000000000000000 ) ) ;
#527 = VERTEX_POINT ( 'NONE', #5652 ) ;
#528 = EDGE_LOOP ( 'NONE', ( #1686, #4048, #5094, #5686 ) ) ;
#529 = CARTESIAN_POINT ( 'NONE',  ( -61.49999999999997868, 0.6408283168701317534, -0.03481862698997409411 ) ) ;
#530 = CARTESIAN_POINT ( 'NONE',  ( -45.22532245313463051, 35.00000000000000711, 0.3999999999999993006 ) ) ;
#531 = CARTESIAN_POINT ( 'NONE',  ( 41.45040878928134731, 39.24440577393509955, 9.738735459800437866 ) ) ;
#532 = EDGE_CURVE ( 'NONE', #427, #5641, #3264, .T. ) ;
#533 = DIRECTION ( 'NONE',  ( -0.000000000000000000, -0.000000000000000000, -1.000000000000000000 ) ) ;
#534 = CARTESIAN_POINT ( 'NONE',  ( -62.49314726662308317, -23.20349147688654057, 0.000000000000000000 ) ) ;
#535 = LINE ( 'NONE', #8377, #71 ) ;
#536 = ORIENTED_EDGE ( 'NONE', *, *, #9327, .F. ) ;
#537 = LINE ( 'NONE', #8193, #3691 ) ;
#538 = DIRECTION ( 'NONE',  ( 0.8384366417882753719, -0.2699157717171605242, -0.4734653882652131163 ) ) ;
#539 = EDGE_LOOP ( 'NONE', ( #8008, #4810, #6283, #6660 ) ) ;
#540 = CARTESIAN_POINT ( 'NONE',  ( 55.50000000000001421, 16.36000344709535170, 4.915643496599919615 ) ) ;
#541 = CARTESIAN_POINT ( 'NONE',  ( 39.03034175459968935, 40.74024626735425869, 10.15128964124906474 ) ) ;
#542 = CARTESIAN_POINT ( 'NONE',  ( 67.32489549370541226, -36.75826599809769135, 2.016305706324553970 ) ) ;
#543 = CARTESIAN_POINT ( 'NONE',  ( -66.94376430794847010, 40.85353147390198103, 2.010635345861392587 ) ) ;
#544 = EDGE_CURVE ( 'NONE', #8209, #5394, #1655, .T. ) ;
#545 = EDGE_CURVE ( 'NONE', #8710, #2588, #2308, .T. ) ;
#546 = CARTESIAN_POINT ( 'NONE',  ( 67.46948013280243117, 40.25659489579035011, 2.002692304710687932 ) ) ;
#547 = ORIENTED_EDGE ( 'NONE', *, *, #3938, .F. ) ;
#548 = CARTESIAN_POINT ( 'NONE',  ( 64.13452373906478954, -41.40836774813107013, 2.024157420073390501 ) ) ;
#549 = DIRECTION ( 'NONE',  ( -0.000000000000000000, -0.000000000000000000, -1.000000000000000000 ) ) ;
#550 = CARTESIAN_POINT ( 'NONE',  ( 62.09999999999995879, 38.49999999999999289, 12.00000000000000355 ) ) ;
#551 = CARTESIAN_POINT ( 'NONE',  ( 58.87404912865324746, -40.73005394267187285, 2.399367246697721168 ) ) ;
#552 = FACE_OUTER_BOUND ( 'NONE', #2118, .T. ) ;
#553 = VERTEX_POINT ( 'NONE', #4899 ) ;
#554 = CIRCLE ( 'NONE', #6248, 8.000000000000000000 ) ;
#555 = CARTESIAN_POINT ( 'NONE',  ( -37.71421916739333113, 45.00000000000001421, 5.585786436708139568 ) ) ;
#556 = CARTESIAN_POINT ( 'NONE',  ( 53.50000000000001421, -30.99999999999998579, 9.000000000000001776 ) ) ;
#557 = EDGE_CURVE ( 'NONE', #2334, #4405, #665, .T. ) ;
#558 = LINE ( 'NONE', #3663, #9363 ) ;
#559 = VECTOR ( 'NONE', #5619, 1000.000000000000000 ) ;
#560 = CARTESIAN_POINT ( 'NONE',  ( -63.96294941820026025, -41.22177102462048737, 2.043763375366540291 ) ) ;
#561 = CARTESIAN_POINT ( 'NONE',  ( 58.49999999998588152, -23.67646423726118243, 9.000000000000889955 ) ) ;
#562 = CYLINDRICAL_SURFACE ( 'NONE', #1486, 1.600000000000004086 ) ;
#563 = CARTESIAN_POINT ( 'NONE',  ( 52.29692198039781914, -38.99999999999179323, 6.000000000000866862 ) ) ;
#564 = CARTESIAN_POINT ( 'NONE',  ( -42.85191572870917298, 35.25909964107049888, 8.414547187247489290 ) ) ;
#565 = CARTESIAN_POINT ( 'NONE',  ( 64.99999999999995737, -38.49999999999996447, 2.000000000000000000 ) ) ;
#566 = ADVANCED_FACE ( 'NONE', ( #2477 ), #8004, .F. ) ;
#567 = CARTESIAN_POINT ( 'NONE',  ( -60.49999999999997868, 18.48790463880280655, 5.585786437627044521 ) ) ;
#568 = EDGE_CURVE ( 'NONE', #4006, #4066, #9144, .T. ) ;
#569 = ORIENTED_EDGE ( 'NONE', *, *, #3867, .F. ) ;
#570 = CARTESIAN_POINT ( 'NONE',  ( 43.36767997638425953, 36.23554512824542684, 9.368486388664434728 ) ) ;
#571 = VERTEX_POINT ( 'NONE', #1017 ) ;
#572 = VERTEX_POINT ( 'NONE', #4120 ) ;
#573 = CONICAL_SURFACE ( 'NONE', #6265, 4.000000000000003553, 0.7853981633974433940 ) ;
#574 = DIRECTION ( 'NONE',  ( -0.1441745682135772422, 0.000000000000000000, -0.9895522694028994204 ) ) ;
#575 = CARTESIAN_POINT ( 'NONE',  ( -53.49999999999997868, -30.99999999999998579, 10.50000000000000000 ) ) ;
#576 = CARTESIAN_POINT ( 'NONE',  ( 39.03784135570638369, 40.73710294837896129, 10.15004663065660395 ) ) ;
#577 = DIRECTION ( 'NONE',  ( -0.000000000000000000, 0.000000000000000000, 1.000000000000000000 ) ) ;
#578 = EDGE_CURVE ( 'NONE', #9102, #1405, #7234, .T. ) ;
#579 = ORIENTED_EDGE ( 'NONE', *, *, #2619, .T. ) ;
#580 = CARTESIAN_POINT ( 'NONE',  ( -0.000000000000000000, 42.00000000000000711, 0.000000000000000000 ) ) ;
#581 = DIRECTION ( 'NONE',  ( -0.000000000000000000, -0.000000000000000000, -1.000000000000000000 ) ) ;
#582 = AXIS2_PLACEMENT_3D ( 'NONE', #8154, #1160, #4278 ) ;
#583 = EDGE_CURVE ( 'NONE', #3703, #8767, #6035, .T. ) ;
#584 = ORIENTED_EDGE ( 'NONE', *, *, #4968, .T. ) ;
#585 = CARTESIAN_POINT ( 'NONE',  ( 68.65634583360684928, 36.86822192655723285, 1.043087976306213527 ) ) ;
#586 = DIRECTION ( 'NONE',  ( -3.499023925556554573E-16, -1.000000000000000000, 3.499023925556591551E-16 ) ) ;
#587 = ORIENTED_EDGE ( 'NONE', *, *, #3987, .F. ) ;
#588 = DIRECTION ( 'NONE',  ( 0.4345366032565108894, 0.5578332550415927571, 0.7071067811865441310 ) ) ;
#589 = DIRECTION ( 'NONE',  ( 1.000000000000000000, 0.000000000000000000, 0.000000000000000000 ) ) ;
#590 = AXIS2_PLACEMENT_3D ( 'NONE', #3439, #4976, #2570 ) ;
#591 = CARTESIAN_POINT ( 'NONE',  ( 62.86788451614761186, -36.52699813811789653, 3.381572977979711236 ) ) ;
#592 = CARTESIAN_POINT ( 'NONE',  ( -67.97723706444554637, 37.77720459441518841, 2.018139815729412145 ) ) ;
#593 = CIRCLE ( 'NONE', #8250, 1.000000000000000888 ) ;
#594 = CARTESIAN_POINT ( 'NONE',  ( -38.07495722753792933, 36.10947405748166972, 1.926701188758153105 ) ) ;
#595 =( BOUNDED_SURFACE ( )  B_SPLINE_SURFACE ( 3, 2, ( 
 ( #8134, #5312, #4491 ),
 ( #6841, #8370, #2287 ),
 ( #8327, #6180, #777 ),
 ( #3679, #7614, #8423 ) ),
 .UNSPECIFIED., .F., .F., .F. ) 
 B_SPLINE_SURFACE_WITH_KNOTS ( ( 4, 4 ),
 ( 3, 3 ),
 ( 1.592836208758591887, 1.740383500763138080 ),
 ( 0.000000000000000000, 1.000000000000000000 ),
 .UNSPECIFIED. ) 
 GEOMETRIC_REPRESENTATION_ITEM ( )  RATIONAL_B_SPLINE_SURFACE ( (
 ( 1.000000000000000000, 0.7132270861661494932, 1.000000000000000000),
 ( 1.000000000000000000, 0.7268240921419484302, 1.000000000000000000),
 ( 1.000000000000000000, 0.7400088863871950862, 1.000000000000000000),
 ( 1.000000000000000000, 0.7527104941799864779, 1.000000000000000000) ) ) 
 REPRESENTATION_ITEM ( '' )  SURFACE ( )  );
#596 = ORIENTED_EDGE ( 'NONE', *, *, #3717, .F. ) ;
#597 = CARTESIAN_POINT ( 'NONE',  ( -63.68544955132625063, 42.44624414427868686, 1.392559014695207376 ) ) ;
#598 = DIRECTION ( 'NONE',  ( -0.000000000000000000, -0.000000000000000000, -1.000000000000000000 ) ) ;
#599 = DIRECTION ( 'NONE',  ( 0.000000000000000000, 1.000000000000000000, 0.000000000000000000 ) ) ;
#600 = CARTESIAN_POINT ( 'NONE',  ( 37.04569807186236119, 36.50000000000000711, 1.996871942267131494 ) ) ;
#601 = CARTESIAN_POINT ( 'NONE',  ( 43.24916055572690254, 19.49305728668151971, 1.000000000000000000 ) ) ;
#602 = TOROIDAL_SURFACE ( 'NONE', #5651, 7.000000000000000000, 1.000000000000000000 ) ;
#603 = ORIENTED_EDGE ( 'NONE', *, *, #4560, .F. ) ;
#604 = EDGE_CURVE ( 'NONE', #203, #1351, #6545, .T. ) ;
#605 = VECTOR ( 'NONE', #1151, 1000.000000000000000 ) ;
#606 = DIRECTION ( 'NONE',  ( 0.000000000000000000, 0.000000000000000000, -1.000000000000000000 ) ) ;
#607 = VERTEX_POINT ( 'NONE', #4226 ) ;
#608 = CIRCLE ( 'NONE', #6306, 0.9999999999999996669 ) ;
#609 = DIRECTION ( 'NONE',  ( 0.000000000000000000, -0.3003870635238867215, 0.9538173892666753639 ) ) ;
#610 = VECTOR ( 'NONE', #4807, 1000.000000000000000 ) ;
#611 = CARTESIAN_POINT ( 'NONE',  ( 43.36767997638425953, 36.23554512824542684, 9.368486388664434728 ) ) ;
#612 = CARTESIAN_POINT ( 'NONE',  ( 55.50000000000001421, 6.263096851169891297E-16, 5.499999999999999112 ) ) ;
#613 = PLANE ( 'NONE',  #5237 ) ;
#614 = LINE ( 'NONE', #1991, #5344 ) ;
#615 = EDGE_CURVE ( 'NONE', #3766, #9078, #8844, .T. ) ;
#616 = ORIENTED_EDGE ( 'NONE', *, *, #2157, .T. ) ;
#617 = AXIS2_PLACEMENT_3D ( 'NONE', #3491, #2865, #3546 ) ;
#618 = AXIS2_PLACEMENT_3D ( 'NONE', #6630, #2690, #9531 ) ;
#619 = CARTESIAN_POINT ( 'NONE',  ( 35.87171203778524387, 41.00253010497679185, 10.72785864819451618 ) ) ;
#620 = CARTESIAN_POINT ( 'NONE',  ( 38.26738747476650815, 37.47649029723276470, 3.580522271187110306 ) ) ;
#621 = VERTEX_POINT ( 'NONE', #1163 ) ;
#622 = DIRECTION ( 'NONE',  ( 0.000000000000000000, 0.000000000000000000, 1.000000000000000000 ) ) ;
#623 = VECTOR ( 'NONE', #1700, 999.9999999999998863 ) ;
#624 = VERTEX_POINT ( 'NONE', #6616 ) ;
#625 = EDGE_LOOP ( 'NONE', ( #3745, #2351, #4318, #9820 ) ) ;
#626 = CARTESIAN_POINT ( 'NONE',  ( 53.65754873355714949, 42.00690251318159341, 5.576257957664913611 ) ) ;
#627 = LINE ( 'NONE', #3729, #7948 ) ;
#628 = CARTESIAN_POINT ( 'NONE',  ( -37.50476792302639240, 40.88457172512977422, 11.21228693003518906 ) ) ;
#629 = ADVANCED_FACE ( 'NONE', ( #9005 ), #2637, .T. ) ;
#630 = CARTESIAN_POINT ( 'NONE',  ( 45.28558440016047371, 38.56942981417373062, 9.014539220847339607 ) ) ;
#631 = EDGE_CURVE ( 'NONE', #5375, #2242, #1177, .T. ) ;
#632 = ADVANCED_FACE ( 'NONE', ( #502 ), #1117, .T. ) ;
#633 = FACE_OUTER_BOUND ( 'NONE', #7671, .T. ) ;
#634 = B_SPLINE_CURVE_WITH_KNOTS ( 'NONE', 3,
 ( #7069, #5590, #5437, #8695, #4833, #3133, #7942, #1550, #7789, #6251, #4673, #802, #9352, #1859, #217, #7427, #439, #3544, #8038, #6655, #8895, #9600, #6454, #5787, #272, #8242, #1052, #2613, #6599, #5736, #4155, #8847 ),
 .UNSPECIFIED., .F., .F.,
 ( 4, 2, 2, 2, 2, 2, 2, 2, 2, 2, 2, 2, 2, 2, 2, 4 ),
 ( 0.007991635319312666991, 0.008588245855563612571, 0.009184856391814556417, 0.009781466928065501998, 0.01037807746431644758, 0.01097468800056739142, 0.01157129853681833700, 0.01216790907306928085, 0.01276451960932022817, 0.01336113014557117201, 0.01395774068182211586, 0.01455435121807306317, 0.01515096175432400702, 0.01634418282682591206, 0.01694079336307687325, 0.01753740389932783791 ),
 .UNSPECIFIED. ) ;
#635 = CARTESIAN_POINT ( 'NONE',  ( -62.92673497269476712, -41.08598892692829452, 2.159214856955804507 ) ) ;
#636 = DIRECTION ( 'NONE',  ( -0.3924313469075667027, 0.8318625342739163209, -0.3924313469075710326 ) ) ;
#637 = ORIENTED_EDGE ( 'NONE', *, *, #6034, .F. ) ;
#638 = CARTESIAN_POINT ( 'NONE',  ( -63.01040764008568118, 34.00000000000000711, 4.489592359914371222 ) ) ;
#639 = LINE ( 'NONE', #8291, #5958 ) ;
#640 = ORIENTED_EDGE ( 'NONE', *, *, #10072, .T. ) ;
#642 = EDGE_CURVE ( 'NONE', #151, #7913, #7443, .T. ) ;
#641 = CARTESIAN_POINT ( 'NONE',  ( -61.49999999999997868, -13.78853150712619779, 13.50000000000000000 ) ) ;
#643 = ADVANCED_FACE ( 'NONE', ( #3609 ), #6564, .T. ) ;
#644 = EDGE_CURVE ( 'NONE', #3223, #1844, #8639, .T. ) ;
#645 = CARTESIAN_POINT ( 'NONE',  ( 39.26436556030390079, 36.72877024001162738, 2.260685835976451230 ) ) ;
#646 = CARTESIAN_POINT ( 'NONE',  ( -68.80706968620161490, 39.75319976884325257, 1.983732860526977282 ) ) ;
#647 = ORIENTED_EDGE ( 'NONE', *, *, #4034, .F. ) ;
#648 = CARTESIAN_POINT ( 'NONE',  ( -39.51953880528289886, 36.59010455366865244, 3.295715838394710051 ) ) ;
#649 = ORIENTED_EDGE ( 'NONE', *, *, #1347, .T. ) ;
#650 = CARTESIAN_POINT ( 'NONE',  ( -62.59670709732296956, 42.39854424234717811, 1.735518941912087998 ) ) ;
#651 = LINE ( 'NONE', #3847, #3674 ) ;
#652 = VERTEX_POINT ( 'NONE', #5953 ) ;
#653 = B_SPLINE_CURVE_WITH_KNOTS ( 'NONE', 3,
 ( #7336, #9003, #4378, #343 ),
 .UNSPECIFIED., .F., .F.,
 ( 4, 4 ),
 ( 0.000000000000000000, 0.001149810003179736664 ),
 .UNSPECIFIED. ) ;
#654 = CARTESIAN_POINT ( 'NONE',  ( 40.46948875295404946, 43.36668606446766461, 5.452194488184177956 ) ) ;
#655 = LINE ( 'NONE', #6921, #7346 ) ;
#656 = DIRECTION ( 'NONE',  ( 0.000000000000000000, -0.000000000000000000, -1.000000000000000000 ) ) ;
#657 = EDGE_LOOP ( 'NONE', ( #8783, #1189, #2151, #8917, #3407, #38 ) ) ;
#658 = CARTESIAN_POINT ( 'NONE',  ( 37.25181215987186789, 37.00000000000002132, 9.414213562373239697 ) ) ;
#659 = ORIENTED_EDGE ( 'NONE', *, *, #3220, .F. ) ;
#660 =( BOUNDED_SURFACE ( )  B_SPLINE_SURFACE ( 3, 2, ( 
 ( #3704, #6970, #9961 ),
 ( #17, #6201, #597 ),
 ( #9252, #6819, #650 ),
 ( #2977, #9199, #2414 ),
 ( #7833, #2513, #1051 ),
 ( #1809, #5639, #7121 ) ),
 .UNSPECIFIED., .F., .F., .T. ) 
 B_SPLINE_SURFACE_WITH_KNOTS ( ( 4, 2, 4 ),
 ( 3, 3 ),
 ( 0.000000000000000000, 0.003424870475858167104, 0.006849740951716334209 ),
 ( 0.000000000000000000, 1.000000000000000000 ),
 .UNSPECIFIED. ) 
 GEOMETRIC_REPRESENTATION_ITEM ( )  RATIONAL_B_SPLINE_SURFACE ( (
 ( 1.000000000000000000, 0.7425750662533565638, 1.000000000000000000),
 ( 1.000000000000000000, 0.7628383834405906283, 1.000000000000000000),
 ( 1.000000000000000000, 0.7851042088873082525, 1.000000000000000000),
 ( 1.000000000000000000, 0.8329192783807587430, 1.000000000000000000),
 ( 1.000000000000000000, 0.8586084799967097503, 1.000000000000000000),
 ( 1.000000000000000000, 0.8836414919745292362, 1.000000000000000000) ) ) 
 REPRESENTATION_ITEM ( '' )  SURFACE ( )  );
#661 = CARTESIAN_POINT ( 'NONE',  ( -33.77171203778518560, 40.00000000000000711, 4.000000000000000000 ) ) ;
#662 = CARTESIAN_POINT ( 'NONE',  ( -45.22532245313465893, 38.00000000000000711, 10.00000000000014033 ) ) ;
#663 = CARTESIAN_POINT ( 'NONE',  ( 6.584181125100989185, 45.00000000000001421, 20.93636161487792080 ) ) ;
#664 = CARTESIAN_POINT ( 'NONE',  ( 38.78086727521762356, 38.57779070964512158, 10.81097224971937898 ) ) ;
#665 = CIRCLE ( 'NONE', #5876, 0.9999999999999996669 ) ;
#666 = ORIENTED_EDGE ( 'NONE', *, *, #9845, .F. ) ;
#667 = CARTESIAN_POINT ( 'NONE',  ( -41.26027849574862927, -10.27131619448494249, 24.82550794187854493 ) ) ;
#668 = EDGE_CURVE ( 'NONE', #830, #436, #7181, .T. ) ;
#669 = CARTESIAN_POINT ( 'NONE',  ( 67.60010370714101668, 37.20497883923219717, 2.065801879740034597 ) ) ;
#670 = EDGE_CURVE ( 'NONE', #4207, #2104, #8388, .T. ) ;
#671 = VERTEX_POINT ( 'NONE', #5195 ) ;
#672 = AXIS2_PLACEMENT_3D ( 'NONE', #1632, #5366, #8677 ) ;
#673 = FACE_OUTER_BOUND ( 'NONE', #9437, .T. ) ;
#674 = ORIENTED_EDGE ( 'NONE', *, *, #10030, .T. ) ;
#675 = CARTESIAN_POINT ( 'NONE',  ( -64.62911361344357886, 29.61607591554784236, 2.330230415268315536 ) ) ;
#676 = DIRECTION ( 'NONE',  ( 0.9794253071427670987, -0.1426991025344870601, -0.1426991025344886421 ) ) ;
#677 = CARTESIAN_POINT ( 'NONE',  ( 42.85191572870943588, 35.25909964106996597, 8.414547187247491067 ) ) ;
#678 = CARTESIAN_POINT ( 'NONE',  ( -43.24916055572697360, 19.49305728668150195, 0.000000000000000000 ) ) ;
#679 = ORIENTED_EDGE ( 'NONE', *, *, #9821, .F. ) ;
#680 = FACE_OUTER_BOUND ( 'NONE', #8453, .T. ) ;
#681 = DIRECTION ( 'NONE',  ( 0.8735575910849388004, 0.4867207978480874719, 0.000000000000000000 ) ) ;
#682 = AXIS2_PLACEMENT_3D ( 'NONE', #7589, #9054, #1317 ) ;
#683 = VECTOR ( 'NONE', #6426, 1000.000000000000000 ) ;
#684 = CARTESIAN_POINT ( 'NONE',  ( -61.49999999999997868, -18.58303575079967374, 5.585786437627013434 ) ) ;
#685 = CYLINDRICAL_SURFACE ( 'NONE', #6641, 1.000000000000000888 ) ;
#686 = EDGE_CURVE ( 'NONE', #9220, #6816, #5802, .T. ) ;
#687 = ORIENTED_EDGE ( 'NONE', *, *, #5274, .T. ) ;
#688 = CARTESIAN_POINT ( 'NONE',  ( 68.15202413130351999, -35.75881671326546751, 1.000000000000000000 ) ) ;
#689 = CARTESIAN_POINT ( 'NONE',  ( -41.10548589277121323, 38.62713096036942773, 9.031628678614577410 ) ) ;
#691 = ORIENTED_EDGE ( 'NONE', *, *, #2611, .F. ) ;
#690 = EDGE_CURVE ( 'NONE', #4382, #8921, #2981, .T. ) ;
#692 = AXIS2_PLACEMENT_3D ( 'NONE', #9898, #5466, #3777 ) ;
#693 = CARTESIAN_POINT ( 'NONE',  ( -60.49999999999997868, 18.48790463880280655, 5.585786437627044521 ) ) ;
#694 = CARTESIAN_POINT ( 'NONE',  ( -39.24969896908673661, 39.75205767494551168, 10.66353150302207276 ) ) ;
#695 = ORIENTED_EDGE ( 'NONE', *, *, #9149, .F. ) ;
#696 = CARTESIAN_POINT ( 'NONE',  ( 40.09196306878901339, 36.26254039645728966, 2.143507863575307315 ) ) ;
#697 = FACE_OUTER_BOUND ( 'NONE', #3583, .T. ) ;
#698 = VERTEX_POINT ( 'NONE', #5343 ) ;
#699 = EDGE_CURVE ( 'NONE', #2515, #499, #6336, .T. ) ;
#700 = EDGE_CURVE ( 'NONE', #5788, #4332, #2071, .T. ) ;
#701 = DIRECTION ( 'NONE',  ( 0.000000000000000000, 1.000000000000000000, 0.000000000000000000 ) ) ;
#702 = CARTESIAN_POINT ( 'NONE',  ( 66.37962082128670716, 41.24493847852787809, 2.032565609254244343 ) ) ;
#703 = CARTESIAN_POINT ( 'NONE',  ( 64.14215724635924687, -42.42600256563191863, 1.007405500374891627 ) ) ;
#705 = ORIENTED_EDGE ( 'NONE', *, *, #3685, .F. ) ;
#704 = EDGE_CURVE ( 'NONE', #7077, #9994, #1153, .T. ) ;
#706 = PLANE ( 'NONE',  #3838 ) ;
#707 = CARTESIAN_POINT ( 'NONE',  ( 66.77340767511320507, 35.07593681234177296, 2.290337712095141143 ) ) ;
#708 = CARTESIAN_POINT ( 'NONE',  ( -60.49999999999998579, 13.65651987538036494, 4.499999999999997335 ) ) ;
#709 = ORIENTED_EDGE ( 'NONE', *, *, #1795, .T. ) ;
#710 = CARTESIAN_POINT ( 'NONE',  ( 40.34724300086615756, 39.90558252864895650, 9.927353580933006683 ) ) ;
#711 = DIRECTION ( 'NONE',  ( 0.4867207978480884156, -0.8735575910849382453, 0.000000000000000000 ) ) ;
#712 = CARTESIAN_POINT ( 'NONE',  ( 33.14359886532594146, 42.73537447601562889, 11.53552631138373563 ) ) ;
#713 = DIRECTION ( 'NONE',  ( -0.000000000000000000, -0.000000000000000000, -1.000000000000000000 ) ) ;
#714 = CARTESIAN_POINT ( 'NONE',  ( 0.000000000000000000, 0.000000000000000000, 12.00000000000000000 ) ) ;
#715 =( BOUNDED_SURFACE ( )  B_SPLINE_SURFACE ( 3, 2, ( 
 ( #433, #3539, #2149 ),
 ( #2709, #5885, #2009 ),
 ( #8376, #5987, #5122 ),
 ( #5837, #487, #1386 ),
 ( #1958, #9083, #8237 ),
 ( #2101, #5072, #1245 ) ),
 .UNSPECIFIED., .F., .F., .T. ) 
 B_SPLINE_SURFACE_WITH_KNOTS ( ( 4, 2, 4 ),
 ( 3, 3 ),
 ( 0.000000000000000000, 0.003447018691388685063, 0.006894037382777370125 ),
 ( 0.000000000000000000, 1.000000000000000000 ),
 .UNSPECIFIED. ) 
 GEOMETRIC_REPRESENTATION_ITEM ( )  RATIONAL_B_SPLINE_SURFACE ( (
 ( 1.000000000000000000, 0.7071067811865475727, 1.000000000000000000),
 ( 1.000000000000000000, 0.7285276031285171650, 1.000000000000000000),
 ( 1.000000000000000000, 0.7510049756709882285, 1.000000000000000000),
 ( 1.000000000000000000, 0.7951310069107109246, 1.000000000000000000),
 ( 1.000000000000000000, 0.8168044259434683596, 1.000000000000000000),
 ( 1.000000000000000000, 0.8350067054535134092, 1.000000000000000000) ) ) 
 REPRESENTATION_ITEM ( '' )  SURFACE ( )  );
#716 = ORIENTED_EDGE ( 'NONE', *, *, #4461, .F. ) ;
#717 = CARTESIAN_POINT ( 'NONE',  ( -35.87171203778522255, 41.00253010497679185, 10.72785864819451440 ) ) ;
#718 = AXIS2_PLACEMENT_3D ( 'NONE', #4403, #9899, #8331 ) ;
#719 = CARTESIAN_POINT ( 'NONE',  ( -53.47989272251117399, 42.00227332662518620, 5.583310939261129313 ) ) ;
#720 = EDGE_LOOP ( 'NONE', ( #7291, #5435, #1249, #192 ) ) ;
#721 = CARTESIAN_POINT ( 'NONE',  ( 53.50000000000000711, -32.99999999999998579, 9.000000000000001776 ) ) ;
#722 = ORIENTED_EDGE ( 'NONE', *, *, #7367, .F. ) ;
#723 = ORIENTED_EDGE ( 'NONE', *, *, #3485, .F. ) ;
#724 = CARTESIAN_POINT ( 'NONE',  ( 37.14727864916685718, 37.26039637139869143, 2.230125091686558036 ) ) ;
#725 = CARTESIAN_POINT ( 'NONE',  ( 45.22532245313247046, 35.00000000000000711, 12.00000000000000000 ) ) ;
#726 = CYLINDRICAL_SURFACE ( 'NONE', #6525, 4.000000000000017764 ) ;
#727 = AXIS2_PLACEMENT_3D ( 'NONE', #6123, #4481, #2999 ) ;
#728 = ORIENTED_EDGE ( 'NONE', *, *, #4725, .F. ) ;
#729 = CARTESIAN_POINT ( 'NONE',  ( -58.15044385663743043, 41.79417300347196829, 4.946902205051846302 ) ) ;
#730 = ADVANCED_FACE ( 'NONE', ( #9919 ), #1507, .T. ) ;
#731 = CARTESIAN_POINT ( 'NONE',  ( 72.74453208529337189, 21.07884740024821824, 2.000000000000000000 ) ) ;
#732 = DIRECTION ( 'NONE',  ( 0.000000000000000000, 0.000000000000000000, -1.000000000000000000 ) ) ;
#733 = DIRECTION ( 'NONE',  ( -0.000000000000000000, 0.000000000000000000, 1.000000000000000000 ) ) ;
#734 = AXIS2_PLACEMENT_3D ( 'NONE', #2237, #8512, #9226 ) ;
#735 = VERTEX_POINT ( 'NONE', #7588 ) ;
#736 = CARTESIAN_POINT ( 'NONE',  ( 45.22532245313247046, 35.00000000000000711, 8.016356623453257058 ) ) ;
#737 = EDGE_LOOP ( 'NONE', ( #1344, #9702, #8684, #2631 ) ) ;
#738 = LINE ( 'NONE', #8384, #3868 ) ;
#739 = FACE_OUTER_BOUND ( 'NONE', #1334, .T. ) ;
#740 = VERTEX_POINT ( 'NONE', #8548 ) ;
#741 = CARTESIAN_POINT ( 'NONE',  ( 38.98269981001993756, 36.91928186690113733, 3.475076381673371628 ) ) ;
#742 = EDGE_CURVE ( 'NONE', #9078, #6224, #1554, .T. ) ;
#743 = CIRCLE ( 'NONE', #7910, 1.000000000000000444 ) ;
#744 = FACE_OUTER_BOUND ( 'NONE', #9110, .T. ) ;
#745 = ORIENTED_EDGE ( 'NONE', *, *, #1132, .T. ) ;
#746 = CARTESIAN_POINT ( 'NONE',  ( -40.68137709566357074, 44.43808054360798110, 5.812255090818601921 ) ) ;
#747 = CARTESIAN_POINT ( 'NONE',  ( 65.25411924028081501, 31.97264256190448961, 2.797114148842022807 ) ) ;
#748 = EDGE_LOOP ( 'NONE', ( #16, #2472, #7858 ) ) ;
#749 = CARTESIAN_POINT ( 'NONE',  ( 68.00749493085260156, 38.87565114294129387, 2.002734246973567167 ) ) ;
#750 = AXIS2_PLACEMENT_3D ( 'NONE', #5127, #7221, #3642 ) ;
#751 = ORIENTED_EDGE ( 'NONE', *, *, #4788, .F. ) ;
#752 = FACE_OUTER_BOUND ( 'NONE', #10006, .T. ) ;
#753 = CARTESIAN_POINT ( 'NONE',  ( 61.49999999999997868, 15.09224031333407723, 4.516385054386808484 ) ) ;
#754 = CARTESIAN_POINT ( 'NONE',  ( -37.25181215987404926, 44.70710678118656034, 6.292893218813548017 ) ) ;
#755 = VERTEX_POINT ( 'NONE', #6103 ) ;
#756 = EDGE_CURVE ( 'NONE', #1695, #82, #655, .T. ) ;
#757 = CARTESIAN_POINT ( 'NONE',  ( -37.47653124760391563, 38.00000000000000711, 10.10221123326195070 ) ) ;
#758 = AXIS2_PLACEMENT_3D ( 'NONE', #4077, #3966, #6318 ) ;
#759 = EDGE_CURVE ( 'NONE', #6726, #8717, #8399, .T. ) ;
#760 = B_SPLINE_CURVE_WITH_KNOTS ( 'NONE', 3,
 ( #7107, #110, #3225, #6341, #7298, #3413, #6522, #9625, #1491, #1940, #9016, #5054, #8314, #9676, #6574, #5202, #5864, #8970, #5101, #1988, #7349, #5760, #8265, #4430, #1325, #2791, #2686, #6730, #7547, #3619, #8167, #1176, #2086, #9780, #560, #1226, #4289, #3664 ),
 .UNSPECIFIED., .F., .F.,
 ( 4, 2, 2, 2, 2, 2, 2, 2, 2, 2, 2, 2, 2, 2, 2, 2, 2, 2, 4 ),
 ( 0.0001453414367990965702, 0.0009483462661985724929, 0.001751351095598048524, 0.002152853510297808928, 0.002554355924997569333, 0.003357360754397128739, 0.004160365583796687278, 0.004963370413196245383, 0.005766375242595804355, 0.006569380071995363328, 0.007372384901394921433, 0.008175389730794482140, 0.008978394560194039378, 0.009781399389593598351, 0.01058440421899315732, 0.01098590663369292293, 0.01138740904839269028, 0.01219041387779223190, 0.01299341870719177353 ),
 .UNSPECIFIED. ) ;
#761 = CARTESIAN_POINT ( 'NONE',  ( 64.60900765759950559, 30.36545378237786963, 2.890992342400592108 ) ) ;
#762 = DIRECTION ( 'NONE',  ( 0.000000000000000000, 0.9044134026110567381, -0.4266572361714854322 ) ) ;
#763 = DIRECTION ( 'NONE',  ( 1.000000000000000000, 0.000000000000000000, 0.000000000000000000 ) ) ;
#764 = CARTESIAN_POINT ( 'NONE',  ( 62.53285710330533220, 36.97579334495308956, 4.489592359914378328 ) ) ;
#765 = AXIS2_PLACEMENT_3D ( 'NONE', #7268, #6298, #8644 ) ;
#766 = DIRECTION ( 'NONE',  ( -1.000000000000000000, 0.000000000000000000, 0.000000000000000000 ) ) ;
#767 = VECTOR ( 'NONE', #2929, 1000.000000000000000 ) ;
#768 = ADVANCED_FACE ( 'NONE', ( #3799 ), #3902, .T. ) ;
#769 = CARTESIAN_POINT ( 'NONE',  ( 35.96089473569681871, 40.00087439601414019, 11.69781258566493598 ) ) ;
#770 = VECTOR ( 'NONE', #5828, 1000.000000000000114 ) ;
#771 = CIRCLE ( 'NONE', #6471, 1.000000000000000000 ) ;
#772 = DIRECTION ( 'NONE',  ( 0.000000000000000000, 0.000000000000000000, 1.000000000000000000 ) ) ;
#773 = ORIENTED_EDGE ( 'NONE', *, *, #9523, .F. ) ;
#774 = CARTESIAN_POINT ( 'NONE',  ( -64.33571671137669057, 32.34392654826989144, 3.315916929947630098 ) ) ;
#775 = ORIENTED_EDGE ( 'NONE', *, *, #516, .F. ) ;
#776 = DIRECTION ( 'NONE',  ( 0.6145275576728843614, 0.7888953548225517975, 0.000000000000000000 ) ) ;
#777 = CARTESIAN_POINT ( 'NONE',  ( 37.28313343875785790, 36.40752222381055958, 1.990328491196450278 ) ) ;
#778 = LINE ( 'NONE', #1682, #610 ) ;
#779 = ORIENTED_EDGE ( 'NONE', *, *, #3594, .T. ) ;
#780 =( BOUNDED_SURFACE ( )  B_SPLINE_SURFACE ( 3, 2, ( 
 ( #974, #7961, #2381 ),
 ( #8009, #6420, #4798 ),
 ( #9521, #7905, #4081 ),
 ( #8667, #920, #9573 ) ),
 .UNSPECIFIED., .F., .F., .F. ) 
 B_SPLINE_SURFACE_WITH_KNOTS ( ( 4, 4 ),
 ( 3, 3 ),
 ( 0.000000000000000000, 0.002196132989182404335 ),
 ( 0.000000000000000000, 1.000000000000000000 ),
 .UNSPECIFIED. ) 
 GEOMETRIC_REPRESENTATION_ITEM ( )  RATIONAL_B_SPLINE_SURFACE ( (
 ( 1.000000000000000000, 0.9308602050490017987, 1.000000000000000000),
 ( 1.000000000000000000, 0.9267368045777457652, 1.000000000000000000),
 ( 1.000000000000000000, 0.9236974192911854287, 1.000000000000000000),
 ( 1.000000000000000000, 0.9235317221080615591, 1.000000000000000000) ) ) 
 REPRESENTATION_ITEM ( '' )  SURFACE ( )  );
#781 = CARTESIAN_POINT ( 'NONE',  ( 59.80424957690280507, 42.27620130496728734, 3.687462030905061638 ) ) ;
#782 = AXIS2_PLACEMENT_3D ( 'NONE', #3596, #2816, #5942 ) ;
#783 = AXIS2_PLACEMENT_3D ( 'NONE', #8321, #9634, #4248 ) ;
#784 = CARTESIAN_POINT ( 'NONE',  ( 55.40707795178288109, -39.61394074569826529, 5.183905361128744893 ) ) ;
#785 = CARTESIAN_POINT ( 'NONE',  ( 53.50000000000001421, -38.83503435370123924, 6.164965646298851354 ) ) ;
#786 = CARTESIAN_POINT ( 'NONE',  ( -62.28857673292359465, -23.61439836843519302, 5.211423267076483512 ) ) ;
#787 = CIRCLE ( 'NONE', #4210, 1.000000000000000222 ) ;
#788 = CARTESIAN_POINT ( 'NONE',  ( -37.25181215987404215, 37.00000000000000711, 12.00000000000000000 ) ) ;
#789 = ORIENTED_EDGE ( 'NONE', *, *, #218, .T. ) ;
#790 = CARTESIAN_POINT ( 'NONE',  ( -61.49999999999997868, 0.000000000000000000, 5.585786437627012546 ) ) ;
#791 = CARTESIAN_POINT ( 'NONE',  ( -42.85191572870917298, 35.25909964107049888, 8.414547187247487514 ) ) ;
#792 = ORIENTED_EDGE ( 'NONE', *, *, #5106, .F. ) ;
#793 = DIRECTION ( 'NONE',  ( 1.000000000000000000, 0.000000000000000000, -0.000000000000000000 ) ) ;
#794 = CARTESIAN_POINT ( 'NONE',  ( 38.62590607993537617, 45.00000000000001421, 5.452194488184178844 ) ) ;
#795 = DIRECTION ( 'NONE',  ( -0.000000000000000000, -0.000000000000000000, -1.000000000000000000 ) ) ;
#796 = DIRECTION ( 'NONE',  ( 0.000000000000000000, 1.000000000000000000, 0.000000000000000000 ) ) ;
#797 = ORIENTED_EDGE ( 'NONE', *, *, #6800, .T. ) ;
#798 = CARTESIAN_POINT ( 'NONE',  ( -40.31651179116740025, 44.63110820835163395, 5.779122752778649286 ) ) ;
#799 = CARTESIAN_POINT ( 'NONE',  ( -44.64022709775385778, 35.00000000000000000, 0.7377488260658221497 ) ) ;
#800 = ORIENTED_EDGE ( 'NONE', *, *, #6798, .F. ) ;
#801 = CARTESIAN_POINT ( 'NONE',  ( 66.73786713729165854, 42.10275142261046000, 1.036396857401802984 ) ) ;
#802 = CARTESIAN_POINT ( 'NONE',  ( -66.30731051010829447, 41.09627610640009721, 2.045040654292868965 ) ) ;
#803 = EDGE_CURVE ( 'NONE', #2884, #740, #4275, .T. ) ;
#804 = ORIENTED_EDGE ( 'NONE', *, *, #4059, .T. ) ;
#805 = CARTESIAN_POINT ( 'NONE',  ( 45.28558440016044528, 35.00000000000000711, 9.014539220847337830 ) ) ;
#806 = DIRECTION ( 'NONE',  ( 1.000000000000000000, -0.000000000000000000, -8.385697043307698417E-16 ) ) ;
#807 = FACE_OUTER_BOUND ( 'NONE', #444, .T. ) ;
#808 = DIRECTION ( 'NONE',  ( 0.000000000000000000, 1.000000000000000000, 0.000000000000000000 ) ) ;
#809 = EDGE_LOOP ( 'NONE', ( #722, #8817, #36, #616, #1659 ) ) ;
#810 = EDGE_LOOP ( 'NONE', ( #8354, #1978, #9997, #10040 ) ) ;
#811 = CARTESIAN_POINT ( 'NONE',  ( 53.81893226856482215, 41.71823856633494643, 6.275174800761491589 ) ) ;
#812 = CARTESIAN_POINT ( 'NONE',  ( -61.83605177638172279, -21.74559659975463788, 5.219848866635680373 ) ) ;
#813 = CARTESIAN_POINT ( 'NONE',  ( 65.86329179005412016, 31.83115634707270303, 1.841491771420688650 ) ) ;
#814 = EDGE_CURVE ( 'NONE', #6619, #4779, #2598, .T. ) ;
#815 = CARTESIAN_POINT ( 'NONE',  ( -35.87171203778518702, 39.00000000000000711, 10.67757440991861984 ) ) ;
#816 = DIRECTION ( 'NONE',  ( -0.4376360731224943623, -0.7854612243795624504, 0.4376360731224990253 ) ) ;
#817 = ADVANCED_FACE ( 'NONE', ( #2168 ), #1410, .T. ) ;
#818 = CARTESIAN_POINT ( 'NONE',  ( -67.64641352717734435, 39.96653940362765667, 2.001634015512368414 ) ) ;
#819 = CARTESIAN_POINT ( 'NONE',  ( 35.53207675028573220, 40.00000000000000711, 11.80391671399580034 ) ) ;
#820 = EDGE_CURVE ( 'NONE', #823, #2334, #3355, .T. ) ;
#821 = ORIENTED_EDGE ( 'NONE', *, *, #7155, .T. ) ;
#822 = CARTESIAN_POINT ( 'NONE',  ( -54.75368449111962832, 41.74800789881152951, 6.163655606561320610 ) ) ;
#823 = VERTEX_POINT ( 'NONE', #5025 ) ;
#824 = CYLINDRICAL_SURFACE ( 'NONE', #7036, 1.599999999999999867 ) ;
#825 = APPLICATION_PROTOCOL_DEFINITION ( 'draft international standard', 'automotive_design', 1998, #4257 ) ;
#826 = CIRCLE ( 'NONE', #6848, 9.000000000000001776 ) ;
#827 = DIRECTION ( 'NONE',  ( -1.000000000000000000, 4.539391878548422024E-15, 0.000000000000000000 ) ) ;
#828 = ORIENTED_EDGE ( 'NONE', *, *, #2491, .F. ) ;
#829 = CARTESIAN_POINT ( 'NONE',  ( -44.63241562877129809, 38.52506781592318674, 9.053972108181152834 ) ) ;
#830 = VERTEX_POINT ( 'NONE', #2368 ) ;
#831 = DIRECTION ( 'NONE',  ( 6.938893903907222067E-15, -1.000000000000000000, 0.000000000000000000 ) ) ;
#832 = CARTESIAN_POINT ( 'NONE',  ( -68.97657420701985131, 38.00106336572726207, 1.010939967575327891 ) ) ;
#833 = AXIS2_PLACEMENT_3D ( 'NONE', #4893, #8000, #9562 ) ;
#834 = DIRECTION ( 'NONE',  ( 0.000000000000000000, 0.000000000000000000, 1.000000000000000000 ) ) ;
#835 = ORIENTED_EDGE ( 'NONE', *, *, #3146, .F. ) ;
#836 = CARTESIAN_POINT ( 'NONE',  ( 58.08578643762704274, 27.22994939107031342, 8.000000000000000000 ) ) ;
#837 = CARTESIAN_POINT ( 'NONE',  ( -68.49423036433969969, 36.55311680860760504, 1.061205990658736553 ) ) ;
#838 = VERTEX_POINT ( 'NONE', #1604 ) ;
#839 = EDGE_CURVE ( 'NONE', #5827, #6224, #8965, .T. ) ;
#840 = CARTESIAN_POINT ( 'NONE',  ( -37.04569807186452124, 36.50000000000000711, 1.996871942267131494 ) ) ;
#841 = CARTESIAN_POINT ( 'NONE',  ( 40.63942290679968039, 40.11288427245679600, 9.462479898702845560 ) ) ;
#842 = DIRECTION ( 'NONE',  ( -0.000000000000000000, -0.000000000000000000, -1.000000000000000000 ) ) ;
#843 = CIRCLE ( 'NONE', #4584, 2.000000000000002220 ) ;
#844 = CARTESIAN_POINT ( 'NONE',  ( 0.000000000000000000, 42.00000000000000711, 2.000000000000000000 ) ) ;
#845 = ORIENTED_EDGE ( 'NONE', *, *, #3629, .T. ) ;
#846 = CARTESIAN_POINT ( 'NONE',  ( -40.91065402944143869, 44.29062581852467417, 5.420447348026913303 ) ) ;
#847 = CIRCLE ( 'NONE', #2946, 1.000000000000000444 ) ;
#848 = CARTESIAN_POINT ( 'NONE',  ( 65.54171666564943166, 32.54896338292168423, 2.707008771042375805 ) ) ;
#849 = AXIS2_PLACEMENT_3D ( 'NONE', #9567, #4849, #7955 ) ;
#850 = VERTEX_POINT ( 'NONE', #7838 ) ;
#851 = CARTESIAN_POINT ( 'NONE',  ( 44.62225715099432932, 36.00000000000001421, 9.054585392415365419 ) ) ;
#852 = CARTESIAN_POINT ( 'NONE',  ( 64.74372341762675376, 30.96283964881282458, 2.941286480876319498 ) ) ;
#853 = ORIENTED_EDGE ( 'NONE', *, *, #1042, .F. ) ;
#854 = CARTESIAN_POINT ( 'NONE',  ( 54.50000000000001421, 13.65651987538036494, 4.499999999999995559 ) ) ;
#855 = CARTESIAN_POINT ( 'NONE',  ( 41.40548589277342018, 38.62713096036776506, 9.985567880030842502 ) ) ;
#856 = DIRECTION ( 'NONE',  ( 0.2200455890625645505, 0.000000000000000000, 0.9754895892494747089 ) ) ;
#857 = CARTESIAN_POINT ( 'NONE',  ( -54.61821003397820817, -39.35998250698987277, 5.086642840167429291 ) ) ;
#858 = VERTEX_POINT ( 'NONE', #1140 ) ;
#859 = DIRECTION ( 'NONE',  ( 0.000000000000000000, -0.2067236943151919415, 0.9783993633525520650 ) ) ;
#860 = ADVANCED_FACE ( 'NONE', ( #320 ), #7150, .T. ) ;
#861 = ADVANCED_FACE ( 'NONE', ( #8650 ), #2767, .T. ) ;
#862 = ORIENTED_EDGE ( 'NONE', *, *, #9845, .T. ) ;
#863 = CARTESIAN_POINT ( 'NONE',  ( -53.74596825138367251, 42.01077634239956637, 2.000000000000000000 ) ) ;
#864 = CARTESIAN_POINT ( 'NONE',  ( 66.71149692827184197, 33.35349942458924488, 1.548740649494372512 ) ) ;
#865 = CARTESIAN_POINT ( 'NONE',  ( -53.68379199177358885, 42.00777437381710655, 5.990782753531748384 ) ) ;
#866 = CYLINDRICAL_SURFACE ( 'NONE', #9399, 1.000000000000000000 ) ;
#867 = CARTESIAN_POINT ( 'NONE',  ( -59.18618235034212205, -21.54545414522150182, 8.313817649657984532 ) ) ;
#868 = EDGE_CURVE ( 'NONE', #3379, #1935, #4746, .T. ) ;
#869 = DIRECTION ( 'NONE',  ( 1.000000000000000000, 0.000000000000000000, 0.000000000000000000 ) ) ;
#870 = CARTESIAN_POINT ( 'NONE',  ( -38.62590607993756464, 41.00000000000000711, 0.000000000000000000 ) ) ;
#871 = ORIENTED_EDGE ( 'NONE', *, *, #8530, .F. ) ;
#872 = CARTESIAN_POINT ( 'NONE',  ( -63.09375317343443612, 33.90514196515569267, 4.406246826565646479 ) ) ;
#873 = ORIENTED_EDGE ( 'NONE', *, *, #6683, .F. ) ;
#874 = FACE_OUTER_BOUND ( 'NONE', #8937, .T. ) ;
#875 = CARTESIAN_POINT ( 'NONE',  ( -37.70587588954187197, 41.03459959640554189, 10.36624450225667715 ) ) ;
#876 = DIRECTION ( 'NONE',  ( 0.000000000000000000, 0.000000000000000000, -1.000000000000000000 ) ) ;
#877 = ORIENTED_EDGE ( 'NONE', *, *, #9146, .F. ) ;
#878 = CARTESIAN_POINT ( 'NONE',  ( 58.49345050234012433, 42.21877267519572285, 3.782485578727837083 ) ) ;
#879 = VERTEX_POINT ( 'NONE', #430 ) ;
#880 = CARTESIAN_POINT ( 'NONE',  ( -68.62856498840858421, -36.81611581915703368, 2.000000000000000000 ) ) ;
#881 = EDGE_CURVE ( 'NONE', #6961, #9669, #4567, .T. ) ;
#882 = AXIS2_PLACEMENT_3D ( 'NONE', #2260, #8488, #8638 ) ;
#883 = CARTESIAN_POINT ( 'NONE',  ( -42.85191572870917298, 35.25909964107049888, 8.414547187247489290 ) ) ;
#884 = CARTESIAN_POINT ( 'NONE',  ( -68.72148125650389261, 37.03351534017911462, 1.036396857401802540 ) ) ;
#885 = ADVANCED_FACE ( 'NONE', ( #9642 ), #6497, .F. ) ;
#886 = CARTESIAN_POINT ( 'NONE',  ( -53.49999999999996447, -32.99999999999998579, 8.000000000000000000 ) ) ;
#887 = EDGE_LOOP ( 'NONE', ( #4407, #9262, #8678, #9913, #8892 ) ) ;
#888 = CARTESIAN_POINT ( 'NONE',  ( 62.91028670712163517, 41.64631622110434250, 2.672793255479550822 ) ) ;
#889 = CARTESIAN_POINT ( 'NONE',  ( -66.04143359726639062, 32.15088200635813820, 1.782164636087545384 ) ) ;
#890 = ORIENTED_EDGE ( 'NONE', *, *, #3369, .T. ) ;
#891 = VECTOR ( 'NONE', #379, 1000.000000000000000 ) ;
#892 = CARTESIAN_POINT ( 'NONE',  ( 37.22083139515136452, 37.79570725612344972, 2.804878398093854752 ) ) ;
#893 = DIRECTION ( 'NONE',  ( -0.7071067811865441310, -1.226634733346683730E-15, -0.7071067811865510144 ) ) ;
#894 = CARTESIAN_POINT ( 'NONE',  ( -63.53914417365729150, -41.24783264500031521, 2.064789356081949023 ) ) ;
#895 = ADVANCED_FACE ( 'NONE', ( #4308 ), #4083, .T. ) ;
#896 = CARTESIAN_POINT ( 'NONE',  ( 55.42824105035457194, 42.08447995084974025, 5.242055328963671990 ) ) ;
#897 = ORIENTED_EDGE ( 'NONE', *, *, #6798, .T. ) ;
#898 = DIRECTION ( 'NONE',  ( 0.1891459640884842752, 0.000000000000000000, -0.9819489825184594123 ) ) ;
#899 = CIRCLE ( 'NONE', #3496, 1.000000000000000000 ) ;
#900 = ORIENTED_EDGE ( 'NONE', *, *, #3851, .F. ) ;
#901 =( BOUNDED_SURFACE ( )  B_SPLINE_SURFACE ( 3, 2, ( 
 ( #7565, #6799, #4259 ),
 ( #2007, #5836, #5119 ),
 ( #486, #1244, #3683 ),
 ( #6751, #5883, #2658 ) ),
 .UNSPECIFIED., .F., .F., .T. ) 
 B_SPLINE_SURFACE_WITH_KNOTS ( ( 4, 4 ),
 ( 3, 3 ),
 ( 4.669805512285337024, 4.918559523499247632 ),
 ( 0.000000000000000000, 1.000000000000000000 ),
 .UNSPECIFIED. ) 
 GEOMETRIC_REPRESENTATION_ITEM ( )  RATIONAL_B_SPLINE_SURFACE ( (
 ( 1.000000000000000000, 0.9308602050489858115, 1.000000000000000000),
 ( 1.000000000000000000, 0.9352302250737305478, 1.000000000000000000),
 ( 1.000000000000000000, 0.9392414008398218828, 1.000000000000000000),
 ( 1.000000000000000000, 0.9428716103250680547, 1.000000000000000000) ) ) 
 REPRESENTATION_ITEM ( '' )  SURFACE ( )  );
#902 = CARTESIAN_POINT ( 'NONE',  ( -54.49999999999997868, -21.80568766229459854, 7.330893818277398388 ) ) ;
#903 = ORIENTED_EDGE ( 'NONE', *, *, #1546, .F. ) ;
#904 = CARTESIAN_POINT ( 'NONE',  ( -37.28313343875951347, 36.40752222380933034, 1.990328491196241112 ) ) ;
#905 = CARTESIAN_POINT ( 'NONE',  ( 67.13370819227574771, 34.11127648351674679, 1.400549981287920520 ) ) ;
#906 = VERTEX_POINT ( 'NONE', #7518 ) ;
#907 = CARTESIAN_POINT ( 'NONE',  ( 43.15774561193845216, 35.19152069730091625, 9.434507691951056430 ) ) ;
#908 = CARTESIAN_POINT ( 'NONE',  ( -39.72656200162256113, 39.46473812325434238, 10.51356501716191438 ) ) ;
#909 = DIRECTION ( 'NONE',  ( -0.000000000000000000, -1.000000000000000000, 0.000000000000000000 ) ) ;
#910 = CARTESIAN_POINT ( 'NONE',  ( 58.01630996909858595, 42.19786823029185285, 4.667153934725970288 ) ) ;
#911 = B_SPLINE_CURVE_WITH_KNOTS ( 'NONE', 3,
 ( #6540, #3381, #8885, #4923 ),
 .UNSPECIFIED., .F., .F.,
 ( 4, 4 ),
 ( 1.734723475976807094E-18, 0.001857902937490172549 ),
 .UNSPECIFIED. ) ;
#912 = AXIS2_PLACEMENT_3D ( 'NONE', #2579, #287, #2729 ) ;
#913 = CARTESIAN_POINT ( 'NONE',  ( -53.68890781173034554, -39.16600886842061868, 5.405014049732089099 ) ) ;
#914 = CARTESIAN_POINT ( 'NONE',  ( 67.12732883987585808, 34.09982693843924295, 1.407998568733943578 ) ) ;
#915 = CARTESIAN_POINT ( 'NONE',  ( -53.47989272251117399, 42.00227332662518620, 5.583310939261128425 ) ) ;
#916 = EDGE_CURVE ( 'NONE', #3379, #943, #2928, .T. ) ;
#917 = CARTESIAN_POINT ( 'NONE',  ( 42.65569064323078408, 39.11176273059786013, 9.329665681022179413 ) ) ;
#918 = EDGE_LOOP ( 'NONE', ( #4823, #8796, #2685, #3980 ) ) ;
#919 = EDGE_LOOP ( 'NONE', ( #3975, #3589, #8132, #3261 ) ) ;
#920 = CARTESIAN_POINT ( 'NONE',  ( -45.26064967848964926, 38.98395542844797745, 9.016044571552104259 ) ) ;
#921 = AXIS2_PLACEMENT_3D ( 'NONE', #5698, #4942, #8049 ) ;
#922 = LINE ( 'NONE', #3258, #8068 ) ;
#923 = AXIS2_PLACEMENT_3D ( 'NONE', #8254, #8397, #1409 ) ;
#924 = ORIENTED_EDGE ( 'NONE', *, *, #6836, .F. ) ;
#925 = CARTESIAN_POINT ( 'NONE',  ( 65.82195073588803780, -30.58909310845135110, 1.935337389948390108 ) ) ;
#926 = ORIENTED_EDGE ( 'NONE', *, *, #9471, .F. ) ;
#927 = ADVANCED_FACE ( 'NONE', ( #2005 ), #5266, .T. ) ;
#928 = DIRECTION ( 'NONE',  ( 1.000000000000000000, -1.666144344507926453E-14, 0.000000000000000000 ) ) ;
#929 = DIRECTION ( 'NONE',  ( 0.000000000000000000, -1.000000000000000000, 0.000000000000000000 ) ) ;
#930 = CARTESIAN_POINT ( 'NONE',  ( -64.88951166156191164, 30.74526450879136164, 2.791062971311236041 ) ) ;
#931 = ORIENTED_EDGE ( 'NONE', *, *, #3304, .T. ) ;
#932 = CIRCLE ( 'NONE', #3199, 3.000000000000016431 ) ;
#933 = AXIS2_PLACEMENT_3D ( 'NONE', #7993, #7944, #1660 ) ;
#934 = ORIENTED_EDGE ( 'NONE', *, *, #7340, .F. ) ;
#935 = CARTESIAN_POINT ( 'NONE',  ( 53.33586939559533135, 41.70710678118709325, 6.292893218813019551 ) ) ;
#936 = CARTESIAN_POINT ( 'NONE',  ( -37.22741897528430854, 37.84237750659023902, 2.893650689909107232 ) ) ;
#937 = CARTESIAN_POINT ( 'NONE',  ( 38.00125033533159780, 39.00000000000001421, 11.05615043467959779 ) ) ;
#938 = EDGE_LOOP ( 'NONE', ( #7581, #1321, #3507, #5247 ) ) ;
#939 = CARTESIAN_POINT ( 'NONE',  ( 54.29250294966159629, -38.94007882975000001, 6.059921170250098577 ) ) ;
#940 = CIRCLE ( 'NONE', #6632, 1.000000000000000000 ) ;
#941 = AXIS2_PLACEMENT_3D ( 'NONE', #4705, #2288, #827 ) ;
#942 = ADVANCED_FACE ( 'NONE', ( #7470 ), #2147, .T. ) ;
#943 = VERTEX_POINT ( 'NONE', #531 ) ;
#944 = DIRECTION ( 'NONE',  ( 0.000000000000000000, 0.000000000000000000, -1.000000000000000000 ) ) ;
#945 = ADVANCED_FACE ( 'NONE', ( #3636 ), #9988, .T. ) ;
#946 = CARTESIAN_POINT ( 'NONE',  ( -57.76148128236376067, -40.37188781078813093, 3.043560962657044122 ) ) ;
#947 = ORIENTED_EDGE ( 'NONE', *, *, #3571, .T. ) ;
#948 = DIRECTION ( 'NONE',  ( 0.000000000000000000, 1.000000000000000000, -0.000000000000000000 ) ) ;
#949 = STYLED_ITEM ( 'NONE', ( #4954 ), #9177 ) ;
#950 = ORIENTED_EDGE ( 'NONE', *, *, #10031, .F. ) ;
#951 = DIRECTION ( 'NONE',  ( 0.000000000000000000, 0.3003870635238867215, -0.9538173892666753639 ) ) ;
#953 = VERTEX_POINT ( 'NONE', #8329 ) ;
#952 = EDGE_CURVE ( 'NONE', #624, #436, #9446, .T. ) ;
#954 = EDGE_LOOP ( 'NONE', ( #2847, #8732, #5754 ) ) ;
#955 = CARTESIAN_POINT ( 'NONE',  ( -37.84592327800947942, 37.80479919384079324, 2.026946616176198201 ) ) ;
#956 = DIRECTION ( 'NONE',  ( -0.000000000000000000, 0.9044134026110569602, -0.4266572361714848771 ) ) ;
#957 = ORIENTED_EDGE ( 'NONE', *, *, #6049, .T. ) ;
#958 = DIRECTION ( 'NONE',  ( 0.000000000000000000, 0.000000000000000000, -1.000000000000000000 ) ) ;
#959 = VECTOR ( 'NONE', #6040, 1000.000000000000000 ) ;
#960 = CARTESIAN_POINT ( 'NONE',  ( -40.06661644464541894, 39.24409840170370956, 10.40662284227767920 ) ) ;
#961 = CARTESIAN_POINT ( 'NONE',  ( 62.16699982080736930, -37.85904730996287526, 3.269014771177637169 ) ) ;
#962 = CARTESIAN_POINT ( 'NONE',  ( 62.92178572398721315, 26.55179502823070692, 4.037558304724738534 ) ) ;
#963 =( BOUNDED_SURFACE ( )  B_SPLINE_SURFACE ( 3, 2, ( 
 ( #2975, #5136, #6817 ),
 ( #7582, #9097, #5236 ),
 ( #594, #3702, #7439 ),
 ( #6097, #4375, #648 ),
 ( #1354, #2924, #6051 ),
 ( #3746, #9150, #2162 ),
 ( #7639, #5282, #8391 ),
 ( #1404, #4515, #123 ),
 ( #14, #4616, #2460 ),
 ( #3179, #7118, #5434 ),
 ( #10061, #3027, #799 ),
 ( #10007, #5383, #3078 ) ),
 .UNSPECIFIED., .F., .F., .F. ) 
 B_SPLINE_SURFACE_WITH_KNOTS ( ( 4, 2, 2, 2, 2, 4 ),
 ( 3, 3 ),
 ( 0.0008397332900356893181, 0.001958046174274154748, 0.003076359058512620395, 0.005312984826989551254, 0.007549610595466482547, 0.009786236363943413841 ),
 ( 0.000000000000000000, 1.000000000000000000 ),
 .UNSPECIFIED. ) 
 GEOMETRIC_REPRESENTATION_ITEM ( )  RATIONAL_B_SPLINE_SURFACE ( (
 ( 1.000000000000000000, 0.7527104941799837023, 1.000000000000000000),
 ( 1.000000000000000000, 0.7723996465459934679, 1.000000000000000000),
 ( 1.000000000000000000, 0.7912805199511899756, 1.000000000000000000),
 ( 1.000000000000000000, 0.8271034059498797442, 1.000000000000000000),
 ( 1.000000000000000000, 0.8440759846675389699, 1.000000000000000000),
 ( 1.000000000000000000, 0.8907126066689208255, 1.000000000000000000),
 ( 1.000000000000000000, 0.9165863963362196332, 1.000000000000000000),
 ( 1.000000000000000000, 0.9582608065890844129, 1.000000000000000000),
 ( 1.000000000000000000, 0.9740186195810898173, 1.000000000000000000),
 ( 1.000000000000000000, 0.9947989758254831560, 1.000000000000000000),
 ( 1.000000000000000000, 0.9999856641504482058, 1.000000000000000000),
 ( 1.000000000000000000, 1.000000000000000000, 1.000000000000000000) ) ) 
 REPRESENTATION_ITEM ( '' )  SURFACE ( )  );
#964 = VERTEX_POINT ( 'NONE', #5168 ) ;
#965 = CARTESIAN_POINT ( 'NONE',  ( 65.03588824101429111, 41.60738428589541371, 2.172222082836198442 ) ) ;
#966 = CARTESIAN_POINT ( 'NONE',  ( -52.85994733565060244, -39.04231305573843258, 5.957686944251840089 ) ) ;
#967 = ADVANCED_FACE ( 'NONE', ( #3681 ), #9874, .T. ) ;
#968 = DIRECTION ( 'NONE',  ( 0.000000000000000000, -1.000000000000000000, 0.000000000000000000 ) ) ;
#969 = CARTESIAN_POINT ( 'NONE',  ( -67.97862742316567619, 37.78369889696562467, 2.017942931219029568 ) ) ;
#970 = CARTESIAN_POINT ( 'NONE',  ( -44.64787132820202231, 35.01137907559569129, 0.7333367597635940260 ) ) ;
#971 = EDGE_LOOP ( 'NONE', ( #3193, #1337, #3245, #4802 ) ) ;
#972 = VERTEX_POINT ( 'NONE', #5519 ) ;
#973 = EDGE_LOOP ( 'NONE', ( #3487, #1640, #8392, #666 ) ) ;
#974 = CARTESIAN_POINT ( 'NONE',  ( -43.26256185813801380, 39.15415994250233922, 9.121653968434033644 ) ) ;
#975 = ORIENTED_EDGE ( 'NONE', *, *, #2486, .T. ) ;
#976 = DIRECTION ( 'NONE',  ( -0.4109068915486426832, -0.9116773148860467524, 0.000000000000000000 ) ) ;
#977 = LINE ( 'NONE', #194, #683 ) ;
#978 = CARTESIAN_POINT ( 'NONE',  ( 37.23918205324510922, 37.92403977549992788, 3.096260251038877254 ) ) ;
#979 = CARTESIAN_POINT ( 'NONE',  ( -37.83973418325655302, 37.75555646061577875, 3.179984080466028207 ) ) ;
#980 = ORIENTED_EDGE ( 'NONE', *, *, #8712, .T. ) ;
#981 = PLANE ( 'NONE',  #8532 ) ;
#982 = EDGE_CURVE ( 'NONE', #3335, #5627, #3981, .T. ) ;
#983 = CARTESIAN_POINT ( 'NONE',  ( -37.20519920841442740, 37.68360549789616698, 2.633249111953340549 ) ) ;
#984 = EDGE_CURVE ( 'NONE', #7775, #25, #4595, .T. ) ;
#985 = CARTESIAN_POINT ( 'NONE',  ( -64.91913134900875093, 31.25983743027433448, 2.885933775336755325 ) ) ;
#986 = VERTEX_POINT ( 'NONE', #6229 ) ;
#987 = CARTESIAN_POINT ( 'NONE',  ( -54.49999999999997868, 27.22994939107031698, 8.000000000000000000 ) ) ;
#988 = EDGE_LOOP ( 'NONE', ( #9802, #994, #2126, #404 ) ) ;
#989 = ORIENTED_EDGE ( 'NONE', *, *, #7049, .T. ) ;
#990 = CARTESIAN_POINT ( 'NONE',  ( 37.25177238853002848, 38.00000000000000711, 3.593743884534263966 ) ) ;
#991 = DIRECTION ( 'NONE',  ( 0.000000000000000000, 0.000000000000000000, -1.000000000000000000 ) ) ;
#992 = CARTESIAN_POINT ( 'NONE',  ( -56.69544737387884936, -40.02870223093124480, 3.782485578727837083 ) ) ;
#993 = CARTESIAN_POINT ( 'NONE',  ( -5.378765170513490582E-15, 38.58578643762700011, 8.000000000000000000 ) ) ;
#994 = ORIENTED_EDGE ( 'NONE', *, *, #2984, .F. ) ;
#995 = CARTESIAN_POINT ( 'NONE',  ( -38.23661150691630439, 37.50046392091265801, 9.740587957623191073 ) ) ;
#996 = EDGE_CURVE ( 'NONE', #5403, #4538, #4026, .T. ) ;
#997 = ORIENTED_EDGE ( 'NONE', *, *, #3951, .F. ) ;
#998 = EDGE_LOOP ( 'NONE', ( #2951, #3388, #3432, #1059, #5863 ) ) ;
#999 = LINE ( 'NONE', #7220, #6135 ) ;
#1000 = DIRECTION ( 'NONE',  ( -0.000000000000000000, -0.000000000000000000, -1.000000000000000000 ) ) ;
#1001 = ORIENTED_EDGE ( 'NONE', *, *, #5356, .F. ) ;
#1002 = VECTOR ( 'NONE', #3235, 1000.000000000000000 ) ;
#1003 = CARTESIAN_POINT ( 'NONE',  ( 45.28558440016044528, 36.00000000000001421, 9.014539220847339607 ) ) ;
#1004 = CARTESIAN_POINT ( 'NONE',  ( 58.79289321881359598, -24.79228831549498580, 8.707106781186544353 ) ) ;
#1005 = CARTESIAN_POINT ( 'NONE',  ( 43.36767997638425953, 38.02946053062254350, 9.368486388664434728 ) ) ;
#1006 = CARTESIAN_POINT ( 'NONE',  ( -62.75533491408879883, 27.03851582607877901, 4.744665085911266900 ) ) ;
#1007 = ADVANCED_FACE ( 'NONE', ( #6892 ), #6949, .F. ) ;
#1008 = EDGE_CURVE ( 'NONE', #5832, #7476, #8202, .T. ) ;
#1009 = ORIENTED_EDGE ( 'NONE', *, *, #376, .T. ) ;
#1010 = AXIS2_PLACEMENT_3D ( 'NONE', #7826, #842, #8535 ) ;
#1011 = VECTOR ( 'NONE', #8972, 1000.000000000000114 ) ;
#1012 = EDGE_CURVE ( 'NONE', #5771, #8992, #6361, .T. ) ;
#1013 = CARTESIAN_POINT ( 'NONE',  ( -53.40453596907279632, 42.00075780107669488, 5.584961243699200217 ) ) ;
#1014 = DIRECTION ( 'NONE',  ( 0.000000000000000000, -0.9044134026110568492, 0.4266572361714854877 ) ) ;
#1015 = CARTESIAN_POINT ( 'NONE',  ( 67.62677436047452773, 34.99622262931850258, 1.254842123714064561 ) ) ;
#1016 = FACE_OUTER_BOUND ( 'NONE', #1901, .T. ) ;
#1017 = CARTESIAN_POINT ( 'NONE',  ( 58.49345050234013144, 42.21877267519572285, 3.782485578727834863 ) ) ;
#1018 = ADVANCED_FACE ( 'NONE', ( #10091 ), #9285, .T. ) ;
#1019 = CARTESIAN_POINT ( 'NONE',  ( -42.62044212429919554, 35.12731256552297054, 1.047478547577223029 ) ) ;
#1020 = B_SPLINE_CURVE_WITH_KNOTS ( 'NONE', 3,
 ( #1333, #2092, #1897, #2044, #1947, #5768 ),
 .UNSPECIFIED., .F., .F.,
 ( 4, 2, 4 ),
 ( 7.152448122690996019E-18, 0.001003695286606784290, 0.002007390573213561208 ),
 .UNSPECIFIED. ) ;
#1021 = ORIENTED_EDGE ( 'NONE', *, *, #9525, .T. ) ;
#1022 = ORIENTED_EDGE ( 'NONE', *, *, #5556, .F. ) ;
#1023 = FACE_OUTER_BOUND ( 'NONE', #5857, .T. ) ;
#1024 = CARTESIAN_POINT ( 'NONE',  ( 36.79921155110955056, 41.01951516940223996, 10.53340191303300699 ) ) ;
#1025 = ORIENTED_EDGE ( 'NONE', *, *, #5793, .T. ) ;
#1026 = CARTESIAN_POINT ( 'NONE',  ( 64.99999999999995737, -38.49999999999999289, 2.000000000000000000 ) ) ;
#1027 = DIRECTION ( 'NONE',  ( -0.4109068915486368545, -0.9116773148860493059, 0.000000000000000000 ) ) ;
#1028 = DIRECTION ( 'NONE',  ( -6.938893903907221278E-15, 1.000000000000000000, 0.000000000000000000 ) ) ;
#1029 = CARTESIAN_POINT ( 'NONE',  ( 38.62590607993537617, 45.00000000000001421, 5.452194488184178844 ) ) ;
#1030 = B_SPLINE_CURVE_WITH_KNOTS ( 'NONE', 3,
 ( #7672, #1490, #9137, #3831, #688, #6958 ),
 .UNSPECIFIED., .F., .F.,
 ( 4, 2, 4 ),
 ( 0.000000000000000000, 0.003447018691388686364, 0.006894037382777372727 ),
 .UNSPECIFIED. ) ;
#1031 = CARTESIAN_POINT ( 'NONE',  ( -64.95271857332950560, 30.47012047639247712, 2.578863643068160627 ) ) ;
#1032 = ORIENTED_EDGE ( 'NONE', *, *, #6716, .T. ) ;
#1033 = CARTESIAN_POINT ( 'NONE',  ( -54.49999999999997868, -30.99999999999997868, 0.000000000000000000 ) ) ;
#1034 = CARTESIAN_POINT ( 'NONE',  ( -37.04569807186451413, 36.50000000000002132, 1.996871942267131494 ) ) ;
#1035 = CARTESIAN_POINT ( 'NONE',  ( 37.55181215987187215, 39.00000000000000711, 11.19749220199311601 ) ) ;
#1036 = ORIENTED_EDGE ( 'NONE', *, *, #9959, .F. ) ;
#1037 = CARTESIAN_POINT ( 'NONE',  ( 66.64856444095626387, 40.89418046629809567, 2.026247363188642403 ) ) ;
#1038 = ORIENTED_EDGE ( 'NONE', *, *, #2601, .T. ) ;
#1039 = ORIENTED_EDGE ( 'NONE', *, *, #9659, .T. ) ;
#1040 = CARTESIAN_POINT ( 'NONE',  ( 37.29973987035612026, 37.20526411362435937, 2.197825275291060976 ) ) ;
#1041 = CARTESIAN_POINT ( 'NONE',  ( -53.49999999999997158, 38.58578643762704274, 8.000000000000000000 ) ) ;
#1042 = EDGE_CURVE ( 'NONE', #2104, #652, #3008, .T. ) ;
#1043 = VECTOR ( 'NONE', #60, 1000.000000000000000 ) ;
#1044 = CARTESIAN_POINT ( 'NONE',  ( -62.95104176870984247, -41.09239338013193077, 2.155238367403518485 ) ) ;
#1045 = LINE ( 'NONE', #9645, #8853 ) ;
#1046 =( BOUNDED_SURFACE ( )  B_SPLINE_SURFACE ( 3, 2, ( 
 ( #1962, #8993, #8846 ),
 ( #1101, #3438, #6551 ),
 ( #585, #8435, #9289 ),
 ( #6902, #6189, #2200 ) ),
 .UNSPECIFIED., .F., .F., .T. ) 
 B_SPLINE_SURFACE_WITH_KNOTS ( ( 4, 4 ),
 ( 3, 3 ),
 ( -2.848645778977900561E-20, 0.0003993494196515376014 ),
 ( 0.000000000000000000, 1.000000000000000000 ),
 .UNSPECIFIED. ) 
 GEOMETRIC_REPRESENTATION_ITEM ( )  RATIONAL_B_SPLINE_SURFACE ( (
 ( 1.000000000000000000, 0.7366054830994696045, 1.000000000000000000),
 ( 1.000000000000000000, 0.7351983436545241890, 1.000000000000000000),
 ( 1.000000000000000000, 0.7336443656706563843, 1.000000000000000000),
 ( 1.000000000000000000, 0.7320287473634510267, 1.000000000000000000) ) ) 
 REPRESENTATION_ITEM ( '' )  SURFACE ( )  );
#1047 = VERTEX_POINT ( 'NONE', #2391 ) ;
#1048 = CARTESIAN_POINT ( 'NONE',  ( -62.09999999999995879, 38.49999999999999289, 12.00000000000000355 ) ) ;
#1049 = VECTOR ( 'NONE', #1232, 1000.000000000000114 ) ;
#1050 = ORIENTED_EDGE ( 'NONE', *, *, #7309, .F. ) ;
#1051 = CARTESIAN_POINT ( 'NONE',  ( -59.47709166901930899, 42.26186788748755419, 3.184306171937040020 ) ) ;
#1052 = CARTESIAN_POINT ( 'NONE',  ( -62.41051750710858670, 39.85039168426308720, 3.520242428637301746 ) ) ;
#1053 = VERTEX_POINT ( 'NONE', #2246 ) ;
#1054 = CARTESIAN_POINT ( 'NONE',  ( 42.13383608683354709, -10.75803699233300037, 24.82550794187861953 ) ) ;
#1055 = CARTESIAN_POINT ( 'NONE',  ( 39.12595350477834444, 44.68764171573296551, 6.095323276528323397 ) ) ;
#1056 = ADVANCED_FACE ( 'NONE', ( #97 ), #726, .T. ) ;
#1057 = AXIS2_PLACEMENT_3D ( 'NONE', #297, #3409, #9620 ) ;
#1058 = CARTESIAN_POINT ( 'NONE',  ( 53.48822044310252721, 42.00244080827400950, 5.997559191726089090 ) ) ;
#1059 = ORIENTED_EDGE ( 'NONE', *, *, #3403, .T. ) ;
#1060 = FACE_OUTER_BOUND ( 'NONE', #1666, .T. ) ;
#1061 = CARTESIAN_POINT ( 'NONE',  ( -42.85191572870917298, 35.25909964107049888, 8.414547187247489290 ) ) ;
#1062 = LINE ( 'NONE', #6820, #1728 ) ;
#1063 = CIRCLE ( 'NONE', #3991, 4.000000000000003553 ) ;
#1064 = CARTESIAN_POINT ( 'NONE',  ( 37.86633971754474715, 37.78889535482257145, 9.857033048302433542 ) ) ;
#1065 = CARTESIAN_POINT ( 'NONE',  ( 53.50000000000001421, 34.00000000000000711, 4.489592359914378328 ) ) ;
#1066 = EDGE_CURVE ( 'NONE', #3374, #7380, #8486, .T. ) ;
#1067 = CARTESIAN_POINT ( 'NONE',  ( -39.82030772283491160, 36.41436884677956698, 3.189967012474832497 ) ) ;
#1068 = ORIENTED_EDGE ( 'NONE', *, *, #2914, .F. ) ;
#1069 = EDGE_CURVE ( 'NONE', #2935, #9983, #4508, .T. ) ;
#1070 = CARTESIAN_POINT ( 'NONE',  ( 63.69045508525245225, -41.09491291062887086, 2.079867695111068393 ) ) ;
#1071 = VERTEX_POINT ( 'NONE', #4756 ) ;
#1072 = AXIS2_PLACEMENT_3D ( 'NONE', #1116, #2775, #3453 ) ;
#1073 = ORIENTED_EDGE ( 'NONE', *, *, #9213, .F. ) ;
#1074 = DIRECTION ( 'NONE',  ( -0.9754895892494748200, 0.000000000000000000, -0.2200455890625645783 ) ) ;
#1075 = ORIENTED_EDGE ( 'NONE', *, *, #1618, .F. ) ;
#1076 = DIRECTION ( 'NONE',  ( 1.000000000000000000, -0.000000000000000000, -0.000000000000000000 ) ) ;
#1077 = CARTESIAN_POINT ( 'NONE',  ( 64.51556585784007325, 30.52677043190091766, 2.984371621116103324 ) ) ;
#1078 = VECTOR ( 'NONE', #549, 1000.000000000000000 ) ;
#1079 = CARTESIAN_POINT ( 'NONE',  ( 41.92023108358718275, 36.55538655873049692, 9.823688006539168072 ) ) ;
#1080 = CARTESIAN_POINT ( 'NONE',  ( -64.76974144642640852, 30.19335171803888329, 2.660818558911798082 ) ) ;
#1081 = CARTESIAN_POINT ( 'NONE',  ( 53.25379579564059895, 42.00000000000000711, 6.000000000000102141 ) ) ;
#1082 = CARTESIAN_POINT ( 'NONE',  ( 64.31659426619475539, 31.14817411220937871, 3.183405733805333870 ) ) ;
#1083 = B_SPLINE_CURVE_WITH_KNOTS ( 'NONE', 3,
 ( #2803, #8131, #8179, #7412 ),
 .UNSPECIFIED., .F., .F.,
 ( 4, 4 ),
 ( -0.01378853150712617930, 0.01365651987538039035 ),
 .UNSPECIFIED. ) ;
#1084 = LINE ( 'NONE', #6490, #3862 ) ;
#1085 = ORIENTED_EDGE ( 'NONE', *, *, #3473, .T. ) ;
#1086 = CARTESIAN_POINT ( 'NONE',  ( -65.03588824101426269, 41.60738428589542792, 2.172222082836198886 ) ) ;
#1087 = ORIENTED_EDGE ( 'NONE', *, *, #7239, .T. ) ;
#1088 = ORIENTED_EDGE ( 'NONE', *, *, #7974, .T. ) ;
#1089 = EDGE_CURVE ( 'NONE', #7172, #1523, #7351, .T. ) ;
#1090 = DIRECTION ( 'NONE',  ( 0.000000000000000000, 0.000000000000000000, -1.000000000000000000 ) ) ;
#1091 = CARTESIAN_POINT ( 'NONE',  ( -45.76767997638423680, 38.58578643762704274, 9.000000000000001776 ) ) ;
#1092 = CARTESIAN_POINT ( 'NONE',  ( 55.50000000000001421, -13.78853150712619779, 13.50000000000000000 ) ) ;
#1093 = CIRCLE ( 'NONE', #1905, 1.000000000000000000 ) ;
#1094 = AXIS2_PLACEMENT_3D ( 'NONE', #1553, #958, #129 ) ;
#1095 = CARTESIAN_POINT ( 'NONE',  ( 67.73503194465811816, -37.26727932535403198, 1.000000000000000000 ) ) ;
#1096 = EDGE_LOOP ( 'NONE', ( #2568, #957, #5973, #9952, #5373, #6417, #5752, #3274 ) ) ;
#1097 = CARTESIAN_POINT ( 'NONE',  ( 60.49999999999995737, -17.67981154443215885, 6.490199840238126683 ) ) ;
#1098 = CIRCLE ( 'NONE', #2225, 8.000000000000000000 ) ;
#1099 = TOROIDAL_SURFACE ( 'NONE', #4683, 15.52081528017139256, 8.500000000000000000 ) ;
#1100 = EDGE_LOOP ( 'NONE', ( #8478, #329, #6039 ) ) ;
#1101 = CARTESIAN_POINT ( 'NONE',  ( 68.58056887395018464, 36.70807558745292454, 1.051195272775558687 ) ) ;
#1102 = CARTESIAN_POINT ( 'NONE',  ( -41.26128535733187874, 39.03350465678597914, 10.03091685045599313 ) ) ;
#1103 = ORIENTED_EDGE ( 'NONE', *, *, #6992, .F. ) ;
#1104 = CARTESIAN_POINT ( 'NONE',  ( 68.58008182834578292, -0.5519307065857192995, -1.589881988107787469 ) ) ;
#1105 = CARTESIAN_POINT ( 'NONE',  ( -41.40548589277121749, 38.62713096036942773, 9.985567880031524624 ) ) ;
#1106 =( BOUNDED_CURVE ( )  B_SPLINE_CURVE ( 3, ( #3321, #5716, #1690, #8071 ),
 .UNSPECIFIED., .F., .T. ) 
 B_SPLINE_CURVE_WITH_KNOTS ( ( 4, 4 ),
 ( 0.7853981633974432830, 1.123323439008403923 ),
 .UNSPECIFIED. ) 
 CURVE ( )  GEOMETRIC_REPRESENTATION_ITEM ( )  RATIONAL_B_SPLINE_CURVE ( ( 1.000000000000000000, 0.9905064932980895964, 0.9905064932980895964, 1.000000000000000000 ) ) 
 REPRESENTATION_ITEM ( '' )  );
#1107 = CARTESIAN_POINT ( 'NONE',  ( -63.77424175958427810, -42.30756047043945500, 0.000000000000000000 ) ) ;
#1108 = AXIS2_PLACEMENT_3D ( 'NONE', #5963, #4158, #7272 ) ;
#1109 = VECTOR ( 'NONE', #1694, 1000.000000000000000 ) ;
#1110 = CARTESIAN_POINT ( 'NONE',  ( 53.68379199177360306, 42.00777437381717050, 5.990782753532263527 ) ) ;
#1111 = EDGE_CURVE ( 'NONE', #8984, #1543, #9607, .T. ) ;
#1112 = EDGE_CURVE ( 'NONE', #735, #3887, #3160, .T. ) ;
#1113 = PLANE ( 'NONE',  #6043 ) ;
#1114 = VECTOR ( 'NONE', #8470, 1000.000000000000000 ) ;
#1115 = CARTESIAN_POINT ( 'NONE',  ( 65.47930222983903548, 42.48476143771737412, 1.116759780952795156 ) ) ;
#1116 = CARTESIAN_POINT ( 'NONE',  ( 53.25379579564052079, 41.00000000000000711, 5.585786437627009882 ) ) ;
#1117 = PLANE ( 'NONE',  #5574 ) ;
#1118 = CARTESIAN_POINT ( 'NONE',  ( -55.18041933941717048, -39.54097311615559107, 2.000000000000000000 ) ) ;
#1119 = CARTESIAN_POINT ( 'NONE',  ( -53.49999999999992184, -38.83503435370123924, 6.164965646298847801 ) ) ;
#1120 = ORIENTED_EDGE ( 'NONE', *, *, #1706, .F. ) ;
#1121 = ADVANCED_FACE ( 'NONE', ( #9381 ), #5570, .F. ) ;
#1122 = FACE_OUTER_BOUND ( 'NONE', #2511, .T. ) ;
#1123 = ORIENTED_EDGE ( 'NONE', *, *, #3196, .T. ) ;
#1124 = CARTESIAN_POINT ( 'NONE',  ( -54.49999999999997868, 16.36000344709535170, 4.915643496599920503 ) ) ;
#1125 = CARTESIAN_POINT ( 'NONE',  ( 40.63942290679968039, 40.11288427245679600, 9.462479898702845560 ) ) ;
#1126 = DIRECTION ( 'NONE',  ( -0.6145275576728864708, -0.7888953548225501322, 0.000000000000000000 ) ) ;
#1127 = CARTESIAN_POINT ( 'NONE',  ( 61.49999999999997158, 13.65651987538036494, 4.499999999999998224 ) ) ;
#1128 = CARTESIAN_POINT ( 'NONE',  ( 37.86633971754474715, 37.78889535482256434, 3.599159522938018441 ) ) ;
#1129 = ORIENTED_EDGE ( 'NONE', *, *, #8513, .T. ) ;
#1130 = CARTESIAN_POINT ( 'NONE',  ( 62.15360397883831212, 37.94499577414661218, 4.489592359914377440 ) ) ;
#1131 = EDGE_CURVE ( 'NONE', #6023, #553, #5714, .T. ) ;
#1132 = EDGE_CURVE ( 'NONE', #3266, #7054, #1839, .T. ) ;
#1133 = DIRECTION ( 'NONE',  ( -0.4345366032565023962, 0.5578332550415898705, -0.7071067811865515695 ) ) ;
#1134 = EDGE_CURVE ( 'NONE', #4782, #6944, #4411, .T. ) ;
#1135 = EDGE_LOOP ( 'NONE', ( #3323, #4509, #4334, #1548 ) ) ;
#1136 = ORIENTED_EDGE ( 'NONE', *, *, #7570, .F. ) ;
#1137 = ORIENTED_EDGE ( 'NONE', *, *, #9113, .T. ) ;
#1138 = DIRECTION ( 'NONE',  ( 0.000000000000000000, 0.4109068915486398521, -0.9116773148860479736 ) ) ;
#1139 = DIRECTION ( 'NONE',  ( -0.000000000000000000, -0.000000000000000000, -1.000000000000000000 ) ) ;
#1140 = CARTESIAN_POINT ( 'NONE',  ( -60.49999999999997158, -13.78853150712619957, 5.500000000000000888 ) ) ;
#1141 = FACE_OUTER_BOUND ( 'NONE', #9330, .T. ) ;
#1142 = ORIENTED_EDGE ( 'NONE', *, *, #5350, .F. ) ;
#1143 = CARTESIAN_POINT ( 'NONE',  ( -60.88823345273608112, 41.71353785009941362, 3.479642162519843041 ) ) ;
#1144 = LINE ( 'NONE', #2660, #2672 ) ;
#1145 = ADVANCED_FACE ( 'NONE', ( #5764 ), #5777, .F. ) ;
#1146 = VERTEX_POINT ( 'NONE', #8724 ) ;
#1147 = FACE_OUTER_BOUND ( 'NONE', #1879, .T. ) ;
#1148 = CARTESIAN_POINT ( 'NONE',  ( 55.50000000000001421, 45.00000000000001421, 9.000000000000001776 ) ) ;
#1149 = ORIENTED_EDGE ( 'NONE', *, *, #7623, .T. ) ;
#1150 = FACE_OUTER_BOUND ( 'NONE', #5271, .T. ) ;
#1151 = DIRECTION ( 'NONE',  ( -1.000000000000000000, 0.000000000000000000, 0.000000000000000000 ) ) ;
#1152 = ORIENTED_EDGE ( 'NONE', *, *, #9757, .F. ) ;
#1153 = CIRCLE ( 'NONE', #8663, 1.000000000000000888 ) ;
#1154 = DIRECTION ( 'NONE',  ( -0.000000000000000000, -0.000000000000000000, 1.000000000000000000 ) ) ;
#1155 = FACE_OUTER_BOUND ( 'NONE', #7557, .T. ) ;
#1156 = AXIS2_PLACEMENT_3D ( 'NONE', #8067, #305, #5870 ) ;
#1157 = DIRECTION ( 'NONE',  ( 1.000000000000000000, 0.000000000000000000, 0.000000000000000000 ) ) ;
#1158 = B_SPLINE_CURVE_WITH_KNOTS ( 'NONE', 3,
 ( #7562, #5166, #5365, #8424 ),
 .UNSPECIFIED., .F., .F.,
 ( 4, 4 ),
 ( 0.000000000000000000, 0.0003194136343886336922 ),
 .UNSPECIFIED. ) ;
#1159 = CARTESIAN_POINT ( 'NONE',  ( -39.06850439456713531, 44.98152367155026354, 5.396225429573318522 ) ) ;
#1160 = DIRECTION ( 'NONE',  ( -0.000000000000000000, -0.000000000000000000, -1.000000000000000000 ) ) ;
#1161 = CARTESIAN_POINT ( 'NONE',  ( 65.50000000000007105, 0.000000000000000000, 2.000000000000000000 ) ) ;
#1162 =( BOUNDED_CURVE ( )  B_SPLINE_CURVE ( 3, ( #5952, #1315, #7442, #6615 ),
 .UNSPECIFIED., .F., .T. ) 
 B_SPLINE_CURVE_WITH_KNOTS ( ( 4, 4 ),
 ( 4.050602019316293934, 4.494914534732027178 ),
 .UNSPECIFIED. ) 
 CURVE ( )  GEOMETRIC_REPRESENTATION_ITEM ( )  RATIONAL_B_SPLINE_CURVE ( ( 1.000000000000000000, 0.9836164144649265362, 0.9836164144649265362, 1.000000000000000000 ) ) 
 REPRESENTATION_ITEM ( '' )  );
#1163 = CARTESIAN_POINT ( 'NONE',  ( -61.20710678118653192, 21.07884740024819337, 6.292893218813557787 ) ) ;
#1164 = CARTESIAN_POINT ( 'NONE',  ( -41.96902317622285494, 35.20450342386209286, 1.202741185149470926 ) ) ;
#1165 = VERTEX_POINT ( 'NONE', #4133 ) ;
#1166 = ADVANCED_FACE ( 'NONE', ( #5010 ), #9222, .F. ) ;
#1167 = CARTESIAN_POINT ( 'NONE',  ( -68.62856498840858421, -36.81611581915703368, 1.000000000000000000 ) ) ;
#1168 = AXIS2_PLACEMENT_3D ( 'NONE', #2111, #1154, #5944 ) ;
#1169 = ORIENTED_EDGE ( 'NONE', *, *, #2429, .F. ) ;
#1170 = VECTOR ( 'NONE', #6273, 1000.000000000000000 ) ;
#1171 = CARTESIAN_POINT ( 'NONE',  ( 64.13452373906478954, -41.40836774813107013, 2.024157420073390501 ) ) ;
#1172 = CARTESIAN_POINT ( 'NONE',  ( -68.72148125650389261, 37.03351534017911462, 1.036396857401803429 ) ) ;
#1173 = ORIENTED_EDGE ( 'NONE', *, *, #6994, .T. ) ;
#1174 = ORIENTED_EDGE ( 'NONE', *, *, #7806, .T. ) ;
#1175 = CIRCLE ( 'NONE', #6874, 0.9999999999999978906 ) ;
#1176 = CARTESIAN_POINT ( 'NONE',  ( -63.26872447778968223, -40.83022025854577208, 2.163039405118553749 ) ) ;
#1177 = CIRCLE ( 'NONE', #165, 0.9999999999999995559 ) ;
#1178 = CARTESIAN_POINT ( 'NONE',  ( 63.68735971821516983, -26.89457210287682898, 3.812640281784928753 ) ) ;
#1179 = CARTESIAN_POINT ( 'NONE',  ( 61.49999999999997158, -20.23061060473703066, 6.000000000005409895 ) ) ;
#1180 = CARTESIAN_POINT ( 'NONE',  ( 40.54943098339854402, 37.20012873010436749, 10.25478469430055739 ) ) ;
#1181 = CARTESIAN_POINT ( 'NONE',  ( 45.22532245313248467, 41.70710678118656034, 6.292893218813554235 ) ) ;
#1182 = EDGE_CURVE ( 'NONE', #5884, #9971, #5557, .T. ) ;
#1183 = CARTESIAN_POINT ( 'NONE',  ( -37.75922275909733372, 44.70710678118656034, 6.292893218813542688 ) ) ;
#1184 = CARTESIAN_POINT ( 'NONE',  ( 40.34724300086615045, 39.90558252864894939, 9.927353580932990695 ) ) ;
#1185 = DIRECTION ( 'NONE',  ( -0.4867207978480884156, 0.8735575910849382453, 0.000000000000000000 ) ) ;
#1186 = ORIENTED_EDGE ( 'NONE', *, *, #4664, .T. ) ;
#1187 = B_SPLINE_CURVE_WITH_KNOTS ( 'NONE', 3,
 ( #2356, #6965, #3890, #10058, #6196, #9296, #4774, #7013 ),
 .UNSPECIFIED., .F., .F.,
 ( 4, 2, 2, 4 ),
 ( 0.000000000000000000, 0.004002639276216645586, 0.006003958914324970982, 0.008005278552433277295 ),
 .UNSPECIFIED. ) ;
#1188 = DIRECTION ( 'NONE',  ( 0.000000000000000000, 0.4266572361714849326, 0.9044134026110570712 ) ) ;
#1189 = ORIENTED_EDGE ( 'NONE', *, *, #9730, .T. ) ;
#1190 = ORIENTED_EDGE ( 'NONE', *, *, #1760, .F. ) ;
#1191 = DIRECTION ( 'NONE',  ( 1.000000000000000000, 0.000000000000000000, 0.000000000000000000 ) ) ;
#1192 = DIRECTION ( 'NONE',  ( -0.000000000000000000, -0.000000000000000000, -1.000000000000000000 ) ) ;
#1193 = CARTESIAN_POINT ( 'NONE',  ( -40.13731788099472197, 40.01906444382625949, 10.03868086490534850 ) ) ;
#1194 = EDGE_CURVE ( 'NONE', #6252, #9616, #5712, .T. ) ;
#1195 = CARTESIAN_POINT ( 'NONE',  ( 64.99999999999995737, 38.49999999999999289, 2.000000000000000000 ) ) ;
#1196 = EDGE_CURVE ( 'NONE', #2867, #1765, #5232, .T. ) ;
#1197 = CARTESIAN_POINT ( 'NONE',  ( -65.03588824101426269, 41.60738428589542792, 2.172222082836198886 ) ) ;
#1198 = CARTESIAN_POINT ( 'NONE',  ( 45.22532245313249177, 39.27653659536028385, 8.723463404639797858 ) ) ;
#1199 = ORIENTED_EDGE ( 'NONE', *, *, #2181, .T. ) ;
#1200 = CARTESIAN_POINT ( 'NONE',  ( 55.50000000000001421, -17.20178939649807504, 6.264692779111545207 ) ) ;
#1201 = FACE_OUTER_BOUND ( 'NONE', #6839, .T. ) ;
#1202 = VERTEX_POINT ( 'NONE', #416 ) ;
#1203 = CIRCLE ( 'NONE', #3311, 0.9999999999999993339 ) ;
#1204 = CARTESIAN_POINT ( 'NONE',  ( -64.54051756168765053, -42.49045923141391512, 1.984955255864923940 ) ) ;
#1205 = CARTESIAN_POINT ( 'NONE',  ( 64.86869019039392015, 41.49712491129437097, 1.192483504346341094 ) ) ;
#1206 = EDGE_CURVE ( 'NONE', #8555, #4814, #5849, .T. ) ;
#1207 = CARTESIAN_POINT ( 'NONE',  ( 53.25379579564052079, 42.00000000000000711, 5.585786437627010770 ) ) ;
#1208 = CARTESIAN_POINT ( 'NONE',  ( -68.07710505194069128, 41.06777505823671959, 1.974785986584449260 ) ) ;
#1209 = CIRCLE ( 'NONE', #4459, 9.510407640085718484 ) ;
#1210 = CARTESIAN_POINT ( 'NONE',  ( 61.20710678118653192, 21.07884740024817916, 6.292893218813590650 ) ) ;
#1211 = CARTESIAN_POINT ( 'NONE',  ( 62.92480563546875771, -41.08547932843468686, 2.159515434173412629 ) ) ;
#1212 = CARTESIAN_POINT ( 'NONE',  ( -66.75975053137327109, 36.18902167774915313, 2.257600455708637988 ) ) ;
#1213 = DIRECTION ( 'NONE',  ( -0.9963750677639331421, -0.06015282345167886902, 0.06015282345168034700 ) ) ;
#1214 = DIRECTION ( 'NONE',  ( 1.000000000000000000, 0.000000000000000000, -0.000000000000000000 ) ) ;
#1215 = CIRCLE ( 'NONE', #727, 1.000000000000000888 ) ;
#1216 = CARTESIAN_POINT ( 'NONE',  ( -59.11617149394683679, 25.12723994640310465, 8.383828506053269791 ) ) ;
#1217 = ORIENTED_EDGE ( 'NONE', *, *, #8122, .F. ) ;
#1218 = CARTESIAN_POINT ( 'NONE',  ( -65.34296203775666356, -30.99999999999997158, 2.836880822585380102 ) ) ;
#1219 = VERTEX_POINT ( 'NONE', #1181 ) ;
#1220 = CARTESIAN_POINT ( 'NONE',  ( 55.50000000000001421, 13.65651987538036671, 13.49999999999999645 ) ) ;
#1221 = CIRCLE ( 'NONE', #2510, 9.510407640085706049 ) ;
#1222 = EDGE_CURVE ( 'NONE', #6464, #427, #9724, .T. ) ;
#1223 = DIRECTION ( 'NONE',  ( -0.2200455890625645505, 0.000000000000000000, 0.9754895892494747089 ) ) ;
#1224 = ORIENTED_EDGE ( 'NONE', *, *, #5220, .F. ) ;
#1225 = B_SPLINE_CURVE_WITH_KNOTS ( 'NONE', 3,
 ( #8950, #7431, #443, #9760, #2765, #5895, #8997, #2204, #3696, #3740, #9246, #5997, #8484, #9092, #6146, #6857, #1350, #7530 ),
 .UNSPECIFIED., .F., .F.,
 ( 4, 2, 2, 2, 2, 2, 2, 2, 4 ),
 ( 0.000000000000000000, 0.0007537905346662079594, 0.001507581069332415919, 0.002261371603998623987, 0.003015162138664831838, 0.003768952673331039688, 0.004522743207997247973, 0.005276533742663455824, 0.006030324277329663675 ),
 .UNSPECIFIED. ) ;
#1226 = CARTESIAN_POINT ( 'NONE',  ( -64.48544536919507664, -41.36683535481059693, 2.006844469237170081 ) ) ;
#1227 = CARTESIAN_POINT ( 'NONE',  ( 37.25181215987186789, 38.00000000000000711, 10.24355300057617235 ) ) ;
#1228 = CARTESIAN_POINT ( 'NONE',  ( -64.99999999999995737, 38.50000000000000711, 2.000000000000000000 ) ) ;
#1229 = DIRECTION ( 'NONE',  ( -1.000000000000000000, 8.385697043307608684E-16, -0.000000000000000000 ) ) ;
#1230 = CARTESIAN_POINT ( 'NONE',  ( 36.17171203778521971, 40.00379515746519132, 11.63151361133556705 ) ) ;
#1231 = VECTOR ( 'NONE', #6879, 1000.000000000000000 ) ;
#1232 = DIRECTION ( 'NONE',  ( -0.4345366032565064485, -0.5578332550415872060, 0.7071067811865511255 ) ) ;
#1233 = CARTESIAN_POINT ( 'NONE',  ( -45.76767997638421548, 38.58578643762704274, 9.000000000000001776 ) ) ;
#1234 = DIRECTION ( 'NONE',  ( -1.000000000000000000, 0.000000000000000000, 0.000000000000000000 ) ) ;
#1235 = ADVANCED_FACE ( 'NONE', ( #9738 ), #9786, .T. ) ;
#1236 = AXIS2_PLACEMENT_3D ( 'NONE', #3489, #9705, #2715 ) ;
#1237 = ORIENTED_EDGE ( 'NONE', *, *, #6754, .T. ) ;
#1238 = LINE ( 'NONE', #5721, #1418 ) ;
#1239 = VERTEX_POINT ( 'NONE', #5916 ) ;
#1240 = ORIENTED_EDGE ( 'NONE', *, *, #5920, .F. ) ;
#1241 = DIRECTION ( 'NONE',  ( -0.2876879592904226235, -0.9134939934989294574, -0.2876879592904261762 ) ) ;
#1242 = CARTESIAN_POINT ( 'NONE',  ( 36.92167187021197350, 47.39793206506992362, 0.000000000000000000 ) ) ;
#1243 = CARTESIAN_POINT ( 'NONE',  ( -36.33677713908710416, 41.00743923663235080, 10.63035450943357674 ) ) ;
#1244 = CARTESIAN_POINT ( 'NONE',  ( 42.09181274469599998, 38.86302390496742731, 9.769728070460137914 ) ) ;
#1245 = CARTESIAN_POINT ( 'NONE',  ( 65.34296203775666356, -30.99999999999998224, 2.836880822585400086 ) ) ;
#1246 = ORIENTED_EDGE ( 'NONE', *, *, #4560, .T. ) ;
#1247 = CARTESIAN_POINT ( 'NONE',  ( 32.61997896650154871, 41.87566458131220060, 12.00000000000000000 ) ) ;
#1248 = EDGE_CURVE ( 'NONE', #333, #6816, #4742, .T. ) ;
#1249 = ORIENTED_EDGE ( 'NONE', *, *, #10015, .F. ) ;
#1250 = DIRECTION ( 'NONE',  ( 0.6145275576728843614, 0.7888953548225517975, 0.000000000000000000 ) ) ;
#1251 = AXIS2_PLACEMENT_3D ( 'NONE', #2175, #6931, #28 ) ;
#1252 = FACE_OUTER_BOUND ( 'NONE', #9491, .T. ) ;
#1253 = AXIS2_PLACEMENT_3D ( 'NONE', #4159, #390, #4979 ) ;
#1254 = ORIENTED_EDGE ( 'NONE', *, *, #9320, .F. ) ;
#1255 = FACE_OUTER_BOUND ( 'NONE', #1489, .T. ) ;
#1256 = CARTESIAN_POINT ( 'NONE',  ( 38.70631689148942201, 45.00000000000000000, 5.869646242809186454 ) ) ;
#1257 = ORIENTED_EDGE ( 'NONE', *, *, #2787, .F. ) ;
#1258 = CARTESIAN_POINT ( 'NONE',  ( 66.86601854607633300, -36.25393498474474541, 2.073711002722519403 ) ) ;
#1259 = CARTESIAN_POINT ( 'NONE',  ( 61.49999999999997868, 22.03153687330048527, 5.585786437624350675 ) ) ;
#1260 = CIRCLE ( 'NONE', #4031, 7.000000000000000000 ) ;
#1261 = AXIS2_PLACEMENT_3D ( 'NONE', #174, #9556, #4727 ) ;
#1262 = EDGE_CURVE ( 'NONE', #5275, #7957, #9234, .T. ) ;
#1263 = CARTESIAN_POINT ( 'NONE',  ( -45.22532245313463051, 46.00000000000001421, 0.000000000000000000 ) ) ;
#1264 = ORIENTED_EDGE ( 'NONE', *, *, #8513, .F. ) ;
#1265 = DIRECTION ( 'NONE',  ( -0.000000000000000000, -0.000000000000000000, -1.000000000000000000 ) ) ;
#1266 = CARTESIAN_POINT ( 'NONE',  ( -67.84072373722591465, 37.82812694422685951, 2.025242175308480164 ) ) ;
#1267 = CARTESIAN_POINT ( 'NONE',  ( -65.87434121840212242, -30.70533164181838615, 2.581849601323876087 ) ) ;
#1268 = AXIS2_PLACEMENT_3D ( 'NONE', #7381, #9759, #8897 ) ;
#1269 = CARTESIAN_POINT ( 'NONE',  ( 62.50676254606989346, -41.89952411682597244, 1.173501705206875467 ) ) ;
#1270 = AXIS2_PLACEMENT_3D ( 'NONE', #3635, #1480, #4400 ) ;
#1271 = CARTESIAN_POINT ( 'NONE',  ( -62.11674564838415336, 38.13402749726552798, 4.444718157886089926 ) ) ;
#1272 = ORIENTED_EDGE ( 'NONE', *, *, #5349, .F. ) ;
#1273 = CARTESIAN_POINT ( 'NONE',  ( 64.90769222189554455, -42.49893476742259679, 1.000000000000000000 ) ) ;
#1274 = ORIENTED_EDGE ( 'NONE', *, *, #6557, .T. ) ;
#1275 = DIRECTION ( 'NONE',  ( 0.9995957790892544548, 0.02010321400853808463, -0.02010321400854845827 ) ) ;
#1276 = AXIS2_PLACEMENT_3D ( 'NONE', #7911, #7198, #2389 ) ;
#1277 = DIRECTION ( 'NONE',  ( 1.000000000000000000, 0.000000000000000000, 0.000000000000000000 ) ) ;
#1278 = CARTESIAN_POINT ( 'NONE',  ( -42.04956188750353618, 38.49926199722896314, 9.783015350339182348 ) ) ;
#1279 = CARTESIAN_POINT ( 'NONE',  ( 58.08578643763063099, -23.61543785911898752, 9.000000000000000000 ) ) ;
#1280 = CARTESIAN_POINT ( 'NONE',  ( 38.76211111321318725, 44.69386467622283021, 6.159301269370725862 ) ) ;
#1281 = CARTESIAN_POINT ( 'NONE',  ( -66.28596051680594314, -31.61858957066396414, 1.712639577510477240 ) ) ;
#1282 = DIRECTION ( 'NONE',  ( -1.000000000000000000, 0.000000000000000000, 0.000000000000000000 ) ) ;
#1283 = CARTESIAN_POINT ( 'NONE',  ( 44.57285142452641225, 35.00000000000001421, 0.5644070640452079068 ) ) ;
#1284 =( BOUNDED_CURVE ( )  B_SPLINE_CURVE ( 3, ( #2892, #4432, #6576, #3666 ),
 .UNSPECIFIED., .F., .T. ) 
 B_SPLINE_CURVE_WITH_KNOTS ( ( 4, 4 ),
 ( 6.222886826852090714, 6.283185307179586232 ),
 .UNSPECIFIED. ) 
 CURVE ( )  GEOMETRIC_REPRESENTATION_ITEM ( )  RATIONAL_B_SPLINE_CURVE ( ( 1.000000000000000000, 0.9996970307228931762, 0.9996970307228931762, 1.000000000000000000 ) ) 
 REPRESENTATION_ITEM ( '' )  );
#1285 = CARTESIAN_POINT ( 'NONE',  ( 41.16100176169460667, 38.67566863639149233, 10.06245458225956213 ) ) ;
#1286 = DIRECTION ( 'NONE',  ( 0.3000000000000017653, 0.000000000000000000, 0.9539392014169451040 ) ) ;
#1287 = ORIENTED_EDGE ( 'NONE', *, *, #7556, .F. ) ;
#1288 = LINE ( 'NONE', #5111, #8107 ) ;
#1289 = ORIENTED_EDGE ( 'NONE', *, *, #9443, .T. ) ;
#1290 = ORIENTED_EDGE ( 'NONE', *, *, #583, .F. ) ;
#1291 = DIRECTION ( 'NONE',  ( 0.000000000000000000, 0.7071067811865513475, 0.7071067811865437980 ) ) ;
#1292 = CARTESIAN_POINT ( 'NONE',  ( 37.55181215987188637, 40.05756524985241640, 11.19749220199311424 ) ) ;
#1293 = FACE_OUTER_BOUND ( 'NONE', #3030, .T. ) ;
#1294 = EDGE_CURVE ( 'NONE', #1053, #5375, #6933, .T. ) ;
#1295 = VERTEX_POINT ( 'NONE', #2839 ) ;
#1296 = EDGE_CURVE ( 'NONE', #1391, #1695, #5391, .T. ) ;
#1297 = CARTESIAN_POINT ( 'NONE',  ( -63.95057101854210657, 41.62172798593513789, 2.355823505149785557 ) ) ;
#1298 = ORIENTED_EDGE ( 'NONE', *, *, #3622, .T. ) ;
#1299 = PRODUCT_DEFINITION ( 'UNKNOWN', '', #477, #4577 ) ;
#1300 = CARTESIAN_POINT ( 'NONE',  ( -58.34366351320796440, -39.96232479790748471, 3.850514381721978019 ) ) ;
#1301 = ORIENTED_EDGE ( 'NONE', *, *, #4073, .F. ) ;
#1302 = DIRECTION ( 'NONE',  ( 0.000000000000000000, 1.000000000000000000, 0.000000000000000000 ) ) ;
#1303 = DIRECTION ( 'NONE',  ( -0.000000000000000000, 0.000000000000000000, 1.000000000000000000 ) ) ;
#1304 = ORIENTED_EDGE ( 'NONE', *, *, #244, .T. ) ;
#1305 = DIRECTION ( 'NONE',  ( -0.3924313469075667582, -0.8318625342739164319, 0.3924313469075708660 ) ) ;
#1306 = CARTESIAN_POINT ( 'NONE',  ( -35.87171203778522255, 41.00253010497679185, 10.72785864819451440 ) ) ;
#1307 = CARTESIAN_POINT ( 'NONE',  ( 62.55688009435141339, -36.92823085300155128, 3.416017799838767299 ) ) ;
#1308 = EDGE_CURVE ( 'NONE', #1753, #4284, #3346, .T. ) ;
#1309 = CARTESIAN_POINT ( 'NONE',  ( -68.87783217232366439, 39.51234118698117470, 1.982613806302342407 ) ) ;
#1310 = DIRECTION ( 'NONE',  ( 0.000000000000000000, 1.000000000000000000, 0.000000000000000000 ) ) ;
#1311 =( BOUNDED_SURFACE ( )  B_SPLINE_SURFACE ( 3, 2, ( 
 ( #2108, #5229, #8338 ),
 ( #5081, #1349, #7480 ),
 ( #2016, #1204, #7576 ),
 ( #7430, #1919, #3442 ) ),
 .UNSPECIFIED., .F., .F., .F. ) 
 B_SPLINE_SURFACE_WITH_KNOTS ( ( 4, 4 ),
 ( 3, 3 ),
 ( 0.000000000000000000, 0.0008625423971529015991 ),
 ( 0.000000000000000000, 1.000000000000000000 ),
 .UNSPECIFIED. ) 
 GEOMETRIC_REPRESENTATION_ITEM ( )  RATIONAL_B_SPLINE_SURFACE ( (
 ( 1.000000000000000000, 0.7189098283173577242, 1.000000000000000000),
 ( 1.000000000000000000, 0.7167185938585116656, 1.000000000000000000),
 ( 1.000000000000000000, 0.7124629345730821850, 1.000000000000000000),
 ( 1.000000000000000000, 0.7071067811865475727, 1.000000000000000000) ) ) 
 REPRESENTATION_ITEM ( '' )  SURFACE ( )  );
#1312 = ORIENTED_EDGE ( 'NONE', *, *, #5511, .F. ) ;
#1313 = CARTESIAN_POINT ( 'NONE',  ( -40.72617178501987922, 44.41132746192661784, 5.396537650159856980 ) ) ;
#1314 = CARTESIAN_POINT ( 'NONE',  ( -62.92178572398718472, 26.55179502823069981, 2.000000000000000000 ) ) ;
#1315 = CARTESIAN_POINT ( 'NONE',  ( -39.76143097014817585, 36.31267193442953811, 9.298103999207402381 ) ) ;
#1316 = CARTESIAN_POINT ( 'NONE',  ( 61.50198984954347736, -41.57606020283565584, 2.284944444197025692 ) ) ;
#1317 = DIRECTION ( 'NONE',  ( 0.000000000000000000, -3.499023925556604863E-16, -1.000000000000000000 ) ) ;
#1318 = ORIENTED_EDGE ( 'NONE', *, *, #3803, .F. ) ;
#1319 = ADVANCED_FACE ( 'NONE', ( #1868 ), #3435, .T. ) ;
#1320 = CARTESIAN_POINT ( 'NONE',  ( 64.53932539721155592, 30.45337524865601608, 2.960674602788525789 ) ) ;
#1321 = ORIENTED_EDGE ( 'NONE', *, *, #6895, .F. ) ;
#1322 = ADVANCED_FACE ( 'NONE', ( #1060 ), #4262, .T. ) ;
#1323 = CARTESIAN_POINT ( 'NONE',  ( -38.09524752936347625, 37.61058253086187619, 11.02658968472017875 ) ) ;
#1324 = AXIS2_PLACEMENT_3D ( 'NONE', #519, #4344, #2795 ) ;
#1325 = CARTESIAN_POINT ( 'NONE',  ( -62.11738895771666336, -38.90518845385852131, 2.907025640912962228 ) ) ;
#1326 = EDGE_CURVE ( 'NONE', #1575, #8767, #6433, .T. ) ;
#1327 = LINE ( 'NONE', #612, #3541 ) ;
#1328 = FACE_OUTER_BOUND ( 'NONE', #9090, .T. ) ;
#1329 = AXIS2_PLACEMENT_3D ( 'NONE', #9763, #6605, #7385 ) ;
#1330 = CARTESIAN_POINT ( 'NONE',  ( 51.73464987362552847, -38.99999999999998579, 6.000000000000099476 ) ) ;
#1331 = CARTESIAN_POINT ( 'NONE',  ( 45.22532245313253441, 46.00000000000003553, 2.000000000000000000 ) ) ;
#1332 = AXIS2_PLACEMENT_3D ( 'NONE', #7666, #8375, #3880 ) ;
#1333 = CARTESIAN_POINT ( 'NONE',  ( 55.18041933941726995, -39.54097311615560528, 4.740928947179987141 ) ) ;
#1334 = EDGE_LOOP ( 'NONE', ( #835, #5805, #5970, #2261 ) ) ;
#1335 = CARTESIAN_POINT ( 'NONE',  ( -36.95181215987404499, 38.00000000000000711, 10.33789863588044788 ) ) ;
#1336 = VERTEX_POINT ( 'NONE', #7230 ) ;
#1337 = ORIENTED_EDGE ( 'NONE', *, *, #4586, .F. ) ;
#1338 = CARTESIAN_POINT ( 'NONE',  ( 64.99999999999998579, 38.49999999999999289, 0.000000000000000000 ) ) ;
#1339 = CARTESIAN_POINT ( 'NONE',  ( 38.46551931873069918, 37.32215109695196986, 9.668599781183534247 ) ) ;
#1340 = CARTESIAN_POINT ( 'NONE',  ( 41.10548589277342302, 38.62713096036776506, 9.031628678613895289 ) ) ;
#1341 = DIRECTION ( 'NONE',  ( 0.000000000000000000, 0.000000000000000000, -1.000000000000000000 ) ) ;
#1342 = CARTESIAN_POINT ( 'NONE',  ( -38.48086727521985040, 38.57779070964507895, 9.857033048301721223 ) ) ;
#1343 = CARTESIAN_POINT ( 'NONE',  ( 43.90743585838603735, 39.19921210006739898, 8.900616390879651618 ) ) ;
#1344 = ORIENTED_EDGE ( 'NONE', *, *, #5255, .T. ) ;
#1345 = DIRECTION ( 'NONE',  ( 0.000000000000000000, 1.000000000000000000, 0.000000000000000000 ) ) ;
#1346 = FACE_OUTER_BOUND ( 'NONE', #3924, .T. ) ;
#1347 = EDGE_CURVE ( 'NONE', #7775, #9297, #9123, .T. ) ;
#1348 = ORIENTED_EDGE ( 'NONE', *, *, #6659, .F. ) ;
#1349 = CARTESIAN_POINT ( 'NONE',  ( -64.18234439244442058, -42.43230112839036394, 1.979905663242760072 ) ) ;
#1350 = CARTESIAN_POINT ( 'NONE',  ( 68.81359873592849397, 37.26728080835442825, 1.026933969776745448 ) ) ;
#1351 = VERTEX_POINT ( 'NONE', #1773 ) ;
#1352 = CARTESIAN_POINT ( 'NONE',  ( -40.46988982152415559, 39.98154807258825372, 9.670273169539568059 ) ) ;
#1353 = CARTESIAN_POINT ( 'NONE',  ( -68.88469577363744634, 37.51396759275106518, 1.020273912838365327 ) ) ;
#1354 = CARTESIAN_POINT ( 'NONE',  ( -39.00526943495870569, 35.81823898140214624, 1.799561749105287545 ) ) ;
#1355 = ORIENTED_EDGE ( 'NONE', *, *, #7735, .F. ) ;
#1356 = CARTESIAN_POINT ( 'NONE',  ( -39.38004687640572854, 38.11104645177453421, 10.62253898259979579 ) ) ;
#1357 = CARTESIAN_POINT ( 'NONE',  ( -43.36767997638421690, 45.00000000000001421, 9.368486388664434728 ) ) ;
#1358 = EDGE_CURVE ( 'NONE', #1219, #27, #9935, .T. ) ;
#1359 = LINE ( 'NONE', #4419, #6620 ) ;
#1360 = CARTESIAN_POINT ( 'NONE',  ( 37.25925279346565588, 36.84315380647245064, 2.057390418602174975 ) ) ;
#1361 = CARTESIAN_POINT ( 'NONE',  ( 58.83135649036886861, 24.94784556015036614, 8.668643509631280608 ) ) ;
#1362 = ORIENTED_EDGE ( 'NONE', *, *, #2720, .T. ) ;
#1363 = AXIS2_PLACEMENT_3D ( 'NONE', #7730, #7682, #3840 ) ;
#1364 = DIRECTION ( 'NONE',  ( 0.000000000000000000, -1.000000000000000000, 0.000000000000000000 ) ) ;
#1365 = ORIENTED_EDGE ( 'NONE', *, *, #9947, .F. ) ;
#1366 = CARTESIAN_POINT ( 'NONE',  ( -39.55316018564696634, 39.56921620715333887, 10.56809736546609102 ) ) ;
#1367 = ADVANCED_FACE ( 'NONE', ( #283 ), #7281, .T. ) ;
#1368 = CIRCLE ( 'NONE', #1687, 1.000000000000000888 ) ;
#1369 = DIRECTION ( 'NONE',  ( -1.000000000000000000, 0.000000000000000000, 0.000000000000000000 ) ) ;
#1370 = CARTESIAN_POINT ( 'NONE',  ( -61.20710678118653902, 22.11626156133837640, 6.292893218813550682 ) ) ;
#1371 = CARTESIAN_POINT ( 'NONE',  ( -40.30910199175151121, 39.68883716141963447, 10.00000000000014211 ) ) ;
#1372 = CARTESIAN_POINT ( 'NONE',  ( 61.49999999999995737, -20.18217050311503868, 5.585786437627071166 ) ) ;
#1373 = CARTESIAN_POINT ( 'NONE',  ( 40.78843619973243761, 43.99777443085826434, 6.159301269370721421 ) ) ;
#1374 = ADVANCED_FACE ( 'NONE', ( #8101 ), #1113, .T. ) ;
#1375 = CARTESIAN_POINT ( 'NONE',  ( 66.63173620403988195, 36.09713854151348755, 2.294297756280973655 ) ) ;
#1376 = EDGE_CURVE ( 'NONE', #2935, #4909, #6858, .T. ) ;
#1377 = VERTEX_POINT ( 'NONE', #2525 ) ;
#1378 = LINE ( 'NONE', #8467, #8426 ) ;
#1379 = ORIENTED_EDGE ( 'NONE', *, *, #5556, .T. ) ;
#1380 = ORIENTED_EDGE ( 'NONE', *, *, #1477, .F. ) ;
#1381 = AXIS2_PLACEMENT_3D ( 'NONE', #488, #4498, #2010 ) ;
#1382 = CARTESIAN_POINT ( 'NONE',  ( -11.25723734592838099, 41.00000000000000711, 12.00000000000000000 ) ) ;
#1383 = CARTESIAN_POINT ( 'NONE',  ( 35.68612474534731405, 41.00057108364927672, 10.76676831710470772 ) ) ;
#1384 = CARTESIAN_POINT ( 'NONE',  ( 38.16702207336980734, 40.99333364666565416, 10.29243258128897054 ) ) ;
#1385 = CARTESIAN_POINT ( 'NONE',  ( -36.17171203778518418, 40.00379515746519132, 11.63151361133556883 ) ) ;
#1386 = CARTESIAN_POINT ( 'NONE',  ( 66.15288440381863211, -33.11572786644157418, 2.422937291072392085 ) ) ;
#1387 = CARTESIAN_POINT ( 'NONE',  ( 68.58060205016356292, 36.70813513151427543, 1.051191423925412982 ) ) ;
#1388 = CIRCLE ( 'NONE', #1541, 0.9999999999999996669 ) ;
#1389 = CARTESIAN_POINT ( 'NONE',  ( 0.000000000000000000, 42.00000000000000711, 2.000000000000000000 ) ) ;
#1390 = ADVANCED_FACE ( 'NONE', ( #8956 ), #6561, .T. ) ;
#1391 = VERTEX_POINT ( 'NONE', #5798 ) ;
#1392 = CARTESIAN_POINT ( 'NONE',  ( -63.64380368871162830, 32.03962115284463152, 3.856196311288434320 ) ) ;
#1393 = CARTESIAN_POINT ( 'NONE',  ( -0.000000000000000000, 45.00000000000001421, 0.000000000000000000 ) ) ;
#1394 = EDGE_LOOP ( 'NONE', ( #2366, #5605, #7917, #4152 ) ) ;
#1395 = DIRECTION ( 'NONE',  ( -0.06026194702773283313, -0.9981825973940974261, 0.000000000000000000 ) ) ;
#1396 = FACE_OUTER_BOUND ( 'NONE', #9362, .T. ) ;
#1397 = ORIENTED_EDGE ( 'NONE', *, *, #3049, .F. ) ;
#1398 = VECTOR ( 'NONE', #8394, 1000.000000000000114 ) ;
#1399 = CARTESIAN_POINT ( 'NONE',  ( -63.13473216954740508, -42.10168477761766326, 1.072410387379028940 ) ) ;
#1400 = CARTESIAN_POINT ( 'NONE',  ( -67.54663625866866994, 41.59442490651709790, 1.965996490430381716 ) ) ;
#1401 = EDGE_LOOP ( 'NONE', ( #674, #7376, #5995, #1431, #9405, #9306, #9894, #8034, #7446, #2652, #2388 ) ) ;
#1402 = B_SPLINE_CURVE_WITH_KNOTS ( 'NONE', 3,
 ( #1909, #5027, #1143, #6347, #1297, #1197 ),
 .UNSPECIFIED., .F., .F.,
 ( 4, 2, 4 ),
 ( 0.000000000000000000, 0.003286172224080012756, 0.006572344448160025512 ),
 .UNSPECIFIED. ) ;
#1403 = AXIS2_PLACEMENT_3D ( 'NONE', #2316, #2794, #9067 ) ;
#1404 = CARTESIAN_POINT ( 'NONE',  ( -41.89746235433121058, 35.21399552624846763, 1.219449404799580083 ) ) ;
#1405 = VERTEX_POINT ( 'NONE', #1925 ) ;
#1406 = CARTESIAN_POINT ( 'NONE',  ( 68.25674725927756015, 40.83563371844704193, 1.003039172179722716 ) ) ;
#1407 = CARTESIAN_POINT ( 'NONE',  ( -35.31203116122313901, 41.00000000000000711, 10.82842712474632485 ) ) ;
#1408 = ORIENTED_EDGE ( 'NONE', *, *, #7853, .F. ) ;
#1409 = DIRECTION ( 'NONE',  ( 0.000000000000000000, 0.000000000000000000, 1.000000000000000000 ) ) ;
#1410 = CYLINDRICAL_SURFACE ( 'NONE', #6875, 11.00000000000000355 ) ;
#1411 = CARTESIAN_POINT ( 'NONE',  ( 69.00000000000001421, -0.7139664306519348802, -1.513441597030491526 ) ) ;
#1412 = CIRCLE ( 'NONE', #9383, 1.000000000000003331 ) ;
#1413 = ORIENTED_EDGE ( 'NONE', *, *, #9622, .T. ) ;
#1414 = VECTOR ( 'NONE', #9454, 1000.000000000000000 ) ;
#1415 = DIRECTION ( 'NONE',  ( -0.3800712867856367860, 0.8432624940801159985, 0.3800712867856410049 ) ) ;
#1416 = EDGE_CURVE ( 'NONE', #3580, #3530, #2937, .T. ) ;
#1417 = EDGE_CURVE ( 'NONE', #7401, #7380, #6210, .T. ) ;
#1418 = VECTOR ( 'NONE', #5926, 1000.000000000000000 ) ;
#1419 = DIRECTION ( 'NONE',  ( 0.1729406629488450253, 0.000000000000000000, -0.9849322449279513947 ) ) ;
#1420 = VECTOR ( 'NONE', #7097, 1000.000000000000114 ) ;
#1421 = CARTESIAN_POINT ( 'NONE',  ( -37.90033323438104418, 40.06606956324457514, 11.08788739468731244 ) ) ;
#1422 = DIRECTION ( 'NONE',  ( -1.000000000000000000, 0.000000000000000000, 0.000000000000000000 ) ) ;
#1423 = CARTESIAN_POINT ( 'NONE',  ( -54.49999999999997868, -13.78853150712619957, 5.500000000000000888 ) ) ;
#1424 =( BOUNDED_SURFACE ( )  B_SPLINE_SURFACE ( 3, 2, ( 
 ( #9200, #2214, #2877 ),
 ( #703, #6768, #6004 ),
 ( #3749, #2266, #3796 ),
 ( #1456, #6054, #2165 ) ),
 .UNSPECIFIED., .F., .F., .T. ) 
 B_SPLINE_SURFACE_WITH_KNOTS ( ( 4, 4 ),
 ( 3, 3 ),
 ( 0.000000000000000000, 0.0008625423971529702291 ),
 ( 0.000000000000000000, 1.000000000000000000 ),
 .UNSPECIFIED. ) 
 GEOMETRIC_REPRESENTATION_ITEM ( )  RATIONAL_B_SPLINE_SURFACE ( (
 ( 1.000000000000000000, 0.7189098283173599446, 1.000000000000000000),
 ( 1.000000000000000000, 0.7167185938585146632, 1.000000000000000000),
 ( 1.000000000000000000, 0.7124629345730795205, 1.000000000000000000),
 ( 1.000000000000000000, 0.7071067811865475727, 1.000000000000000000) ) ) 
 REPRESENTATION_ITEM ( '' )  SURFACE ( )  );
#1425 = TOROIDAL_SURFACE ( 'NONE', #7459, 15.52081528017139256, 8.500000000000000000 ) ;
#1426 = EDGE_LOOP ( 'NONE', ( #7960, #1123, #8451, #862, #2332, #6735 ) ) ;
#1427 = CIRCLE ( 'NONE', #2078, 1.000000000000000888 ) ;
#1428 = EDGE_CURVE ( 'NONE', #10070, #1053, #3095, .T. ) ;
#1429 = CARTESIAN_POINT ( 'NONE',  ( 40.17212010501187791, 44.37309545725737792, 6.071678486309018297 ) ) ;
#1430 = CARTESIAN_POINT ( 'NONE',  ( 54.50000000000001421, -24.79228831549498580, 8.000000000000000000 ) ) ;
#1431 = ORIENTED_EDGE ( 'NONE', *, *, #381, .T. ) ;
#1432 = CARTESIAN_POINT ( 'NONE',  ( -67.27130259421842595, 36.11083813980666690, 2.128950564950640167 ) ) ;
#1433 = CIRCLE ( 'NONE', #7137, 1.000000000000000888 ) ;
#1434 = ORIENTED_EDGE ( 'NONE', *, *, #803, .F. ) ;
#1435 = VERTEX_POINT ( 'NONE', #4462 ) ;
#1436 = DIRECTION ( 'NONE',  ( 0.000000000000000000, -0.000000000000000000, -1.000000000000000000 ) ) ;
#1437 = CARTESIAN_POINT ( 'NONE',  ( -64.99999999999995737, 38.50000000000000711, 0.000000000000000000 ) ) ;
#1438 = DIRECTION ( 'NONE',  ( -0.000000000000000000, -0.000000000000000000, -1.000000000000000000 ) ) ;
#1439 = EDGE_CURVE ( 'NONE', #8130, #5173, #2821, .T. ) ;
#1440 = CARTESIAN_POINT ( 'NONE',  ( -43.89924022270468384, 39.19863954027199782, 8.903425530953093414 ) ) ;
#1441 = CARTESIAN_POINT ( 'NONE',  ( -61.20710678118653192, -18.58303575079967374, 6.292893218813557787 ) ) ;
#1442 = EDGE_CURVE ( 'NONE', #2915, #4920, #6823, .T. ) ;
#1443 = DIRECTION ( 'NONE',  ( 1.000000000000000000, 0.000000000000000000, -8.385697043307698417E-16 ) ) ;
#1444 = ORIENTED_EDGE ( 'NONE', *, *, #340, .T. ) ;
#1445 = CARTESIAN_POINT ( 'NONE',  ( 38.24856201504768904, 40.04835964111916979, 10.97837450954241234 ) ) ;
#1446 = DIRECTION ( 'NONE',  ( 1.000000000000000000, -0.000000000000000000, -0.000000000000000000 ) ) ;
#1447 = ORIENTED_EDGE ( 'NONE', *, *, #3146, .T. ) ;
#1448 = CARTESIAN_POINT ( 'NONE',  ( 39.37978210090405895, 50.55351348435987546, 2.000000000000000000 ) ) ;
#1449 = DIRECTION ( 'NONE',  ( -0.000000000000000000, 0.9538173892666751419, 0.3003870635238873876 ) ) ;
#1450 = ORIENTED_EDGE ( 'NONE', *, *, #6537, .F. ) ;
#1451 = CARTESIAN_POINT ( 'NONE',  ( 35.87171203778522255, 40.00379515746519132, 10.67757440991861984 ) ) ;
#1452 = DIRECTION ( 'NONE',  ( -1.000000000000000000, 0.000000000000000000, 0.000000000000000000 ) ) ;
#1453 = CARTESIAN_POINT ( 'NONE',  ( -53.49999999999997868, -30.99999999999998579, 9.000000000000001776 ) ) ;
#1454 = VERTEX_POINT ( 'NONE', #6664 ) ;
#1455 = CARTESIAN_POINT ( 'NONE',  ( 68.10368813215711725, 41.03569509235489221, 1.004084328822023586 ) ) ;
#1456 = CARTESIAN_POINT ( 'NONE',  ( 64.90769222189554455, -42.49893476742259679, 1.000000000000000000 ) ) ;
#1457 = ORIENTED_EDGE ( 'NONE', *, *, #2682, .T. ) ;
#1458 = CARTESIAN_POINT ( 'NONE',  ( -33.77171203778518560, 38.00000000000000711, 11.00000000000000000 ) ) ;
#1459 = DIRECTION ( 'NONE',  ( 0.8538160193396099329, -0.03740732276976572318, 0.5192291375898133721 ) ) ;
#1460 = CARTESIAN_POINT ( 'NONE',  ( 0.000000000000000000, 35.00000000000000711, 8.000000000000000000 ) ) ;
#1461 = VERTEX_POINT ( 'NONE', #3652 ) ;
#1462 = CARTESIAN_POINT ( 'NONE',  ( 53.74596825138365830, 42.01077634239955927, 5.568068019574947236 ) ) ;
#1463 = ORIENTED_EDGE ( 'NONE', *, *, #7452, .F. ) ;
#1464 = DIRECTION ( 'NONE',  ( -0.000000000000000000, 0.000000000000000000, 1.000000000000000000 ) ) ;
#1465 = CARTESIAN_POINT ( 'NONE',  ( 37.25181215987186789, 39.00000000000000711, 10.24355300057617235 ) ) ;
#1466 = DIRECTION ( 'NONE',  ( 1.000000000000000000, 0.000000000000000000, 0.000000000000000000 ) ) ;
#1467 = CARTESIAN_POINT ( 'NONE',  ( -61.63185078099243697, 23.05852642316801848, 5.868149219009946016 ) ) ;
#1468 = ADVANCED_FACE ( 'NONE', ( #9765 ), #498, .T. ) ;
#1469 = CARTESIAN_POINT ( 'NONE',  ( -53.49999999999997868, 34.00000000000000711, 8.000000000000000000 ) ) ;
#1470 = VECTOR ( 'NONE', #6470, 1000.000000000000000 ) ;
#1471 = FACE_OUTER_BOUND ( 'NONE', #9151, .T. ) ;
#1472 = FACE_OUTER_BOUND ( 'NONE', #1426, .T. ) ;
#1473 = VERTEX_POINT ( 'NONE', #8301 ) ;
#1474 = VECTOR ( 'NONE', #8641, 1000.000000000000000 ) ;
#1475 = CARTESIAN_POINT ( 'NONE',  ( -54.49999999999997868, 16.05961638357146626, 5.869460885866595312 ) ) ;
#1476 = VERTEX_POINT ( 'NONE', #2117 ) ;
#1477 = EDGE_CURVE ( 'NONE', #9604, #6546, #6368, .T. ) ;
#1478 = LINE ( 'NONE', #6998, #1170 ) ;
#1479 = CARTESIAN_POINT ( 'NONE',  ( 15.10511848499117704, 57.02054105820951690, 18.25665078616887271 ) ) ;
#1480 = DIRECTION ( 'NONE',  ( -1.000000000000000000, -6.938893903907113204E-15, -6.938893903907198401E-15 ) ) ;
#1481 =( BOUNDED_CURVE ( )  B_SPLINE_CURVE ( 3, ( #9439, #5422, #4657, #7822 ),
 .UNSPECIFIED., .F., .T. ) 
 B_SPLINE_CURVE_WITH_KNOTS ( ( 4, 4 ),
 ( 3.141592653589786899, 3.161701286229270380 ),
 .UNSPECIFIED. ) 
 CURVE ( )  GEOMETRIC_REPRESENTATION_ITEM ( )  RATIONAL_B_SPLINE_CURVE ( ( 1.000000000000000000, 0.9999663038583088692, 0.9999663038583088692, 1.000000000000000000 ) ) 
 REPRESENTATION_ITEM ( '' )  );
#1482 = DIRECTION ( 'NONE',  ( -0.4109068915486377427, -0.9116773148860489728, 0.000000000000000000 ) ) ;
#1483 = CARTESIAN_POINT ( 'NONE',  ( 55.95476325687350538, -39.79025568043631012, 4.894533074506142611 ) ) ;
#1484 = CARTESIAN_POINT ( 'NONE',  ( 53.50000000000000000, 36.00000000000001421, 8.000000000000000000 ) ) ;
#1485 = TOROIDAL_SURFACE ( 'NONE', #1168, 5.999999999999995559, 2.000000000000000000 ) ;
#1486 = AXIS2_PLACEMENT_3D ( 'NONE', #1228, #2039, #2131 ) ;
#1487 = DIRECTION ( 'NONE',  ( 0.000000000000000000, 0.000000000000000000, -1.000000000000000000 ) ) ;
#1488 = CARTESIAN_POINT ( 'NONE',  ( -40.46039732804273825, 40.29310093474826004, 9.430323962635286605 ) ) ;
#1489 = EDGE_LOOP ( 'NONE', ( #9423, #1585, #5001, #8278, #9957, #9644, #2957, #1413, #6140, #2209 ) ) ;
#1490 = CARTESIAN_POINT ( 'NONE',  ( 66.28596051680595735, -31.61858957066398546, 1.712639577510497446 ) ) ;
#1491 = CARTESIAN_POINT ( 'NONE',  ( -66.08219529124816916, -35.80636170074720326, 2.250280320581723892 ) ) ;
#1492 = ADVANCED_FACE ( 'NONE', ( #9863 ), #2773, .F. ) ;
#1493 = VERTEX_POINT ( 'NONE', #5900 ) ;
#1494 = DIRECTION ( 'NONE',  ( 0.000000000000000000, 0.000000000000000000, -1.000000000000000000 ) ) ;
#1495 = DIRECTION ( 'NONE',  ( 7.057142736388925929E-16, 0.000000000000000000, -1.000000000000000000 ) ) ;
#1496 = ADVANCED_FACE ( 'NONE', ( #8251 ), #963, .F. ) ;
#1497 = CARTESIAN_POINT ( 'NONE',  ( 44.05468157795111495, 35.04671284428977174, 1.075810170702974133 ) ) ;
#1498 = PLANE ( 'NONE',  #1363 ) ;
#1499 = ORIENTED_EDGE ( 'NONE', *, *, #8586, .T. ) ;
#1500 = DIRECTION ( 'NONE',  ( 0.000000000000000000, 0.000000000000000000, -1.000000000000000000 ) ) ;
#1501 = DIRECTION ( 'NONE',  ( -0.000000000000000000, -0.000000000000000000, -1.000000000000000000 ) ) ;
#1502 = ORIENTED_EDGE ( 'NONE', *, *, #9622, .F. ) ;
#1503 = CARTESIAN_POINT ( 'NONE',  ( 68.03959991179416988, 38.32086211877588511, 2.007221512823085696 ) ) ;
#1504 = CARTESIAN_POINT ( 'NONE',  ( 33.77171203778522823, 40.00000000000000711, 11.00000000000000000 ) ) ;
#1505 = EDGE_LOOP ( 'NONE', ( #9539, #4831, #5124, #691 ) ) ;
#1506 = DIRECTION ( 'NONE',  ( -0.000000000000000000, -0.000000000000000000, -1.000000000000000000 ) ) ;
#1507 = CYLINDRICAL_SURFACE ( 'NONE', #8163, 1.000000000000003331 ) ;
#1508 = CARTESIAN_POINT ( 'NONE',  ( 54.72898513437411339, 41.74734301363230315, 6.167846439161075445 ) ) ;
#1509 = ORIENTED_EDGE ( 'NONE', *, *, #5297, .T. ) ;
#1510 = DIRECTION ( 'NONE',  ( 0.000000000000000000, 0.000000000000000000, -1.000000000000000000 ) ) ;
#1511 = ORIENTED_EDGE ( 'NONE', *, *, #4047, .T. ) ;
#1512 = FACE_OUTER_BOUND ( 'NONE', #971, .T. ) ;
#1513 = CARTESIAN_POINT ( 'NONE',  ( -64.99999999999995737, -38.49999999999999289, 0.000000000000000000 ) ) ;
#1514 = DIRECTION ( 'NONE',  ( -0.000000000000000000, 0.000000000000000000, 1.000000000000000000 ) ) ;
#1515 = CARTESIAN_POINT ( 'NONE',  ( 43.36767997638425953, 38.47443863772738837, 9.368486388664434728 ) ) ;
#1516 = CIRCLE ( 'NONE', #2172, 0.9999999999999991118 ) ;
#1517 = VERTEX_POINT ( 'NONE', #2309 ) ;
#1518 = CARTESIAN_POINT ( 'NONE',  ( 40.00338564730027713, 44.44653300679114238, 6.063463891059548416 ) ) ;
#1519 = CIRCLE ( 'NONE', #6580, 4.000000000000017764 ) ;
#1520 = CARTESIAN_POINT ( 'NONE',  ( 65.76490138186765932, 35.69838957289185544, 2.599013564376288610 ) ) ;
#1521 = ORIENTED_EDGE ( 'NONE', *, *, #2329, .T. ) ;
#1522 = CARTESIAN_POINT ( 'NONE',  ( -65.90125368000012429, 33.27507677174334333, 2.583016986574383722 ) ) ;
#1523 = VERTEX_POINT ( 'NONE', #9349 ) ;
#1524 = ORIENTED_EDGE ( 'NONE', *, *, #4362, .F. ) ;
#1525 = DIRECTION ( 'NONE',  ( 1.000000000000000000, 0.000000000000000000, 0.000000000000000000 ) ) ;
#1526 = DIRECTION ( 'NONE',  ( 0.000000000000000000, 0.000000000000000000, -1.000000000000000000 ) ) ;
#1527 = DIRECTION ( 'NONE',  ( 0.000000000000000000, 0.000000000000000000, -1.000000000000000000 ) ) ;
#1528 = VECTOR ( 'NONE', #7807, 1000.000000000000000 ) ;
#1529 = LINE ( 'NONE', #10092, #7368 ) ;
#1530 = DIRECTION ( 'NONE',  ( -0.9518901176098615302, 0.3064395601039201500, 0.000000000000000000 ) ) ;
#1531 = CARTESIAN_POINT ( 'NONE',  ( -68.99999999999995737, 38.50000000001064393, 1.006035727655632650 ) ) ;
#1532 = EDGE_CURVE ( 'NONE', #141, #5788, #377, .T. ) ;
#1533 = CARTESIAN_POINT ( 'NONE',  ( 0.000000000000000000, 0.000000000000000000, 0.000000000000000000 ) ) ;
#1534 = ORIENTED_EDGE ( 'NONE', *, *, #568, .T. ) ;
#1535 = CARTESIAN_POINT ( 'NONE',  ( 37.90098852897259718, 40.07939259772950891, 11.08768131407214241 ) ) ;
#1536 = CARTESIAN_POINT ( 'NONE',  ( -65.56990489370755881, 32.59812466554861743, 2.699831518622738180 ) ) ;
#1537 = ORIENTED_EDGE ( 'NONE', *, *, #9201, .T. ) ;
#1538 = CYLINDRICAL_SURFACE ( 'NONE', #2566, 1.000000000000000000 ) ;
#1539 = CARTESIAN_POINT ( 'NONE',  ( 6.584181125100989185, 39.00000000000000711, 20.93636161487792080 ) ) ;
#1540 = CARTESIAN_POINT ( 'NONE',  ( 36.17171203778521971, 40.00379515746519132, 11.63151361133556705 ) ) ;
#1541 = AXIS2_PLACEMENT_3D ( 'NONE', #1465, #6932, #5296 ) ;
#1542 = CARTESIAN_POINT ( 'NONE',  ( 57.01380687075861431, 42.15394664047972384, 4.627857782570284684 ) ) ;
#1543 = VERTEX_POINT ( 'NONE', #3793 ) ;
#1544 = DIRECTION ( 'NONE',  ( -0.6145275576728885802, 0.7888953548225483559, 0.000000000000000000 ) ) ;
#1545 = EDGE_CURVE ( 'NONE', #4249, #4282, #4907, .T. ) ;
#1546 = EDGE_CURVE ( 'NONE', #6224, #9220, #5395, .T. ) ;
#1547 = DIRECTION ( 'NONE',  ( 0.4917159483713986479, 0.000000000000000000, -0.8707556638444657882 ) ) ;
#1548 = ORIENTED_EDGE ( 'NONE', *, *, #5409, .F. ) ;
#1549 = CARTESIAN_POINT ( 'NONE',  ( 68.02874618722226785, 38.69135050060356207, 2.003664521435753798 ) ) ;
#1550 = CARTESIAN_POINT ( 'NONE',  ( -67.24095986742065634, 40.35145280869671325, 2.008593688467845251 ) ) ;
#1551 = CIRCLE ( 'NONE', #4009, 1.000000000000000888 ) ;
#1552 = ORIENTED_EDGE ( 'NONE', *, *, #326, .F. ) ;
#1553 = CARTESIAN_POINT ( 'NONE',  ( 37.25181215987186789, 37.00000000000002132, 10.00000000000014033 ) ) ;
#1554 = LINE ( 'NONE', #7793, #3449 ) ;
#1555 = CARTESIAN_POINT ( 'NONE',  ( -60.49999999999997158, 13.65651987538036494, 5.499999999999998224 ) ) ;
#1556 = CARTESIAN_POINT ( 'NONE',  ( 0.000000000000000000, -24.79228831549498580, 9.000000000000001776 ) ) ;
#1557 = VERTEX_POINT ( 'NONE', #4670 ) ;
#1558 = CARTESIAN_POINT ( 'NONE',  ( 54.59626379340489422, 42.04802942628369777, 5.456548824535149222 ) ) ;
#1559 = EDGE_CURVE ( 'NONE', #7414, #5337, #7786, .T. ) ;
#1560 = CIRCLE ( 'NONE', #758, 11.24453208529337722 ) ;
#1561 = ADVANCED_FACE ( 'NONE', ( #3896 ), #7865, .T. ) ;
#1562 = ORIENTED_EDGE ( 'NONE', *, *, #1194, .T. ) ;
#1563 = CARTESIAN_POINT ( 'NONE',  ( 45.22532245313248467, 42.00000000000000711, 0.000000000000000000 ) ) ;
#1564 = CARTESIAN_POINT ( 'NONE',  ( 67.84481942594773329, 35.38756592712872617, 1.195542682528428990 ) ) ;
#1565 = DIRECTION ( 'NONE',  ( 0.000000000000000000, 1.000000000000000000, 0.000000000000000000 ) ) ;
#1566 = DIRECTION ( 'NONE',  ( 1.000000000000000000, 0.000000000000000000, -0.000000000000000000 ) ) ;
#1567 = VECTOR ( 'NONE', #5179, 1000.000000000000227 ) ;
#1568 = CARTESIAN_POINT ( 'NONE',  ( -68.02671642290329146, 38.71545035622073527, 2.003504194716547726 ) ) ;
#1569 = CIRCLE ( 'NONE', #9384, 0.9999999999999991118 ) ;
#1570 = DIRECTION ( 'NONE',  ( 1.000000000000000000, -0.000000000000000000, -0.000000000000000000 ) ) ;
#1571 = CIRCLE ( 'NONE', #5494, 1.000000000000000222 ) ;
#1572 = CARTESIAN_POINT ( 'NONE',  ( -64.83668654606921677, 29.98862402074612632, 2.122657482642456905 ) ) ;
#1573 = ORIENTED_EDGE ( 'NONE', *, *, #5482, .T. ) ;
#1574 = CARTESIAN_POINT ( 'NONE',  ( -58.08578643762701432, -24.79228831549498580, 9.000000000000001776 ) ) ;
#1575 = VERTEX_POINT ( 'NONE', #9404 ) ;
#1576 = CARTESIAN_POINT ( 'NONE',  ( -39.03069820530638623, 40.73992883568392642, 10.15122755655630193 ) ) ;
#1577 = LINE ( 'NONE', #5463, #5170 ) ;
#1578 = CARTESIAN_POINT ( 'NONE',  ( 58.76828088362913860, 42.23081352304461689, 4.235281812619896336 ) ) ;
#1579 = ORIENTED_EDGE ( 'NONE', *, *, #7986, .F. ) ;
#1580 = PLANE ( 'NONE',  #1332 ) ;
#1581 = DIRECTION ( 'NONE',  ( -1.000000000000000000, 0.000000000000000000, -0.000000000000000000 ) ) ;
#1582 = DIRECTION ( 'NONE',  ( 0.000000000000000000, 0.000000000000000000, 1.000000000000000000 ) ) ;
#1583 = AXIS2_PLACEMENT_3D ( 'NONE', #3877, #7000, #3728 ) ;
#1584 = DIRECTION ( 'NONE',  ( -0.000000000000000000, -0.000000000000000000, -1.000000000000000000 ) ) ;
#1585 = ORIENTED_EDGE ( 'NONE', *, *, #8703, .T. ) ;
#1586 = ORIENTED_EDGE ( 'NONE', *, *, #9281, .T. ) ;
#1587 = CARTESIAN_POINT ( 'NONE',  ( 67.89999999999996305, 38.50000000000412825, 2.011090376433267934 ) ) ;
#1588 = CARTESIAN_POINT ( 'NONE',  ( -45.76767997638421548, 36.00000000000001421, 17.00000000000000000 ) ) ;
#1589 = VERTEX_POINT ( 'NONE', #9449 ) ;
#1590 = LINE ( 'NONE', #3786, #7466 ) ;
#1591 = CARTESIAN_POINT ( 'NONE',  ( 40.27030266953370585, 40.46160085767002101, 9.414213562373243249 ) ) ;
#1592 = EDGE_CURVE ( 'NONE', #7006, #151, #2412, .T. ) ;
#1593 = EDGE_CURVE ( 'NONE', #3900, #1202, #7885, .T. ) ;
#1594 = CARTESIAN_POINT ( 'NONE',  ( 40.94806922395354576, 35.85768691315480083, 1.949913228189444681 ) ) ;
#1595 = CARTESIAN_POINT ( 'NONE',  ( -62.49314726662308317, -23.20349147688654057, 2.000000000000000000 ) ) ;
#1596 = ORIENTED_EDGE ( 'NONE', *, *, #9160, .T. ) ;
#1597 =( BOUNDED_CURVE ( )  B_SPLINE_CURVE ( 3, ( #1515, #7804, #3810, #7753 ),
 .UNSPECIFIED., .F., .T. ) 
 B_SPLINE_CURVE_WITH_KNOTS ( ( 4, 4 ),
 ( 4.669805512285337024, 4.918559523499247632 ),
 .UNSPECIFIED. ) 
 CURVE ( )  GEOMETRIC_REPRESENTATION_ITEM ( )  RATIONAL_B_SPLINE_CURVE ( ( 1.000000000000000000, 0.9948500975581906491, 0.9948500975581906491, 1.000000000000000000 ) ) 
 REPRESENTATION_ITEM ( '' )  );
#1598 = CARTESIAN_POINT ( 'NONE',  ( 65.89685264833239842, 33.27048527779009390, 2.586525337538460256 ) ) ;
#1599 = ORIENTED_EDGE ( 'NONE', *, *, #2066, .F. ) ;
#1600 = CARTESIAN_POINT ( 'NONE',  ( -55.18041933941716337, -39.54097311615559107, 4.740928947180005792 ) ) ;
#1601 = CARTESIAN_POINT ( 'NONE',  ( 67.73146578155760267, 37.06368864801580543, 2.054763254799919281 ) ) ;
#1602 = ORIENTED_EDGE ( 'NONE', *, *, #8299, .F. ) ;
#1603 = CARTESIAN_POINT ( 'NONE',  ( 43.98527365791578347, 36.08201739095130023, 9.174262161183007080 ) ) ;
#1604 = CARTESIAN_POINT ( 'NONE',  ( -37.55181215987404642, 40.05756524985254430, 11.19749220199242146 ) ) ;
#1605 = EDGE_CURVE ( 'NONE', #3953, #6190, #6702, .T. ) ;
#1606 = CARTESIAN_POINT ( 'NONE',  ( 35.31203116122316743, 40.00000000000000711, 10.82842712474632663 ) ) ;
#1607 = CARTESIAN_POINT ( 'NONE',  ( 53.81893226856481505, 41.71823856633493932, 6.275174800761495142 ) ) ;
#1608 = EDGE_LOOP ( 'NONE', ( #6622, #2556, #9774, #2081, #8147, #4183 ) ) ;
#1609 = LINE ( 'NONE', #3087, #6407 ) ;
#1610 = VERTEX_POINT ( 'NONE', #7187 ) ;
#1611 = B_SPLINE_CURVE_WITH_KNOTS ( 'NONE', 3,
 ( #5852, #1871, #5139, #6511, #3399, #2023, #2676, #5800, #1928, #8906, #4168, #5748, #6720, #9662, #1212, #501, #8857, #5042, #4988, #1266, #3606, #8104 ),
 .UNSPECIFIED., .F., .F.,
 ( 4, 2, 2, 2, 2, 2, 2, 2, 2, 2, 4 ),
 ( 8.632763570908181895E-07, 0.0009997097817265171698, 0.001998556287095943230, 0.002497979539780655935, 0.002997402792465368639, 0.003996249297834829177, 0.004995095803204288414, 0.005494519055889013695, 0.005993942308573738109, 0.006992788813943203417, 0.007991635319312666991 ),
 .UNSPECIFIED. ) ;
#1612 = CARTESIAN_POINT ( 'NONE',  ( 39.89681529106793789, 39.35482471155316375, 10.46002283464364346 ) ) ;
#1613 = CARTESIAN_POINT ( 'NONE',  ( 66.55884683604578811, 33.07952582939164188, 1.601887740369283719 ) ) ;
#1614 = DIRECTION ( 'NONE',  ( -1.000000000000000000, 2.081668171172166620E-14, 0.000000000000000000 ) ) ;
#1615 = CARTESIAN_POINT ( 'NONE',  ( 66.43878975871351145, 42.24701803630919983, 1.048902569553591402 ) ) ;
#1616 = DIRECTION ( 'NONE',  ( -0.000000000000000000, 0.000000000000000000, 1.000000000000000000 ) ) ;
#1617 = EDGE_CURVE ( 'NONE', #9520, #7820, #7213, .T. ) ;
#1618 = EDGE_CURVE ( 'NONE', #3565, #240, #7999, .T. ) ;
#1619 = EDGE_LOOP ( 'NONE', ( #8589, #1579, #2163, #1631 ) ) ;
#1620 = CARTESIAN_POINT ( 'NONE',  ( -51.73464987362537215, -37.99999999999998579, 5.585786437627009882 ) ) ;
#1621 = FACE_OUTER_BOUND ( 'NONE', #4057, .T. ) ;
#1622 = ORIENTED_EDGE ( 'NONE', *, *, #6715, .T. ) ;
#1623 =( BOUNDED_SURFACE ( )  B_SPLINE_SURFACE ( 3, 2, ( 
 ( #965, #7231, #3249 ),
 ( #4075, #7183, #2578 ),
 ( #286, #3194, #1115 ),
 ( #183, #77, #4021 ),
 ( #226, #3347, #3300 ),
 ( #6409, #1668, #137 ) ),
 .UNSPECIFIED., .F., .F., .T. ) 
 B_SPLINE_SURFACE_WITH_KNOTS ( ( 4, 2, 4 ),
 ( 3, 3 ),
 ( 0.01063615835638778186, 0.01137649112745290139, 0.01211682389851801919 ),
 ( 0.000000000000000000, 1.000000000000000000 ),
 .UNSPECIFIED. ) 
 GEOMETRIC_REPRESENTATION_ITEM ( )  RATIONAL_B_SPLINE_SURFACE ( (
 ( 1.000000000000000000, 0.7425750662533588953, 1.000000000000000000),
 ( 1.000000000000000000, 0.7429342095602083917, 1.000000000000000000),
 ( 1.000000000000000000, 0.7418117235528500775, 1.000000000000000000),
 ( 1.000000000000000000, 0.7378644238412288558, 1.000000000000000000),
 ( 1.000000000000000000, 0.7350039293346954938, 1.000000000000000000),
 ( 1.000000000000000000, 0.7320287473634500275, 1.000000000000000000) ) ) 
 REPRESENTATION_ITEM ( '' )  SURFACE ( )  );
#1624 = CARTESIAN_POINT ( 'NONE',  ( -61.20710678118653192, 0.000000000000000000, 6.292893218813556899 ) ) ;
#1625 = ORIENTED_EDGE ( 'NONE', *, *, #3688, .F. ) ;
#1626 = ORIENTED_EDGE ( 'NONE', *, *, #9711, .F. ) ;
#1627 = EDGE_CURVE ( 'NONE', #9869, #7201, #2656, .T. ) ;
#1628 = DIRECTION ( 'NONE',  ( -2.605442454873111469E-16, 0.9538173892666754750, 0.3003870635238867770 ) ) ;
#1629 = AXIS2_PLACEMENT_3D ( 'NONE', #1065, #9612, #2629 ) ;
#1630 = CARTESIAN_POINT ( 'NONE',  ( 0.000000000000000000, 45.00000000000001421, 9.000000000000001776 ) ) ;
#1631 = ORIENTED_EDGE ( 'NONE', *, *, #3430, .F. ) ;
#1632 = CARTESIAN_POINT ( 'NONE',  ( 53.50000000000001421, -30.99999999999998579, 2.000000000000000000 ) ) ;
#1633 = ORIENTED_EDGE ( 'NONE', *, *, #6244, .T. ) ;
#1634 = B_SPLINE_CURVE_WITH_KNOTS ( 'NONE', 3,
 ( #3826, #9237, #3989, #9182, #2250, #5371, #8476, #6955 ),
 .UNSPECIFIED., .F., .F.,
 ( 4, 2, 2, 4 ),
 ( 0.000000000000000000, 0.002547111523414955815, 0.003820667285122442830, 0.005094223046829930712 ),
 .UNSPECIFIED. ) ;
#1635 = CARTESIAN_POINT ( 'NONE',  ( -38.62590607993755043, 45.00000000000001421, 0.000000000000000000 ) ) ;
#1636 = CARTESIAN_POINT ( 'NONE',  ( 2.849999999999990763, 38.00000000000000711, 21.06242241346097188 ) ) ;
#1637 = CARTESIAN_POINT ( 'NONE',  ( -68.58060205016350608, 36.70813513151424701, 1.051191423925414981 ) ) ;
#1638 = AXIS2_PLACEMENT_3D ( 'NONE', #2746, #1992, #7404 ) ;
#1639 = DIRECTION ( 'NONE',  ( 6.938893903907222067E-15, -1.000000000000000000, 0.000000000000000000 ) ) ;
#1640 = ORIENTED_EDGE ( 'NONE', *, *, #312, .F. ) ;
#1641 = CARTESIAN_POINT ( 'NONE',  ( 54.80742985947757973, -39.40794312383731324, 5.512106359414486789 ) ) ;
#1642 = LINE ( 'NONE', #5474, #440 ) ;
#1643 = ORIENTED_EDGE ( 'NONE', *, *, #7689, .T. ) ;
#1644 = CARTESIAN_POINT ( 'NONE',  ( 37.59260787609652965, 37.99934690616606048, 3.366345007900363395 ) ) ;
#1645 = DIRECTION ( 'NONE',  ( -1.000000000000000000, 0.000000000000000000, 0.000000000000000000 ) ) ;
#1646 = AXIS2_PLACEMENT_3D ( 'NONE', #4015, #8804, #3342 ) ;
#1647 = CARTESIAN_POINT ( 'NONE',  ( -37.86633971754692141, 37.78889535482256434, 3.599159522938019329 ) ) ;
#1648 = VECTOR ( 'NONE', #5711, 1000.000000000000000 ) ;
#1649 = CARTESIAN_POINT ( 'NONE',  ( -67.87618796401143584, 37.42037800267575420, 2.032565609254245231 ) ) ;
#1650 = ORIENTED_EDGE ( 'NONE', *, *, #3088, .F. ) ;
#1651 = LINE ( 'NONE', #5382, #9348 ) ;
#1652 = EDGE_CURVE ( 'NONE', #5360, #4055, #8979, .T. ) ;
#1653 = VECTOR ( 'NONE', #3637, 1000.000000000000000 ) ;
#1654 = CARTESIAN_POINT ( 'NONE',  ( -35.53207675028569668, 40.00000000000000711, 11.80391671399579856 ) ) ;
#1655 = CIRCLE ( 'NONE', #337, 1.600000000000004086 ) ;
#1656 = EDGE_LOOP ( 'NONE', ( #5459, #1860, #8773, #5334 ) ) ;
#1657 = FACE_OUTER_BOUND ( 'NONE', #4106, .T. ) ;
#1658 = CARTESIAN_POINT ( 'NONE',  ( 64.93076916642165486, -41.49920107556694404, 1.000000000000000000 ) ) ;
#1659 = ORIENTED_EDGE ( 'NONE', *, *, #4738, .T. ) ;
#1660 = DIRECTION ( 'NONE',  ( 0.000000000000000000, 0.4109068915486395746, -0.9116773148860483067 ) ) ;
#1661 = CARTESIAN_POINT ( 'NONE',  ( -64.99999999999995737, -38.49999999999999289, 2.000000000000000000 ) ) ;
#1662 = DIRECTION ( 'NONE',  ( 0.000000000000000000, 0.000000000000000000, 1.000000000000000000 ) ) ;
#1663 = CARTESIAN_POINT ( 'NONE',  ( -55.00624674816793913, -39.08837270308890055, 5.793855834630727841 ) ) ;
#1664 = EDGE_LOOP ( 'NONE', ( #5495, #8603, #7193, #7271 ) ) ;
#1665 = DIRECTION ( 'NONE',  ( -1.000000000000000000, 0.000000000000000000, 0.000000000000000000 ) ) ;
#1666 = EDGE_LOOP ( 'NONE', ( #1173, #2784, #6957, #9984 ) ) ;
#1667 = EDGE_CURVE ( 'NONE', #2014, #6252, #2530, .T. ) ;
#1668 = CARTESIAN_POINT ( 'NONE',  ( 66.77990676479622323, 42.08247267491623234, 1.965890975504778648 ) ) ;
#1669 = CARTESIAN_POINT ( 'NONE',  ( 65.75048580538114606, 31.62869422779088069, 1.877986568911493848 ) ) ;
#1670 = CARTESIAN_POINT ( 'NONE',  ( -53.81893226856484347, 41.71823856633493932, 6.275174800761496918 ) ) ;
#1671 = EDGE_LOOP ( 'NONE', ( #3185, #728, #4142, #1602 ) ) ;
#1672 = ORIENTED_EDGE ( 'NONE', *, *, #3180, .T. ) ;
#1673 = DIRECTION ( 'NONE',  ( 0.000000000000000000, 0.000000000000000000, -1.000000000000000000 ) ) ;
#1674 = EDGE_CURVE ( 'NONE', #4814, #4314, #8372, .T. ) ;
#1675 = CARTESIAN_POINT ( 'NONE',  ( 63.61813019168982919, 35.94636283046026648, 3.788475305799704707 ) ) ;
#1676 = CIRCLE ( 'NONE', #7394, 1.000000000000000888 ) ;
#1677 = VERTEX_POINT ( 'NONE', #2479 ) ;
#1678 = CARTESIAN_POINT ( 'NONE',  ( -54.68247923597291305, 42.05180669072328214, 5.873791971242092735 ) ) ;
#1679 = ORIENTED_EDGE ( 'NONE', *, *, #2897, .T. ) ;
#1680 = DIRECTION ( 'NONE',  ( 0.9303703141259803688, -0.3666211649552227336, 0.000000000000000000 ) ) ;
#1681 = CARTESIAN_POINT ( 'NONE',  ( -37.25181215987404926, 41.03837683323504137, 10.43851104196576252 ) ) ;
#1682 = CARTESIAN_POINT ( 'NONE',  ( 61.20710678118651771, -17.48220657828499469, 6.292893218813603973 ) ) ;
#1683 = ORIENTED_EDGE ( 'NONE', *, *, #5321, .F. ) ;
#1684 = CARTESIAN_POINT ( 'NONE',  ( 69.00000000000001421, -0.2325875560534298725, 0.7385339864116927666 ) ) ;
#1685 = ORIENTED_EDGE ( 'NONE', *, *, #197, .F. ) ;
#1686 = ORIENTED_EDGE ( 'NONE', *, *, #5733, .T. ) ;
#1687 = AXIS2_PLACEMENT_3D ( 'NONE', #8574, #46, #4709 ) ;
#1688 = DIRECTION ( 'NONE',  ( -0.000000000000000000, -0.000000000000000000, -1.000000000000000000 ) ) ;
#1689 = EDGE_CURVE ( 'NONE', #4282, #9689, #8110, .T. ) ;
#1690 = CARTESIAN_POINT ( 'NONE',  ( 64.85259321478777395, -28.43838383543181791, 2.400572840356792526 ) ) ;
#1691 = EDGE_CURVE ( 'NONE', #5641, #8448, #5465, .T. ) ;
#1692 = EDGE_CURVE ( 'NONE', #3953, #6059, #5080, .T. ) ;
#1693 =( BOUNDED_SURFACE ( )  B_SPLINE_SURFACE ( 3, 2, ( 
 ( #4109, #3336, #8037 ),
 ( #271, #4886, #904 ),
 ( #7887, #3289, #7989 ),
 ( #2463, #955, #1709 ) ),
 .UNSPECIFIED., .F., .F., .T. ) 
 B_SPLINE_SURFACE_WITH_KNOTS ( ( 4, 4 ),
 ( 3, 3 ),
 ( 1.401209152826663251, 1.548756444831202117 ),
 ( 0.000000000000000000, 1.000000000000000000 ),
 .UNSPECIFIED. ) 
 GEOMETRIC_REPRESENTATION_ITEM ( )  RATIONAL_B_SPLINE_SURFACE ( (
 ( 1.000000000000000000, 0.7527104941799840354, 1.000000000000000000),
 ( 1.000000000000000000, 0.7400088863871938649, 1.000000000000000000),
 ( 1.000000000000000000, 0.7268240921419464318, 1.000000000000000000),
 ( 1.000000000000000000, 0.7132270861661492711, 1.000000000000000000) ) ) 
 REPRESENTATION_ITEM ( '' )  SURFACE ( )  );
#1694 = DIRECTION ( 'NONE',  ( -0.7071067811865436870, 0.000000000000000000, 0.7071067811865513475 ) ) ;
#1695 = VERTEX_POINT ( 'NONE', #4227 ) ;
#1696 = CARTESIAN_POINT ( 'NONE',  ( 62.11747425853588567, 38.86279787667429275, 4.127332386778980400 ) ) ;
#1697 = CARTESIAN_POINT ( 'NONE',  ( -64.99788938836552177, 31.44492262316132880, 2.900280561235331511 ) ) ;
#1698 = EDGE_LOOP ( 'NONE', ( #61, #9670, #3131, #2875, #9409, #1808, #9274, #6485 ) ) ;
#1699 = AXIS2_PLACEMENT_3D ( 'NONE', #3662, #6247, #2358 ) ;
#1700 = DIRECTION ( 'NONE',  ( 0.9990416370981197725, 0.04376993653535458245, 0.000000000000000000 ) ) ;
#1701 = DIRECTION ( 'NONE',  ( 1.000000000000000000, -3.499023925556554573E-16, 0.000000000000000000 ) ) ;
#1702 = CARTESIAN_POINT ( 'NONE',  ( -37.86625123241231705, 37.78893674646825929, 3.589532410707491294 ) ) ;
#1703 = CARTESIAN_POINT ( 'NONE',  ( -67.87618796401143584, 37.42037800267575420, 2.032565609254244343 ) ) ;
#1704 = CARTESIAN_POINT ( 'NONE',  ( -40.13611933333001502, 44.71062330170281740, 5.356357955777045099 ) ) ;
#1705 = AXIS2_PLACEMENT_3D ( 'NONE', #7755, #2896, #10083 ) ;
#1706 = EDGE_CURVE ( 'NONE', #7201, #6064, #5217, .T. ) ;
#1707 = ORIENTED_EDGE ( 'NONE', *, *, #3218, .T. ) ;
#1708 = ORIENTED_EDGE ( 'NONE', *, *, #8741, .F. ) ;
#1709 = CARTESIAN_POINT ( 'NONE',  ( -36.87948150359773791, 36.56473904372573003, 1.999611410612786022 ) ) ;
#1710 = DIRECTION ( 'NONE',  ( -0.5696795286188474083, 0.000000000000000000, -0.8218669202934303364 ) ) ;
#1711 = ORIENTED_EDGE ( 'NONE', *, *, #7991, .T. ) ;
#1712 = FACE_OUTER_BOUND ( 'NONE', #2202, .T. ) ;
#1713 = DIRECTION ( 'NONE',  ( -0.000000000000000000, -0.000000000000000000, -1.000000000000000000 ) ) ;
#1714 = VECTOR ( 'NONE', #2509, 1000.000000000000114 ) ;
#1715 = CARTESIAN_POINT ( 'NONE',  ( 33.77171203778522823, 41.00000000000000711, 4.000000000000000000 ) ) ;
#1716 = CYLINDRICAL_SURFACE ( 'NONE', #4414, 8.500000000000001776 ) ;
#1717 = DIRECTION ( 'NONE',  ( -0.000000000000000000, 0.000000000000000000, -1.000000000000000000 ) ) ;
#1718 = VERTEX_POINT ( 'NONE', #3456 ) ;
#1719 = CIRCLE ( 'NONE', #4328, 2.000000000000000000 ) ;
#1720 = CARTESIAN_POINT ( 'NONE',  ( 0.000000000000000000, 36.00000000000001421, 8.000000000000000000 ) ) ;
#1721 = CARTESIAN_POINT ( 'NONE',  ( -53.41517741577746392, -39.12612723420713934, 5.873872765792952144 ) ) ;
#1722 = CARTESIAN_POINT ( 'NONE',  ( -68.57241828567552488, 40.33894686000019192, 1.001478723018244255 ) ) ;
#1723 = DIRECTION ( 'NONE',  ( 0.000000000000000000, 0.9044134026110569602, -0.4266572361714848771 ) ) ;
#1724 = DIRECTION ( 'NONE',  ( 0.000000000000000000, 0.000000000000000000, 1.000000000000000000 ) ) ;
#1725 = EDGE_CURVE ( 'NONE', #5244, #7479, #6375, .T. ) ;
#1726 = ORIENTED_EDGE ( 'NONE', *, *, #1755, .F. ) ;
#1727 = EDGE_CURVE ( 'NONE', #9619, #10079, #8012, .T. ) ;
#1728 = VECTOR ( 'NONE', #9864, 1000.000000000000000 ) ;
#1729 = ORIENTED_EDGE ( 'NONE', *, *, #2177, .T. ) ;
#1730 = ORIENTED_EDGE ( 'NONE', *, *, #4614, .F. ) ;
#1731 = DIRECTION ( 'NONE',  ( -0.000000000000000000, 1.000000000000000000, -0.000000000000000000 ) ) ;
#1732 = AXIS2_PLACEMENT_3D ( 'NONE', #3759, #6113, #4736 ) ;
#1733 = CARTESIAN_POINT ( 'NONE',  ( 36.17171203778520550, 40.00379515746519132, 11.63151361133556883 ) ) ;
#1734 = CIRCLE ( 'NONE', #4662, 1.000000000000000888 ) ;
#1735 = ORIENTED_EDGE ( 'NONE', *, *, #44, .F. ) ;
#1736 = CARTESIAN_POINT ( 'NONE',  ( -57.23334792641833957, 42.16356515657842152, 5.061605739653354696 ) ) ;
#1737 = CARTESIAN_POINT ( 'NONE',  ( 68.62856498840861263, -36.81611581915706211, 1.000000000000000000 ) ) ;
#1738 = CARTESIAN_POINT ( 'NONE',  ( 64.08068131968819614, -41.35567035282956283, 1.026999469493789618 ) ) ;
#1739 = CARTESIAN_POINT ( 'NONE',  ( -45.58675712504778232, 39.29289321881359598, 8.707106781186544353 ) ) ;
#1740 = CARTESIAN_POINT ( 'NONE',  ( 37.86625123241014990, 37.78893674646824508, 3.589532410707485521 ) ) ;
#1741 = ADVANCED_FACE ( 'NONE', ( #5243 ), #3658, .T. ) ;
#1742 = ORIENTED_EDGE ( 'NONE', *, *, #340, .F. ) ;
#1743 = ORIENTED_EDGE ( 'NONE', *, *, #7654, .F. ) ;
#1744 = CIRCLE ( 'NONE', #3035, 1.000000000000000888 ) ;
#1745 = AXIS2_PLACEMENT_3D ( 'NONE', #69, #7125, #6253 ) ;
#1746 = FACE_OUTER_BOUND ( 'NONE', #1993, .T. ) ;
#1747 = CARTESIAN_POINT ( 'NONE',  ( -37.19652944972695963, 37.62085728551446095, 2.554644531208840608 ) ) ;
#1748 = DIRECTION ( 'NONE',  ( 3.164564134330101723E-16, 0.9044134026110569602, -0.4266572361714848771 ) ) ;
#1749 = VERTEX_POINT ( 'NONE', #5093 ) ;
#1750 = LINE ( 'NONE', #987, #2545 ) ;
#1751 = VECTOR ( 'NONE', #6657, 1000.000000000000000 ) ;
#1752 = CIRCLE ( 'NONE', #9553, 1.000000000000000000 ) ;
#1753 = VERTEX_POINT ( 'NONE', #2931 ) ;
#1755 = EDGE_CURVE ( 'NONE', #986, #7997, #2733, .T. ) ;
#1754 = CARTESIAN_POINT ( 'NONE',  ( 37.43762689593361870, 37.58357375522295740, 2.510955356701862762 ) ) ;
#1756 = CARTESIAN_POINT ( 'NONE',  ( 40.06990429939617115, 40.61770561885212771, 9.414213562373237920 ) ) ;
#1757 = ADVANCED_FACE ( 'NONE', ( #552 ), #6058, .F. ) ;
#1758 = CARTESIAN_POINT ( 'NONE',  ( -37.55181215987403931, 39.00000000000000711, 11.19749220199242501 ) ) ;
#1759 = VERTEX_POINT ( 'NONE', #9920 ) ;
#1760 = EDGE_CURVE ( 'NONE', #142, #4559, #9156, .T. ) ;
#1761 = CARTESIAN_POINT ( 'NONE',  ( -64.98060907474324210, 42.50298757522094917, 2.080864968095240020 ) ) ;
#1762 =( BOUNDED_CURVE ( )  B_SPLINE_CURVE ( 2, ( #7716, #6898, #9334 ),
 .UNSPECIFIED., .F., .F. ) 
 B_SPLINE_CURVE_WITH_KNOTS ( ( 3, 3 ),
 ( 0.000000000000000000, 1.000000000000000000 ),
 .UNSPECIFIED. ) 
 CURVE ( )  GEOMETRIC_REPRESENTATION_ITEM ( )  RATIONAL_B_SPLINE_CURVE ( ( 1.000000000000000000, 0.7366054830994696045, 1.000000000000000000 ) ) 
 REPRESENTATION_ITEM ( '' )  );
#1763 = AXIS2_PLACEMENT_3D ( 'NONE', #6539, #7364, #1191 ) ;
#1764 = LINE ( 'NONE', #9646, #1872 ) ;
#1765 = VERTEX_POINT ( 'NONE', #6772 ) ;
#1766 = FACE_OUTER_BOUND ( 'NONE', #2405, .T. ) ;
#1767 = CARTESIAN_POINT ( 'NONE',  ( 67.13754310451058416, 35.83386509788969931, 2.150515212063438764 ) ) ;
#1768 = ORIENTED_EDGE ( 'NONE', *, *, #5779, .F. ) ;
#1769 = CARTESIAN_POINT ( 'NONE',  ( 44.54883558008133804, 34.99550867569431034, 9.059017977292933566 ) ) ;
#1770 = CARTESIAN_POINT ( 'NONE',  ( 53.41517741577755629, -39.12612723420713223, 5.873872765792951256 ) ) ;
#1771 = CARTESIAN_POINT ( 'NONE',  ( -41.44210087289523159, 43.87664349660556695, 5.539627283902687438 ) ) ;
#1772 = CARTESIAN_POINT ( 'NONE',  ( 39.55316018564455760, 39.56921620715309729, 10.56809736546686018 ) ) ;
#1773 = CARTESIAN_POINT ( 'NONE',  ( 58.79289321881359598, 34.00000000000000000, 8.707106781186544353 ) ) ;
#1774 = DIRECTION ( 'NONE',  ( -0.000000000000000000, -0.000000000000000000, -1.000000000000000000 ) ) ;
#1775 = CARTESIAN_POINT ( 'NONE',  ( 67.70018755864950322, 35.12798329546438225, 1.234330691614448527 ) ) ;
#1776 = CARTESIAN_POINT ( 'NONE',  ( -68.99999999999945999, 38.69020589232624729, 1.004527776369679826 ) ) ;
#1777 = CARTESIAN_POINT ( 'NONE',  ( -55.49999999999997868, -17.20178939649807504, 6.264692779111545207 ) ) ;
#1778 = DIRECTION ( 'NONE',  ( -0.000000000000000000, -0.000000000000000000, -1.000000000000000000 ) ) ;
#1779 = EDGE_LOOP ( 'NONE', ( #1120, #3422, #2416 ) ) ;
#1780 = ORIENTED_EDGE ( 'NONE', *, *, #615, .F. ) ;
#1781 = ORIENTED_EDGE ( 'NONE', *, *, #2829, .F. ) ;
#1782 = DIRECTION ( 'NONE',  ( 0.000000000000000000, -1.000000000000000000, 0.000000000000000000 ) ) ;
#1783 = CARTESIAN_POINT ( 'NONE',  ( 62.53285710330533220, 36.97579334495308956, 4.489592359914378328 ) ) ;
#1784 = EDGE_CURVE ( 'NONE', #4335, #527, #5893, .T. ) ;
#1785 = ORIENTED_EDGE ( 'NONE', *, *, #8312, .T. ) ;
#1786 = CARTESIAN_POINT ( 'NONE',  ( 64.05615766611873596, -26.67133578278252770, 3.507685401053173280 ) ) ;
#1787 = CARTESIAN_POINT ( 'NONE',  ( 58.08578643762704274, 34.00000000000000000, 9.000000000000001776 ) ) ;
#1788 = DIRECTION ( 'NONE',  ( -0.000000000000000000, 1.000000000000000000, -0.000000000000000000 ) ) ;
#1789 = CARTESIAN_POINT ( 'NONE',  ( -64.57029561410290341, 30.38299440825588604, 2.929704385897135666 ) ) ;
#1790 = B_SPLINE_CURVE_WITH_KNOTS ( 'NONE', 3,
 ( #5204, #6216, #2995, #5355, #7034, #8508 ),
 .UNSPECIFIED., .F., .F.,
 ( 4, 2, 4 ),
 ( -2.641950448167373986E-05, 0.001588439953383227483, 0.003203299411248129031 ),
 .UNSPECIFIED. ) ;
#1791 = ORIENTED_EDGE ( 'NONE', *, *, #3650, .F. ) ;
#1792 = CARTESIAN_POINT ( 'NONE',  ( -43.82730658448289063, 35.06594569091734570, 9.205636344370853763 ) ) ;
#1793 = CARTESIAN_POINT ( 'NONE',  ( -37.17472293055041632, 36.86160481975405645, 2.019604328050596642 ) ) ;
#1794 = CARTESIAN_POINT ( 'NONE',  ( -64.44023323982708007, 30.58089313225317696, 3.059766760172327071 ) ) ;
#1795 = EDGE_CURVE ( 'NONE', #7116, #2014, #4523, .T. ) ;
#1796 = ORIENTED_EDGE ( 'NONE', *, *, #4696, .T. ) ;
#1797 = CARTESIAN_POINT ( 'NONE',  ( 64.95580417389180639, 41.40625955272974323, 2.208557334036935327 ) ) ;
#1798 = ORIENTED_EDGE ( 'NONE', *, *, #8151, .F. ) ;
#1799 = ORIENTED_EDGE ( 'NONE', *, *, #6358, .T. ) ;
#1800 = CARTESIAN_POINT ( 'NONE',  ( 37.25427584364820177, 36.83520974407414172, 2.054890655695175372 ) ) ;
#1801 = CARTESIAN_POINT ( 'NONE',  ( -45.76767997638425101, 39.00000000000014211, 9.000000000000003553 ) ) ;
#1802 = CARTESIAN_POINT ( 'NONE',  ( 41.18590443319764915, 43.69893724362976428, 6.246729640460323196 ) ) ;
#1803 = CARTESIAN_POINT ( 'NONE',  ( 45.76767997638425811, 36.00000000000001421, 17.00000000000000000 ) ) ;
#1804 = AXIS2_PLACEMENT_3D ( 'NONE', #3506, #6617, #4900 ) ;
#1805 = EDGE_LOOP ( 'NONE', ( #4085, #9380, #5064, #2708 ) ) ;
#1806 = DIRECTION ( 'NONE',  ( -0.3800712867856346766, -0.8432624940801179969, -0.3800712867856382293 ) ) ;
#1807 = ADVANCED_FACE ( 'NONE', ( #5856 ), #5291, .T. ) ;
#1808 = ORIENTED_EDGE ( 'NONE', *, *, #4485, .F. ) ;
#1809 = CARTESIAN_POINT ( 'NONE',  ( -58.94182466492092232, 41.79964087614673218, 4.489592359914378328 ) ) ;
#1810 = CARTESIAN_POINT ( 'NONE',  ( -40.53990208313659593, 39.76112069734220711, 9.893005985420174397 ) ) ;
#1811 = EDGE_CURVE ( 'NONE', #7799, #308, #3280, .T. ) ;
#1813 = ORIENTED_EDGE ( 'NONE', *, *, #421, .F. ) ;
#1812 = EDGE_CURVE ( 'NONE', #755, #7559, #6532, .T. ) ;
#1814 = VECTOR ( 'NONE', #2170, 1000.000000000000000 ) ;
#1815 = CARTESIAN_POINT ( 'NONE',  ( 53.50000000000001421, 34.00000000000000711, 10.50000000000000000 ) ) ;
#1816 = CARTESIAN_POINT ( 'NONE',  ( 40.31651179116406070, 44.63110820835165526, 5.779122752779011662 ) ) ;
#1817 =( BOUNDED_CURVE ( )  B_SPLINE_CURVE ( 3, ( #7191, #9424, #7292, #84 ),
 .UNSPECIFIED., .F., .T. ) 
 B_SPLINE_CURVE_WITH_KNOTS ( ( 4, 4 ),
 ( 5.159861868171179644, 5.497787143782142394 ),
 .UNSPECIFIED. ) 
 CURVE ( )  GEOMETRIC_REPRESENTATION_ITEM ( )  RATIONAL_B_SPLINE_CURVE ( ( 1.000000000000000000, 0.9905064932980895964, 0.9905064932980895964, 1.000000000000000000 ) ) 
 REPRESENTATION_ITEM ( '' )  );
#1818 = DIRECTION ( 'NONE',  ( 0.000000000000000000, 0.000000000000000000, 1.000000000000000000 ) ) ;
#1819 = ORIENTED_EDGE ( 'NONE', *, *, #7986, .T. ) ;
#1820 = TOROIDAL_SURFACE ( 'NONE', #5086, 9.000000000000001776, 1.000000000000000000 ) ;
#1821 = AXIS2_PLACEMENT_3D ( 'NONE', #1469, #32, #766 ) ;
#1822 = EDGE_CURVE ( 'NONE', #1454, #5262, #3602, .T. ) ;
#1823 = CARTESIAN_POINT ( 'NONE',  ( 45.22532245313247046, 46.00000000000001421, 6.292893218813486733 ) ) ;
#1824 = FACE_OUTER_BOUND ( 'NONE', #7811, .T. ) ;
#1825 = CARTESIAN_POINT ( 'NONE',  ( -68.64670925954416703, -36.85637243380543282, 2.000000000000000000 ) ) ;
#1826 = CARTESIAN_POINT ( 'NONE',  ( -68.73362803733996884, 39.98429089126896940, 1.001342419434291475 ) ) ;
#1827 = CARTESIAN_POINT ( 'NONE',  ( 41.45040878928134731, 39.24440577393509955, 9.738735459800437866 ) ) ;
#1828 = CARTESIAN_POINT ( 'NONE',  ( -45.22532245313463051, 35.00000000000000711, 0.3999999999999993006 ) ) ;
#1829 = CARTESIAN_POINT ( 'NONE',  ( 0.000000000000000000, 0.000000000000000000, 2.000000000000000000 ) ) ;
#1830 = VERTEX_POINT ( 'NONE', #5905 ) ;
#1831 = VERTEX_POINT ( 'NONE', #1216 ) ;
#1832 = CARTESIAN_POINT ( 'NONE',  ( -62.28857673292358754, -23.61439836843517526, 5.211423267076487953 ) ) ;
#1833 = VERTEX_POINT ( 'NONE', #4331 ) ;
#1834 = DIRECTION ( 'NONE',  ( 1.000000000000000000, 0.000000000000000000, 0.000000000000000000 ) ) ;
#1835 = ORIENTED_EDGE ( 'NONE', *, *, #5708, .F. ) ;
#1836 = CARTESIAN_POINT ( 'NONE',  ( 37.47653124760173426, 38.00000000000000711, 10.10221123326265236 ) ) ;
#1837 = CARTESIAN_POINT ( 'NONE',  ( -36.92167187021304642, 47.39793206507081180, 2.000000000000000000 ) ) ;
#1838 = CARTESIAN_POINT ( 'NONE',  ( 39.99597031746458242, 36.18335274535204604, 10.42884002145267708 ) ) ;
#1839 = LINE ( 'NONE', #3267, #7188 ) ;
#1840 = VERTEX_POINT ( 'NONE', #7444 ) ;
#1841 = DIRECTION ( 'NONE',  ( 0.000000000000000000, -1.000000000000000000, 0.000000000000000000 ) ) ;
#1842 = CARTESIAN_POINT ( 'NONE',  ( 53.49999999999998579, 41.70958227955244979, 6.290417720447663008 ) ) ;
#1843 = CARTESIAN_POINT ( 'NONE',  ( -39.65768270351295399, 44.56531748638455070, 6.063449321455056662 ) ) ;
#1844 = VERTEX_POINT ( 'NONE', #458 ) ;
#1845 = DIRECTION ( 'NONE',  ( 0.000000000000000000, 0.000000000000000000, -1.000000000000000000 ) ) ;
#1846 = VERTEX_POINT ( 'NONE', #2778 ) ;
#1847 = ORIENTED_EDGE ( 'NONE', *, *, #8803, .F. ) ;
#1848 = CARTESIAN_POINT ( 'NONE',  ( 45.76767997638425811, 38.58578643762704274, 9.000000000000001776 ) ) ;
#1849 = DIRECTION ( 'NONE',  ( -0.000000000000000000, -0.000000000000000000, -1.000000000000000000 ) ) ;
#1850 = AXIS2_PLACEMENT_3D ( 'NONE', #658, #606, #2080 ) ;
#1851 = CARTESIAN_POINT ( 'NONE',  ( -58.38006363115559338, -39.97045126731879350, 3.828578852411878231 ) ) ;
#1852 = ORIENTED_EDGE ( 'NONE', *, *, #4799, .F. ) ;
#1853 = EDGE_CURVE ( 'NONE', #5046, #1846, #6445, .T. ) ;
#1854 = CARTESIAN_POINT ( 'NONE',  ( -66.17170486735025747, 42.37316550031908946, 1.975000340914002450 ) ) ;
#1855 = CARTESIAN_POINT ( 'NONE',  ( 67.73146578155760267, 37.06368864801580543, 2.054763254799920169 ) ) ;
#1856 = VECTOR ( 'NONE', #7971, 1000.000000000000000 ) ;
#1857 = EDGE_LOOP ( 'NONE', ( #4659, #9744, #6908, #2633 ) ) ;
#1858 = CARTESIAN_POINT ( 'NONE',  ( -35.87171203778522255, 41.00253010497679185, 10.72785864819451440 ) ) ;
#1859 = CARTESIAN_POINT ( 'NONE',  ( -65.74518558287923042, 41.30970030157346429, 2.092962970701301106 ) ) ;
#1860 = ORIENTED_EDGE ( 'NONE', *, *, #376, .F. ) ;
#1861 = LINE ( 'NONE', #1104, #9233 ) ;
#1862 = CARTESIAN_POINT ( 'NONE',  ( -68.99999999999997158, 38.50000000000000711, 2.000000000000000000 ) ) ;
#1863 = ORIENTED_EDGE ( 'NONE', *, *, #1917, .F. ) ;
#1864 = CARTESIAN_POINT ( 'NONE',  ( -68.49423036433971390, 36.55311680860764767, 0.000000000000000000 ) ) ;
#1865 = AXIS2_PLACEMENT_3D ( 'NONE', #7936, #4930, #8944 ) ;
#1866 = DIRECTION ( 'NONE',  ( 0.000000000000000000, 0.7071067811865441310, 0.7071067811865510144 ) ) ;
#1867 = ADVANCED_FACE ( 'NONE', ( #9006 ), #5070, .T. ) ;
#1868 = FACE_OUTER_BOUND ( 'NONE', #6432, .T. ) ;
#1869 = PRODUCT ( '\X2\04200430043c043a0430\X0\', '\X2\04200430043c043a0430\X0\', '', ( #7860 ) ) ;
#1870 = CARTESIAN_POINT ( 'NONE',  ( -60.49999999999998579, -17.62844663266956147, 5.360279376500486137 ) ) ;
#1871 = CARTESIAN_POINT ( 'NONE',  ( -62.70697383957227089, 36.69396091255012493, 4.412403605337497758 ) ) ;
#1872 = VECTOR ( 'NONE', #7985, 1000.000000000000000 ) ;
#1873 = CARTESIAN_POINT ( 'NONE',  ( -35.87171203778522255, 40.00379515746519132, 10.67757440991860918 ) ) ;
#1874 =( BOUNDED_SURFACE ( )  B_SPLINE_SURFACE ( 3, 2, ( 
 ( #9809, #6815, #6663 ),
 ( #1970, #9860, #8387 ),
 ( #5085, #9147, #5279 ),
 ( #9764, #1400, #543 ),
 ( #5848, #4511, #7636 ),
 ( #2920, #1208, #9048 ),
 ( #2769, #6860, #4324 ),
 ( #5134, #7486, #3552 ),
 ( #2068, #2870, #2819 ),
 ( #9912, #646, #3744 ),
 ( #5899, #1309, #7580 ),
 ( #9000, #2018, #3648 ),
 ( #8249, #4373, #5187 ),
 ( #8297, #4413, #7534 ),
 ( #6001, #9094, #8343 ),
 ( #1353, #4457, #592 ),
 ( #3699, #9248, #3175 ),
 ( #9195, #7062, #1649 ) ),
 .UNSPECIFIED., .F., .F., .F. ) 
 B_SPLINE_SURFACE_WITH_KNOTS ( ( 4, 2, 2, 2, 2, 2, 2, 2, 4 ),
 ( 3, 3 ),
 ( 0.008184966645020370565, 0.008751139013867474670, 0.009317311382714580509, 0.009883483751561686348, 0.01044965612040879045, 0.01101582848925589456, 0.01158200085810300040, 0.01214817322695010623, 0.01271434559579721034 ),
 ( 0.000000000000000000, 1.000000000000000000 ),
 .UNSPECIFIED. ) 
 GEOMETRIC_REPRESENTATION_ITEM ( )  RATIONAL_B_SPLINE_SURFACE ( (
 ( 1.000000000000000000, 0.7326516189566504300, 1.000000000000000000),
 ( 1.000000000000000000, 0.7303729250352523072, 1.000000000000000000),
 ( 1.000000000000000000, 0.7279928074026886797, 1.000000000000000000),
 ( 1.000000000000000000, 0.7234487985700654988, 1.000000000000000000),
 ( 1.000000000000000000, 0.7212695974287758327, 1.000000000000000000),
 ( 1.000000000000000000, 0.7176303519880243842, 1.000000000000000000),
 ( 1.000000000000000000, 0.7161505625773260109, 1.000000000000000000),
 ( 1.000000000000000000, 0.7140891276339750293, 1.000000000000000000),
 ( 1.000000000000000000, 0.7135172200633929096, 1.000000000000000000),
 ( 1.000000000000000000, 0.7134269960388398557, 1.000000000000000000),
 ( 1.000000000000000000, 0.7139008989277745298, 1.000000000000000000),
 ( 1.000000000000000000, 0.7157758346227313107, 1.000000000000000000),
 ( 1.000000000000000000, 0.7171933999991304542, 1.000000000000000000),
 ( 1.000000000000000000, 0.7207320971687001254, 1.000000000000000000),
 ( 1.000000000000000000, 0.7228225195069869491, 1.000000000000000000),
 ( 1.000000000000000000, 0.7273123005718326040, 1.000000000000000000),
 ( 1.000000000000000000, 0.7297308444437857755, 1.000000000000000000),
 ( 1.000000000000000000, 0.7320287473634510267, 1.000000000000000000) ) ) 
 REPRESENTATION_ITEM ( '' )  SURFACE ( )  );
#1875 = CARTESIAN_POINT ( 'NONE',  ( 59.48035827914456775, -40.22300376323820359, 3.252065432521086041 ) ) ;
#1876 = CARTESIAN_POINT ( 'NONE',  ( -64.92917665185080978, 30.66551540406629783, 2.739070249529230505 ) ) ;
#1877 = CARTESIAN_POINT ( 'NONE',  ( 65.02116807929699860, -41.39992274249139825, 2.000000000000000000 ) ) ;
#1878 = ORIENTED_EDGE ( 'NONE', *, *, #7295, .F. ) ;
#1879 = EDGE_LOOP ( 'NONE', ( #128, #4140, #2461, #5515 ) ) ;
#1880 = CIRCLE ( 'NONE', #5951, 5.292893218813585321 ) ;
#1881 = EDGE_CURVE ( 'NONE', #9377, #1898, #9300, .T. ) ;
#1882 = CARTESIAN_POINT ( 'NONE',  ( -37.99450326234858721, 38.99999999998551914, 11.05827229096968978 ) ) ;
#1883 = CARTESIAN_POINT ( 'NONE',  ( -68.67833693439955312, 36.91842484717332695, 1.967804166011517530 ) ) ;
#1884 = VERTEX_POINT ( 'NONE', #8652 ) ;
#1885 = FACE_OUTER_BOUND ( 'NONE', #4230, .T. ) ;
#1886 = CARTESIAN_POINT ( 'NONE',  ( -58.08578643762701432, 27.22994939107031698, 9.000000000000001776 ) ) ;
#1887 = DIRECTION ( 'NONE',  ( 0.9539392014169456591, -0.000000000000000000, 0.2999999999999998779 ) ) ;
#1888 = VECTOR ( 'NONE', #1000, 1000.000000000000000 ) ;
#1889 = CARTESIAN_POINT ( 'NONE',  ( 42.85191572870943588, 35.25909964106997307, 8.414547187247489290 ) ) ;
#1890 = CARTESIAN_POINT ( 'NONE',  ( -64.83668654605702386, 29.98862402072422739, 2.122657482645797344 ) ) ;
#1891 = ORIENTED_EDGE ( 'NONE', *, *, #6320, .F. ) ;
#1892 = EDGE_CURVE ( 'NONE', #4458, #9207, #3904, .T. ) ;
#1893 = CARTESIAN_POINT ( 'NONE',  ( -44.40999746482446398, 35.00000000000000000, 8.061104376550698447 ) ) ;
#1894 = AXIS2_PLACEMENT_3D ( 'NONE', #202, #4871, #1639 ) ;
#1895 = CARTESIAN_POINT ( 'NONE',  ( 1.734079847261881691, 39.58008867725905588, 0.000000000000000000 ) ) ;
#1896 = TOROIDAL_SURFACE ( 'NONE', #3192, 15.52081528017139966, 8.500000000000000000 ) ;
#1897 = CARTESIAN_POINT ( 'NONE',  ( 54.61445543445196904, -39.37057101957297789, 5.063084074783045452 ) ) ;
#1898 = VERTEX_POINT ( 'NONE', #754 ) ;
#1899 = CARTESIAN_POINT ( 'NONE',  ( 62.15360397883831212, 37.94499577414661218, 4.489592359914377440 ) ) ;
#1900 = EDGE_LOOP ( 'NONE', ( #2716, #637, #3646, #3418 ) ) ;
#1901 = EDGE_LOOP ( 'NONE', ( #8800, #547, #3121, #4950 ) ) ;
#1902 = CARTESIAN_POINT ( 'NONE',  ( 67.87618796401147847, 37.42037800267573999, 2.032565609254244343 ) ) ;
#1903 = CARTESIAN_POINT ( 'NONE',  ( 45.76767997638425811, 35.02140721982531346, 9.000000000000001776 ) ) ;
#1904 = CARTESIAN_POINT ( 'NONE',  ( 45.22532245313247046, 46.00000000000001421, 12.00000000000000000 ) ) ;
#1905 = AXIS2_PLACEMENT_3D ( 'NONE', #2749, #5975, #4438 ) ;
#1906 = AXIS2_PLACEMENT_3D ( 'NONE', #10056, #5230, #4455 ) ;
#1907 = CARTESIAN_POINT ( 'NONE',  ( 53.50000000000001421, 34.00000000000000711, 9.000000000000001776 ) ) ;
#1908 = ORIENTED_EDGE ( 'NONE', *, *, #5285, .F. ) ;
#1909 = CARTESIAN_POINT ( 'NONE',  ( -58.94182466492093653, 41.79964087614672508, 4.489592359914374775 ) ) ;
#1910 = CARTESIAN_POINT ( 'NONE',  ( -60.49999999999997868, 0.000000000000000000, 5.585786437627012546 ) ) ;
#1911 = VECTOR ( 'NONE', #3057, 1000.000000000000000 ) ;
#1912 = AXIS2_PLACEMENT_3D ( 'NONE', #1041, #3329, #4146 ) ;
#1913 = ORIENTED_EDGE ( 'NONE', *, *, #10023, .T. ) ;
#1914 = EDGE_CURVE ( 'NONE', #7706, #9967, #7028, .T. ) ;
#1915 = CARTESIAN_POINT ( 'NONE',  ( 64.99999999999995737, -38.49999999999999289, 2.000000000000000000 ) ) ;
#1916 = CARTESIAN_POINT ( 'NONE',  ( -40.06661644464541183, 39.24409840170368113, 10.40662284227768275 ) ) ;
#1917 = EDGE_CURVE ( 'NONE', #4970, #6726, #6163, .T. ) ;
#1918 = ORIENTED_EDGE ( 'NONE', *, *, #2909, .T. ) ;
#1919 = CARTESIAN_POINT ( 'NONE',  ( -64.90769222189547349, -42.49893476742262521, 2.000000000000000000 ) ) ;
#1920 = CARTESIAN_POINT ( 'NONE',  ( 40.91065402943867468, 44.29062581852512892, 5.420447348026733891 ) ) ;
#1921 = CARTESIAN_POINT ( 'NONE',  ( 60.49999999999997868, 18.48790463880283141, 5.585786437627052514 ) ) ;
#1922 = AXIS2_PLACEMENT_3D ( 'NONE', #8196, #4369, #9091 ) ;
#1923 = AXIS2_PLACEMENT_3D ( 'NONE', #8680, #2596, #3273 ) ;
#1924 = CARTESIAN_POINT ( 'NONE',  ( -66.91711337865551457, -35.13561918630339420, 2.110736208377157030 ) ) ;
#1925 = CARTESIAN_POINT ( 'NONE',  ( 42.76721222244091791, 42.84441858070981368, 5.585786437626938827 ) ) ;
#1926 = CIRCLE ( 'NONE', #7303, 9.510407640085718484 ) ;
#1927 = CARTESIAN_POINT ( 'NONE',  ( 63.52476561745101691, -41.24395568472756679, 2.065770626863362214 ) ) ;
#1928 = CARTESIAN_POINT ( 'NONE',  ( -64.56736627244249860, 35.62874443785827339, 3.186288967052765209 ) ) ;
#1929 = EDGE_CURVE ( 'NONE', #4066, #4207, #5345, .T. ) ;
#1930 = DIRECTION ( 'NONE',  ( 0.06026194702797585401, 0.000000000000000000, 0.9981825973940827712 ) ) ;
#1931 = CARTESIAN_POINT ( 'NONE',  ( 64.13452373906478954, -41.40836774813107013, 2.024157420073391389 ) ) ;
#1932 = CARTESIAN_POINT ( 'NONE',  ( 58.79289321881359598, 26.51527793154721380, 8.707106781186542577 ) ) ;
#1933 = EDGE_LOOP ( 'NONE', ( #5612, #6745, #3100, #5457, #1586 ) ) ;
#1934 = CARTESIAN_POINT ( 'NONE',  ( -65.82195073588803780, -30.58909310845133689, 1.935337389948366571 ) ) ;
#1935 = VERTEX_POINT ( 'NONE', #3034 ) ;
#1936 = CARTESIAN_POINT ( 'NONE',  ( -68.22220137538455731, -35.91451865637180418, 1.000000000000000000 ) ) ;
#1937 =( BOUNDED_CURVE ( )  B_SPLINE_CURVE ( 3, ( #1385, #3932, #2906, #6031 ),
 .UNSPECIFIED., .F., .T. ) 
 B_SPLINE_CURVE_WITH_KNOTS ( ( 4, 4 ),
 ( 1.621101779873241222, 1.767010997296445840 ),
 .UNSPECIFIED. ) 
 CURVE ( )  GEOMETRIC_REPRESENTATION_ITEM ( )  RATIONAL_B_SPLINE_CURVE ( ( 1.000000000000000000, 0.9982266617628487992, 0.9982266617628487992, 1.000000000000000000 ) ) 
 REPRESENTATION_ITEM ( '' )  );
#1938 = EDGE_CURVE ( 'NONE', #3822, #9078, #6256, .T. ) ;
#1939 = ORIENTED_EDGE ( 'NONE', *, *, #3124, .F. ) ;
#1940 = CARTESIAN_POINT ( 'NONE',  ( -65.71489277575477672, -35.67754290350078605, 2.353601586787112954 ) ) ;
#1941 =( NAMED_UNIT ( * ) PLANE_ANGLE_UNIT ( ) SI_UNIT ( $, .RADIAN. ) );
#1942 = CARTESIAN_POINT ( 'NONE',  ( 61.20710678118651771, -18.58303575079964531, 6.292893218813609302 ) ) ;
#1943 = CARTESIAN_POINT ( 'NONE',  ( -45.76767997638421548, 39.29289321881359598, 8.707106781186542577 ) ) ;
#1944 = CARTESIAN_POINT ( 'NONE',  ( -64.48704173581012355, 29.91290174197770213, 3.000701557188689694 ) ) ;
#1945 = DIRECTION ( 'NONE',  ( 0.9998921327800875947, 0.000000000000000000, 0.01468750504639119644 ) ) ;
#1946 = CARTESIAN_POINT ( 'NONE',  ( 40.93159175183043885, 38.76295267376869447, 10.13460069267941144 ) ) ;
#1947 = CARTESIAN_POINT ( 'NONE',  ( 53.68796694200007380, -39.16587178674102177, 5.405163322375136303 ) ) ;
#1948 = ADVANCED_FACE ( 'NONE', ( #2370 ), #9206, .T. ) ;
#1949 = ORIENTED_EDGE ( 'NONE', *, *, #4172, .T. ) ;
#1950 = B_SPLINE_CURVE_WITH_KNOTS ( 'NONE', 3,
 ( #3427, #5981, #1955, #8182, #4306, #9080, #2755, #7416, #2654, #9746, #483, #428, #4966, #8079 ),
 .UNSPECIFIED., .F., .F.,
 ( 4, 2, 2, 1, 1, 2, 2, 4 ),
 ( 0.000000000000000000, 0.2500000000000153211, 0.3750000000000270894, 0.4375000000000310862, 0.4687500000000300870, 0.4843750000000304201, 0.5000000000000307532, 1.000000000000000000 ),
 .UNSPECIFIED. ) ;
#1951 = DIRECTION ( 'NONE',  ( 0.7071067811865510144, 0.000000000000000000, -0.7071067811865441310 ) ) ;
#1952 = ORIENTED_EDGE ( 'NONE', *, *, #3971, .F. ) ;
#1953 = EDGE_LOOP ( 'NONE', ( #2681, #9098, #5892, #1730 ) ) ;
#1954 = ADVANCED_FACE ( 'NONE', ( #8501 ), #3024, .T. ) ;
#1955 = CARTESIAN_POINT ( 'NONE',  ( 64.84920930413952078, 30.04026473716101719, 2.302369517126741982 ) ) ;
#1956 = CARTESIAN_POINT ( 'NONE',  ( -64.86775183815156254, 31.05495613422845480, 2.881861334248666306 ) ) ;
#1957 = DIRECTION ( 'NONE',  ( -0.000000000000000000, -0.000000000000000000, -1.000000000000000000 ) ) ;
#1958 = CARTESIAN_POINT ( 'NONE',  ( 66.28598494446484324, -31.61864376820342670, 1.712627848343448944 ) ) ;
#1959 = PRODUCT_DEFINITION_SHAPE ( 'NONE', 'NONE',  #1299 ) ;
#1960 = LINE ( 'NONE', #7475, #3165 ) ;
#1961 = ORIENTED_EDGE ( 'NONE', *, *, #6242, .T. ) ;
#1962 = CARTESIAN_POINT ( 'NONE',  ( 68.49423036433975653, 36.55311680860763346, 1.061205990658733667 ) ) ;
#1963 = FACE_OUTER_BOUND ( 'NONE', #3079, .T. ) ;
#1964 = ORIENTED_EDGE ( 'NONE', *, *, #8364, .F. ) ;
#1965 = CARTESIAN_POINT ( 'NONE',  ( -58.08578643762701432, 27.22994939107031698, 8.000000000000000000 ) ) ;
#1966 = CARTESIAN_POINT ( 'NONE',  ( 40.13611933332851578, 44.71062330170258292, 5.356357955776981150 ) ) ;
#1967 =( BOUNDED_SURFACE ( )  B_SPLINE_SURFACE ( 3, 2, ( 
 ( #5205, #1330, #4434 ),
 ( #7602, #563, #6018 ),
 ( #3667, #9117, #72 ),
 ( #175, #1770, #7945 ) ),
 .UNSPECIFIED., .F., .F., .T. ) 
 B_SPLINE_SURFACE_WITH_KNOTS ( ( 4, 4 ),
 ( 3, 3 ),
 ( 3.141592653589793116, 3.286271428576618359 ),
 ( 0.000000000000000000, 1.000000000000000000 ),
 .UNSPECIFIED. ) 
 GEOMETRIC_REPRESENTATION_ITEM ( )  RATIONAL_B_SPLINE_SURFACE ( (
 ( 1.000000000000000000, 0.9238795325112877377, 1.000000000000000000),
 ( 1.000000000000000000, 0.9238796271673429539, 1.000000000000000000),
 ( 1.000000000000000000, 0.9232116600732178657, 1.000000000000000000),
 ( 1.000000000000000000, 0.9218782783082947185, 1.000000000000000000) ) ) 
 REPRESENTATION_ITEM ( '' )  SURFACE ( )  );
#1968 = CONICAL_SURFACE ( 'NONE', #5224, 4.000000000000003553, 0.7853981633974428389 ) ;
#1969 = CARTESIAN_POINT ( 'NONE',  ( 62.98806945942646252, -36.40481707974654313, 3.353498318254031219 ) ) ;
#1970 = CARTESIAN_POINT ( 'NONE',  ( -66.90520918524461536, 42.02620175222488541, 1.028994107210589259 ) ) ;
#1971 = AXIS2_PLACEMENT_3D ( 'NONE', #6199, #7831, #1547 ) ;
#1972 = CARTESIAN_POINT ( 'NONE',  ( 68.02783897242701983, 38.70123906367832234, 2.003602969231943476 ) ) ;
#1973 = DIRECTION ( 'NONE',  ( 0.000000000000000000, 0.000000000000000000, -1.000000000000000000 ) ) ;
#1974 = CYLINDRICAL_SURFACE ( 'NONE', #6126, 11.24453208529338433 ) ;
#1975 = FACE_OUTER_BOUND ( 'NONE', #4695, .T. ) ;
#1976 = CARTESIAN_POINT ( 'NONE',  ( 56.98545838085111370, -40.12206473544488716, 4.244240712304207186 ) ) ;
#1977 = DIRECTION ( 'NONE',  ( -1.000000000000000000, 0.000000000000000000, 0.000000000000000000 ) ) ;
#1978 = ORIENTED_EDGE ( 'NONE', *, *, #1692, .T. ) ;
#1979 = CARTESIAN_POINT ( 'NONE',  ( -66.93553150209019975, -35.18425315160870070, 2.104899929169431250 ) ) ;
#1980 = CIRCLE ( 'NONE', #3613, 0.9999999999999996669 ) ;
#1981 = AXIS2_PLACEMENT_3D ( 'NONE', #4805, #8015, #1680 ) ;
#1982 = EDGE_CURVE ( 'NONE', #9350, #7721, #6675, .T. ) ;
#1983 = CARTESIAN_POINT ( 'NONE',  ( 63.77424175958427810, -42.30756047043942658, 2.000000000000000000 ) ) ;
#1984 = B_SPLINE_CURVE_WITH_KNOTS ( 'NONE', 3,
 ( #9465, #8002, #6410, #1564, #1775, #1015, #4118, #9365, #7232, #138, #2474, #5448, #227, #3348, #914, #2527, #8558, #8657, #4737, #2375, #6467, #7845, #864, #7079, #7031, #5503, #78, #1613, #9565, #6316, #4690, #9513, #7801, #813, #29, #3965, #1669, #8610, #7897, #3143, #3250 ),
 .UNSPECIFIED., .F., .F.,
 ( 4, 1, 1, 1, 1, 1, 2, 2, 1, 1, 1, 1, 1, 2, 2, 1, 1, 1, 1, 2, 2, 2, 2, 1, 1, 1, 2, 2, 4 ),
 ( 0.000000000000000000, 0.1249999999998782640, 0.1874999999998175348, 0.2187499999997872813, 0.2343749999997709610, 0.2421874999997639943, 0.2460937499997606359, 0.2499999999997573052, 0.3124999999997012945, 0.3437499999996734834, 0.3593749999996572186, 0.3671874999996513900, 0.3710937499996462274, 0.3730468749996458944, 0.3749999999996456168, 0.4374999999996780353, 0.4687499999996931344, 0.4843749999996983524, 0.4921874999997021272, 0.4960937499997050693, 0.4999999999997079003, 0.5624999999997316591, 0.6249999999997553068, 0.6874999999997790656, 0.7187499999997934985, 0.7343749999998007150, 0.7421874999998055999, 0.7499999999998103739, 1.000000000000000000 ),
 .UNSPECIFIED. ) ;
#1985 = DIRECTION ( 'NONE',  ( 0.000000000000000000, 0.000000000000000000, 1.000000000000000000 ) ) ;
#1986 = ORIENTED_EDGE ( 'NONE', *, *, #8784, .F. ) ;
#1987 = AXIS2_PLACEMENT_3D ( 'NONE', #6699, #533, #9799 ) ;
#1988 = CARTESIAN_POINT ( 'NONE',  ( -62.42302921586457387, -37.14239790707892297, 3.411946075924289001 ) ) ;
#1989 = CARTESIAN_POINT ( 'NONE',  ( -63.02533503865522846, 26.73764344539271320, 4.474664961344829273 ) ) ;
#1990 = FACE_OUTER_BOUND ( 'NONE', #2457, .T. ) ;
#1991 = CARTESIAN_POINT ( 'NONE',  ( -55.49999999999997868, -24.79228831549498580, 9.000000000000001776 ) ) ;
#1992 = DIRECTION ( 'NONE',  ( 1.000000000000000000, 0.000000000000000000, -0.000000000000000000 ) ) ;
#1993 = EDGE_LOOP ( 'NONE', ( #4965, #596, #3474, #9148 ) ) ;
#1994 = ADVANCED_FACE ( 'NONE', ( #10016 ), #7521, .T. ) ;
#1995 = CARTESIAN_POINT ( 'NONE',  ( 62.09999999999995879, 38.50000000000000000, 4.299995292108789613 ) ) ;
#1996 =( BOUNDED_CURVE ( )  B_SPLINE_CURVE ( 3, ( #4510, #5331, #8440, #1540 ),
 .UNSPECIFIED., .F., .T. ) 
 B_SPLINE_CURVE_WITH_KNOTS ( ( 4, 4 ),
 ( 1.374581656293583753, 1.520490873716552116 ),
 .UNSPECIFIED. ) 
 CURVE ( )  GEOMETRIC_REPRESENTATION_ITEM ( )  RATIONAL_B_SPLINE_CURVE ( ( 1.000000000000000000, 0.9982266617628545724, 0.9982266617628545724, 1.000000000000000000 ) ) 
 REPRESENTATION_ITEM ( '' )  );
#1997 = CARTESIAN_POINT ( 'NONE',  ( 41.26765234898464740, 39.30444178092044183, 9.775474134092059231 ) ) ;
#1998 = CARTESIAN_POINT ( 'NONE',  ( 69.00000000000001421, 6.263096851169891297E-16, 5.499999999999999112 ) ) ;
#1999 = ORIENTED_EDGE ( 'NONE', *, *, #6854, .F. ) ;
#2000 = CARTESIAN_POINT ( 'NONE',  ( 52.91515128288559566, -38.74982378537914940, 6.250176214620937643 ) ) ;
#2001 = ORIENTED_EDGE ( 'NONE', *, *, #7974, .F. ) ;
#2002 = VERTEX_POINT ( 'NONE', #9413 ) ;
#2003 = DIRECTION ( 'NONE',  ( -0.3800712867856339550, -0.8432624940801184410, -0.3800712867856381183 ) ) ;
#2004 = DIRECTION ( 'NONE',  ( 0.000000000000000000, 0.000000000000000000, 1.000000000000000000 ) ) ;
#2005 = FACE_OUTER_BOUND ( 'NONE', #8213, .T. ) ;
#2006 = EDGE_CURVE ( 'NONE', #2615, #5131, #2888, .T. ) ;
#2007 = CARTESIAN_POINT ( 'NONE',  ( 42.65937645815051837, 39.11202022875571771, 9.328402327940352734 ) ) ;
#2008 = EDGE_CURVE ( 'NONE', #8900, #4538, #517, .T. ) ;
#2009 = CARTESIAN_POINT ( 'NONE',  ( 67.32331484382962117, -36.20601965686398671, 1.999999999999999556 ) ) ;
#2010 = DIRECTION ( 'NONE',  ( -0.7094473255734721207, -0.7047584637566605137, 0.000000000000000000 ) ) ;
#2011 = EDGE_LOOP ( 'NONE', ( #6973, #3352, #8625, #924 ) ) ;
#2012 = FACE_OUTER_BOUND ( 'NONE', #7908, .T. ) ;
#2013 = CARTESIAN_POINT ( 'NONE',  ( 65.50000000000007105, 0.000000000000000000, 2.000000000000000000 ) ) ;
#2014 = VERTEX_POINT ( 'NONE', #6923 ) ;
#2015 = AXIS2_PLACEMENT_3D ( 'NONE', #7591, #7543, #8353 ) ;
#2016 = CARTESIAN_POINT ( 'NONE',  ( -64.65730773727869973, -41.50804956267024437, 2.000000000000000000 ) ) ;
#2017 = FACE_OUTER_BOUND ( 'NONE', #8756, .T. ) ;
#2018 = CARTESIAN_POINT ( 'NONE',  ( -68.97353812636805515, 39.02259353412845400, 1.978570935903551709 ) ) ;
#2019 = ADVANCED_FACE ( 'NONE', ( #277 ), #8850, .F. ) ;
#2020 = DIRECTION ( 'NONE',  ( -0.000000000000000000, 0.000000000000000000, 1.000000000000000000 ) ) ;
#2021 = EDGE_LOOP ( 'NONE', ( #4368, #5408, #1021, #5658 ) ) ;
#2022 = CARTESIAN_POINT ( 'NONE',  ( 61.49999999999997868, 21.07884740024818271, 2.000000000000000000 ) ) ;
#2023 = CARTESIAN_POINT ( 'NONE',  ( -64.00932374978449957, 35.77070451543939100, 3.527407481960965985 ) ) ;
#2024 = DIRECTION ( 'NONE',  ( 0.000000000000000000, -0.4109068915486361329, 0.9116773148860497500 ) ) ;
#2025 = CARTESIAN_POINT ( 'NONE',  ( 62.66970311793373583, -41.95197915994933879, 2.066555082100345775 ) ) ;
#2026 = AXIS2_PLACEMENT_3D ( 'NONE', #1620, #7242, #4903 ) ;
#2027 = CARTESIAN_POINT ( 'NONE',  ( -62.09999999999995879, 38.49999999998929212, 4.299995292113423240 ) ) ;
#2028 = ORIENTED_EDGE ( 'NONE', *, *, #3293, .T. ) ;
#2029 = SPHERICAL_SURFACE ( 'NONE', #2015, 1.000000000000000000 ) ;
#2030 = ORIENTED_EDGE ( 'NONE', *, *, #1008, .T. ) ;
#2031 = CYLINDRICAL_SURFACE ( 'NONE', #5289, 1.600000000000004086 ) ;
#2032 = VECTOR ( 'NONE', #8744, 1000.000000000000000 ) ;
#2033 = VERTEX_POINT ( 'NONE', #7275 ) ;
#2034 = DIRECTION ( 'NONE',  ( -0.7656826878322858798, 0.5964455351772576241, 0.2407960654185217209 ) ) ;
#2035 = CARTESIAN_POINT ( 'NONE',  ( 55.50000000000001421, 16.05961638357146626, 5.869460885866595312 ) ) ;
#2036 = CARTESIAN_POINT ( 'NONE',  ( 53.50000000000001421, 34.00000000000000711, 8.000000000000000000 ) ) ;
#2037 = EDGE_CURVE ( 'NONE', #4932, #9007, #3871, .T. ) ;
#2038 = EDGE_CURVE ( 'NONE', #7092, #9078, #2943, .T. ) ;
#2039 = DIRECTION ( 'NONE',  ( -0.000000000000000000, -0.000000000000000000, -1.000000000000000000 ) ) ;
#2040 = CARTESIAN_POINT ( 'NONE',  ( 61.27114134641875154, -41.50174373243986992, 1.473269861660216895 ) ) ;
#2041 = AXIS2_PLACEMENT_3D ( 'NONE', #8263, #1277, #9062 ) ;
#2042 = DIRECTION ( 'NONE',  ( 0.000000000000000000, 0.4109068915486427387, -0.9116773148860468634 ) ) ;
#2043 = DIRECTION ( 'NONE',  ( 1.000000000000000000, 0.000000000000000000, 0.000000000000000000 ) ) ;
#2044 = CARTESIAN_POINT ( 'NONE',  ( 54.00873887526802264, -39.22796145103613696, 5.309606403416082365 ) ) ;
#2045 = VERTEX_POINT ( 'NONE', #1107 ) ;
#2046 = CARTESIAN_POINT ( 'NONE',  ( 62.53285710330533220, 36.97579334495308956, 4.489592359914378328 ) ) ;
#2047 = ORIENTED_EDGE ( 'NONE', *, *, #3982, .T. ) ;
#2048 = ADVANCED_FACE ( 'NONE', ( #4841 ), #8511, .T. ) ;
#2049 = ORIENTED_EDGE ( 'NONE', *, *, #8483, .T. ) ;
#2050 = DIRECTION ( 'NONE',  ( 0.000000000000000000, -0.000000000000000000, -1.000000000000000000 ) ) ;
#2051 = CARTESIAN_POINT ( 'NONE',  ( 35.87171203778522255, 41.00253010497679185, 10.72785864819452151 ) ) ;
#2052 = CARTESIAN_POINT ( 'NONE',  ( 0.000000000000000000, -31.99999999999998579, 2.000000000000000000 ) ) ;
#2053 = DIRECTION ( 'NONE',  ( 0.000000000000000000, 4.336808689942017736E-15, -1.000000000000000000 ) ) ;
#2054 = VECTOR ( 'NONE', #7587, 1000.000000000000000 ) ;
#2055 = CARTESIAN_POINT ( 'NONE',  ( -37.25181215987404215, 38.00000000000000711, 3.599159522938018441 ) ) ;
#2056 = CARTESIAN_POINT ( 'NONE',  ( 44.56057348512483429, 39.23218390877386241, 8.767816091226212194 ) ) ;
#2057 = ORIENTED_EDGE ( 'NONE', *, *, #1593, .F. ) ;
#2058 = LINE ( 'NONE', #7524, #7277 ) ;
#2059 = AXIS2_PLACEMENT_3D ( 'NONE', #7844, #3805, #1419 ) ;
#2060 = LINE ( 'NONE', #6087, #5632 ) ;
#2061 = AXIS2_PLACEMENT_3D ( 'NONE', #4409, #589, #6810 ) ;
#2062 = EDGE_CURVE ( 'NONE', #8992, #5131, #7995, .T. ) ;
#2063 = EDGE_LOOP ( 'NONE', ( #2482, #2446, #4997 ) ) ;
#2064 = CARTESIAN_POINT ( 'NONE',  ( -42.76721222244307086, 42.84441858070980658, 0.000000000000000000 ) ) ;
#2065 = CARTESIAN_POINT ( 'NONE',  ( -37.04569807186452124, 36.50000000000000711, 1.996871942267131494 ) ) ;
#2066 = EDGE_CURVE ( 'NONE', #5571, #906, #5644, .T. ) ;
#2067 = CARTESIAN_POINT ( 'NONE',  ( 67.21932478866654037, -36.62548518299439593, 2.026862184407694389 ) ) ;
#2068 = CARTESIAN_POINT ( 'NONE',  ( -68.61797281844890506, 40.22482355321860581, 1.001576941442708701 ) ) ;
#2069 = VECTOR ( 'NONE', #4086, 1000.000000000000000 ) ;
#2070 = AXIS2_PLACEMENT_3D ( 'NONE', #6379, #9481, #7762 ) ;
#2071 = B_SPLINE_CURVE_WITH_KNOTS ( 'NONE', 3,
 ( #6977, #3033, #10067, #8450, #707, #9105, #5242, #8349, #10014, #4521, #4623 ),
 .UNSPECIFIED., .F., .F.,
 ( 4, 2, 1, 2, 2, 4 ),
 ( 0.5316391083501514903, 0.6487293312626035702, 0.7072744427188296656, 0.7365469984469451559, 0.7658195541750607571, 1.000000000000000000 ),
 .UNSPECIFIED. ) ;
#2072 = DIRECTION ( 'NONE',  ( 0.000000000000000000, 0.000000000000000000, -1.000000000000000000 ) ) ;
#2073 = CARTESIAN_POINT ( 'NONE',  ( 68.73859330826890357, 37.07694039715271117, 1.965890975504478222 ) ) ;
#2074 = DIRECTION ( 'NONE',  ( 0.000000000000000000, -0.000000000000000000, -1.000000000000000000 ) ) ;
#2075 = CARTESIAN_POINT ( 'NONE',  ( -56.22072856734141766, -39.42851303026842658, 5.157214928032846757 ) ) ;
#2076 = VECTOR ( 'NONE', #9826, 999.9999999999998863 ) ;
#2077 = DIRECTION ( 'NONE',  ( 0.000000000000000000, 0.000000000000000000, -1.000000000000000000 ) ) ;
#2078 = AXIS2_PLACEMENT_3D ( 'NONE', #886, #3990, #104 ) ;
#2079 = ORIENTED_EDGE ( 'NONE', *, *, #5052, .T. ) ;
#2080 = DIRECTION ( 'NONE',  ( -1.000000000000000000, 0.000000000000000000, 0.000000000000000000 ) ) ;
#2081 = ORIENTED_EDGE ( 'NONE', *, *, #2799, .T. ) ;
#2082 = DIRECTION ( 'NONE',  ( -0.02010727748879420976, 0.000000000000000000, -0.9997978282592879795 ) ) ;
#2083 =( BOUNDED_SURFACE ( )  B_SPLINE_SURFACE ( 3, 2, ( 
 ( #9736, #1989, #2742 ),
 ( #9975, #8461, #6881 ),
 ( #8315, #5354, #2941 ),
 ( #9065, #1467, #9115 ),
 ( #7548, #3665, #1370 ),
 ( #5203, #4477, #6830 ) ),
 .UNSPECIFIED., .F., .F., .T. ) 
 B_SPLINE_SURFACE_WITH_KNOTS ( ( 4, 2, 4 ),
 ( 3, 3 ),
 ( 2.633260691093934014, 2.887426672341863565, 3.141592653589793116 ),
 ( 0.000000000000000000, 1.000000000000000000 ),
 .UNSPECIFIED. ) 
 GEOMETRIC_REPRESENTATION_ITEM ( )  RATIONAL_B_SPLINE_SURFACE ( (
 ( 1.000000000000000000, 0.8993604662239569336, 1.000000000000000000),
 ( 1.000000000000000000, 0.9074673688473205990, 1.000000000000000000),
 ( 1.000000000000000000, 0.9136083511047781158, 1.000000000000000000),
 ( 1.000000000000000000, 0.9218151965166010431, 1.000000000000000000),
 ( 1.000000000000000000, 0.9238811161945812422, 1.000000000000000000),
 ( 1.000000000000000000, 0.9238795325112887369, 1.000000000000000000) ) ) 
 REPRESENTATION_ITEM ( '' )  SURFACE ( )  );
#2084 = AXIS2_PLACEMENT_3D ( 'NONE', #6643, #2003, #1138 ) ;
#2085 = CARTESIAN_POINT ( 'NONE',  ( -39.08004687640572428, 38.11104645177453421, 9.668599781182848574 ) ) ;
#2086 = CARTESIAN_POINT ( 'NONE',  ( -63.37839837534282594, -40.90791748510923753, 2.137771423809800009 ) ) ;
#2087 = CARTESIAN_POINT ( 'NONE',  ( -53.49999999999992184, -38.83503435370123924, 6.164965646298847801 ) ) ;
#2088 = CARTESIAN_POINT ( 'NONE',  ( 62.49314726662305475, -23.20349147688649083, 4.504316485890008437 ) ) ;
#2089 = CARTESIAN_POINT ( 'NONE',  ( -37.25177238853220274, 37.00000000000000711, 3.593743884534262634 ) ) ;
#2090 = DIRECTION ( 'NONE',  ( -0.000000000000000000, -0.9538173892666751419, -0.3003870635238873876 ) ) ;
#2091 = ADVANCED_FACE ( 'NONE', ( #5742 ), #3447, .F. ) ;
#2092 = CARTESIAN_POINT ( 'NONE',  ( 54.90269496430934737, -39.45156601573113164, 4.911707288153643880 ) ) ;
#2093 = ORIENTED_EDGE ( 'NONE', *, *, #5424, .T. ) ;
#2094 = CARTESIAN_POINT ( 'NONE',  ( 58.79289321881360308, 0.000000000000000000, 8.707106781186540800 ) ) ;
#2095 = VERTEX_POINT ( 'NONE', #2470 ) ;
#2096 = ORIENTED_EDGE ( 'NONE', *, *, #9970, .F. ) ;
#2097 = CARTESIAN_POINT ( 'NONE',  ( -37.86617457699446021, 37.78894137933684760, 3.584718875788106107 ) ) ;
#2098 = CARTESIAN_POINT ( 'NONE',  ( 65.34296203775666356, -30.99999999999998579, 2.836880822585404083 ) ) ;
#2099 = CARTESIAN_POINT ( 'NONE',  ( -37.25181215987405636, 41.03837683323503427, 10.43851104196575896 ) ) ;
#2100 = DIRECTION ( 'NONE',  ( 0.000000000000000000, 0.000000000000000000, -1.000000000000000000 ) ) ;
#2101 = CARTESIAN_POINT ( 'NONE',  ( 65.82195073588803780, -30.58909310845134399, 1.935337389948388553 ) ) ;
#2102 = DIRECTION ( 'NONE',  ( -1.000000000000000000, 0.000000000000000000, 0.000000000000000000 ) ) ;
#2103 = EDGE_CURVE ( 'NONE', #5225, #7313, #8858, .T. ) ;
#2104 = VERTEX_POINT ( 'NONE', #7226 ) ;
#2105 = CARTESIAN_POINT ( 'NONE',  ( 53.50000000000000711, -31.99999999999998579, 0.000000000000000000 ) ) ;
#2106 = DIRECTION ( 'NONE',  ( -0.000000000000000000, -0.000000000000000000, -1.000000000000000000 ) ) ;
#2107 = ORIENTED_EDGE ( 'NONE', *, *, #8105, .F. ) ;
#2108 = CARTESIAN_POINT ( 'NONE',  ( -64.13452373906478954, -41.40836774813109145, 2.024157420073385616 ) ) ;
#2109 = CARTESIAN_POINT ( 'NONE',  ( -37.25181215987404926, 41.03837683323504137, 10.43851104196576252 ) ) ;
#2110 = ORIENTED_EDGE ( 'NONE', *, *, #7853, .T. ) ;
#2111 = CARTESIAN_POINT ( 'NONE',  ( 37.25181215987186789, 37.00000000000002132, 10.82842712474632663 ) ) ;
#2112 = CARTESIAN_POINT ( 'NONE',  ( 62.14602740511415391, 24.96663703396386680, 5.353972594885497038 ) ) ;
#2113 = VERTEX_POINT ( 'NONE', #1864 ) ;
#2114 = ADVANCED_FACE ( 'NONE', ( #2575 ), #1716, .F. ) ;
#2115 = ADVANCED_FACE ( 'NONE', ( #176 ), #8901, .T. ) ;
#2116 = EDGE_CURVE ( 'NONE', #964, #8951, #6549, .T. ) ;
#2117 = CARTESIAN_POINT ( 'NONE',  ( 55.18041933941726995, -39.54097311615560528, 0.000000000000000000 ) ) ;
#2118 = EDGE_LOOP ( 'NONE', ( #5558, #5928, #8216, #1289, #5978 ) ) ;
#2119 = CARTESIAN_POINT ( 'NONE',  ( 61.74103498225235143, -40.78023366895688895, 2.435217537569083213 ) ) ;
#2120 = CARTESIAN_POINT ( 'NONE',  ( 60.49999999999997158, 0.6408283168701125465, -0.03481862698998015870 ) ) ;
#2121 = AXIS2_PLACEMENT_3D ( 'NONE', #21, #3136, #6822 ) ;
#2122 = DIRECTION ( 'NONE',  ( 0.6145275576728885802, 0.7888953548225483559, 0.000000000000000000 ) ) ;
#2123 = CARTESIAN_POINT ( 'NONE',  ( 37.85799328223171756, 37.78075184638197470, 3.382443431127056588 ) ) ;
#2124 = CARTESIAN_POINT ( 'NONE',  ( 58.90223632457669822, 25.80654711205596286, 8.597763675423456320 ) ) ;
#2125 = ORIENTED_EDGE ( 'NONE', *, *, #5248, .T. ) ;
#2126 = ORIENTED_EDGE ( 'NONE', *, *, #5554, .T. ) ;
#2127 = AXIS2_PLACEMENT_3D ( 'NONE', #7815, #5414, #7863 ) ;
#2128 = CARTESIAN_POINT ( 'NONE',  ( 43.36767997638425953, 38.47443863772738837, 9.368486388664434728 ) ) ;
#2129 = CARTESIAN_POINT ( 'NONE',  ( 53.50000000000000000, 36.00000000000001421, 9.000000000000001776 ) ) ;
#2130 = DIRECTION ( 'NONE',  ( -0.000000000000000000, -0.000000000000000000, -1.000000000000000000 ) ) ;
#2131 = DIRECTION ( 'NONE',  ( -1.000000000000000000, 0.000000000000000000, 0.000000000000000000 ) ) ;
#2132 = AXIS2_PLACEMENT_3D ( 'NONE', #222, #8042, #4114 ) ;
#2133 = CARTESIAN_POINT ( 'NONE',  ( 58.79289321881359598, -24.79228831549498580, 8.707106781186544353 ) ) ;
#2134 = CIRCLE ( 'NONE', #6691, 4.000000000000003553 ) ;
#2135 = ORIENTED_EDGE ( 'NONE', *, *, #545, .T. ) ;
#2136 =( BOUNDED_SURFACE ( )  B_SPLINE_SURFACE ( 3, 2, ( 
 ( #2738, #6520, #5051 ),
 ( #8164, #9621, #7500 ),
 ( #2638, #9013, #2834 ),
 ( #5861, #3411, #2788 ) ),
 .UNSPECIFIED., .F., .F., .T. ) 
 B_SPLINE_SURFACE_WITH_KNOTS ( ( 4, 4 ),
 ( 3, 3 ),
 ( 0.000000000000000000, 0.001024070384500412600 ),
 ( 0.000000000000000000, 0.3751616823244187104 ),
 .UNSPECIFIED. ) 
 GEOMETRIC_REPRESENTATION_ITEM ( )  RATIONAL_B_SPLINE_SURFACE ( (
 ( 1.000000000000000000, 0.9708645764248042820, 0.9635901418970185262),
 ( 1.000000000000000000, 0.9698211071648077386, 0.9622861427430936532),
 ( 1.000000000000000000, 0.9674716308350089777, 0.9593500570684334594),
 ( 1.000000000000000000, 0.9643962885047223654, 0.9555068736125680307) ) ) 
 REPRESENTATION_ITEM ( '' )  SURFACE ( )  );
#2137 = ADVANCED_FACE ( 'NONE', ( #5233 ), #1485, .F. ) ;
#2138 = CARTESIAN_POINT ( 'NONE',  ( 36.15798029180214002, 40.95681552296451855, 11.63583204566430318 ) ) ;
#2139 = AXIS2_PLACEMENT_3D ( 'NONE', #6290, #795, #58 ) ;
#2140 = CARTESIAN_POINT ( 'NONE',  ( 67.67134141240869383, 37.35900334888626162, 2.053585855123629234 ) ) ;
#2141 = ORIENTED_EDGE ( 'NONE', *, *, #6728, .T. ) ;
#2142 = CYLINDRICAL_SURFACE ( 'NONE', #8579, 1.000000000000000666 ) ;
#2143 = EDGE_LOOP ( 'NONE', ( #5691, #9288, #7731, #8352 ) ) ;
#2144 = ORIENTED_EDGE ( 'NONE', *, *, #8200, .F. ) ;
#2145 = CARTESIAN_POINT ( 'NONE',  ( 37.16988838816668306, 37.42680390292136394, 2.350436461648520048 ) ) ;
#2146 = DIRECTION ( 'NONE',  ( -0.8100080635893511793, 0.5282013195537036410, 0.2547357512049612249 ) ) ;
#2147 = PLANE ( 'NONE',  #7828 ) ;
#2148 = LINE ( 'NONE', #9942, #8821 ) ;
#2149 = CARTESIAN_POINT ( 'NONE',  ( 67.71688767352256377, -37.22702271070570390, 2.000000000000000000 ) ) ;
#2150 = FACE_OUTER_BOUND ( 'NONE', #5163, .T. ) ;
#2151 = ORIENTED_EDGE ( 'NONE', *, *, #3248, .T. ) ;
#2152 = CARTESIAN_POINT ( 'NONE',  ( -63.01040764008568118, 34.00000000000000711, 4.489592359914370334 ) ) ;
#2153 = CYLINDRICAL_SURFACE ( 'NONE', #2689, 2.899999999999999911 ) ;
#2154 = EDGE_LOOP ( 'NONE', ( #8845, #8325, #314, #7728, #7790 ) ) ;
#2155 = DIRECTION ( 'NONE',  ( -1.000000000000000000, 0.000000000000000000, 0.000000000000000000 ) ) ;
#2156 = CARTESIAN_POINT ( 'NONE',  ( 38.37607574964893331, 40.93133973249188529, 10.25824200171600609 ) ) ;
#2157 = EDGE_CURVE ( 'NONE', #4228, #3632, #496, .T. ) ;
#2158 = ADVANCED_FACE ( 'NONE', ( #2869 ), #8903, .F. ) ;
#2159 = LINE ( 'NONE', #3600, #2781 ) ;
#2160 = CARTESIAN_POINT ( 'NONE',  ( 61.86132007135356758, 25.16164495907877807, 5.638679928646557649 ) ) ;
#2161 = CIRCLE ( 'NONE', #4789, 4.585786437627032974 ) ;
#2162 = CARTESIAN_POINT ( 'NONE',  ( -40.62249397666558082, 35.98981452748891741, 2.875790822574662453 ) ) ;
#2163 = ORIENTED_EDGE ( 'NONE', *, *, #5695, .F. ) ;
#2164 = FACE_OUTER_BOUND ( 'NONE', #9272, .T. ) ;
#2165 = CARTESIAN_POINT ( 'NONE',  ( 64.93076916642165486, -41.49920107556694404, 2.000000000000000000 ) ) ;
#2166 = EDGE_LOOP ( 'NONE', ( #2496, #3459, #8466, #145 ) ) ;
#2167 = DIRECTION ( 'NONE',  ( -0.8735575910849376902, 0.4867207978480894703, 0.000000000000000000 ) ) ;
#2168 = FACE_OUTER_BOUND ( 'NONE', #809, .T. ) ;
#2169 = EDGE_CURVE ( 'NONE', #8982, #4947, #2159, .T. ) ;
#2170 = DIRECTION ( 'NONE',  ( -0.000000000000000000, -0.000000000000000000, -1.000000000000000000 ) ) ;
#2171 = ORIENTED_EDGE ( 'NONE', *, *, #690, .T. ) ;
#2172 = AXIS2_PLACEMENT_3D ( 'NONE', #3075, #4562, #3023 ) ;
#2173 = CARTESIAN_POINT ( 'NONE',  ( -37.25181215987404926, 45.00000000000001421, 6.000000000000091482 ) ) ;
#2174 = ORIENTED_EDGE ( 'NONE', *, *, #4613, .F. ) ;
#2175 = CARTESIAN_POINT ( 'NONE',  ( 69.00000000000001421, -0.2325875560534298725, 0.7385339864116927666 ) ) ;
#2176 = CARTESIAN_POINT ( 'NONE',  ( -64.13899009024898135, 30.22754081383455826, 3.361009909751066171 ) ) ;
#2177 = EDGE_CURVE ( 'NONE', #7678, #7476, #2452, .T. ) ;
#2178 = CARTESIAN_POINT ( 'NONE',  ( 0.000000000000000000, -31.99999999999998579, 0.000000000000000000 ) ) ;
#2179 = CARTESIAN_POINT ( 'NONE',  ( 59.46199940053620026, -21.80568766229460209, 8.038000599463947182 ) ) ;
#2180 = CARTESIAN_POINT ( 'NONE',  ( -37.25181215987404926, 44.70710678118656034, 6.292893218813547129 ) ) ;
#2181 = EDGE_CURVE ( 'NONE', #6913, #6190, #7194, .T. ) ;
#2182 = AXIS2_PLACEMENT_3D ( 'NONE', #6736, #9023, #2042 ) ;
#2183 = DIRECTION ( 'NONE',  ( 0.4376360731224936962, -0.7854612243795633386, 0.4376360731224980261 ) ) ;
#2184 = CARTESIAN_POINT ( 'NONE',  ( -53.49999999999996447, -32.99999999999998579, 9.000000000000001776 ) ) ;
#2185 = ORIENTED_EDGE ( 'NONE', *, *, #3257, .F. ) ;
#2186 = CARTESIAN_POINT ( 'NONE',  ( -67.73146578155754582, 37.06368864801578411, 2.054763254799922834 ) ) ;
#2187 = EDGE_LOOP ( 'NONE', ( #1726, #845, #6178, #4163 ) ) ;
#2188 = ORIENTED_EDGE ( 'NONE', *, *, #7538, .F. ) ;
#2189 = AXIS2_PLACEMENT_3D ( 'NONE', #4361, #8239, #7568 ) ;
#2190 = DIRECTION ( 'NONE',  ( 1.000000000000000000, 0.000000000000000000, 0.000000000000000000 ) ) ;
#2191 = CARTESIAN_POINT ( 'NONE',  ( 61.20710678118650350, -20.32438493588871609, 6.292893218813616407 ) ) ;
#2192 =( BOUNDED_SURFACE ( )  B_SPLINE_SURFACE ( 3, 2, ( 
 ( #684, #5468, #1441 ),
 ( #2343, #2296, #2398 ),
 ( #7718, #4549, #8628 ),
 ( #7768, #3937, #786 ) ),
 .UNSPECIFIED., .F., .F., .F. ) 
 B_SPLINE_SURFACE_WITH_KNOTS ( ( 4, 4 ),
 ( 3, 3 ),
 ( 3.141592653589793116, 3.565041243634445411 ),
 ( 0.000000000000000000, 1.000000000000000000 ),
 .UNSPECIFIED. ) 
 GEOMETRIC_REPRESENTATION_ITEM ( )  RATIONAL_B_SPLINE_SURFACE ( (
 ( 1.000000000000000000, 0.9238795325112878487, 1.000000000000000000),
 ( 1.000000000000000000, 0.9238865329825569628, 1.000000000000000000),
 ( 1.000000000000000000, 0.9181357408033944401, 1.000000000000000000),
 ( 1.000000000000000000, 0.9068222570079184086, 1.000000000000000000) ) ) 
 REPRESENTATION_ITEM ( '' )  SURFACE ( )  );
#2193 = CARTESIAN_POINT ( 'NONE',  ( -35.87171203778519413, 41.00253010497679185, 10.72785864819452328 ) ) ;
#2194 = CARTESIAN_POINT ( 'NONE',  ( -53.81893226856484347, 41.71823856633494643, 6.275174800761488925 ) ) ;
#2195 = CARTESIAN_POINT ( 'NONE',  ( 61.49999999999997868, 21.07884740024818271, 5.585786437627051626 ) ) ;
#2196 = CARTESIAN_POINT ( 'NONE',  ( -68.81396179781772560, 37.26820214633551842, 1.026896673772984547 ) ) ;
#2197 = VECTOR ( 'NONE', #3514, 1000.000000000000000 ) ;
#2198 = CARTESIAN_POINT ( 'NONE',  ( 3.006931872794131315E-15, 41.00000000000000711, 5.585786437626968137 ) ) ;
#2199 = ORIENTED_EDGE ( 'NONE', *, *, #3750, .T. ) ;
#2200 = CARTESIAN_POINT ( 'NONE',  ( 67.87618796401146426, 37.42037800267574710, 2.032565609254245675 ) ) ;
#2201 = DIRECTION ( 'NONE',  ( 1.000000000000000000, -0.000000000000000000, -0.000000000000000000 ) ) ;
#2202 = EDGE_LOOP ( 'NONE', ( #7658, #7935, #8775, #5423, #8714, #2700, #4080, #3287 ) ) ;
#2203 = DIRECTION ( 'NONE',  ( 0.000000000000000000, -0.3003870635238873876, 0.9538173892666751419 ) ) ;
#2204 = CARTESIAN_POINT ( 'NONE',  ( 68.52005375305610357, 40.41590182869251180, 1.001781508903860862 ) ) ;
#2205 = EDGE_LOOP ( 'NONE', ( #5677, #6088, #4901 ) ) ;
#2206 = CIRCLE ( 'NONE', #4834, 1.000000000000000888 ) ;
#2207 = CARTESIAN_POINT ( 'NONE',  ( 40.37516288445153378, 36.11810906052851777, 2.087571060492215302 ) ) ;
#2208 = FACE_OUTER_BOUND ( 'NONE', #6010, .T. ) ;
#2209 = ORIENTED_EDGE ( 'NONE', *, *, #8046, .T. ) ;
#2210 = ADVANCED_FACE ( 'NONE', ( #5898 ), #9710, .F. ) ;
#2211 = DIRECTION ( 'NONE',  ( 1.000000000000000000, 0.000000000000000000, 0.000000000000000000 ) ) ;
#2212 = VERTEX_POINT ( 'NONE', #8999 ) ;
#2213 = CARTESIAN_POINT ( 'NONE',  ( 68.82423582836696596, 37.30223891155752369, 1.963171753820964316 ) ) ;
#2214 = CARTESIAN_POINT ( 'NONE',  ( 63.83631036095746936, -42.32754205712595308, 1.991683565629860375 ) ) ;
#2215 = ORIENTED_EDGE ( 'NONE', *, *, #3126, .T. ) ;
#2216 = DIRECTION ( 'NONE',  ( 0.000000000000000000, 3.469446951953614189E-15, -1.000000000000000000 ) ) ;
#2217 = CARTESIAN_POINT ( 'NONE',  ( 37.65741238377255229, 37.47282890144873591, 2.561136780846225758 ) ) ;
#2218 = CARTESIAN_POINT ( 'NONE',  ( -54.29250294966056600, -38.94007882974200641, 6.059921170258085077 ) ) ;
#2219 = AXIS2_PLACEMENT_3D ( 'NONE', #3926, #976, #7196 ) ;
#2220 = VERTEX_POINT ( 'NONE', #1207 ) ;
#2221 = AXIS2_PLACEMENT_3D ( 'NONE', #5439, #4568, #2216 ) ;
#2222 = DIRECTION ( 'NONE',  ( 0.000000000000000000, -1.000000000000000000, 0.000000000000000000 ) ) ;
#2223 = ADVANCED_FACE ( 'NONE', ( #2017 ), #167, .F. ) ;
#2224 = B_SPLINE_CURVE_WITH_KNOTS ( 'NONE', 3,
 ( #4816, #1082, #4194, #7307, #4246, #4044, #9072, #521, #3627, #7408 ),
 .UNSPECIFIED., .F., .F.,
 ( 4, 2, 2, 2, 4 ),
 ( 0.0007810855209725813117, 0.002817400241977607942, 0.003835557602480111662, 0.004344636282731355499, 0.004853714962982598469 ),
 .UNSPECIFIED. ) ;
#2225 = AXIS2_PLACEMENT_3D ( 'NONE', #4488, #7611, #622 ) ;
#2226 = FACE_OUTER_BOUND ( 'NONE', #3316, .T. ) ;
#2227 = CARTESIAN_POINT ( 'NONE',  ( -64.09197793173423463, 30.31371430412101020, 3.408022068265805338 ) ) ;
#2228 = CIRCLE ( 'NONE', #2873, 1.600000000000004086 ) ;
#2229 = EDGE_CURVE ( 'NONE', #1844, #5641, #7729, .T. ) ;
#2230 = DIRECTION ( 'NONE',  ( -0.08475516577348402025, 0.000000000000000000, -0.9964018074425141647 ) ) ;
#2231 = DIRECTION ( 'NONE',  ( 0.3924313469075670358, -0.8318625342739163209, 0.3924313469075708105 ) ) ;
#2232 = CARTESIAN_POINT ( 'NONE',  ( 40.51988566813188442, 39.77612964221017222, 9.896574535217611768 ) ) ;
#2233 = AXIS2_PLACEMENT_3D ( 'NONE', #2036, #6068, #9879 ) ;
#2234 = EDGE_LOOP ( 'NONE', ( #4775, #1707, #6656, #1729 ) ) ;
#2235 = CARTESIAN_POINT ( 'NONE',  ( 40.67534808822999537, 35.41526281460399161, 1.490014703340494684 ) ) ;
#2236 = ADVANCED_FACE ( 'NONE', ( #6094 ), #8386, .F. ) ;
#2237 = CARTESIAN_POINT ( 'NONE',  ( 61.49999999999997868, 13.65651987538036671, 13.49999999999999645 ) ) ;
#2238 = EDGE_CURVE ( 'NONE', #1677, #6464, #1996, .T. ) ;
#2239 = ORIENTED_EDGE ( 'NONE', *, *, #6411, .T. ) ;
#2240 = CARTESIAN_POINT ( 'NONE',  ( 58.31247748280057408, -22.45082066653364805, 8.740924519801692938 ) ) ;
#2241 = VECTOR ( 'NONE', #4354, 1000.000000000000000 ) ;
#2242 = VERTEX_POINT ( 'NONE', #6243 ) ;
#2243 = ORIENTED_EDGE ( 'NONE', *, *, #6895, .T. ) ;
#2244 = CARTESIAN_POINT ( 'NONE',  ( -33.77171203778518560, 41.00000000000000711, 11.00000000000000355 ) ) ;
#2245 = CARTESIAN_POINT ( 'NONE',  ( 36.79634897802430515, 41.01939587462273096, 10.53400207140940381 ) ) ;
#2246 = CARTESIAN_POINT ( 'NONE',  ( -64.93076916642158380, -41.49920107556696536, 2.000000000000000000 ) ) ;
#2247 = B_SPLINE_CURVE_WITH_KNOTS ( 'NONE', 3,
 ( #8271, #1283, #7507, #4392, #6220, #2235, #6939, #9978, #10080, #3097 ),
 .UNSPECIFIED., .F., .F.,
 ( 4, 2, 2, 2, 4 ),
 ( -2.255267141518970176E-05, 0.001996043972672098543, 0.004014640616759387361, 0.006033237260846676178, 0.008051833904933964128 ),
 .UNSPECIFIED. ) ;
#2248 = CARTESIAN_POINT ( 'NONE',  ( 0.000000000000000000, -32.99999999999998579, 8.000000000000000000 ) ) ;
#2249 = CARTESIAN_POINT ( 'NONE',  ( 54.99073402808024724, -39.08402805511089895, 5.801987719772595753 ) ) ;
#2250 = CARTESIAN_POINT ( 'NONE',  ( -55.42824105035455773, 42.08447995084974025, 5.242055328963657779 ) ) ;
#2251 = EDGE_CURVE ( 'NONE', #6464, #4111, #1980, .T. ) ;
#2252 = CARTESIAN_POINT ( 'NONE',  ( -41.20526665908003139, 39.54047299771180235, 9.599860102687786778 ) ) ;
#2253 = ORIENTED_EDGE ( 'NONE', *, *, #2934, .T. ) ;
#2254 = CARTESIAN_POINT ( 'NONE',  ( -64.33196729626827448, 32.39697850948825675, 3.293374648269739691 ) ) ;
#2255 = CARTESIAN_POINT ( 'NONE',  ( 42.85191572870943588, 35.25909964106996597, 8.414547187247491067 ) ) ;
#2256 = ORIENTED_EDGE ( 'NONE', *, *, #4664, .F. ) ;
#2257 = DIRECTION ( 'NONE',  ( 1.000000000000000000, 0.000000000000000000, 0.000000000000000000 ) ) ;
#2258 = DIRECTION ( 'NONE',  ( 1.000000000000000000, 6.938893903907222067E-15, 8.673617379884027583E-16 ) ) ;
#2259 = DIRECTION ( 'NONE',  ( -0.9538304031031377139, -0.01510265663643957541, 0.2999657845132136513 ) ) ;
#2260 = CARTESIAN_POINT ( 'NONE',  ( 38.62590607993539038, 41.00000000000001421, 2.000000000000000000 ) ) ;
#2261 = ORIENTED_EDGE ( 'NONE', *, *, #6121, .F. ) ;
#2262 = DIRECTION ( 'NONE',  ( -0.02307694452612078090, 0.9997336918556554153, 0.000000000000000000 ) ) ;
#2263 = CARTESIAN_POINT ( 'NONE',  ( 65.10675185695076550, 31.67985568588229484, 2.840382908255365990 ) ) ;
#2264 = ORIENTED_EDGE ( 'NONE', *, *, #2732, .F. ) ;
#2265 = CARTESIAN_POINT ( 'NONE',  ( 67.46581096584691295, 40.26211125583279227, 2.002719258963075788 ) ) ;
#2266 = CARTESIAN_POINT ( 'NONE',  ( 64.54051756168831844, -42.49045923141772363, 1.984955255864619961 ) ) ;
#2267 = ORIENTED_EDGE ( 'NONE', *, *, #5221, .F. ) ;
#2268 = LINE ( 'NONE', #8498, #2706 ) ;
#2269 = CARTESIAN_POINT ( 'NONE',  ( 37.54475071461172320, 37.29567348660061299, 2.343602488037357379 ) ) ;
#2270 = DIRECTION ( 'NONE',  ( 0.000000000000000000, 0.000000000000000000, 1.000000000000000000 ) ) ;
#2271 = CARTESIAN_POINT ( 'NONE',  ( 58.17355159063008330, 41.79433265994372704, 4.933549097094677371 ) ) ;
#2272 = ORIENTED_EDGE ( 'NONE', *, *, #2547, .T. ) ;
#2273 = LINE ( 'NONE', #863, #6461 ) ;
#2274 = CARTESIAN_POINT ( 'NONE',  ( -64.24586432277520487, 30.07059241551965556, 3.254135677224863077 ) ) ;
#2275 = PLANE ( 'NONE',  #6941 ) ;
#2276 = DIRECTION ( 'NONE',  ( -0.000000000000000000, -0.000000000000000000, -1.000000000000000000 ) ) ;
#2277 = CARTESIAN_POINT ( 'NONE',  ( -67.33845688390397299, 40.43542561467316432, 2.003829286946664734 ) ) ;
#2278 = ADVANCED_FACE ( 'NONE', ( #3021 ), #7780, .T. ) ;
#2279 = AXIS2_PLACEMENT_3D ( 'NONE', #4074, #341, #3450 ) ;
#2280 = FACE_OUTER_BOUND ( 'NONE', #93, .T. ) ;
#2281 = CARTESIAN_POINT ( 'NONE',  ( 65.91437650103999601, 35.74340399915213595, 2.539581584819910365 ) ) ;
#2282 = ORIENTED_EDGE ( 'NONE', *, *, #10072, .F. ) ;
#2283 = AXIS2_PLACEMENT_3D ( 'NONE', #4563, #701, #1724 ) ;
#2284 = LINE ( 'NONE', #5407, #6797 ) ;
#2285 = ORIENTED_EDGE ( 'NONE', *, *, #2914, .T. ) ;
#2286 = VERTEX_POINT ( 'NONE', #9345 ) ;
#2287 = CARTESIAN_POINT ( 'NONE',  ( 37.08147354769208448, 36.48606594927070290, 1.997877184084307256 ) ) ;
#2288 = DIRECTION ( 'NONE',  ( -0.000000000000000000, -0.000000000000000000, 1.000000000000000000 ) ) ;
#2289 = CARTESIAN_POINT ( 'NONE',  ( -61.49999999999997158, -4.640181046290678957, 4.500000000000000888 ) ) ;
#2290 = ORIENTED_EDGE ( 'NONE', *, *, #9353, .T. ) ;
#2291 = CARTESIAN_POINT ( 'NONE',  ( -54.72898513437414181, 41.74734301363229605, 6.167846439161063898 ) ) ;
#2292 = ADVANCED_FACE ( 'NONE', ( #4718 ), #2964, .T. ) ;
#2293 = CARTESIAN_POINT ( 'NONE',  ( -43.26256185813801380, 39.15415994250233922, 9.121653968434035420 ) ) ;
#2294 = VECTOR ( 'NONE', #7796, 1000.000000000000000 ) ;
#2295 = VECTOR ( 'NONE', #5300, 1000.000000000000000 ) ;
#2296 = CARTESIAN_POINT ( 'NONE',  ( -61.49999999996997246, -20.23061060474039863, 5.999999999997103650 ) ) ;
#2297 = PLANE ( 'NONE',  #7953 ) ;
#2298 = ORIENTED_EDGE ( 'NONE', *, *, #57, .F. ) ;
#2299 = CARTESIAN_POINT ( 'NONE',  ( -42.05117159987383246, 38.49894241964433661, 9.782509119218403271 ) ) ;
#2300 = ORIENTED_EDGE ( 'NONE', *, *, #8190, .T. ) ;
#2302 = EDGE_CURVE ( 'NONE', #1695, #4284, #8337, .T. ) ;
#2301 = CARTESIAN_POINT ( 'NONE',  ( 37.86617457699227884, 37.78894137933686181, 3.584718875788109216 ) ) ;
#2303 = DIRECTION ( 'NONE',  ( 1.000000000000000000, 0.000000000000000000, 0.000000000000000000 ) ) ;
#2304 = CARTESIAN_POINT ( 'NONE',  ( 45.22532245313247046, 35.00000000000000000, 0.3999999999999999667 ) ) ;
#2305 = CARTESIAN_POINT ( 'NONE',  ( 53.50000000000000711, -32.99999999999998579, 8.000000000000000000 ) ) ;
#2306 = EDGE_LOOP ( 'NONE', ( #8934, #3482, #9433, #1444, #4867 ) ) ;
#2307 = CARTESIAN_POINT ( 'NONE',  ( -63.01040764008568118, -30.99999999999997158, 4.489592359914380992 ) ) ;
#2308 =( BOUNDED_CURVE ( )  B_SPLINE_CURVE ( 3, ( #4024, #3252, #9467, #3350 ),
 .UNSPECIFIED., .F., .T. ) 
 B_SPLINE_CURVE_WITH_KNOTS ( ( 4, 4 ),
 ( 5.978086874439097365, 6.283185307179586232 ),
 .UNSPECIFIED. ) 
 CURVE ( )  GEOMETRIC_REPRESENTATION_ITEM ( )  RATIONAL_B_SPLINE_CURVE ( ( 1.000000000000000000, 0.9922579436335263736, 0.9922579436335263736, 1.000000000000000000 ) ) 
 REPRESENTATION_ITEM ( '' )  );
#2309 = CARTESIAN_POINT ( 'NONE',  ( 67.73503194465811816, -37.26727932535403198, 2.000000000000000000 ) ) ;
#2310 = ORIENTED_EDGE ( 'NONE', *, *, #4741, .T. ) ;
#2311 = CARTESIAN_POINT ( 'NONE',  ( 68.88583676825220437, 39.48117434297127915, 1.001780319371151196 ) ) ;
#2312 = DIRECTION ( 'NONE',  ( 0.5462207591557595165, -0.8376412610821567517, 0.000000000000000000 ) ) ;
#2313 = ORIENTED_EDGE ( 'NONE', *, *, #9213, .T. ) ;
#2314 = CARTESIAN_POINT ( 'NONE',  ( -33.77171203778518560, 41.00000000000000711, 11.00000000000000355 ) ) ;
#2315 = CARTESIAN_POINT ( 'NONE',  ( 37.69184129477994105, 37.52681193292743700, 2.641389236709455801 ) ) ;
#2316 = CARTESIAN_POINT ( 'NONE',  ( -53.25379579564057053, 53.24453208529339321, 2.000000000000000000 ) ) ;
#2317 = CARTESIAN_POINT ( 'NONE',  ( -37.25181215987404926, 44.00000000000001421, 5.585786437627000112 ) ) ;
#2318 = ORIENTED_EDGE ( 'NONE', *, *, #9510, .T. ) ;
#2319 = CARTESIAN_POINT ( 'NONE',  ( 55.66245097130349251, 41.76755136882241004, 5.949162110696438077 ) ) ;
#2320 = ORIENTED_EDGE ( 'NONE', *, *, #6861, .F. ) ;
#2321 = LINE ( 'NONE', #8557, #261 ) ;
#2322 = DIRECTION ( 'NONE',  ( 1.000000000000000000, 0.000000000000000000, 0.000000000000000000 ) ) ;
#2323 = DIRECTION ( 'NONE',  ( 1.000000000000000000, 0.000000000000000000, 0.000000000000000000 ) ) ;
#2324 = FACE_OUTER_BOUND ( 'NONE', #8227, .T. ) ;
#2325 = CARTESIAN_POINT ( 'NONE',  ( -67.73174932740093368, 39.79719080413609333, 2.001409585530871560 ) ) ;
#2326 = AXIS2_PLACEMENT_3D ( 'NONE', #4609, #796, #10005 ) ;
#2327 = CARTESIAN_POINT ( 'NONE',  ( 39.65768270351077973, 44.56531748638453649, 6.063449321455064656 ) ) ;
#2328 = AXIS2_PLACEMENT_3D ( 'NONE', #249, #1841, #3368 ) ;
#2329 = EDGE_CURVE ( 'NONE', #1517, #4559, #1175, .T. ) ;
#2330 = DIRECTION ( 'NONE',  ( 2.453269466693368644E-15, -0.7071067811865437980, 0.7071067811865513475 ) ) ;
#2331 = EDGE_CURVE ( 'NONE', #2609, #8570, #847, .T. ) ;
#2332 = ORIENTED_EDGE ( 'NONE', *, *, #2006, .T. ) ;
#2333 = CARTESIAN_POINT ( 'NONE',  ( -55.56085799051677299, 42.09029015418759201, 5.664350798904334461 ) ) ;
#2334 = VERTEX_POINT ( 'NONE', #1758 ) ;
#2335 = ORIENTED_EDGE ( 'NONE', *, *, #668, .T. ) ;
#2336 = CARTESIAN_POINT ( 'NONE',  ( 37.24941739535630347, 37.99036858550871187, 3.391701268180425721 ) ) ;
#2337 = CARTESIAN_POINT ( 'NONE',  ( -57.49999999999997868, -17.20178939649807504, 6.264692779111545207 ) ) ;
#2338 = VERTEX_POINT ( 'NONE', #4147 ) ;
#2339 = DIRECTION ( 'NONE',  ( 0.8995544125216478060, -0.4339200428638968488, -0.05015232112103223255 ) ) ;
#2340 = VECTOR ( 'NONE', #9822, 1000.000000000000000 ) ;
#2341 = PLANE ( 'NONE',  #692 ) ;
#2342 = DIRECTION ( 'NONE',  ( 0.000000000000000000, 0.000000000000000000, 1.000000000000000000 ) ) ;
#2343 = CARTESIAN_POINT ( 'NONE',  ( -61.49999999999997868, -20.17202923929496450, 5.585786437622511258 ) ) ;
#2344 = CARTESIAN_POINT ( 'NONE',  ( -58.75489261934961149, -21.80568766229459499, 7.330893818277399276 ) ) ;
#2345 = ADVANCED_FACE ( 'NONE', ( #7982 ), #5125, .T. ) ;
#2346 = AXIS2_PLACEMENT_3D ( 'NONE', #8819, #7091, #1834 ) ;
#2347 = ORIENTED_EDGE ( 'NONE', *, *, #1131, .F. ) ;
#2348 = CARTESIAN_POINT ( 'NONE',  ( 67.79703676291504166, 39.29178199210670641, 2.004477453180069979 ) ) ;
#2349 = CARTESIAN_POINT ( 'NONE',  ( -41.92023108359408212, 36.55538655870792297, 9.823688006536979600 ) ) ;
#2350 = ORIENTED_EDGE ( 'NONE', *, *, #2972, .F. ) ;
#2351 = ORIENTED_EDGE ( 'NONE', *, *, #1182, .T. ) ;
#2352 = CARTESIAN_POINT ( 'NONE',  ( -54.49999999999997868, -30.99999999999997868, 8.000000000000000000 ) ) ;
#2353 = DIRECTION ( 'NONE',  ( 0.7888953548225486889, 0.6145275576728881362, -7.732507109963351518E-15 ) ) ;
#2354 = CARTESIAN_POINT ( 'NONE',  ( 42.32315490908401046, 35.37292779340765492, 2.037188261975628301 ) ) ;
#2355 = CIRCLE ( 'NONE', #9202, 1.000000000000000000 ) ;
#2356 = CARTESIAN_POINT ( 'NONE',  ( -56.69544737387884936, -40.02870223093124480, 3.782485578727836639 ) ) ;
#2357 = ORIENTED_EDGE ( 'NONE', *, *, #9244, .F. ) ;
#2358 = DIRECTION ( 'NONE',  ( 0.000000000000000000, 0.000000000000000000, 1.000000000000000000 ) ) ;
#2359 = EDGE_CURVE ( 'NONE', #4795, #607, #3382, .T. ) ;
#2360 = CARTESIAN_POINT ( 'NONE',  ( 66.11124683634973564, 33.70922912708201125, 2.512270995913703064 ) ) ;
#2361 = ORIENTED_EDGE ( 'NONE', *, *, #9008, .T. ) ;
#2362 = CARTESIAN_POINT ( 'NONE',  ( 67.97560227638410879, 37.76975378451853516, 2.018370299003366508 ) ) ;
#2363 = CARTESIAN_POINT ( 'NONE',  ( 65.36191085286218083, 32.18390997908591800, 2.769225778735214138 ) ) ;
#2364 = CIRCLE ( 'NONE', #4985, 1.599999999999996536 ) ;
#2366 = ORIENTED_EDGE ( 'NONE', *, *, #5695, .T. ) ;
#2365 = ADVANCED_FACE ( 'NONE', ( #4000 ), #9931, .F. ) ;
#2367 = DIRECTION ( 'NONE',  ( 3.337429865655985769E-16, 0.9538173892666751419, 0.3003870635238873876 ) ) ;
#2368 = CARTESIAN_POINT ( 'NONE',  ( -61.20710678118653192, -18.10646878060355291, 6.292893218813562228 ) ) ;
#2369 = CARTESIAN_POINT ( 'NONE',  ( -60.49999999999998579, -13.78853150712619779, 13.50000000000000000 ) ) ;
#2370 = FACE_OUTER_BOUND ( 'NONE', #6272, .T. ) ;
#2371 = ORIENTED_EDGE ( 'NONE', *, *, #5780, .F. ) ;
#2372 = CARTESIAN_POINT ( 'NONE',  ( 54.68247923597280646, 42.05180669072176869, 5.873791971241200116 ) ) ;
#2373 = VECTOR ( 'NONE', #5818, 1000.000000000000000 ) ;
#2374 = CARTESIAN_POINT ( 'NONE',  ( 39.55316018564410996, 39.56921620715234411, 10.56809736546700407 ) ) ;
#2375 = CARTESIAN_POINT ( 'NONE',  ( 67.02872912149176443, 33.92286196621269312, 1.440459066706870850 ) ) ;
#2376 = CARTESIAN_POINT ( 'NONE',  ( -67.91614023972989855, 41.26442310068489405, 1.005442815958815572 ) ) ;
#2377 = CARTESIAN_POINT ( 'NONE',  ( 65.15407125193343063, 42.51058728698966860, 1.149137686313822959 ) ) ;
#2378 = CONICAL_SURFACE ( 'NONE', #3025, 8.000000000000055067, 0.7853981633974430610 ) ;
#2379 = CARTESIAN_POINT ( 'NONE',  ( -67.92605023071286041, 39.26752344119479687, 2.001553529518053320 ) ) ;
#2380 = CIRCLE ( 'NONE', #933, 1.000000000000000000 ) ;
#2381 = CARTESIAN_POINT ( 'NONE',  ( -43.36767997638421690, 38.47443863772802075, 9.368486388664436504 ) ) ;
#2382 = AXIS2_PLACEMENT_3D ( 'NONE', #4366, #5126, #1250 ) ;
#2383 = TOROIDAL_SURFACE ( 'NONE', #3701, 2.000000000000000888, 1.000000000000000000 ) ;
#2384 = CARTESIAN_POINT ( 'NONE',  ( 63.37257606764369910, 36.09539643492569638, 3.958091118956042376 ) ) ;
#2385 = EDGE_LOOP ( 'NONE', ( #6528, #3118, #7019, #6708 ) ) ;
#2386 = DIRECTION ( 'NONE',  ( -0.2876879592904237337, 0.9134939934989291244, 0.2876879592904267313 ) ) ;
#2387 = ORIENTED_EDGE ( 'NONE', *, *, #9694, .F. ) ;
#2388 = ORIENTED_EDGE ( 'NONE', *, *, #7870, .T. ) ;
#2389 = DIRECTION ( 'NONE',  ( 1.000000000000000000, 0.000000000000000000, 0.000000000000000000 ) ) ;
#2390 = CARTESIAN_POINT ( 'NONE',  ( 58.08578643762704985, -30.99999999999998579, 7.999999999999996447 ) ) ;
#2391 = CARTESIAN_POINT ( 'NONE',  ( 51.73464987362546452, -38.99999999999998579, 0.000000000000000000 ) ) ;
#2392 = AXIS2_PLACEMENT_3D ( 'NONE', #9927, #713, #1422 ) ;
#2393 = AXIS2_PLACEMENT_3D ( 'NONE', #3883, #6187, #7053 ) ;
#2394 = EDGE_LOOP ( 'NONE', ( #7506, #2357, #3437, #8443 ) ) ;
#2395 = DIRECTION ( 'NONE',  ( 0.000000000000000000, -0.000000000000000000, -1.000000000000000000 ) ) ;
#2396 = EDGE_CURVE ( 'NONE', #572, #8419, #2459, .T. ) ;
#2397 = CYLINDRICAL_SURFACE ( 'NONE', #213, 11.24453208529338433 ) ;
#2398 = CARTESIAN_POINT ( 'NONE',  ( -61.20710678118577874, -20.31326311257290129, 6.292893218814307410 ) ) ;
#2399 =( BOUNDED_SURFACE ( )  B_SPLINE_SURFACE ( 3, 2, ( 
 ( #2569, #5689, #3954 ),
 ( #3237, #4832, #8797 ),
 ( #8694, #9599, #5735 ),
 ( #1600, #7068, #66 ) ),
 .UNSPECIFIED., .F., .F., .T. ) 
 B_SPLINE_SURFACE_WITH_KNOTS ( ( 4, 4 ),
 ( 3, 3 ),
 ( -9.540979117872439019E-18, 0.001857902937490174501 ),
 ( 0.000000000000000000, 1.000000000000000000 ),
 .UNSPECIFIED. ) 
 GEOMETRIC_REPRESENTATION_ITEM ( )  RATIONAL_B_SPLINE_SURFACE ( (
 ( 1.000000000000000000, 0.8750273689932436261, 1.000000000000000000),
 ( 1.000000000000000000, 0.8809073441606026789, 1.000000000000000000),
 ( 1.000000000000000000, 0.8871304625831589741, 1.000000000000000000),
 ( 1.000000000000000000, 0.8933820076829206425, 1.000000000000000000) ) ) 
 REPRESENTATION_ITEM ( '' )  SURFACE ( )  );
#2400 = AXIS2_PLACEMENT_3D ( 'NONE', #1448, #588, #7676 ) ;
#2401 = CARTESIAN_POINT ( 'NONE',  ( 38.26254553940800207, 44.70240897298237570, 6.247144805244808197 ) ) ;
#2402 = ORIENTED_EDGE ( 'NONE', *, *, #3629, .F. ) ;
#2403 = FACE_OUTER_BOUND ( 'NONE', #1619, .T. ) ;
#2404 = CARTESIAN_POINT ( 'NONE',  ( -41.52219870650184674, 35.50426090813677149, 9.948863398166517769 ) ) ;
#2405 = EDGE_LOOP ( 'NONE', ( #4811, #7142, #900, #3697 ) ) ;
#2406 = CARTESIAN_POINT ( 'NONE',  ( 37.04569807186233987, 36.50000000000001421, 1.996871942267131494 ) ) ;
#2407 = DIRECTION ( 'NONE',  ( 1.000000000000000000, -0.000000000000000000, -0.000000000000000000 ) ) ;
#2408 = CARTESIAN_POINT ( 'NONE',  ( 40.34458687638079510, 36.13713387465440263, 2.984459485665660772 ) ) ;
#2409 = EDGE_CURVE ( 'NONE', #2338, #2045, #8662, .T. ) ;
#2410 = DIRECTION ( 'NONE',  ( 0.000000000000000000, -0.000000000000000000, 1.000000000000000000 ) ) ;
#2411 = CARTESIAN_POINT ( 'NONE',  ( 57.28316869836383063, -39.72556520119589862, 4.489592359914374775 ) ) ;
#2412 = LINE ( 'NONE', #5536, #1474 ) ;
#2413 = ORIENTED_EDGE ( 'NONE', *, *, #686, .F. ) ;
#2414 = CARTESIAN_POINT ( 'NONE',  ( -60.49304996186188532, 42.30637897526308677, 2.628526937226722815 ) ) ;
#2415 = LINE ( 'NONE', #3290, #1888 ) ;
#2416 = ORIENTED_EDGE ( 'NONE', *, *, #5500, .T. ) ;
#2417 = CARTESIAN_POINT ( 'NONE',  ( 43.82730658447633232, 35.06594569090218272, 9.205636344372127411 ) ) ;
#2418 = CARTESIAN_POINT ( 'NONE',  ( -37.55181215987403931, 39.00000000000000711, 11.19749220199242501 ) ) ;
#2419 = CARTESIAN_POINT ( 'NONE',  ( -39.89681529106971425, 39.35482471155205531, 10.46002283464306970 ) ) ;
#2420 = CARTESIAN_POINT ( 'NONE',  ( 60.49999999999997158, -1.991441949589780335E-14, 5.585786437627058731 ) ) ;
#2421 = EDGE_CURVE ( 'NONE', #7709, #2753, #2707, .T. ) ;
#2422 = CARTESIAN_POINT ( 'NONE',  ( 54.29058498039159986, 41.73523877332110743, 6.238716121724755759 ) ) ;
#2423 = ADVANCED_FACE ( 'NONE', ( #5026, #9846 ), #9693, .F. ) ;
#2424 = LINE ( 'NONE', #9609, #5814 ) ;
#2425 = DIRECTION ( 'NONE',  ( 1.000000000000000000, 0.000000000000000000, 0.000000000000000000 ) ) ;
#2426 = DIRECTION ( 'NONE',  ( -1.000000000000000000, -6.938893903907222067E-15, 0.000000000000000000 ) ) ;
#2427 = CARTESIAN_POINT ( 'NONE',  ( -58.08578643763058835, -23.61543785911826632, 8.999999999999998224 ) ) ;
#2428 = ADVANCED_FACE ( 'NONE', ( #2855 ), #3934, .T. ) ;
#2429 = EDGE_CURVE ( 'NONE', #1749, #9360, #5726, .T. ) ;
#2430 = ORIENTED_EDGE ( 'NONE', *, *, #8615, .F. ) ;
#2431 = CARTESIAN_POINT ( 'NONE',  ( -0.000000000000000000, 35.00000000000000711, 0.000000000000000000 ) ) ;
#2432 = DIRECTION ( 'NONE',  ( -0.000000000000000000, 0.000000000000000000, 1.000000000000000000 ) ) ;
#2433 = ORIENTED_EDGE ( 'NONE', *, *, #5611, .T. ) ;
#2434 = CARTESIAN_POINT ( 'NONE',  ( -55.42824105060093842, 42.08447995086054760, 5.242055330350370745 ) ) ;
#2435 = ORIENTED_EDGE ( 'NONE', *, *, #1667, .F. ) ;
#2436 = CARTESIAN_POINT ( 'NONE',  ( -53.49999999999997158, 35.00000000000000711, 8.000000000000000000 ) ) ;
#2437 = CARTESIAN_POINT ( 'NONE',  ( -55.49999999999997868, 16.36000344709535170, 4.915643496599919615 ) ) ;
#2438 = VECTOR ( 'NONE', #456, 1000.000000000000000 ) ;
#2439 = DIRECTION ( 'NONE',  ( -0.000000000000000000, -0.000000000000000000, -1.000000000000000000 ) ) ;
#2440 = CARTESIAN_POINT ( 'NONE',  ( 54.50000000000001421, 0.000000000000000000, 0.000000000000000000 ) ) ;
#2441 = EDGE_CURVE ( 'NONE', #9754, #48, #3768, .T. ) ;
#2442 = CARTESIAN_POINT ( 'NONE',  ( -45.22532245313463051, 35.00000000000000711, 0.3999999999999999667 ) ) ;
#2443 = CARTESIAN_POINT ( 'NONE',  ( -37.22061427687734891, 37.79415988858357878, 2.802219098157259225 ) ) ;
#2444 = AXIS2_PLACEMENT_3D ( 'NONE', #9197, #2020, #9001 ) ;
#2445 = FACE_OUTER_BOUND ( 'NONE', #9291, .T. ) ;
#2446 = ORIENTED_EDGE ( 'NONE', *, *, #4707, .F. ) ;
#2447 = CARTESIAN_POINT ( 'NONE',  ( 64.56574139065381246, 41.37397239358469392, 2.294073920956159807 ) ) ;
#2448 = CARTESIAN_POINT ( 'NONE',  ( -39.75185519916497157, 36.32013119391075406, 9.300841672530797410 ) ) ;
#2449 = VERTEX_POINT ( 'NONE', #8283 ) ;
#2450 = CARTESIAN_POINT ( 'NONE',  ( 37.09746414839404594, 36.89015447245989066, 2.058106731326257322 ) ) ;
#2451 = CARTESIAN_POINT ( 'NONE',  ( -63.39999999999995595, -38.49999999999999289, 2.000000000000000000 ) ) ;
#2452 = CIRCLE ( 'NONE', #1329, 8.000000000000000000 ) ;
#2453 = DIRECTION ( 'NONE',  ( 0.9981825973940975372, 0.000000000000000000, 0.06026194702773293027 ) ) ;
#2454 = CLOSED_SHELL ( 'NONE', ( #6985, #2789, #9593, #3451, #3538, #7813, #4016, #927, #6021, #7119, #6670, #307, #3682, #7871, #8624, #1145, #6259, #8899, #3562, #2648, #942, #250, #3566, #2589, #7704, #3089, #1374, #402, #8341, #632, #3970, #5932, #2091, #310, #1007, #1235, #3672, #228, #9835, #7746, #7592, #6608, #1056, #5121, #8247, #9598, #6774, #5874, #5358, #1390, #4534, #1492, #6365, #3500, #7916, #4292, #2019, #7308, #3463, #6332, #2278, #1807, #5372, #3156, #2236, #8927, #3098, #2484, #3866, #7719, #4429, #817, #9456, #6542, #6008, #7342, #3111, #1121, #392, #5684, #7901, #1757, #8088, #7235, #5744, #3096, #4817, #6553, #8938, #9085, #6999, #7653, #4570, #3909, #6784, #9893, #3997, #6595, #2523, #9715, #8054, #2770, #4769, #163, #7485, #448, #566, #5682, #2428, #4931, #4686, #7214, #6382, #9695, #2114, #9415, #6269, #2158, #885, #8300, #5795, #2137, #8614, #5050, #281, #1867, #7026, #1018, #2895, #4879, #4482, #2475, #4753, #8091, #895, #4991, #3895, #8606, #10001, #8117, #1561, #945, #6811, #7604, #5636, #5965, #3935, #7027, #3233, #1322, #8604, #3247, #4291, #9480, #9308, #2857, #7438, #643, #6867, #1468, #503, #5807, #5002, #3045, #5867, #3169, #3780, #8405, #9227, #9089, #3737, #6173, #8032, #860, #9673, #7733, #4124, #1994, #7512, #730, #9388, #2048, #7638, #4153, #2771, #2797, #4247, #1367, #4547, #2958, #6230, #6646, #6219, #2345, #2673, #768, #4104, #9932, #1319, #8981, #9580, #3537, #2292, #2927, #8485, #2868, #1954, #967, #5307, #8230, #6346, #8390, #7593, #8616, #8730, #5609, #2522, #5566, #629, #3029, #5446, #1741, #3718, #2115, #4385, #5480, #3373, #88, #9132, #2882, #3742, #5622, #360, #7399, #1948, #7932, #4182, #2223, #1166, #9969, #9768, #85, #2365, #4650, #8473, #1496, #324, #6104, #2647, #5934, #7436, #8789, #5964, #861, #8298, #7621, #6523, #7546, #2465, #5843, #3371, #8463, #4260, #6240, #9537, #8288, #4588, #8273, #6175, #7805, #435, #6474, #8219, #7428, #5038, #6062, #3559, #6152, #5853, #8500, #8203, #4420, #4065, #3445, #8968, #5120, #4243, #3307, #2423, #2210, #5745, #9284 ) ) ;
#2455 = CARTESIAN_POINT ( 'NONE',  ( -67.78734061832564350, 37.17938753066312074, 2.045755137768865861 ) ) ;
#2456 =( BOUNDED_CURVE ( )  B_SPLINE_CURVE ( 3, ( #2098, #5216, #3775, #4492 ),
 .UNSPECIFIED., .F., .T. ) 
 B_SPLINE_CURVE_WITH_KNOTS ( ( 4, 4 ),
 ( 5.159861868171182309, 5.497787143782142394 ),
 .UNSPECIFIED. ) 
 CURVE ( )  GEOMETRIC_REPRESENTATION_ITEM ( )  RATIONAL_B_SPLINE_CURVE ( ( 1.000000000000000000, 0.9905064932980895964, 0.9905064932980895964, 1.000000000000000000 ) ) 
 REPRESENTATION_ITEM ( '' )  );
#2457 = EDGE_LOOP ( 'NONE', ( #8112, #8763, #8582, #8020 ) ) ;
#2458 = CARTESIAN_POINT ( 'NONE',  ( -38.62590607993754332, 45.00000000000001421, 5.452194488184171739 ) ) ;
#2459 = CIRCLE ( 'NONE', #4760, 1.000000000000000444 ) ;
#2460 = CARTESIAN_POINT ( 'NONE',  ( -42.90146229415621804, 35.23228795909302846, 1.722453451381809053 ) ) ;
#2461 = ORIENTED_EDGE ( 'NONE', *, *, #5482, .F. ) ;
#2462 = EDGE_CURVE ( 'NONE', #6019, #7479, #9469, .T. ) ;
#2463 = CARTESIAN_POINT ( 'NONE',  ( -37.86272559587435182, 37.79171065516753458, 3.599222821225571245 ) ) ;
#2464 = CARTESIAN_POINT ( 'NONE',  ( -39.76661644464542178, 39.24409840170370956, 9.452683640860731984 ) ) ;
#2465 = ADVANCED_FACE ( 'NONE', ( #1293 ), #1820, .T. ) ;
#2466 = ORIENTED_EDGE ( 'NONE', *, *, #3403, .F. ) ;
#2467 = CARTESIAN_POINT ( 'NONE',  ( 45.22532245313247046, 35.00000000000000711, 8.016356623453257058 ) ) ;
#2468 = CARTESIAN_POINT ( 'NONE',  ( -40.06990429939833120, 40.61770561885212771, 9.414213562373241473 ) ) ;
#2469 = CARTESIAN_POINT ( 'NONE',  ( 60.49999999999996447, -17.20178939649807504, 6.264692779111545207 ) ) ;
#2470 = CARTESIAN_POINT ( 'NONE',  ( 33.77171203778522823, 41.00000000000000711, 11.00000000000000355 ) ) ;
#2471 = CARTESIAN_POINT ( 'NONE',  ( -37.86633971754694272, 37.78889535482255013, 9.857033048301728329 ) ) ;
#2472 = ORIENTED_EDGE ( 'NONE', *, *, #3669, .T. ) ;
#2473 = CARTESIAN_POINT ( 'NONE',  ( -14.80511848499204852, 57.02054105821064667, 17.30271158475164839 ) ) ;
#2474 = CARTESIAN_POINT ( 'NONE',  ( 67.48212494433762743, 34.73660850131929578, 1.296564578794238587 ) ) ;
#2475 = ADVANCED_FACE ( 'NONE', ( #6647 ), #901, .T. ) ;
#2476 = CARTESIAN_POINT ( 'NONE',  ( 37.55181215987187215, 38.00000000000000000, 11.19749220199311956 ) ) ;
#2477 = FACE_OUTER_BOUND ( 'NONE', #6111, .T. ) ;
#2478 = EDGE_CURVE ( 'NONE', #5524, #8900, #7528, .T. ) ;
#2479 = CARTESIAN_POINT ( 'NONE',  ( 37.55181215987187926, 40.05756524985240929, 11.19749220199311424 ) ) ;
#2480 = B_SPLINE_CURVE_WITH_KNOTS ( 'NONE', 3,
 ( #3878, #2543, #8123, #7301, #9679, #5868, #304, #4956, #4132, #6577, #4294, #979, #5713, #8825 ),
 .UNSPECIFIED., .F., .F.,
 ( 4, 2, 2, 2, 2, 2, 4 ),
 ( -8.852270670681291944E-06, 0.0002927296036998303964, 0.0005943114780703421390, 0.001197475226811365407, 0.001499057101181881053, 0.001800638975552396265, 0.002403802724293434279 ),
 .UNSPECIFIED. ) ;
#2481 = ORIENTED_EDGE ( 'NONE', *, *, #2157, .F. ) ;
#2482 = ORIENTED_EDGE ( 'NONE', *, *, #7661, .F. ) ;
#2483 = DIRECTION ( 'NONE',  ( 0.000000000000000000, 0.000000000000000000, -1.000000000000000000 ) ) ;
#2484 = ADVANCED_FACE ( 'NONE', ( #1141 ), #4402, .F. ) ;
#2485 = CARTESIAN_POINT ( 'NONE',  ( 38.62590607993537617, 44.00000000000001421, 5.452194488184181509 ) ) ;
#2486 = EDGE_CURVE ( 'NONE', #9777, #4213, #338, .T. ) ;
#2487 = AXIS2_PLACEMENT_3D ( 'NONE', #844, #8442, #5332 ) ;
#2488 = ORIENTED_EDGE ( 'NONE', *, *, #6093, .T. ) ;
#2489 = CARTESIAN_POINT ( 'NONE',  ( 45.22532245313247046, 35.00000000000000711, 0.3999999999999999667 ) ) ;
#2490 = DIRECTION ( 'NONE',  ( 0.000000000000000000, -0.000000000000000000, -1.000000000000000000 ) ) ;
#2491 = EDGE_CURVE ( 'NONE', #4405, #3276, #5933, .T. ) ;
#2492 = CARTESIAN_POINT ( 'NONE',  ( 37.25177238853002848, 38.00000000000000711, 3.593743884534262634 ) ) ;
#2493 = DIRECTION ( 'NONE',  ( 0.000000000000000000, -1.000000000000000000, 0.000000000000000000 ) ) ;
#2494 = ORIENTED_EDGE ( 'NONE', *, *, #5511, .T. ) ;
#2495 = CARTESIAN_POINT ( 'NONE',  ( -64.94972053995194017, 30.33016208911391232, 2.456840981702312909 ) ) ;
#2496 = ORIENTED_EDGE ( 'NONE', *, *, #4186, .T. ) ;
#2497 = CARTESIAN_POINT ( 'NONE',  ( 53.50000000000001421, 34.00000000000000711, 10.50000000000000000 ) ) ;
#2498 = PLANE ( 'NONE',  #4819 ) ;
#2499 = CARTESIAN_POINT ( 'NONE',  ( -40.78843619973462609, 43.99777443085825013, 6.159301269370716092 ) ) ;
#2500 = EDGE_LOOP ( 'NONE', ( #9555, #5738, #8289, #8520 ) ) ;
#2501 = CARTESIAN_POINT ( 'NONE',  ( 63.50038088452824070, 40.98911010047458348, 2.672772896941075338 ) ) ;
#2502 = ORIENTED_EDGE ( 'NONE', *, *, #9831, .T. ) ;
#2503 = VECTOR ( 'NONE', #5148, 1000.000000000000000 ) ;
#2504 = CARTESIAN_POINT ( 'NONE',  ( 37.74712409035014105, 37.61311319045360335, 2.796576561834615671 ) ) ;
#2505 = CARTESIAN_POINT ( 'NONE',  ( 53.50000000000001421, -35.58578643762702853, 9.000000000000001776 ) ) ;
#2506 = DIRECTION ( 'NONE',  ( 0.000000000000000000, 0.9044134026110571822, -0.4266572361714848216 ) ) ;
#2507 = CARTESIAN_POINT ( 'NONE',  ( 33.77171203778522823, 38.00000000000000711, 11.00000000000000000 ) ) ;
#2508 = ORIENTED_EDGE ( 'NONE', *, *, #1262, .F. ) ;
#2509 = DIRECTION ( 'NONE',  ( -0.7656826878322904317, -0.5964455351772518510, -0.2407960654185214988 ) ) ;
#2510 = AXIS2_PLACEMENT_3D ( 'NONE', #6753, #9849, #2859 ) ;
#2511 = EDGE_LOOP ( 'NONE', ( #2466, #7943, #7969, #3598 ) ) ;
#2512 = ORIENTED_EDGE ( 'NONE', *, *, #312, .T. ) ;
#2513 = CARTESIAN_POINT ( 'NONE',  ( -59.80424957690290455, 42.27620130497142270, 3.687462030911672350 ) ) ;
#2514 = DIRECTION ( 'NONE',  ( 0.4376360731224944733, 0.7854612243795625615, -0.4376360731224991363 ) ) ;
#2515 = VERTEX_POINT ( 'NONE', #378 ) ;
#2516 = CARTESIAN_POINT ( 'NONE',  ( 43.61626178493198580, 35.09020280663312974, 8.196023811029990114 ) ) ;
#2517 = AXIS2_PLACEMENT_3D ( 'NONE', #8705, #9418, #2425 ) ;
#2518 = CARTESIAN_POINT ( 'NONE',  ( 55.50000000000001421, 2.846862205077222062E-16, 4.499999999999999112 ) ) ;
#2519 =( BOUNDED_SURFACE ( )  B_SPLINE_SURFACE ( 3, 2, ( 
 ( #1003, #805, #2467 ),
 ( #7173, #1769, #4836 ),
 ( #1603, #2417, #2516 ),
 ( #7837, #907, #20 ) ),
 .UNSPECIFIED., .F., .F., .F. ) 
 B_SPLINE_SURFACE_WITH_KNOTS ( ( 4, 4 ),
 ( 3, 3 ),
 ( 0.000000000000000000, 0.002206684909542609620 ),
 ( 0.000000000000000000, 1.000000000000000000 ),
 .UNSPECIFIED. ) 
 GEOMETRIC_REPRESENTATION_ITEM ( )  RATIONAL_B_SPLINE_SURFACE ( (
 ( 1.000000000000000000, 0.7071067811865475727, 1.000000000000000000),
 ( 1.000000000000000000, 0.7055021262958760531, 1.000000000000000000),
 ( 1.000000000000000000, 0.6975376376063762152, 1.000000000000000000),
 ( 1.000000000000000000, 0.6838386965131302286, 1.000000000000000000) ) ) 
 REPRESENTATION_ITEM ( '' )  SURFACE ( )  );
#2520 = CARTESIAN_POINT ( 'NONE',  ( -41.02058059491664466, 44.20499607892499938, 5.869646242809191783 ) ) ;
#2521 = CARTESIAN_POINT ( 'NONE',  ( 62.53267215341779206, 25.89012779882762416, 4.967327846574881356 ) ) ;
#2522 = ADVANCED_FACE ( 'NONE', ( #8187 ), #8256, .T. ) ;
#2523 = ADVANCED_FACE ( 'NONE', ( #9280 ), #1580, .T. ) ;
#2524 = VECTOR ( 'NONE', #7525, 1000.000000000000000 ) ;
#2525 = CARTESIAN_POINT ( 'NONE',  ( 61.49999999999996447, -18.58303575079959558, 0.000000000000000000 ) ) ;
#2526 = CARTESIAN_POINT ( 'NONE',  ( 63.39999999999995595, -38.49999999999996447, 0.000000000000000000 ) ) ;
#2527 = CARTESIAN_POINT ( 'NONE',  ( 67.10922558140582339, 34.06733554105122863, 1.413936964105729555 ) ) ;
#2528 = CARTESIAN_POINT ( 'NONE',  ( -53.60655371003043967, 41.71152867218983573, 6.288471327810284173 ) ) ;
#2529 = DIRECTION ( 'NONE',  ( 0.000000000000000000, -0.000000000000000000, -1.000000000000000000 ) ) ;
#2530 = LINE ( 'NONE', #5654, #4102 ) ;
#2531 = CIRCLE ( 'NONE', #9049, 1.600000000000004086 ) ;
#2532 = ORIENTED_EDGE ( 'NONE', *, *, #803, .T. ) ;
#2533 = EDGE_CURVE ( 'NONE', #1718, #2609, #9332, .T. ) ;
#2534 = ORIENTED_EDGE ( 'NONE', *, *, #6282, .T. ) ;
#2535 = CARTESIAN_POINT ( 'NONE',  ( 66.17204684135862180, 41.35920437182611664, 2.043529861917059431 ) ) ;
#2536 = AXIS2_PLACEMENT_3D ( 'NONE', #6362, #5648, #8001 ) ;
#2537 = CARTESIAN_POINT ( 'NONE',  ( 37.09921036502868930, 40.02927267981424109, 11.33982888157528812 ) ) ;
#2538 = CIRCLE ( 'NONE', #8260, 1.000000000000000888 ) ;
#2539 = ORIENTED_EDGE ( 'NONE', *, *, #4374, .F. ) ;
#2540 = CARTESIAN_POINT ( 'NONE',  ( -54.59626379340340918, 42.04802942628364093, 5.456548824534949382 ) ) ;
#2541 = CARTESIAN_POINT ( 'NONE',  ( -61.49999999999997868, -18.58303575079963110, 5.585786437627012546 ) ) ;
#2542 = CARTESIAN_POINT ( 'NONE',  ( 37.25121149939715082, 38.00000000000000711, 3.491919714112685647 ) ) ;
#2543 = CARTESIAN_POINT ( 'NONE',  ( -37.09849053585190859, 36.58538254037038229, 2.002218804348580239 ) ) ;
#2544 = CARTESIAN_POINT ( 'NONE',  ( -64.37222872958491848, 29.94048729051949920, 3.127771270415128146 ) ) ;
#2545 = VECTOR ( 'NONE', #4873, 1000.000000000000000 ) ;
#2546 = VECTOR ( 'NONE', #1849, 1000.000000000000000 ) ;
#2547 = EDGE_CURVE ( 'NONE', #3494, #9994, #7274, .T. ) ;
#2548 = ORIENTED_EDGE ( 'NONE', *, *, #6414, .T. ) ;
#2549 = DIRECTION ( 'NONE',  ( -0.000000000000000000, 0.000000000000000000, 1.000000000000000000 ) ) ;
#2550 = CARTESIAN_POINT ( 'NONE',  ( -43.36767997638421690, 36.23554512824591001, 9.368486388664434728 ) ) ;
#2551 = EDGE_CURVE ( 'NONE', #6397, #3887, #1529, .T. ) ;
#2552 = DIRECTION ( 'NONE',  ( 1.000000000000000000, -1.632680918566406596E-15, 0.000000000000000000 ) ) ;
#2553 = ORIENTED_EDGE ( 'NONE', *, *, #9534, .T. ) ;
#2554 = CARTESIAN_POINT ( 'NONE',  ( 55.18041933941726995, -39.54097311615560528, 4.740928947179982700 ) ) ;
#2555 = AXIS2_PLACEMENT_3D ( 'NONE', #1965, #9044, #9856 ) ;
#2556 = ORIENTED_EDGE ( 'NONE', *, *, #3513, .T. ) ;
#2557 = VECTOR ( 'NONE', #893, 1000.000000000000000 ) ;
#2558 = ORIENTED_EDGE ( 'NONE', *, *, #7239, .F. ) ;
#2559 = CARTESIAN_POINT ( 'NONE',  ( -37.19817918053783501, 37.63282108030430351, 2.568872090482359649 ) ) ;
#2560 = FACE_OUTER_BOUND ( 'NONE', #2187, .T. ) ;
#2561 = CARTESIAN_POINT ( 'NONE',  ( 41.39819992549650607, 43.91084111459566941, 5.954766520491191706 ) ) ;
#2562 = ORIENTED_EDGE ( 'NONE', *, *, #557, .F. ) ;
#2563 = ORIENTED_EDGE ( 'NONE', *, *, #5349, .T. ) ;
#2564 = EDGE_CURVE ( 'NONE', #4055, #10070, #2148, .T. ) ;
#2565 = DIRECTION ( 'NONE',  ( 0.8538160193396097108, 0.03740732276976570930, -0.5192291375898140382 ) ) ;
#2566 = AXIS2_PLACEMENT_3D ( 'NONE', #7, #8533, #2203 ) ;
#2567 = VERTEX_POINT ( 'NONE', #3731 ) ;
#2568 = ORIENTED_EDGE ( 'NONE', *, *, #1618, .T. ) ;
#2569 = CARTESIAN_POINT ( 'NONE',  ( -56.69544737387884936, -40.02870223093124480, 3.782485578727836639 ) ) ;
#2570 = DIRECTION ( 'NONE',  ( 3.499023925556555066E-16, 1.000000000000000000, 0.000000000000000000 ) ) ;
#2571 = EDGE_LOOP ( 'NONE', ( #7535, #152, #354, #5588 ) ) ;
#2572 = CARTESIAN_POINT ( 'NONE',  ( -63.69067189754258607, -26.90278537560267580, 3.809328102457478327 ) ) ;
#2573 = B_SPLINE_CURVE_WITH_KNOTS ( 'NONE', 3,
 ( #6168, #9265, #1421, #6116, #3863, #6829, #3808, #5398 ),
 .UNSPECIFIED., .F., .F.,
 ( 4, 2, 2, 4 ),
 ( 0.000000000000000000, 0.0005461900514316584115, 0.001092380102863316823, 0.002184760205726634947 ),
 .UNSPECIFIED. ) ;
#2574 = CARTESIAN_POINT ( 'NONE',  ( -51.73464987362537215, -38.99999999999998579, 0.000000000000000000 ) ) ;
#2575 = FACE_OUTER_BOUND ( 'NONE', #1100, .T. ) ;
#2576 = CARTESIAN_POINT ( 'NONE',  ( 37.25181215987187500, 45.00000000000001421, 6.000000000000099476 ) ) ;
#2577 = CARTESIAN_POINT ( 'NONE',  ( 52.81874078707923559, -39.03922834461010183, 5.543069433434393289 ) ) ;
#2578 = CARTESIAN_POINT ( 'NONE',  ( 65.15359658839935264, 42.51056649106685370, 1.149200200054666610 ) ) ;
#2579 = CARTESIAN_POINT ( 'NONE',  ( -55.49999999999997868, -24.79228831549498580, 8.000000000000000000 ) ) ;
#2580 = CARTESIAN_POINT ( 'NONE',  ( -53.65746026885771158, 42.00689863737287766, 5.576266152274302890 ) ) ;
#2581 = DIRECTION ( 'NONE',  ( 0.9539392014169454370, 0.000000000000000000, 0.3000000000000013212 ) ) ;
#2582 = CARTESIAN_POINT ( 'NONE',  ( -64.85702245493948226, 30.81058620711859675, 2.833649698248976723 ) ) ;
#2583 = ORIENTED_EDGE ( 'NONE', *, *, #3921, .F. ) ;
#2584 = CARTESIAN_POINT ( 'NONE',  ( -66.28598494446295319, -31.61864376819922740, 1.712627848347094695 ) ) ;
#2585 = ORIENTED_EDGE ( 'NONE', *, *, #6423, .F. ) ;
#2586 = LINE ( 'NONE', #4854, #9508 ) ;
#2587 = CARTESIAN_POINT ( 'NONE',  ( -59.11617149394683679, 25.12723994640310465, 8.383828506053269791 ) ) ;
#2588 = VERTEX_POINT ( 'NONE', #3110 ) ;
#2589 = ADVANCED_FACE ( 'NONE', ( #680 ), #2341, .F. ) ;
#2590 = FACE_OUTER_BOUND ( 'NONE', #4666, .T. ) ;
#2591 = DIRECTION ( 'NONE',  ( -1.000000000000000000, 0.000000000000000000, 0.000000000000000000 ) ) ;
#2592 = DIRECTION ( 'NONE',  ( 0.2876879592904239002, 0.9134939934989289023, 0.2876879592904267313 ) ) ;
#2593 = ORIENTED_EDGE ( 'NONE', *, *, #839, .T. ) ;
#2594 = DIRECTION ( 'NONE',  ( -1.000000000000000000, 0.000000000000000000, 0.000000000000000000 ) ) ;
#2595 = DIRECTION ( 'NONE',  ( 0.000000000000000000, 0.7071067811865513475, -0.7071067811865437980 ) ) ;
#2596 = DIRECTION ( 'NONE',  ( -0.000000000000000000, -0.000000000000000000, -1.000000000000000000 ) ) ;
#2597 = ORIENTED_EDGE ( 'NONE', *, *, #1727, .F. ) ;
#2598 = CIRCLE ( 'NONE', #3752, 2.000000000000001776 ) ;
#2599 = CARTESIAN_POINT ( 'NONE',  ( -66.33555594535948785, 41.26872493809776188, 2.034950452827720468 ) ) ;
#2600 = ORIENTED_EDGE ( 'NONE', *, *, #7608, .T. ) ;
#2601 = EDGE_CURVE ( 'NONE', #6450, #3772, #6844, .T. ) ;
#2602 = EDGE_LOOP ( 'NONE', ( #5980, #1502, #2144, #5955 ) ) ;
#2603 = CARTESIAN_POINT ( 'NONE',  ( 37.16793822109796253, 37.41248839440483209, 2.338795476371128945 ) ) ;
#2604 = CARTESIAN_POINT ( 'NONE',  ( 0.000000000000000000, -24.79228831549498580, 1.000000000000000888 ) ) ;
#2605 = B_SPLINE_CURVE_WITH_KNOTS ( 'NONE', 3,
 ( #7852, #2535, #8617, #4030, #5659, #6371 ),
 .UNSPECIFIED., .F., .F.,
 ( 4, 2, 4 ),
 ( 0.000000000000000000, 0.0007093117742488395331, 0.001418623548497679066 ),
 .UNSPECIFIED. ) ;
#2606 = CARTESIAN_POINT ( 'NONE',  ( -37.59521695052786328, 37.99999999999999289, 3.588698996618760795 ) ) ;
#2607 = CARTESIAN_POINT ( 'NONE',  ( -58.40906471276027645, 24.82685288287921921, 8.630539114133400247 ) ) ;
#2608 = VECTOR ( 'NONE', #6277, 1000.000000000000000 ) ;
#2609 = VERTEX_POINT ( 'NONE', #7816 ) ;
#2610 = CARTESIAN_POINT ( 'NONE',  ( 61.49999999999997158, 4.508169414544843434, 4.499999999999999112 ) ) ;
#2612 = ORIENTED_EDGE ( 'NONE', *, *, #7998, .T. ) ;
#2611 = EDGE_CURVE ( 'NONE', #9007, #838, #1937, .T. ) ;
#2613 = CARTESIAN_POINT ( 'NONE',  ( -62.22713565431856608, 39.36658389145447501, 3.833543464269192125 ) ) ;
#2614 = EDGE_CURVE ( 'NONE', #3493, #2915, #2623, .T. ) ;
#2615 = VERTEX_POINT ( 'NONE', #630 ) ;
#2616 = AXIS2_PLACEMENT_3D ( 'NONE', #7743, #5546, #9311 ) ;
#2617 = CARTESIAN_POINT ( 'NONE',  ( 53.25379579564058474, 53.24453208529339321, 0.000000000000000000 ) ) ;
#2618 = CARTESIAN_POINT ( 'NONE',  ( 54.50000000000001421, -13.78853150712619779, 13.50000000000000000 ) ) ;
#2619 = EDGE_CURVE ( 'NONE', #9618, #3772, #6543, .T. ) ;
#2620 = ORIENTED_EDGE ( 'NONE', *, *, #8350, .F. ) ;
#2621 = CARTESIAN_POINT ( 'NONE',  ( 3.294982984880064590E-14, 39.29289321881356045, 8.707106781186542577 ) ) ;
#2622 = CARTESIAN_POINT ( 'NONE',  ( 38.17199979176096747, 45.00000000000001421, 5.539627283902832211 ) ) ;
#2623 = CIRCLE ( 'NONE', #9624, 1.000000000000000000 ) ;
#2624 = CIRCLE ( 'NONE', #2944, 2.899999999999999911 ) ;
#2625 = CARTESIAN_POINT ( 'NONE',  ( 0.000000000000000000, 44.00000000000001421, 5.585786437627002776 ) ) ;
#2626 = FACE_OUTER_BOUND ( 'NONE', #8664, .T. ) ;
#2627 = CARTESIAN_POINT ( 'NONE',  ( -51.73464987362541478, -38.70710678118653902, 6.292893218813554235 ) ) ;
#2628 = CARTESIAN_POINT ( 'NONE',  ( -55.66594709874242142, -39.27313520188965157, 5.448035728366545705 ) ) ;
#2629 = DIRECTION ( 'NONE',  ( 1.000000000000000000, 0.000000000000000000, 0.000000000000000000 ) ) ;
#2630 = DIRECTION ( 'NONE',  ( 0.000000000000000000, 0.000000000000000000, 1.000000000000000000 ) ) ;
#2631 = ORIENTED_EDGE ( 'NONE', *, *, #449, .F. ) ;
#2632 = DIRECTION ( 'NONE',  ( -0.000000000000000000, 1.000000000000000000, -0.000000000000000000 ) ) ;
#2633 = ORIENTED_EDGE ( 'NONE', *, *, #814, .F. ) ;
#2634 = ORIENTED_EDGE ( 'NONE', *, *, #10081, .F. ) ;
#2635 = ORIENTED_EDGE ( 'NONE', *, *, #982, .T. ) ;
#2636 = CARTESIAN_POINT ( 'NONE',  ( 35.87171203778522255, 41.00253010497679185, 10.72785864819452151 ) ) ;
#2637 =( BOUNDED_SURFACE ( )  B_SPLINE_SURFACE ( 3, 2, ( 
 ( #1931, #5142, #8255 ),
 ( #8960, #3656, #5044 ),
 ( #6722, #2025, #1269 ),
 ( #2826, #1316, #9815 ),
 ( #4280, #7540, #8156 ),
 ( #1875, #4380, #551 ),
 ( #400, #9721, #5855 ),
 ( #7492, #1976, #3505 ) ),
 .UNSPECIFIED., .F., .F., .T. ) 
 B_SPLINE_SURFACE_WITH_KNOTS ( ( 4, 2, 2, 4 ),
 ( 3, 3 ),
 ( -4.336808689942017736E-19, 0.001998209413514437892, 0.003996418827028876651, 0.007992837654057753302 ),
 ( 0.000000000000000000, 1.000000000000000000 ),
 .UNSPECIFIED. ) 
 GEOMETRIC_REPRESENTATION_ITEM ( )  RATIONAL_B_SPLINE_SURFACE ( (
 ( 1.000000000000000000, 0.7189098283173602777, 1.000000000000000000),
 ( 1.000000000000000000, 0.7292145251329981148, 1.000000000000000000),
 ( 1.000000000000000000, 0.7402138905807472691, 1.000000000000000000),
 ( 1.000000000000000000, 0.7637811967086635123, 1.000000000000000000),
 ( 1.000000000000000000, 0.7764037048535252783, 1.000000000000000000),
 ( 1.000000000000000000, 0.8163846216175583148, 1.000000000000000000),
 ( 1.000000000000000000, 0.8454608955202679299, 1.000000000000000000),
 ( 1.000000000000000000, 0.8750273689932427379, 1.000000000000000000) ) ) 
 REPRESENTATION_ITEM ( '' )  SURFACE ( )  );
#2638 = CARTESIAN_POINT ( 'NONE',  ( 41.21621412739749957, 39.52768132501597620, 9.605407550946255313 ) ) ;
#2639 = ORIENTED_EDGE ( 'NONE', *, *, #6729, .T. ) ;
#2640 = CARTESIAN_POINT ( 'NONE',  ( 55.50000000000001421, 0.6408283168701317534, -0.03481862698997409411 ) ) ;
#2641 = CARTESIAN_POINT ( 'NONE',  ( -37.25181215987404926, 40.05756524985254430, 10.24355300057547424 ) ) ;
#2642 = DIRECTION ( 'NONE',  ( -0.000000000000000000, 0.000000000000000000, -1.000000000000000000 ) ) ;
#2643 = DIRECTION ( 'NONE',  ( 0.000000000000000000, 1.000000000000000000, 0.000000000000000000 ) ) ;
#2644 = DIRECTION ( 'NONE',  ( 0.000000000000000000, 1.000000000000000000, -0.000000000000000000 ) ) ;
#2645 = ORIENTED_EDGE ( 'NONE', *, *, #1822, .T. ) ;
#2646 = CARTESIAN_POINT ( 'NONE',  ( -43.36767997638421690, 36.23554512824591001, 9.368486388664436504 ) ) ;
#2647 = ADVANCED_FACE ( 'NONE', ( #8474 ), #8428, .T. ) ;
#2648 = ADVANCED_FACE ( 'NONE', ( #6951, #10047 ), #9668, .T. ) ;
#2649 = CARTESIAN_POINT ( 'NONE',  ( -39.70992239056558759, 40.15558141929020763, 10.00000000000014033 ) ) ;
#2650 = ORIENTED_EDGE ( 'NONE', *, *, #9958, .F. ) ;
#2651 = CARTESIAN_POINT ( 'NONE',  ( 62.18650073898393060, 37.77628137013711296, 4.529643437721254884 ) ) ;
#2652 = ORIENTED_EDGE ( 'NONE', *, *, #6854, .T. ) ;
#2653 = ORIENTED_EDGE ( 'NONE', *, *, #4897, .T. ) ;
#2654 = CARTESIAN_POINT ( 'NONE',  ( 64.81142469529746108, 30.13743852019136327, 2.537321747426653840 ) ) ;
#2655 = CARTESIAN_POINT ( 'NONE',  ( 61.49999999999996447, -17.62844663266956147, 5.360279376500486137 ) ) ;
#2656 = B_SPLINE_CURVE_WITH_KNOTS ( 'NONE', 3,
 ( #4851, #233, #5751, #5702, #8157, #1164, #1019, #7956, #4281, #5604 ),
 .UNSPECIFIED., .F., .F.,
 ( 4, 2, 2, 2, 4 ),
 ( 0.000000000000000000, 0.002019074123654528066, 0.004038148247309056131, 0.006057222370963583763, 0.008076296494618112262 ),
 .UNSPECIFIED. ) ;
#2657 = AXIS2_PLACEMENT_3D ( 'NONE', #8605, #4787, #1510 ) ;
#2658 = CARTESIAN_POINT ( 'NONE',  ( 41.40548589277341307, 38.62713096036776506, 9.985567880030847832 ) ) ;
#2659 = CARTESIAN_POINT ( 'NONE',  ( 64.99999999999995737, 38.49999999999999289, 2.000000000000000000 ) ) ;
#2660 = CARTESIAN_POINT ( 'NONE',  ( 55.50000000000001421, -0.7139664306519348802, -1.513441597030491526 ) ) ;
#2661 = EDGE_CURVE ( 'NONE', #235, #964, #6292, .T. ) ;
#2662 = AXIS2_PLACEMENT_3D ( 'NONE', #1484, #7817, #831 ) ;
#2663 = VERTEX_POINT ( 'NONE', #8111 ) ;
#2664 = CARTESIAN_POINT ( 'NONE',  ( -35.68612474534729984, 41.00057108364927672, 10.76676831710470417 ) ) ;
#2665 = CARTESIAN_POINT ( 'NONE',  ( -40.27583569124652030, 39.10766778958807066, 10.34082643314898498 ) ) ;
#2666 = ORIENTED_EDGE ( 'NONE', *, *, #8586, .F. ) ;
#2667 = LINE ( 'NONE', #5034, #5175 ) ;
#2668 = CARTESIAN_POINT ( 'NONE',  ( 40.68137709566253335, 44.43808054360801663, 5.812255090818247538 ) ) ;
#2669 =( BOUNDED_SURFACE ( )  B_SPLINE_SURFACE ( 3, 2, ( 
 ( #5623, #7973, #313 ),
 ( #7872, #4095, #985 ),
 ( #7206, #6437, #4917 ),
 ( #5676, #1794, #7104 ),
 ( #3421, #4139, #254 ),
 ( #3372, #6533, #5523 ) ),
 .UNSPECIFIED., .F., .F., .T. ) 
 B_SPLINE_SURFACE_WITH_KNOTS ( ( 4, 2, 4 ),
 ( 3, 3 ),
 ( 2.962040335230398114E-15, 0.0006544146050472192215, 0.001308829210091476403 ),
 ( 0.000000000000000000, 1.000000000000000000 ),
 .UNSPECIFIED. ) 
 GEOMETRIC_REPRESENTATION_ITEM ( )  RATIONAL_B_SPLINE_SURFACE ( (
 ( 1.000000000000000000, 0.9847381747480840053, 1.000000000000000000),
 ( 1.000000000000000000, 0.9864265035829982153, 1.000000000000000000),
 ( 1.000000000000000000, 0.9879714517354676317, 1.000000000000000000),
 ( 1.000000000000000000, 0.9904155238220178070, 1.000000000000000000),
 ( 1.000000000000000000, 0.9912770453009184246, 1.000000000000000000),
 ( 1.000000000000000000, 0.9915375955741829728, 1.000000000000000000) ) ) 
 REPRESENTATION_ITEM ( '' )  SURFACE ( )  );
#2670 = ORIENTED_EDGE ( 'NONE', *, *, #604, .T. ) ;
#2671 = CARTESIAN_POINT ( 'NONE',  ( -36.17171203778518418, 40.00379515746519132, 11.63151361133556883 ) ) ;
#2672 = VECTOR ( 'NONE', #4829, 1000.000000000000000 ) ;
#2673 = ADVANCED_FACE ( 'NONE', ( #4946 ), #6106, .T. ) ;
#2674 = DIRECTION ( 'NONE',  ( 0.9518901176098615302, 0.3064395601039200390, 0.000000000000000000 ) ) ;
#2675 = CARTESIAN_POINT ( 'NONE',  ( 53.50000000000001421, 34.00000000000000711, 8.000000000000000000 ) ) ;
#2676 = CARTESIAN_POINT ( 'NONE',  ( -64.14674095749781202, 35.72464358581072474, 3.439525178663080496 ) ) ;
#2677 = CARTESIAN_POINT ( 'NONE',  ( 45.22532245313249177, 38.56942981417378746, 8.016356623453257058 ) ) ;
#2678 = DIRECTION ( 'NONE',  ( 0.000000000000000000, 0.000000000000000000, -1.000000000000000000 ) ) ;
#2679 = ORIENTED_EDGE ( 'NONE', *, *, #10082, .T. ) ;
#2680 = DIRECTION ( 'NONE',  ( 1.000000000000000000, 0.000000000000000000, 0.000000000000000000 ) ) ;
#2681 = ORIENTED_EDGE ( 'NONE', *, *, #704, .T. ) ;
#2682 = EDGE_CURVE ( 'NONE', #755, #9007, #7048, .T. ) ;
#2683 = CARTESIAN_POINT ( 'NONE',  ( -37.80372127101319535, 37.93066720653201429, 11.11827045156121940 ) ) ;
#2684 = CARTESIAN_POINT ( 'NONE',  ( -55.49999999999997868, 34.00000000000000711, 9.000000000000001776 ) ) ;
#2685 = ORIENTED_EDGE ( 'NONE', *, *, #4788, .T. ) ;
#2686 = CARTESIAN_POINT ( 'NONE',  ( -62.31816892307655564, -39.63212437671136001, 2.613519875557959615 ) ) ;
#2687 = CARTESIAN_POINT ( 'NONE',  ( 64.94885677126796963, -28.65196336520495635, 2.954730448825539479 ) ) ;
#2688 = CARTESIAN_POINT ( 'NONE',  ( -38.46551931873284502, 37.32215109695199118, 3.554094482563463941 ) ) ;
#2689 = AXIS2_PLACEMENT_3D ( 'NONE', #9854, #2813, #3736 ) ;
#2690 = DIRECTION ( 'NONE',  ( 0.000000000000000000, 0.000000000000000000, -1.000000000000000000 ) ) ;
#2691 = CARTESIAN_POINT ( 'NONE',  ( 37.59531195002970350, 38.00000000000000711, 3.595672611982571265 ) ) ;
#2692 = CARTESIAN_POINT ( 'NONE',  ( 63.39999999999995595, -38.49999999999996447, 2.000000000000000000 ) ) ;
#2693 = AXIS2_PLACEMENT_3D ( 'NONE', #7463, #8128, #4349 ) ;
#2694 = CARTESIAN_POINT ( 'NONE',  ( 41.45040878928134020, 39.24440577393509955, 9.738735459800441419 ) ) ;
#2695 = CIRCLE ( 'NONE', #8412, 9.000000000000001776 ) ;
#2696 = DIRECTION ( 'NONE',  ( 0.000000000000000000, 1.000000000000000000, -1.138744882030889416E-16 ) ) ;
#2697 = VERTEX_POINT ( 'NONE', #1635 ) ;
#2698 = LINE ( 'NONE', #6692, #8745 ) ;
#2699 = ORIENTED_EDGE ( 'NONE', *, *, #5297, .F. ) ;
#2700 = ORIENTED_EDGE ( 'NONE', *, *, #3987, .T. ) ;
#2701 = LINE ( 'NONE', #529, #2241 ) ;
#2702 = DIRECTION ( 'NONE',  ( 0.000000000000000000, 0.000000000000000000, 1.000000000000000000 ) ) ;
#2703 = CARTESIAN_POINT ( 'NONE',  ( -53.41794299288815040, 41.70793200290079028, 6.292067997099326959 ) ) ;
#2704 = AXIS2_PLACEMENT_3D ( 'NONE', #8905, #3605, #9661 ) ;
#2705 = EDGE_CURVE ( 'NONE', #4858, #9377, #474, .T. ) ;
#2706 = VECTOR ( 'NONE', #1506, 1000.000000000000000 ) ;
#2707 = LINE ( 'NONE', #431, #1653 ) ;
#2708 = ORIENTED_EDGE ( 'NONE', *, *, #4472, .F. ) ;
#2709 = CARTESIAN_POINT ( 'NONE',  ( 68.15201189704447415, -35.75878956916872653, 1.000000003155731010 ) ) ;
#2710 = LINE ( 'NONE', #9596, #5294 ) ;
#2711 = AXIS2_PLACEMENT_3D ( 'NONE', #5309, #3676, #2949 ) ;
#2712 = VECTOR ( 'NONE', #9590, 1000.000000000000000 ) ;
#2713 = ORIENTED_EDGE ( 'NONE', *, *, #9096, .F. ) ;
#2714 = CARTESIAN_POINT ( 'NONE',  ( 40.08941679934754632, 40.26619378820993944, 9.679528643792957965 ) ) ;
#2715 = DIRECTION ( 'NONE',  ( 0.000000000000000000, 0.000000000000000000, 1.000000000000000000 ) ) ;
#2716 = ORIENTED_EDGE ( 'NONE', *, *, #1012, .T. ) ;
#2717 = CARTESIAN_POINT ( 'NONE',  ( 58.79289321881360308, 27.22994939107031342, 8.707106781186540800 ) ) ;
#2718 = CARTESIAN_POINT ( 'NONE',  ( -62.36366180979130291, 37.27883054322981593, 4.550994945426162452 ) ) ;
#2719 = ORIENTED_EDGE ( 'NONE', *, *, #1592, .F. ) ;
#2720 = EDGE_CURVE ( 'NONE', #9056, #5571, #5109, .T. ) ;
#2721 = CARTESIAN_POINT ( 'NONE',  ( 64.99999999999995737, 38.49999999999999289, 12.00000000000000355 ) ) ;
#2722 = VECTOR ( 'NONE', #2231, 1000.000000000000114 ) ;
#2723 = AXIS2_PLACEMENT_3D ( 'NONE', #2518, #6404, #6255 ) ;
#2724 = CARTESIAN_POINT ( 'NONE',  ( 53.56876953708362521, 42.00406075876637857, 5.581364546662347159 ) ) ;
#2725 = DIRECTION ( 'NONE',  ( -0.6145275576728767009, -0.7888953548225577928, 0.000000000000000000 ) ) ;
#2726 =( BOUNDED_CURVE ( )  B_SPLINE_CURVE ( 3, ( #5102, #8823, #1836, #1227 ),
 .UNSPECIFIED., .F., .T. ) 
 B_SPLINE_CURVE_WITH_KNOTS ( ( 4, 4 ),
 ( 0.9090093657265101434, 1.570796326794896558 ),
 .UNSPECIFIED. ) 
 CURVE ( )  GEOMETRIC_REPRESENTATION_ITEM ( )  RATIONAL_B_SPLINE_CURVE ( ( 1.000000000000000000, 0.9638349598749931246, 0.9638349598749931246, 1.000000000000000000 ) ) 
 REPRESENTATION_ITEM ( '' )  );
#2727 = AXIS2_PLACEMENT_3D ( 'NONE', #4716, #2155, #6090 ) ;
#2728 = CYLINDRICAL_SURFACE ( 'NONE', #4179, 1.000000000000000888 ) ;
#2729 = DIRECTION ( 'NONE',  ( 0.000000000000000000, 0.000000000000000000, 1.000000000000000000 ) ) ;
#2730 = CARTESIAN_POINT ( 'NONE',  ( -59.01958426398706337, -22.74350412265381394, 8.480415736013023675 ) ) ;
#2731 = CARTESIAN_POINT ( 'NONE',  ( -58.08578643762701432, -24.79228831549498580, 9.000000000000001776 ) ) ;
#2732 = EDGE_CURVE ( 'NONE', #9251, #1610, #4610, .T. ) ;
#2733 = LINE ( 'NONE', #4468, #180 ) ;
#2734 = ORIENTED_EDGE ( 'NONE', *, *, #8955, .T. ) ;
#2735 = CARTESIAN_POINT ( 'NONE',  ( -67.71688767352253535, -37.22702271070566837, 2.000000000000000000 ) ) ;
#2736 = ORIENTED_EDGE ( 'NONE', *, *, #4968, .F. ) ;
#2737 = DIRECTION ( 'NONE',  ( 1.000000000000000000, 0.000000000000000000, 0.000000000000000000 ) ) ;
#2738 = CARTESIAN_POINT ( 'NONE',  ( 40.63942290679968750, 40.11288427245678889, 9.462479898702788716 ) ) ;
#2739 = VERTEX_POINT ( 'NONE', #8058 ) ;
#2740 = EDGE_CURVE ( 'NONE', #2449, #8951, #2815, .T. ) ;
#2741 = CARTESIAN_POINT ( 'NONE',  ( -42.72737258825868878, 38.82759846427371286, 9.569853746408412576 ) ) ;
#2742 = CARTESIAN_POINT ( 'NONE',  ( -62.75533491408879883, 27.03851582607878257, 4.744665085911261571 ) ) ;
#2743 = CARTESIAN_POINT ( 'NONE',  ( 61.20710678118651771, -20.31326311257007688, 6.292893218813609302 ) ) ;
#2744 = EDGE_CURVE ( 'NONE', #8069, #141, #3625, .T. ) ;
#2745 = CARTESIAN_POINT ( 'NONE',  ( 43.15774561193845216, 35.19152069730091625, 9.434507691951056430 ) ) ;
#2746 = CARTESIAN_POINT ( 'NONE',  ( -55.49999999999997868, -13.78853150712619779, 13.50000000000000000 ) ) ;
#2747 = CARTESIAN_POINT ( 'NONE',  ( 53.74596825138365119, 42.01077634239955927, 5.568068019574944572 ) ) ;
#2748 = CARTESIAN_POINT ( 'NONE',  ( -61.20710678118653192, 0.000000000000000000, 6.292893218813556899 ) ) ;
#2749 = CARTESIAN_POINT ( 'NONE',  ( -60.49999999999997868, -18.58303575079962755, 5.585786437627013434 ) ) ;
#2750 = ORIENTED_EDGE ( 'NONE', *, *, #7745, .T. ) ;
#2751 = CARTESIAN_POINT ( 'NONE',  ( 35.87171203778522255, 38.00000000000000711, 10.67757440991862161 ) ) ;
#2752 = ORIENTED_EDGE ( 'NONE', *, *, #5862, .F. ) ;
#2753 = VERTEX_POINT ( 'NONE', #7100 ) ;
#2754 = EDGE_CURVE ( 'NONE', #9207, #4365, #3471, .T. ) ;
#2755 = CARTESIAN_POINT ( 'NONE',  ( 64.81980261604715565, 30.12261235847655527, 2.505989972259315746 ) ) ;
#2756 = CARTESIAN_POINT ( 'NONE',  ( -33.77171203778518560, 38.00000000000000711, 4.000000000000000000 ) ) ;
#2757 = CARTESIAN_POINT ( 'NONE',  ( -60.49999999999997868, -18.10646878060354581, 5.585786437627023204 ) ) ;
#2758 = CARTESIAN_POINT ( 'NONE',  ( 39.25316018564456755, 39.56921620715310439, 9.614158164049912969 ) ) ;
#2759 = CARTESIAN_POINT ( 'NONE',  ( 43.26256185813786459, 39.15415994250176368, 9.121653968434031867 ) ) ;
#2760 = ORIENTED_EDGE ( 'NONE', *, *, #2801, .F. ) ;
#2761 = CARTESIAN_POINT ( 'NONE',  ( 40.42417941840752604, 39.94613651484019101, 9.726299485340279105 ) ) ;
#2762 = LINE ( 'NONE', #7379, #5470 ) ;
#2763 = ORIENTED_EDGE ( 'NONE', *, *, #4034, .T. ) ;
#2764 = CARTESIAN_POINT ( 'NONE',  ( -64.99999999999995737, 38.49999999999999289, 12.00000000000000355 ) ) ;
#2765 = CARTESIAN_POINT ( 'NONE',  ( 67.76374316770926498, 41.40245163501163006, 1.008080217127714118 ) ) ;
#2766 = ORIENTED_EDGE ( 'NONE', *, *, #4557, .T. ) ;
#2767 = TOROIDAL_SURFACE ( 'NONE', #8477, 9.000000000000001776, 1.000000000000000000 ) ;
#2768 = CARTESIAN_POINT ( 'NONE',  ( 38.46551931873069918, 37.32215109695196986, 12.00000000000000000 ) ) ;
#2769 = CARTESIAN_POINT ( 'NONE',  ( -68.22715941312409882, 40.87679641601048530, 1.003229177238312175 ) ) ;
#2770 = ADVANCED_FACE ( 'NONE', ( #6826 ), #4128, .F. ) ;
#2771 = ADVANCED_FACE ( 'NONE', ( #9773 ), #2029, .T. ) ;
#2772 = AXIS2_PLACEMENT_3D ( 'NONE', #1823, #8204, #4165 ) ;
#2773 = PLANE ( 'NONE',  #9784 ) ;
#2774 = CARTESIAN_POINT ( 'NONE',  ( 58.34349828897725843, -39.96228791095460764, 3.850613949551898063 ) ) ;
#2775 = DIRECTION ( 'NONE',  ( 1.000000000000000000, 0.000000000000000000, 0.000000000000000000 ) ) ;
#2776 = DIRECTION ( 'NONE',  ( -0.9538304031031376029, 0.01510265663644064400, -0.2999657845132141509 ) ) ;
#2777 = DIRECTION ( 'NONE',  ( 0.000000000000000000, 0.000000000000000000, 1.000000000000000000 ) ) ;
#2778 = CARTESIAN_POINT ( 'NONE',  ( -62.15360397883832633, 37.94499577414652691, 4.489592359914374775 ) ) ;
#2779 = ORIENTED_EDGE ( 'NONE', *, *, #8831, .T. ) ;
#2780 = CARTESIAN_POINT ( 'NONE',  ( -38.76211111321535441, 44.69386467622283732, 6.159301269370716980 ) ) ;
#2781 = VECTOR ( 'NONE', #7434, 1000.000000000000000 ) ;
#2782 = ORIENTED_EDGE ( 'NONE', *, *, #6358, .F. ) ;
#2783 = VECTOR ( 'NONE', #4390, 1000.000000000000000 ) ;
#2784 = ORIENTED_EDGE ( 'NONE', *, *, #2720, .F. ) ;
#2785 = CARTESIAN_POINT ( 'NONE',  ( -38.43165695371344981, 38.84981584538332555, 10.92079381517725167 ) ) ;
#2786 =( BOUNDED_SURFACE ( )  B_SPLINE_SURFACE ( 3, 2, ( 
 ( #819, #4585, #9221 ),
 ( #7039, #8464, #7605 ),
 ( #769, #6991, #6833 ),
 ( #9120, #2138, #619 ) ),
 .UNSPECIFIED., .F., .F., .T. ) 
 B_SPLINE_SURFACE_WITH_KNOTS ( ( 4, 4 ),
 ( 3, 3 ),
 ( 0.000000000000000000, 0.0005796668253232840559 ),
 ( 0.000000000000000000, 1.000000000000000000 ),
 .UNSPECIFIED. ) 
 GEOMETRIC_REPRESENTATION_ITEM ( )  RATIONAL_B_SPLINE_SURFACE ( (
 ( 1.000000000000000000, 0.7071067811865475727, 1.000000000000000000),
 ( 1.000000000000000000, 0.7119987621712251524, 1.000000000000000000),
 ( 1.000000000000000000, 0.7176402518715007117, 1.000000000000000000),
 ( 1.000000000000000000, 0.7238674278156100872, 1.000000000000000000) ) ) 
 REPRESENTATION_ITEM ( '' )  SURFACE ( )  );
#2787 = EDGE_CURVE ( 'NONE', #2884, #7383, #7715, .T. ) ;
#2788 = CARTESIAN_POINT ( 'NONE',  ( 40.99319085015521580, 39.15039546722880459, 10.19419428553673157 ) ) ;
#2789 = ADVANCED_FACE ( 'NONE', ( #5293 ), #5907, .F. ) ;
#2790 = VERTEX_POINT ( 'NONE', #5956 ) ;
#2791 = CARTESIAN_POINT ( 'NONE',  ( -62.23063333705666622, -39.39679004812278151, 2.709853557469582785 ) ) ;
#2792 = CARTESIAN_POINT ( 'NONE',  ( 63.21497817378525497, -24.80501453911408305, 3.782485578727801112 ) ) ;
#2793 = DIRECTION ( 'NONE',  ( 1.000000000000000000, 1.604435294711338513E-14, 0.000000000000000000 ) ) ;
#2794 = DIRECTION ( 'NONE',  ( -0.000000000000000000, -0.000000000000000000, -1.000000000000000000 ) ) ;
#2795 = DIRECTION ( 'NONE',  ( 0.000000000000000000, -0.000000000000000000, 1.000000000000000000 ) ) ;
#2796 = CARTESIAN_POINT ( 'NONE',  ( 62.09999999999995879, 38.32018605363477803, 4.378179236275945740 ) ) ;
#2797 = ADVANCED_FACE ( 'NONE', ( #7448 ), #3243, .T. ) ;
#2798 = FACE_OUTER_BOUND ( 'NONE', #1656, .T. ) ;
#2799 = EDGE_CURVE ( 'NONE', #9795, #5275, #7405, .T. ) ;
#2800 = LINE ( 'NONE', #2649, #9704 ) ;
#2801 = EDGE_CURVE ( 'NONE', #2790, #7116, #4615, .T. ) ;
#2802 = ORIENTED_EDGE ( 'NONE', *, *, #3461, .T. ) ;
#2803 = CARTESIAN_POINT ( 'NONE',  ( 60.49999999999997158, -13.78853150712619957, 5.500000000000000888 ) ) ;
#2804 = ORIENTED_EDGE ( 'NONE', *, *, #6310, .F. ) ;
#2805 = EDGE_LOOP ( 'NONE', ( #1939, #3790, #6693, #371 ) ) ;
#2806 = DIRECTION ( 'NONE',  ( 0.000000000000000000, 0.4266572361714853767, 0.9044134026110566271 ) ) ;
#2807 = CARTESIAN_POINT ( 'NONE',  ( 38.24856201458048588, 40.04835963982690572, 10.97837450968934547 ) ) ;
#2808 = CARTESIAN_POINT ( 'NONE',  ( -55.49999999999997868, -13.78853150712619779, 13.50000000000000000 ) ) ;
#2809 = CARTESIAN_POINT ( 'NONE',  ( 41.40548589277342018, 38.62713096036776506, 9.985567880030842502 ) ) ;
#2810 = DIRECTION ( 'NONE',  ( -0.6991788823413717102, -0.7038306223815681273, 0.1255840176369776851 ) ) ;
#2811 = ORIENTED_EDGE ( 'NONE', *, *, #6119, .T. ) ;
#2812 = CARTESIAN_POINT ( 'NONE',  ( -64.37222872958366793, 29.94048729051714020, 3.127771270416391136 ) ) ;
#2813 = DIRECTION ( 'NONE',  ( -0.000000000000000000, -0.000000000000000000, -1.000000000000000000 ) ) ;
#2814 = ORIENTED_EDGE ( 'NONE', *, *, #4684, .F. ) ;
#2815 = CIRCLE ( 'NONE', #7065, 15.52081528017139966 ) ;
#2816 = DIRECTION ( 'NONE',  ( 1.000000000000000000, 0.000000000000000000, -0.000000000000000000 ) ) ;
#2817 = CARTESIAN_POINT ( 'NONE',  ( -41.16093173227769597, 38.67568250892773563, 10.06247660549231071 ) ) ;
#2818 = DIRECTION ( 'NONE',  ( 0.000000000000000000, 3.469446951953613400E-15, -1.000000000000000000 ) ) ;
#2819 = CARTESIAN_POINT ( 'NONE',  ( -67.73035397478339803, 39.80049406371475840, 2.001410947588070588 ) ) ;
#2820 = AXIS2_PLACEMENT_3D ( 'NONE', #2497, #7867, #8828 ) ;
#2821 = LINE ( 'NONE', #8344, #9453 ) ;
#2822 = ORIENTED_EDGE ( 'NONE', *, *, #449, .T. ) ;
#2823 = CARTESIAN_POINT ( 'NONE',  ( -53.49999999999997868, -30.99999999999998579, 2.000000000000000000 ) ) ;
#2824 = CARTESIAN_POINT ( 'NONE',  ( -64.99999999999995737, 38.50000000000000711, 2.000000000000000000 ) ) ;
#2825 = CARTESIAN_POINT ( 'NONE',  ( -56.75775210684362548, -39.57824246152978276, 4.833764123847943850 ) ) ;
#2826 = CARTESIAN_POINT ( 'NONE',  ( 61.78413452497221670, -40.79120702289593225, 2.423451981499894714 ) ) ;
#2827 = CARTESIAN_POINT ( 'NONE',  ( 58.19513796162756591, 25.60317338033646095, 8.875026829715805476 ) ) ;
#2828 = ORIENTED_EDGE ( 'NONE', *, *, #215, .F. ) ;
#2829 = EDGE_CURVE ( 'NONE', #203, #5729, #2161, .T. ) ;
#2830 = DIRECTION ( 'NONE',  ( -0.000000000000000000, 0.000000000000000000, 1.000000000000000000 ) ) ;
#2831 = ORIENTED_EDGE ( 'NONE', *, *, #3836, .T. ) ;
#2832 = CARTESIAN_POINT ( 'NONE',  ( -38.78086727521984756, 38.57779070964507895, 10.81097224971866844 ) ) ;
#2833 = VECTOR ( 'NONE', #4093, 1000.000000000000000 ) ;
#2834 = CARTESIAN_POINT ( 'NONE',  ( 40.80913460960259442, 39.40315458162795181, 10.06631668137802649 ) ) ;
#2835 = DIRECTION ( 'NONE',  ( 0.000000000000000000, -0.000000000000000000, 1.000000000000000000 ) ) ;
#2836 = CARTESIAN_POINT ( 'NONE',  ( -68.49423036433971390, 36.55311680860764767, 1.061205990658735221 ) ) ;
#2837 = DIRECTION ( 'NONE',  ( 0.000000000000000000, 0.000000000000000000, -1.000000000000000000 ) ) ;
#2838 = CARTESIAN_POINT ( 'NONE',  ( -41.08401631062912429, 44.15558141929020053, 5.452194488184168186 ) ) ;
#2839 = CARTESIAN_POINT ( 'NONE',  ( -68.72148125650389261, 37.03351534017911462, 1.036396857401802540 ) ) ;
#2840 = EDGE_CURVE ( 'NONE', #4382, #6238, #5922, .T. ) ;
#2841 = AXIS2_PLACEMENT_3D ( 'NONE', #3043, #2992, #5649 ) ;
#2842 =( BOUNDED_SURFACE ( )  B_SPLINE_SURFACE ( 3, 2, ( 
 ( #4270, #6658, #8802 ),
 ( #1920, #4218, #3547 ),
 ( #8041, #2668, #5790 ),
 ( #5035, #1816, #7273 ),
 ( #1966, #5082, #4370 ),
 ( #8146, #6556, #8197 ),
 ( #8898, #494, #1055 ),
 ( #7481, #1256, #5846 ) ),
 .UNSPECIFIED., .F., .F., .F. ) 
 B_SPLINE_SURFACE_WITH_KNOTS ( ( 4, 2, 2, 4 ),
 ( 3, 3 ),
 ( 0.000000000000000000, 0.0004965851680423903495, 0.0009931703360847806989, 0.001986340672169561398 ),
 ( 0.000000000000000000, 1.000000000000000000 ),
 .UNSPECIFIED. ) 
 GEOMETRIC_REPRESENTATION_ITEM ( )  RATIONAL_B_SPLINE_SURFACE ( (
 ( 1.000000000000000000, 0.9202892687146851936, 1.000000000000000000),
 ( 1.000000000000000000, 0.9214821611138889201, 1.000000000000000000),
 ( 1.000000000000000000, 0.9223727220954909267, 1.000000000000000000),
 ( 1.000000000000000000, 0.9235711426585417883, 1.000000000000000000),
 ( 1.000000000000000000, 0.9238792289426411841, 1.000000000000000000),
 ( 1.000000000000000000, 0.9238801389670476816, 1.000000000000000000),
 ( 1.000000000000000000, 0.9226836343723043843, 1.000000000000000000),
 ( 1.000000000000000000, 0.9202892687146846384, 1.000000000000000000) ) ) 
 REPRESENTATION_ITEM ( '' )  SURFACE ( )  );
#2843 = CARTESIAN_POINT ( 'NONE',  ( -6.352246353575151439, -19.73191883757084497, 0.000000000000000000 ) ) ;
#2844 = CARTESIAN_POINT ( 'NONE',  ( 40.48905568471048610, 38.97857765123553975, 10.27377184733873072 ) ) ;
#2845 = CARTESIAN_POINT ( 'NONE',  ( -53.25379579564053500, 42.00000000000000711, 2.000000000000000000 ) ) ;
#2846 = VECTOR ( 'NONE', #4418, 1000.000000000000000 ) ;
#2847 = ORIENTED_EDGE ( 'NONE', *, *, #2840, .T. ) ;
#2848 = CYLINDRICAL_SURFACE ( 'NONE', #10034, 8.000000000000000000 ) ;
#2849 = ORIENTED_EDGE ( 'NONE', *, *, #9970, .T. ) ;
#2850 = EDGE_LOOP ( 'NONE', ( #2670, #7532, #8494, #1781 ) ) ;
#2851 = FACE_OUTER_BOUND ( 'NONE', #9595, .T. ) ;
#2852 = FACE_OUTER_BOUND ( 'NONE', #7907, .T. ) ;
#2853 = DIRECTION ( 'NONE',  ( -1.000000000000000000, 0.000000000000000000, 0.000000000000000000 ) ) ;
#2854 = EDGE_CURVE ( 'NONE', #7957, #2212, #4242, .T. ) ;
#2855 = FACE_OUTER_BOUND ( 'NONE', #6792, .T. ) ;
#2856 = AXIS2_PLACEMENT_3D ( 'NONE', #7924, #301, #5579 ) ;
#2857 = ADVANCED_FACE ( 'NONE', ( #2986 ), #9922, .T. ) ;
#2858 = ORIENTED_EDGE ( 'NONE', *, *, #3485, .T. ) ;
#2859 = DIRECTION ( 'NONE',  ( 1.000000000000000000, 0.000000000000000000, 0.000000000000000000 ) ) ;
#2860 = ORIENTED_EDGE ( 'NONE', *, *, #2754, .F. ) ;
#2861 = CIRCLE ( 'NONE', #2536, 2.000000000000001776 ) ;
#2862 = DIRECTION ( 'NONE',  ( -0.4917159483713992030, 0.000000000000000000, -0.8707556638444653441 ) ) ;
#2863 = VECTOR ( 'NONE', #1449, 1000.000000000000000 ) ;
#2864 = VERTEX_POINT ( 'NONE', #460 ) ;
#2865 = DIRECTION ( 'NONE',  ( 0.000000000000000000, -0.000000000000000000, -1.000000000000000000 ) ) ;
#2866 = CARTESIAN_POINT ( 'NONE',  ( -55.49999999999997868, 24.82685288287922276, 8.630539114133403800 ) ) ;
#2867 = VERTEX_POINT ( 'NONE', #3612 ) ;
#2868 = ADVANCED_FACE ( 'NONE', ( #4685 ), #8723, .T. ) ;
#2869 = FACE_OUTER_BOUND ( 'NONE', #9581, .T. ) ;
#2870 = CARTESIAN_POINT ( 'NONE',  ( -68.61836892006428457, 40.22385608594466078, 1.983526067549520322 ) ) ;
#2871 = VECTOR ( 'NONE', #3724, 1000.000000000000227 ) ;
#2872 = ORIENTED_EDGE ( 'NONE', *, *, #2409, .T. ) ;
#2873 = AXIS2_PLACEMENT_3D ( 'NONE', #6344, #9442, #6192 ) ;
#2874 = CARTESIAN_POINT ( 'NONE',  ( 66.98420632257897012, 40.81705367951217056, 2.009687764273755395 ) ) ;
#2875 = ORIENTED_EDGE ( 'NONE', *, *, #1294, .T. ) ;
#2876 = CARTESIAN_POINT ( 'NONE',  ( -40.13548139082779898, 44.71084398481023214, 5.356357318053905914 ) ) ;
#2877 = CARTESIAN_POINT ( 'NONE',  ( 64.13452373906478954, -41.40836774813107013, 2.024157420073388725 ) ) ;
#2878 = LINE ( 'NONE', #9103, #1414 ) ;
#2879 = COLOUR_RGB ( '',0.7921568627450980005, 0.8196078431372548767, 0.9333333333333333481 ) ;
#2880 = DIRECTION ( 'NONE',  ( 0.000000000000000000, 0.000000000000000000, 1.000000000000000000 ) ) ;
#2881 = CIRCLE ( 'NONE', #279, 8.500000000000000000 ) ;
#2882 = ADVANCED_FACE ( 'NONE', ( #7696 ), #4296, .T. ) ;
#2883 = CARTESIAN_POINT ( 'NONE',  ( 64.99999999999995737, 38.49999999999999289, 2.000000000000000000 ) ) ;
#2884 = VERTEX_POINT ( 'NONE', #6164 ) ;
#2885 = CARTESIAN_POINT ( 'NONE',  ( 64.52039976645679076, -42.48999486014294291, 1.000000000000000000 ) ) ;
#2886 = DIRECTION ( 'NONE',  ( 0.9819489825184593013, -0.000000000000000000, 0.1891459640884847748 ) ) ;
#2887 = AXIS2_PLACEMENT_3D ( 'NONE', #6696, #9796, #2806 ) ;
#2888 = B_SPLINE_CURVE_WITH_KNOTS ( 'NONE', 3,
 ( #6871, #9966, #2982, #5346 ),
 .UNSPECIFIED., .F., .F.,
 ( 4, 4 ),
 ( 0.000000000000000000, 0.001952603211087386740 ),
 .UNSPECIFIED. ) ;
#2889 = DIRECTION ( 'NONE',  ( -0.8735575910849382453, -0.4867207978480884156, 0.000000000000000000 ) ) ;
#2890 = CARTESIAN_POINT ( 'NONE',  ( 54.50000000000001421, 25.12723994640310465, 7.676721724866727214 ) ) ;
#2891 = DIRECTION ( 'NONE',  ( -0.000000000000000000, -1.000000000000000000, -0.000000000000000000 ) ) ;
#2892 = CARTESIAN_POINT ( 'NONE',  ( 45.22532245313249177, 39.27653659536031228, 8.723463404639829832 ) ) ;
#2893 = CARTESIAN_POINT ( 'NONE',  ( 62.49314726662305475, -23.20349147688650859, 4.504316485890004884 ) ) ;
#2894 = DIRECTION ( 'NONE',  ( 0.000000000000000000, 0.000000000000000000, -1.000000000000000000 ) ) ;
#2895 = ADVANCED_FACE ( 'NONE', ( #3141 ), #9361, .T. ) ;
#2896 = DIRECTION ( 'NONE',  ( 5.929583244298824152E-16, 0.7071067811865513475, 0.7071067811865437980 ) ) ;
#2897 = EDGE_CURVE ( 'NONE', #7620, #25, #9009, .T. ) ;
#2898 = ORIENTED_EDGE ( 'NONE', *, *, #5274, .F. ) ;
#2899 = CARTESIAN_POINT ( 'NONE',  ( 58.08578643762704985, -23.60722157796515219, 9.000000000000001776 ) ) ;
#2900 = ORIENTED_EDGE ( 'NONE', *, *, #5998, .T. ) ;
#2901 = ORIENTED_EDGE ( 'NONE', *, *, #3369, .F. ) ;
#2902 = CARTESIAN_POINT ( 'NONE',  ( -53.49999999999997868, 34.00000000000000711, 4.489592359914374775 ) ) ;
#2903 = CARTESIAN_POINT ( 'NONE',  ( -64.93196779000481911, 31.29980008828630389, 2.884122175253797327 ) ) ;
#2904 =( BOUNDED_SURFACE ( )  B_SPLINE_SURFACE ( 3, 2, ( 
 ( #7244, #3974, #6478 ),
 ( #4127, #4857, #9425 ),
 ( #191, #6268, #4801 ),
 ( #7141, #238, #9574 ) ),
 .UNSPECIFIED., .F., .F., .T. ) 
 B_SPLINE_SURFACE_WITH_KNOTS ( ( 4, 4 ),
 ( 3, 3 ),
 ( 0.000000000000000000, 0.06029848032749570569 ),
 ( 0.000000000000000000, 1.000000000000000000 ),
 .UNSPECIFIED. ) 
 GEOMETRIC_REPRESENTATION_ITEM ( )  RATIONAL_B_SPLINE_SURFACE ( (
 ( 1.000000000000000000, 0.9238795325112856283, 1.000000000000000000),
 ( 1.000000000000000000, 0.9238795353648759923, 1.000000000000000000),
 ( 1.000000000000000000, 0.9237635719536424483, 1.000000000000000000),
 ( 1.000000000000000000, 0.9235317221080586725, 1.000000000000000000) ) ) 
 REPRESENTATION_ITEM ( '' )  SURFACE ( )  );
#2905 = CARTESIAN_POINT ( 'NONE',  ( 64.98060907474328474, 42.50298757522093496, 2.080864968095236023 ) ) ;
#2906 = CARTESIAN_POINT ( 'NONE',  ( -37.09634897802578024, 40.02909381193414617, 11.34072874615741711 ) ) ;
#2907 = DIRECTION ( 'NONE',  ( 0.7656826878322738894, 0.5964455351772744995, 0.2407960654185175575 ) ) ;
#2908 = CARTESIAN_POINT ( 'NONE',  ( -51.73464987362541478, -50.24453208529337189, 2.000000000000000000 ) ) ;
#2909 = EDGE_CURVE ( 'NONE', #4405, #8130, #6313, .T. ) ;
#2910 = ORIENTED_EDGE ( 'NONE', *, *, #9570, .T. ) ;
#2911 = CARTESIAN_POINT ( 'NONE',  ( 39.55316018564455760, 39.56921620715309729, 10.56809736546686018 ) ) ;
#2912 = DIRECTION ( 'NONE',  ( 0.000000000000000000, 0.000000000000000000, -1.000000000000000000 ) ) ;
#2913 = EDGE_CURVE ( 'NONE', #9669, #6808, #1609, .T. ) ;
#2915 = VERTEX_POINT ( 'NONE', #3962 ) ;
#2914 = EDGE_CURVE ( 'NONE', #1146, #411, #8363, .T. ) ;
#2916 = CARTESIAN_POINT ( 'NONE',  ( -58.49345050234010301, 42.21877267519573707, 3.782485578727828646 ) ) ;
#2917 = CARTESIAN_POINT ( 'NONE',  ( 37.70547560935050058, 41.03460243273713104, 10.36630813552893926 ) ) ;
#2918 = VERTEX_POINT ( 'NONE', #7076 ) ;
#2919 = CARTESIAN_POINT ( 'NONE',  ( -41.21621412739590085, 39.52768132501796572, 9.605407550946621242 ) ) ;
#2920 = CARTESIAN_POINT ( 'NONE',  ( -68.07200937850481637, 41.07413982564479937, 1.004357119517285346 ) ) ;
#2921 = ORIENTED_EDGE ( 'NONE', *, *, #5862, .T. ) ;
#2922 = EDGE_CURVE ( 'NONE', #4540, #6013, #75, .T. ) ;
#2923 = EDGE_CURVE ( 'NONE', #2918, #9159, #1203, .T. ) ;
#2924 = CARTESIAN_POINT ( 'NONE',  ( -39.55307720942077054, 36.56603277159170773, 2.219903372236302186 ) ) ;
#2925 = CARTESIAN_POINT ( 'NONE',  ( 68.52143113843511912, 40.41325013934353194, 1.982438836336736676 ) ) ;
#2926 = DIRECTION ( 'NONE',  ( -0.000000000000000000, -0.000000000000000000, -1.000000000000000000 ) ) ;
#2927 = ADVANCED_FACE ( 'NONE', ( #6460 ), #7423, .T. ) ;
#2928 = CIRCLE ( 'NONE', #9954, 0.9999999999999996669 ) ;
#2929 = DIRECTION ( 'NONE',  ( 1.000000000000000000, -0.000000000000000000, -0.000000000000000000 ) ) ;
#2930 = CARTESIAN_POINT ( 'NONE',  ( -53.49999999999997868, 34.00000000000000711, 9.000000000000001776 ) ) ;
#2931 = CARTESIAN_POINT ( 'NONE',  ( -45.22532245313464472, 41.70710678118658876, 6.292893218813520484 ) ) ;
#2932 = ORIENTED_EDGE ( 'NONE', *, *, #7526, .F. ) ;
#2933 = CARTESIAN_POINT ( 'NONE',  ( 56.69544737387892042, -40.02870223093123769, 3.782485578727831754 ) ) ;
#2934 = EDGE_CURVE ( 'NONE', #4732, #333, #3448, .T. ) ;
#2935 = VERTEX_POINT ( 'NONE', #6406 ) ;
#2936 = ORIENTED_EDGE ( 'NONE', *, *, #9821, .T. ) ;
#2937 = CIRCLE ( 'NONE', #3758, 1.600000000000004086 ) ;
#2938 = CARTESIAN_POINT ( 'NONE',  ( -62.49314726662308317, -23.20349147688654057, 4.504316485889944488 ) ) ;
#2939 = CARTESIAN_POINT ( 'NONE',  ( -37.86633971754694272, 37.78889535482255013, 3.599159522938018441 ) ) ;
#2940 = DIRECTION ( 'NONE',  ( 0.9954537426972343006, 0.04361274397761731592, -0.08467452221779121768 ) ) ;
#2941 = CARTESIAN_POINT ( 'NONE',  ( -61.86132007135308442, 25.16164495907875320, 5.638679928646993744 ) ) ;
#2942 = CARTESIAN_POINT ( 'NONE',  ( 41.45040878928134731, 39.24440577393509955, 9.738735459800437866 ) ) ;
#2943 = CIRCLE ( 'NONE', #5717, 1.000000000000000888 ) ;
#2944 = AXIS2_PLACEMENT_3D ( 'NONE', #6378, #2642, #8065 ) ;
#2945 = CYLINDRICAL_SURFACE ( 'NONE', #8379, 0.9999999999999991118 ) ;
#2946 = AXIS2_PLACEMENT_3D ( 'NONE', #9499, #2506, #116 ) ;
#2947 = CARTESIAN_POINT ( 'NONE',  ( -53.74596825138367251, 42.01077634239956637, 5.568068019574944572 ) ) ;
#2948 = EDGE_LOOP ( 'NONE', ( #4123, #489, #3050, #2597 ) ) ;
#2949 = DIRECTION ( 'NONE',  ( 0.000000000000000000, 3.469446951953614189E-15, -1.000000000000000000 ) ) ;
#2950 = VERTEX_POINT ( 'NONE', #4984 ) ;
#2951 = ORIENTED_EDGE ( 'NONE', *, *, #1674, .T. ) ;
#2952 = CARTESIAN_POINT ( 'NONE',  ( -33.77171203778518560, 41.00000000000000711, 12.00000000000000000 ) ) ;
#2953 = CYLINDRICAL_SURFACE ( 'NONE', #457, 8.000000000000000000 ) ;
#2954 = CARTESIAN_POINT ( 'NONE',  ( 39.47241478309024387, 40.28148700881317268, 10.59349061980728202 ) ) ;
#2955 = ORIENTED_EDGE ( 'NONE', *, *, #8741, .T. ) ;
#2956 = DIRECTION ( 'NONE',  ( 3.469446951953611428E-15, -1.000000000000000000, -3.469446951953709247E-15 ) ) ;
#2957 = ORIENTED_EDGE ( 'NONE', *, *, #5544, .T. ) ;
#2958 = ADVANCED_FACE ( 'NONE', ( #1155 ), #9104, .T. ) ;
#2959 = DIRECTION ( 'NONE',  ( 1.000000000000000000, 0.000000000000000000, 0.000000000000000000 ) ) ;
#2960 = DIRECTION ( 'NONE',  ( -0.7888953548225550172, 0.6145275576728801425, 0.000000000000000000 ) ) ;
#2961 = CARTESIAN_POINT ( 'NONE',  ( -40.63942290680181912, 40.11288427245681731, 9.462479898702842007 ) ) ;
#2962 = VERTEX_POINT ( 'NONE', #7996 ) ;
#2963 = B_SPLINE_CURVE_WITH_KNOTS ( 'NONE', 3,
 ( #1171, #4286, #6727, #6674 ),
 .UNSPECIFIED., .F., .F.,
 ( 4, 4 ),
 ( 0.000000000000000000, 0.0008017736930732901474 ),
 .UNSPECIFIED. ) ;
#2964 =( BOUNDED_SURFACE ( )  B_SPLINE_SURFACE ( 3, 2, ( 
 ( #4561, #9397, #7681 ),
 ( #1399, #4053, #894 ),
 ( #7317, #3431, #1044 ),
 ( #3330, #4880, #4773 ),
 ( #162, #7162, #263 ),
 ( #8790, #3281, #6446 ),
 ( #946, #6393, #1851 ),
 ( #992, #8739, #7933 ) ),
 .UNSPECIFIED., .F., .F., .T. ) 
 B_SPLINE_SURFACE_WITH_KNOTS ( ( 4, 2, 2, 4 ),
 ( 3, 3 ),
 ( -4.336808689942017736E-19, 0.001998209413514454372, 0.003996418827028908743, 0.007992837654057817487 ),
 ( 0.000000000000000000, 1.000000000000000000 ),
 .UNSPECIFIED. ) 
 GEOMETRIC_REPRESENTATION_ITEM ( )  RATIONAL_B_SPLINE_SURFACE ( (
 ( 1.000000000000000000, 0.7189098283173579462, 1.000000000000000000),
 ( 1.000000000000000000, 0.7292145251334967160, 1.000000000000000000),
 ( 1.000000000000000000, 0.7402138905800823565, 1.000000000000000000),
 ( 1.000000000000000000, 0.7637811967093299792, 1.000000000000000000),
 ( 1.000000000000000000, 0.7764037048527807627, 1.000000000000000000),
 ( 1.000000000000000000, 0.8163846216190492333, 1.000000000000000000),
 ( 1.000000000000000000, 0.8454608955191472708, 1.000000000000000000),
 ( 1.000000000000000000, 0.8750273689932436261, 1.000000000000000000) ) ) 
 REPRESENTATION_ITEM ( '' )  SURFACE ( )  );
#2965 = CARTESIAN_POINT ( 'NONE',  ( 42.85191572870943588, 35.25909964106996597, 8.414547187247491067 ) ) ;
#2966 = DIRECTION ( 'NONE',  ( 0.000000000000000000, 0.3003870635238867215, -0.9538173892666753639 ) ) ;
#2967 = EDGE_LOOP ( 'NONE', ( #4607, #3591, #3785, #9230 ) ) ;
#2968 = CARTESIAN_POINT ( 'NONE',  ( -55.49999999999997868, 25.12723994640310465, 7.676721724866726326 ) ) ;
#2969 = LINE ( 'NONE', #8294, #8415 ) ;
#2970 = ORIENTED_EDGE ( 'NONE', *, *, #2913, .F. ) ;
#2971 = DIRECTION ( 'NONE',  ( -0.000000000000000000, 1.000000000000000000, -0.000000000000000000 ) ) ;
#2972 = EDGE_CURVE ( 'NONE', #1935, #4977, #9210, .T. ) ;
#2973 = DIRECTION ( 'NONE',  ( 0.000000000000000000, 1.000000000000000000, 0.000000000000000000 ) ) ;
#2974 = VECTOR ( 'NONE', #4719, 1000.000000000000000 ) ;
#2975 = CARTESIAN_POINT ( 'NONE',  ( -37.48227522645620979, 36.32995926461796188, 1.977047241281732370 ) ) ;
#2976 = EDGE_LOOP ( 'NONE', ( #8913, #9675, #3490, #9122, #9889 ) ) ;
#2977 = CARTESIAN_POINT ( 'NONE',  ( -60.93728179616392282, 41.71161888700578402, 3.457103050093228269 ) ) ;
#2978 = CARTESIAN_POINT ( 'NONE',  ( 68.49423036433975653, 36.55311680860763346, 2.000000000000000000 ) ) ;
#2979 = ORIENTED_EDGE ( 'NONE', *, *, #3430, .T. ) ;
#2980 = CYLINDRICAL_SURFACE ( 'NONE', #100, 8.500000000000001776 ) ;
#2981 = LINE ( 'NONE', #753, #9929 ) ;
#2982 = CARTESIAN_POINT ( 'NONE',  ( 43.99264316484119064, 38.50287649295686521, 9.171944558473802189 ) ) ;
#2983 = ORIENTED_EDGE ( 'NONE', *, *, #5530, .T. ) ;
#2984 = EDGE_CURVE ( 'NONE', #3727, #6197, #7229, .T. ) ;
#2985 = AXIS2_PLACEMENT_3D ( 'NONE', #9133, #7373, #9848 ) ;
#2986 = FACE_OUTER_BOUND ( 'NONE', #4953, .T. ) ;
#2987 = VERTEX_POINT ( 'NONE', #6606 ) ;
#2988 = ORIENTED_EDGE ( 'NONE', *, *, #197, .T. ) ;
#2989 = EDGE_CURVE ( 'NONE', #8481, #621, #5989, .T. ) ;
#2990 = B_SPLINE_CURVE_WITH_KNOTS ( 'NONE', 3,
 ( #10077, #2232, #4634, #3094, #7702, #2942 ),
 .UNSPECIFIED., .F., .F.,
 ( 4, 2, 4 ),
 ( 0.000000000000000000, 0.0006538938326555843563, 0.001307787665311168713 ),
 .UNSPECIFIED. ) ;
#2991 = CARTESIAN_POINT ( 'NONE',  ( 40.00167376730999536, 40.16566776803149708, 9.982551556717281116 ) ) ;
#2992 = DIRECTION ( 'NONE',  ( 1.000000000000000000, 0.000000000000000000, 0.000000000000000000 ) ) ;
#2993 = CIRCLE ( 'NONE', #5608, 1.000000000000000222 ) ;
#2994 = FACE_OUTER_BOUND ( 'NONE', #5415, .T. ) ;
#2995 = CARTESIAN_POINT ( 'NONE',  ( -63.34167665309144013, 33.02809576151664572, 4.158323346908637141 ) ) ;
#2996 =( BOUNDED_CURVE ( )  B_SPLINE_CURVE ( 3, ( #2051, #9128, #2245, #6079 ),
 .UNSPECIFIED., .F., .T. ) 
 B_SPLINE_CURVE_WITH_KNOTS ( ( 4, 4 ),
 ( 4.762694433463034116, 4.908603650886002256 ),
 .UNSPECIFIED. ) 
 CURVE ( )  GEOMETRIC_REPRESENTATION_ITEM ( )  RATIONAL_B_SPLINE_CURVE ( ( 1.000000000000000000, 0.9982266617628545724, 0.9982266617628545724, 1.000000000000000000 ) ) 
 REPRESENTATION_ITEM ( '' )  );
#2997 = EDGE_CURVE ( 'NONE', #2918, #4055, #5090, .T. ) ;
#2998 = AXIS2_PLACEMENT_3D ( 'NONE', #565, #9788, #2043 ) ;
#2999 = DIRECTION ( 'NONE',  ( 0.000000000000000000, 0.000000000000000000, 1.000000000000000000 ) ) ;
#3000 = CARTESIAN_POINT ( 'NONE',  ( -67.89999999999996305, 38.49999999999999289, 12.00000000000000355 ) ) ;
#3001 = ORIENTED_EDGE ( 'NONE', *, *, #8431, .T. ) ;
#3002 = CARTESIAN_POINT ( 'NONE',  ( -42.16803262125714014, 43.31116283858040816, 5.585786437627008993 ) ) ;
#3003 = ORIENTED_EDGE ( 'NONE', *, *, #7340, .T. ) ;
#3004 = DIRECTION ( 'NONE',  ( 0.7888953548225517975, -0.6145275576728842504, -2.575453785835372400E-14 ) ) ;
#3005 = AXIS2_PLACEMENT_3D ( 'NONE', #6261, #4896, #5551 ) ;
#3006 = CARTESIAN_POINT ( 'NONE',  ( -60.49999999999997158, 18.18751757527890689, 6.539603826893717553 ) ) ;
#3007 = DIRECTION ( 'NONE',  ( -0.000000000000000000, 0.000000000000000000, 1.000000000000000000 ) ) ;
#3008 = LINE ( 'NONE', #6133, #3599 ) ;
#3009 = DIRECTION ( 'NONE',  ( 0.000000000000000000, 3.469446951953614189E-15, -1.000000000000000000 ) ) ;
#3010 = DIRECTION ( 'NONE',  ( -1.000000000000000000, -0.000000000000000000, 0.000000000000000000 ) ) ;
#3011 = DIRECTION ( 'NONE',  ( 1.000000000000000000, 0.000000000000000000, 0.000000000000000000 ) ) ;
#3012 = VECTOR ( 'NONE', #6571, 1000.000000000000000 ) ;
#3013 = CARTESIAN_POINT ( 'NONE',  ( -64.83668654606921677, 29.98862402074612632, 2.122657482642456905 ) ) ;
#3014 = ORIENTED_EDGE ( 'NONE', *, *, #1416, .F. ) ;
#3015 = CARTESIAN_POINT ( 'NONE',  ( -63.66346339600494275, 33.25664038363895969, 3.836536603995108319 ) ) ;
#3016 = CARTESIAN_POINT ( 'NONE',  ( -45.76767997638421548, 45.00000000000001421, 17.00000000000000000 ) ) ;
#3017 = ORIENTED_EDGE ( 'NONE', *, *, #7247, .F. ) ;
#3018 = CARTESIAN_POINT ( 'NONE',  ( -45.22532245313465893, 38.56942981417387273, 8.016356623453122054 ) ) ;
#3019 = CARTESIAN_POINT ( 'NONE',  ( -37.48227522645620979, 36.32995926461796188, 1.977047241281732370 ) ) ;
#3020 = VECTOR ( 'NONE', #4619, 999.9999999999998863 ) ;
#3021 = FACE_OUTER_BOUND ( 'NONE', #273, .T. ) ;
#3022 = B_SPLINE_CURVE_WITH_KNOTS ( 'NONE', 3,
 ( #5399, #274, #6169, #5692, #7803, #334, #3198, #8507, #6506, #8094 ),
 .UNSPECIFIED., .F., .F.,
 ( 4, 2, 2, 2, 4 ),
 ( 0.000000000000000000, 0.0006685808007223904099, 0.001337161601444780820, 0.002005742402167171121, 0.002674323202889561640 ),
 .UNSPECIFIED. ) ;
#3023 = DIRECTION ( 'NONE',  ( 0.5160820409789925733, -0.8565391567108636695, 0.000000000000000000 ) ) ;
#3024 =( BOUNDED_SURFACE ( )  B_SPLINE_SURFACE ( 3, 2, ( 
 ( #8602, #23, #4730 ),
 ( #2218, #7840, #4624 ),
 ( #1663, #7893, #857 ),
 ( #6305, #7694, #3960 ) ),
 .UNSPECIFIED., .F., .F., .T. ) 
 B_SPLINE_SURFACE_WITH_KNOTS ( ( 4, 4 ),
 ( 3, 3 ),
 ( 0.000000000000000000, 0.002162003959476184716 ),
 ( 0.000000000000000000, 1.000000000000000000 ),
 .UNSPECIFIED. ) 
 GEOMETRIC_REPRESENTATION_ITEM ( )  RATIONAL_B_SPLINE_SURFACE ( (
 ( 1.000000000000000000, 0.9218782783082948296, 1.000000000000000000),
 ( 1.000000000000000000, 0.9173839500365845723, 1.000000000000000000),
 ( 1.000000000000000000, 0.9062918855493685699, 1.000000000000000000),
 ( 1.000000000000000000, 0.8933820076829206425, 1.000000000000000000) ) ) 
 REPRESENTATION_ITEM ( '' )  SURFACE ( )  );
#3025 = AXIS2_PLACEMENT_3D ( 'NONE', #6878, #9316, #8504 ) ;
#3026 = AXIS2_PLACEMENT_3D ( 'NONE', #1873, #2776, #5749 ) ;
#3027 = CARTESIAN_POINT ( 'NONE',  ( -44.59769469563403277, 35.00000000001042366, 0.6533035528755326560 ) ) ;
#3028 = CARTESIAN_POINT ( 'NONE',  ( 68.88198314824944646, 37.50393764580287836, 1.020531511717991835 ) ) ;
#3029 = ADVANCED_FACE ( 'NONE', ( #7386 ), #9762, .T. ) ;
#3030 = EDGE_LOOP ( 'NONE', ( #3104, #5720, #6270, #4621 ) ) ;
#3031 = ORIENTED_EDGE ( 'NONE', *, *, #6312, .T. ) ;
#3032 = DIRECTION ( 'NONE',  ( -1.000000000000000000, 0.000000000000000000, 0.000000000000000000 ) ) ;
#3033 = CARTESIAN_POINT ( 'NONE',  ( 66.37431582982121370, 34.25032377719014676, 2.421473446075630420 ) ) ;
#3034 = CARTESIAN_POINT ( 'NONE',  ( 40.06661644464288230, 39.24409840170346087, 10.40662284227848744 ) ) ;
#3035 = AXIS2_PLACEMENT_3D ( 'NONE', #8381, #1345, #4450 ) ;
#3036 = ORIENTED_EDGE ( 'NONE', *, *, #1853, .F. ) ;
#3037 = AXIS2_PLACEMENT_3D ( 'NONE', #3339, #5693, #3135 ) ;
#3038 = CARTESIAN_POINT ( 'NONE',  ( 61.49999999999997158, 4.508169414544843434, 4.499999999999999112 ) ) ;
#3039 = ORIENTED_EDGE ( 'NONE', *, *, #8105, .T. ) ;
#3040 = B_SPLINE_CURVE_WITH_KNOTS ( 'NONE', 3,
 ( #3211, #4806, #1576, #3929, #3158, #875, #7045, #1681 ),
 .UNSPECIFIED., .F., .F.,
 ( 4, 2, 2, 4 ),
 ( 0.000000000000000000, 0.001363371425079774489, 0.002045057137619655119, 0.002726742850159536401 ),
 .UNSPECIFIED. ) ;
#3041 = AXIS2_PLACEMENT_3D ( 'NONE', #540, #5845, #8949 ) ;
#3042 = CARTESIAN_POINT ( 'NONE',  ( 39.98067655303832879, 39.91007292576475152, 10.43364968785092728 ) ) ;
#3043 = CARTESIAN_POINT ( 'NONE',  ( -45.22532245313464472, 41.00000000000000711, 5.585786437627006329 ) ) ;
#3044 = AXIS2_PLACEMENT_3D ( 'NONE', #9292, #7825, #2303 ) ;
#3045 = ADVANCED_FACE ( 'NONE', ( #7435 ), #1874, .T. ) ;
#3046 = CARTESIAN_POINT ( 'NONE',  ( -38.46551931873284502, 37.32215109695199118, 3.554094482563463941 ) ) ;
#3047 = CARTESIAN_POINT ( 'NONE',  ( 58.75489261934965413, -21.37903042612311921, 8.235307220888461899 ) ) ;
#3048 = CARTESIAN_POINT ( 'NONE',  ( -66.65878573715454536, 41.07795558250327161, 2.019480567955771466 ) ) ;
#3049 = EDGE_CURVE ( 'NONE', #5225, #4213, #1516, .T. ) ;
#3050 = ORIENTED_EDGE ( 'NONE', *, *, #5250, .F. ) ;
#3051 = VECTOR ( 'NONE', #6390, 1000.000000000000000 ) ;
#3052 = ORIENTED_EDGE ( 'NONE', *, *, #7372, .T. ) ;
#3053 = DIRECTION ( 'NONE',  ( -0.000000000000000000, -0.000000000000000000, -1.000000000000000000 ) ) ;
#3054 = CARTESIAN_POINT ( 'NONE',  ( 61.20710678118651060, -18.10646878060362042, 6.292893218813603085 ) ) ;
#3055 = EDGE_CURVE ( 'NONE', #7054, #9971, #6245, .T. ) ;
#3056 = VERTEX_POINT ( 'NONE', #5380 ) ;
#3057 = DIRECTION ( 'NONE',  ( 1.000000000000000000, -0.000000000000000000, -0.000000000000000000 ) ) ;
#3058 = ORIENTED_EDGE ( 'NONE', *, *, #9569, .F. ) ;
#3059 = VERTEX_POINT ( 'NONE', #7115 ) ;
#3060 = DIRECTION ( 'NONE',  ( -0.000000000000000000, 0.000000000000000000, 1.000000000000000000 ) ) ;
#3061 = FACE_OUTER_BOUND ( 'NONE', #248, .T. ) ;
#3062 = ORIENTED_EDGE ( 'NONE', *, *, #3404, .T. ) ;
#3063 = DIRECTION ( 'NONE',  ( -0.000000000000000000, -0.000000000000000000, -1.000000000000000000 ) ) ;
#3064 = CARTESIAN_POINT ( 'NONE',  ( 56.69544737387892042, -40.02870223093123769, 3.782485578727833975 ) ) ;
#3065 = DIRECTION ( 'NONE',  ( 0.3064395601039201500, 0.9518901176098615302, -0.000000000000000000 ) ) ;
#3066 = CARTESIAN_POINT ( 'NONE',  ( -68.65636497016484441, 36.86827048918046756, 1.043086012424681241 ) ) ;
#3067 = CARTESIAN_POINT ( 'NONE',  ( -62.92178572398718472, 26.55179502823069981, 4.037558304724722547 ) ) ;
#3068 = ORIENTED_EDGE ( 'NONE', *, *, #1206, .T. ) ;
#3069 = LINE ( 'NONE', #790, #8908 ) ;
#3070 = FACE_OUTER_BOUND ( 'NONE', #998, .T. ) ;
#3071 = ORIENTED_EDGE ( 'NONE', *, *, #1008, .F. ) ;
#3072 = CARTESIAN_POINT ( 'NONE',  ( -63.01040764008569539, -25.21592143066256853, 4.489592359914370334 ) ) ;
#3073 = CARTESIAN_POINT ( 'NONE',  ( -53.49999999999997868, -30.99999999999998579, 8.000000000000000000 ) ) ;
#3074 = CARTESIAN_POINT ( 'NONE',  ( 44.59951334056638217, 35.00000000000000711, 0.6525695548063144003 ) ) ;
#3075 = CARTESIAN_POINT ( 'NONE',  ( -39.25316018564696208, 39.56921620715333887, 9.614158164049145583 ) ) ;
#3076 = ORIENTED_EDGE ( 'NONE', *, *, #7306, .T. ) ;
#3077 = CARTESIAN_POINT ( 'NONE',  ( -40.85531006843829971, 44.32814471460722672, 5.836858551728542288 ) ) ;
#3078 = CARTESIAN_POINT ( 'NONE',  ( -45.22532245313463051, 35.00000000000000000, 0.3999999999999999667 ) ) ;
#3079 = EDGE_LOOP ( 'NONE', ( #2433, #603, #4671, #369 ) ) ;
#3080 = CARTESIAN_POINT ( 'NONE',  ( 67.65842556473772618, 39.94391721863637912, 2.001592663874398159 ) ) ;
#3081 = CARTESIAN_POINT ( 'NONE',  ( 64.54709390593463070, 29.46886844376975745, 2.768687144372858011 ) ) ;
#3082 = ORIENTED_EDGE ( 'NONE', *, *, #5611, .F. ) ;
#3083 = FACE_OUTER_BOUND ( 'NONE', #3283, .T. ) ;
#3084 = CARTESIAN_POINT ( 'NONE',  ( 36.30714431253912267, 46.60903671024735218, 5.585786437627075607 ) ) ;
#3085 = DIRECTION ( 'NONE',  ( -0.000000000000000000, 1.000000000000000000, 0.000000000000000000 ) ) ;
#3086 = CARTESIAN_POINT ( 'NONE',  ( 44.55348693338509491, 39.23171108717735933, 8.768288912822720604 ) ) ;
#3087 = CARTESIAN_POINT ( 'NONE',  ( -66.59999999999996589, -38.49999999999999289, 2.000000000000000000 ) ) ;
#3088 = EDGE_CURVE ( 'NONE', #308, #6653, #11, .T. ) ;
#3089 = ADVANCED_FACE ( 'NONE', ( #9398 ), #7781, .F. ) ;
#3090 = CARTESIAN_POINT ( 'NONE',  ( -37.86633971754694272, 37.78889535482255013, 9.857033048301728329 ) ) ;
#3091 = LINE ( 'NONE', #662, #4480 ) ;
#3092 = CARTESIAN_POINT ( 'NONE',  ( -33.77171203778518560, 41.00000000000000711, 11.00000000000000355 ) ) ;
#3093 = CARTESIAN_POINT ( 'NONE',  ( -63.39999999999995595, 38.50000000000000711, 2.000000000000000000 ) ) ;
#3094 = CARTESIAN_POINT ( 'NONE',  ( 41.05644902741412494, 39.41621672836281931, 9.811317249939152774 ) ) ;
#3095 = CIRCLE ( 'NONE', #2444, 3.000000000000009770 ) ;
#3096 = ADVANCED_FACE ( 'NONE', ( #4003 ), #9346, .T. ) ;
#3097 = CARTESIAN_POINT ( 'NONE',  ( 37.48227522645407817, 36.32995926461794767, 1.977047241281730816 ) ) ;
#3098 = ADVANCED_FACE ( 'NONE', ( #3789 ), #5533, .T. ) ;
#3099 = CARTESIAN_POINT ( 'NONE',  ( 65.30975223515829953, 35.59992517512543486, 2.794179794132114036 ) ) ;
#3100 = ORIENTED_EDGE ( 'NONE', *, *, #7280, .T. ) ;
#3101 = AXIS2_PLACEMENT_3D ( 'NONE', #708, #909, #3800 ) ;
#3102 = CARTESIAN_POINT ( 'NONE',  ( -53.74596825138367251, 42.01077634239956637, 5.568068019574943683 ) ) ;
#3103 = ORIENTED_EDGE ( 'NONE', *, *, #8361, .F. ) ;
#3104 = ORIENTED_EDGE ( 'NONE', *, *, #9959, .T. ) ;
#3105 = CARTESIAN_POINT ( 'NONE',  ( -37.86630628448614289, 37.78892139824779406, 3.594345821249663508 ) ) ;
#3106 = DIRECTION ( 'NONE',  ( 0.000000000000000000, 0.000000000000000000, -1.000000000000000000 ) ) ;
#3107 = EDGE_LOOP ( 'NONE', ( #3515, #4029, #367, #5631, #3905 ) ) ;
#3108 = DIRECTION ( 'NONE',  ( -1.000000000000000000, 0.000000000000000000, 0.000000000000000000 ) ) ;
#3109 = ORIENTED_EDGE ( 'NONE', *, *, #386, .T. ) ;
#3110 = CARTESIAN_POINT ( 'NONE',  ( 58.08578643762704985, 27.22994939107031342, 9.000000000000001776 ) ) ;
#3111 = ADVANCED_FACE ( 'NONE', ( #744 ), #1498, .T. ) ;
#3112 = CARTESIAN_POINT ( 'NONE',  ( -6.352246353575151439, -19.73191883757084497, 2.000000000000000000 ) ) ;
#3113 = AXIS2_PLACEMENT_3D ( 'NONE', #7197, #7300, #928 ) ;
#3114 = CYLINDRICAL_SURFACE ( 'NONE', #7742, 8.000000000000000000 ) ;
#3115 = EDGE_CURVE ( 'NONE', #5475, #2242, #1187, .T. ) ;
#3116 =( BOUNDED_CURVE ( )  B_SPLINE_CURVE ( 3, ( #1943, #1739, #4863, #4908 ),
 .UNSPECIFIED., .F., .T. ) 
 B_SPLINE_CURVE_WITH_KNOTS ( ( 4, 4 ),
 ( 3.141592653589794004, 3.201891133917043053 ),
 .UNSPECIFIED. ) 
 CURVE ( )  GEOMETRIC_REPRESENTATION_ITEM ( )  RATIONAL_B_SPLINE_CURVE ( ( 1.000000000000000000, 0.9996970307228957298, 0.9996970307228957298, 1.000000000000000000 ) ) 
 REPRESENTATION_ITEM ( '' )  );
#3117 = DIRECTION ( 'NONE',  ( 1.000000000000000000, 0.000000000000000000, 0.000000000000000000 ) ) ;
#3118 = ORIENTED_EDGE ( 'NONE', *, *, #9008, .F. ) ;
#3119 = CARTESIAN_POINT ( 'NONE',  ( 67.89999999999966462, 38.70025341116051720, 2.008036153359291198 ) ) ;
#3120 = CARTESIAN_POINT ( 'NONE',  ( -66.11448774857247201, 32.28199826173557341, 2.444894246370137303 ) ) ;
#3121 = ORIENTED_EDGE ( 'NONE', *, *, #2923, .F. ) ;
#3122 = FACE_OUTER_BOUND ( 'NONE', #9701, .T. ) ;
#3123 = DIRECTION ( 'NONE',  ( 0.000000000000000000, 0.9538173892666752529, 0.3003870635238869991 ) ) ;
#3124 = EDGE_CURVE ( 'NONE', #8995, #6726, #1676, .T. ) ;
#3125 = CARTESIAN_POINT ( 'NONE',  ( 39.63466170151512102, 35.65126758290377040, 1.692229742509673507 ) ) ;
#3126 = EDGE_CURVE ( 'NONE', #3630, #571, #6661, .T. ) ;
#3127 = CARTESIAN_POINT ( 'NONE',  ( 0.000000000000000000, 38.00000000000000711, 12.00000000000000000 ) ) ;
#3128 = EDGE_LOOP ( 'NONE', ( #8827, #2361, #8279, #3202, #7138 ) ) ;
#3129 = FACE_OUTER_BOUND ( 'NONE', #6886, .T. ) ;
#3130 = CARTESIAN_POINT ( 'NONE',  ( 64.81207247234928559, 31.09967482565074093, 2.919920444594056974 ) ) ;
#3131 = ORIENTED_EDGE ( 'NONE', *, *, #9534, .F. ) ;
#3132 = CARTESIAN_POINT ( 'NONE',  ( 67.17889066282023691, 41.86365062518648728, 1.020423425331715039 ) ) ;
#3133 = CARTESIAN_POINT ( 'NONE',  ( -67.57419894610669076, 39.85040793072769816, 2.004623543946250752 ) ) ;
#3134 = ORIENTED_EDGE ( 'NONE', *, *, #5075, .F. ) ;
#3135 = DIRECTION ( 'NONE',  ( 0.000000000000000000, -0.4266572361714849326, -0.9044134026110570712 ) ) ;
#3136 = DIRECTION ( 'NONE',  ( -1.000000000000000000, -0.000000000000000000, 0.000000000000000000 ) ) ;
#3137 = CARTESIAN_POINT ( 'NONE',  ( 59.46199940053618604, -21.80568766229460209, 8.038000599463945406 ) ) ;
#3138 = DIRECTION ( 'NONE',  ( 0.000000000000000000, -3.499023925556604863E-16, -1.000000000000000000 ) ) ;
#3139 = ORIENTED_EDGE ( 'NONE', *, *, #7061, .F. ) ;
#3140 = EDGE_LOOP ( 'NONE', ( #150, #8404, #2562, #5731 ) ) ;
#3141 = FACE_OUTER_BOUND ( 'NONE', #5785, .T. ) ;
#3142 = CARTESIAN_POINT ( 'NONE',  ( 40.06661644464288230, 39.24409840170345376, 10.40662284227849099 ) ) ;
#3143 = CARTESIAN_POINT ( 'NONE',  ( 65.10179062961489649, 30.46442798398911833, 2.069364141291534231 ) ) ;
#3144 = DIRECTION ( 'NONE',  ( -0.7888953548225519086, 0.6145275576728841394, 9.152050601127006897E-15 ) ) ;
#3145 = CARTESIAN_POINT ( 'NONE',  ( -60.49999999999998579, -13.78853150712619779, 13.50000000000000000 ) ) ;
#3146 = EDGE_CURVE ( 'NONE', #2286, #3335, #4665, .T. ) ;
#3147 = DIRECTION ( 'NONE',  ( -0.000000000000000000, 0.000000000000000000, 1.000000000000000000 ) ) ;
#3148 = AXIS2_PLACEMENT_3D ( 'NONE', #3434, #7163, #3284 ) ;
#3149 = EDGE_LOOP ( 'NONE', ( #6369, #5231, #7016, #3756, #5618, #9059 ) ) ;
#3150 = CARTESIAN_POINT ( 'NONE',  ( -55.49999999999997868, 13.65651987538036494, 5.499999999999997335 ) ) ;
#3151 = AXIS2_PLACEMENT_3D ( 'NONE', #2089, #5825, #1945 ) ;
#3152 = CARTESIAN_POINT ( 'NONE',  ( 35.87171203778521544, 41.00253010497679185, 10.72785864819452328 ) ) ;
#3153 = EDGE_LOOP ( 'NONE', ( #9173, #4263, #3071, #6456 ) ) ;
#3154 = CARTESIAN_POINT ( 'NONE',  ( -55.98718597438616484, 42.10896840352764769, 5.529508859382499253 ) ) ;
#3155 = ORIENTED_EDGE ( 'NONE', *, *, #1892, .T. ) ;
#3156 = ADVANCED_FACE ( 'NONE', ( #2208 ), #7827, .T. ) ;
#3157 = DIRECTION ( 'NONE',  ( 0.000000000000000000, 0.000000000000000000, 1.000000000000000000 ) ) ;
#3158 = CARTESIAN_POINT ( 'NONE',  ( -38.15446031297559415, 40.97745204409086028, 10.29413380785212695 ) ) ;
#3159 = CARTESIAN_POINT ( 'NONE',  ( -40.06661644464542604, 39.24409840170370956, 10.40662284227767920 ) ) ;
#3160 = LINE ( 'NONE', #2440, #2608 ) ;
#3161 = CIRCLE ( 'NONE', #7243, 0.9999999999999997780 ) ;
#3162 = DIRECTION ( 'NONE',  ( 1.000000000000000000, -1.310983164981098575E-15, 0.000000000000000000 ) ) ;
#3163 = CARTESIAN_POINT ( 'NONE',  ( -64.99999999999995737, 38.50000000000000711, 0.000000000000000000 ) ) ;
#3164 = FACE_OUTER_BOUND ( 'NONE', #9872, .T. ) ;
#3165 = VECTOR ( 'NONE', #581, 1000.000000000000000 ) ;
#3166 = ORIENTED_EDGE ( 'NONE', *, *, #4741, .F. ) ;
#3167 = CARTESIAN_POINT ( 'NONE',  ( 55.40707795178285977, -39.61394074569827239, 5.183905361128741340 ) ) ;
#3168 = CARTESIAN_POINT ( 'NONE',  ( -65.48100319459473440, 31.14503176386100236, 2.628986870401340159 ) ) ;
#3169 = ADVANCED_FACE ( 'NONE', ( #697 ), #40, .T. ) ;
#3170 = ORIENTED_EDGE ( 'NONE', *, *, #4410, .T. ) ;
#3171 = CARTESIAN_POINT ( 'NONE',  ( -37.16960447312311544, 37.42472968936305477, 2.348445083088937846 ) ) ;
#3172 = CARTESIAN_POINT ( 'NONE',  ( 38.17204495315701962, 45.00000000000001421, 5.539618582424396642 ) ) ;
#3173 = EDGE_CURVE ( 'NONE', #6494, #9354, #8210, .T. ) ;
#3174 = TOROIDAL_SURFACE ( 'NONE', #9039, 7.000000000000000000, 1.000000000000000000 ) ;
#3175 = CARTESIAN_POINT ( 'NONE',  ( -67.93430611560454224, 37.59481584710675861, 2.024057610560443532 ) ) ;
#3176 =( BOUNDED_CURVE ( )  B_SPLINE_CURVE ( 3, ( #7545, #8459, #6213, #4630 ),
 .UNSPECIFIED., .F., .T. ) 
 B_SPLINE_CURVE_WITH_KNOTS ( ( 4, 4 ),
 ( 3.141592653589789563, 3.286271428576618359 ),
 .UNSPECIFIED. ) 
 CURVE ( )  GEOMETRIC_REPRESENTATION_ITEM ( )  RATIONAL_B_SPLINE_CURVE ( ( 1.000000000000000000, 0.9982564315439290681, 0.9982564315439290681, 1.000000000000000000 ) ) 
 REPRESENTATION_ITEM ( '' )  );
#3177 = ORIENTED_EDGE ( 'NONE', *, *, #4745, .F. ) ;
#3178 = CARTESIAN_POINT ( 'NONE',  ( -39.81509929240175438, 40.29060151441399995, 10.01891448428153986 ) ) ;
#3180 = EDGE_CURVE ( 'NONE', #571, #4066, #4952, .T. ) ;
#3179 = CARTESIAN_POINT ( 'NONE',  ( -43.88998915348338414, 35.02648088544531646, 0.7365069355158698761 ) ) ;
#3181 = ORIENTED_EDGE ( 'NONE', *, *, #4186, .F. ) ;
#3182 = FACE_OUTER_BOUND ( 'NONE', #5164, .T. ) ;
#3183 = CARTESIAN_POINT ( 'NONE',  ( 68.49423036433975653, 36.55311680860763346, 1.061205990658733667 ) ) ;
#3184 = EDGE_CURVE ( 'NONE', #7637, #5066, #9700, .T. ) ;
#3185 = ORIENTED_EDGE ( 'NONE', *, *, #9522, .T. ) ;
#3186 = CARTESIAN_POINT ( 'NONE',  ( -45.22532245313464472, 42.00000000000000711, 0.000000000000000000 ) ) ;
#3187 = CARTESIAN_POINT ( 'NONE',  ( 40.06661644464288230, 39.24409840170346087, 10.40662284227848744 ) ) ;
#3188 = DIRECTION ( 'NONE',  ( -0.000000000000000000, 0.9044134026110569602, -0.4266572361714848771 ) ) ;
#3189 = ORIENTED_EDGE ( 'NONE', *, *, #5255, .F. ) ;
#3190 = CARTESIAN_POINT ( 'NONE',  ( 64.82492025385856493, 42.49616654839248753, 2.000000000000000000 ) ) ;
#3191 = AXIS2_PLACEMENT_3D ( 'NONE', #132, #8651, #1662 ) ;
#3192 = AXIS2_PLACEMENT_3D ( 'NONE', #8206, #4279, #9663 ) ;
#3193 = ORIENTED_EDGE ( 'NONE', *, *, #6421, .T. ) ;
#3194 = CARTESIAN_POINT ( 'NONE',  ( 65.58993962320008109, 42.46986262498764120, 2.014133284376355970 ) ) ;
#3195 = CARTESIAN_POINT ( 'NONE',  ( 67.71688767352256377, -37.22702271070570390, 1.000000000000000000 ) ) ;
#3196 = EDGE_CURVE ( 'NONE', #972, #4365, #554, .T. ) ;
#3197 = CARTESIAN_POINT ( 'NONE',  ( -53.49999999999997158, 41.70958227955244269, 6.290417720447672778 ) ) ;
#3198 = CARTESIAN_POINT ( 'NONE',  ( 40.33991838120263651, 44.62083317974524732, 5.364553180465843063 ) ) ;
#3199 = AXIS2_PLACEMENT_3D ( 'NONE', #9973, #1464, #5447 ) ;
#3200 = DIRECTION ( 'NONE',  ( 0.000000000000000000, 0.000000000000000000, -1.000000000000000000 ) ) ;
#3201 = AXIS2_PLACEMENT_3D ( 'NONE', #4825, #115, #944 ) ;
#3202 = ORIENTED_EDGE ( 'NONE', *, *, #1222, .T. ) ;
#3203 = DIRECTION ( 'NONE',  ( -0.9998921327800875947, 0.000000000000000000, 0.01468750504638869671 ) ) ;
#3204 = AXIS2_PLACEMENT_3D ( 'NONE', #7810, #6425, #5665 ) ;
#3205 = VECTOR ( 'NONE', #6429, 1000.000000000000000 ) ;
#3206 = DIRECTION ( 'NONE',  ( 0.000000000000000000, 0.3003870635238867215, -0.9538173892666753639 ) ) ;
#3207 = ORIENTED_EDGE ( 'NONE', *, *, #44, .T. ) ;
#3208 = CARTESIAN_POINT ( 'NONE',  ( -55.83260106861204264, 42.10219574134269749, 5.104353423717194360 ) ) ;
#3209 = ORIENTED_EDGE ( 'NONE', *, *, #105, .F. ) ;
#3210 = CARTESIAN_POINT ( 'NONE',  ( -43.26256185813801380, 39.15415994250233922, 9.121653968434035420 ) ) ;
#3211 = CARTESIAN_POINT ( 'NONE',  ( -39.81509929240175438, 40.29060151441399995, 10.01891448428153986 ) ) ;
#3212 = DIRECTION ( 'NONE',  ( -0.000000000000000000, 1.000000000000000000, -1.138744882030889416E-16 ) ) ;
#3213 = CARTESIAN_POINT ( 'NONE',  ( -43.99264316484178039, 38.50287649295732706, 9.171944558473601461 ) ) ;
#3214 = CIRCLE ( 'NONE', #4522, 0.9999999999999996669 ) ;
#3215 = ORIENTED_EDGE ( 'NONE', *, *, #8922, .F. ) ;
#3216 = CARTESIAN_POINT ( 'NONE',  ( -65.87434121840212242, -30.70533164181838615, 2.581849601323864984 ) ) ;
#3217 = EDGE_LOOP ( 'NONE', ( #1742, #7809, #7542, #525 ) ) ;
#3218 = EDGE_CURVE ( 'NONE', #4830, #8570, #7554, .T. ) ;
#3219 = CARTESIAN_POINT ( 'NONE',  ( 41.45040878928134731, 39.24440577393509955, 9.738735459800437866 ) ) ;
#3220 = EDGE_CURVE ( 'NONE', #4249, #9251, #9665, .T. ) ;
#3221 = VECTOR ( 'NONE', #4593, 1000.000000000000227 ) ;
#3222 = CARTESIAN_POINT ( 'NONE',  ( 38.76211111321318725, 44.69386467622283021, 6.159301269370725862 ) ) ;
#3223 = VERTEX_POINT ( 'NONE', #2507 ) ;
#3224 = CARTESIAN_POINT ( 'NONE',  ( 62.60221733077044348, 40.14017464410584068, 3.312510072311675380 ) ) ;
#3225 = CARTESIAN_POINT ( 'NONE',  ( -67.41643740145228492, -36.87390747017381898, 2.006822861748802644 ) ) ;
#3226 = VERTEX_POINT ( 'NONE', #7934 ) ;
#3227 = CARTESIAN_POINT ( 'NONE',  ( 37.04569807186233987, 36.50000000000001421, 1.996871942267131494 ) ) ;
#3228 = CARTESIAN_POINT ( 'NONE',  ( 55.50000000000001421, -24.79228831549498580, 9.000000000000001776 ) ) ;
#3229 = CARTESIAN_POINT ( 'NONE',  ( -37.25181215987404926, 38.00000000000000711, 3.599159522938019329 ) ) ;
#3230 = DIRECTION ( 'NONE',  ( 0.000000000000000000, 0.000000000000000000, -1.000000000000000000 ) ) ;
#3231 = ORIENTED_EDGE ( 'NONE', *, *, #2934, .F. ) ;
#3232 = CARTESIAN_POINT ( 'NONE',  ( -40.49217027796161972, 44.20296805982739130, 6.103783628510546677 ) ) ;
#3233 = ADVANCED_FACE ( 'NONE', ( #5730 ), #4828, .T. ) ;
#3234 = EDGE_CURVE ( 'NONE', #5827, #7092, #1045, .T. ) ;
#3235 = DIRECTION ( 'NONE',  ( 0.000000000000000000, -0.9044134026110569602, 0.4266572361714848771 ) ) ;
#3236 = EDGE_LOOP ( 'NONE', ( #2553, #9840, #3269, #8647, #7889 ) ) ;
#3237 = CARTESIAN_POINT ( 'NONE',  ( -56.20301661491859591, -39.87017525143457419, 4.123815443285756999 ) ) ;
#3238 = DIRECTION ( 'NONE',  ( 0.02307694452610690658, 0.9997336918556556373, 0.000000000000000000 ) ) ;
#3239 = EDGE_LOOP ( 'NONE', ( #8437, #5679, #3134, #8078 ) ) ;
#3240 = FACE_OUTER_BOUND ( 'NONE', #7344, .T. ) ;
#3241 = CARTESIAN_POINT ( 'NONE',  ( -40.46051461479731870, 40.29298286766783832, 9.430345029263751400 ) ) ;
#3242 = DIRECTION ( 'NONE',  ( 0.000000000000000000, -1.000000000000000000, 0.000000000000000000 ) ) ;
#3243 =( BOUNDED_SURFACE ( )  B_SPLINE_SURFACE ( 3, 2, ( 
 ( #9871, #2173, #8454 ),
 ( #555, #4423, #8402 ),
 ( #6672, #3660, #6775 ),
 ( #5145, #6110, #2780 ) ),
 .UNSPECIFIED., .F., .F., .T. ) 
 B_SPLINE_SURFACE_WITH_KNOTS ( ( 4, 4 ),
 ( 3, 3 ),
 ( 0.000000000000000000, 0.001380572674693883494 ),
 ( 0.000000000000000000, 1.000000000000000000 ),
 .UNSPECIFIED. ) 
 GEOMETRIC_REPRESENTATION_ITEM ( )  RATIONAL_B_SPLINE_SURFACE ( (
 ( 1.000000000000000000, 0.9238795325112878487, 1.000000000000000000),
 ( 1.000000000000000000, 0.9238854937644490617, 1.000000000000000000),
 ( 1.000000000000000000, 0.9226045829020553812, 1.000000000000000000),
 ( 1.000000000000000000, 0.9202892687146854156, 1.000000000000000000) ) ) 
 REPRESENTATION_ITEM ( '' )  SURFACE ( )  );
#3244 = CARTESIAN_POINT ( 'NONE',  ( -58.08578643762701432, -24.79228831549498580, 8.000000000000000000 ) ) ;
#3245 = ORIENTED_EDGE ( 'NONE', *, *, #4995, .F. ) ;
#3246 = CARTESIAN_POINT ( 'NONE',  ( 58.76828088362915281, 42.23081352304461689, 4.235281812619891895 ) ) ;
#3247 = ADVANCED_FACE ( 'NONE', ( #6394 ), #5925, .T. ) ;
#3248 = EDGE_CURVE ( 'NONE', #5262, #1454, #45, .T. ) ;
#3249 = CARTESIAN_POINT ( 'NONE',  ( 64.82492025385855072, 42.49616654839248042, 1.192483504346339984 ) ) ;
#3250 = CARTESIAN_POINT ( 'NONE',  ( 64.83679780571817730, 29.98882370753027260, 2.122546222993748621 ) ) ;
#3251 = FACE_OUTER_BOUND ( 'NONE', #7987, .T. ) ;
#3252 = CARTESIAN_POINT ( 'NONE',  ( 58.19438665164985025, 25.60589981511432356, 8.875885469688228113 ) ) ;
#3253 = ORIENTED_EDGE ( 'NONE', *, *, #7108, .F. ) ;
#3254 = ORIENTED_EDGE ( 'NONE', *, *, #8416, .F. ) ;
#3255 = ORIENTED_EDGE ( 'NONE', *, *, #8540, .T. ) ;
#3256 = DIRECTION ( 'NONE',  ( 1.000000000000000000, -0.000000000000000000, -0.000000000000000000 ) ) ;
#3257 = EDGE_CURVE ( 'NONE', #9994, #1336, #1402, .T. ) ;
#3258 = CARTESIAN_POINT ( 'NONE',  ( 0.000000000000000000, -38.70710678118653902, 6.292893218813553347 ) ) ;
#3259 = ORIENTED_EDGE ( 'NONE', *, *, #1222, .F. ) ;
#3260 = CARTESIAN_POINT ( 'NONE',  ( 65.34296203775666356, -30.99999999999998934, 2.836880822585401418 ) ) ;
#3261 = ORIENTED_EDGE ( 'NONE', *, *, #4317, .F. ) ;
#3262 = CARTESIAN_POINT ( 'NONE',  ( -42.65569064323045723, 39.11176273059858488, 9.329665681022341062 ) ) ;
#3263 = DIRECTION ( 'NONE',  ( 1.000000000000000000, 0.000000000000000000, 0.000000000000000000 ) ) ;
#3264 = CIRCLE ( 'NONE', #5549, 8.000000000000000000 ) ;
#3265 = CARTESIAN_POINT ( 'NONE',  ( -33.77171203778518560, 0.000000000000000000, 12.00000000000000000 ) ) ;
#3266 = VERTEX_POINT ( 'NONE', #6701 ) ;
#3267 = CARTESIAN_POINT ( 'NONE',  ( 69.00000000000001421, 24.82685288287921921, 8.630539114133402023 ) ) ;
#3268 = ORIENTED_EDGE ( 'NONE', *, *, #8674, .F. ) ;
#3269 = ORIENTED_EDGE ( 'NONE', *, *, #1652, .T. ) ;
#3270 = CARTESIAN_POINT ( 'NONE',  ( -66.08387335092473336, 42.36334821917484561, 1.069137467598941793 ) ) ;
#3271 = CARTESIAN_POINT ( 'NONE',  ( -37.46180230232066322, 37.64960858082769590, 2.587616543015187620 ) ) ;
#3272 = VECTOR ( 'NONE', #6465, 1000.000000000000000 ) ;
#3273 = DIRECTION ( 'NONE',  ( -1.000000000000000000, 0.000000000000000000, 0.000000000000000000 ) ) ;
#3274 = ORIENTED_EDGE ( 'NONE', *, *, #215, .T. ) ;
#3275 = DIRECTION ( 'NONE',  ( 0.000000000000000000, 1.000000000000000000, 0.000000000000000000 ) ) ;
#3276 = VERTEX_POINT ( 'NONE', #5222 ) ;
#3277 = CARTESIAN_POINT ( 'NONE',  ( 37.83854458058561931, 37.75381224378920564, 3.170828008990716818 ) ) ;
#3278 = CARTESIAN_POINT ( 'NONE',  ( -37.91933465122283309, 40.85356356423846336, 11.08191172554334969 ) ) ;
#3279 = EDGE_CURVE ( 'NONE', #4382, #3319, #9168, .T. ) ;
#3280 = CIRCLE ( 'NONE', #4750, 11.24453208529339143 ) ;
#3281 = CARTESIAN_POINT ( 'NONE',  ( -59.21559125298568915, -40.84000572849375743, 3.021194028130762543 ) ) ;
#3282 = VECTOR ( 'NONE', #3977, 1000.000000000000114 ) ;
#3283 = EDGE_LOOP ( 'NONE', ( #9447, #1819, #4339, #2049, #8653 ) ) ;
#3284 = DIRECTION ( 'NONE',  ( 0.000000000000000000, 0.000000000000000000, -1.000000000000000000 ) ) ;
#3285 = EDGE_LOOP ( 'NONE', ( #5199, #4442, #6374, #2858, #6441, #1643 ) ) ;
#3286 = CARTESIAN_POINT ( 'NONE',  ( 61.49999999999996447, -13.78853150712619957, 4.500000000000000888 ) ) ;
#3287 = ORIENTED_EDGE ( 'NONE', *, *, #3867, .T. ) ;
#3288 = ORIENTED_EDGE ( 'NONE', *, *, #5484, .F. ) ;
#3289 = CARTESIAN_POINT ( 'NONE',  ( -38.00798539685107613, 37.67855730703853112, 2.084044176204915111 ) ) ;
#3290 = CARTESIAN_POINT ( 'NONE',  ( 63.39999999999995595, -38.49999999999996447, 2.000000000000000000 ) ) ;
#3291 = ORIENTED_EDGE ( 'NONE', *, *, #1477, .T. ) ;
#3292 = DIRECTION ( 'NONE',  ( 0.9990416370981196614, -0.04376993653535540124, 0.000000000000000000 ) ) ;
#3293 = EDGE_CURVE ( 'NONE', #119, #8693, #5935, .T. ) ;
#3294 = CARTESIAN_POINT ( 'NONE',  ( -39.81509929240132095, 40.29060151441331072, 10.01891448428153275 ) ) ;
#3295 = CARTESIAN_POINT ( 'NONE',  ( 62.31899271880956093, -37.38195710365178570, 3.375339938626912506 ) ) ;
#3296 = CARTESIAN_POINT ( 'NONE',  ( 53.78118703667047384, 42.01231934515299571, 5.982903146966871866 ) ) ;
#3297 = ORIENTED_EDGE ( 'NONE', *, *, #10084, .T. ) ;
#3298 = B_SPLINE_CURVE_WITH_KNOTS ( 'NONE', 3,
 ( #3492, #7330, #6602, #2718, #3443, #9653 ),
 .UNSPECIFIED., .F., .F.,
 ( 4, 2, 4 ),
 ( 0.0008061719870485020180, 0.001333633671336552405, 0.001861095355624602793 ),
 .UNSPECIFIED. ) ;
#3299 = CARTESIAN_POINT ( 'NONE',  ( 67.87805658230922745, 39.42755029895626961, 2.001387531272279752 ) ) ;
#3300 = CARTESIAN_POINT ( 'NONE',  ( 66.44347991401805587, 42.24475563576682191, 1.048706450374687016 ) ) ;
#3301 = CARTESIAN_POINT ( 'NONE',  ( -52.32517166528865005, -38.70710678118628323, 6.292893218813810030 ) ) ;
#3302 = CARTESIAN_POINT ( 'NONE',  ( 37.80372127101583857, 37.93066720653953894, 11.11827045156050708 ) ) ;
#3303 = CARTESIAN_POINT ( 'NONE',  ( -58.79289321881356045, -24.79228831549497869, 8.707106781186544353 ) ) ;
#3304 = EDGE_CURVE ( 'NONE', #1239, #6546, #8189, .T. ) ;
#3305 = CARTESIAN_POINT ( 'NONE',  ( -11.25723734592838099, 40.00000000000000711, 12.00000000000000178 ) ) ;
#3306 = EDGE_CURVE ( 'NONE', #823, #8130, #5765, .T. ) ;
#3307 = ADVANCED_FACE ( 'NONE', ( #3483, #8990 ), #4360, .T. ) ;
#3308 = ORIENTED_EDGE ( 'NONE', *, *, #1917, .T. ) ;
#3309 = LINE ( 'NONE', #2431, #9672 ) ;
#3310 = CARTESIAN_POINT ( 'NONE',  ( 36.63677786849589779, 40.01115886653467157, 11.48525717381212097 ) ) ;
#3311 = AXIS2_PLACEMENT_3D ( 'NONE', #8044, #178, #6509 ) ;
#3312 = EDGE_LOOP ( 'NONE', ( #4755, #9095, #8077, #8455, #6052, #2779, #1103, #9486, #1149, #2750 ) ) ;
#3313 = CARTESIAN_POINT ( 'NONE',  ( -63.67995406331372976, 33.20374953250578187, 3.859859380283819252 ) ) ;
#3314 = DIRECTION ( 'NONE',  ( 0.000000000000000000, 0.7071067811865513475, 0.7071067811865437980 ) ) ;
#3315 = CARTESIAN_POINT ( 'NONE',  ( 37.86625122775296148, 37.78893674713005169, 3.589532151510271607 ) ) ;
#3316 = EDGE_LOOP ( 'NONE', ( #5537, #6203, #5308, #7904, #1088 ) ) ;
#3317 = CARTESIAN_POINT ( 'NONE',  ( -64.58809078458854458, 29.90015087789603143, 2.851787001806774136 ) ) ;
#3318 = VECTOR ( 'NONE', #7552, 1000.000000000000000 ) ;
#3319 = VERTEX_POINT ( 'NONE', #7420 ) ;
#3320 = CARTESIAN_POINT ( 'NONE',  ( -45.28558440016238507, 35.00000000000000000, 9.014539220847220591 ) ) ;
#3321 = CARTESIAN_POINT ( 'NONE',  ( 63.21497817378522655, -24.80501453911402265, 3.782485578727832198 ) ) ;
#3322 = CARTESIAN_POINT ( 'NONE',  ( -38.94311434341461364, 44.69076889582012058, 6.127473688410269403 ) ) ;
#3323 = ORIENTED_EDGE ( 'NONE', *, *, #9658, .T. ) ;
#3324 = CARTESIAN_POINT ( 'NONE',  ( 62.70341668765085075, 40.27933778442884716, 3.212434555135916359 ) ) ;
#3325 = VERTEX_POINT ( 'NONE', #9751 ) ;
#3326 = ORIENTED_EDGE ( 'NONE', *, *, #9403, .T. ) ;
#3327 = CIRCLE ( 'NONE', #8701, 1.000000000000000000 ) ;
#3328 = FACE_OUTER_BOUND ( 'NONE', #7396, .T. ) ;
#3329 = DIRECTION ( 'NONE',  ( -1.000000000000000000, 0.000000000000000000, 0.000000000000000000 ) ) ;
#3330 = CARTESIAN_POINT ( 'NONE',  ( -61.27114134632689968, -41.50174373241032555, 1.473269861214482557 ) ) ;
#3331 = CARTESIAN_POINT ( 'NONE',  ( -58.83135649036881887, 24.94784556015036259, 8.668643509631278832 ) ) ;
#3332 = B_SPLINE_CURVE_WITH_KNOTS ( 'NONE', 3,
 ( #9493, #8631, #888, #4097, #3942, #4766 ),
 .UNSPECIFIED., .F., .F.,
 ( 4, 2, 4 ),
 ( 0.000000000000000000, 0.003262044395600331107, 0.006524088791200662214 ),
 .UNSPECIFIED. ) ;
#3333 = ORIENTED_EDGE ( 'NONE', *, *, #700, .F. ) ;
#3334 = CARTESIAN_POINT ( 'NONE',  ( 43.24916055572690254, 19.49305728668151971, 2.000000000000000000 ) ) ;
#3335 = VERTEX_POINT ( 'NONE', #534 ) ;
#3336 = CARTESIAN_POINT ( 'NONE',  ( -38.34998683597071079, 37.41214769032738019, 2.162352380310416322 ) ) ;
#3337 = CARTESIAN_POINT ( 'NONE',  ( -40.93159175182988463, 38.76295267376971054, 10.13460069267957309 ) ) ;
#3338 = ORIENTED_EDGE ( 'NONE', *, *, #4362, .T. ) ;
#3339 = CARTESIAN_POINT ( 'NONE',  ( -55.49999999999997868, -1.140623666823419757, -2.417854999641548375 ) ) ;
#3340 = AXIS2_PLACEMENT_3D ( 'NONE', #4387, #9778, #1985 ) ;
#3341 = CARTESIAN_POINT ( 'NONE',  ( -42.58722126802665997, 42.61335648092888562, 6.292893218813562228 ) ) ;
#3342 = DIRECTION ( 'NONE',  ( -1.000000000000000000, 0.000000000000000000, 0.000000000000000000 ) ) ;
#3343 = CARTESIAN_POINT ( 'NONE',  ( 53.81893226856482215, 41.71823856633493932, 6.275174800761495142 ) ) ;
#3344 = EDGE_CURVE ( 'NONE', #3276, #6023, #10024, .T. ) ;
#3345 = VECTOR ( 'NONE', #1446, 1000.000000000000000 ) ;
#3346 = LINE ( 'NONE', #9608, #3272 ) ;
#3347 = CARTESIAN_POINT ( 'NONE',  ( 66.49910383094386646, 42.22214251819874420, 1.969429185128476867 ) ) ;
#3348 = CARTESIAN_POINT ( 'NONE',  ( 67.16327171548473984, 34.16433655457311147, 1.396265526411373692 ) ) ;
#3349 = CYLINDRICAL_SURFACE ( 'NONE', #5640, 1.000000000000000000 ) ;
#3350 = CARTESIAN_POINT ( 'NONE',  ( 58.08578643762704985, 27.22994939107031342, 9.000000000000001776 ) ) ;
#3351 = CARTESIAN_POINT ( 'NONE',  ( 33.77171203778522823, 40.00000000000000711, 12.00000000000000000 ) ) ;
#3352 = ORIENTED_EDGE ( 'NONE', *, *, #7674, .F. ) ;
#3353 = CARTESIAN_POINT ( 'NONE',  ( -54.49999999999997868, -17.62844663266956147, 5.360279376500486137 ) ) ;
#3354 = EDGE_CURVE ( 'NONE', #8982, #3493, #8140, .T. ) ;
#3355 =( BOUNDED_CURVE ( )  B_SPLINE_CURVE ( 3, ( #7126, #7366, #7072, #2418 ),
 .UNSPECIFIED., .F., .T. ) 
 B_SPLINE_CURVE_WITH_KNOTS ( ( 4, 4 ),
 ( 0.9090093657264828320, 1.570796326794896558 ),
 .UNSPECIFIED. ) 
 CURVE ( )  GEOMETRIC_REPRESENTATION_ITEM ( )  RATIONAL_B_SPLINE_CURVE ( ( 1.000000000000000000, 0.9638349598749901270, 0.9638349598749901270, 1.000000000000000000 ) ) 
 REPRESENTATION_ITEM ( '' )  );
#3356 = CIRCLE ( 'NONE', #9055, 5.292893218813585321 ) ;
#3357 = CARTESIAN_POINT ( 'NONE',  ( 64.14302875293749651, 35.71477049324541042, 3.439181054443262386 ) ) ;
#3358 = AXIS2_PLACEMENT_3D ( 'NONE', #4676, #6302, #3292 ) ;
#3359 = ORIENTED_EDGE ( 'NONE', *, *, #7472, .F. ) ;
#3360 = SURFACE_SIDE_STYLE ('',( #8871 ) ) ;
#3361 = LINE ( 'NONE', #7145, #1648 ) ;
#3362 = DIRECTION ( 'NONE',  ( -1.000000000000000000, 0.000000000000000000, 0.000000000000000000 ) ) ;
#3363 = ORIENTED_EDGE ( 'NONE', *, *, #2923, .T. ) ;
#3364 = CARTESIAN_POINT ( 'NONE',  ( -64.83479551718002654, 30.09219842778927756, 2.447121691907118812 ) ) ;
#3365 = ORIENTED_EDGE ( 'NONE', *, *, #5007, .F. ) ;
#3366 = CIRCLE ( 'NONE', #4680, 1.600000000000004086 ) ;
#3367 = VECTOR ( 'NONE', #2439, 1000.000000000000000 ) ;
#3368 = DIRECTION ( 'NONE',  ( 0.000000000000000000, 0.000000000000000000, -1.000000000000000000 ) ) ;
#3369 = EDGE_CURVE ( 'NONE', #4977, #7812, #7236, .T. ) ;
#3370 = CARTESIAN_POINT ( 'NONE',  ( -37.04569807186451413, 36.50000000000002132, 1.996871942267131494 ) ) ;
#3371 = ADVANCED_FACE ( 'NONE', ( #4447 ), #4311, .T. ) ;
#3372 = CARTESIAN_POINT ( 'NONE',  ( -64.37222872958118103, 29.94048729051111124, 3.127771270418867378 ) ) ;
#3373 = ADVANCED_FACE ( 'NONE', ( #6649 ), #715, .T. ) ;
#3374 = VERTEX_POINT ( 'NONE', #3588 ) ;
#3375 = CARTESIAN_POINT ( 'NONE',  ( 36.92167187021197350, 47.39793206506992362, 2.000000000000000000 ) ) ;
#3376 = AXIS2_PLACEMENT_3D ( 'NONE', #4217, #9266, #7752 ) ;
#3377 = ORIENTED_EDGE ( 'NONE', *, *, #8006, .F. ) ;
#3378 = AXIS2_PLACEMENT_3D ( 'NONE', #3903, #22, #3623 ) ;
#3379 = VERTEX_POINT ( 'NONE', #2809 ) ;
#3380 = CARTESIAN_POINT ( 'NONE',  ( 37.14538654715192223, 37.24640267058125431, 2.221870933996149766 ) ) ;
#3381 = CARTESIAN_POINT ( 'NONE',  ( -55.70028302275382970, -39.70833150709646020, 4.447361790869899245 ) ) ;
#3382 = LINE ( 'NONE', #9444, #6384 ) ;
#3383 = ORIENTED_EDGE ( 'NONE', *, *, #5428, .F. ) ;
#3384 = CARTESIAN_POINT ( 'NONE',  ( -55.66594709874242142, -39.27313520188965157, 5.448035728366545705 ) ) ;
#3385 = AXIS2_PLACEMENT_3D ( 'NONE', #5376, #3695, #7631 ) ;
#3386 = ORIENTED_EDGE ( 'NONE', *, *, #5039, .T. ) ;
#3387 = CARTESIAN_POINT ( 'NONE',  ( -55.66594709874242142, -39.27313520188965157, 5.448035728366545705 ) ) ;
#3388 = ORIENTED_EDGE ( 'NONE', *, *, #7083, .T. ) ;
#3389 = ORIENTED_EDGE ( 'NONE', *, *, #6489, .F. ) ;
#3390 = CARTESIAN_POINT ( 'NONE',  ( -45.22532245313463051, 35.00000000000000711, 8.016356623453123831 ) ) ;
#3391 = ORIENTED_EDGE ( 'NONE', *, *, #8608, .F. ) ;
#3392 = CARTESIAN_POINT ( 'NONE',  ( -45.22532245313463051, 46.00000000000001421, 6.292893218813493839 ) ) ;
#3393 = DIRECTION ( 'NONE',  ( -0.1729406629488449976, 0.000000000000000000, -0.9849322449279513947 ) ) ;
#3394 =( BOUNDED_CURVE ( )  B_SPLINE_CURVE ( 3, ( #4251, #8983, #2000, #8228 ),
 .UNSPECIFIED., .F., .T. ) 
 B_SPLINE_CURVE_WITH_KNOTS ( ( 4, 4 ),
 ( 3.141592653589788675, 3.286271428576617915 ),
 .UNSPECIFIED. ) 
 CURVE ( )  GEOMETRIC_REPRESENTATION_ITEM ( )  RATIONAL_B_SPLINE_CURVE ( ( 1.000000000000000000, 0.9982564315439290681, 0.9982564315439290681, 1.000000000000000000 ) ) 
 REPRESENTATION_ITEM ( '' )  );
#3395 = B_SPLINE_CURVE_WITH_KNOTS ( 'NONE', 3,
 ( #4859, #5514, #774, #8718, #3313, #8768, #6223, #7042, #872, #4701 ),
 .UNSPECIFIED., .F., .F.,
 ( 4, 2, 2, 2, 4 ),
 ( 0.000000000000000000, 0.001815572512027679259, 0.002723358768041537863, 0.003177251896048449275, 0.003631145024055361555 ),
 .UNSPECIFIED. ) ;
#3396 = DIRECTION ( 'NONE',  ( 1.000000000000000000, 0.000000000000000000, 0.000000000000000000 ) ) ;
#3397 = CARTESIAN_POINT ( 'NONE',  ( 53.35582543178643533, -39.11747984191758576, 5.457858865112305224 ) ) ;
#3398 = CARTESIAN_POINT ( 'NONE',  ( -54.90209285400892014, -39.45137217989630329, 4.912077537967578067 ) ) ;
#3399 = CARTESIAN_POINT ( 'NONE',  ( -63.61334647006905385, 35.93696174685901923, 3.788841435901584731 ) ) ;
#3400 = DIRECTION ( 'NONE',  ( 0.000000000000000000, 0.000000000000000000, 1.000000000000000000 ) ) ;
#3401 = CARTESIAN_POINT ( 'NONE',  ( 58.08578643762704985, 34.00000000000000000, 8.000000000000000000 ) ) ;
#3402 = CARTESIAN_POINT ( 'NONE',  ( -38.46551931873284502, 37.32215109695199118, 3.554094482563463941 ) ) ;
#3403 = EDGE_CURVE ( 'NONE', #5066, #9328, #7725, .T. ) ;
#3404 = EDGE_CURVE ( 'NONE', #6726, #6397, #1368, .T. ) ;
#3405 = CARTESIAN_POINT ( 'NONE',  ( 64.82485102355276751, -41.40135576515179849, 1.999999999999999112 ) ) ;
#3406 = ORIENTED_EDGE ( 'NONE', *, *, #668, .F. ) ;
#3407 = ORIENTED_EDGE ( 'NONE', *, *, #3726, .F. ) ;
#3408 = EDGE_LOOP ( 'NONE', ( #1799, #481, #3391, #1217 ) ) ;
#3409 = DIRECTION ( 'NONE',  ( 0.4109068915486377427, 0.9116773148860489728, 0.000000000000000000 ) ) ;
#3410 = ORIENTED_EDGE ( 'NONE', *, *, #7354, .T. ) ;
#3411 = CARTESIAN_POINT ( 'NONE',  ( 41.19877568353967234, 39.15981049776582523, 9.935182312600806753 ) ) ;
#3412 = ORIENTED_EDGE ( 'NONE', *, *, #9201, .F. ) ;
#3413 = CARTESIAN_POINT ( 'NONE',  ( -66.55071760682774595, -36.04582585924305960, 2.137560400676898009 ) ) ;
#3414 = LINE ( 'NONE', #9576, #3859 ) ;
#3415 = CARTESIAN_POINT ( 'NONE',  ( 60.49999999999997868, 13.65651987538036671, 13.49999999999999645 ) ) ;
#3416 = EDGE_CURVE ( 'NONE', #5755, #4332, #1762, .T. ) ;
#3417 = ORIENTED_EDGE ( 'NONE', *, *, #5193, .T. ) ;
#3418 = ORIENTED_EDGE ( 'NONE', *, *, #7153, .F. ) ;
#3419 = CARTESIAN_POINT ( 'NONE',  ( -64.82492025385853651, 42.49616654839250174, 1.192483504346337986 ) ) ;
#3420 = CARTESIAN_POINT ( 'NONE',  ( -37.09733936185200065, 36.89140549294058502, 2.021382705001487423 ) ) ;
#3421 = CARTESIAN_POINT ( 'NONE',  ( -64.23997259733486942, 30.05888338985605301, 3.260027402665170548 ) ) ;
#3422 = ORIENTED_EDGE ( 'NONE', *, *, #1627, .F. ) ;
#3423 = AXIS2_PLACEMENT_3D ( 'NONE', #2757, #8425, #5218 ) ;
#3424 = DIRECTION ( 'NONE',  ( 0.000000000000000000, -0.4867207978480925235, -0.8735575910849360248 ) ) ;
#3425 = ORIENTED_EDGE ( 'NONE', *, *, #1706, .T. ) ;
#3426 = ORIENTED_EDGE ( 'NONE', *, *, #9101, .T. ) ;
#3427 = CARTESIAN_POINT ( 'NONE',  ( 64.83679780571817730, 29.98882370753027260, 2.122546222993748621 ) ) ;
#3428 = LINE ( 'NONE', #1903, #9063 ) ;
#3429 = CARTESIAN_POINT ( 'NONE',  ( -53.33586939559531714, 41.70710678118709325, 6.292893218813023104 ) ) ;
#3430 = EDGE_CURVE ( 'NONE', #4732, #4882, #5189, .T. ) ;
#3431 = CARTESIAN_POINT ( 'NONE',  ( -62.66970311793189552, -41.95197915994717874, 2.066555082100674845 ) ) ;
#3432 = ORIENTED_EDGE ( 'NONE', *, *, #9033, .F. ) ;
#3433 = EDGE_CURVE ( 'NONE', #571, #4540, #9179, .T. ) ;
#3434 = CARTESIAN_POINT ( 'NONE',  ( 55.50000000000001421, -13.78853150712619779, 13.50000000000000000 ) ) ;
#3435 = TOROIDAL_SURFACE ( 'NONE', #7511, 3.000000000000011990, 1.000000000000000000 ) ;
#3436 = CYLINDRICAL_SURFACE ( 'NONE', #7087, 0.9999999999999993339 ) ;
#3437 = ORIENTED_EDGE ( 'NONE', *, *, #6401, .F. ) ;
#3438 = CARTESIAN_POINT ( 'NONE',  ( 68.60754856926040191, 36.76278730742372147, 1.971226116934121197 ) ) ;
#3439 = CARTESIAN_POINT ( 'NONE',  ( 60.49999999999996447, -13.78853150712619779, 13.50000000000000000 ) ) ;
#3440 = ORIENTED_EDGE ( 'NONE', *, *, #4797, .F. ) ;
#3441 = AXIS2_PLACEMENT_3D ( 'NONE', #6514, #6565, #2630 ) ;
#3442 = CARTESIAN_POINT ( 'NONE',  ( -64.90769222189545928, -42.49893476742262521, 1.000000000000000000 ) ) ;
#3443 = CARTESIAN_POINT ( 'NONE',  ( -62.44253081009601658, 37.12199915762177937, 4.529635461042115452 ) ) ;
#3444 = CIRCLE ( 'NONE', #5728, 7.000000000000000000 ) ;
#3445 = ADVANCED_FACE ( 'NONE', ( #9943 ), #7050, .T. ) ;
#3446 = B_SPLINE_CURVE_WITH_KNOTS ( 'NONE', 3,
 ( #2947, #9271, #9169, #719 ),
 .UNSPECIFIED., .F., .F.,
 ( 4, 4 ),
 ( 0.000000000000000000, 0.0002666473981545571859 ),
 .UNSPECIFIED. ) ;
#3447 = CYLINDRICAL_SURFACE ( 'NONE', #2132, 1.000000000000000888 ) ;
#3448 = LINE ( 'NONE', #396, #6572 ) ;
#3449 = VECTOR ( 'NONE', #3708, 1000.000000000000000 ) ;
#3450 = DIRECTION ( 'NONE',  ( -0.3000000000000017653, 0.000000000000000000, 0.9539392014169451040 ) ) ;
#3451 = ADVANCED_FACE ( 'NONE', ( #8475 ), #5118, .T. ) ;
#3452 = CARTESIAN_POINT ( 'NONE',  ( -41.18779186615847010, 43.69751817491412282, 6.247144805244797539 ) ) ;
#3453 = DIRECTION ( 'NONE',  ( 0.000000000000000000, 0.000000000000000000, -1.000000000000000000 ) ) ;
#3454 = DIRECTION ( 'NONE',  ( 0.7071067811865513475, -0.000000000000000000, 0.7071067811865437980 ) ) ;
#3455 = DIRECTION ( 'NONE',  ( 0.9497230531573096490, 0.3057419225664789741, 0.06743885443059650930 ) ) ;
#3456 = CARTESIAN_POINT ( 'NONE',  ( 54.50000000000001421, -21.80568766229459854, 7.330893818277398388 ) ) ;
#3457 = ORIENTED_EDGE ( 'NONE', *, *, #5979, .T. ) ;
#3458 = CARTESIAN_POINT ( 'NONE',  ( -68.19283222926540589, -35.84935746089501407, 1.941060067989978766 ) ) ;
#3459 = ORIENTED_EDGE ( 'NONE', *, *, #3621, .F. ) ;
#3460 = CARTESIAN_POINT ( 'NONE',  ( -53.41794161123636542, 41.70793197511437711, 6.292068024885743682 ) ) ;
#3461 = EDGE_CURVE ( 'NONE', #4458, #6019, #6750, .T. ) ;
#3462 = DIRECTION ( 'NONE',  ( -0.6145275576728885802, 0.7888953548225483559, 0.000000000000000000 ) ) ;
#3463 = ADVANCED_FACE ( 'NONE', ( #633 ), #2397, .F. ) ;
#3464 = ORIENTED_EDGE ( 'NONE', *, *, #5484, .T. ) ;
#3465 = CARTESIAN_POINT ( 'NONE',  ( -42.04884866977766933, 39.14204348387841037, 9.536177717086236072 ) ) ;
#3466 = CARTESIAN_POINT ( 'NONE',  ( -40.93897750591135321, 41.73337212893531500, 10.82842712474632485 ) ) ;
#3467 = FACE_OUTER_BOUND ( 'NONE', #5540, .T. ) ;
#3468 = CARTESIAN_POINT ( 'NONE',  ( -64.71378761472979591, 29.90671398761886834, 2.596834434612495635 ) ) ;
#3469 = DIRECTION ( 'NONE',  ( -1.000000000000000000, 0.000000000000000000, 0.000000000000000000 ) ) ;
#3470 = CARTESIAN_POINT ( 'NONE',  ( 41.08865980216185676, 39.39799226218584494, 9.805974369726673245 ) ) ;
#3471 = CIRCLE ( 'NONE', #7884, 1.000000000000000888 ) ;
#3472 = LINE ( 'NONE', #2845, #7600 ) ;
#3473 = EDGE_CURVE ( 'NONE', #6098, #1165, #7400, .T. ) ;
#3474 = ORIENTED_EDGE ( 'NONE', *, *, #9131, .F. ) ;
#3475 = CARTESIAN_POINT ( 'NONE',  ( 37.25177238853002848, 38.00000000000000711, 3.593743884534262634 ) ) ;
#3476 = EDGE_LOOP ( 'NONE', ( #1878, #3855, #6851, #276, #7411 ) ) ;
#3477 = ORIENTED_EDGE ( 'NONE', *, *, #5500, .F. ) ;
#3478 = CARTESIAN_POINT ( 'NONE',  ( -37.24453793330273044, 37.96119005874899699, 3.189339649018292366 ) ) ;
#3479 = CARTESIAN_POINT ( 'NONE',  ( -64.84757779196948491, 30.93055250430394665, 2.869774620902306506 ) ) ;
#3480 = CARTESIAN_POINT ( 'NONE',  ( -40.08941679935038849, 40.26619378821197870, 9.679528643792572495 ) ) ;
#3481 = TOROIDAL_SURFACE ( 'NONE', #4309, 3.000000000000011990, 1.000000000000000000 ) ;
#3482 = ORIENTED_EDGE ( 'NONE', *, *, #8122, .T. ) ;
#3483 = FACE_BOUND ( 'NONE', #8670, .T. ) ;
#3484 = FACE_OUTER_BOUND ( 'NONE', #5327, .T. ) ;
#3485 = EDGE_CURVE ( 'NONE', #1493, #4909, #5416, .T. ) ;
#3486 = CIRCLE ( 'NONE', #52, 1.000000000000000000 ) ;
#3487 = ORIENTED_EDGE ( 'NONE', *, *, #6427, .T. ) ;
#3488 = CARTESIAN_POINT ( 'NONE',  ( 41.08401631062694292, 44.15558141929021474, 5.452194488184176180 ) ) ;
#3489 = CARTESIAN_POINT ( 'NONE',  ( -33.77171203778518560, 40.00000000000000711, 4.000000000000000000 ) ) ;
#3490 = ORIENTED_EDGE ( 'NONE', *, *, #7779, .T. ) ;
#3491 = CARTESIAN_POINT ( 'NONE',  ( 64.99999999999995737, -38.49999999999996447, 1.000000000000000000 ) ) ;
#3492 = CARTESIAN_POINT ( 'NONE',  ( -62.15360397883832633, 37.94499577414652691, 4.489592359914374775 ) ) ;
#3493 = VERTEX_POINT ( 'NONE', #2195 ) ;
#3494 = VERTEX_POINT ( 'NONE', #5370 ) ;
#3495 = DIRECTION ( 'NONE',  ( -1.000000000000000000, -0.000000000000000000, 0.000000000000000000 ) ) ;
#3496 = AXIS2_PLACEMENT_3D ( 'NONE', #5756, #5813, #9671 ) ;
#3497 = CARTESIAN_POINT ( 'NONE',  ( 39.72655778855274633, 39.46474066962569793, 10.51356634211108521 ) ) ;
#3498 = ORIENTED_EDGE ( 'NONE', *, *, #5979, .F. ) ;
#3499 = EDGE_CURVE ( 'NONE', #8555, #4314, #5931, .T. ) ;
#3500 = ADVANCED_FACE ( 'NONE', ( #3933 ), #10048, .F. ) ;
#3501 = DIRECTION ( 'NONE',  ( 0.000000000000000000, -0.000000000000000000, -1.000000000000000000 ) ) ;
#3502 = FACE_OUTER_BOUND ( 'NONE', #65, .T. ) ;
#3503 = CARTESIAN_POINT ( 'NONE',  ( -64.99999999999995737, -38.49999999999999289, 2.000000000000000000 ) ) ;
#3504 = AXIS2_PLACEMENT_3D ( 'NONE', #9283, #3779, #732 ) ;
#3505 = CARTESIAN_POINT ( 'NONE',  ( 56.69544737387892042, -40.02870223093123769, 3.782485578727834419 ) ) ;
#3506 = CARTESIAN_POINT ( 'NONE',  ( -53.49999999999997868, -30.99999999999998579, 0.000000000000000000 ) ) ;
#3507 = ORIENTED_EDGE ( 'NONE', *, *, #8726, .F. ) ;
#3508 = CARTESIAN_POINT ( 'NONE',  ( 62.09999999999995879, -38.50000000000074607, 3.059631282596559920 ) ) ;
#3509 = ORIENTED_EDGE ( 'NONE', *, *, #5328, .F. ) ;
#3510 = AXIS2_PLACEMENT_3D ( 'NONE', #3617, #8868, #5149 ) ;
#3511 = LINE ( 'NONE', #1983, #2503 ) ;
#3512 =( BOUNDED_CURVE ( )  B_SPLINE_CURVE ( 3, ( #5903, #9719, #2730, #8959 ),
 .UNSPECIFIED., .F., .T. ) 
 B_SPLINE_CURVE_WITH_KNOTS ( ( 4, 4 ),
 ( 3.141592653589793116, 3.582386136817367284 ),
 .UNSPECIFIED. ) 
 CURVE ( )  GEOMETRIC_REPRESENTATION_ITEM ( )  RATIONAL_B_SPLINE_CURVE ( ( 1.000000000000000000, 0.9838738611700028613, 0.9838738611700028613, 1.000000000000000000 ) ) 
 REPRESENTATION_ITEM ( '' )  );
#3513 = EDGE_CURVE ( 'NONE', #4559, #9754, #1519, .T. ) ;
#3514 = DIRECTION ( 'NONE',  ( -0.000000000000000000, 1.000000000000000000, 0.000000000000000000 ) ) ;
#3515 = ORIENTED_EDGE ( 'NONE', *, *, #1689, .F. ) ;
#3516 = DIRECTION ( 'NONE',  ( 0.000000000000000000, -1.000000000000000000, 0.000000000000000000 ) ) ;
#3517 = CARTESIAN_POINT ( 'NONE',  ( 40.78843619973243761, 43.99777443085826434, 6.159301269370721421 ) ) ;
#3518 = CARTESIAN_POINT ( 'NONE',  ( 62.28857673292355912, -23.61439836843513262, 5.211423267076552790 ) ) ;
#3519 = CIRCLE ( 'NONE', #5306, 1.600000000000004086 ) ;
#3520 = CARTESIAN_POINT ( 'NONE',  ( 55.50000000000001421, 34.00000000000000000, 9.000000000000001776 ) ) ;
#3521 = CARTESIAN_POINT ( 'NONE',  ( -64.50479869738887828, 29.90438171046923443, 2.995201302611162575 ) ) ;
#3522 = CARTESIAN_POINT ( 'NONE',  ( -38.62590607993756464, 41.00000000000000711, 2.000000000000000000 ) ) ;
#3523 = AXIS2_PLACEMENT_3D ( 'NONE', #5138, #9766, #6562 ) ;
#3524 = CARTESIAN_POINT ( 'NONE',  ( 41.21691271922463784, 35.75174785251434173, 2.592068079987256635 ) ) ;
#3525 = AXIS2_PLACEMENT_3D ( 'NONE', #9735, #9825, #2835 ) ;
#3526 = CARTESIAN_POINT ( 'NONE',  ( -43.36767997638421690, 36.23554512824591001, 9.368486388664434728 ) ) ;
#3527 = ORIENTED_EDGE ( 'NONE', *, *, #8843, .F. ) ;
#3528 = CARTESIAN_POINT ( 'NONE',  ( -65.92385610630188353, 41.45785153895109687, 2.061336378519842860 ) ) ;
#3529 = EDGE_LOOP ( 'NONE', ( #1068, #10054, #7823 ) ) ;
#3530 = VERTEX_POINT ( 'NONE', #7767 ) ;
#3531 = CARTESIAN_POINT ( 'NONE',  ( -55.49999999999997868, -24.79228831549498580, 1.000000000000000888 ) ) ;
#3532 = CARTESIAN_POINT ( 'NONE',  ( -45.40588929108038485, 39.28743771630939108, 8.712562283690758136 ) ) ;
#3533 = CARTESIAN_POINT ( 'NONE',  ( 37.89951985755142516, 40.07930078546407060, 11.08814318986643066 ) ) ;
#3534 = AXIS2_PLACEMENT_3D ( 'NONE', #1026, #6480, #5710 ) ;
#3535 = AXIS2_PLACEMENT_3D ( 'NONE', #9505, #220, #5592 ) ;
#3536 = CARTESIAN_POINT ( 'NONE',  ( -53.49999999999997868, -30.99999999999998579, 10.00000000000014033 ) ) ;
#3537 = ADVANCED_FACE ( 'NONE', ( #6232 ), #4233, .T. ) ;
#3538 = ADVANCED_FACE ( 'NONE', ( #4759 ), #8374, .F. ) ;
#3539 = CARTESIAN_POINT ( 'NONE',  ( 68.62856498840861263, -36.81611581915706211, 2.000000000000000000 ) ) ;
#3540 = CARTESIAN_POINT ( 'NONE',  ( -61.16028369081290350, -40.63426511650789763, 2.616499451762758444 ) ) ;
#3541 = VECTOR ( 'NONE', #5251, 1000.000000000000000 ) ;
#3542 = ORIENTED_EDGE ( 'NONE', *, *, #1727, .T. ) ;
#3543 = DIRECTION ( 'NONE',  ( -1.000000000000000000, 0.000000000000000000, 0.000000000000000000 ) ) ;
#3544 = CARTESIAN_POINT ( 'NONE',  ( -64.56965043524438386, 41.37449963230412209, 2.293133182135859816 ) ) ;
#3545 = ORIENTED_EDGE ( 'NONE', *, *, #9694, .T. ) ;
#3546 = DIRECTION ( 'NONE',  ( 1.000000000000000000, 0.000000000000000000, 0.000000000000000000 ) ) ;
#3547 = CARTESIAN_POINT ( 'NONE',  ( 40.64410739016083340, 44.10628829675310669, 6.127554249477614512 ) ) ;
#3548 = CARTESIAN_POINT ( 'NONE',  ( 62.65281946533550439, -36.78845206869176110, 3.412606691372326750 ) ) ;
#3549 = AXIS2_PLACEMENT_3D ( 'NONE', #3392, #8560, #5452 ) ;
#3550 = AXIS2_PLACEMENT_3D ( 'NONE', #6956, #10050, #2 ) ;
#3551 = EDGE_CURVE ( 'NONE', #9107, #7201, #8679, .T. ) ;
#3552 = CARTESIAN_POINT ( 'NONE',  ( -67.64362355347084588, 39.97189449705894049, 2.001642281902754839 ) ) ;
#3553 = CARTESIAN_POINT ( 'NONE',  ( 67.11659886924853424, 40.68858037650328896, 2.007115142861301660 ) ) ;
#3554 = CIRCLE ( 'NONE', #7635, 4.000000000000017764 ) ;
#3555 = CARTESIAN_POINT ( 'NONE',  ( -41.98804166684074346, 43.08010073879945168, 6.292893218813555123 ) ) ;
#3556 = FACE_OUTER_BOUND ( 'NONE', #387, .T. ) ;
#3557 = CARTESIAN_POINT ( 'NONE',  ( -63.21497817378519812, -24.80501453911393739, 3.782485578727832642 ) ) ;
#3558 = CARTESIAN_POINT ( 'NONE',  ( 0.000000000000000000, -35.58578643762701432, 8.000000000000000000 ) ) ;
#3559 = ADVANCED_FACE ( 'NONE', ( #1746 ), #8075, .T. ) ;
#3560 = CARTESIAN_POINT ( 'NONE',  ( -72.74453208529337189, 21.07884740024824310, 0.000000000000000000 ) ) ;
#3561 = ORIENTED_EDGE ( 'NONE', *, *, #7498, .T. ) ;
#3562 = ADVANCED_FACE ( 'NONE', ( #4137, #4815 ), #981, .T. ) ;
#3563 = CARTESIAN_POINT ( 'NONE',  ( 45.76767997638425811, 36.00000000000001421, 8.000000000000000000 ) ) ;
#3564 = VERTEX_POINT ( 'NONE', #4912 ) ;
#3565 = VERTEX_POINT ( 'NONE', #1033 ) ;
#3566 = ADVANCED_FACE ( 'NONE', ( #153 ), #7305, .T. ) ;
#3567 = CARTESIAN_POINT ( 'NONE',  ( -37.47309453056505646, 38.00000000000000711, 10.10437282827601990 ) ) ;
#3568 = CARTESIAN_POINT ( 'NONE',  ( -67.73146578155757425, 37.06368864801581253, 2.054763254799918393 ) ) ;
#3569 = EDGE_LOOP ( 'NONE', ( #5734, #4604, #4027, #6326 ) ) ;
#3570 = CARTESIAN_POINT ( 'NONE',  ( -55.49999999999997868, 45.00000000000001421, 8.000000000000000000 ) ) ;
#3571 = EDGE_CURVE ( 'NONE', #7709, #9056, #6415, .T. ) ;
#3572 = CARTESIAN_POINT ( 'NONE',  ( 55.50000000000001421, 27.22994939107031342, 1.000000000000000888 ) ) ;
#3573 = CARTESIAN_POINT ( 'NONE',  ( 61.87395738018269498, -21.88971835956378342, 5.626042619827020808 ) ) ;
#3574 = FACE_OUTER_BOUND ( 'NONE', #505, .T. ) ;
#3575 = CARTESIAN_POINT ( 'NONE',  ( -64.76073326883224013, 29.91346954334700570, 2.488542690900395371 ) ) ;
#3576 =( BOUNDED_SURFACE ( )  B_SPLINE_SURFACE ( 2, 3, ( 
 ( #3183, #7018, #905, #8544, #4008, #7122, #8748, #4887 ),
 ( #7834, #4063, #6971, #6352, #8595, #7990, #126, #3081 ),
 ( #1601, #1767, #10064, #3899, #2363, #852, #9305, #9451 ) ),
 .UNSPECIFIED., .F., .F., .T. ) 
 B_SPLINE_SURFACE_WITH_KNOTS ( ( 3, 3 ),
 ( 4, 2, 2, 4 ),
 ( 0.000000000000000000, 1.000000000000000000 ),
 ( -2.070314015643372196E-05, 0.004067226440345309869, 0.006111191230596181231, 0.008155156020847053461 ),
 .UNSPECIFIED. ) 
 GEOMETRIC_REPRESENTATION_ITEM ( )  RATIONAL_B_SPLINE_SURFACE ( (
 ( 1.000000000000000000, 1.000000000000000000, 1.000000000000000000, 1.000000000000000000, 1.000000000000000000, 1.000000000000000000, 1.000000000000000000, 1.000000000000000000),
 ( 0.7366054830994696045, 0.7635841614419093260, 0.7904233094923357461, 0.8238382916319593186, 0.8338022380993076466, 0.8499265680814224178, 0.8560765447364515612, 0.8596713717413960731),
 ( 1.000000000000000000, 1.000000000000000000, 1.000000000000000000, 1.000000000000000000, 1.000000000000000000, 1.000000000000000000, 1.000000000000000000, 1.000000000000000000) ) ) 
 REPRESENTATION_ITEM ( '' )  SURFACE ( )  );
#3577 = FACE_OUTER_BOUND ( 'NONE', #4516, .T. ) ;
#3578 = DIRECTION ( 'NONE',  ( -0.000000000000000000, -1.000000000000000000, -0.000000000000000000 ) ) ;
#3579 = CARTESIAN_POINT ( 'NONE',  ( 64.91027342100198894, -30.99999999999998579, 1.935337389948394327 ) ) ;
#3580 = VERTEX_POINT ( 'NONE', #6487 ) ;
#3581 = CARTESIAN_POINT ( 'NONE',  ( -62.04822813290224559, 27.03851582607878257, 4.037558304724723435 ) ) ;
#3582 = ORIENTED_EDGE ( 'NONE', *, *, #9344, .F. ) ;
#3583 = EDGE_LOOP ( 'NONE', ( #4591, #1847, #2107, #5597 ) ) ;
#3584 = DIRECTION ( 'NONE',  ( -1.000000000000000000, -0.000000000000000000, 0.000000000000000000 ) ) ;
#3585 = FACE_OUTER_BOUND ( 'NONE', #1698, .T. ) ;
#3586 = CARTESIAN_POINT ( 'NONE',  ( 59.47709166902947686, 42.26186788748798762, 3.184306171948426467 ) ) ;
#3587 = DIRECTION ( 'NONE',  ( -1.000000000000000000, 0.000000000000000000, 0.000000000000000000 ) ) ;
#3588 = CARTESIAN_POINT ( 'NONE',  ( 66.73786713729165854, 42.10275142261046000, 1.036396857401805871 ) ) ;
#3589 = ORIENTED_EDGE ( 'NONE', *, *, #5544, .F. ) ;
#3590 = CARTESIAN_POINT ( 'NONE',  ( 68.65636497016488704, 36.86827048918046046, 1.043086012424679687 ) ) ;
#3591 = ORIENTED_EDGE ( 'NONE', *, *, #9269, .F. ) ;
#3592 = CARTESIAN_POINT ( 'NONE',  ( 33.77171203778522823, 40.00000000000000711, 4.000000000000000000 ) ) ;
#3593 = DIRECTION ( 'NONE',  ( -0.3000000000000017653, 0.000000000000000000, 0.9539392014169451040 ) ) ;
#3594 = EDGE_CURVE ( 'NONE', #7172, #1833, #56, .T. ) ;
#3595 = EDGE_LOOP ( 'NONE', ( #1379, #6597, #2583, #2264 ) ) ;
#3596 = CARTESIAN_POINT ( 'NONE',  ( -61.49999999999997868, 0.000000000000000000, 2.000000000000000000 ) ) ;
#3597 = DIRECTION ( 'NONE',  ( -1.000000000000000000, 0.000000000000000000, 0.000000000000000000 ) ) ;
#3598 = ORIENTED_EDGE ( 'NONE', *, *, #4600, .F. ) ;
#3599 = VECTOR ( 'NONE', #9232, 1000.000000000000000 ) ;
#3600 = CARTESIAN_POINT ( 'NONE',  ( 62.92178572398721315, 26.55179502823069981, 2.000000000000000000 ) ) ;
#3601 = CARTESIAN_POINT ( 'NONE',  ( 62.10078427502718768, 24.82820652873301626, 4.931573147459086925 ) ) ;
#3602 = CIRCLE ( 'NONE', #8176, 2.899999999999999911 ) ;
#3603 = CARTESIAN_POINT ( 'NONE',  ( 66.37962082128670716, 41.24493847852787809, 2.032565609254246564 ) ) ;
#3604 = ORIENTED_EDGE ( 'NONE', *, *, #8954, .T. ) ;
#3605 = DIRECTION ( 'NONE',  ( -1.000000000000000000, 0.000000000000000000, 0.000000000000000000 ) ) ;
#3606 = CARTESIAN_POINT ( 'NONE',  ( -67.89999999999996305, 38.16616284139471560, 2.016181990837702553 ) ) ;
#3607 = EDGE_CURVE ( 'NONE', #4228, #7775, #6530, .T. ) ;
#3608 = CARTESIAN_POINT ( 'NONE',  ( -57.28316869836375957, -39.72556520119589862, 4.489592359914378328 ) ) ;
#3609 = FACE_OUTER_BOUND ( 'NONE', #5564, .T. ) ;
#3610 = CARTESIAN_POINT ( 'NONE',  ( 58.49999999999028688, 26.45823216428043168, 9.000000000000614619 ) ) ;
#3611 = ORIENTED_EDGE ( 'NONE', *, *, #8151, .T. ) ;
#3612 = CARTESIAN_POINT ( 'NONE',  ( -55.49999999999997868, -17.20178939649807504, 6.264692779111545207 ) ) ;
#3613 = AXIS2_PLACEMENT_3D ( 'NONE', #1451, #2259, #4663 ) ;
#3614 = AXIS2_PLACEMENT_3D ( 'NONE', #9369, #6069, #9321 ) ;
#3615 = ORIENTED_EDGE ( 'NONE', *, *, #6300, .T. ) ;
#3616 = CARTESIAN_POINT ( 'NONE',  ( -37.86633971754694272, 37.78889535482254303, 9.857033048301721223 ) ) ;
#3617 = CARTESIAN_POINT ( 'NONE',  ( -55.49999999999997868, 27.22994939107031698, 1.000000000000000888 ) ) ;
#3618 = EDGE_CURVE ( 'NONE', #6600, #8916, #9434, .T. ) ;
#3619 = CARTESIAN_POINT ( 'NONE',  ( -62.97043223734502249, -40.57545338437910232, 2.250609423286464406 ) ) ;
#3620 = CARTESIAN_POINT ( 'NONE',  ( 59.18618235034217179, -21.54545414522150892, 8.313817649657984532 ) ) ;
#3621 = EDGE_CURVE ( 'NONE', #1898, #1473, #8571, .T. ) ;
#3622 = EDGE_CURVE ( 'NONE', #4795, #151, #3486, .T. ) ;
#3623 = DIRECTION ( 'NONE',  ( 0.000000000000000000, 0.000000000000000000, -1.000000000000000000 ) ) ;
#3624 = CARTESIAN_POINT ( 'NONE',  ( 63.13471550552227285, -42.10167941301049410, 1.072411569167329271 ) ) ;
#3625 = B_SPLINE_CURVE_WITH_KNOTS ( 'NONE', 3,
 ( #8308, #5198, #1320, #9010 ),
 .UNSPECIFIED., .F., .F.,
 ( 4, 4 ),
 ( 0.000000000000000000, 1.000000000000000000 ),
 .UNSPECIFIED. ) ;
#3626 = DIRECTION ( 'NONE',  ( -0.000000000000000000, 0.000000000000000000, 1.000000000000000000 ) ) ;
#3627 = CARTESIAN_POINT ( 'NONE',  ( 63.08501373442805260, 33.86709575081948742, 4.414986265572096613 ) ) ;
#3628 = LINE ( 'NONE', #5062, #5831 ) ;
#3629 = EDGE_CURVE ( 'NONE', #986, #6944, #4135, .T. ) ;
#3630 = VERTEX_POINT ( 'NONE', #2747 ) ;
#3631 = CYLINDRICAL_SURFACE ( 'NONE', #6469, 1.000000000000000000 ) ;
#3632 = VERTEX_POINT ( 'NONE', #8224 ) ;
#3633 = ORIENTED_EDGE ( 'NONE', *, *, #5177, .F. ) ;
#3634 = CARTESIAN_POINT ( 'NONE',  ( 67.73146578155760267, 37.06368864801580543, 2.054763254799920169 ) ) ;
#3635 = CARTESIAN_POINT ( 'NONE',  ( -53.49999999999994316, -35.58578643762702143, 8.000000000000003553 ) ) ;
#3636 = FACE_OUTER_BOUND ( 'NONE', #1505, .T. ) ;
#3637 = DIRECTION ( 'NONE',  ( 0.000000000000000000, -1.000000000000000000, 0.000000000000000000 ) ) ;
#3638 = DIRECTION ( 'NONE',  ( 0.000000000000000000, -1.000000000000000000, 1.138744882030889416E-16 ) ) ;
#3639 = CARTESIAN_POINT ( 'NONE',  ( 43.35324343268820257, 38.86666064518296082, 9.373026471619812838 ) ) ;
#3640 = ORIENTED_EDGE ( 'NONE', *, *, #5367, .T. ) ;
#3641 = CARTESIAN_POINT ( 'NONE',  ( 40.28416015389380078, 39.86835595512030039, 10.06992739217210620 ) ) ;
#3642 = DIRECTION ( 'NONE',  ( 0.000000000000000000, 1.000000000000000000, -1.138744882030889416E-16 ) ) ;
#3643 = ORIENTED_EDGE ( 'NONE', *, *, #4813, .F. ) ;
#3644 = VECTOR ( 'NONE', #8851, 1000.000000000000000 ) ;
#3645 = CARTESIAN_POINT ( 'NONE',  ( -51.73464987362537215, -38.99999999999998579, 2.000000000000000000 ) ) ;
#3646 = ORIENTED_EDGE ( 'NONE', *, *, #5052, .F. ) ;
#3647 = CARTESIAN_POINT ( 'NONE',  ( 65.68050356174386195, -35.66247845273734640, 2.362657147240341704 ) ) ;
#3648 = CARTESIAN_POINT ( 'NONE',  ( -68.00448833884668431, 38.89632009914164712, 2.002642136901046754 ) ) ;
#3649 = EDGE_LOOP ( 'NONE', ( #4575, #4212, #779, #4911, #4136 ) ) ;
#3650 = EDGE_CURVE ( 'NONE', #27, #9157, #8126, .T. ) ;
#3651 = CIRCLE ( 'NONE', #8691, 0.9999999999999998890 ) ;
#3652 = CARTESIAN_POINT ( 'NONE',  ( -58.79289321881356045, 27.22994939107031698, 8.707106781186544353 ) ) ;
#3653 = CARTESIAN_POINT ( 'NONE',  ( 61.15526371771824188, -40.63301273455275009, 2.618158490749305400 ) ) ;
#3654 = DIRECTION ( 'NONE',  ( 1.000000000000000000, -1.734723475976808672E-15, 0.000000000000000000 ) ) ;
#3655 = CARTESIAN_POINT ( 'NONE',  ( 64.93076916642165486, -41.49920107556694404, 2.000000000000000000 ) ) ;
#3656 = CARTESIAN_POINT ( 'NONE',  ( 63.25485413706921634, -42.14035533655145827, 2.004626807394200405 ) ) ;
#3657 = VECTOR ( 'NONE', #1570, 1000.000000000000000 ) ;
#3658 = CYLINDRICAL_SURFACE ( 'NONE', #682, 1.000000000000000000 ) ;
#3659 = EDGE_LOOP ( 'NONE', ( #8025, #7959 ) ) ;
#3660 = CARTESIAN_POINT ( 'NONE',  ( -38.22764842389806006, 45.00000000000001421, 5.954766520494208848 ) ) ;
#3661 = EDGE_CURVE ( 'NONE', #1391, #158, #3651, .T. ) ;
#3662 = CARTESIAN_POINT ( 'NONE',  ( 0.000000000000000000, 36.60000000000000853, 0.3999999999999999667 ) ) ;
#3663 = CARTESIAN_POINT ( 'NONE',  ( 53.74596825138365119, 42.01077634239955927, 2.000000000000000000 ) ) ;
#3664 = CARTESIAN_POINT ( 'NONE',  ( -65.02116807929694176, -41.39992274249139825, 2.000000000000000000 ) ) ;
#3665 = CARTESIAN_POINT ( 'NONE',  ( -61.49999999998199485, 22.06663099087535684, 6.000000000003696599 ) ) ;
#3666 = CARTESIAN_POINT ( 'NONE',  ( 45.76767997638425811, 39.29289321881359598, 8.707106781186544353 ) ) ;
#3667 = CARTESIAN_POINT ( 'NONE',  ( 52.81919353042480481, -39.03929430785264287, 5.542997603940609253 ) ) ;
#3668 = AXIS2_PLACEMENT_3D ( 'NONE', #4180, #6677, #7296 ) ;
#3669 = EDGE_CURVE ( 'NONE', #6023, #8577, #7564, .T. ) ;
#3670 = DIRECTION ( 'NONE',  ( 0.000000000000000000, 0.000000000000000000, 1.000000000000000000 ) ) ;
#3671 = CARTESIAN_POINT ( 'NONE',  ( 39.53358314682699159, 36.56599768348111468, 3.302350960502844490 ) ) ;
#3672 = ADVANCED_FACE ( 'NONE', ( #5157 ), #5059, .T. ) ;
#3673 = FACE_OUTER_BOUND ( 'NONE', #1608, .T. ) ;
#3674 = VECTOR ( 'NONE', #598, 1000.000000000000000 ) ;
#3675 = ORIENTED_EDGE ( 'NONE', *, *, #3220, .T. ) ;
#3676 = DIRECTION ( 'NONE',  ( -1.000000000000000000, -0.000000000000000000, 0.000000000000000000 ) ) ;
#3677 = ORIENTED_EDGE ( 'NONE', *, *, #6850, .T. ) ;
#3678 = EDGE_LOOP ( 'NONE', ( #4244, #4288, #5927, #1312 ) ) ;
#3679 = CARTESIAN_POINT ( 'NONE',  ( 38.46551931873069918, 37.32215109695196986, 3.554094482563459501 ) ) ;
#3680 = CARTESIAN_POINT ( 'NONE',  ( 61.20710678118651771, -18.58303575079959558, 6.292893218813600420 ) ) ;
#3681 = FACE_OUTER_BOUND ( 'NONE', #6919, .T. ) ;
#3682 = ADVANCED_FACE ( 'NONE', ( #4436 ), #7407, .F. ) ;
#3683 = CARTESIAN_POINT ( 'NONE',  ( 42.04956188750441726, 38.49926199722627729, 9.783015350338919447 ) ) ;
#3684 = VECTOR ( 'NONE', #1466, 1000.000000000000000 ) ;
#3685 = EDGE_CURVE ( 'NONE', #1476, #9616, #4245, .T. ) ;
#3686 = CARTESIAN_POINT ( 'NONE',  ( -53.49999999999997158, 35.00000000000000711, 2.000000000000000000 ) ) ;
#3687 = CARTESIAN_POINT ( 'NONE',  ( 44.61502368271754193, 38.93944039735475116, 9.057067949895563075 ) ) ;
#3688 = EDGE_CURVE ( 'NONE', #9994, #1846, #1209, .T. ) ;
#3689 = EDGE_LOOP ( 'NONE', ( #4060, #8229, #1499 ) ) ;
#3690 = LINE ( 'NONE', #6806, #9061 ) ;
#3691 = VECTOR ( 'NONE', #5786, 1000.000000000000000 ) ;
#3692 = CARTESIAN_POINT ( 'NONE',  ( 66.25269160045215244, 34.00000048892498938, 2.463406537128122853 ) ) ;
#3693 = AXIS2_PLACEMENT_3D ( 'NONE', #8439, #7577, #9857 ) ;
#3694 = ORIENTED_EDGE ( 'NONE', *, *, #5994, .T. ) ;
#3695 = DIRECTION ( 'NONE',  ( -0.9539392014169452150, 0.000000000000000000, 0.3000000000000018208 ) ) ;
#3696 = CARTESIAN_POINT ( 'NONE',  ( 68.63223459711062446, 40.19412919909647286, 1.001554061721865230 ) ) ;
#3697 = ORIENTED_EDGE ( 'NONE', *, *, #3473, .F. ) ;
#3698 = CARTESIAN_POINT ( 'NONE',  ( 65.03700727855253660, -35.59588692343539407, 2.584796091597687528 ) ) ;
#3699 = CARTESIAN_POINT ( 'NONE',  ( -68.81405003462296577, 37.26842606386148304, 1.026887611970067615 ) ) ;
#3700 = AXIS2_PLACEMENT_3D ( 'NONE', #7465, #1951, #5065 ) ;
#3701 = AXIS2_PLACEMENT_3D ( 'NONE', #5763, #246, #3362 ) ;
#3702 = CARTESIAN_POINT ( 'NONE',  ( -38.79205213461090551, 37.06929837935825844, 2.237299091271692131 ) ) ;
#3703 = VERTEX_POINT ( 'NONE', #9739 ) ;
#3704 = CARTESIAN_POINT ( 'NONE',  ( -65.03588824101427690, 41.60738428589542792, 2.172222082836195778 ) ) ;
#3705 = CARTESIAN_POINT ( 'NONE',  ( 54.50000000000001421, -13.78853150712619957, 4.500000000000000888 ) ) ;
#3706 = DIRECTION ( 'NONE',  ( 0.000000000000000000, 0.000000000000000000, 1.000000000000000000 ) ) ;
#3707 = VECTOR ( 'NONE', #816, 999.9999999999998863 ) ;
#3708 = DIRECTION ( 'NONE',  ( 0.000000000000000000, -1.000000000000000000, 0.000000000000000000 ) ) ;
#3709 = CIRCLE ( 'NONE', #9070, 8.500000000000000000 ) ;
#3710 = ORIENTED_EDGE ( 'NONE', *, *, #1559, .F. ) ;
#3711 = CARTESIAN_POINT ( 'NONE',  ( -64.99999999999995737, 38.49999999999999289, 2.000000000000000000 ) ) ;
#3712 = ORIENTED_EDGE ( 'NONE', *, *, #6153, .T. ) ;
#3713 = DIRECTION ( 'NONE',  ( -0.000000000000000000, -0.000000000000000000, -1.000000000000000000 ) ) ;
#3714 = DIRECTION ( 'NONE',  ( 0.000000000000000000, 1.000000000000000000, 0.000000000000000000 ) ) ;
#3715 = CARTESIAN_POINT ( 'NONE',  ( -60.49999999999997158, -13.78853150712619957, 5.500000000000000888 ) ) ;
#3716 = CYLINDRICAL_SURFACE ( 'NONE', #2392, 2.899999999999999911 ) ;
#3717 = EDGE_CURVE ( 'NONE', #8259, #8419, #6030, .T. ) ;
#3718 = ADVANCED_FACE ( 'NONE', ( #3577 ), #3481, .T. ) ;
#3719 = CARTESIAN_POINT ( 'NONE',  ( 35.53207675028573220, 40.00000000000000711, 11.80391671399580034 ) ) ;
#3720 =( BOUNDED_CURVE ( )  B_SPLINE_CURVE ( 3, ( #2938, #812, #3911, #6065 ),
 .UNSPECIFIED., .F., .T. ) 
 B_SPLINE_CURVE_WITH_KNOTS ( ( 4, 4 ),
 ( 2.718144063545140821, 3.141592653589796669 ),
 .UNSPECIFIED. ) 
 CURVE ( )  GEOMETRIC_REPRESENTATION_ITEM ( )  RATIONAL_B_SPLINE_CURVE ( ( 1.000000000000000000, 0.9851133430649818834, 0.9851133430649818834, 1.000000000000000000 ) ) 
 REPRESENTATION_ITEM ( '' )  );
#3721 = CARTESIAN_POINT ( 'NONE',  ( 67.89999999999996305, 38.50000000000412825, 2.011090376433267934 ) ) ;
#3722 = FACE_OUTER_BOUND ( 'NONE', #8292, .T. ) ;
#3723 = EDGE_LOOP ( 'NONE', ( #5211, #8445, #5033, #6380 ) ) ;
#3724 = DIRECTION ( 'NONE',  ( -0.9539392014169456591, 0.000000000000000000, -0.2999999999999998779 ) ) ;
#3725 = ORIENTED_EDGE ( 'NONE', *, *, #4745, .T. ) ;
#3726 = EDGE_CURVE ( 'NONE', #4006, #468, #6392, .T. ) ;
#3727 = VERTEX_POINT ( 'NONE', #2692 ) ;
#3728 = DIRECTION ( 'NONE',  ( -0.9303703141259803688, -0.3666211649552227336, 0.000000000000000000 ) ) ;
#3729 = CARTESIAN_POINT ( 'NONE',  ( -63.39999999999995595, -38.49999999999999289, 2.000000000000000000 ) ) ;
#3730 = CARTESIAN_POINT ( 'NONE',  ( -37.05320723488055279, 40.89601011479179249, 11.35429619670643042 ) ) ;
#3731 = CARTESIAN_POINT ( 'NONE',  ( -63.39999999999995595, 38.50000000000000711, 2.000000000000000000 ) ) ;
#3732 = DIRECTION ( 'NONE',  ( -1.000000000000000000, 0.000000000000000000, 0.000000000000000000 ) ) ;
#3733 = CARTESIAN_POINT ( 'NONE',  ( -54.49999999999997868, -30.99999999999997158, 8.000000000000000000 ) ) ;
#3734 = CARTESIAN_POINT ( 'NONE',  ( 37.86633971754475425, 37.78889535482257145, 9.857033048302431766 ) ) ;
#3735 = ORIENTED_EDGE ( 'NONE', *, *, #6153, .F. ) ;
#3736 = DIRECTION ( 'NONE',  ( -1.000000000000000000, 0.000000000000000000, 0.000000000000000000 ) ) ;
#3737 = ADVANCED_FACE ( 'NONE', ( #9682 ), #9886, .T. ) ;
#3738 = ORIENTED_EDGE ( 'NONE', *, *, #5824, .F. ) ;
#3739 = CARTESIAN_POINT ( 'NONE',  ( -55.18041933941717048, -39.54097311615559107, 0.000000000000000000 ) ) ;
#3740 = CARTESIAN_POINT ( 'NONE',  ( 68.81576606353424097, 39.72602253652168258, 1.001550411561039633 ) ) ;
#3741 = ORIENTED_EDGE ( 'NONE', *, *, #8299, .T. ) ;
#3742 = ADVANCED_FACE ( 'NONE', ( #5919 ), #5107, .T. ) ;
#3743 = CARTESIAN_POINT ( 'NONE',  ( 42.89508541615938242, 35.23362201454867204, 1.725965680844455674 ) ) ;
#3744 = CARTESIAN_POINT ( 'NONE',  ( -67.87231146660448644, 39.44572182428034068, 2.001369445317013884 ) ) ;
#3745 = ORIENTED_EDGE ( 'NONE', *, *, #8188, .F. ) ;
#3746 = CARTESIAN_POINT ( 'NONE',  ( -39.95299165245186401, 35.56689377507301941, 1.637895410383436001 ) ) ;
#3747 = ORIENTED_EDGE ( 'NONE', *, *, #295, .T. ) ;
#3748 = CARTESIAN_POINT ( 'NONE',  ( 67.57833338876689311, 41.56820908433772388, 1.011008190572270982 ) ) ;
#3749 = CARTESIAN_POINT ( 'NONE',  ( 64.52045917580929313, -42.48999623149448013, 0.9999999964589332269 ) ) ;
#3750 = EDGE_CURVE ( 'NONE', #9107, #10062, #2247, .T. ) ;
#3751 = ORIENTED_EDGE ( 'NONE', *, *, #2038, .T. ) ;
#3752 = AXIS2_PLACEMENT_3D ( 'NONE', #2930, #6056, #9155 ) ;
#3753 = DIRECTION ( 'NONE',  ( 0.7746549909815397816, -0.6034347099864463271, 0.1891459640884888549 ) ) ;
#3754 = CARTESIAN_POINT ( 'NONE',  ( -36.30714431254013164, 46.60903671024827588, 5.585786437626961920 ) ) ;
#3755 = DIRECTION ( 'NONE',  ( 1.000000000000000000, 6.386886653947055665E-14, 0.000000000000000000 ) ) ;
#3756 = ORIENTED_EDGE ( 'NONE', *, *, #4613, .T. ) ;
#3757 = CARTESIAN_POINT ( 'NONE',  ( 53.50000000000001421, 34.00000000000000711, 9.000000000000001776 ) ) ;
#3758 = AXIS2_PLACEMENT_3D ( 'NONE', #8152, #3501, #1157 ) ;
#3759 = CARTESIAN_POINT ( 'NONE',  ( -61.49999999999997868, 13.65651987538036671, 13.49999999999999645 ) ) ;
#3760 = DIRECTION ( 'NONE',  ( 0.000000000000000000, 0.000000000000000000, -1.000000000000000000 ) ) ;
#3761 = DIRECTION ( 'NONE',  ( -0.000000000000000000, -0.000000000000000000, -1.000000000000000000 ) ) ;
#3762 = CARTESIAN_POINT ( 'NONE',  ( 58.08578643762705696, -24.79228831549498580, 9.000000000000000000 ) ) ;
#3763 = CARTESIAN_POINT ( 'NONE',  ( -41.08401631062912429, 44.15558141929020053, 5.452194488184168186 ) ) ;
#3764 = AXIS2_PLACEMENT_3D ( 'NONE', #3415, #6481, #9577 ) ;
#3765 = ORIENTED_EDGE ( 'NONE', *, *, #2037, .F. ) ;
#3766 = VERTEX_POINT ( 'NONE', #7656 ) ;
#3767 = CARTESIAN_POINT ( 'NONE',  ( 38.76211111321318725, 44.69386467622283021, 6.159301269370725862 ) ) ;
#3768 = CIRCLE ( 'NONE', #522, 1.000000000000000000 ) ;
#3769 = CARTESIAN_POINT ( 'NONE',  ( 67.01190449186633202, 36.40500657401489093, 2.190830373879774307 ) ) ;
#3770 = ORIENTED_EDGE ( 'NONE', *, *, #5117, .F. ) ;
#3771 =( BOUNDED_SURFACE ( )  B_SPLINE_SURFACE ( 3, 2, ( 
 ( #3047, #3620, #2179 ),
 ( #7503, #4532, #7652 ),
 ( #1279, #561, #4431 ),
 ( #3762, #5151, #6017 ) ),
 .UNSPECIFIED., .F., .F., .T. ) 
 B_SPLINE_SURFACE_WITH_KNOTS ( ( 4, 4 ),
 ( 3, 3 ),
 ( 5.842391823952013397, 6.283185307179586232 ),
 ( 0.000000000000000000, 1.000000000000000000 ),
 .UNSPECIFIED. ) 
 GEOMETRIC_REPRESENTATION_ITEM ( )  RATIONAL_B_SPLINE_SURFACE ( (
 ( 1.000000000000000000, 0.9054051165037325655, 1.000000000000000000),
 ( 1.000000000000000000, 0.9176532257233913636, 1.000000000000000000),
 ( 1.000000000000000000, 0.9238877586005617149, 1.000000000000000000),
 ( 1.000000000000000000, 0.9238795325112859613, 1.000000000000000000) ) ) 
 REPRESENTATION_ITEM ( '' )  SURFACE ( )  );
#3772 = VERTEX_POINT ( 'NONE', #9270 ) ;
#3773 = DIRECTION ( 'NONE',  ( 1.000000000000000000, 0.000000000000000000, -0.000000000000000000 ) ) ;
#3774 = LINE ( 'NONE', #6890, #1114 ) ;
#3775 = CARTESIAN_POINT ( 'NONE',  ( 63.69067189754262870, -26.90278537560275396, 3.809328102457479215 ) ) ;
#3776 = CARTESIAN_POINT ( 'NONE',  ( -61.49999999999997158, 4.508169414544843434, 4.499999999999999112 ) ) ;
#3777 = DIRECTION ( 'NONE',  ( -0.7888953548225530188, -0.6145275576728826961, 0.000000000000000000 ) ) ;
#3778 = CARTESIAN_POINT ( 'NONE',  ( 64.82492025385856493, 42.49616654839248753, 1.192483504346341094 ) ) ;
#3779 = DIRECTION ( 'NONE',  ( 1.000000000000000000, 0.000000000000000000, -0.000000000000000000 ) ) ;
#3780 = ADVANCED_FACE ( 'NONE', ( #2280 ), #2945, .T. ) ;
#3781 = FACE_BOUND ( 'NONE', #8434, .T. ) ;
#3782 = VERTEX_POINT ( 'NONE', #5357 ) ;
#3783 = CARTESIAN_POINT ( 'NONE',  ( -60.49999999999997158, 13.65651987538036494, 5.499999999999997335 ) ) ;
#3784 = FACE_OUTER_BOUND ( 'NONE', #3689, .T. ) ;
#3785 = ORIENTED_EDGE ( 'NONE', *, *, #3173, .F. ) ;
#3786 = CARTESIAN_POINT ( 'NONE',  ( 42.33748324084085368, 19.08215039513288502, 2.000000000000000000 ) ) ;
#3787 = CARTESIAN_POINT ( 'NONE',  ( -37.25181215987404926, 41.03837683323504137, 10.43851104196576252 ) ) ;
#3788 = CARTESIAN_POINT ( 'NONE',  ( 39.51627161117345111, 36.57675372334117014, 3.307964323298316245 ) ) ;
#3789 = FACE_OUTER_BOUND ( 'NONE', #7690, .T. ) ;
#3790 = ORIENTED_EDGE ( 'NONE', *, *, #4172, .F. ) ;
#3791 = EDGE_CURVE ( 'NONE', #151, #4236, #8062, .T. ) ;
#3792 = AXIS2_PLACEMENT_3D ( 'NONE', #7264, #948, #4209 ) ;
#3793 = CARTESIAN_POINT ( 'NONE',  ( -41.98804166684074346, 43.08010073879945168, 6.292893218813555123 ) ) ;
#3794 = ORIENTED_EDGE ( 'NONE', *, *, #2913, .T. ) ;
#3795 = CARTESIAN_POINT ( 'NONE',  ( 67.93361355994157691, 37.59273719933161573, 2.024158994504145159 ) ) ;
#3796 = CARTESIAN_POINT ( 'NONE',  ( 64.65730773727872815, -41.50804956267021595, 2.000000000000000000 ) ) ;
#3797 = VERTEX_POINT ( 'NONE', #6071 ) ;
#3798 = DIRECTION ( 'NONE',  ( 1.000000000000000000, 0.000000000000000000, -0.000000000000000000 ) ) ;
#3799 = FACE_OUTER_BOUND ( 'NONE', #5238, .T. ) ;
#3800 = DIRECTION ( 'NONE',  ( 0.000000000000000000, 0.000000000000000000, -1.000000000000000000 ) ) ;
#3801 = ORIENTED_EDGE ( 'NONE', *, *, #4193, .F. ) ;
#3802 = CARTESIAN_POINT ( 'NONE',  ( 55.42824105059945339, 42.08447995086047655, 5.242055330350193998 ) ) ;
#3803 = EDGE_CURVE ( 'NONE', #1165, #5244, #5303, .T. ) ;
#3804 = ORIENTED_EDGE ( 'NONE', *, *, #8188, .T. ) ;
#3805 = DIRECTION ( 'NONE',  ( 0.9840165143255645841, -0.04311165699446686816, 0.1727798731500793106 ) ) ;
#3806 = DIRECTION ( 'NONE',  ( 1.000000000000000000, 0.000000000000000000, 0.000000000000000000 ) ) ;
#3807 = AXIS2_PLACEMENT_3D ( 'NONE', #5479, #6014, #2262 ) ;
#3808 = CARTESIAN_POINT ( 'NONE',  ( -39.24962182026907698, 39.75210416725687423, 10.66355576520279058 ) ) ;
#3809 = FACE_OUTER_BOUND ( 'NONE', #6640, .T. ) ;
#3810 = CARTESIAN_POINT ( 'NONE',  ( 42.05117159987537434, 38.49894241964320685, 9.782509119217930760 ) ) ;
#3811 = ORIENTED_EDGE ( 'NONE', *, *, #1667, .T. ) ;
#3812 = CIRCLE ( 'NONE', #2998, 1.600000000000004086 ) ;
#3813 = CARTESIAN_POINT ( 'NONE',  ( 37.25181215987188210, 45.00000000000001421, 5.585786437627002776 ) ) ;
#3814 = CARTESIAN_POINT ( 'NONE',  ( 67.88521363348921511, 38.16322672134475624, 2.017249922450086608 ) ) ;
#3815 = ORIENTED_EDGE ( 'NONE', *, *, #9909, .F. ) ;
#3816 = CARTESIAN_POINT ( 'NONE',  ( -36.17171203778518418, 40.00379515746519132, 11.63151361133556883 ) ) ;
#3817 = ORIENTED_EDGE ( 'NONE', *, *, #2103, .F. ) ;
#3818 = ORIENTED_EDGE ( 'NONE', *, *, #1592, .T. ) ;
#3819 = AXIS2_PLACEMENT_3D ( 'NONE', #6614, #5089, #9718 ) ;
#3820 = CARTESIAN_POINT ( 'NONE',  ( 37.07214353879577118, 36.70043735897925075, 2.009423816570508059 ) ) ;
#3821 = CARTESIAN_POINT ( 'NONE',  ( 60.49999999999997158, -1.912372712252401463, -2.053782205286560636 ) ) ;
#3822 = VERTEX_POINT ( 'NONE', #3870 ) ;
#3823 = CARTESIAN_POINT ( 'NONE',  ( 66.30340035296873680, 41.20206356695784677, 1.036396857401805871 ) ) ;
#3824 = DIRECTION ( 'NONE',  ( 0.000000000000000000, 0.000000000000000000, -1.000000000000000000 ) ) ;
#3825 = CARTESIAN_POINT ( 'NONE',  ( -44.55348693338655863, 39.23171108717762934, 8.768288912822452374 ) ) ;
#3826 = CARTESIAN_POINT ( 'NONE',  ( -58.49345050234010301, 42.21877267519573707, 3.782485578727828646 ) ) ;
#3827 = AXIS2_PLACEMENT_3D ( 'NONE', #6758, #538, #2862 ) ;
#3828 =( BOUNDED_SURFACE ( )  B_SPLINE_SURFACE ( 3, 2, ( 
 ( #1034, #3370, #6337 ),
 ( #5767, #1793, #3420 ),
 ( #4914, #5621, #154 ),
 ( #7355, #8728, #1747 ),
 ( #7921, #3271, #983 ),
 ( #6531, #7204, #2443 ),
 ( #5016, #365, #936 ),
 ( #8023, #6385, #4138 ),
 ( #7253, #251, #8876 ),
 ( #311, #201, #9632 ) ),
 .UNSPECIFIED., .F., .F., .T. ) 
 B_SPLINE_SURFACE_WITH_KNOTS ( ( 4, 2, 2, 2, 4 ),
 ( 3, 3 ),
 ( -6.317846461953328565E-06, 0.0004576179399639470702, 0.0005736018865704220829, 0.0006895858331768972040, 0.0009215537263898474461 ),
 ( 0.000000000000000000, 1.000000000000000000 ),
 .UNSPECIFIED. ) 
 GEOMETRIC_REPRESENTATION_ITEM ( )  RATIONAL_B_SPLINE_SURFACE ( (
 ( 1.000000000000000000, 1.000000000000000000, 1.000000000000000000),
 ( 1.000000000000000000, 1.000478386269960662, 1.000000000000000000),
 ( 1.000000000000000000, 0.9883265599158488346, 1.000000000000000000),
 ( 1.000000000000000000, 0.9707468064430849752, 1.000000000000000000),
 ( 1.000000000000000000, 0.9672301575400117368, 1.000000000000000000),
 ( 1.000000000000000000, 0.9605958991499170541, 1.000000000000000000),
 ( 1.000000000000000000, 0.9574481689393408157, 1.000000000000000000),
 ( 1.000000000000000000, 0.9494543689204076875, 1.000000000000000000),
 ( 1.000000000000000000, 0.9461183632994293324, 1.000000000000000000),
 ( 1.000000000000000000, 0.9457646058446153026, 1.000000000000000000) ) ) 
 REPRESENTATION_ITEM ( '' )  SURFACE ( )  );
#3829 = CARTESIAN_POINT ( 'NONE',  ( -40.06990429939835252, 40.61770561885212061, 9.414213562373232591 ) ) ;
#3830 = VERTEX_POINT ( 'NONE', #717 ) ;
#3831 = CARTESIAN_POINT ( 'NONE',  ( 67.68208036245263770, -34.71615453809803853, 1.117241097311244769 ) ) ;
#3832 = CARTESIAN_POINT ( 'NONE',  ( -39.38004687640572854, 38.11104645177452710, 10.62253898259979401 ) ) ;
#3833 = ORIENTED_EDGE ( 'NONE', *, *, #6716, .F. ) ;
#3834 = FACE_OUTER_BOUND ( 'NONE', #5206, .T. ) ;
#3835 = CARTESIAN_POINT ( 'NONE',  ( 55.50000000000001421, 27.22994939107031342, 9.000000000000001776 ) ) ;
#3836 = EDGE_CURVE ( 'NONE', #9377, #4642, #5404, .T. ) ;
#3837 = EDGE_CURVE ( 'NONE', #9981, #284, #4082, .T. ) ;
#3838 = AXIS2_PLACEMENT_3D ( 'NONE', #4465, #2167, #5389 ) ;
#3839 = CARTESIAN_POINT ( 'NONE',  ( 38.34998683596855784, 37.41214769032736598, 2.162352380310416766 ) ) ;
#3840 = DIRECTION ( 'NONE',  ( 0.9539392014169456591, 0.000000000000000000, 0.2999999999999998779 ) ) ;
#3841 = ORIENTED_EDGE ( 'NONE', *, *, #5428, .T. ) ;
#3842 = CARTESIAN_POINT ( 'NONE',  ( -40.78843619973462609, 43.99777443085825723, 6.159301269370714316 ) ) ;
#3843 = AXIS2_PLACEMENT_3D ( 'NONE', #567, #5017, #9211 ) ;
#3844 = CARTESIAN_POINT ( 'NONE',  ( 66.25269160045215244, 34.00000048892498938, 2.463406537128122853 ) ) ;
#3845 = ORIENTED_EDGE ( 'NONE', *, *, #2409, .F. ) ;
#3846 = CARTESIAN_POINT ( 'NONE',  ( 68.97773243132195375, 38.98997467854518106, 1.003055923486728895 ) ) ;
#3847 = CARTESIAN_POINT ( 'NONE',  ( 55.18041933941726995, -39.54097311615560528, 2.000000000000000000 ) ) ;
#3848 = ORIENTED_EDGE ( 'NONE', *, *, #6049, .F. ) ;
#3849 = CARTESIAN_POINT ( 'NONE',  ( 65.50000000000007105, 33.99999999999998579, 2.000000000000000000 ) ) ;
#3850 = CARTESIAN_POINT ( 'NONE',  ( 37.86617457699227174, 37.78894137933686181, 3.584718875788107884 ) ) ;
#3851 = EDGE_CURVE ( 'NONE', #1165, #6773, #1215, .T. ) ;
#3852 = CARTESIAN_POINT ( 'NONE',  ( -60.49999999999997158, -13.78853150712619957, 5.500000000000000888 ) ) ;
#3853 = CARTESIAN_POINT ( 'NONE',  ( 43.26256185813785748, 39.15415994250176368, 9.121653968434035420 ) ) ;
#3854 = AXIS2_PLACEMENT_3D ( 'NONE', #4302, #5770, #1845 ) ;
#3855 = ORIENTED_EDGE ( 'NONE', *, *, #6836, .T. ) ;
#3856 = AXIS2_PLACEMENT_3D ( 'NONE', #1437, #3007, #7664 ) ;
#3857 = CARTESIAN_POINT ( 'NONE',  ( 57.76341216567578130, 42.18678829088418070, 4.226442087455464680 ) ) ;
#3858 = ORIENTED_EDGE ( 'NONE', *, *, #7224, .F. ) ;
#3859 = VECTOR ( 'NONE', #358, 1000.000000000000000 ) ;
#3860 = CARTESIAN_POINT ( 'NONE',  ( 64.13452373906478954, -41.40836774813107013, 2.024157420073390501 ) ) ;
#3861 = CARTESIAN_POINT ( 'NONE',  ( -64.37222872958366793, 29.94048729051714020, 3.127771270416391136 ) ) ;
#3862 = VECTOR ( 'NONE', #1748, 1000.000000000000000 ) ;
#3863 = CARTESIAN_POINT ( 'NONE',  ( -38.42006067106363787, 40.00670139856741514, 10.92444067735649149 ) ) ;
#3864 = LINE ( 'NONE', #1054, #3707 ) ;
#3865 = FACE_OUTER_BOUND ( 'NONE', #6550, .T. ) ;
#3866 = ADVANCED_FACE ( 'NONE', ( #1471 ), #8413, .F. ) ;
#3867 = EDGE_CURVE ( 'NONE', #4365, #6019, #6020, .T. ) ;
#3868 = VECTOR ( 'NONE', #9141, 1000.000000000000000 ) ;
#3869 = ORIENTED_EDGE ( 'NONE', *, *, #704, .F. ) ;
#3870 = CARTESIAN_POINT ( 'NONE',  ( -55.49999999999997868, -24.79228831549498580, 9.000000000000001776 ) ) ;
#3871 = B_SPLINE_CURVE_WITH_KNOTS ( 'NONE', 3,
 ( #4891, #133, #8097, #2671 ),
 .UNSPECIFIED., .F., .F.,
 ( 4, 4 ),
 ( 0.000000000000000000, 0.0006624730440113132685 ),
 .UNSPECIFIED. ) ;
#3872 = CARTESIAN_POINT ( 'NONE',  ( 40.30787623508948059, 39.65066660862849091, 10.33075014826772886 ) ) ;
#3873 = ORIENTED_EDGE ( 'NONE', *, *, #4169, .T. ) ;
#3874 = CARTESIAN_POINT ( 'NONE',  ( -57.37617127703452269, 41.78969234313671421, 5.334964564721058622 ) ) ;
#3875 = VERTEX_POINT ( 'NONE', #6172 ) ;
#3876 = CARTESIAN_POINT ( 'NONE',  ( 54.50000000000001421, 13.65651987538036494, 5.499999999999997335 ) ) ;
#3877 = CARTESIAN_POINT ( 'NONE',  ( -67.79111094237791235, 37.40013650513433419, 1.036396857401803651 ) ) ;
#3878 = CARTESIAN_POINT ( 'NONE',  ( -37.04569807186452124, 36.50000000000000711, 1.996871942267131494 ) ) ;
#3879 = CARTESIAN_POINT ( 'NONE',  ( -61.49999999999997158, 13.65651987538036494, 4.499999999999998224 ) ) ;
#3880 = DIRECTION ( 'NONE',  ( -0.7888953548225534629, -0.6145275576728820299, 0.000000000000000000 ) ) ;
#3881 = CARTESIAN_POINT ( 'NONE',  ( 55.66594709874253510, -39.27313520188965157, 5.448035728366527941 ) ) ;
#3882 = CARTESIAN_POINT ( 'NONE',  ( 68.64670925954415281, -36.85637243380539729, 1.000000000000000000 ) ) ;
#3883 = CARTESIAN_POINT ( 'NONE',  ( -57.00188693398277451, -39.07681211332138105, 3.782485578727828646 ) ) ;
#3884 = ORIENTED_EDGE ( 'NONE', *, *, #6834, .F. ) ;
#3885 = DIRECTION ( 'NONE',  ( 0.000000000000000000, 1.000000000000000000, 0.000000000000000000 ) ) ;
#3886 = CARTESIAN_POINT ( 'NONE',  ( -67.95271609216254660, 35.58121689129661291, 2.002029952381265687 ) ) ;
#3887 = VERTEX_POINT ( 'NONE', #9930 ) ;
#3888 = CARTESIAN_POINT ( 'NONE',  ( -60.50212928721965255, 42.30677675797797832, 2.654780716735370305 ) ) ;
#3889 = CARTESIAN_POINT ( 'NONE',  ( 45.22532245313247046, 35.00000000000000000, 0.3999999999999999667 ) ) ;
#3890 = CARTESIAN_POINT ( 'NONE',  ( -58.87404912931076950, -40.73005394288357195, 2.399367248031228694 ) ) ;
#3891 =( BOUNDED_CURVE ( )  B_SPLINE_CURVE ( 3, ( #2065, #5377, #7727, #3019 ),
 .UNSPECIFIED., .F., .T. ) 
 B_SPLINE_CURVE_WITH_KNOTS ( ( 4, 4 ),
 ( 4.774929742181181602, 4.881976154352918762 ),
 .UNSPECIFIED. ) 
 CURVE ( )  GEOMETRIC_REPRESENTATION_ITEM ( )  RATIONAL_B_SPLINE_CURVE ( ( 1.000000000000000000, 0.9990453167455106698, 0.9990453167455106698, 1.000000000000000000 ) ) 
 REPRESENTATION_ITEM ( '' )  );
#3892 = B_SPLINE_CURVE_WITH_KNOTS ( 'NONE', 3,
 ( #3634, #6747, #9640, #1902 ),
 .UNSPECIFIED., .F., .F.,
 ( 4, 4 ),
 ( 0.000000000000000000, 0.0003855704102880613479 ),
 .UNSPECIFIED. ) ;
#3893 = ORIENTED_EDGE ( 'NONE', *, *, #6729, .F. ) ;
#3894 = DIRECTION ( 'NONE',  ( 1.000000000000000000, -3.702542987795397115E-15, 0.000000000000000000 ) ) ;
#3895 = ADVANCED_FACE ( 'NONE', ( #4536 ), #2786, .T. ) ;
#3896 = FACE_OUTER_BOUND ( 'NONE', #4723, .T. ) ;
#3897 = VERTEX_POINT ( 'NONE', #3721 ) ;
#3898 = CARTESIAN_POINT ( 'NONE',  ( 68.88923851608342375, 37.53391057543638709, 1.963421018672254714 ) ) ;
#3899 = CARTESIAN_POINT ( 'NONE',  ( 65.66350505745295152, 32.79331750395153477, 2.667149415706477011 ) ) ;
#3900 = VERTEX_POINT ( 'NONE', #3353 ) ;
#3901 = FACE_OUTER_BOUND ( 'NONE', #7595, .T. ) ;
#3902 = CYLINDRICAL_SURFACE ( 'NONE', #3910, 0.9999999999999990008 ) ;
#3903 = CARTESIAN_POINT ( 'NONE',  ( 55.50000000000001421, 13.65651987538036671, 13.49999999999999645 ) ) ;
#3904 = LINE ( 'NONE', #1460, #2294 ) ;
#3905 = ORIENTED_EDGE ( 'NONE', *, *, #218, .F. ) ;
#3906 = VERTEX_POINT ( 'NONE', #1832 ) ;
#3907 = CARTESIAN_POINT ( 'NONE',  ( 61.49999999999997158, 4.508169414544843434, 5.499999999999999112 ) ) ;
#3908 = ORIENTED_EDGE ( 'NONE', *, *, #5220, .T. ) ;
#3909 = ADVANCED_FACE ( 'NONE', ( #9475 ), #7140, .F. ) ;
#3910 = AXIS2_PLACEMENT_3D ( 'NONE', #3084, #6205, #7022 ) ;
#3911 = CARTESIAN_POINT ( 'NONE',  ( -61.49999999999995737, -20.18217050311507421, 5.585786437627018763 ) ) ;
#3912 = DIRECTION ( 'NONE',  ( -0.9116773148860493059, -0.4109068915486369655, 0.000000000000000000 ) ) ;
#3913 = DIRECTION ( 'NONE',  ( -0.2999999999999994893, 0.000000000000000000, -0.9539392014169457701 ) ) ;
#3914 = CARTESIAN_POINT ( 'NONE',  ( -65.34296203775666356, -30.99999999999996803, 2.836880822585388540 ) ) ;
#3915 = CARTESIAN_POINT ( 'NONE',  ( -41.44206524527910318, 43.87667124952842812, 5.539618582424394866 ) ) ;
#3916 = EDGE_LOOP ( 'NONE', ( #9745, #5634, #3082, #3817 ) ) ;
#3917 = AXIS2_PLACEMENT_3D ( 'NONE', #1684, #6527, #8826 ) ;
#3918 = VERTEX_POINT ( 'NONE', #5606 ) ;
#3919 = DIRECTION ( 'NONE',  ( 1.000000000000000000, -0.000000000000000000, -0.000000000000000000 ) ) ;
#3920 = EDGE_CURVE ( 'NONE', #8693, #2739, #3309, .T. ) ;
#3921 = EDGE_CURVE ( 'NONE', #1610, #850, #9022, .T. ) ;
#3922 = CARTESIAN_POINT ( 'NONE',  ( -58.79289321881356045, 27.22994939107031698, 8.707106781186544353 ) ) ;
#3923 = EDGE_CURVE ( 'NONE', #5587, #9077, #2586, .T. ) ;
#3924 = EDGE_LOOP ( 'NONE', ( #4285, #8565, #4555, #4902, #6070, #7139, #1434, #3884 ) ) ;
#3925 = AXIS2_PLACEMENT_3D ( 'NONE', #8306, #6824, #8961 ) ;
#3926 = CARTESIAN_POINT ( 'NONE',  ( -67.71688767352253535, -37.22702271070566127, 1.000000000000000000 ) ) ;
#3927 = ORIENTED_EDGE ( 'NONE', *, *, #1132, .F. ) ;
#3928 = CARTESIAN_POINT ( 'NONE',  ( 0.000000000000000000, 36.40000000000000568, 3.593743884534262634 ) ) ;
#3929 = CARTESIAN_POINT ( 'NONE',  ( -38.37870073835686213, 40.93067901870549008, 10.25781479253708461 ) ) ;
#3930 = CARTESIAN_POINT ( 'NONE',  ( -45.76767997638421548, 36.00000000000001421, 8.000000000000000000 ) ) ;
#3931 = CARTESIAN_POINT ( 'NONE',  ( -45.28558440016238507, 38.56942981417387273, 9.014539220847218814 ) ) ;
#3932 = CARTESIAN_POINT ( 'NONE',  ( -36.63549835997355331, 40.01113860715383908, 11.48565956062683924 ) ) ;
#3933 = FACE_OUTER_BOUND ( 'NONE', #2154, .T. ) ;
#3934 = CONICAL_SURFACE ( 'NONE', #5573, 4.000000000000003553, 0.7853981633974428389 ) ;
#3935 = ADVANCED_FACE ( 'NONE', ( #8818 ), #780, .T. ) ;
#3936 = B_SPLINE_CURVE_WITH_KNOTS ( 'NONE', 3,
 ( #8809, #913, #7951, #6315, #3398, #6510 ),
 .UNSPECIFIED., .F., .F.,
 ( 4, 2, 4 ),
 ( 0.000000000000000000, 0.001003109435027356227, 0.002006218870054712455 ),
 .UNSPECIFIED. ) ;
#3937 = CARTESIAN_POINT ( 'NONE',  ( -62.56574072970126821, -23.36455427446572841, 4.934259270298813504 ) ) ;
#3938 = EDGE_CURVE ( 'NONE', #9159, #6790, #1817, .T. ) ;
#3939 = EDGE_CURVE ( 'NONE', #6773, #2588, #5510, .T. ) ;
#3940 = FACE_OUTER_BOUND ( 'NONE', #6493, .T. ) ;
#3941 = ORIENTED_EDGE ( 'NONE', *, *, #3180, .F. ) ;
#3942 = CARTESIAN_POINT ( 'NONE',  ( 59.90683671986528225, 41.75667248882404436, 3.972654642999263075 ) ) ;
#3943 = CARTESIAN_POINT ( 'NONE',  ( -68.52776181374773046, 36.61329844107531528, 1.976779065907789512 ) ) ;
#3944 = ORIENTED_EDGE ( 'NONE', *, *, #6423, .T. ) ;
#3945 = CARTESIAN_POINT ( 'NONE',  ( -37.07210029752531710, 36.69953667417035348, 2.018882663024786250 ) ) ;
#3946 = LINE ( 'NONE', #5427, #2557 ) ;
#3947 = CARTESIAN_POINT ( 'NONE',  ( 38.07472424594812566, 36.09920860422214872, 1.937535376074360993 ) ) ;
#3948 = CARTESIAN_POINT ( 'NONE',  ( -55.10296312794792328, 35.32469904603606636, 11.93664069894581559 ) ) ;
#3949 = ORIENTED_EDGE ( 'NONE', *, *, #1689, .T. ) ;
#3950 = CARTESIAN_POINT ( 'NONE',  ( 55.66594709874253510, -39.27313520188965157, 5.448035728366527941 ) ) ;
#3951 = EDGE_CURVE ( 'NONE', #7380, #3797, #2605, .T. ) ;
#3952 = CARTESIAN_POINT ( 'NONE',  ( -35.31203116122313190, 41.00000000000000711, 10.82842712474632485 ) ) ;
#3953 = VERTEX_POINT ( 'NONE', #3150 ) ;
#3954 = CARTESIAN_POINT ( 'NONE',  ( -57.28316869836375247, -39.72556520119590573, 4.489592359914380992 ) ) ;
#3955 = DIRECTION ( 'NONE',  ( -0.8100080635894326697, -0.5282013195535663064, -0.2547357512049868711 ) ) ;
#3956 = ORIENTED_EDGE ( 'NONE', *, *, #6994, .F. ) ;
#3957 = FACE_OUTER_BOUND ( 'NONE', #9549, .T. ) ;
#3958 = CARTESIAN_POINT ( 'NONE',  ( 40.48905568791928289, 38.97857765940231900, 10.27377184632961082 ) ) ;
#3959 =( BOUNDED_CURVE ( )  B_SPLINE_CURVE ( 3, ( #2587, #8716, #4084, #3922 ),
 .UNSPECIFIED., .F., .T. ) 
 B_SPLINE_CURVE_WITH_KNOTS ( ( 4, 4 ),
 ( 5.978086874439096476, 6.283185307179586232 ),
 .UNSPECIFIED. ) 
 CURVE ( )  GEOMETRIC_REPRESENTATION_ITEM ( )  RATIONAL_B_SPLINE_CURVE ( ( 1.000000000000000000, 0.9922579436335261516, 0.9922579436335261516, 1.000000000000000000 ) ) 
 REPRESENTATION_ITEM ( '' )  );
#3960 = CARTESIAN_POINT ( 'NONE',  ( -55.18041933941716337, -39.54097311615559818, 4.740928947180002240 ) ) ;
#3961 = ORIENTED_EDGE ( 'NONE', *, *, #8615, .T. ) ;
#3962 = CARTESIAN_POINT ( 'NONE',  ( 61.20710678118653192, 21.07884740024817916, 6.292893218813590650 ) ) ;
#3963 = ORIENTED_EDGE ( 'NONE', *, *, #9881, .F. ) ;
#3964 = CARTESIAN_POINT ( 'NONE',  ( 41.80327844533034920, 43.59529620495364810, 5.585786437627001888 ) ) ;
#3965 = CARTESIAN_POINT ( 'NONE',  ( 65.76929969542449328, 31.66246105373680209, 1.871945602724179425 ) ) ;
#3966 = DIRECTION ( 'NONE',  ( -0.000000000000000000, 0.000000000000000000, 1.000000000000000000 ) ) ;
#3967 = CARTESIAN_POINT ( 'NONE',  ( 62.09999999999995879, -38.49999999999999289, 12.00000000000000355 ) ) ;
#3968 = DIRECTION ( 'NONE',  ( -0.000000000000000000, -1.000000000000000000, -0.000000000000000000 ) ) ;
#3969 = AXIS2_PLACEMENT_3D ( 'NONE', #9656, #1717, #3396 ) ;
#3970 = ADVANCED_FACE ( 'NONE', ( #1023 ), #7089, .F. ) ;
#3971 = EDGE_CURVE ( 'NONE', #7464, #3984, #3327, .T. ) ;
#3972 = DIRECTION ( 'NONE',  ( 0.01468750504638863426, -0.000000000000000000, 0.9998921327800877057 ) ) ;
#3973 = VECTOR ( 'NONE', #4092, 1000.000000000000000 ) ;
#3974 = CARTESIAN_POINT ( 'NONE',  ( 45.76767997638426522, 39.00000000000015632, 8.999999999999998224 ) ) ;
#3975 = ORIENTED_EDGE ( 'NONE', *, *, #8200, .T. ) ;
#3976 = CARTESIAN_POINT ( 'NONE',  ( 63.01040764008572381, -25.21592143066265734, 4.489592359914372999 ) ) ;
#3977 = DIRECTION ( 'NONE',  ( -0.4376360731224936962, 0.7854612243795633386, -0.4376360731224980816 ) ) ;
#3978 = CARTESIAN_POINT ( 'NONE',  ( 0.000000000000000000, 27.22994939107031698, 9.000000000000001776 ) ) ;
#3979 = DIRECTION ( 'NONE',  ( 1.000000000000000000, 0.000000000000000000, -0.000000000000000000 ) ) ;
#3980 = ORIENTED_EDGE ( 'NONE', *, *, #122, .T. ) ;
#3981 = LINE ( 'NONE', #678, #9119 ) ;
#3982 = EDGE_CURVE ( 'NONE', #499, #553, #4631, .T. ) ;
#3983 = AXIS2_PLACEMENT_3D ( 'NONE', #6475, #3972, #3203 ) ;
#3984 = VERTEX_POINT ( 'NONE', #4948 ) ;
#3985 = EDGE_LOOP ( 'NONE', ( #5555, #9303, #7630, #300 ) ) ;
#3986 = CARTESIAN_POINT ( 'NONE',  ( -66.74899981078296207, -32.64593281776478761, 1.472694617630691427 ) ) ;
#3987 = EDGE_CURVE ( 'NONE', #5729, #1589, #5559, .T. ) ;
#3988 = CARTESIAN_POINT ( 'NONE',  ( 60.49999999999996447, -18.10646878060361686, 5.585786437627060508 ) ) ;
#3989 = CARTESIAN_POINT ( 'NONE',  ( -57.01380687075860010, 42.15394664047971673, 4.627857782570271361 ) ) ;
#3990 = DIRECTION ( 'NONE',  ( -1.000000000000000000, -6.938893903907221278E-15, 0.000000000000000000 ) ) ;
#3991 = AXIS2_PLACEMENT_3D ( 'NONE', #870, #2432, #7906 ) ;
#3992 = ORIENTED_EDGE ( 'NONE', *, *, #4545, .F. ) ;
#3993 = CARTESIAN_POINT ( 'NONE',  ( 51.73464987362546452, -38.99999999999998579, 5.585786437627009882 ) ) ;
#3994 = DIRECTION ( 'NONE',  ( 0.000000000000000000, 0.000000000000000000, 1.000000000000000000 ) ) ;
#3995 = ORIENTED_EDGE ( 'NONE', *, *, #2614, .T. ) ;
#3997 = ADVANCED_FACE ( 'NONE', ( #6322 ), #8867, .T. ) ;
#3996 = CARTESIAN_POINT ( 'NONE',  ( 37.68601209364999960, 37.51768383099174287, 2.626948517074997991 ) ) ;
#3998 = CARTESIAN_POINT ( 'NONE',  ( -37.89888018739655706, 40.07926079936333963, 11.08834435682357089 ) ) ;
#3999 = EDGE_CURVE ( 'NONE', #8231, #1071, #4386, .T. ) ;
#4000 = FACE_OUTER_BOUND ( 'NONE', #539, .T. ) ;
#4001 = VECTOR ( 'NONE', #4943, 1000.000000000000000 ) ;
#4002 = EDGE_CURVE ( 'NONE', #6499, #1840, #463, .T. ) ;
#4003 = FACE_OUTER_BOUND ( 'NONE', #3128, .T. ) ;
#4004 = CARTESIAN_POINT ( 'NONE',  ( -60.49999999999998579, 13.65651987538036671, 13.49999999999999645 ) ) ;
#4005 = CARTESIAN_POINT ( 'NONE',  ( -36.15798029180207607, 40.95681552296451855, 11.63583204566431029 ) ) ;
#4006 = VERTEX_POINT ( 'NONE', #4427 ) ;
#4007 = DIRECTION ( 'NONE',  ( -0.000000000000000000, -0.000000000000000000, -1.000000000000000000 ) ) ;
#4008 = CARTESIAN_POINT ( 'NONE',  ( 65.82298571411280363, 31.75881573873823172, 1.859722930324434920 ) ) ;
#4009 = AXIS2_PLACEMENT_3D ( 'NONE', #5940, #1303, #5993 ) ;
#4010 = EDGE_LOOP ( 'NONE', ( #156, #3109, #1136, #9428 ) ) ;
#4011 = FACE_OUTER_BOUND ( 'NONE', #291, .T. ) ;
#4012 = B_SPLINE_CURVE_WITH_KNOTS ( 'NONE', 3,
 ( #2046, #4351, #8935, #368, #2651, #1899 ),
 .UNSPECIFIED., .F., .F.,
 ( 4, 2, 4 ),
 ( 0.0008129087730362236737, 0.001340382008139760772, 0.001867855243243297762 ),
 .UNSPECIFIED. ) ;
#4013 = CARTESIAN_POINT ( 'NONE',  ( -40.26243604807977761, 40.11157940148440559, 9.695178118916429000 ) ) ;
#4014 = CARTESIAN_POINT ( 'NONE',  ( -40.14624532404079105, 39.78050490957024721, 10.38158071822855000 ) ) ;
#4015 = CARTESIAN_POINT ( 'NONE',  ( 72.74453208529335768, -18.58303575079964531, 2.000000000000000000 ) ) ;
#4016 = ADVANCED_FACE ( 'NONE', ( #8866 ), #2031, .F. ) ;
#4017 = CARTESIAN_POINT ( 'NONE',  ( 54.17455421256918413, 42.02955351806916440, 5.531611967273081909 ) ) ;
#4018 = AXIS2_PLACEMENT_3D ( 'NONE', #7127, #3188, #8699 ) ;
#4019 = CIRCLE ( 'NONE', #5317, 0.9999999999999998890 ) ;
#4020 = ORIENTED_EDGE ( 'NONE', *, *, #7133, .F. ) ;
#4021 = CARTESIAN_POINT ( 'NONE',  ( 66.12340633120984990, 42.35305236897264791, 1.066431730878015793 ) ) ;
#4022 = DIRECTION ( 'NONE',  ( -0.4109068915486368545, 0.9116773148860493059, 0.000000000000000000 ) ) ;
#4023 = AXIS2_PLACEMENT_3D ( 'NONE', #500, #8153, #5799 ) ;
#4024 = CARTESIAN_POINT ( 'NONE',  ( 58.40906471276031908, 24.82685288287921921, 8.630539114133402023 ) ) ;
#4025 = AXIS2_PLACEMENT_3D ( 'NONE', #3073, #7878, #8584 ) ;
#4026 = B_SPLINE_CURVE_WITH_KNOTS ( 'NONE', 3,
 ( #8521, #2289, #3776, #3879 ),
 .UNSPECIFIED., .F., .F.,
 ( 4, 4 ),
 ( -0.01378853150712620011, 0.01365651987538036953 ),
 .UNSPECIFIED. ) ;
#4027 = ORIENTED_EDGE ( 'NONE', *, *, #6048, .F. ) ;
#4028 = VERTEX_POINT ( 'NONE', #8918 ) ;
#4029 = ORIENTED_EDGE ( 'NONE', *, *, #7052, .T. ) ;
#4030 = CARTESIAN_POINT ( 'NONE',  ( 65.49986526696098110, 41.57108301411098950, 2.103642597820682969 ) ) ;
#4031 = AXIS2_PLACEMENT_3D ( 'NONE', #6791, #6128, #8324 ) ;
#4032 = VECTOR ( 'NONE', #5568, 1000.000000000000000 ) ;
#4033 = DIRECTION ( 'NONE',  ( 1.000000000000000000, -0.000000000000000000, -0.000000000000000000 ) ) ;
#4034 = EDGE_CURVE ( 'NONE', #4395, #5587, #6914, .T. ) ;
#4035 = VERTEX_POINT ( 'NONE', #8162 ) ;
#4036 = CARTESIAN_POINT ( 'NONE',  ( -54.17455421257018600, 42.02955351806920703, 5.531611967272060504 ) ) ;
#4037 = CARTESIAN_POINT ( 'NONE',  ( -67.73503194465811816, -37.26727932535406751, 1.000000000000000000 ) ) ;
#4038 = DIRECTION ( 'NONE',  ( -0.000000000000000000, -0.000000000000000000, -1.000000000000000000 ) ) ;
#4039 = CARTESIAN_POINT ( 'NONE',  ( -64.74747142382831555, 29.91576878534420914, 2.506346171302723747 ) ) ;
#4040 = CIRCLE ( 'NONE', #3041, 1.000000000000000000 ) ;
#4041 = VECTOR ( 'NONE', #5968, 1000.000000000000000 ) ;
#4042 = VERTEX_POINT ( 'NONE', #8311 ) ;
#4043 = CARTESIAN_POINT ( 'NONE',  ( 53.41009226430268342, 42.00081370492605970, 5.999186295072451713 ) ) ;
#4044 = CARTESIAN_POINT ( 'NONE',  ( 63.37500755036755606, 33.31842994565175076, 4.124992449632551406 ) ) ;
#4045 = AXIS2_PLACEMENT_3D ( 'NONE', #3018, #6145, #1395 ) ;
#4046 = FACE_OUTER_BOUND ( 'NONE', #4804, .T. ) ;
#4047 = EDGE_CURVE ( 'NONE', #8074, #6439, #2963, .T. ) ;
#4048 = ORIENTED_EDGE ( 'NONE', *, *, #187, .F. ) ;
#4049 = CARTESIAN_POINT ( 'NONE',  ( 62.09999999999995879, 38.50000000000000000, 4.299995292108789613 ) ) ;
#4050 = ORIENTED_EDGE ( 'NONE', *, *, #9730, .F. ) ;
#4051 = CARTESIAN_POINT ( 'NONE',  ( 45.60685966408456693, 38.58578643762704985, 9.000000000000003553 ) ) ;
#4052 = CARTESIAN_POINT ( 'NONE',  ( 0.000000000000000000, -24.79228831549498580, 9.000000000000001776 ) ) ;
#4053 = CARTESIAN_POINT ( 'NONE',  ( -63.25485413707440330, -42.14035533654394072, 2.004626807398115496 ) ) ;
#4054 = ORIENTED_EDGE ( 'NONE', *, *, #4600, .T. ) ;
#4055 = VERTEX_POINT ( 'NONE', #5860 ) ;
#4056 = CARTESIAN_POINT ( 'NONE',  ( -64.82492025385852230, 42.49616654839249463, 1.192483504346341761 ) ) ;
#4057 = EDGE_LOOP ( 'NONE', ( #1711, #4252, #9585, #5585 ) ) ;
#4058 = FACE_OUTER_BOUND ( 'NONE', #7925, .T. ) ;
#4059 = EDGE_CURVE ( 'NONE', #5924, #9354, #4467, .T. ) ;
#4060 = ORIENTED_EDGE ( 'NONE', *, *, #9468, .F. ) ;
#4061 = ORIENTED_EDGE ( 'NONE', *, *, #4525, .F. ) ;
#4062 = CARTESIAN_POINT ( 'NONE',  ( -45.28558440016238507, 38.56942981417387273, 9.014539220847218814 ) ) ;
#4063 = CARTESIAN_POINT ( 'NONE',  ( 67.88286032224561950, 35.45584103235401585, 2.005097396529850862 ) ) ;
#4064 = EDGE_CURVE ( 'NONE', #5275, #9616, #3511, .T. ) ;
#4066 = VERTEX_POINT ( 'NONE', #9012 ) ;
#4065 = ADVANCED_FACE ( 'NONE', ( #5097 ), #6975, .T. ) ;
#4067 = CARTESIAN_POINT ( 'NONE',  ( 54.50000000000001421, 34.00000000000000000, 2.000000000000000000 ) ) ;
#4068 = CARTESIAN_POINT ( 'NONE',  ( -40.30787623509185380, 39.65066660862865433, 10.33075014826696503 ) ) ;
#4069 = CARTESIAN_POINT ( 'NONE',  ( -41.39819992550023642, 43.91084111459833395, 5.954766520492262849 ) ) ;
#4070 = CARTESIAN_POINT ( 'NONE',  ( 62.25035966970720125, 26.13219548804826786, 5.249640330292912438 ) ) ;
#4071 = EDGE_LOOP ( 'NONE', ( #6678, #9855, #2766, #9126, #4054 ) ) ;
#4072 = B_SPLINE_CURVE_WITH_KNOTS ( 'NONE', 3,
 ( #3222, #2401, #4818, #7254 ),
 .UNSPECIFIED., .F., .F.,
 ( 4, 4 ),
 ( 0.000000000000000000, 0.001516253636686045207 ),
 .UNSPECIFIED. ) ;
#4073 = EDGE_CURVE ( 'NONE', #2002, #2104, #3161, .T. ) ;
#4074 = CARTESIAN_POINT ( 'NONE',  ( -43.06767997638421264, 38.47443863772802075, 8.414547187247489290 ) ) ;
#4075 = CARTESIAN_POINT ( 'NONE',  ( 65.26482898242984731, 41.60435857028633677, 2.133492534980713007 ) ) ;
#4076 = CARTESIAN_POINT ( 'NONE',  ( -52.91564572605937400, -38.74989582414976041, 6.250104175850329291 ) ) ;
#4077 = CARTESIAN_POINT ( 'NONE',  ( -72.74453208529335768, -18.58303575079967374, 0.000000000000000000 ) ) ;
#4078 = CARTESIAN_POINT ( 'NONE',  ( -67.87618796401143584, 37.42037800267575420, 2.032565609254244343 ) ) ;
#4079 = CARTESIAN_POINT ( 'NONE',  ( -42.92498508384737477, 35.22753664193493961, 1.709461260674559835 ) ) ;
#4080 = ORIENTED_EDGE ( 'NONE', *, *, #7038, .T. ) ;
#4081 = CARTESIAN_POINT ( 'NONE',  ( -44.63241437925177024, 38.52506773273599805, 9.053972183616734171 ) ) ;
#4082 = B_SPLINE_CURVE_WITH_KNOTS ( 'NONE', 3,
 ( #1373, #5258, #10033, #1429, #1518, #2327, #8510, #4638, #9167, #3767 ),
 .UNSPECIFIED., .F., .F.,
 ( 4, 2, 2, 2, 4 ),
 ( 0.000000000000000000, 0.0005445840119696721904, 0.001089168023939344381, 0.001633752035909016680, 0.002178336047878688762 ),
 .UNSPECIFIED. ) ;
#4083 =( BOUNDED_SURFACE ( )  B_SPLINE_SURFACE ( 3, 2, ( 
 ( #8886, #7418, #8136 ),
 ( #6698, #2954, #8373 ),
 ( #576, #4356, #4493 ),
 ( #1384, #5930, #2807 ),
 ( #9798, #6796, #3533 ),
 ( #9941, #5314, #1292 ) ),
 .UNSPECIFIED., .F., .F., .T. ) 
 B_SPLINE_SURFACE_WITH_KNOTS ( ( 4, 2, 4 ),
 ( 3, 3 ),
 ( 0.000000000000000000, 0.001086489534751074962, 0.002172979069502149925 ),
 ( 0.000000000000000000, 1.000000000000000000 ),
 .UNSPECIFIED. ) 
 GEOMETRIC_REPRESENTATION_ITEM ( )  RATIONAL_B_SPLINE_SURFACE ( (
 ( 1.000000000000000000, 0.8816730269542019105, 1.000000000000000000),
 ( 1.000000000000000000, 0.8671697086655864029, 1.000000000000000000),
 ( 1.000000000000000000, 0.8506820082112098724, 1.000000000000000000),
 ( 1.000000000000000000, 0.8129887792771171018, 1.000000000000000000),
 ( 1.000000000000000000, 0.7922219648724373453, 1.000000000000000000),
 ( 1.000000000000000000, 0.7700578284497343606, 1.000000000000000000) ) ) 
 REPRESENTATION_ITEM ( '' )  SURFACE ( )  );
#4084 = CARTESIAN_POINT ( 'NONE',  ( -58.79289321881355335, 26.51527793154721380, 8.707106781186542577 ) ) ;
#4085 = ORIENTED_EDGE ( 'NONE', *, *, #232, .T. ) ;
#4086 = DIRECTION ( 'NONE',  ( -0.000000000000000000, -1.000000000000000000, -0.000000000000000000 ) ) ;
#4087 = CARTESIAN_POINT ( 'NONE',  ( -53.49999999999997158, 41.70958227955244979, 6.290417720447662120 ) ) ;
#4088 = DIRECTION ( 'NONE',  ( 0.9497230531573094270, -0.3057419225664790297, -0.06743885443059864648 ) ) ;
#4089 = CARTESIAN_POINT ( 'NONE',  ( -45.76767997638421548, 35.00000000000000711, 17.00000000000000000 ) ) ;
#4090 = CARTESIAN_POINT ( 'NONE',  ( 37.25181215993205086, 38.00000000000000711, 3.597354212780502714 ) ) ;
#4091 = EDGE_LOOP ( 'NONE', ( #298, #9341, #4303, #6560, #1129 ) ) ;
#4092 = DIRECTION ( 'NONE',  ( -0.9539392014169457701, 0.000000000000000000, 0.2999999999999994893 ) ) ;
#4093 = DIRECTION ( 'NONE',  ( -0.9990416370981196614, 0.04376993653535539430, 0.000000000000000000 ) ) ;
#4094 = AXIS2_PLACEMENT_3D ( 'NONE', #9914, #5947, #2072 ) ;
#4095 = CARTESIAN_POINT ( 'NONE',  ( -64.34853911115723690, 31.03385644089980389, 3.151460888843655272 ) ) ;
#4096 = ORIENTED_EDGE ( 'NONE', *, *, #1182, .F. ) ;
#4097 = CARTESIAN_POINT ( 'NONE',  ( 60.88823345273610244, 41.71353785009940651, 3.479642162519844817 ) ) ;
#4098 = ORIENTED_EDGE ( 'NONE', *, *, #5328, .T. ) ;
#4099 = ORIENTED_EDGE ( 'NONE', *, *, #9459, .F. ) ;
#4100 = CARTESIAN_POINT ( 'NONE',  ( 37.04569807186233987, 36.50000000000001421, 1.996871942267131494 ) ) ;
#4101 = DIRECTION ( 'NONE',  ( 0.000000000000000000, 1.000000000000000000, 0.000000000000000000 ) ) ;
#4102 = VECTOR ( 'NONE', #9613, 1000.000000000000114 ) ;
#4103 = VECTOR ( 'NONE', #9528, 1000.000000000000000 ) ;
#4104 = ADVANCED_FACE ( 'NONE', ( #5200 ), #7397, .T. ) ;
#4105 = CARTESIAN_POINT ( 'NONE',  ( -58.90223632457837510, 25.80654711205844265, 8.597763675421727925 ) ) ;
#4106 = EDGE_LOOP ( 'NONE', ( #6127, #6927, #3477, #3893, #7429 ) ) ;
#4107 = LINE ( 'NONE', #7218, #8874 ) ;
#4108 = ORIENTED_EDGE ( 'NONE', *, *, #10023, .F. ) ;
#4109 = CARTESIAN_POINT ( 'NONE',  ( -38.46551931873284502, 37.32215109695199118, 3.554094482563465718 ) ) ;
#4110 = CARTESIAN_POINT ( 'NONE',  ( -40.30787623509186091, 39.65066660862863301, 10.33075014826696858 ) ) ;
#4111 = VERTEX_POINT ( 'NONE', #2636 ) ;
#4112 = CARTESIAN_POINT ( 'NONE',  ( -40.27566594836109459, 39.10777849492976799, 10.34087981481686747 ) ) ;
#4113 = DIRECTION ( 'NONE',  ( -0.9754895892494748200, 0.000000000000000000, 0.2200455890625645783 ) ) ;
#4114 = DIRECTION ( 'NONE',  ( -1.000000000000000000, 0.000000000000000000, 0.000000000000000000 ) ) ;
#4115 = EDGE_CURVE ( 'NONE', #5420, #4830, #899, .T. ) ;
#4116 = CARTESIAN_POINT ( 'NONE',  ( 53.47989272251118820, 42.00227332662518620, 5.583310939261123984 ) ) ;
#4117 = EDGE_CURVE ( 'NONE', #4284, #158, #9161, .T. ) ;
#4118 = CARTESIAN_POINT ( 'NONE',  ( 67.58979344525567967, 34.92984995866714826, 1.265377196653022951 ) ) ;
#4119 = CARTESIAN_POINT ( 'NONE',  ( 37.69181867948843490, 37.92484239345535002, 9.966801703034699145 ) ) ;
#4120 = CARTESIAN_POINT ( 'NONE',  ( -45.28558440016236375, 36.00000000000001421, 9.014539220847220591 ) ) ;
#4121 = EDGE_CURVE ( 'NONE', #7515, #8011, #63, .T. ) ;
#4122 = DIRECTION ( 'NONE',  ( 1.000000000000000000, 0.000000000000000000, 0.000000000000000000 ) ) ;
#4123 = ORIENTED_EDGE ( 'NONE', *, *, #9217, .T. ) ;
#4124 = ADVANCED_FACE ( 'NONE', ( #6967 ), #9184, .T. ) ;
#4125 = ORIENTED_EDGE ( 'NONE', *, *, #5007, .T. ) ;
#4126 = CARTESIAN_POINT ( 'NONE',  ( -53.49999999999997868, 34.00000000000000711, 2.000000000000000000 ) ) ;
#4127 = CARTESIAN_POINT ( 'NONE',  ( 45.58678439934140414, 39.29289321881368124, 8.707106781186464417 ) ) ;
#4128 = CONICAL_SURFACE ( 'NONE', #4299, 8.000000000000055067, 0.7853981633974430610 ) ;
#4129 = VERTEX_POINT ( 'NONE', #9298 ) ;
#4130 = DIRECTION ( 'NONE',  ( -0.9522476391635357196, 0.05952590817849821858, -0.2994680282818151240 ) ) ;
#4131 = CARTESIAN_POINT ( 'NONE',  ( -41.45040878927937911, 39.24440577394009466, 9.738735459798096628 ) ) ;
#4132 = CARTESIAN_POINT ( 'NONE',  ( -37.69110759930016030, 37.52566247538328525, 2.639606468273415718 ) ) ;
#4133 = CARTESIAN_POINT ( 'NONE',  ( 54.50000000000001421, 27.22994939107031342, 8.000000000000000000 ) ) ;
#4134 = VERTEX_POINT ( 'NONE', #2307 ) ;
#4135 = CIRCLE ( 'NONE', #9824, 8.000000000000000000 ) ;
#4136 = ORIENTED_EDGE ( 'NONE', *, *, #8912, .T. ) ;
#4137 = FACE_OUTER_BOUND ( 'NONE', #3236, .T. ) ;
#4138 = CARTESIAN_POINT ( 'NONE',  ( -37.24420606851143845, 37.95904825039485786, 3.179374527978598763 ) ) ;
#4139 = CARTESIAN_POINT ( 'NONE',  ( -64.49437950966490973, 30.46056692460983584, 3.005620490333976047 ) ) ;
#4140 = ORIENTED_EDGE ( 'NONE', *, *, #7679, .F. ) ;
#4141 = CARTESIAN_POINT ( 'NONE',  ( 66.81240810977480749, 40.77269662907404069, 2.019899176900580962 ) ) ;
#4142 = ORIENTED_EDGE ( 'NONE', *, *, #6812, .F. ) ;
#4143 = ORIENTED_EDGE ( 'NONE', *, *, #7526, .T. ) ;
#4144 = AXIS2_PLACEMENT_3D ( 'NONE', #8563, #3053, #4698 ) ;
#4145 = CARTESIAN_POINT ( 'NONE',  ( 37.65096298018321619, 37.46270475923518717, 2.547202481810534991 ) ) ;
#4146 = DIRECTION ( 'NONE',  ( 0.000000000000000000, 0.000000000000000000, 1.000000000000000000 ) ) ;
#4147 = CARTESIAN_POINT ( 'NONE',  ( -68.99999999999997158, -38.49999999999999289, 0.000000000000000000 ) ) ;
#4148 = CARTESIAN_POINT ( 'NONE',  ( -58.79289321881541497, 26.51778977381760782, 8.707106781184691613 ) ) ;
#4149 = ORIENTED_EDGE ( 'NONE', *, *, #2619, .F. ) ;
#4150 = PLANE ( 'NONE',  #5617 ) ;
#4151 = AXIS2_PLACEMENT_3D ( 'NONE', #6022, #9121, #7705 ) ;
#4152 = ORIENTED_EDGE ( 'NONE', *, *, #4221, .F. ) ;
#4153 = ADVANCED_FACE ( 'NONE', ( #120 ), #454, .T. ) ;
#4154 = CARTESIAN_POINT ( 'NONE',  ( 43.98382666655747641, 36.08237709950272176, 9.174717218912942229 ) ) ;
#4155 = CARTESIAN_POINT ( 'NONE',  ( -62.09999999999922693, 38.68465529069037245, 4.219706308805553974 ) ) ;
#4156 = EDGE_CURVE ( 'NONE', #8982, #4920, #7406, .T. ) ;
#4157 = ORIENTED_EDGE ( 'NONE', *, *, #631, .F. ) ;
#4158 = DIRECTION ( 'NONE',  ( 0.000000000000000000, 0.000000000000000000, -1.000000000000000000 ) ) ;
#4159 = CARTESIAN_POINT ( 'NONE',  ( 53.50000000000001421, -30.99999999999998579, 9.000000000000001776 ) ) ;
#4160 = AXIS2_PLACEMENT_3D ( 'NONE', #3503, #6563, #6665 ) ;
#4161 = DIRECTION ( 'NONE',  ( 0.000000000000000000, 1.000000000000000000, 0.000000000000000000 ) ) ;
#4162 = CARTESIAN_POINT ( 'NONE',  ( 53.74596825138365830, 42.01077634239955216, 5.568068019574950789 ) ) ;
#4163 = ORIENTED_EDGE ( 'NONE', *, *, #8978, .T. ) ;
#4164 = CIRCLE ( 'NONE', #9370, 0.9999999999999991118 ) ;
#4165 = DIRECTION ( 'NONE',  ( 1.000000000000000000, 0.000000000000000000, 0.000000000000000000 ) ) ;
#4166 =( BOUNDED_CURVE ( )  B_SPLINE_CURVE ( 3, ( #10026, #9165, #8357, #7599 ),
 .UNSPECIFIED., .F., .T. ) 
 B_SPLINE_CURVE_WITH_KNOTS ( ( 4, 4 ),
 ( 3.141592653589789119, 3.649924616085652662 ),
 .UNSPECIFIED. ) 
 CURVE ( )  GEOMETRIC_REPRESENTATION_ITEM ( )  RATIONAL_B_SPLINE_CURVE ( ( 1.000000000000000000, 0.9785822243453271563, 0.9785822243453271563, 1.000000000000000000 ) ) 
 REPRESENTATION_ITEM ( '' )  );
#4167 = FACE_OUTER_BOUND ( 'NONE', #8238, .T. ) ;
#4168 = CARTESIAN_POINT ( 'NONE',  ( -65.30953136592380304, 35.60021028344640115, 2.794396170104803900 ) ) ;
#4169 = EDGE_CURVE ( 'NONE', #9689, #6573, #401, .T. ) ;
#4170 = CARTESIAN_POINT ( 'NONE',  ( -66.67563631980935668, 42.13211273554879455, 1.039062270807453281 ) ) ;
#4171 = FACE_OUTER_BOUND ( 'NONE', #8642, .T. ) ;
#4172 = EDGE_CURVE ( 'NONE', #2033, #8995, #7080, .T. ) ;
#4173 = CARTESIAN_POINT ( 'NONE',  ( -44.07263290376686626, 35.05675795640429016, 1.063117606552026917 ) ) ;
#4174 = ORIENTED_EDGE ( 'NONE', *, *, #5469, .F. ) ;
#4175 = AXIS2_PLACEMENT_3D ( 'NONE', #815, #6016, #9114 ) ;
#4176 = CARTESIAN_POINT ( 'NONE',  ( 62.78302708988258019, -40.37935309253307992, 2.321562668056867285 ) ) ;
#4177 = ORIENTED_EDGE ( 'NONE', *, *, #1442, .T. ) ;
#4178 = DIRECTION ( 'NONE',  ( -1.000000000000000000, 0.000000000000000000, -0.000000000000000000 ) ) ;
#4179 = AXIS2_PLACEMENT_3D ( 'NONE', #2823, #7536, #6719 ) ;
#4180 = CARTESIAN_POINT ( 'NONE',  ( -53.78973818791902772, 41.01173470530144982, 5.568068019574938354 ) ) ;
#4181 = VECTOR ( 'NONE', #8095, 1000.000000000000000 ) ;
#4182 = ADVANCED_FACE ( 'NONE', ( #3129 ), #7829, .T. ) ;
#4183 = ORIENTED_EDGE ( 'NONE', *, *, #1194, .F. ) ;
#4184 = CARTESIAN_POINT ( 'NONE',  ( -39.99597031742819553, 36.18335274534058499, 10.42884002145335209 ) ) ;
#4185 = CARTESIAN_POINT ( 'NONE',  ( 6.352246353575158544, -19.73191883757087339, 0.000000000000000000 ) ) ;
#4186 = EDGE_CURVE ( 'NONE', #4858, #1473, #2993, .T. ) ;
#4187 = CARTESIAN_POINT ( 'NONE',  ( 38.69442713054724692, 37.14383827299129592, 10.83815641760197934 ) ) ;
#4188 = CARTESIAN_POINT ( 'NONE',  ( -64.94526521379211204, 30.54120101452937419, 2.637450083679377055 ) ) ;
#4189 = EDGE_LOOP ( 'NONE', ( #5991, #4098, #8879, #6286, #1625, #7940, #7009, #6566, #8596, #7713, #9416 ) ) ;
#4190 = CIRCLE ( 'NONE', #8262, 0.9999999999999995559 ) ;
#4191 = VECTOR ( 'NONE', #3212, 1000.000000000000000 ) ;
#4192 = CARTESIAN_POINT ( 'NONE',  ( 53.40453723780447604, 42.00075782659261137, 5.584961215913993193 ) ) ;
#4193 = EDGE_CURVE ( 'NONE', #1053, #4028, #6755, .T. ) ;
#4194 = CARTESIAN_POINT ( 'NONE',  ( 64.09097817524620666, 31.74777665077886013, 3.409021824753879493 ) ) ;
#4195 = B_SPLINE_CURVE_WITH_KNOTS ( 'NONE', 3,
 ( #9239, #2252, #5471, #8378 ),
 .UNSPECIFIED., .F., .F.,
 ( 4, 4 ),
 ( 0.0004204788002624020894, 0.001654704447963753879 ),
 .UNSPECIFIED. ) ;
#4196 = CARTESIAN_POINT ( 'NONE',  ( -53.49999999999994316, -36.29289321881357466, 8.707106781186544353 ) ) ;
#4197 = EDGE_LOOP ( 'NONE', ( #3209, #3308, #7787, #3848 ) ) ;
#4198 = CARTESIAN_POINT ( 'NONE',  ( 37.25181215987186789, 38.00000000000000711, 3.597354261458655333 ) ) ;
#4199 = VECTOR ( 'NONE', #6263, 1000.000000000000000 ) ;
#4200 = ORIENTED_EDGE ( 'NONE', *, *, #7424, .F. ) ;
#4201 = AXIS2_PLACEMENT_3D ( 'NONE', #8751, #6304, #7994 ) ;
#4202 = ORIENTED_EDGE ( 'NONE', *, *, #4156, .T. ) ;
#4203 = CARTESIAN_POINT ( 'NONE',  ( -37.04569807186452124, 36.50000000000000711, 1.996871942267131494 ) ) ;
#4204 = CARTESIAN_POINT ( 'NONE',  ( -65.02116807929694176, -41.39992274249139825, 2.000000000000000000 ) ) ;
#4205 = DIRECTION ( 'NONE',  ( -1.000000000000000000, 0.000000000000000000, 0.000000000000000000 ) ) ;
#4206 = CARTESIAN_POINT ( 'NONE',  ( 41.58639276567338072, 43.39297407133711459, 6.292893218401792055 ) ) ;
#4207 = VERTEX_POINT ( 'NONE', #8590 ) ;
#4208 = ORIENTED_EDGE ( 'NONE', *, *, #7870, .F. ) ;
#4209 = DIRECTION ( 'NONE',  ( 0.000000000000000000, 0.000000000000000000, 1.000000000000000000 ) ) ;
#4210 = AXIS2_PLACEMENT_3D ( 'NONE', #693, #6962, #8583 ) ;
#4211 = CARTESIAN_POINT ( 'NONE',  ( -42.76721222244307086, 42.84441858070980658, 5.585786437627019652 ) ) ;
#4212 = ORIENTED_EDGE ( 'NONE', *, *, #6165, .T. ) ;
#4213 = VERTEX_POINT ( 'NONE', #3178 ) ;
#4214 = CARTESIAN_POINT ( 'NONE',  ( 64.99999999999998579, 38.49999999999999289, 2.000000000000000000 ) ) ;
#4215 = CARTESIAN_POINT ( 'NONE',  ( -40.49710225669183927, 39.50420069622840202, 10.27124131752015757 ) ) ;
#4216 = ORIENTED_EDGE ( 'NONE', *, *, #8658, .T. ) ;
#4217 = CARTESIAN_POINT ( 'NONE',  ( 37.25181215987186789, 37.00000000000002132, 12.00000000000000000 ) ) ;
#4218 = CARTESIAN_POINT ( 'NONE',  ( 40.85531006843628887, 44.32814471460885386, 5.836858551729484645 ) ) ;
#4219 = CARTESIAN_POINT ( 'NONE',  ( -41.80324188098716576, 43.59532468756253110, 5.585786436706546176 ) ) ;
#4220 = CARTESIAN_POINT ( 'NONE',  ( -65.34296203775666356, -30.99999999999996803, 2.836880822585388540 ) ) ;
#4221 = EDGE_CURVE ( 'NONE', #4882, #4395, #8099, .T. ) ;
#4222 = CARTESIAN_POINT ( 'NONE',  ( 0.000000000000000000, 41.00000000000000711, 12.00000000000000000 ) ) ;
#4223 = DIRECTION ( 'NONE',  ( 0.000000000000000000, 0.4266572361714853767, 0.9044134026110566271 ) ) ;
#4224 = DIRECTION ( 'NONE',  ( -0.000000000000000000, 0.000000000000000000, 1.000000000000000000 ) ) ;
#4225 = CARTESIAN_POINT ( 'NONE',  ( 68.64670925954415281, -36.85637243380539729, 0.000000000000000000 ) ) ;
#4226 = CARTESIAN_POINT ( 'NONE',  ( 59.46199940053618604, -21.80568766229460209, 8.038000599463945406 ) ) ;
#4227 = CARTESIAN_POINT ( 'NONE',  ( -53.25379579564053500, 42.00000000000000711, 5.585786437627013434 ) ) ;
#4228 = VERTEX_POINT ( 'NONE', #5535 ) ;
#4229 = DIRECTION ( 'NONE',  ( -0.000000000000000000, 0.000000000000000000, 1.000000000000000000 ) ) ;
#4230 = EDGE_LOOP ( 'NONE', ( #5302, #4061, #7992, #5018 ) ) ;
#4231 = EDGE_CURVE ( 'NONE', #3782, #3530, #1651, .T. ) ;
#4232 = CARTESIAN_POINT ( 'NONE',  ( -40.46948875295623793, 43.36668606446765040, 5.452194488184177956 ) ) ;
#4233 =( BOUNDED_SURFACE ( )  B_SPLINE_SURFACE ( 3, 2, ( 
 ( #9385, #1081, #9582 ),
 ( #935, #8070, #5674 ),
 ( #7203, #4043, #4192 ),
 ( #9487, #102, #5715 ) ),
 .UNSPECIFIED., .F., .F., .T. ) 
 B_SPLINE_SURFACE_WITH_KNOTS ( ( 4, 4 ),
 ( 3, 3 ),
 ( 3.141592653589793116, 3.161701286229270824 ),
 ( 0.000000000000000000, 1.000000000000000000 ),
 .UNSPECIFIED. ) 
 GEOMETRIC_REPRESENTATION_ITEM ( )  RATIONAL_B_SPLINE_SURFACE ( (
 ( 1.000000000000000000, 0.9238795325112878487, 1.000000000000000000),
 ( 1.000000000000000000, 0.9238795325465757324, 1.000000000000000000),
 ( 1.000000000000000000, 0.9238666373182418123, 1.000000000000000000),
 ( 1.000000000000000000, 0.9238408478135531343, 1.000000000000000000) ) ) 
 REPRESENTATION_ITEM ( '' )  SURFACE ( )  );
#4234 = B_SPLINE_CURVE_WITH_KNOTS ( 'NONE', 3,
 ( #3210, #3262, #5762, #4131 ),
 .UNSPECIFIED., .F., .F.,
 ( 4, 4 ),
 ( 0.000000000000000000, 0.001916463571803486048 ),
 .UNSPECIFIED. ) ;
#4235 = CARTESIAN_POINT ( 'NONE',  ( -68.52776181374775888, 36.61329844107535791, 1.976779065907786403 ) ) ;
#4236 = VERTEX_POINT ( 'NONE', #1097 ) ;
#4237 = FACE_OUTER_BOUND ( 'NONE', #424, .T. ) ;
#4238 = DIRECTION ( 'NONE',  ( 0.000000000000000000, 0.000000000000000000, -1.000000000000000000 ) ) ;
#4239 = FACE_OUTER_BOUND ( 'NONE', #3476, .T. ) ;
#4240 = LINE ( 'NONE', #7352, #5823 ) ;
#4241 = CARTESIAN_POINT ( 'NONE',  ( -64.85702245494073281, 30.81058620712079588, 2.833649698248602800 ) ) ;
#4242 = B_SPLINE_CURVE_WITH_KNOTS ( 'NONE', 3,
 ( #2933, #6060, #7496, #7647 ),
 .UNSPECIFIED., .F., .F.,
 ( 4, 4 ),
 ( 0.000000000000000000, 0.001857902937490135903 ),
 .UNSPECIFIED. ) ;
#4243 = ADVANCED_FACE ( 'NONE', ( #266 ), #6451, .F. ) ;
#4244 = ORIENTED_EDGE ( 'NONE', *, *, #9131, .T. ) ;
#4245 = LINE ( 'NONE', #2843, #3318 ) ;
#4246 = CARTESIAN_POINT ( 'NONE',  ( 63.58241418612030316, 32.90001642370141610, 3.917585813879767898 ) ) ;
#4247 = ADVANCED_FACE ( 'NONE', ( #8139 ), #8891, .T. ) ;
#4248 = DIRECTION ( 'NONE',  ( 0.000000000000000000, 1.000000000000000000, 0.000000000000000000 ) ) ;
#4249 = VERTEX_POINT ( 'NONE', #3387 ) ;
#4250 = AXIS2_PLACEMENT_3D ( 'NONE', #3558, #6667, #9770 ) ;
#4251 = CARTESIAN_POINT ( 'NONE',  ( 51.73464987362545742, -38.70710678118653902, 6.292893218813554235 ) ) ;
#4252 = ORIENTED_EDGE ( 'NONE', *, *, #7166, .F. ) ;
#4253 = ORIENTED_EDGE ( 'NONE', *, *, #2103, .T. ) ;
#4254 = DIRECTION ( 'NONE',  ( 0.000000000000000000, 0.3003870635238867215, -0.9538173892666753639 ) ) ;
#4255 = CARTESIAN_POINT ( 'NONE',  ( -45.59855840065625898, 39.00000000000264322, 8.999999999999687361 ) ) ;
#4256 = CARTESIAN_POINT ( 'NONE',  ( -53.25379579564057764, 42.00000000000000711, 6.000000000000104805 ) ) ;
#4257 = APPLICATION_CONTEXT ( 'automotive_design' ) ;
#4258 = EDGE_CURVE ( 'NONE', #8570, #986, #1144, .T. ) ;
#4259 = CARTESIAN_POINT ( 'NONE',  ( 43.36767997638425953, 38.47443863772738837, 9.368486388664434728 ) ) ;
#4260 = ADVANCED_FACE ( 'NONE', ( #3484 ), #4973, .T. ) ;
#4261 = DIRECTION ( 'NONE',  ( -0.000000000000000000, 1.000000000000000000, -0.000000000000000000 ) ) ;
#4262 = TOROIDAL_SURFACE ( 'NONE', #833, 4.585786437627036527, 1.000000000000000000 ) ;
#4263 = ORIENTED_EDGE ( 'NONE', *, *, #8911, .F. ) ;
#4264 = FACE_OUTER_BOUND ( 'NONE', #625, .T. ) ;
#4265 = ORIENTED_EDGE ( 'NONE', *, *, #1134, .F. ) ;
#4266 = CARTESIAN_POINT ( 'NONE',  ( 39.98004941782158994, 40.15984271360918711, 10.02296742445348166 ) ) ;
#4267 = DIRECTION ( 'NONE',  ( -0.000000000000000000, -1.000000000000000000, -0.000000000000000000 ) ) ;
#4268 = VERTEX_POINT ( 'NONE', #4211 ) ;
#4269 = LINE ( 'NONE', #389, #8753 ) ;
#4270 = CARTESIAN_POINT ( 'NONE',  ( 41.08401631062693582, 44.15558141929021474, 5.452194488184177956 ) ) ;
#4271 = CIRCLE ( 'NONE', #3113, 11.24453208529339854 ) ;
#4272 = DIRECTION ( 'NONE',  ( -0.000000000000000000, -0.000000000000000000, -1.000000000000000000 ) ) ;
#4273 = B_SPLINE_CURVE_WITH_KNOTS ( 'NONE', 3,
 ( #6906, #4605, #4556, #4660, #3888, #6239, #7010, #2916 ),
 .UNSPECIFIED., .F., .F.,
 ( 4, 2, 2, 4 ),
 ( 0.000000000000000000, 0.003424870475858160165, 0.005137305713787240248, 0.006849740951716320331 ),
 .UNSPECIFIED. ) ;
#4274 = CARTESIAN_POINT ( 'NONE',  ( 53.49999999999998579, 41.70958227955244269, 6.290417720447668337 ) ) ;
#4275 = CIRCLE ( 'NONE', #2121, 2.000000000000000000 ) ;
#4276 = CARTESIAN_POINT ( 'NONE',  ( 67.93514730988886186, 37.59734064362069716, 2.023934466799385046 ) ) ;
#4277 = CARTESIAN_POINT ( 'NONE',  ( -38.62590607993755043, 45.00000000000001421, 5.452194488184173515 ) ) ;
#4278 = DIRECTION ( 'NONE',  ( -1.000000000000000000, 0.000000000000000000, 0.000000000000000000 ) ) ;
#4279 = DIRECTION ( 'NONE',  ( -0.000000000000000000, 0.000000000000000000, 1.000000000000000000 ) ) ;
#4280 = CARTESIAN_POINT ( 'NONE',  ( 61.20330729166042261, -40.64498851083798314, 2.602180568201613475 ) ) ;
#4281 = CARTESIAN_POINT ( 'NONE',  ( -44.57269708956047793, 35.00000000000001421, 0.5644459559698142836 ) ) ;
#4282 = VERTEX_POINT ( 'NONE', #4883 ) ;
#4283 = CARTESIAN_POINT ( 'NONE',  ( -66.35572746298898039, -31.77338118754122576, 2.400069237978456282 ) ) ;
#4284 = VERTEX_POINT ( 'NONE', #7321 ) ;
#4285 = ORIENTED_EDGE ( 'NONE', *, *, #5250, .T. ) ;
#4286 = CARTESIAN_POINT ( 'NONE',  ( 64.39508311017347353, -41.47862364522305256, 2.006375433074490289 ) ) ;
#4287 = CARTESIAN_POINT ( 'NONE',  ( -67.87618796401143584, 37.42037800267575420, 2.032565609254245231 ) ) ;
#4288 = ORIENTED_EDGE ( 'NONE', *, *, #6242, .F. ) ;
#4289 = CARTESIAN_POINT ( 'NONE',  ( -64.75116164248719031, -41.40189366315814112, 1.999999999999943157 ) ) ;
#4290 = DIRECTION ( 'NONE',  ( -0.3000000000000017653, 0.000000000000000000, 0.9539392014169451040 ) ) ;
#4291 = ADVANCED_FACE ( 'NONE', ( #4264 ), #8842, .T. ) ;
#4292 = ADVANCED_FACE ( 'NONE', ( #4058 ), #4150, .T. ) ;
#4293 = FACE_OUTER_BOUND ( 'NONE', #2805, .T. ) ;
#4294 = CARTESIAN_POINT ( 'NONE',  ( -37.77655857875704015, 37.65878070224427887, 2.898674589254734979 ) ) ;
#4295 = CARTESIAN_POINT ( 'NONE',  ( -64.81144986389345775, 29.94332968488718194, 2.303591397815579978 ) ) ;
#4296 =( BOUNDED_SURFACE ( )  B_SPLINE_SURFACE ( 2, 3, ( 
 ( #8554, #5548, #8654, #7129 ),
 ( #6926, #8502, #3907, #10018 ),
 ( #26, #10071, #3038, #7895 ) ),
 .UNSPECIFIED., .F., .F., .T. ) 
 B_SPLINE_SURFACE_WITH_KNOTS ( ( 3, 3 ),
 ( 4, 4 ),
 ( 0.000000000000000000, 1.000000000000000000 ),
 ( -0.01378853150712617930, 0.01365651987538038514 ),
 .UNSPECIFIED. ) 
 GEOMETRIC_REPRESENTATION_ITEM ( )  RATIONAL_B_SPLINE_SURFACE ( (
 ( 1.000000000000000000, 1.000000000000000000, 1.000000000000000000, 1.000000000000000000),
 ( 0.7071067811865475727, 0.7071067811865475727, 0.7071067811865475727, 0.7071067811865475727),
 ( 1.000000000000000000, 1.000000000000000000, 1.000000000000000000, 1.000000000000000000) ) ) 
 REPRESENTATION_ITEM ( '' )  SURFACE ( )  );
#4297 = DIRECTION ( 'NONE',  ( -0.000000000000000000, -0.000000000000000000, -1.000000000000000000 ) ) ;
#4298 = CARTESIAN_POINT ( 'NONE',  ( 44.64691161143142040, 35.01426497987444719, 0.7336040073327753097 ) ) ;
#4299 = AXIS2_PLACEMENT_3D ( 'NONE', #9058, #2830, #9158 ) ;
#4300 = DIRECTION ( 'NONE',  ( -0.2876879592904236782, 0.9134939934989290133, 0.2876879592904267313 ) ) ;
#4301 = EDGE_LOOP ( 'NONE', ( #9275, #2243, #199, #1075 ) ) ;
#4302 = CARTESIAN_POINT ( 'NONE',  ( 69.02081528017141920, -30.99999999999998579, 10.49999999999999822 ) ) ;
#4303 = ORIENTED_EDGE ( 'NONE', *, *, #9459, .T. ) ;
#4304 = EDGE_CURVE ( 'NONE', #5046, #4335, #8035, .T. ) ;
#4305 = ORIENTED_EDGE ( 'NONE', *, *, #3726, .T. ) ;
#4306 = CARTESIAN_POINT ( 'NONE',  ( 64.83345181700930482, 30.09410233065483098, 2.441383521727745087 ) ) ;
#4307 = FACE_OUTER_BOUND ( 'NONE', #7922, .T. ) ;
#4308 = FACE_OUTER_BOUND ( 'NONE', #9028, .T. ) ;
#4309 = AXIS2_PLACEMENT_3D ( 'NONE', #475, #6687, #5015 ) ;
#4310 = DIRECTION ( 'NONE',  ( -1.000000000000000000, 0.000000000000000000, -0.000000000000000000 ) ) ;
#4311 = CYLINDRICAL_SURFACE ( 'NONE', #6089, 1.000000000000000000 ) ;
#4312 = CARTESIAN_POINT ( 'NONE',  ( 45.26064967848764553, 38.98395542844784245, 9.016044571552237485 ) ) ;
#4313 = AXIS2_PLACEMENT_3D ( 'NONE', #9371, #1673, #6623 ) ;
#4314 = VERTEX_POINT ( 'NONE', #7266 ) ;
#4315 = LINE ( 'NONE', #8290, #7445 ) ;
#4316 = PLANE ( 'NONE',  #750 ) ;
#4317 = EDGE_CURVE ( 'NONE', #1759, #624, #2710, .T. ) ;
#4318 = ORIENTED_EDGE ( 'NONE', *, *, #3055, .F. ) ;
#4319 = LINE ( 'NONE', #3645, #5829 ) ;
#4320 = FACE_OUTER_BOUND ( 'NONE', #5384, .T. ) ;
#4321 = EDGE_CURVE ( 'NONE', #7464, #5832, #5167, .T. ) ;
#4322 = ORIENTED_EDGE ( 'NONE', *, *, #6992, .T. ) ;
#4323 = AXIS2_PLACEMENT_3D ( 'NONE', #7375, #6594, #951 ) ;
#4324 = CARTESIAN_POINT ( 'NONE',  ( -67.44432608852686428, 40.29336621315734845, 2.002889263464675551 ) ) ;
#4325 = DIRECTION ( 'NONE',  ( 0.000000000000000000, -0.000000000000000000, 1.000000000000000000 ) ) ;
#4326 = CARTESIAN_POINT ( 'NONE',  ( -40.90987855740340251, 44.29122988969159991, 5.420305337270340473 ) ) ;
#4327 = CARTESIAN_POINT ( 'NONE',  ( 53.25379579564058474, 53.24453208529339321, 2.000000000000000000 ) ) ;
#4328 = AXIS2_PLACEMENT_3D ( 'NONE', #8407, #9974, #10022 ) ;
#4329 = CARTESIAN_POINT ( 'NONE',  ( -64.85693987938469718, -28.44802776107514219, 2.398486693172459550 ) ) ;
#4330 = DIRECTION ( 'NONE',  ( -0.000000000000000000, 0.000000000000000000, -1.000000000000000000 ) ) ;
#4331 = CARTESIAN_POINT ( 'NONE',  ( -64.82492025385853651, 42.49616654839250174, 1.192483504346337986 ) ) ;
#4332 = VERTEX_POINT ( 'NONE', #1855 ) ;
#4333 = DIRECTION ( 'NONE',  ( -1.000000000000000000, 0.000000000000000000, 0.000000000000000000 ) ) ;
#4334 = ORIENTED_EDGE ( 'NONE', *, *, #5812, .F. ) ;
#4335 = VERTEX_POINT ( 'NONE', #6396 ) ;
#4336 = VECTOR ( 'NONE', #586, 1000.000000000000000 ) ;
#4337 = CARTESIAN_POINT ( 'NONE',  ( 64.99999999999998579, 38.49999999999999289, 2.000000000000000000 ) ) ;
#4338 = CARTESIAN_POINT ( 'NONE',  ( -68.60810504514125796, 36.76382992939580419, 1.971187388013729835 ) ) ;
#4339 = ORIENTED_EDGE ( 'NONE', *, *, #1326, .T. ) ;
#4340 = CARTESIAN_POINT ( 'NONE',  ( 55.50000000000001421, -24.79228831549498580, 1.000000000000000888 ) ) ;
#4341 = CARTESIAN_POINT ( 'NONE',  ( -53.49999999999995026, -35.58578643762701432, 9.000000000000001776 ) ) ;
#4342 = CARTESIAN_POINT ( 'NONE',  ( 37.55181215987187215, 39.00000000000000711, 11.19749220199311601 ) ) ;
#4343 = CIRCLE ( 'NONE', #3827, 0.9999999999999995559 ) ;
#4344 = DIRECTION ( 'NONE',  ( 0.000000000000000000, 1.000000000000000000, 0.000000000000000000 ) ) ;
#4345 = DIRECTION ( 'NONE',  ( 3.469446951953626022E-15, 1.000000000000000000, -3.469446951953664281E-15 ) ) ;
#4346 = CARTESIAN_POINT ( 'NONE',  ( 45.22532245313247046, 35.00000000000000711, 0.3999999999999999667 ) ) ;
#4347 = EDGE_CURVE ( 'NONE', #8130, #5948, #9500, .T. ) ;
#4348 = AXIS2_PLACEMENT_3D ( 'NONE', #7643, #9865, #5287 ) ;
#4349 = DIRECTION ( 'NONE',  ( -1.000000000000000000, 1.734723475976805517E-15, 0.000000000000000000 ) ) ;
#4350 = ORIENTED_EDGE ( 'NONE', *, *, #5708, .T. ) ;
#4351 = CARTESIAN_POINT ( 'NONE',  ( 62.44269842794390968, 37.12172784455445651, 4.529561153349490610 ) ) ;
#4352 = ORIENTED_EDGE ( 'NONE', *, *, #2611, .T. ) ;
#4353 = ORIENTED_EDGE ( 'NONE', *, *, #2359, .T. ) ;
#4354 = DIRECTION ( 'NONE',  ( 0.000000000000000000, 0.9538173892666751419, 0.3003870635238873876 ) ) ;
#4355 = LINE ( 'NONE', #7417, #2546 ) ;
#4356 = CARTESIAN_POINT ( 'NONE',  ( 39.11211891503622695, 40.47396870036510563, 10.70679842837084550 ) ) ;
#4357 = VECTOR ( 'NONE', #4553, 1000.000000000000000 ) ;
#4358 = CIRCLE ( 'NONE', #2221, 1.000000000000000000 ) ;
#4359 = DIRECTION ( 'NONE',  ( 1.000000000000000000, 0.000000000000000000, 0.000000000000000000 ) ) ;
#4360 = PLANE ( 'NONE',  #2985 ) ;
#4361 = CARTESIAN_POINT ( 'NONE',  ( 33.77171203778522823, 39.00000000000000711, 4.000000000000000000 ) ) ;
#4362 = EDGE_CURVE ( 'NONE', #5378, #3580, #1764, .T. ) ;
#4363 = CIRCLE ( 'NONE', #6639, 0.9999999999999996669 ) ;
#4364 = AXIS2_PLACEMENT_3D ( 'NONE', #2604, #6496, #2702 ) ;
#4365 = VERTEX_POINT ( 'NONE', #8794 ) ;
#4366 = CARTESIAN_POINT ( 'NONE',  ( 41.55350506358207952, 42.52226748375787224, 5.585786437626999223 ) ) ;
#4367 = LINE ( 'NONE', #8436, #3345 ) ;
#4368 = ORIENTED_EDGE ( 'NONE', *, *, #8483, .F. ) ;
#4369 = DIRECTION ( 'NONE',  ( 0.000000000000000000, -0.000000000000000000, -1.000000000000000000 ) ) ;
#4370 = CARTESIAN_POINT ( 'NONE',  ( 40.00375034277774944, 44.44640613475329616, 6.063464737272639127 ) ) ;
#4371 = CARTESIAN_POINT ( 'NONE',  ( 64.25170055771755528, -35.69370794179827300, 2.890149000414826475 ) ) ;
#4372 =( GEOMETRIC_REPRESENTATION_CONTEXT ( 3 ) GLOBAL_UNCERTAINTY_ASSIGNED_CONTEXT ( ( #8456 ) ) GLOBAL_UNIT_ASSIGNED_CONTEXT ( ( #5462, #4862, #6328 ) ) REPRESENTATION_CONTEXT ( 'NONE', 'WORKASPACE' ) );
#4373 = CARTESIAN_POINT ( 'NONE',  ( -68.99861914398783824, 38.77180180305652613, 1.975621562980699686 ) ) ;
#4374 = EDGE_CURVE ( 'NONE', #3906, #9761, #4107, .T. ) ;
#4375 = CARTESIAN_POINT ( 'NONE',  ( -39.28859563187167936, 36.73119861391374030, 2.240372716140799358 ) ) ;
#4376 = ORIENTED_EDGE ( 'NONE', *, *, #3115, .F. ) ;
#4377 = FACE_OUTER_BOUND ( 'NONE', #4535, .T. ) ;
#4378 = CARTESIAN_POINT ( 'NONE',  ( -64.52039976645673391, -42.48999486014295712, 0.9999999999999991118 ) ) ;
#4379 = CARTESIAN_POINT ( 'NONE',  ( -63.97159505037647165, -26.48371707887543991, 3.025868702131576438 ) ) ;
#4380 = CARTESIAN_POINT ( 'NONE',  ( 59.21559125299268089, -40.84000572849308242, 3.021194028137095700 ) ) ;
#4381 = CARTESIAN_POINT ( 'NONE',  ( 58.50000000000017053, 27.22994939107031342, 9.000000000000000000 ) ) ;
#4382 = VERTEX_POINT ( 'NONE', #328 ) ;
#4383 = CARTESIAN_POINT ( 'NONE',  ( 60.49999999999997868, 18.48790463880281365, 5.585786437627052514 ) ) ;
#4384 = ORIENTED_EDGE ( 'NONE', *, *, #9570, .F. ) ;
#4385 = ADVANCED_FACE ( 'NONE', ( #4972 ), #3436, .T. ) ;
#4386 = LINE ( 'NONE', #8212, #5449 ) ;
#4387 = CARTESIAN_POINT ( 'NONE',  ( -45.76767997638421548, 36.00000000000001421, 17.00000000000000000 ) ) ;
#4388 = CARTESIAN_POINT ( 'NONE',  ( -41.40548589277123881, 38.62713096036942062, 9.985567880031519294 ) ) ;
#4389 = CARTESIAN_POINT ( 'NONE',  ( -63.01040764008569539, 0.000000000000000000, 4.489592359914370334 ) ) ;
#4390 = DIRECTION ( 'NONE',  ( -0.000000000000000000, -0.000000000000000000, -1.000000000000000000 ) ) ;
#4391 = CARTESIAN_POINT ( 'NONE',  ( 57.76141315616160199, -40.37186587909341995, 3.043608189481143533 ) ) ;
#4392 = CARTESIAN_POINT ( 'NONE',  ( 42.61749992786081975, 35.12760834283666611, 1.048188328054812768 ) ) ;
#4393 = CARTESIAN_POINT ( 'NONE',  ( 41.06635209706559664, 39.13001774547074518, 10.09222052472825126 ) ) ;
#4394 = DIRECTION ( 'NONE',  ( -0.9522476391635398274, -0.05952590817842456222, 0.2994680282818164563 ) ) ;
#4395 = VERTEX_POINT ( 'NONE', #6548 ) ;
#4396 = CARTESIAN_POINT ( 'NONE',  ( 37.25181215987186789, 38.00000000000000711, 3.599159522938018441 ) ) ;
#4397 = ORIENTED_EDGE ( 'NONE', *, *, #8852, .F. ) ;
#4398 = ORIENTED_EDGE ( 'NONE', *, *, #2331, .T. ) ;
#4399 = CARTESIAN_POINT ( 'NONE',  ( -58.40906471276028356, 25.12723994640310465, 7.676721724866726326 ) ) ;
#4400 = DIRECTION ( 'NONE',  ( -6.938893903907222067E-15, 0.000000000000000000, 1.000000000000000000 ) ) ;
#4401 = DIRECTION ( 'NONE',  ( 0.000000000000000000, 1.000000000000000000, 0.000000000000000000 ) ) ;
#4402 = CYLINDRICAL_SURFACE ( 'NONE', #1987, 1.600000000000004086 ) ;
#4403 = CARTESIAN_POINT ( 'NONE',  ( 60.49999999999997868, 18.48790463880283141, 5.585786437627052514 ) ) ;
#4404 = CARTESIAN_POINT ( 'NONE',  ( 43.98291332586378388, 38.90831917524086236, 9.173699858284267705 ) ) ;
#4405 = VERTEX_POINT ( 'NONE', #8086 ) ;
#4406 = CARTESIAN_POINT ( 'NONE',  ( 57.50000000000001421, 16.05961638357146626, 5.869460885866595312 ) ) ;
#4407 = ORIENTED_EDGE ( 'NONE', *, *, #2682, .F. ) ;
#4408 = DIRECTION ( 'NONE',  ( 0.000000000000000000, -0.4266572361714847106, -0.9044134026110570712 ) ) ;
#4409 = CARTESIAN_POINT ( 'NONE',  ( 0.000000000000000000, 27.22994939107031698, 1.000000000000000888 ) ) ;
#4410 = EDGE_CURVE ( 'NONE', #3059, #7290, #5174, .T. ) ;
#4411 = CIRCLE ( 'NONE', #7836, 1.000000000000000888 ) ;
#4412 = CARTESIAN_POINT ( 'NONE',  ( 66.59435615496754224, -36.05448738505793926, 2.123718350596935700 ) ) ;
#4413 = CARTESIAN_POINT ( 'NONE',  ( -69.00128714501740035, 38.27185421460358583, 1.969660263194197514 ) ) ;
#4414 = AXIS2_PLACEMENT_3D ( 'NONE', #5694, #4983, #1818 ) ;
#4415 = CARTESIAN_POINT ( 'NONE',  ( 61.73447794271156397, 25.20630039435422276, 5.765522057288543500 ) ) ;
#4416 = ORIENTED_EDGE ( 'NONE', *, *, #2421, .T. ) ;
#4417 = CARTESIAN_POINT ( 'NONE',  ( -37.25181215987404215, 37.00000000000000711, 10.82842712474631774 ) ) ;
#4418 = DIRECTION ( 'NONE',  ( -0.000000000000000000, -0.000000000000000000, -1.000000000000000000 ) ) ;
#4419 = CARTESIAN_POINT ( 'NONE',  ( 61.49999999999997158, -2.151899714217280074E-14, 0.000000000000000000 ) ) ;
#4420 = ADVANCED_FACE ( 'NONE', ( #7421 ), #8232, .T. ) ;
#4421 = CARTESIAN_POINT ( 'NONE',  ( 58.08578643762952964, 26.41607562954031962, 9.000000000000000000 ) ) ;
#4422 = EDGE_LOOP ( 'NONE', ( #6311, #6837, #6554, #8692 ) ) ;
#4423 = CARTESIAN_POINT ( 'NONE',  ( -37.74157607673374315, 45.00000000000001421, 5.999999999103099668 ) ) ;
#4424 = VECTOR ( 'NONE', #5368, 1000.000000000000000 ) ;
#4425 = AXIS2_PLACEMENT_3D ( 'NONE', #7966, #2490, #8872 ) ;
#4426 = B_SPLINE_CURVE_WITH_KNOTS ( 'NONE', 3,
 ( #9741, #7358, #9684, #5923, #6583, #9025 ),
 .UNSPECIFIED., .F., .F.,
 ( 4, 2, 4 ),
 ( 0.000000000000000000, 0.003363257076310170995, 0.006726514152620341989 ),
 .UNSPECIFIED. ) ;
#4427 = CARTESIAN_POINT ( 'NONE',  ( 62.15360397883831212, 37.94499577414661218, 4.489592359914377440 ) ) ;
#4428 = DIRECTION ( 'NONE',  ( -0.000000000000000000, 0.000000000000000000, 1.000000000000000000 ) ) ;
#4429 = ADVANCED_FACE ( 'NONE', ( #2150 ), #8287, .F. ) ;
#4430 = CARTESIAN_POINT ( 'NONE',  ( -62.09299709828797376, -38.65623991136109794, 3.004979509378338243 ) ) ;
#4431 = CARTESIAN_POINT ( 'NONE',  ( 58.79289321881628894, -23.76247316423235034, 8.707106781183863831 ) ) ;
#4432 = CARTESIAN_POINT ( 'NONE',  ( 45.40591649480815306, 39.28743935864378045, 8.712560641356370539 ) ) ;
#4433 = EDGE_CURVE ( 'NONE', #1830, #9777, #417, .T. ) ;
#4434 = CARTESIAN_POINT ( 'NONE',  ( 51.73464987362551426, -38.70710678118653902, 6.292893218813552458 ) ) ;
#4435 = EDGE_CURVE ( 'NONE', #8527, #9750, #1960, .T. ) ;
#4436 = FACE_OUTER_BOUND ( 'NONE', #988, .T. ) ;
#4437 = CARTESIAN_POINT ( 'NONE',  ( 41.49924449590437092, 35.64600954529961996, 2.454331970817327235 ) ) ;
#4438 = DIRECTION ( 'NONE',  ( 0.000000000000000000, -3.469446951953614189E-15, -1.000000000000000000 ) ) ;
#4439 = ORIENTED_EDGE ( 'NONE', *, *, #3248, .F. ) ;
#4440 = DIRECTION ( 'NONE',  ( -0.2999999999999997113, 0.000000000000000000, 0.9539392014169458811 ) ) ;
#4441 = EDGE_LOOP ( 'NONE', ( #5889, #7222 ) ) ;
#4442 = ORIENTED_EDGE ( 'NONE', *, *, #9386, .T. ) ;
#4443 = LINE ( 'NONE', #1479, #3221 ) ;
#4444 = CARTESIAN_POINT ( 'NONE',  ( 39.76661644464287093, 39.24409840170343244, 9.452683640861547332 ) ) ;
#4445 = CARTESIAN_POINT ( 'NONE',  ( -36.79921155111186692, 41.01951516940151521, 10.53340191303655615 ) ) ;
#4446 = DIRECTION ( 'NONE',  ( 0.06026194702773293721, 0.000000000000000000, -0.9981825973940975372 ) ) ;
#4447 = FACE_OUTER_BOUND ( 'NONE', #9623, .T. ) ;
#4448 = CARTESIAN_POINT ( 'NONE',  ( 58.08578643762704985, 45.00000000000001421, 9.000000000000001776 ) ) ;
#4449 = ORIENTED_EDGE ( 'NONE', *, *, #7854, .T. ) ;
#4450 = DIRECTION ( 'NONE',  ( 0.000000000000000000, 0.000000000000000000, 1.000000000000000000 ) ) ;
#4451 = CYLINDRICAL_SURFACE ( 'NONE', #7754, 0.9999999999999973355 ) ;
#4452 = ORIENTED_EDGE ( 'NONE', *, *, #57, .T. ) ;
#4453 = AXIS2_PLACEMENT_3D ( 'NONE', #993, #8033, #4881 ) ;
#4454 = CARTESIAN_POINT ( 'NONE',  ( -45.76767997638421548, 35.00000000000000711, 8.000000000000000000 ) ) ;
#4455 = DIRECTION ( 'NONE',  ( -1.000000000000000000, 0.000000000000000000, 0.000000000000000000 ) ) ;
#4456 = CARTESIAN_POINT ( 'NONE',  ( -40.63942290680182623, 40.11288427245681021, 9.462479898702786940 ) ) ;
#4457 = CARTESIAN_POINT ( 'NONE',  ( -68.89179812648760048, 37.54368351166032625, 1.963441311136938205 ) ) ;
#4458 = VERTEX_POINT ( 'NONE', #9900 ) ;
#4459 = AXIS2_PLACEMENT_3D ( 'NONE', #9833, #3626, #8875 ) ;
#4460 = EDGE_CURVE ( 'NONE', #9328, #2113, #535, .T. ) ;
#4461 = EDGE_CURVE ( 'NONE', #9157, #1884, #5784, .T. ) ;
#4462 = CARTESIAN_POINT ( 'NONE',  ( 37.25181215987187500, 44.70710678118656034, 6.292893218813549794 ) ) ;
#4463 = CARTESIAN_POINT ( 'NONE',  ( 68.02874567533994821, 38.13310574349267057, 2.009894737741114490 ) ) ;
#4464 = CYLINDRICAL_SURFACE ( 'NONE', #6776, 1.000000000000000000 ) ;
#4465 = CARTESIAN_POINT ( 'NONE',  ( 36.72653864916154021, -20.46295559210648562, 2.000000000000000000 ) ) ;
#4466 = CARTESIAN_POINT ( 'NONE',  ( 37.81882090553045828, 37.72351714503011522, 3.087020257198676454 ) ) ;
#4467 = CIRCLE ( 'NONE', #9987, 8.000000000000000000 ) ;
#4468 = CARTESIAN_POINT ( 'NONE',  ( 69.00000000000001421, -21.37903042612311211, 8.235307220888456570 ) ) ;
#4469 = ORIENTED_EDGE ( 'NONE', *, *, #4860, .F. ) ;
#4470 = DIRECTION ( 'NONE',  ( 0.000000000000000000, 0.000000000000000000, -1.000000000000000000 ) ) ;
#4471 = ORIENTED_EDGE ( 'NONE', *, *, #545, .F. ) ;
#4472 = EDGE_CURVE ( 'NONE', #6586, #5755, #7970, .T. ) ;
#4473 = AXIS2_PLACEMENT_3D ( 'NONE', #1247, #8991, #2960 ) ;
#4474 = CARTESIAN_POINT ( 'NONE',  ( 58.40906471276032619, 25.12723994640310821, 7.676721724866726326 ) ) ;
#4475 = EDGE_CURVE ( 'NONE', #5375, #3564, #4812, .T. ) ;
#4476 = CARTESIAN_POINT ( 'NONE',  ( 33.77171203778522823, 41.00000000000000711, 11.00000000000000355 ) ) ;
#4477 = CARTESIAN_POINT ( 'NONE',  ( -61.49999999999998579, 21.07884740024823600, 6.000000000000094147 ) ) ;
#4478 = DIRECTION ( 'NONE',  ( 0.2876879592904237337, -0.9134939934989291244, -0.2876879592904267313 ) ) ;
#4479 = CARTESIAN_POINT ( 'NONE',  ( 58.79289321881360308, -23.75535492015638894, 8.707106781186542577 ) ) ;
#4480 = VECTOR ( 'NONE', #5249, 1000.000000000000000 ) ;
#4481 = DIRECTION ( 'NONE',  ( 0.000000000000000000, 1.000000000000000000, -0.000000000000000000 ) ) ;
#4482 = ADVANCED_FACE ( 'NONE', ( #9038 ), #7692, .T. ) ;
#4483 = CARTESIAN_POINT ( 'NONE',  ( 66.35362237958820231, 35.93017263581142373, 2.381636981454111179 ) ) ;
#4484 = AXIS2_PLACEMENT_3D ( 'NONE', #3016, #9088, #9804 ) ;
#4485 = EDGE_CURVE ( 'NONE', #4134, #3564, #1221, .T. ) ;
#4486 = ORIENTED_EDGE ( 'NONE', *, *, #5177, .T. ) ;
#4487 =( BOUNDED_SURFACE ( )  B_SPLINE_SURFACE ( 3, 2, ( 
 ( #49, #3167, #2554 ),
 ( #8578, #1641, #7874 ),
 ( #939, #9391, #8682 ),
 ( #6440, #6284, #5678 ) ),
 .UNSPECIFIED., .F., .F., .T. ) 
 B_SPLINE_SURFACE_WITH_KNOTS ( ( 4, 4 ),
 ( 3, 3 ),
 ( 0.000000000000000000, 0.002162003959476221145 ),
 ( 0.000000000000000000, 1.000000000000000000 ),
 .UNSPECIFIED. ) 
 GEOMETRIC_REPRESENTATION_ITEM ( )  RATIONAL_B_SPLINE_SURFACE ( (
 ( 1.000000000000000000, 0.8933820076829188661, 1.000000000000000000),
 ( 1.000000000000000000, 0.9062918855493682369, 1.000000000000000000),
 ( 1.000000000000000000, 0.9173839500365842392, 1.000000000000000000),
 ( 1.000000000000000000, 0.9218782783082947185, 1.000000000000000000) ) ) 
 REPRESENTATION_ITEM ( '' )  SURFACE ( )  );
#4488 = CARTESIAN_POINT ( 'NONE',  ( 33.77171203778522823, 39.00000000000000711, 4.000000000000000000 ) ) ;
#4489 = EDGE_LOOP ( 'NONE', ( #7642, #4712, #4143, #6047, #9189, #1447, #2635 ) ) ;
#4490 = ORIENTED_EDGE ( 'NONE', *, *, #642, .T. ) ;
#4491 = CARTESIAN_POINT ( 'NONE',  ( 36.87948150359555655, 36.56473904372573003, 1.999611410612785134 ) ) ;
#4492 = CARTESIAN_POINT ( 'NONE',  ( 63.01040764008572381, -25.21592143066265734, 4.489592359914372999 ) ) ;
#4493 = CARTESIAN_POINT ( 'NONE',  ( 38.92769970658614653, 39.88313748712579354, 10.76479558631658939 ) ) ;
#4494 = CARTESIAN_POINT ( 'NONE',  ( -55.62297260218657868, 41.76682682770249500, 5.960005422245216344 ) ) ;
#4495 = CIRCLE ( 'NONE', #2393, 1.000000000000000666 ) ;
#4496 = AXIS2_PLACEMENT_3D ( 'NONE', #8559, #1565, #7802 ) ;
#4497 = CARTESIAN_POINT ( 'NONE',  ( 62.59670709692911572, 42.39854424232991903, 1.735518940810242938 ) ) ;
#4498 = DIRECTION ( 'NONE',  ( -0.6991788823413660481, 0.7038306223815726792, -0.1255840176369847627 ) ) ;
#4499 = DIRECTION ( 'NONE',  ( 0.000000000000000000, 1.000000000000000000, 0.000000000000000000 ) ) ;
#4500 = EDGE_LOOP ( 'NONE', ( #2030, #7413, #3389, #10065 ) ) ;
#4501 = CARTESIAN_POINT ( 'NONE',  ( -60.49999999999997158, -4.640181046290678957, 5.500000000000000888 ) ) ;
#4502 = TOROIDAL_SURFACE ( 'NONE', #5316, 7.000000000000000000, 1.000000000000000000 ) ;
#4503 = CARTESIAN_POINT ( 'NONE',  ( 53.49999999999999289, 38.58578643762704274, 9.000000000000001776 ) ) ;
#4504 = CIRCLE ( 'NONE', #4025, 1.000000000000000888 ) ;
#4505 = ORIENTED_EDGE ( 'NONE', *, *, #7083, .F. ) ;
#4506 = DIRECTION ( 'NONE',  ( -0.000000000000000000, 0.000000000000000000, 1.000000000000000000 ) ) ;
#4507 = CARTESIAN_POINT ( 'NONE',  ( -39.80757072866732216, 40.03322070212408335, 10.48808895110095740 ) ) ;
#4508 = B_SPLINE_CURVE_WITH_KNOTS ( 'NONE', 3,
 ( #10044, #3213, #829, #3931 ),
 .UNSPECIFIED., .F., .F.,
 ( 4, 4 ),
 ( 0.000000000000000000, 0.001952603211089306212 ),
 .UNSPECIFIED. ) ;
#4509 = ORIENTED_EDGE ( 'NONE', *, *, #9851, .F. ) ;
#4510 = CARTESIAN_POINT ( 'NONE',  ( 37.55181215987187926, 40.05756524985240929, 11.19749220199311424 ) ) ;
#4511 = CARTESIAN_POINT ( 'NONE',  ( -67.73577436474214153, 41.42867080437668648, 1.968885164391884768 ) ) ;
#4512 = AXIS2_PLACEMENT_3D ( 'NONE', #204, #6585, #1188 ) ;
#4513 = ORIENTED_EDGE ( 'NONE', *, *, #9299, .F. ) ;
#4514 = VECTOR ( 'NONE', #8471, 1000.000000000000000 ) ;
#4515 = CARTESIAN_POINT ( 'NONE',  ( -42.11224315038530364, 35.42991183313271364, 1.600965442241452985 ) ) ;
#4516 = EDGE_LOOP ( 'NONE', ( #8593, #7144, #9192, #5580 ) ) ;
#4517 = CARTESIAN_POINT ( 'NONE',  ( 67.76343176201156382, 41.40277014587639570, 1.008084272094556866 ) ) ;
#4518 = DIRECTION ( 'NONE',  ( 0.000000000000000000, -0.000000000000000000, 1.000000000000000000 ) ) ;
#4519 = ORIENTED_EDGE ( 'NONE', *, *, #8769, .F. ) ;
#4520 = FACE_OUTER_BOUND ( 'NONE', #4091, .T. ) ;
#4521 = CARTESIAN_POINT ( 'NONE',  ( 67.48041654635895270, 36.54384612706084567, 2.095237303979684107 ) ) ;
#4522 = AXIS2_PLACEMENT_3D ( 'NONE', #8274, #4394, #1286 ) ;
#4523 = LINE ( 'NONE', #9771, #1814 ) ;
#4524 = ORIENTED_EDGE ( 'NONE', *, *, #1692, .F. ) ;
#4525 = EDGE_CURVE ( 'NONE', #7331, #9639, #5988, .T. ) ;
#4526 = CARTESIAN_POINT ( 'NONE',  ( 63.77424175958427810, -42.30756047043942658, 1.026999469493790507 ) ) ;
#4527 = ORIENTED_EDGE ( 'NONE', *, *, #4620, .T. ) ;
#4528 = CIRCLE ( 'NONE', #130, 0.9999999999999995559 ) ;
#4529 = FACE_OUTER_BOUND ( 'NONE', #3285, .T. ) ;
#4530 = CARTESIAN_POINT ( 'NONE',  ( -63.96670423074159118, 30.59112395605000856, 3.533295769258454566 ) ) ;
#4531 = CARTESIAN_POINT ( 'NONE',  ( 45.22532245313247046, 46.00000000000001421, 0.000000000000000000 ) ) ;
#4532 = CARTESIAN_POINT ( 'NONE',  ( 58.74115495278434906, -22.55141008404957859, 8.758845047207184820 ) ) ;
#4533 = FACE_OUTER_BOUND ( 'NONE', #1857, .T. ) ;
#4534 = ADVANCED_FACE ( 'NONE', ( #6802 ), #9084, .F. ) ;
#4535 = EDGE_LOOP ( 'NONE', ( #9726, #7063, #8087, #3833 ) ) ;
#4536 = FACE_OUTER_BOUND ( 'NONE', #7881, .T. ) ;
#4537 = DIRECTION ( 'NONE',  ( -0.000000000000000000, -0.000000000000000000, -1.000000000000000000 ) ) ;
#4538 = VERTEX_POINT ( 'NONE', #5223 ) ;
#4539 = CARTESIAN_POINT ( 'NONE',  ( -66.81658306719306495, 35.16293642344388815, 2.270871461439690542 ) ) ;
#4540 = VERTEX_POINT ( 'NONE', #7051 ) ;
#4541 = ORIENTED_EDGE ( 'NONE', *, *, #2169, .F. ) ;
#4542 = CARTESIAN_POINT ( 'NONE',  ( 53.50000000000001421, -38.12792757251468601, 5.457858865112304336 ) ) ;
#4543 = CARTESIAN_POINT ( 'NONE',  ( 35.31203116122318164, 41.00000000000000711, 10.82842712474632485 ) ) ;
#4544 = CARTESIAN_POINT ( 'NONE',  ( 63.97752110012753946, 41.62137180964767680, 2.351264401906832724 ) ) ;
#4545 = EDGE_CURVE ( 'NONE', #1295, #7841, #8811, .T. ) ;
#4546 = CARTESIAN_POINT ( 'NONE',  ( 55.70024074854074314, -39.70831789786672772, 4.447385658923654006 ) ) ;
#4547 = ADVANCED_FACE ( 'NONE', ( #6138 ), #2192, .T. ) ;
#4548 = CARTESIAN_POINT ( 'NONE',  ( 59.48401376289893960, 42.26217115774030475, 3.194441926493759798 ) ) ;
#4549 = CARTESIAN_POINT ( 'NONE',  ( -61.87395738018521030, -21.88971835955945622, 5.626042619809271450 ) ) ;
#4550 =( BOUNDED_CURVE ( )  B_SPLINE_CURVE ( 3, ( #677, #7469, #6842, #1339 ),
 .UNSPECIFIED., .F., .T. ) 
 B_SPLINE_CURVE_WITH_KNOTS ( ( 4, 4 ),
 ( 1.788270772447333679, 2.232583287863290522 ),
 .UNSPECIFIED. ) 
 CURVE ( )  GEOMETRIC_REPRESENTATION_ITEM ( )  RATIONAL_B_SPLINE_CURVE ( ( 1.000000000000000000, 0.9836164144649101049, 0.9836164144649101049, 1.000000000000000000 ) ) 
 REPRESENTATION_ITEM ( '' )  );
#4551 = DIRECTION ( 'NONE',  ( -8.385697043307699403E-16, 0.000000000000000000, -1.000000000000000000 ) ) ;
#4552 = EDGE_LOOP ( 'NONE', ( #9752, #6342, #2300, #3949, #3873 ) ) ;
#4553 = DIRECTION ( 'NONE',  ( -0.000000000000000000, -0.000000000000000000, -1.000000000000000000 ) ) ;
#4554 = CARTESIAN_POINT ( 'NONE',  ( -58.79289321881356045, -30.99999999999997158, 8.707106781186544353 ) ) ;
#4555 = ORIENTED_EDGE ( 'NONE', *, *, #8526, .T. ) ;
#4557 = EDGE_CURVE ( 'NONE', #8141, #2113, #6112, .T. ) ;
#4556 = CARTESIAN_POINT ( 'NONE',  ( -62.59670709692903756, 42.39854424232991903, 1.735518940810240940 ) ) ;
#4558 = FACE_OUTER_BOUND ( 'NONE', #8118, .T. ) ;
#4559 = VERTEX_POINT ( 'NONE', #3882 ) ;
#4560 = EDGE_CURVE ( 'NONE', #7151, #9777, #9902, .T. ) ;
#4561 = CARTESIAN_POINT ( 'NONE',  ( -63.77424175958427810, -42.30756047043945500, 1.026999469493784289 ) ) ;
#4562 = DIRECTION ( 'NONE',  ( -0.8270589797261045373, -0.4983196423921721352, -0.2600980162564739406 ) ) ;
#4563 = CARTESIAN_POINT ( 'NONE',  ( -55.49999999999997868, 13.65651987538036494, 4.499999999999997335 ) ) ;
#4564 = CARTESIAN_POINT ( 'NONE',  ( 67.35493584949642809, 40.41427206529005645, 2.003654400143530800 ) ) ;
#4565 = DIRECTION ( 'NONE',  ( 1.000000000000000000, 0.000000000000000000, 0.000000000000000000 ) ) ;
#4566 = EDGE_LOOP ( 'NONE', ( #8275, #3841, #989, #6916, #8165, #3582, #2502, #323, #1264, #9921, #7683, #8093, #3811, #1562, #705, #4743, #1152, #5769, #789, #3845, #3633, #8553, #6997, #1650, #9450, #2612, #8514, #6076, #2814, #10020, #931, #1380, #1050, #7190 ) ) ;
#4567 = CIRCLE ( 'NONE', #357, 1.600000000000004086 ) ;
#4568 = DIRECTION ( 'NONE',  ( -3.469446951953611033E-15, -1.000000000000000000, -3.469446951953649293E-15 ) ) ;
#4569 = CARTESIAN_POINT ( 'NONE',  ( 37.86455063911288477, 37.78903951816835871, 3.482743882984782768 ) ) ;
#4570 = ADVANCED_FACE ( 'NONE', ( #7869 ), #3114, .F. ) ;
#4571 = CARTESIAN_POINT ( 'NONE',  ( 45.22532245313249177, 39.27653659536031228, 8.723463404639829832 ) ) ;
#4572 = ORIENTED_EDGE ( 'NONE', *, *, #321, .F. ) ;
#4573 = EDGE_CURVE ( 'NONE', #4795, #4236, #6105, .T. ) ;
#4574 = CARTESIAN_POINT ( 'NONE',  ( 58.49345050234013144, 42.21877267519572285, 3.782485578727834863 ) ) ;
#4575 = ORIENTED_EDGE ( 'NONE', *, *, #6695, .F. ) ;
#4576 = AXIS2_PLACEMENT_3D ( 'NONE', #1263, #9960, #2211 ) ;
#4577 = PRODUCT_DEFINITION_CONTEXT ( 'detailed design', #7574, 'design' ) ;
#4578 = CARTESIAN_POINT ( 'NONE',  ( 39.80757072866465762, 40.03322070212329464, 10.48808895110181183 ) ) ;
#4579 = CARTESIAN_POINT ( 'NONE',  ( 55.50000000000001421, -21.80568766229459854, 7.330893818277401941 ) ) ;
#4580 = CARTESIAN_POINT ( 'NONE',  ( 64.82492025385856493, 42.49616654839248753, 0.000000000000000000 ) ) ;
#4581 = CARTESIAN_POINT ( 'NONE',  ( -61.49999999999997868, 21.07884740024819692, 2.000000000000000000 ) ) ;
#4582 = CARTESIAN_POINT ( 'NONE',  ( -66.33555594535948785, 41.26872493809776188, 2.034950452827720468 ) ) ;
#4583 = AXIS2_PLACEMENT_3D ( 'NONE', #9568, #7237, #8709 ) ;
#4584 = AXIS2_PLACEMENT_3D ( 'NONE', #5006, #8121, #1126 ) ;
#4585 = CARTESIAN_POINT ( 'NONE',  ( 35.53207675028573220, 41.00000000000000711, 11.80391671399580211 ) ) ;
#4586 = EDGE_CURVE ( 'NONE', #5486, #7919, #9681, .T. ) ;
#4587 = CARTESIAN_POINT ( 'NONE',  ( 67.90000000000017621, 38.33274323259291805, 2.013641341609618607 ) ) ;
#4588 = ADVANCED_FACE ( 'NONE', ( #7818 ), #6596, .T. ) ;
#4589 = ORIENTED_EDGE ( 'NONE', *, *, #4221, .T. ) ;
#4590 = DIRECTION ( 'NONE',  ( 0.000000000000000000, 0.000000000000000000, -1.000000000000000000 ) ) ;
#4591 = ORIENTED_EDGE ( 'NONE', *, *, #1089, .T. ) ;
#4592 = ORIENTED_EDGE ( 'NONE', *, *, #3661, .T. ) ;
#4593 = DIRECTION ( 'NONE',  ( 0.7656826878322924301, -0.5964455351772491865, -0.2407960654185218041 ) ) ;
#4594 = FACE_OUTER_BOUND ( 'NONE', #8634, .T. ) ;
#4595 = LINE ( 'NONE', #8623, #5388 ) ;
#4596 = DIRECTION ( 'NONE',  ( 1.000000000000000000, -0.000000000000000000, 0.000000000000000000 ) ) ;
#4597 = CARTESIAN_POINT ( 'NONE',  ( 58.49345050234013144, 42.21877267519572285, 3.782485578727834863 ) ) ;
#4598 = CARTESIAN_POINT ( 'NONE',  ( -40.69415177348049895, 39.64755578708545869, 9.869607295288204796 ) ) ;
#4599 = FACE_OUTER_BOUND ( 'NONE', #9293, .T. ) ;
#4600 = EDGE_CURVE ( 'NONE', #9328, #1295, #5776, .T. ) ;
#4601 = ORIENTED_EDGE ( 'NONE', *, *, #4047, .F. ) ;
#4602 = CARTESIAN_POINT ( 'NONE',  ( 37.55181215987187926, 40.05756524985240929, 11.19749220199311424 ) ) ;
#4603 = PLANE ( 'NONE',  #2856 ) ;
#4604 = ORIENTED_EDGE ( 'NONE', *, *, #996, .F. ) ;
#4605 = CARTESIAN_POINT ( 'NONE',  ( -63.68539089715381607, 42.44624157452652469, 1.392569310667566729 ) ) ;
#4606 = CARTESIAN_POINT ( 'NONE',  ( -36.79634897802579019, 41.01939587462276648, 10.53400207140908762 ) ) ;
#4607 = ORIENTED_EDGE ( 'NONE', *, *, #4115, .T. ) ;
#4608 = CARTESIAN_POINT ( 'NONE',  ( 41.24000410770860015, 35.73956233820447892, 1.868546350518369481 ) ) ;
#4609 = CARTESIAN_POINT ( 'NONE',  ( 33.77171203778522823, 45.00000000000001421, 4.000000000000000000 ) ) ;
#4610 =( BOUNDED_CURVE ( )  B_SPLINE_CURVE ( 3, ( #1119, #9614, #4758, #405 ),
 .UNSPECIFIED., .F., .T. ) 
 B_SPLINE_CURVE_WITH_KNOTS ( ( 4, 4 ),
 ( 2.996913878602967429, 3.141592653589796225 ),
 .UNSPECIFIED. ) 
 CURVE ( )  GEOMETRIC_REPRESENTATION_ITEM ( )  RATIONAL_B_SPLINE_CURVE ( ( 1.000000000000000000, 0.9982564315439290681, 0.9982564315439290681, 1.000000000000000000 ) ) 
 REPRESENTATION_ITEM ( '' )  );
#4611 = ORIENTED_EDGE ( 'NONE', *, *, #3618, .F. ) ;
#4612 = CARTESIAN_POINT ( 'NONE',  ( -40.64410739016172158, 44.10628829675143692, 6.127554249479685744 ) ) ;
#4613 = EDGE_CURVE ( 'NONE', #9157, #943, #5290, .T. ) ;
#4614 = EDGE_CURVE ( 'NONE', #7077, #9394, #1634, .T. ) ;
#4615 = CIRCLE ( 'NONE', #9818, 0.9999999999999991118 ) ;
#4616 = CARTESIAN_POINT ( 'NONE',  ( -42.73403216587223596, 35.26597638034629512, 1.378363346671195533 ) ) ;
#4617 = EDGE_LOOP ( 'NONE', ( #7603, #1863, #4940, #10085 ) ) ;
#4618 = CARTESIAN_POINT ( 'NONE',  ( 66.69250933790807778, 41.05381895129549719, 2.018273590072831691 ) ) ;
#4619 = DIRECTION ( 'NONE',  ( 4.906538933386738866E-15, -0.7071067811865435759, -0.7071067811865515695 ) ) ;
#4621 = ORIENTED_EDGE ( 'NONE', *, *, #1196, .F. ) ;
#4620 = EDGE_CURVE ( 'NONE', #572, #8027, #418, .T. ) ;
#4622 = LINE ( 'NONE', #8547, #767 ) ;
#4623 = CARTESIAN_POINT ( 'NONE',  ( 67.73146578155760267, 37.06368864801580543, 2.054763254799920169 ) ) ;
#4624 = CARTESIAN_POINT ( 'NONE',  ( -54.01748866056448861, -39.21388203638625924, 5.352883404219094032 ) ) ;
#4625 = ORIENTED_EDGE ( 'NONE', *, *, #1892, .F. ) ;
#4626 = AXIS2_PLACEMENT_3D ( 'NONE', #6137, #9236, #6954 ) ;
#4627 = DIRECTION ( 'NONE',  ( -0.000000000000000000, -0.000000000000000000, -1.000000000000000000 ) ) ;
#4628 = ORIENTED_EDGE ( 'NONE', *, *, #10095, .T. ) ;
#4629 = CARTESIAN_POINT ( 'NONE',  ( 41.44206524527692181, 43.87667124952843523, 5.539618582424390425 ) ) ;
#4630 = CARTESIAN_POINT ( 'NONE',  ( -53.35582543178633586, -39.11747984191758576, 5.457858865112307001 ) ) ;
#4631 = CIRCLE ( 'NONE', #3983, 0.9999999999999932276 ) ;
#4632 = CARTESIAN_POINT ( 'NONE',  ( 64.99999999999998579, 38.49999999999999289, 0.000000000000000000 ) ) ;
#4633 = DIRECTION ( 'NONE',  ( 0.3924313469075666472, 0.8318625342739164319, -0.3924313469075708660 ) ) ;
#4634 = CARTESIAN_POINT ( 'NONE',  ( 40.69415177347971735, 39.64755578708402339, 9.869607295288519211 ) ) ;
#4635 = ORIENTED_EDGE ( 'NONE', *, *, #1605, .T. ) ;
#4636 = ORIENTED_EDGE ( 'NONE', *, *, #6925, .F. ) ;
#4637 = AXIS2_PLACEMENT_3D ( 'NONE', #9335, #6233, #8575 ) ;
#4638 = CARTESIAN_POINT ( 'NONE',  ( 39.12521201612085520, 44.67329393270764371, 6.103386251283512642 ) ) ;
#4639 = CARTESIAN_POINT ( 'NONE',  ( 65.00854091518134226, 35.58507179545525645, 2.942340907666010086 ) ) ;
#4640 = ORIENTED_EDGE ( 'NONE', *, *, #9046, .F. ) ;
#4641 = CARTESIAN_POINT ( 'NONE',  ( -54.23549650004500222, 42.03222351694609671, 5.947298960517216848 ) ) ;
#4642 = VERTEX_POINT ( 'NONE', #6186 ) ;
#4643 = DIRECTION ( 'NONE',  ( 0.000000000000000000, 0.000000000000000000, -1.000000000000000000 ) ) ;
#4644 = AXIS2_PLACEMENT_3D ( 'NONE', #6625, #5815, #8116 ) ;
#4645 = CARTESIAN_POINT ( 'NONE',  ( 33.77171203778522823, 41.00000000000000711, 11.00000000000000355 ) ) ;
#4646 = LINE ( 'NONE', #2337, #4032 ) ;
#4647 = ORIENTED_EDGE ( 'NONE', *, *, #4475, .F. ) ;
#4648 = CARTESIAN_POINT ( 'NONE',  ( 53.50000000000001421, 34.00000000000000711, 8.000000000000000000 ) ) ;
#4649 = CARTESIAN_POINT ( 'NONE',  ( 55.66594709874254221, -39.27313520188965157, 5.448035728366527053 ) ) ;
#4650 = ADVANCED_FACE ( 'NONE', ( #8778 ), #3828, .F. ) ;
#4651 = DIRECTION ( 'NONE',  ( 1.000000000000000000, -8.673617379883997607E-15, 0.000000000000000000 ) ) ;
#4652 = CARTESIAN_POINT ( 'NONE',  ( -68.88391813664134133, 37.51143533503191918, 1.020346270332021854 ) ) ;
#4653 = AXIS2_PLACEMENT_3D ( 'NONE', #9408, #5539, #171 ) ;
#4654 = FACE_OUTER_BOUND ( 'NONE', #2500, .T. ) ;
#4655 = EDGE_LOOP ( 'NONE', ( #1463, #9198, #9648, #7304 ) ) ;
#4656 = CARTESIAN_POINT ( 'NONE',  ( -64.82492025385853651, 42.49616654839250174, 2.000000000000000000 ) ) ;
#4657 = CARTESIAN_POINT ( 'NONE',  ( 53.40453596907279632, 42.00075780107669488, 5.584961243699197553 ) ) ;
#4658 = EDGE_LOOP ( 'NONE', ( #4096, #8333, #7109 ) ) ;
#4659 = ORIENTED_EDGE ( 'NONE', *, *, #6115, .T. ) ;
#4660 = CARTESIAN_POINT ( 'NONE',  ( -61.01896424592410995, 42.32942029204273382, 2.405274938948989139 ) ) ;
#4661 = DIRECTION ( 'NONE',  ( 0.9539392014169457701, -0.000000000000000000, -0.2999999999999994893 ) ) ;
#4662 = AXIS2_PLACEMENT_3D ( 'NONE', #5700, #8812, #2426 ) ;
#4663 = DIRECTION ( 'NONE',  ( 0.3000000000000017653, 0.000000000000000000, 0.9539392014169451040 ) ) ;
#4664 = EDGE_CURVE ( 'NONE', #4858, #2697, #9435, .T. ) ;
#4665 = LINE ( 'NONE', #1595, #2974 ) ;
#4666 = EDGE_LOOP ( 'NONE', ( #8681, #8882, #9688, #2512, #9440, #853 ) ) ;
#4667 = DIRECTION ( 'NONE',  ( -0.4376360731224943623, -0.7854612243795603410, 0.4376360731225030221 ) ) ;
#4668 = CIRCLE ( 'NONE', #1732, 9.000000000000001776 ) ;
#4669 = VECTOR ( 'NONE', #9355, 1000.000000000000000 ) ;
#4670 = CARTESIAN_POINT ( 'NONE',  ( -53.35582543178633586, -39.11747984191758576, 5.457858865112307001 ) ) ;
#4671 = ORIENTED_EDGE ( 'NONE', *, *, #5733, .F. ) ;
#4672 = CARTESIAN_POINT ( 'NONE',  ( 69.00036780484785481, 38.74277885846356639, 1.004095640815682478 ) ) ;
#4673 = CARTESIAN_POINT ( 'NONE',  ( -66.65015423865041555, 40.89305273221627601, 2.026180525062665883 ) ) ;
#4674 = ORIENTED_EDGE ( 'NONE', *, *, #7918, .T. ) ;
#4676 = CARTESIAN_POINT ( 'NONE',  ( 1.734079847261881691, 39.58008867725905588, 2.000000000000000000 ) ) ;
#4675 = B_SPLINE_CURVE_WITH_KNOTS ( 'NONE', 3,
 ( #2911, #6086, #6037, #1445, #1535, #4602 ),
 .UNSPECIFIED., .F., .F.,
 ( 4, 2, 4 ),
 ( 0.000000000000000000, 0.001086489534751062386, 0.002172979069502124772 ),
 .UNSPECIFIED. ) ;
#4677 = CARTESIAN_POINT ( 'NONE',  ( 37.75143057784663370, 37.61980777225718953, 2.810589971868971748 ) ) ;
#4678 = CARTESIAN_POINT ( 'NONE',  ( -67.68208036245262349, -34.71615453809801011, 1.117241097311242326 ) ) ;
#4679 = CARTESIAN_POINT ( 'NONE',  ( 58.15044385663741622, 41.79417300347197539, 4.946902205051858736 ) ) ;
#4680 = AXIS2_PLACEMENT_3D ( 'NONE', #4214, #8946, #3543 ) ;
#4681 = EDGE_LOOP ( 'NONE', ( #9172, #6592, #2983, #4765 ) ) ;
#4682 = VERTEX_POINT ( 'NONE', #6488 ) ;
#4683 = AXIS2_PLACEMENT_3D ( 'NONE', #575, #6795, #7615 ) ;
#4684 = EDGE_CURVE ( 'NONE', #879, #3325, #4869, .T. ) ;
#4685 = FACE_OUTER_BOUND ( 'NONE', #83, .T. ) ;
#4686 = ADVANCED_FACE ( 'NONE', ( #9583 ), #2498, .F. ) ;
#4687 = EDGE_CURVE ( 'NONE', #2104, #4035, #6372, .T. ) ;
#4688 = B_SPLINE_CURVE_WITH_KNOTS ( 'NONE', 3,
 ( #9785, #10068, #4678, #6978, #1281, #8268 ),
 .UNSPECIFIED., .F., .F.,
 ( 4, 2, 4 ),
 ( 0.000000000000000000, 0.003447018691388668583, 0.006894037382777337165 ),
 .UNSPECIFIED. ) ;
#4689 = AXIS2_PLACEMENT_3D ( 'NONE', #641, #793, #1494 ) ;
#4690 = CARTESIAN_POINT ( 'NONE',  ( 66.25617759906268134, 32.53630061542203578, 1.707530954895036368 ) ) ;
#4691 = VECTOR ( 'NONE', #4300, 1000.000000000000000 ) ;
#4692 = CARTESIAN_POINT ( 'NONE',  ( -64.99999999999995737, 38.50000000000000711, 2.000000000000000000 ) ) ;
#4693 = CYLINDRICAL_SURFACE ( 'NONE', #3376, 0.9999999999999940048 ) ;
#4694 = CARTESIAN_POINT ( 'NONE',  ( -68.04022959785091018, 38.33967237670793793, 2.006977577872780749 ) ) ;
#4695 = EDGE_LOOP ( 'NONE', ( #7876, #7322, #5113, #1318 ) ) ;
#4696 = EDGE_CURVE ( 'NONE', #9915, #4129, #1106, .T. ) ;
#4697 = CIRCLE ( 'NONE', #1583, 0.9999999999999942268 ) ;
#4698 = DIRECTION ( 'NONE',  ( -1.000000000000000000, 0.000000000000000000, 0.000000000000000000 ) ) ;
#4699 = DIRECTION ( 'NONE',  ( 0.000000000000000000, 1.000000000000000000, 0.000000000000000000 ) ) ;
#4700 = ORIENTED_EDGE ( 'NONE', *, *, #984, .T. ) ;
#4701 = CARTESIAN_POINT ( 'NONE',  ( -63.01040764008569539, 33.99999999999999289, 4.489592359914372111 ) ) ;
#4702 = ORIENTED_EDGE ( 'NONE', *, *, #699, .F. ) ;
#4703 = FACE_OUTER_BOUND ( 'NONE', #4872, .T. ) ;
#4704 = LINE ( 'NONE', #3978, #5838 ) ;
#4705 = CARTESIAN_POINT ( 'NONE',  ( -53.49999999999997868, 34.00000000000000711, 9.000000000000001776 ) ) ;
#4706 = CARTESIAN_POINT ( 'NONE',  ( 61.49999999999995737, -13.78853150712619779, 5.500000000000000888 ) ) ;
#4707 = EDGE_CURVE ( 'NONE', #141, #1749, #2224, .T. ) ;
#4708 = DIRECTION ( 'NONE',  ( -0.000000000000000000, -0.000000000000000000, -1.000000000000000000 ) ) ;
#4709 = DIRECTION ( 'NONE',  ( -1.000000000000000000, 0.000000000000000000, 0.000000000000000000 ) ) ;
#4710 = DIRECTION ( 'NONE',  ( 0.000000000000000000, 1.000000000000000000, 0.000000000000000000 ) ) ;
#4711 = FACE_BOUND ( 'NONE', #7686, .T. ) ;
#4712 = ORIENTED_EDGE ( 'NONE', *, *, #4002, .T. ) ;
#4713 = CARTESIAN_POINT ( 'NONE',  ( 63.34702591602910360, 40.88966933162799933, 2.752722765142300521 ) ) ;
#4714 = CARTESIAN_POINT ( 'NONE',  ( -41.25971598568354182, 35.61092653178211975, 8.869750509331748134 ) ) ;
#4715 = ORIENTED_EDGE ( 'NONE', *, *, #7556, .T. ) ;
#4716 = CARTESIAN_POINT ( 'NONE',  ( -45.76767997638421548, 38.58578643762704274, 8.000000000000000000 ) ) ;
#4717 = CARTESIAN_POINT ( 'NONE',  ( -39.11239798350757013, 40.47371991367385391, 10.70671066539722815 ) ) ;
#4718 = FACE_OUTER_BOUND ( 'NONE', #7041, .T. ) ;
#4719 = DIRECTION ( 'NONE',  ( -0.000000000000000000, -0.000000000000000000, -1.000000000000000000 ) ) ;
#4720 = VERTEX_POINT ( 'NONE', #1233 ) ;
#4721 = CARTESIAN_POINT ( 'NONE',  ( -38.70631689149158916, 45.00000000000000711, 5.869646242809184677 ) ) ;
#4722 = CARTESIAN_POINT ( 'NONE',  ( 66.18364496223705373, 33.85792812213590253, 2.487148085382862472 ) ) ;
#4723 = EDGE_LOOP ( 'NONE', ( #6703, #7258, #9667, #3765 ) ) ;
#4724 = DIRECTION ( 'NONE',  ( 0.9997336918556556373, -0.02307694452610690658, 0.000000000000000000 ) ) ;
#4725 = EDGE_CURVE ( 'NONE', #9043, #5924, #6635, .T. ) ;
#4726 = ORIENTED_EDGE ( 'NONE', *, *, #9723, .T. ) ;
#4727 = DIRECTION ( 'NONE',  ( 0.000000000000000000, -0.4266572361714853767, -0.9044134026110566271 ) ) ;
#4728 = DIRECTION ( 'NONE',  ( 1.437091981433197844E-15, 1.000000000000000000, -3.469446951953611033E-15 ) ) ;
#4729 = DIRECTION ( 'NONE',  ( 0.000000000000000000, 0.000000000000000000, -1.000000000000000000 ) ) ;
#4730 = CARTESIAN_POINT ( 'NONE',  ( -53.35582543178634296, -39.11747984191758576, 5.457858865112303448 ) ) ;
#4731 = ORIENTED_EDGE ( 'NONE', *, *, #670, .F. ) ;
#4732 = VERTEX_POINT ( 'NONE', #9834 ) ;
#4733 = CARTESIAN_POINT ( 'NONE',  ( 54.75368449112121993, 41.74800789881049212, 6.163655606561992961 ) ) ;
#4734 = ORIENTED_EDGE ( 'NONE', *, *, #9647, .T. ) ;
#4735 = VECTOR ( 'NONE', #5288, 1000.000000000000000 ) ;
#4736 = DIRECTION ( 'NONE',  ( 0.000000000000000000, 0.000000000000000000, -1.000000000000000000 ) ) ;
#4737 = CARTESIAN_POINT ( 'NONE',  ( 67.09298148377328630, 34.03818093155031477, 1.419281532146312585 ) ) ;
#4738 = EDGE_CURVE ( 'NONE', #3632, #9107, #9419, .T. ) ;
#4739 = CARTESIAN_POINT ( 'NONE',  ( 66.73786713729165854, 42.10275142261046000, 1.036396857401805871 ) ) ;
#4740 = DIRECTION ( 'NONE',  ( 9.540979117872439019E-15, 0.000000000000000000, 1.000000000000000000 ) ) ;
#4741 = EDGE_CURVE ( 'NONE', #621, #5884, #5974, .T. ) ;
#4742 = CIRCLE ( 'NONE', #8648, 1.000000000000000888 ) ;
#4743 = ORIENTED_EDGE ( 'NONE', *, *, #136, .F. ) ;
#4744 = CARTESIAN_POINT ( 'NONE',  ( 0.000000000000000000, 27.22994939107031342, 9.000000000000001776 ) ) ;
#4745 = EDGE_CURVE ( 'NONE', #10062, #2515, #4894, .T. ) ;
#4746 = B_SPLINE_CURVE_WITH_KNOTS ( 'NONE', 3,
 ( #855, #5593, #6355, #3958, #9411, #3187 ),
 .UNSPECIFIED., .F., .F.,
 ( 4, 2, 4 ),
 ( 0.000000000000000000, 0.0007665957362833694666, 0.001533191472566738933 ),
 .UNSPECIFIED. ) ;
#4747 = FACE_OUTER_BOUND ( 'NONE', #973, .T. ) ;
#4748 = EDGE_CURVE ( 'NONE', #6197, #3727, #3812, .T. ) ;
#4749 = ORIENTED_EDGE ( 'NONE', *, *, #7978, .F. ) ;
#4750 = AXIS2_PLACEMENT_3D ( 'NONE', #3560, #656, #3755 ) ;
#4751 = DIRECTION ( 'NONE',  ( -6.938893903907222067E-15, 0.3003870635238864439, -0.9538173892666753639 ) ) ;
#4752 = DIRECTION ( 'NONE',  ( -1.000000000000000000, -0.000000000000000000, -0.000000000000000000 ) ) ;
#4753 = ADVANCED_FACE ( 'NONE', ( #2798 ), #8398, .T. ) ;
#4754 = CARTESIAN_POINT ( 'NONE',  ( 53.50000000000000711, 35.00000000000000711, 2.000000000000000000 ) ) ;
#4755 = ORIENTED_EDGE ( 'NONE', *, *, #6972, .T. ) ;
#4756 = CARTESIAN_POINT ( 'NONE',  ( -54.49999999999997868, 34.00000000000000000, 0.000000000000000000 ) ) ;
#4757 = ORIENTED_EDGE ( 'NONE', *, *, #8129, .F. ) ;
#4758 = CARTESIAN_POINT ( 'NONE',  ( -52.32567344579837254, -38.70710678118653192, 6.292893218813555123 ) ) ;
#4759 = FACE_OUTER_BOUND ( 'NONE', #6036, .T. ) ;
#4760 = AXIS2_PLACEMENT_3D ( 'NONE', #6345, #2453, #4446 ) ;
#4761 = AXIS2_PLACEMENT_3D ( 'NONE', #6303, #4728, #5543 ) ;
#4762 = EDGE_CURVE ( 'NONE', #1219, #7721, #10036, .T. ) ;
#4763 = CARTESIAN_POINT ( 'NONE',  ( -41.24395772772106028, 39.31222551424487222, 9.780237367809998972 ) ) ;
#4764 = CARTESIAN_POINT ( 'NONE',  ( -40.49153347953711091, 44.20335297529382501, 6.103694837208271551 ) ) ;
#4765 = ORIENTED_EDGE ( 'NONE', *, *, #1811, .T. ) ;
#4766 = CARTESIAN_POINT ( 'NONE',  ( 58.94182466492096495, 41.79964087614671797, 4.489592359914378328 ) ) ;
#4767 = DIRECTION ( 'NONE',  ( -0.000000000000000000, -1.000000000000000000, -0.000000000000000000 ) ) ;
#4768 = ORIENTED_EDGE ( 'NONE', *, *, #1296, .F. ) ;
#4769 = ADVANCED_FACE ( 'NONE', ( #3722 ), #5456, .T. ) ;
#4770 = CARTESIAN_POINT ( 'NONE',  ( -1.734079847261851048, 39.58008867725909852, 0.000000000000000000 ) ) ;
#4771 = CARTESIAN_POINT ( 'NONE',  ( 37.71417281860164650, 45.00000000000001421, 5.585786437627008105 ) ) ;
#4772 =( BOUNDED_SURFACE ( )  B_SPLINE_SURFACE ( 3, 2, ( 
 ( #5949, #2073, #8302 ),
 ( #9916, #2213, #3795 ),
 ( #3028, #3898, #2362 ),
 ( #5338, #8543, #4463 ),
 ( #6099, #5487, #1503 ),
 ( #4672, #6250, #1549 ),
 ( #3846, #5283, #749 ),
 ( #2311, #5436, #10063 ),
 ( #6865, #9304, #7017 ),
 ( #8446, #7788, #9152 ),
 ( #8393, #2925, #3080 ),
 ( #1406, #6156, #2265 ),
 ( #1455, #6917, #4564 ),
 ( #4517, #5385, #6053 ),
 ( #3748, #7640, #7687 ),
 ( #3132, #8594, #4618 ),
 ( #8495, #9351, #10009 ),
 ( #801, #7584, #702 ) ),
 .UNSPECIFIED., .F., .F., .T. ) 
 B_SPLINE_SURFACE_WITH_KNOTS ( ( 4, 2, 2, 2, 2, 2, 2, 2, 4 ),
 ( 3, 3 ),
 ( 0.008236380521301708141, 0.008796126155613643097, 0.009355871789925578053, 0.009915617424237513008, 0.01047536305854944796, 0.01103510869286138292, 0.01159485432717331788, 0.01215459996148525457, 0.01271434559579718952 ),
 ( 0.000000000000000000, 1.000000000000000000 ),
 .UNSPECIFIED. ) 
 GEOMETRIC_REPRESENTATION_ITEM ( )  RATIONAL_B_SPLINE_SURFACE ( (
 ( 1.000000000000000000, 0.7320287473634510267, 1.000000000000000000),
 ( 1.000000000000000000, 0.7297584875035862950, 1.000000000000000000),
 ( 1.000000000000000000, 0.7274096623415156060, 1.000000000000000000),
 ( 1.000000000000000000, 0.7229529763485509353, 1.000000000000000000),
 ( 1.000000000000000000, 0.7208358293926004912, 1.000000000000000000),
 ( 1.000000000000000000, 0.7173300258459023304, 1.000000000000000000),
 ( 1.000000000000000000, 0.7159171539463659029, 1.000000000000000000),
 ( 1.000000000000000000, 0.7139802280313721772, 1.000000000000000000),
 ( 1.000000000000000000, 0.7134674615830007838, 1.000000000000000000),
 ( 1.000000000000000000, 0.7134708404822929229, 1.000000000000000000),
 ( 1.000000000000000000, 0.7139778683061769327, 1.000000000000000000),
 ( 1.000000000000000000, 0.7158936211893133228, 1.000000000000000000),
 ( 1.000000000000000000, 0.7173202157544601443, 1.000000000000000000),
 ( 1.000000000000000000, 0.7208472767981964902, 1.000000000000000000),
 ( 1.000000000000000000, 0.7229211105431991857, 1.000000000000000000),
 ( 1.000000000000000000, 0.7273667199797710925, 1.000000000000000000),
 ( 1.000000000000000000, 0.7297573873422109614, 1.000000000000000000),
 ( 1.000000000000000000, 0.7320287473634500275, 1.000000000000000000) ) ) 
 REPRESENTATION_ITEM ( '' )  SURFACE ( )  );
#4773 = CARTESIAN_POINT ( 'NONE',  ( -61.78413452497188274, -40.79120702290023104, 2.423451981499082475 ) ) ;
#4774 = CARTESIAN_POINT ( 'NONE',  ( -63.13471550552225864, -42.10167941301051542, 1.072411569167323719 ) ) ;
#4775 = ORIENTED_EDGE ( 'NONE', *, *, #8854, .F. ) ;
#4776 = DIRECTION ( 'NONE',  ( -0.000000000000000000, -0.000000000000000000, -1.000000000000000000 ) ) ;
#4777 = ORIENTED_EDGE ( 'NONE', *, *, #1069, .F. ) ;
#4778 = CARTESIAN_POINT ( 'NONE',  ( -35.74767794058667647, 39.99999999804147421, 11.75528258048457353 ) ) ;
#4779 = VERTEX_POINT ( 'NONE', #8417 ) ;
#4780 = CARTESIAN_POINT ( 'NONE',  ( 40.17313063280398211, 40.03939632946170235, 9.953853172329178989 ) ) ;
#4781 = FACE_OUTER_BOUND ( 'NONE', #8489, .T. ) ;
#4782 = VERTEX_POINT ( 'NONE', #1430 ) ;
#4783 = CARTESIAN_POINT ( 'NONE',  ( 60.49999999999997868, 16.15412518245911500, 5.899224675974110710 ) ) ;
#4784 = DIRECTION ( 'NONE',  ( 0.000000000000000000, 0.000000000000000000, -1.000000000000000000 ) ) ;
#4785 = CARTESIAN_POINT ( 'NONE',  ( 37.25181215987186789, 38.00000000000000711, 3.599159522938018441 ) ) ;
#4786 = DIRECTION ( 'NONE',  ( -1.000000000000000000, 0.000000000000000000, 0.000000000000000000 ) ) ;
#4787 = DIRECTION ( 'NONE',  ( 1.000000000000000000, -0.000000000000000000, 0.000000000000000000 ) ) ;
#4788 = EDGE_CURVE ( 'NONE', #3875, #527, #6885, .T. ) ;
#4789 = AXIS2_PLACEMENT_3D ( 'NONE', #3757, #9968, #9108 ) ;
#4790 = CARTESIAN_POINT ( 'NONE',  ( -42.15268466477018450, 42.05552322588726355, 5.585786437626951262 ) ) ;
#4791 = CARTESIAN_POINT ( 'NONE',  ( 63.77424175958427810, -42.30756047043942658, 1.026999469493790507 ) ) ;
#4792 = CARTESIAN_POINT ( 'NONE',  ( -53.74596825138367251, 42.01077634239955216, 5.568068019574952565 ) ) ;
#4793 = CARTESIAN_POINT ( 'NONE',  ( -67.93582073548076039, 37.59936188672407553, 2.023835883069677433 ) ) ;
#4794 = AXIS2_PLACEMENT_3D ( 'NONE', #1342, #2907, #7567 ) ;
#4795 = VERTEX_POINT ( 'NONE', #3054 ) ;
#4796 = ORIENTED_EDGE ( 'NONE', *, *, #9647, .F. ) ;
#4797 = EDGE_CURVE ( 'NONE', #8921, #7464, #8706, .T. ) ;
#4798 = CARTESIAN_POINT ( 'NONE',  ( -43.99246828194981873, 38.50286852894370782, 9.171999556598754211 ) ) ;
#4799 = EDGE_CURVE ( 'NONE', #25, #3632, #8457, .T. ) ;
#4800 = AXIS2_PLACEMENT_3D ( 'NONE', #9347, #4667, #7544 ) ;
#4801 = CARTESIAN_POINT ( 'NONE',  ( 45.44608827571288145, 38.58033093645311595, 9.004849334376087810 ) ) ;
#4802 = ORIENTED_EDGE ( 'NONE', *, *, #5671, .F. ) ;
#4803 = CARTESIAN_POINT ( 'NONE',  ( -53.78118703667051648, 42.01231934515302413, 5.982903146966866537 ) ) ;
#4804 = EDGE_LOOP ( 'NONE', ( #9501, #3770, #2285, #4505 ) ) ;
#4805 = CARTESIAN_POINT ( 'NONE',  ( 67.79111094237795498, 37.40013650513432708, 1.036396857401803651 ) ) ;
#4806 = CARTESIAN_POINT ( 'NONE',  ( -39.43742706100380957, 40.54862630847848237, 10.08338167035487309 ) ) ;
#4807 = DIRECTION ( 'NONE',  ( 3.499023925556554080E-16, 1.000000000000000000, -3.499023925556591551E-16 ) ) ;
#4808 = CARTESIAN_POINT ( 'NONE',  ( 59.94085935946197452, 41.75515758938276889, 3.954429391855752485 ) ) ;
#4809 = AXIS2_PLACEMENT_3D ( 'NONE', #5049, #4998, #2737 ) ;
#4810 = ORIENTED_EDGE ( 'NONE', *, *, #3344, .F. ) ;
#4811 = ORIENTED_EDGE ( 'NONE', *, *, #6812, .T. ) ;
#4812 = B_SPLINE_CURVE_WITH_KNOTS ( 'NONE', 3,
 ( #8191, #5269, #635, #5074, #3540, #9801, #1300, #5123 ),
 .UNSPECIFIED., .F., .F.,
 ( 4, 2, 2, 4 ),
 ( 0.000000000000000000, 0.001876577172669891989, 0.003753154345339783978, 0.007506308690679567956 ),
 .UNSPECIFIED. ) ;
#4813 = EDGE_CURVE ( 'NONE', #10062, #3632, #6431, .T. ) ;
#4814 = VERTEX_POINT ( 'NONE', #1572 ) ;
#4815 = FACE_BOUND ( 'NONE', #3659, .T. ) ;
#4816 = CARTESIAN_POINT ( 'NONE',  ( 64.51556585784007325, 30.52677043190091766, 2.984371621116103324 ) ) ;
#4817 = ADVANCED_FACE ( 'NONE', ( #1472 ), #5359, .F. ) ;
#4818 = CARTESIAN_POINT ( 'NONE',  ( 37.75922275909516657, 44.70710678118656034, 6.292893218813551570 ) ) ;
#4819 = AXIS2_PLACEMENT_3D ( 'NONE', #5575, #2595, #8127 ) ;
#4820 = EDGE_LOOP ( 'NONE', ( #2430, #4636 ) ) ;
#4821 = CARTESIAN_POINT ( 'NONE',  ( 67.57421281909769561, 39.85026918852777555, 2.004624542951958688 ) ) ;
#4822 = CARTESIAN_POINT ( 'NONE',  ( -64.84270527382663829, 29.99942632330728642, 2.728696411467029126 ) ) ;
#4823 = ORIENTED_EDGE ( 'NONE', *, *, #4304, .F. ) ;
#4824 = CYLINDRICAL_SURFACE ( 'NONE', #6484, 4.000000000000003553 ) ;
#4825 = CARTESIAN_POINT ( 'NONE',  ( 58.08578643762704274, -24.79228831549498580, 8.000000000000001776 ) ) ;
#4826 = CARTESIAN_POINT ( 'NONE',  ( -37.25177238853220985, 38.00000000000000711, 3.593743884534262634 ) ) ;
#4827 = CIRCLE ( 'NONE', #6274, 1.000000000000000444 ) ;
#4828 = CYLINDRICAL_SURFACE ( 'NONE', #4453, 1.000000000000000888 ) ;
#4829 = DIRECTION ( 'NONE',  ( -0.000000000000000000, -0.9044134026110569602, 0.4266572361714848771 ) ) ;
#4830 = VERTEX_POINT ( 'NONE', #6835 ) ;
#4831 = ORIENTED_EDGE ( 'NONE', *, *, #6738, .F. ) ;
#4832 = CARTESIAN_POINT ( 'NONE',  ( -56.47794262231835205, -39.95868148046921675, 4.577127440180996487 ) ) ;
#4833 = CARTESIAN_POINT ( 'NONE',  ( -67.73538104631241197, 39.48376436456282335, 2.004193105410633891 ) ) ;
#4834 = AXIS2_PLACEMENT_3D ( 'NONE', #1504, #6918, #5284 ) ;
#4835 = VERTEX_POINT ( 'NONE', #9980 ) ;
#4836 = CARTESIAN_POINT ( 'NONE',  ( 44.40731147513858446, 35.00000000000000711, 8.061251794642210200 ) ) ;
#4837 =( BOUNDED_SURFACE ( )  B_SPLINE_SURFACE ( 3, 2, ( 
 ( #415, #2745, #1889 ),
 ( #1079, #5057, #8772 ),
 ( #1180, #1838, #7199 ),
 ( #6482, #4187, #8171 ) ),
 .UNSPECIFIED., .F., .F., .F. ) 
 B_SPLINE_SURFACE_WITH_KNOTS ( ( 4, 4 ),
 ( 3, 3 ),
 ( 1.788270772447333234, 2.232583287863290078 ),
 ( 0.000000000000000000, 1.000000000000000000 ),
 .UNSPECIFIED. ) 
 GEOMETRIC_REPRESENTATION_ITEM ( )  RATIONAL_B_SPLINE_SURFACE ( (
 ( 1.000000000000000000, 0.6838386965131302286, 1.000000000000000000),
 ( 1.000000000000000000, 0.6679807933282552179, 1.000000000000000000),
 ( 1.000000000000000000, 0.6523320478168016523, 1.000000000000000000),
 ( 1.000000000000000000, 0.6386085392077582856, 1.000000000000000000) ) ) 
 REPRESENTATION_ITEM ( '' )  SURFACE ( )  );
#4838 = EDGE_CURVE ( 'NONE', #7479, #6773, #9933, .T. ) ;
#4839 = CARTESIAN_POINT ( 'NONE',  ( -53.25379579564057764, 41.70710678118656034, 6.292893218813557787 ) ) ;
#4840 = CARTESIAN_POINT ( 'NONE',  ( -39.55316018564651870, 39.56921620715257859, 10.56809736546623313 ) ) ;
#4841 = FACE_OUTER_BOUND ( 'NONE', #8240, .T. ) ;
#4842 = CARTESIAN_POINT ( 'NONE',  ( 62.75533491408882725, 27.03851582607879678, 4.744665085911282887 ) ) ;
#4843 = TOROIDAL_SURFACE ( 'NONE', #765, 7.000000000000000000, 1.000000000000000000 ) ;
#4844 = AXIS2_PLACEMENT_3D ( 'NONE', #4340, #7454, #5004 ) ;
#4845 = DIRECTION ( 'NONE',  ( -1.000000000000000000, 0.000000000000000000, 0.000000000000000000 ) ) ;
#4846 = CARTESIAN_POINT ( 'NONE',  ( -53.49999999999992184, -38.83503435370124635, 6.164965646298846913 ) ) ;
#4847 = CARTESIAN_POINT ( 'NONE',  ( -67.34022814828584558, 41.76638044191772536, 1.015694493179037261 ) ) ;
#4848 = AXIS2_PLACEMENT_3D ( 'NONE', #3572, #8971, #4238 ) ;
#4849 = DIRECTION ( 'NONE',  ( 0.7071067811865510144, 0.000000000000000000, -0.7071067811865441310 ) ) ;
#4850 = AXIS2_PLACEMENT_3D ( 'NONE', #8750, #6457, #8697 ) ;
#4851 = CARTESIAN_POINT ( 'NONE',  ( -37.48227522645620979, 36.32995926461796188, 1.977047241281732370 ) ) ;
#4852 = ORIENTED_EDGE ( 'NONE', *, *, #615, .T. ) ;
#4853 = ORIENTED_EDGE ( 'NONE', *, *, #2551, .F. ) ;
#4854 = CARTESIAN_POINT ( 'NONE',  ( 63.01040764008572381, 0.000000000000000000, 4.489592359914372999 ) ) ;
#4855 = CIRCLE ( 'NONE', #7947, 2.000000000000002220 ) ;
#4856 = CIRCLE ( 'NONE', #3856, 1.600000000000004086 ) ;
#4857 = CARTESIAN_POINT ( 'NONE',  ( 45.59855840065562660, 39.00000000000265743, 9.000000000000781597 ) ) ;
#4858 = VERTEX_POINT ( 'NONE', #9888 ) ;
#4859 = CARTESIAN_POINT ( 'NONE',  ( -64.96295091130846799, 31.39625736791350974, 2.879749546380899972 ) ) ;
#4860 = EDGE_CURVE ( 'NONE', #9394, #1391, #3446, .T. ) ;
#4861 = PLANE ( 'NONE',  #5896 ) ;
#4862 =( NAMED_UNIT ( * ) PLANE_ANGLE_UNIT ( ) SI_UNIT ( $, .RADIAN. ) );
#4863 = CARTESIAN_POINT ( 'NONE',  ( -45.40591649480958836, 39.28743935864380887, 8.712560641356326130 ) ) ;
#4864 = CARTESIAN_POINT ( 'NONE',  ( 37.59521695052568901, 38.00000000000001421, 3.588698996618763015 ) ) ;
#4865 = CIRCLE ( 'NONE', #5670, 1.000000000000000000 ) ;
#4866 = CIRCLE ( 'NONE', #5176, 1.000000000000000666 ) ;
#4867 = ORIENTED_EDGE ( 'NONE', *, *, #7049, .F. ) ;
#4868 = CARTESIAN_POINT ( 'NONE',  ( -45.22532245313463761, 35.00000000000000000, 8.016356623453123831 ) ) ;
#4869 = LINE ( 'NONE', #1895, #2833 ) ;
#4870 = CIRCLE ( 'NONE', #1763, 15.52081528017139966 ) ;
#4871 = DIRECTION ( 'NONE',  ( -1.000000000000000000, -9.813077866773532953E-15, 0.000000000000000000 ) ) ;
#4872 = EDGE_LOOP ( 'NONE', ( #9452, #2347, #441, #3365 ) ) ;
#4873 = DIRECTION ( 'NONE',  ( 0.000000000000000000, -1.000000000000000000, -0.000000000000000000 ) ) ;
#4874 = VERTEX_POINT ( 'NONE', #2184 ) ;
#4875 = EDGE_CURVE ( 'NONE', #3897, #9360, #6122, .T. ) ;
#4876 = ORIENTED_EDGE ( 'NONE', *, *, #6972, .F. ) ;
#4877 = CARTESIAN_POINT ( 'NONE',  ( 37.17623546313607363, 36.86403780339417580, 2.051187528044908337 ) ) ;
#4878 = DIRECTION ( 'NONE',  ( -1.000000000000000000, 0.000000000000000000, 0.000000000000000000 ) ) ;
#4879 = ADVANCED_FACE ( 'NONE', ( #4747 ), #2904, .T. ) ;
#4880 = CARTESIAN_POINT ( 'NONE',  ( -61.50198984954620585, -41.57606020283810011, 2.284944444196497226 ) ) ;
#4881 = DIRECTION ( 'NONE',  ( 8.385697043307598823E-16, 1.000000000000000000, 0.000000000000000000 ) ) ;
#4882 = VERTEX_POINT ( 'NONE', #5560 ) ;
#4883 = CARTESIAN_POINT ( 'NONE',  ( -55.18041933941717048, -39.54097311615559107, 4.740928947180004016 ) ) ;
#4885 = ORIENTED_EDGE ( 'NONE', *, *, #6411, .F. ) ;
#4884 = EDGE_CURVE ( 'NONE', #2697, #6966, #1063, .T. ) ;
#4886 = CARTESIAN_POINT ( 'NONE',  ( -38.17721897867841108, 37.54672904986371407, 2.129672930378120999 ) ) ;
#4887 = CARTESIAN_POINT ( 'NONE',  ( 64.52711631980791651, 29.43301303736487284, 2.175870632887393796 ) ) ;
#4888 = EDGE_LOOP ( 'NONE', ( #5741, #4439 ) ) ;
#4889 = CARTESIAN_POINT ( 'NONE',  ( 37.25181215987186789, 38.00000000000000711, 10.24355300057617235 ) ) ;
#4890 = DIRECTION ( 'NONE',  ( -1.000000000000000000, -0.000000000000000000, 0.000000000000000000 ) ) ;
#4891 = CARTESIAN_POINT ( 'NONE',  ( -35.53207675028569668, 40.00000000000000711, 11.80391671399579856 ) ) ;
#4892 = CARTESIAN_POINT ( 'NONE',  ( 53.58610283600648216, 42.00447522303132786, 5.995687596072589720 ) ) ;
#4893 = CARTESIAN_POINT ( 'NONE',  ( -53.49999999999997868, 34.00000000000000711, 8.000000000000000000 ) ) ;
#4894 =( BOUNDED_CURVE ( )  B_SPLINE_CURVE ( 3, ( #5872, #6688, #8977, #7553 ),
 .UNSPECIFIED., .F., .T. ) 
 B_SPLINE_CURVE_WITH_KNOTS ( ( 4, 4 ),
 ( 4.542801806416450816, 4.649848218588195081 ),
 .UNSPECIFIED. ) 
 CURVE ( )  GEOMETRIC_REPRESENTATION_ITEM ( )  RATIONAL_B_SPLINE_CURVE ( ( 1.000000000000000000, 0.9990453167455106698, 0.9990453167455106698, 1.000000000000000000 ) ) 
 REPRESENTATION_ITEM ( '' )  );
#4895 = DIRECTION ( 'NONE',  ( 0.000000000000000000, 0.000000000000000000, 1.000000000000000000 ) ) ;
#4896 = DIRECTION ( 'NONE',  ( 0.000000000000000000, -0.000000000000000000, -1.000000000000000000 ) ) ;
#4897 = EDGE_CURVE ( 'NONE', #1831, #1461, #3959, .T. ) ;
#4898 = CARTESIAN_POINT ( 'NONE',  ( 66.59999999999996589, -38.49999999999996447, 2.000000000000000000 ) ) ;
#4899 = CARTESIAN_POINT ( 'NONE',  ( 37.25177238853002848, 38.00000000000000711, 3.593743884534262634 ) ) ;
#4900 = DIRECTION ( 'NONE',  ( 1.000000000000000000, 0.000000000000000000, 0.000000000000000000 ) ) ;
#4901 = ORIENTED_EDGE ( 'NONE', *, *, #1674, .F. ) ;
#4902 = ORIENTED_EDGE ( 'NONE', *, *, #59, .F. ) ;
#4903 = DIRECTION ( 'NONE',  ( 0.000000000000000000, 0.000000000000000000, -1.000000000000000000 ) ) ;
#4904 = CARTESIAN_POINT ( 'NONE',  ( -53.49999999999997158, -31.99999999999998579, 8.000000000000000000 ) ) ;
#4905 = EDGE_LOOP ( 'NONE', ( #8869, #7024, #2900, #7873 ) ) ;
#4906 = DIRECTION ( 'NONE',  ( 0.7888953548225486889, 0.6145275576728881362, 0.000000000000000000 ) ) ;
#4907 = CIRCLE ( 'NONE', #1971, 1.000000000000000666 ) ;
#4908 = CARTESIAN_POINT ( 'NONE',  ( -45.22532245313465182, 39.27653659536044017, 8.723463404639691277 ) ) ;
#4909 = VERTEX_POINT ( 'NONE', #8668 ) ;
#4910 = CARTESIAN_POINT ( 'NONE',  ( -64.81824282052579633, 30.12434103160574850, 2.521914757698146214 ) ) ;
#4911 = ORIENTED_EDGE ( 'NONE', *, *, #8674, .T. ) ;
#4912 = CARTESIAN_POINT ( 'NONE',  ( -57.28316869836375957, -39.72556520119589862, 4.489592359914378328 ) ) ;
#4913 = EDGE_CURVE ( 'NONE', #7856, #5827, #6763, .T. ) ;
#4914 = CARTESIAN_POINT ( 'NONE',  ( -37.45905257560887236, 37.16083348119013863, 2.185301356612573187 ) ) ;
#4915 = EDGE_CURVE ( 'NONE', #1610, #3703, #922, .T. ) ;
#4916 = VECTOR ( 'NONE', #5196, 1000.000000000000114 ) ;
#4917 = CARTESIAN_POINT ( 'NONE',  ( -64.88374495952290033, 31.13412617334336119, 2.886809978272498967 ) ) ;
#4918 = EDGE_LOOP ( 'NONE', ( #234, #7377, #3181, #8468 ) ) ;
#4919 = CARTESIAN_POINT ( 'NONE',  ( 65.15634710731951884, 41.40250300290806251, 2.172958747404919233 ) ) ;
#4920 = VERTEX_POINT ( 'NONE', #9372 ) ;
#4921 = ORIENTED_EDGE ( 'NONE', *, *, #1248, .T. ) ;
#4922 = CARTESIAN_POINT ( 'NONE',  ( -60.49999999999997868, -18.10646878060354936, 5.585786437627026757 ) ) ;
#4923 = CARTESIAN_POINT ( 'NONE',  ( -56.69544737387884936, -40.02870223093124480, 3.782485578727836639 ) ) ;
#4924 = AXIS2_PLACEMENT_3D ( 'NONE', #1195, #5171, #4310 ) ;
#4925 = CARTESIAN_POINT ( 'NONE',  ( 41.08401631062694292, 44.15558141929021474, 5.452194488184175292 ) ) ;
#4926 = VECTOR ( 'NONE', #6118, 1000.000000000000000 ) ;
#4927 = ORIENTED_EDGE ( 'NONE', *, *, #1134, .T. ) ;
#4928 = DIRECTION ( 'NONE',  ( 0.000000000000000000, 0.000000000000000000, 1.000000000000000000 ) ) ;
#4929 = ORIENTED_EDGE ( 'NONE', *, *, #7794, .F. ) ;
#4930 = DIRECTION ( 'NONE',  ( -0.000000000000000000, -0.000000000000000000, -1.000000000000000000 ) ) ;
#4931 = ADVANCED_FACE ( 'NONE', ( #5512 ), #573, .T. ) ;
#4932 = VERTEX_POINT ( 'NONE', #8063 ) ;
#4933 = CARTESIAN_POINT ( 'NONE',  ( -45.44611243720677152, 38.58033257745725564, 9.004847875706472493 ) ) ;
#4934 = CARTESIAN_POINT ( 'NONE',  ( -41.16100176169309321, 38.67566863639211761, 10.06245458226002398 ) ) ;
#4935 = ORIENTED_EDGE ( 'NONE', *, *, #6850, .F. ) ;
#4936 = DIRECTION ( 'NONE',  ( -0.000000000000000000, 0.000000000000000000, 1.000000000000000000 ) ) ;
#4937 = FACE_OUTER_BOUND ( 'NONE', #5472, .T. ) ;
#4938 = CARTESIAN_POINT ( 'NONE',  ( -40.78843619973462609, 43.99777443085825013, 6.159301269370724086 ) ) ;
#4939 = CARTESIAN_POINT ( 'NONE',  ( -61.73447794271157107, 25.20630039435421565, 5.765522057288510638 ) ) ;
#4940 = ORIENTED_EDGE ( 'NONE', *, *, #7883, .F. ) ;
#4941 = CARTESIAN_POINT ( 'NONE',  ( -64.99999999999995737, -38.49999999999999289, 1.000000000000000000 ) ) ;
#4942 = DIRECTION ( 'NONE',  ( -0.000000000000000000, -0.000000000000000000, -1.000000000000000000 ) ) ;
#4943 = DIRECTION ( 'NONE',  ( -0.000000000000000000, -0.000000000000000000, -1.000000000000000000 ) ) ;
#4944 = FACE_OUTER_BOUND ( 'NONE', #8793, .T. ) ;
#4945 = CARTESIAN_POINT ( 'NONE',  ( -43.78562883546704398, 35.09075337199696776, 1.226523005122887033 ) ) ;
#4946 = FACE_OUTER_BOUND ( 'NONE', #9923, .T. ) ;
#4947 = VERTEX_POINT ( 'NONE', #6373 ) ;
#4948 = CARTESIAN_POINT ( 'NONE',  ( 60.49999999999997158, 13.65651987538036494, 5.499999999999997335 ) ) ;
#4949 =( BOUNDED_CURVE ( )  B_SPLINE_CURVE ( 3, ( #2109, #4606, #6041, #1306 ),
 .UNSPECIFIED., .F., .F. ) 
 B_SPLINE_CURVE_WITH_KNOTS ( ( 4, 4 ),
 ( 4.516174309883140836, 4.662083527306341679 ),
 .UNSPECIFIED. ) 
 CURVE ( )  GEOMETRIC_REPRESENTATION_ITEM ( )  RATIONAL_B_SPLINE_CURVE ( ( 1.000000000000000000, 0.9982266617628489103, 0.9982266617628489103, 1.000000000000000000 ) ) 
 REPRESENTATION_ITEM ( '' )  );
#4950 = ORIENTED_EDGE ( 'NONE', *, *, #9403, .F. ) ;
#4951 = DIRECTION ( 'NONE',  ( -1.000000000000000000, 0.000000000000000000, 0.000000000000000000 ) ) ;
#4952 = CIRCLE ( 'NONE', #9498, 1.000000000000000888 ) ;
#4953 = EDGE_LOOP ( 'NONE', ( #3677, #9278, #934, #1073 ) ) ;
#4954 = PRESENTATION_STYLE_ASSIGNMENT (( #6681 ) ) ;
#4955 = DIRECTION ( 'NONE',  ( 0.9116773148860493059, -0.4109068915486369655, 0.000000000000000000 ) ) ;
#4956 = CARTESIAN_POINT ( 'NONE',  ( -37.65734048448674542, 37.47271704582061602, 2.560894905733593685 ) ) ;
#4957 = DIRECTION ( 'NONE',  ( 0.000000000000000000, 0.3003870635238867215, -0.9538173892666753639 ) ) ;
#4958 = AXIS2_PLACEMENT_3D ( 'NONE', #5467, #5318, #681 ) ;
#4959 = CARTESIAN_POINT ( 'NONE',  ( -66.38484756747511994, 42.26626501282652271, 1.051815126796666666 ) ) ;
#4960 = DIRECTION ( 'NONE',  ( -0.000000000000000000, -0.000000000000000000, -1.000000000000000000 ) ) ;
#4961 = CARTESIAN_POINT ( 'NONE',  ( -40.17212010501409480, 44.37309545725738502, 6.071678486309016520 ) ) ;
#4962 = EDGE_LOOP ( 'NONE', ( #9139, #10051, #2253, #1304, #9484, #8368 ) ) ;
#4963 = DIRECTION ( 'NONE',  ( 0.6145275576728842504, 0.7888953548225519086, -0.000000000000000000 ) ) ;
#4964 = ORIENTED_EDGE ( 'NONE', *, *, #8799, .T. ) ;
#4965 = ORIENTED_EDGE ( 'NONE', *, *, #2396, .T. ) ;
#4966 = CARTESIAN_POINT ( 'NONE',  ( 64.69206400501765586, 30.29205913454513777, 2.807935994982457384 ) ) ;
#4967 = CARTESIAN_POINT ( 'NONE',  ( -45.60688389318192293, 38.58578643762766802, 9.000000000000001776 ) ) ;
#4968 = EDGE_CURVE ( 'NONE', #8921, #5110, #9357, .T. ) ;
#4969 = CARTESIAN_POINT ( 'NONE',  ( -37.86630628488531869, 37.78892139793684635, 3.594345959531309642 ) ) ;
#4970 = VERTEX_POINT ( 'NONE', #4904 ) ;
#4971 = CARTESIAN_POINT ( 'NONE',  ( 58.53722043887548665, 41.21973103809760630, 3.782485578727834863 ) ) ;
#4972 = FACE_OUTER_BOUND ( 'NONE', #9185, .T. ) ;
#4973 = TOROIDAL_SURFACE ( 'NONE', #7579, 9.000000000000001776, 1.000000000000000000 ) ;
#4974 = ORIENTED_EDGE ( 'NONE', *, *, #9947, .T. ) ;
#4975 = CARTESIAN_POINT ( 'NONE',  ( -35.31203116122313901, 41.00000000000000711, 10.82842712474632485 ) ) ;
#4976 = DIRECTION ( 'NONE',  ( 1.000000000000000000, -3.499023925556554573E-16, 0.000000000000000000 ) ) ;
#4977 = VERTEX_POINT ( 'NONE', #8618 ) ;
#4978 = DIRECTION ( 'NONE',  ( 1.000000000000000000, 8.022176473556692566E-15, 0.000000000000000000 ) ) ;
#4979 = DIRECTION ( 'NONE',  ( -1.000000000000000000, 0.000000000000000000, 0.000000000000000000 ) ) ;
#4980 = EDGE_CURVE ( 'NONE', #7414, #284, #76, .T. ) ;
#4981 = CIRCLE ( 'NONE', #8073, 1.600000000000004086 ) ;
#4982 = EDGE_LOOP ( 'NONE', ( #9494, #975, #8181, #4929 ) ) ;
#4983 = DIRECTION ( 'NONE',  ( 0.000000000000000000, 1.000000000000000000, 0.000000000000000000 ) ) ;
#4984 = CARTESIAN_POINT ( 'NONE',  ( -54.49999999999997868, -13.78853150712619957, 4.499999999999999112 ) ) ;
#4985 = AXIS2_PLACEMENT_3D ( 'NONE', #8347, #7688, #7738 ) ;
#4986 = DIRECTION ( 'NONE',  ( 0.000000000000000000, 0.000000000000000000, -1.000000000000000000 ) ) ;
#4987 = DIRECTION ( 'NONE',  ( 0.6145275576728832512, -0.7888953548225526857, 0.000000000000000000 ) ) ;
#4988 = CARTESIAN_POINT ( 'NONE',  ( -67.61418277802255261, 37.20108770218964622, 2.063153255624144311 ) ) ;
#4989 = FACE_OUTER_BOUND ( 'NONE', #4189, .T. ) ;
#4990 = CARTESIAN_POINT ( 'NONE',  ( 33.77171203778522823, 39.00000000000000711, 11.00000000000000000 ) ) ;
#4991 = ADVANCED_FACE ( 'NONE', ( #1621 ), #5011, .T. ) ;
#4992 = CARTESIAN_POINT ( 'NONE',  ( -64.94422456301154511, 30.24105459974717292, 2.377810437557361212 ) ) ;
#4993 = EDGE_CURVE ( 'NONE', #8383, #5948, #9519, .T. ) ;
#4994 = CIRCLE ( 'NONE', #4175, 0.9999999999999996669 ) ;
#4995 = EDGE_CURVE ( 'NONE', #4932, #5486, #743, .T. ) ;
#4996 = CARTESIAN_POINT ( 'NONE',  ( -36.17171203778518418, 45.00000000000001421, 11.63151361133556883 ) ) ;
#4997 = ORIENTED_EDGE ( 'NONE', *, *, #1532, .T. ) ;
#4998 = DIRECTION ( 'NONE',  ( -0.000000000000000000, 0.000000000000000000, 1.000000000000000000 ) ) ;
#4999 = CARTESIAN_POINT ( 'NONE',  ( -67.83557292631944335, 37.29847460821658700, 2.038511302379619305 ) ) ;
#5000 = AXIS2_PLACEMENT_3D ( 'NONE', #1205, #335, #3393 ) ;
#5001 = ORIENTED_EDGE ( 'NONE', *, *, #9260, .T. ) ;
#5002 = ADVANCED_FACE ( 'NONE', ( #1122 ), #5270, .T. ) ;
#5003 = B_SPLINE_CURVE_WITH_KNOTS ( 'NONE', 3,
 ( #6403, #4112, #7791, #9807, #2817, #1105 ),
 .UNSPECIFIED., .F., .F.,
 ( 4, 2, 4 ),
 ( 0.000000000000000000, 0.0007741973182068542184, 0.001548394636413708437 ),
 .UNSPECIFIED. ) ;
#5004 = DIRECTION ( 'NONE',  ( 0.000000000000000000, 0.000000000000000000, -1.000000000000000000 ) ) ;
#5005 = FILL_AREA_STYLE ('',( #5913 ) ) ;
#5006 = CARTESIAN_POINT ( 'NONE',  ( 40.93897750590918605, 41.73337212893531500, 10.82842712474632663 ) ) ;
#5007 = EDGE_CURVE ( 'NONE', #2515, #9892, #8214, .T. ) ;
#5008 = EDGE_CURVE ( 'NONE', #7706, #6619, #9674, .T. ) ;
#5009 = FACE_OUTER_BOUND ( 'NONE', #7341, .T. ) ;
#5010 = FACE_OUTER_BOUND ( 'NONE', #4655, .T. ) ;
#5011 =( BOUNDED_SURFACE ( )  B_SPLINE_SURFACE ( 3, 2, ( 
 ( #1733, #7192, #3152 ),
 ( #3310, #6422, #9524 ),
 ( #2537, #8766, #1024 ),
 ( #7450, #8920, #8967 ) ),
 .UNSPECIFIED., .F., .F., .T. ) 
 B_SPLINE_SURFACE_WITH_KNOTS ( ( 4, 4 ),
 ( 3, 3 ),
 ( 0.5136960763407154573, 0.5535818229020641468 ),
 ( 0.000000000000000000, 1.000000000000000000 ),
 .UNSPECIFIED. ) 
 GEOMETRIC_REPRESENTATION_ITEM ( )  RATIONAL_B_SPLINE_SURFACE ( (
 ( 1.000000000000000000, 0.7238674278156095321, 1.000000000000000000),
 ( 1.000000000000000000, 0.7399295417825025867, 1.000000000000000000),
 ( 1.000000000000000000, 0.7553644313409794142, 1.000000000000000000),
 ( 1.000000000000000000, 0.7700578284497336945, 1.000000000000000000) ) ) 
 REPRESENTATION_ITEM ( '' )  SURFACE ( )  );
#5012 = AXIS2_PLACEMENT_3D ( 'NONE', #7143, #2386, #4751 ) ;
#5013 = AXIS2_PLACEMENT_3D ( 'NONE', #6526, #195, #2591 ) ;
#5014 = ORIENTED_EDGE ( 'NONE', *, *, #1439, .T. ) ;
#5015 = DIRECTION ( 'NONE',  ( 1.000000000000000000, 0.000000000000000000, 0.000000000000000000 ) ) ;
#5016 = CARTESIAN_POINT ( 'NONE',  ( -37.77301202633426414, 37.65330157522539878, 2.885172417670540668 ) ) ;
#5017 = DIRECTION ( 'NONE',  ( -0.000000000000000000, 1.000000000000000000, 0.000000000000000000 ) ) ;
#5018 = ORIENTED_EDGE ( 'NONE', *, *, #7550, .F. ) ;
#5019 = FACE_OUTER_BOUND ( 'NONE', #6694, .T. ) ;
#5020 = ORIENTED_EDGE ( 'NONE', *, *, #3951, .T. ) ;
#5021 = TOROIDAL_SURFACE ( 'NONE', #3378, 9.000000000000001776, 1.000000000000000000 ) ;
#5022 = EDGE_LOOP ( 'NONE', ( #8422, #6297, #1813, #2600 ) ) ;
#5023 = EDGE_CURVE ( 'NONE', #8064, #6808, #7422, .T. ) ;
#5024 = CARTESIAN_POINT ( 'NONE',  ( -64.85702245493948226, 30.81058620711859675, 2.833649698248976723 ) ) ;
#5025 = CARTESIAN_POINT ( 'NONE',  ( -38.78086727521984756, 38.57779070964507895, 10.81097224971866844 ) ) ;
#5026 = FACE_OUTER_BOUND ( 'NONE', #4888, .T. ) ;
#5027 = CARTESIAN_POINT ( 'NONE',  ( -59.90683671986523251, 41.75667248882404436, 3.972654642999261299 ) ) ;
#5028 = AXIS2_PLACEMENT_3D ( 'NONE', #5476, #4506, #2257 ) ;
#5029 = DIRECTION ( 'NONE',  ( 0.000000000000000000, 0.000000000000000000, 1.000000000000000000 ) ) ;
#5030 = ORIENTED_EDGE ( 'NONE', *, *, #7794, .T. ) ;
#5031 = CARTESIAN_POINT ( 'NONE',  ( -58.08578643762701432, 45.00000000000001421, 8.000000000000000000 ) ) ;
#5032 = CARTESIAN_POINT ( 'NONE',  ( -40.34724300086855209, 39.90558252864911992, 9.927353580932447130 ) ) ;
#5033 = ORIENTED_EDGE ( 'NONE', *, *, #9443, .F. ) ;
#5034 = CARTESIAN_POINT ( 'NONE',  ( -0.000000000000000000, 42.00000000000000711, 0.000000000000000000 ) ) ;
#5035 = CARTESIAN_POINT ( 'NONE',  ( 40.34120354741310166, 44.62022513274265378, 5.364622300189334503 ) ) ;
#5036 = DIRECTION ( 'NONE',  ( -0.000000000000000000, 0.000000000000000000, 1.000000000000000000 ) ) ;
#5037 = CARTESIAN_POINT ( 'NONE',  ( -67.31213347517571322, -36.17701305229574160, 2.000000000000000444 ) ) ;
#5038 = ADVANCED_FACE ( 'NONE', ( #467 ), #6769, .T. ) ;
#5039 = EDGE_CURVE ( 'NONE', #9394, #3494, #236, .T. ) ;
#5040 = CARTESIAN_POINT ( 'NONE',  ( 6.352246353575158544, -19.73191883757087339, 2.000000000000000000 ) ) ;
#5041 = CARTESIAN_POINT ( 'NONE',  ( -39.50258783847264255, 44.90894526816119736, 5.364358310185883383 ) ) ;
#5042 = CARTESIAN_POINT ( 'NONE',  ( -67.44391866291910276, 36.90425496477546830, 2.092804718456861668 ) ) ;
#5043 = DIRECTION ( 'NONE',  ( 0.000000000000000000, -0.4109068915486412954, 0.9116773148860474185 ) ) ;
#5044 = CARTESIAN_POINT ( 'NONE',  ( 63.13473216954687217, -42.10168477761747141, 1.072410387377149110 ) ) ;
#5045 = CARTESIAN_POINT ( 'NONE',  ( 58.90149343283639638, 25.80890601210882807, 8.598506567163742176 ) ) ;
#5046 = VERTEX_POINT ( 'NONE', #9733 ) ;
#5047 = CARTESIAN_POINT ( 'NONE',  ( 62.18758410357081345, -39.23093310038733250, 2.776777445560039137 ) ) ;
#5048 = B_SPLINE_CURVE_WITH_KNOTS ( 'NONE', 3,
 ( #4543, #9175, #1383, #5313 ),
 .UNSPECIFIED., .F., .F.,
 ( 4, 4 ),
 ( 1.398578778534940505E-17, 0.0005686502470731997615 ),
 .UNSPECIFIED. ) ;
#5049 = CARTESIAN_POINT ( 'NONE',  ( 53.50000000000001421, -30.99999999999998579, 4.489592359914374775 ) ) ;
#5050 = ADVANCED_FACE ( 'NONE', ( #299 ), #2136, .F. ) ;
#5051 = CARTESIAN_POINT ( 'NONE',  ( 40.34565258367637597, 39.90459633480500656, 9.930681016175814335 ) ) ;
#5052 = EDGE_CURVE ( 'NONE', #4228, #4042, #423, .T. ) ;
#5053 = ORIENTED_EDGE ( 'NONE', *, *, #699, .T. ) ;
#5054 = CARTESIAN_POINT ( 'NONE',  ( -64.95473742729407718, -35.58934783416031422, 2.613527511795518343 ) ) ;
#5055 = DIRECTION ( 'NONE',  ( 0.6145275576728864708, -0.7888953548225501322, 0.000000000000000000 ) ) ;
#5056 = CARTESIAN_POINT ( 'NONE',  ( 61.49999999999996447, -18.58303575079964887, 6.000000000000158096 ) ) ;
#5057 = CARTESIAN_POINT ( 'NONE',  ( 41.52219870647968492, 35.50426090815947333, 9.948863398173815042 ) ) ;
#5058 = CARTESIAN_POINT ( 'NONE',  ( -64.39508311017344511, -41.47862364522306677, 2.006375433074491621 ) ) ;
#5059 = CYLINDRICAL_SURFACE ( 'NONE', #9178, 4.000000000000003553 ) ;
#5060 = EDGE_CURVE ( 'NONE', #3266, #7706, #5624, .T. ) ;
#5061 = CARTESIAN_POINT ( 'NONE',  ( 40.27583569124132623, 39.10766778958215895, 10.34082643315063166 ) ) ;
#5062 = CARTESIAN_POINT ( 'NONE',  ( -36.72653864916160416, -20.46295559210646431, 0.000000000000000000 ) ) ;
#5063 = EDGE_CURVE ( 'NONE', #698, #1219, #5301, .T. ) ;
#5064 = ORIENTED_EDGE ( 'NONE', *, *, #3416, .F. ) ;
#5065 = DIRECTION ( 'NONE',  ( 0.000000000000000000, -1.000000000000000000, 0.000000000000000000 ) ) ;
#5066 = VERTEX_POINT ( 'NONE', #6114 ) ;
#5067 = ORIENTED_EDGE ( 'NONE', *, *, #6876, .T. ) ;
#5068 = CARTESIAN_POINT ( 'NONE',  ( 45.22532245313247046, 46.00000000000001421, 5.585786437626938827 ) ) ;
#5069 = DIRECTION ( 'NONE',  ( 0.000000000000000000, -1.000000000000000000, 0.000000000000000000 ) ) ;
#5070 =( BOUNDED_SURFACE ( )  B_SPLINE_SURFACE ( 3, 2, ( 
 ( #6009, #4381, #504 ),
 ( #4421, #3610, #9816 ),
 ( #2827, #5954, #2124 ),
 ( #8351, #1361, #5493 ) ),
 .UNSPECIFIED., .F., .F., .T. ) 
 B_SPLINE_SURFACE_WITH_KNOTS ( ( 4, 4 ),
 ( 3, 3 ),
 ( 0.000000000000000000, 0.3050984327404884788 ),
 ( 0.000000000000000000, 1.000000000000000000 ),
 .UNSPECIFIED. ) 
 GEOMETRIC_REPRESENTATION_ITEM ( )  RATIONAL_B_SPLINE_SURFACE ( (
 ( 1.000000000000000000, 0.9238795325112859613, 1.000000000000000000),
 ( 1.000000000000000000, 0.9238814110471600394, 1.000000000000000000),
 ( 1.000000000000000000, 0.9209041503553858643, 1.000000000000000000),
 ( 1.000000000000000000, 0.9150002032688602238, 1.000000000000000000) ) ) 
 REPRESENTATION_ITEM ( '' )  SURFACE ( )  );
#5071 = DIRECTION ( 'NONE',  ( 1.000000000000000000, 0.000000000000000000, -0.000000000000000000 ) ) ;
#5072 = CARTESIAN_POINT ( 'NONE',  ( 65.87434121840212242, -30.70533164181839680, 2.581849601323883192 ) ) ;
#5073 = AXIS2_PLACEMENT_3D ( 'NONE', #2625, #8855, #4986 ) ;
#5074 = CARTESIAN_POINT ( 'NONE',  ( -61.74481534907185676, -40.78119642612183071, 2.434189032398367480 ) ) ;
#5075 = EDGE_CURVE ( 'NONE', #4642, #1435, #2355, .T. ) ;
#5076 = ORIENTED_EDGE ( 'NONE', *, *, #3607, .F. ) ;
#5077 = DIRECTION ( 'NONE',  ( 0.000000000000000000, -1.000000000000000000, 0.000000000000000000 ) ) ;
#5078 = DIRECTION ( 'NONE',  ( 0.7071067811865513475, -0.000000000000000000, 0.7071067811865437980 ) ) ;
#5079 = ORIENTED_EDGE ( 'NONE', *, *, #3354, .T. ) ;
#5080 = CIRCLE ( 'NONE', #4583, 8.000000000000000000 ) ;
#5081 = CARTESIAN_POINT ( 'NONE',  ( -64.39141513174469367, -41.47763462555206360, 2.006625756098283198 ) ) ;
#5082 = CARTESIAN_POINT ( 'NONE',  ( 40.12335755986226360, 44.71500964406531864, 5.770571790358065556 ) ) ;
#5083 = CIRCLE ( 'NONE', #8493, 1.000000000000000000 ) ;
#5084 = CARTESIAN_POINT ( 'NONE',  ( 67.66231006422459870, -37.35017169893578171, 2.000000000000000000 ) ) ;
#5085 = CARTESIAN_POINT ( 'NONE',  ( -67.12219872147284150, 41.89992653240901177, 1.022057503826894420 ) ) ;
#5086 = AXIS2_PLACEMENT_3D ( 'NONE', #2808, #5071, #1341 ) ;
#5087 = CARTESIAN_POINT ( 'NONE',  ( 68.00611435712733055, 38.88442836167413219, 2.002697424019936889 ) ) ;
#5088 = FACE_OUTER_BOUND ( 'NONE', #2948, .T. ) ;
#5089 = DIRECTION ( 'NONE',  ( -0.000000000000000000, 0.000000000000000000, 1.000000000000000000 ) ) ;
#5090 = B_SPLINE_CURVE_WITH_KNOTS ( 'NONE', 3,
 ( #4220, #7333, #8902, #1924, #5037, #8150 ),
 .UNSPECIFIED., .F., .F.,
 ( 4, 2, 4 ),
 ( 0.000000000000000000, 0.003365368362071845688, 0.006730736724143691375 ),
 .UNSPECIFIED. ) ;
#5091 = CARTESIAN_POINT ( 'NONE',  ( 62.30330085889917058, -25.21592143066265734, 3.782485578727834863 ) ) ;
#5092 = CARTESIAN_POINT ( 'NONE',  ( -64.08068131968819614, -41.35567035282959125, 1.026999469493785622 ) ) ;
#5093 = CARTESIAN_POINT ( 'NONE',  ( 63.01040764008572381, 33.99999999999999289, 4.489592359914376551 ) ) ;
#5094 = ORIENTED_EDGE ( 'NONE', *, *, #1376, .F. ) ;
#5095 = EDGE_CURVE ( 'NONE', #1718, #986, #4827, .T. ) ;
#5096 = CARTESIAN_POINT ( 'NONE',  ( -68.15201189704673368, -35.75878956917372875, 1.000000003155731010 ) ) ;
#5097 = FACE_OUTER_BOUND ( 'NONE', #3140, .T. ) ;
#5098 = ORIENTED_EDGE ( 'NONE', *, *, #7900, .F. ) ;
#5099 = CARTESIAN_POINT ( 'NONE',  ( -68.49423036433972811, 36.55311680860764056, 1.061205990658732778 ) ) ;
#5100 = ORIENTED_EDGE ( 'NONE', *, *, #6401, .T. ) ;
#5101 = CARTESIAN_POINT ( 'NONE',  ( -62.72014204877625332, -36.68723702949534982, 3.411757168993406975 ) ) ;
#5102 = CARTESIAN_POINT ( 'NONE',  ( 37.86633971754475425, 37.78889535482257145, 9.857033048302431766 ) ) ;
#5103 = CARTESIAN_POINT ( 'NONE',  ( 45.22532245313248467, 42.00000000000000711, 2.000000000000000000 ) ) ;
#5104 = CARTESIAN_POINT ( 'NONE',  ( -5.378765170513495315E-15, 38.58578643762700011, 9.000000000000001776 ) ) ;
#5105 = CARTESIAN_POINT ( 'NONE',  ( 35.53207675028573220, 40.00000000000000711, 11.80391671399580034 ) ) ;
#5106 = EDGE_CURVE ( 'NONE', #6190, #2950, #9876, .T. ) ;
#5107 = CYLINDRICAL_SURFACE ( 'NONE', #2182, 1.000000000000000666 ) ;
#5108 = CARTESIAN_POINT ( 'NONE',  ( 38.46551931873069918, 37.32215109695196986, 3.554094482563460389 ) ) ;
#5109 = CIRCLE ( 'NONE', #8523, 5.292893218813585321 ) ;
#5110 = VERTEX_POINT ( 'NONE', #7699 ) ;
#5111 = CARTESIAN_POINT ( 'NONE',  ( 68.64670925954415281, -36.85637243380539729, 2.000000000000000000 ) ) ;
#5112 = ORIENTED_EDGE ( 'NONE', *, *, #5400, .T. ) ;
#5113 = ORIENTED_EDGE ( 'NONE', *, *, #1725, .F. ) ;
#5114 = DIRECTION ( 'NONE',  ( 1.000000000000000000, -0.000000000000000000, -0.000000000000000000 ) ) ;
#5115 = CARTESIAN_POINT ( 'NONE',  ( -45.22532245313465182, 39.27653659536047570, 8.723463404639666408 ) ) ;
#5116 = CARTESIAN_POINT ( 'NONE',  ( 60.93728179616095275, 41.71161888700269316, 3.457103050095601038 ) ) ;
#5117 = EDGE_CURVE ( 'NONE', #1146, #8555, #5888, .T. ) ;
#5118 = TOROIDAL_SURFACE ( 'NONE', #7075, 3.000000000000011990, 1.000000000000000000 ) ;
#5119 = CARTESIAN_POINT ( 'NONE',  ( 42.71026272988962091, 38.44784786413667632, 9.575234547934377005 ) ) ;
#5120 = ADVANCED_FACE ( 'NONE', ( #8313 ), #3174, .T. ) ;
#5121 = ADVANCED_FACE ( 'NONE', ( #6984 ), #5352, .T. ) ;
#5122 = CARTESIAN_POINT ( 'NONE',  ( 66.93553150208981606, -35.18425315161663036, 2.104899929169063100 ) ) ;
#5123 = CARTESIAN_POINT ( 'NONE',  ( -57.28316869836375957, -39.72556520119589862, 4.489592359914378328 ) ) ;
#5124 = ORIENTED_EDGE ( 'NONE', *, *, #9188, .F. ) ;
#5125 =( BOUNDED_SURFACE ( )  B_SPLINE_SURFACE ( 3, 2, ( 
 ( #8082, #7215, #209 ),
 ( #9547, #5583, #4206 ),
 ( #5683, #2561, #1802 ),
 ( #4925, #8031, #7262 ) ),
 .UNSPECIFIED., .F., .F., .T. ) 
 B_SPLINE_SURFACE_WITH_KNOTS ( ( 4, 4 ),
 ( 3, 3 ),
 ( -4.336808689942017736E-19, 0.001380572674693903660 ),
 ( 0.000000000000000000, 1.000000000000000000 ),
 .UNSPECIFIED. ) 
 GEOMETRIC_REPRESENTATION_ITEM ( )  RATIONAL_B_SPLINE_SURFACE ( (
 ( 1.000000000000000000, 0.9238795325112874046, 1.000000000000000000),
 ( 1.000000000000000000, 0.9238854937644519483, 1.000000000000000000),
 ( 1.000000000000000000, 0.9226045829020522726, 1.000000000000000000),
 ( 1.000000000000000000, 0.9202892687146857487, 1.000000000000000000) ) ) 
 REPRESENTATION_ITEM ( '' )  SURFACE ( )  );
#5126 = DIRECTION ( 'NONE',  ( 0.7888953548225520196, -0.6145275576728842504, -4.342334871466606422E-15 ) ) ;
#5127 = CARTESIAN_POINT ( 'NONE',  ( 69.00000000000001421, 6.263096851169891297E-16, 5.499999999999999112 ) ) ;
#5128 = ORIENTED_EDGE ( 'NONE', *, *, #6928, .F. ) ;
#5129 = CARTESIAN_POINT ( 'NONE',  ( -41.40548589277121749, 38.62713096036942773, 9.985567880031524624 ) ) ;
#5130 = CARTESIAN_POINT ( 'NONE',  ( -64.99999999999995737, 38.50000000000000711, 2.000000000000000000 ) ) ;
#5131 = VERTEX_POINT ( 'NONE', #2128 ) ;
#5132 = CARTESIAN_POINT ( 'NONE',  ( 38.46551931873069918, 37.32215109695196986, 3.554094482563462165 ) ) ;
#5133 = VECTOR ( 'NONE', #4537, 1000.000000000000000 ) ;
#5134 = CARTESIAN_POINT ( 'NONE',  ( -68.50035055714646148, 40.45224615711244809, 1.001835491113663990 ) ) ;
#5135 = DIRECTION ( 'NONE',  ( -1.000000000000000000, 0.000000000000000000, -0.000000000000000000 ) ) ;
#5136 = CARTESIAN_POINT ( 'NONE',  ( -38.34998683597070368, 37.41214769032738729, 2.162352380310414546 ) ) ;
#5137 = ORIENTED_EDGE ( 'NONE', *, *, #8129, .T. ) ;
#5138 = CARTESIAN_POINT ( 'NONE',  ( 45.22532245313246335, 36.00000000000001421, 8.016356623453257058 ) ) ;
#5139 = CARTESIAN_POINT ( 'NONE',  ( -62.91143344736784115, 36.46607111184631833, 4.276692134420912339 ) ) ;
#5140 = AXIS2_PLACEMENT_3D ( 'NONE', #2085, #5201, #3462 ) ;
#5141 = CARTESIAN_POINT ( 'NONE',  ( 61.49999999999996447, -13.78853150712619779, 13.50000000000000000 ) ) ;
#5142 = CARTESIAN_POINT ( 'NONE',  ( 63.83631036095747646, -42.32754205712595308, 1.991683565629862152 ) ) ;
#5143 = DIRECTION ( 'NONE',  ( 0.000000000000000000, 0.000000000000000000, 1.000000000000000000 ) ) ;
#5144 = ORIENTED_EDGE ( 'NONE', *, *, #8359, .T. ) ;
#5145 = CARTESIAN_POINT ( 'NONE',  ( -38.62590607993755043, 45.00000000000001421, 5.452194488184173515 ) ) ;
#5146 = EDGE_LOOP ( 'NONE', ( #3139, #1961, #5280, #3611, #3425 ) ) ;
#5147 = AXIS2_PLACEMENT_3D ( 'NONE', #6400, #2514, #5488 ) ;
#5148 = DIRECTION ( 'NONE',  ( -0.000000000000000000, -0.000000000000000000, -1.000000000000000000 ) ) ;
#5149 = DIRECTION ( 'NONE',  ( 0.000000000000000000, 0.000000000000000000, -1.000000000000000000 ) ) ;
#5150 = CARTESIAN_POINT ( 'NONE',  ( -42.65937645814926071, 39.11202022875771434, 9.328402327939551597 ) ) ;
#5151 = CARTESIAN_POINT ( 'NONE',  ( 58.50000000000017053, -24.79228831549498580, 9.000000000000000000 ) ) ;
#5152 = LINE ( 'NONE', #361, #6712 ) ;
#5153 = CIRCLE ( 'NONE', #10029, 1.000000000000003331 ) ;
#5154 = CARTESIAN_POINT ( 'NONE',  ( 61.49999999999996447, -18.58303575079959558, 5.585786437627059620 ) ) ;
#5155 =( BOUNDED_CURVE ( )  B_SPLINE_CURVE ( 3, ( #5154, #1372, #9019, #2893 ),
 .UNSPECIFIED., .F., .T. ) 
 B_SPLINE_CURVE_WITH_KNOTS ( ( 4, 4 ),
 ( 3.141592653589789119, 3.565041243634444523 ),
 .UNSPECIFIED. ) 
 CURVE ( )  GEOMETRIC_REPRESENTATION_ITEM ( )  RATIONAL_B_SPLINE_CURVE ( ( 1.000000000000000000, 0.9851133430649818834, 0.9851133430649818834, 1.000000000000000000 ) ) 
 REPRESENTATION_ITEM ( '' )  );
#5156 = CARTESIAN_POINT ( 'NONE',  ( 58.87404912931078371, -40.73005394288355774, 2.399367248031234467 ) ) ;
#5157 = FACE_OUTER_BOUND ( 'NONE', #9707, .T. ) ;
#5158 = AXIS2_PLACEMENT_3D ( 'NONE', #1870, #1014, #9512 ) ;
#5159 = CARTESIAN_POINT ( 'NONE',  ( 55.50000000000001421, -0.2325875560534298725, 0.7385339864116927666 ) ) ;
#5160 = DIRECTION ( 'NONE',  ( -0.000000000000000000, -0.000000000000000000, -1.000000000000000000 ) ) ;
#5161 = ORIENTED_EDGE ( 'NONE', *, *, #2705, .T. ) ;
#5162 = PLANE ( 'NONE',  #3700 ) ;
#5163 = EDGE_LOOP ( 'NONE', ( #2481, #7527, #4700, #6339 ) ) ;
#5164 = EDGE_LOOP ( 'NONE', ( #2125, #1999, #5172, #4611 ) ) ;
#5165 = DIRECTION ( 'NONE',  ( -1.000000000000000000, 0.000000000000000000, 0.000000000000000000 ) ) ;
#5166 = CARTESIAN_POINT ( 'NONE',  ( -53.60643570245341749, 41.71152651637117970, 6.288473483628935767 ) ) ;
#5167 = B_SPLINE_CURVE_WITH_KNOTS ( 'NONE', 3,
 ( #7165, #2610, #5732, #3286 ),
 .UNSPECIFIED., .F., .F.,
 ( 4, 4 ),
 ( -0.01378853150712617930, 0.01365651987538039035 ),
 .UNSPECIFIED. ) ;
#5168 = CARTESIAN_POINT ( 'NONE',  ( 62.09999999999995879, -38.50000000000074607, 3.059631282596559920 ) ) ;
#5169 = CIRCLE ( 'NONE', #5822, 4.000000000000010658 ) ;
#5170 = VECTOR ( 'NONE', #8676, 1000.000000000000000 ) ;
#5171 = DIRECTION ( 'NONE',  ( 0.000000000000000000, 0.000000000000000000, -1.000000000000000000 ) ) ;
#5172 = ORIENTED_EDGE ( 'NONE', *, *, #9727, .F. ) ;
#5173 = VERTEX_POINT ( 'NONE', #2939 ) ;
#5174 = LINE ( 'NONE', #4448, #9030 ) ;
#5175 = VECTOR ( 'NONE', #8145, 1000.000000000000000 ) ;
#5176 = AXIS2_PLACEMENT_3D ( 'NONE', #3579, #7509, #9791 ) ;
#5177 = EDGE_CURVE ( 'NONE', #5627, #2338, #7255, .T. ) ;
#5178 = ORIENTED_EDGE ( 'NONE', *, *, #4687, .F. ) ;
#5179 = DIRECTION ( 'NONE',  ( 0.3800712867856351762, -0.8432624940801171087, -0.3800712867856392840 ) ) ;
#5180 = CARTESIAN_POINT ( 'NONE',  ( 68.49423036433975653, 36.55311680860763346, 1.061205990658733667 ) ) ;
#5181 = EDGE_CURVE ( 'NONE', #850, #1557, #3176, .T. ) ;
#5182 = ORIENTED_EDGE ( 'NONE', *, *, #916, .F. ) ;
#5183 = CARTESIAN_POINT ( 'NONE',  ( 63.77424175958427810, -42.30756047043942658, 0.000000000000000000 ) ) ;
#5184 = CARTESIAN_POINT ( 'NONE',  ( -63.21497817378519812, -24.80501453911392673, 3.782485578727823761 ) ) ;
#5185 = CARTESIAN_POINT ( 'NONE',  ( -41.45468115833835299, 39.23924199202073737, 9.741161709748741515 ) ) ;
#5186 = CIRCLE ( 'NONE', #7792, 1.000000000000000444 ) ;
#5187 = CARTESIAN_POINT ( 'NONE',  ( -68.02750105966549654, 38.70747825979389489, 2.003551391567005791 ) ) ;
#5188 = EDGE_CURVE ( 'NONE', #1493, #1753, #3091, .T. ) ;
#5189 = B_SPLINE_CURVE_WITH_KNOTS ( 'NONE', 3,
 ( #785, #6845, #2249, #3881 ),
 .UNSPECIFIED., .F., .F.,
 ( 4, 4 ),
 ( 0.000000000000000000, 0.002323197730491529615 ),
 .UNSPECIFIED. ) ;
#5190 = DIRECTION ( 'NONE',  ( -0.000000000000000000, -0.000000000000000000, -1.000000000000000000 ) ) ;
#5191 = CARTESIAN_POINT ( 'NONE',  ( 54.50000000000001421, 0.6408283168701317534, -0.03481862698997409411 ) ) ;
#5192 = CARTESIAN_POINT ( 'NONE',  ( -39.38004687640572854, 38.11104645177453421, 10.62253898259979579 ) ) ;
#5193 = EDGE_CURVE ( 'NONE', #652, #1351, #1880, .T. ) ;
#5194 = DIRECTION ( 'NONE',  ( 0.000000000000000000, 1.000000000000000000, 0.000000000000000000 ) ) ;
#5195 = CARTESIAN_POINT ( 'NONE',  ( -61.20710678118653192, -18.58303575079962755, 6.292893218813557787 ) ) ;
#5196 = DIRECTION ( 'NONE',  ( 0.4109068915486385754, -0.9116773148860485287, 0.000000000000000000 ) ) ;
#5197 = ORIENTED_EDGE ( 'NONE', *, *, #4059, .F. ) ;
#5198 = CARTESIAN_POINT ( 'NONE',  ( 64.57040524848791563, 30.39956568725103381, 2.929594751512165640 ) ) ;
#5199 = ORIENTED_EDGE ( 'NONE', *, *, #326, .T. ) ;
#5200 = FACE_OUTER_BOUND ( 'NONE', #306, .T. ) ;
#5201 = DIRECTION ( 'NONE',  ( 0.7656826878322863239, 0.5964455351772574021, 0.2407960654185214433 ) ) ;
#5202 = CARTESIAN_POINT ( 'NONE',  ( -63.51134382471870765, -35.99827702408342134, 3.184964181940478589 ) ) ;
#5203 = CARTESIAN_POINT ( 'NONE',  ( -61.49999999999998579, 21.07884740024824310, 5.585786437627006329 ) ) ;
#5204 = CARTESIAN_POINT ( 'NONE',  ( -63.01040764008569539, 33.99999999999999289, 4.489592359914372111 ) ) ;
#5205 = CARTESIAN_POINT ( 'NONE',  ( 51.73464987362551426, -38.99999999999998579, 5.585786437627008105 ) ) ;
#5206 = EDGE_LOOP ( 'NONE', ( #1791, #3712, #5425, #391 ) ) ;
#5207 = CARTESIAN_POINT ( 'NONE',  ( -38.76211111321535441, 44.69386467622283732, 6.159301269370713428 ) ) ;
#5208 = ORIENTED_EDGE ( 'NONE', *, *, #5497, .T. ) ;
#5209 = CARTESIAN_POINT ( 'NONE',  ( 44.50241342603682426, 35.02282321848659308, 0.8167300101685422975 ) ) ;
#5210 = CARTESIAN_POINT ( 'NONE',  ( 58.75489261934963992, -21.37903042612311211, 8.235307220888456570 ) ) ;
#5211 = ORIENTED_EDGE ( 'NONE', *, *, #2359, .F. ) ;
#5212 = DIRECTION ( 'NONE',  ( -0.000000000000000000, -1.000000000000000000, -0.000000000000000000 ) ) ;
#5213 = ORIENTED_EDGE ( 'NONE', *, *, #9909, .T. ) ;
#5214 = ORIENTED_EDGE ( 'NONE', *, *, #7502, .T. ) ;
#5215 = CARTESIAN_POINT ( 'NONE',  ( 33.77171203778522823, 40.00000000000000711, 12.00000000000000178 ) ) ;
#5216 = CARTESIAN_POINT ( 'NONE',  ( 64.47564215045643721, -28.84929072698046681, 3.253144120319232169 ) ) ;
#5217 = B_SPLINE_CURVE_WITH_KNOTS ( 'NONE', 3,
 ( #1828, #8814, #970, #4173, #4945, #4079, #8055, #7339, #403, #1067, #9517, #7288, #290, #3402 ),
 .UNSPECIFIED., .F., .F.,
 ( 4, 2, 2, 2, 2, 2, 4 ),
 ( -2.098493860615167829E-05, 0.0009749852384504824939, 0.001970955415507116490, 0.003962895769620381446, 0.005954836123733645535, 0.006950806300790283651, 0.007946776477846920900 ),
 .UNSPECIFIED. ) ;
#5218 = DIRECTION ( 'NONE',  ( 0.000000000000000000, -0.4266572361714853767, -0.9044134026110566271 ) ) ;
#5219 = DIRECTION ( 'NONE',  ( 0.000000000000000000, 0.000000000000000000, -1.000000000000000000 ) ) ;
#5220 = EDGE_CURVE ( 'NONE', #3630, #4835, #558, .T. ) ;
#5221 = EDGE_CURVE ( 'NONE', #8767, #850, #6015, .T. ) ;
#5222 = CARTESIAN_POINT ( 'NONE',  ( -37.25181215987404215, 38.00000000000000711, 3.599159522938018441 ) ) ;
#5223 = CARTESIAN_POINT ( 'NONE',  ( -61.49999999999997158, 13.65651987538036494, 4.499999999999998224 ) ) ;
#5224 = AXIS2_PLACEMENT_3D ( 'NONE', #6935, #9267, #6831 ) ;
#5225 = VERTEX_POINT ( 'NONE', #1366 ) ;
#5226 = CARTESIAN_POINT ( 'NONE',  ( -63.50966662101562576, 33.14633511201864735, 3.990333368311486772 ) ) ;
#5227 = FACE_OUTER_BOUND ( 'NONE', #7363, .T. ) ;
#5228 = EDGE_LOOP ( 'NONE', ( #9196, #1142, #4157, #479 ) ) ;
#5229 = CARTESIAN_POINT ( 'NONE',  ( -63.83631036095746225, -42.32754205712598861, 1.991683565629863262 ) ) ;
#5230 = DIRECTION ( 'NONE',  ( -0.000000000000000000, -0.000000000000000000, -1.000000000000000000 ) ) ;
#5231 = ORIENTED_EDGE ( 'NONE', *, *, #1358, .T. ) ;
#5232 = CIRCLE ( 'NONE', #1638, 8.000000000000000000 ) ;
#5233 = FACE_OUTER_BOUND ( 'NONE', #9758, .T. ) ;
#5234 = EDGE_CURVE ( 'NONE', #8710, #7820, #8713, .T. ) ;
#5235 = CARTESIAN_POINT ( 'NONE',  ( 61.20710678118653192, 21.07884740024821824, 6.292893218813594203 ) ) ;
#5236 = CARTESIAN_POINT ( 'NONE',  ( -38.72109641223403997, 37.12306364370952849, 3.515045801214239596 ) ) ;
#5237 = AXIS2_PLACEMENT_3D ( 'NONE', #714, #1616, #7655 ) ;
#5238 = EDGE_LOOP ( 'NONE', ( #5347, #3735, #1735, #10012 ) ) ;
#5239 = FACE_OUTER_BOUND ( 'NONE', #4301, .T. ) ;
#5240 = LINE ( 'NONE', #9812, #1398 ) ;
#5241 = CARTESIAN_POINT ( 'NONE',  ( -68.99999999999997158, -38.49999999999999289, 1.000000000000000000 ) ) ;
#5242 = CARTESIAN_POINT ( 'NONE',  ( 66.92879692708676487, 35.39819827318861201, 2.243315019761698892 ) ) ;
#5243 = FACE_OUTER_BOUND ( 'NONE', #8985, .T. ) ;
#5244 = VERTEX_POINT ( 'NONE', #6066 ) ;
#5245 = DIRECTION ( 'NONE',  ( -1.000000000000000000, 0.000000000000000000, 0.000000000000000000 ) ) ;
#5246 = CIRCLE ( 'NONE', #181, 11.24453208529338433 ) ;
#5247 = ORIENTED_EDGE ( 'NONE', *, *, #8186, .F. ) ;
#5248 = EDGE_CURVE ( 'NONE', #6600, #350, #1388, .T. ) ;
#5249 = DIRECTION ( 'NONE',  ( 2.453269466693368644E-15, 0.7071067811865437980, -0.7071067811865513475 ) ) ;
#5250 = EDGE_CURVE ( 'NONE', #10079, #6746, #1719, .T. ) ;
#5251 = DIRECTION ( 'NONE',  ( -0.000000000000000000, -1.000000000000000000, 1.138744882030889416E-16 ) ) ;
#5252 = FACE_OUTER_BOUND ( 'NONE', #6536, .T. ) ;
#5253 = CARTESIAN_POINT ( 'NONE',  ( -60.49999999999997158, -4.640181046290678957, 5.500000000000000888 ) ) ;
#5254 = B_SPLINE_CURVE_WITH_KNOTS ( 'NONE', 3,
 ( #3608, #2825, #2075, #2628 ),
 .UNSPECIFIED., .F., .F.,
 ( 4, 4 ),
 ( 8.673617379884034509E-19, 0.001933575004256099907 ),
 .UNSPECIFIED. ) ;
#5255 = EDGE_CURVE ( 'NONE', #82, #1753, #7432, .T. ) ;
#5256 = ORIENTED_EDGE ( 'NONE', *, *, #1938, .F. ) ;
#5257 = ORIENTED_EDGE ( 'NONE', *, *, #4993, .T. ) ;
#5258 = CARTESIAN_POINT ( 'NONE',  ( 40.64375573251103901, 44.10655269306535331, 6.127476896058454692 ) ) ;
#5259 = CARTESIAN_POINT ( 'NONE',  ( 67.34096575877299529, 36.78028350749393383, 2.115704900484063788 ) ) ;
#5260 = ORIENTED_EDGE ( 'NONE', *, *, #9261, .T. ) ;
#5261 = CARTESIAN_POINT ( 'NONE',  ( 69.00000000000001421, 13.65651987538036671, 13.49999999999999645 ) ) ;
#5262 = VERTEX_POINT ( 'NONE', #8759 ) ;
#5263 = ORIENTED_EDGE ( 'NONE', *, *, #5095, .F. ) ;
#5264 = CARTESIAN_POINT ( 'NONE',  ( 37.19819714213292627, 37.63294853439565202, 2.569110871087027181 ) ) ;
#5265 = CARTESIAN_POINT ( 'NONE',  ( -66.67563631980935668, 42.13211273554879455, 1.039062270807453281 ) ) ;
#5266 = CYLINDRICAL_SURFACE ( 'NONE', #9776, 4.000000000000017764 ) ;
#5267 = CARTESIAN_POINT ( 'NONE',  ( 57.28316869836383063, -39.72556520119589152, 4.489592359914377440 ) ) ;
#5268 = DIRECTION ( 'NONE',  ( -0.000000000000000000, -0.000000000000000000, -1.000000000000000000 ) ) ;
#5269 = CARTESIAN_POINT ( 'NONE',  ( -63.52574594855900614, -41.24422001619700495, 2.065703723742799980 ) ) ;
#5270 =( BOUNDED_SURFACE ( )  B_SPLINE_SURFACE ( 3, 2, ( 
 ( #3568, #4235, #5099 ),
 ( #7347, #4338, #353 ),
 ( #4999, #1883, #511 ),
 ( #4287, #410, #1172 ) ),
 .UNSPECIFIED., .F., .F., .T. ) 
 B_SPLINE_SURFACE_WITH_KNOTS ( ( 4, 4 ),
 ( 3, 3 ),
 ( 0.01056591982900500354, 0.01096237676168375710 ),
 ( 0.000000000000000000, 1.000000000000000000 ),
 .UNSPECIFIED. ) 
 GEOMETRIC_REPRESENTATION_ITEM ( )  RATIONAL_B_SPLINE_SURFACE ( (
 ( 1.000000000000000000, 0.7366054830994696045, 1.000000000000000000),
 ( 1.000000000000000000, 0.7351884136666289038, 1.000000000000000000),
 ( 1.000000000000000000, 0.7336331559495231636, 1.000000000000000000),
 ( 1.000000000000000000, 0.7320287473634510267, 1.000000000000000000) ) ) 
 REPRESENTATION_ITEM ( '' )  SURFACE ( )  );
#5271 = EDGE_LOOP ( 'NONE', ( #3036, #6636, #9504, #751, #3509, #8307 ) ) ;
#5272 = CARTESIAN_POINT ( 'NONE',  ( -60.49999999999997158, 4.508169414544843434, 5.499999999999999112 ) ) ;
#5273 = DIRECTION ( 'NONE',  ( 0.000000000000000000, -0.4266572361714832118, -0.9044134026110577373 ) ) ;
#5274 = EDGE_CURVE ( 'NONE', #4028, #6334, #8556, .T. ) ;
#5275 = VERTEX_POINT ( 'NONE', #4791 ) ;
#5276 = CARTESIAN_POINT ( 'NONE',  ( 45.76767997638425811, 35.00000000000000711, 17.00000000000000000 ) ) ;
#5277 = CARTESIAN_POINT ( 'NONE',  ( -66.59999999999996589, -38.49999999999999289, 0.000000000000000000 ) ) ;
#5278 = CARTESIAN_POINT ( 'NONE',  ( 63.80016820721018433, -35.85503252264856400, 3.072143148544908886 ) ) ;
#5279 = CARTESIAN_POINT ( 'NONE',  ( -66.65218171832374594, 41.08242278785670010, 2.019735660326678506 ) ) ;
#5280 = ORIENTED_EDGE ( 'NONE', *, *, #3717, .T. ) ;
#5281 = AXIS2_PLACEMENT_3D ( 'NONE', #2659, #3230, #8841 ) ;
#5282 = CARTESIAN_POINT ( 'NONE',  ( -40.92714205784553627, 35.85086963370524415, 1.964388517085930097 ) ) ;
#5283 = CARTESIAN_POINT ( 'NONE',  ( 68.97698156998139041, 38.99511725139149121, 1.978277995108424836 ) ) ;
#5284 = DIRECTION ( 'NONE',  ( 0.000000000000000000, 0.000000000000000000, 1.000000000000000000 ) ) ;
#5285 = EDGE_CURVE ( 'NONE', #5755, #7737, #1984, .T. ) ;
#5286 = ORIENTED_EDGE ( 'NONE', *, *, #6925, .T. ) ;
#5287 = DIRECTION ( 'NONE',  ( 0.000000000000000000, 0.000000000000000000, 1.000000000000000000 ) ) ;
#5288 = DIRECTION ( 'NONE',  ( -0.000000000000000000, -0.000000000000000000, -1.000000000000000000 ) ) ;
#5289 = AXIS2_PLACEMENT_3D ( 'NONE', #4337, #8261, #9731 ) ;
#5290 = B_SPLINE_CURVE_WITH_KNOTS ( 'NONE', 3,
 ( #103, #6899, #9387, #3219 ),
 .UNSPECIFIED., .F., .F.,
 ( 4, 4 ),
 ( 0.000000000000000000, 0.001218754160673164505 ),
 .UNSPECIFIED. ) ;
#5291 = PLANE ( 'NONE',  #3925 ) ;
#5292 = ORIENTED_EDGE ( 'NONE', *, *, #9021, .T. ) ;
#5293 = FACE_OUTER_BOUND ( 'NONE', #657, .T. ) ;
#5294 = VECTOR ( 'NONE', #5839, 1000.000000000000000 ) ;
#5295 = FACE_OUTER_BOUND ( 'NONE', #6222, .T. ) ;
#5296 = DIRECTION ( 'NONE',  ( 0.3000000000000017653, 0.000000000000000000, 0.9539392014169451040 ) ) ;
#5297 = EDGE_CURVE ( 'NONE', #2449, #142, #10004, .T. ) ;
#5298 = DIRECTION ( 'NONE',  ( -0.6145275576728767009, -0.7888953548225577928, 0.000000000000000000 ) ) ;
#5299 = LINE ( 'NONE', #6780, #2722 ) ;
#5300 = DIRECTION ( 'NONE',  ( -1.000000000000000000, 0.000000000000000000, -0.000000000000000000 ) ) ;
#5301 = CIRCLE ( 'NONE', #2041, 1.000000000000000000 ) ;
#5302 = ORIENTED_EDGE ( 'NONE', *, *, #8726, .T. ) ;
#5303 = LINE ( 'NONE', #5455, #1528 ) ;
#5304 = EDGE_CURVE ( 'NONE', #5394, #8209, #8878, .T. ) ;
#5305 = CARTESIAN_POINT ( 'NONE',  ( 67.78474355216856395, 37.67347616600727633, 2.034612386522661964 ) ) ;
#5306 = AXIS2_PLACEMENT_3D ( 'NONE', #2824, #4518, #4565 ) ;
#5307 = ADVANCED_FACE ( 'NONE', ( #7132 ), #9431, .T. ) ;
#5308 = ORIENTED_EDGE ( 'NONE', *, *, #5719, .T. ) ;
#5309 = CARTESIAN_POINT ( 'NONE',  ( 54.50000000000001421, -24.79228831549498580, 1.000000000000000888 ) ) ;
#5310 = ORIENTED_EDGE ( 'NONE', *, *, #1929, .T. ) ;
#5311 = CARTESIAN_POINT ( 'NONE',  ( 42.58722126802457808, 42.61335648092887851, 6.292893218813516931 ) ) ;
#5312 = CARTESIAN_POINT ( 'NONE',  ( 37.84592327800729805, 37.80479919384079324, 2.026946616176197757 ) ) ;
#5313 = CARTESIAN_POINT ( 'NONE',  ( 35.87171203778522255, 41.00253010497679185, 10.72785864819452151 ) ) ;
#5314 = CARTESIAN_POINT ( 'NONE',  ( 37.50476792302426787, 40.88457172512982396, 11.21228693003586763 ) ) ;
#5315 = DIRECTION ( 'NONE',  ( -0.4109068915486377427, -0.9116773148860489728, 0.000000000000000000 ) ) ;
#5316 = AXIS2_PLACEMENT_3D ( 'NONE', #661, #8458, #6166 ) ;
#5317 = AXIS2_PLACEMENT_3D ( 'NONE', #5091, #9004, #2024 ) ;
#5318 = DIRECTION ( 'NONE',  ( 0.4853487498282469392, -0.8710950643789427961, 0.07503319168743699530 ) ) ;
#5319 = CARTESIAN_POINT ( 'NONE',  ( -33.77171203778518560, 41.00000000000000711, 4.000000000000000000 ) ) ;
#5320 = CARTESIAN_POINT ( 'NONE',  ( -62.92178572398718472, 26.55179502823069981, 0.000000000000000000 ) ) ;
#5321 = EDGE_CURVE ( 'NONE', #9669, #6961, #5461, .T. ) ;
#5322 = ORIENTED_EDGE ( 'NONE', *, *, #8954, .F. ) ;
#5323 = DIRECTION ( 'NONE',  ( -1.000000000000000000, 0.000000000000000000, 0.000000000000000000 ) ) ;
#5324 = CIRCLE ( 'NONE', #3523, 0.9999999999999995559 ) ;
#5325 = CARTESIAN_POINT ( 'NONE',  ( 61.49999999999997868, 17.55788241339382694, 5.585786437627052514 ) ) ;
#5326 = CIRCLE ( 'NONE', #6626, 7.999999999999998224 ) ;
#5327 = EDGE_LOOP ( 'NONE', ( #4635, #5561, #205, #4524 ) ) ;
#5328 = EDGE_CURVE ( 'NONE', #8180, #3875, #1611, .T. ) ;
#5329 = DIRECTION ( 'NONE',  ( 0.000000000000000000, -0.3003870635238867215, 0.9538173892666753639 ) ) ;
#5330 = LINE ( 'NONE', #2866, #2863 ) ;
#5331 = CARTESIAN_POINT ( 'NONE',  ( 37.09634897802431652, 40.02909381193408223, 11.34072874615788606 ) ) ;
#5332 = DIRECTION ( 'NONE',  ( 0.000000000000000000, -0.000000000000000000, 1.000000000000000000 ) ) ;
#5333 =( BOUNDED_SURFACE ( )  B_SPLINE_SURFACE ( 3, 2, ( 
 ( #7327, #8090, #7269 ),
 ( #4934, #1102, #6552 ),
 ( #3337, #9756, #5690 ),
 ( #332, #9650, #8798 ),
 ( #2665, #4215, #1810 ),
 ( #1916, #4110, #5032 ) ),
 .UNSPECIFIED., .F., .F., .T. ) 
 B_SPLINE_SURFACE_WITH_KNOTS ( ( 4, 2, 4 ),
 ( 3, 3 ),
 ( 0.000000000000000000, 0.0007665957362803943074, 0.001533191472560788615 ),
 ( 0.000000000000000000, 1.000000000000000000 ),
 .UNSPECIFIED. ) 
 GEOMETRIC_REPRESENTATION_ITEM ( )  RATIONAL_B_SPLINE_SURFACE ( (
 ( 1.000000000000000000, 0.9428716103248448999, 1.000000000000000000),
 ( 1.000000000000000000, 0.9376394496434191650, 1.000000000000000000),
 ( 1.000000000000000000, 0.9310568720409599930, 1.000000000000000000),
 ( 1.000000000000000000, 0.9167102860076539184, 1.000000000000000000),
 ( 1.000000000000000000, 0.9089101134985928532, 1.000000000000000000),
 ( 1.000000000000000000, 0.9019407492833392270, 1.000000000000000000) ) ) 
 REPRESENTATION_ITEM ( '' )  SURFACE ( )  );
#5334 = ORIENTED_EDGE ( 'NONE', *, *, #868, .F. ) ;
#5335 = CIRCLE ( 'NONE', #8581, 1.000000000000000000 ) ;
#5336 = CARTESIAN_POINT ( 'NONE',  ( 66.54302920504551366, 41.15498498363851354, 2.023934224880455712 ) ) ;
#5337 = VERTEX_POINT ( 'NONE', #9610 ) ;
#5338 = CARTESIAN_POINT ( 'NONE',  ( 68.97551019693037233, 37.99279979214917802, 1.011058823467016587 ) ) ;
#5339 = CARTESIAN_POINT ( 'NONE',  ( -56.69544737387884936, -40.02870223093124480, 3.782485578727836639 ) ) ;
#5340 = EDGE_LOOP ( 'NONE', ( #4174, #3561, #709, #8619 ) ) ;
#5341 = LINE ( 'NONE', #3849, #6143 ) ;
#5342 = VECTOR ( 'NONE', #2130, 1000.000000000000000 ) ;
#5343 = CARTESIAN_POINT ( 'NONE',  ( 45.22532245313248467, 42.00000000000000711, 5.585786437627009882 ) ) ;
#5344 = VECTOR ( 'NONE', #3085, 1000.000000000000000 ) ;
#5345 = B_SPLINE_CURVE_WITH_KNOTS ( 'NONE', 3,
 ( #5443, #4679, #6207, #6107, #8551, #1508, #5392, #1607 ),
 .UNSPECIFIED., .F., .F.,
 ( 4, 2, 2, 4 ),
 ( 0.000000000000000000, 0.002721359087615602291, 0.004082038631423403653, 0.005442718175231204582 ),
 .UNSPECIFIED. ) ;
#5346 = CARTESIAN_POINT ( 'NONE',  ( 43.36767997638425953, 38.47443863772738837, 9.368486388664434728 ) ) ;
#5347 = ORIENTED_EDGE ( 'NONE', *, *, #8608, .T. ) ;
#5348 = DIRECTION ( 'NONE',  ( 0.000000000000000000, 0.000000000000000000, -1.000000000000000000 ) ) ;
#5349 = EDGE_CURVE ( 'NONE', #2220, #4035, #9850, .T. ) ;
#5350 = EDGE_CURVE ( 'NONE', #2242, #4028, #653, .T. ) ;
#5351 = CARTESIAN_POINT ( 'NONE',  ( 40.30787623508946638, 39.65066660862849091, 10.33075014826772886 ) ) ;
#5352 = PLANE ( 'NONE',  #5791 ) ;
#5353 = CARTESIAN_POINT ( 'NONE',  ( 41.90949938584781620, 36.55775793195373069, 9.827062969342902576 ) ) ;
#5354 = CARTESIAN_POINT ( 'NONE',  ( -62.14602740511384837, 24.96663703396278322, 5.353972594883892988 ) ) ;
#5355 = CARTESIAN_POINT ( 'NONE',  ( -63.62659816286346626, 32.02977070258741321, 3.873401837136571046 ) ) ;
#5356 = EDGE_CURVE ( 'NONE', #6808, #8064, #4981, .T. ) ;
#5357 = CARTESIAN_POINT ( 'NONE',  ( 66.59999999999999432, 38.49999999999999289, 2.000000000000000000 ) ) ;
#5358 = ADVANCED_FACE ( 'NONE', ( #3556 ), #7283, .T. ) ;
#5359 = CYLINDRICAL_SURFACE ( 'NONE', #5454, 8.000000000000000000 ) ;
#5360 = VERTEX_POINT ( 'NONE', #7389 ) ;
#5361 = CARTESIAN_POINT ( 'NONE',  ( 62.92178572398721315, 26.55179502823069981, 4.037558304724731428 ) ) ;
#5362 = ORIENTED_EDGE ( 'NONE', *, *, #2744, .T. ) ;
#5363 = CARTESIAN_POINT ( 'NONE',  ( -45.22532245313464472, 42.00000000000000711, 5.585786437626951262 ) ) ;
#5364 = CARTESIAN_POINT ( 'NONE',  ( 33.77171203778522823, 41.00000000000000711, 12.00000000000000000 ) ) ;
#5365 = CARTESIAN_POINT ( 'NONE',  ( -53.71284621560169370, 41.71441481059618184, 6.283375235452504093 ) ) ;
#5366 = DIRECTION ( 'NONE',  ( -0.000000000000000000, -0.000000000000000000, -1.000000000000000000 ) ) ;
#5367 = EDGE_CURVE ( 'NONE', #6439, #48, #7586, .T. ) ;
#5368 = DIRECTION ( 'NONE',  ( -0.000000000000000000, 0.9044134026110569602, -0.4266572361714848771 ) ) ;
#5369 = EDGE_CURVE ( 'NONE', #3822, #7331, #7096, .T. ) ;
#5370 = CARTESIAN_POINT ( 'NONE',  ( -53.81893226856484347, 41.71823856633494643, 6.275174800761488925 ) ) ;
#5371 = CARTESIAN_POINT ( 'NONE',  ( -54.59626379364978277, 42.04802942629443407, 5.456548825921663237 ) ) ;
#5372 = ADVANCED_FACE ( 'NONE', ( #8958 ), #1974, .F. ) ;
#5373 = ORIENTED_EDGE ( 'NONE', *, *, #6742, .F. ) ;
#5374 = DIRECTION ( 'NONE',  ( 1.000000000000000000, 0.000000000000000000, 0.000000000000000000 ) ) ;
#5375 = VERTEX_POINT ( 'NONE', #8810 ) ;
#5376 = CARTESIAN_POINT ( 'NONE',  ( 35.87171203778522255, 39.00000000000000711, 10.67757440991862161 ) ) ;
#5377 = CARTESIAN_POINT ( 'NONE',  ( -37.19206279594986597, 36.44299297373739677, 1.993302023806313938 ) ) ;
#5378 = VERTEX_POINT ( 'NONE', #7441 ) ;
#5379 = CARTESIAN_POINT ( 'NONE',  ( 40.62656408154637688, 36.00273917853640882, 2.863200608688313054 ) ) ;
#5380 = CARTESIAN_POINT ( 'NONE',  ( 53.25379579564052079, 42.00000000000000711, 0.000000000000000000 ) ) ;
#5381 = ORIENTED_EDGE ( 'NONE', *, *, #9366, .T. ) ;
#5382 = CARTESIAN_POINT ( 'NONE',  ( 66.59999999999999432, 38.49999999999999289, 2.000000000000000000 ) ) ;
#5383 = CARTESIAN_POINT ( 'NONE',  ( -45.22532245313463051, 35.00000000000000000, 0.3999999999999999667 ) ) ;
#5384 = EDGE_LOOP ( 'NONE', ( #8133, #2290, #6479, #9426 ) ) ;
#5385 = CARTESIAN_POINT ( 'NONE',  ( 67.77356937313304286, 41.39277883513187817, 1.969494418610087783 ) ) ;
#5386 = LINE ( 'NONE', #8496, #3020 ) ;
#5387 = ORIENTED_EDGE ( 'NONE', *, *, #9711, .T. ) ;
#5388 = VECTOR ( 'NONE', #3063, 1000.000000000000000 ) ;
#5389 = DIRECTION ( 'NONE',  ( -0.4867207978480894703, -0.8735575910849376902, 0.000000000000000000 ) ) ;
#5390 = DIRECTION ( 'NONE',  ( -3.337429865655985769E-16, -0.9538173892666751419, -0.3003870635238873876 ) ) ;
#5391 =( BOUNDED_CURVE ( )  B_SPLINE_CURVE ( 3, ( #5647, #1013, #8807, #225 ),
 .UNSPECIFIED., .F., .T. ) 
 B_SPLINE_CURVE_WITH_KNOTS ( ( 4, 4 ),
 ( 3.121484020950316296, 3.141592653589797113 ),
 .UNSPECIFIED. ) 
 CURVE ( )  GEOMETRIC_REPRESENTATION_ITEM ( )  RATIONAL_B_SPLINE_CURVE ( ( 1.000000000000000000, 0.9999663038583088692, 0.9999663038583088692, 1.000000000000000000 ) ) 
 REPRESENTATION_ITEM ( '' )  );
#5392 = CARTESIAN_POINT ( 'NONE',  ( 54.27687240076278385, 41.73474451749056868, 6.239776102802724544 ) ) ;
#5393 = CARTESIAN_POINT ( 'NONE',  ( 54.23549650004517275, 42.03222351694565617, 5.947298960520266853 ) ) ;
#5394 = VERTEX_POINT ( 'NONE', #452 ) ;
#5395 = CIRCLE ( 'NONE', #5886, 4.585786437627032974 ) ;
#5396 = CARTESIAN_POINT ( 'NONE',  ( 39.81509929239899748, 40.29060151441314730, 10.01891448428204967 ) ) ;
#5397 = CARTESIAN_POINT ( 'NONE',  ( -64.30628385755925081, 29.99952134818110849, 3.193716142440768735 ) ) ;
#5398 = CARTESIAN_POINT ( 'NONE',  ( -39.55316018564696634, 39.56921620715333887, 10.56809736546609102 ) ) ;
#5399 = CARTESIAN_POINT ( 'NONE',  ( 38.62590607993537617, 45.00000000000001421, 5.452194488184178844 ) ) ;
#5400 = EDGE_CURVE ( 'NONE', #6499, #5627, #8050, .T. ) ;
#5401 = CARTESIAN_POINT ( 'NONE',  ( -67.44962772576776899, 40.28563496231929975, 2.002847272060419126 ) ) ;
#5402 = AXIS2_PLACEMENT_3D ( 'NONE', #8621, #3004, #776 ) ;
#5403 = VERTEX_POINT ( 'NONE', #9767 ) ;
#5404 = LINE ( 'NONE', #3813, #8539 ) ;
#5405 = CARTESIAN_POINT ( 'NONE',  ( 67.43514034373102106, 36.91642474095535675, 2.096832561656924554 ) ) ;
#5406 = ORIENTED_EDGE ( 'NONE', *, *, #5655, .F. ) ;
#5407 = CARTESIAN_POINT ( 'NONE',  ( -63.77424175958427810, -42.30756047043945500, 2.000000000000000000 ) ) ;
#5408 = ORIENTED_EDGE ( 'NONE', *, *, #5221, .T. ) ;
#5409 = EDGE_CURVE ( 'NONE', #9971, #5524, #1062, .T. ) ;
#5410 = ORIENTED_EDGE ( 'NONE', *, *, #8389, .F. ) ;
#5411 = CARTESIAN_POINT ( 'NONE',  ( 11.25723734592842362, 41.00000000000000711, 11.00000000000000355 ) ) ;
#5412 = DIRECTION ( 'NONE',  ( 0.000000000000000000, 0.000000000000000000, -1.000000000000000000 ) ) ;
#5413 = EDGE_LOOP ( 'NONE', ( #8310, #8497, #8833, #9938 ) ) ;
#5414 = DIRECTION ( 'NONE',  ( 0.9067508981655767464, 0.4183198178611744478, 0.05302205824479205160 ) ) ;
#5415 = EDGE_LOOP ( 'NONE', ( #2079, #6724, #6945, #5076 ) ) ;
#5416 = B_SPLINE_CURVE_WITH_KNOTS ( 'NONE', 3,
 ( #7667, #3825, #1440, #2293 ),
 .UNSPECIFIED., .F., .F.,
 ( 4, 4 ),
 ( 0.000000000000000000, 0.002006479734144148066 ),
 .UNSPECIFIED. ) ;
#5417 = CARTESIAN_POINT ( 'NONE',  ( -56.05976491045947796, 41.77364733365858740, 5.825317922600190990 ) ) ;
#5418 = CARTESIAN_POINT ( 'NONE',  ( -69.00000000000063949, 38.24896163078432210, 1.008025958489333185 ) ) ;
#5419 = CARTESIAN_POINT ( 'NONE',  ( -68.49423036433971390, 36.55311680860764767, 1.061205990658735221 ) ) ;
#5420 = VERTEX_POINT ( 'NONE', #3705 ) ;
#5421 = CARTESIAN_POINT ( 'NONE',  ( -63.35592757126132568, 33.03616378854024305, 4.144072428738723168 ) ) ;
#5422 = CARTESIAN_POINT ( 'NONE',  ( 53.32916778716563755, 42.00000000000000711, 5.585786437627010770 ) ) ;
#5423 = ORIENTED_EDGE ( 'NONE', *, *, #8922, .T. ) ;
#5424 = EDGE_CURVE ( 'NONE', #5755, #3226, #7585, .T. ) ;
#5425 = ORIENTED_EDGE ( 'NONE', *, *, #9327, .T. ) ;
#5426 = CARTESIAN_POINT ( 'NONE',  ( 37.59521695052569612, 38.00000000000001421, 3.588698996618764347 ) ) ;
#5427 = CARTESIAN_POINT ( 'NONE',  ( -57.49999999999997868, 34.00000000000000000, 10.00000000000014033 ) ) ;
#5428 = EDGE_CURVE ( 'NONE', #5337, #9750, #432, .T. ) ;
#5429 = EDGE_CURVE ( 'NONE', #2212, #1476, #651, .T. ) ;
#5430 = CARTESIAN_POINT ( 'NONE',  ( 45.22532245313247046, 35.00000000000000000, 0.3999999999999999667 ) ) ;
#5431 = CARTESIAN_POINT ( 'NONE',  ( 54.17455002876359771, 42.02955333476857902, 5.531612325378073791 ) ) ;
#5432 = CARTESIAN_POINT ( 'NONE',  ( -39.50508290156881941, 44.92745789891561259, 5.356333567196339018 ) ) ;
#5433 = AXIS2_PLACEMENT_3D ( 'NONE', #9313, #7842, #859 ) ;
#5434 = CARTESIAN_POINT ( 'NONE',  ( -44.05955528680301114, 35.04623646647949897, 1.073013871166237365 ) ) ;
#5435 = ORIENTED_EDGE ( 'NONE', *, *, #1326, .F. ) ;
#5436 = CARTESIAN_POINT ( 'NONE',  ( 68.88523921245156600, 39.48323625123407510, 1.982432546847088473 ) ) ;
#5437 = CARTESIAN_POINT ( 'NONE',  ( -67.87908416368152587, 38.90139023860821510, 2.006389891164817474 ) ) ;
#5438 = ORIENTED_EDGE ( 'NONE', *, *, #8669, .F. ) ;
#5439 = CARTESIAN_POINT ( 'NONE',  ( -60.49999999999997868, 21.07884740024819337, 5.585786437627013434 ) ) ;
#5440 = CARTESIAN_POINT ( 'NONE',  ( 37.83524851068394668, 37.74817673664153261, 3.185059354082403260 ) ) ;
#5441 = FACE_OUTER_BOUND ( 'NONE', #3569, .T. ) ;
#5442 = B_SPLINE_CURVE_WITH_KNOTS ( 'NONE', 3,
 ( #4582, #10028, #3048, #9166, #6170, #2277, #5401, #818, #2325, #5453, #2379, #8561, #1568, #4694, #7135, #969, #4793, #4078 ),
 .UNSPECIFIED., .F., .F.,
 ( 4, 2, 2, 2, 2, 2, 2, 2, 4 ),
 ( 0.000000000000000000, 0.0005609922269101380978, 0.001121984453820276196, 0.001682976680730414402, 0.002243968907640552391, 0.002804961134550690380, 0.003365953361460828804, 0.003926945588370966793, 0.004487937815281104782 ),
 .UNSPECIFIED. ) ;
#5443 = CARTESIAN_POINT ( 'NONE',  ( 58.94182466492096495, 41.79964087614671797, 4.489592359914378328 ) ) ;
#5444 = ORIENTED_EDGE ( 'NONE', *, *, #1593, .T. ) ;
#5445 = CARTESIAN_POINT ( 'NONE',  ( 55.56085799051665219, 42.09029015418907704, 5.664350798905307904 ) ) ;
#5446 = ADVANCED_FACE ( 'NONE', ( #6100 ), #1424, .T. ) ;
#5447 = DIRECTION ( 'NONE',  ( 1.000000000000000000, 0.000000000000000000, 0.000000000000000000 ) ) ;
#5448 = CARTESIAN_POINT ( 'NONE',  ( 67.37154701186349826, 34.53814524939679131, 1.329892228263825249 ) ) ;
#5449 = VECTOR ( 'NONE', #9775, 1000.000000000000000 ) ;
#5450 = CARTESIAN_POINT ( 'NONE',  ( -37.25177238853220274, 38.00000000000000711, 3.593743884534261746 ) ) ;
#5451 =( BOUNDED_SURFACE ( )  B_SPLINE_SURFACE ( 3, 2, ( 
 ( #1942, #5056, #8169 ),
 ( #2743, #1179, #7456 ),
 ( #7403, #3573, #414 ),
 ( #3518, #5966, #2088 ) ),
 .UNSPECIFIED., .F., .F., .T. ) 
 B_SPLINE_SURFACE_WITH_KNOTS ( ( 4, 4 ),
 ( 3, 3 ),
 ( 3.141592653589793116, 3.565041243634444079 ),
 ( 0.000000000000000000, 1.000000000000000000 ),
 .UNSPECIFIED. ) 
 GEOMETRIC_REPRESENTATION_ITEM ( )  RATIONAL_B_SPLINE_SURFACE ( (
 ( 1.000000000000000000, 0.9238795325112878487, 1.000000000000000000),
 ( 1.000000000000000000, 0.9238865329825555195, 1.000000000000000000),
 ( 1.000000000000000000, 0.9181357408033949952, 1.000000000000000000),
 ( 1.000000000000000000, 0.9068222570079198519, 1.000000000000000000) ) ) 
 REPRESENTATION_ITEM ( '' )  SURFACE ( )  );
#5452 = DIRECTION ( 'NONE',  ( -1.000000000000000000, 0.000000000000000000, 0.000000000000000000 ) ) ;
#5453 = CARTESIAN_POINT ( 'NONE',  ( -67.87180233481677760, 39.44680912322839106, 2.001370554335213825 ) ) ;
#5454 = AXIS2_PLACEMENT_3D ( 'NONE', #6221, #4699, #772 ) ;
#5455 = CARTESIAN_POINT ( 'NONE',  ( 54.50000000000001421, 0.000000000000000000, 8.000000000000000000 ) ) ;
#5456 = PLANE ( 'NONE',  #1705 ) ;
#5457 = ORIENTED_EDGE ( 'NONE', *, *, #4317, .T. ) ;
#5458 = LINE ( 'NONE', #1624, #2069 ) ;
#5459 = ORIENTED_EDGE ( 'NONE', *, *, #916, .T. ) ;
#5460 = LINE ( 'NONE', #675, #3282 ) ;
#5461 = CIRCLE ( 'NONE', #4160, 1.600000000000004086 ) ;
#5462 =( LENGTH_UNIT ( ) NAMED_UNIT ( * ) SI_UNIT ( .MILLI., .METRE. ) );
#5463 = CARTESIAN_POINT ( 'NONE',  ( -42.76721222244307086, 42.84441858070980658, 2.000000000000000000 ) ) ;
#5464 = DIRECTION ( 'NONE',  ( 0.4344667843229192417, 0.9006878556526128898, 0.000000000000000000 ) ) ;
#5465 = B_SPLINE_CURVE_WITH_KNOTS ( 'NONE', 3,
 ( #3351, #6472, #3305, #7392 ),
 .UNSPECIFIED., .F., .F.,
 ( 4, 4 ),
 ( -0.03377171203778518704, 0.03377171203778522868 ),
 .UNSPECIFIED. ) ;
#5466 = DIRECTION ( 'NONE',  ( -0.6145275576728826961, 0.7888953548225530188, 0.000000000000000000 ) ) ;
#5467 = CARTESIAN_POINT ( 'NONE',  ( -67.62067277325475345, 37.03983760645570555, 1.061205990658737219 ) ) ;
#5468 = CARTESIAN_POINT ( 'NONE',  ( -61.49999999999997868, -18.58303575079967018, 6.000000000000104805 ) ) ;
#5469 = EDGE_CURVE ( 'NONE', #7913, #1377, #6157, .T. ) ;
#5470 = VECTOR ( 'NONE', #385, 1000.000000000000000 ) ;
#5471 = CARTESIAN_POINT ( 'NONE',  ( -40.93515130669542401, 39.82906651221172467, 9.504649160055151924 ) ) ;
#5472 = EDGE_LOOP ( 'NONE', ( #459, #6872, #2782, #6743 ) ) ;
#5473 = CARTESIAN_POINT ( 'NONE',  ( 63.83031176841433307, 41.16014210610314450, 2.526499932153330796 ) ) ;
#5474 = CARTESIAN_POINT ( 'NONE',  ( 53.25379579564052079, 42.00000000000000711, 5.585786437627009882 ) ) ;
#5475 = VERTEX_POINT ( 'NONE', #5339 ) ;
#5476 = CARTESIAN_POINT ( 'NONE',  ( 53.50000000000001421, -30.99999999999998579, 10.50000000000000000 ) ) ;
#5477 = CARTESIAN_POINT ( 'NONE',  ( 42.11566019019748808, 35.42904360464145697, 1.599721138471851933 ) ) ;
#5478 = CARTESIAN_POINT ( 'NONE',  ( 53.74596825138365119, 42.01077634239955927, 5.568068019574944572 ) ) ;
#5479 = CARTESIAN_POINT ( 'NONE',  ( -64.93076916642158380, -41.49920107556696536, 1.000000000000000000 ) ) ;
#5480 = ADVANCED_FACE ( 'NONE', ( #9100 ), #4464, .T. ) ;
#5481 = AXIS2_PLACEMENT_3D ( 'NONE', #1915, #9755, #7326 ) ;
#5482 = EDGE_CURVE ( 'NONE', #5641, #2095, #2206, .T. ) ;
#5483 = TOROIDAL_SURFACE ( 'NONE', #8904, 4.585786437627034751, 1.000000000000000000 ) ;
#5484 = EDGE_CURVE ( 'NONE', #8383, #823, #5240, .T. ) ;
#5485 = CARTESIAN_POINT ( 'NONE',  ( -35.50068230837597127, 41.00000000000000711, 10.80005719753162374 ) ) ;
#5486 = VERTEX_POINT ( 'NONE', #1407 ) ;
#5487 = CARTESIAN_POINT ( 'NONE',  ( 69.00028319510391839, 38.25943819181902228, 1.969513254655615775 ) ) ;
#5488 = DIRECTION ( 'NONE',  ( 0.000000000000000000, 0.4867207978480930786, 0.8735575910849356918 ) ) ;
#5489 = ORIENTED_EDGE ( 'NONE', *, *, #1066, .F. ) ;
#5490 = PLANE ( 'NONE',  #1745 ) ;
#5491 = CARTESIAN_POINT ( 'NONE',  ( -53.48822044310251300, 42.00244080827402371, 5.997559191726092642 ) ) ;
#5492 = CARTESIAN_POINT ( 'NONE',  ( -40.34724300086855209, 39.90558252864914124, 9.927353580932463117 ) ) ;
#5493 = CARTESIAN_POINT ( 'NONE',  ( 59.11617149394687942, 25.12723994640310821, 8.383828506053269791 ) ) ;
#5494 = AXIS2_PLACEMENT_3D ( 'NONE', #3581, #315, #3424 ) ;
#5495 = ORIENTED_EDGE ( 'NONE', *, *, #9635, .T. ) ;
#5496 = CIRCLE ( 'NONE', #6151, 6.999999999999999112 ) ;
#5497 = EDGE_CURVE ( 'NONE', #2567, #6450, #3519, .T. ) ;
#5498 = EDGE_CURVE ( 'NONE', #7856, #9251, #5386, .T. ) ;
#5499 = EDGE_LOOP ( 'NONE', ( #1087, #4200, #6257, #7497 ) ) ;
#5500 = EDGE_CURVE ( 'NONE', #9869, #6064, #2364, .T. ) ;
#5501 = PRESENTATION_LAYER_ASSIGNMENT (  '', '', ( #949 ) ) ;
#5502 = PLANE ( 'NONE',  #1251 ) ;
#5503 = CARTESIAN_POINT ( 'NONE',  ( 66.64553011649162784, 33.23510339663024382, 1.571672259818657214 ) ) ;
#5504 = AXIS2_PLACEMENT_3D ( 'NONE', #1533, #733, #3117 ) ;
#5505 = CARTESIAN_POINT ( 'NONE',  ( -59.46199940053616473, -21.80568766229459499, 8.038000599463943630 ) ) ;
#5506 = CARTESIAN_POINT ( 'NONE',  ( 65.47938023265106722, 42.48467842483109536, 1.116765220882937726 ) ) ;
#5507 = FACE_OUTER_BOUND ( 'NONE', #2571, .T. ) ;
#5508 = AXIS2_PLACEMENT_3D ( 'NONE', #4542, #676, #574 ) ;
#5509 = ORIENTED_EDGE ( 'NONE', *, *, #2661, .T. ) ;
#5510 = LINE ( 'NONE', #4744, #7734 ) ;
#5511 = EDGE_CURVE ( 'NONE', #8027, #8383, #6046, .T. ) ;
#5512 = FACE_OUTER_BOUND ( 'NONE', #8764, .T. ) ;
#5513 = EDGE_LOOP ( 'NONE', ( #7759, #997, #5489, #926 ) ) ;
#5514 = CARTESIAN_POINT ( 'NONE',  ( -64.65511707489268645, 31.88447262856989539, 3.081542111394479200 ) ) ;
#5515 = ORIENTED_EDGE ( 'NONE', *, *, #532, .F. ) ;
#5516 = CARTESIAN_POINT ( 'NONE',  ( -54.49999999999997868, 27.22994939107031698, 1.000000000000000888 ) ) ;
#5517 = CARTESIAN_POINT ( 'NONE',  ( -67.73503194465811816, -37.26727932535406751, 2.000000000000000000 ) ) ;
#5518 = DIRECTION ( 'NONE',  ( 0.000000000000000000, -1.000000000000000000, 0.000000000000000000 ) ) ;
#5519 = CARTESIAN_POINT ( 'NONE',  ( 45.28558440016043818, 36.00000000000001421, 9.014539220847341383 ) ) ;
#5520 = DIRECTION ( 'NONE',  ( 1.000000000000000000, 1.072968466460187254E-14, 0.000000000000000000 ) ) ;
#5521 = CARTESIAN_POINT ( 'NONE',  ( 61.01896424592413126, 42.32942029204272671, 2.405274938948988694 ) ) ;
#5522 = CARTESIAN_POINT ( 'NONE',  ( -68.72148125650389261, 37.03351534017911462, 1.036396857401802540 ) ) ;
#5523 = CARTESIAN_POINT ( 'NONE',  ( -64.85702245493807538, 30.81058620711215923, 2.833649698251478721 ) ) ;
#5524 = VERTEX_POINT ( 'NONE', #6866 ) ;
#5525 = CARTESIAN_POINT ( 'NONE',  ( -64.81469800146980731, 29.94915938283325119, 2.127020956890199876 ) ) ;
#5526 = ORIENTED_EDGE ( 'NONE', *, *, #6911, .F. ) ;
#5527 = LINE ( 'NONE', #6343, #3051 ) ;
#5528 = CARTESIAN_POINT ( 'NONE',  ( -38.33691794605238812, 40.76318057783572613, 10.95058785473012897 ) ) ;
#5529 = EDGE_CURVE ( 'NONE', #2935, #8027, #9962, .T. ) ;
#5530 = EDGE_CURVE ( 'NONE', #7757, #7799, #8303, .T. ) ;
#5531 = CARTESIAN_POINT ( 'NONE',  ( -37.25179890392082172, 38.00000000000000711, 3.595548999967921766 ) ) ;
#5532 = B_SPLINE_CURVE_WITH_KNOTS ( 'NONE', 3,
 ( #3013, #9948, #9287, #6900, #6139, #5419 ),
 .UNSPECIFIED., .F., .F.,
 ( 4, 2, 4 ),
 ( 0.000000000000000000, 0.003794630140550236605, 0.007589260281100473210 ),
 .UNSPECIFIED. ) ;
#5533 = CYLINDRICAL_SURFACE ( 'NONE', #882, 3.999999999999996447 ) ;
#5534 = ORIENTED_EDGE ( 'NONE', *, *, #5607, .F. ) ;
#5535 = CARTESIAN_POINT ( 'NONE',  ( 38.46551931873069918, 37.32215109695196986, 9.668599781183534247 ) ) ;
#5536 = CARTESIAN_POINT ( 'NONE',  ( 61.49999999999996447, -15.47221641018507299, 4.343077260058286981 ) ) ;
#5537 = ORIENTED_EDGE ( 'NONE', *, *, #8361, .T. ) ;
#5538 = CARTESIAN_POINT ( 'NONE',  ( 40.34724300086615045, 39.90558252864896360, 9.927353580933010235 ) ) ;
#5539 = DIRECTION ( 'NONE',  ( 0.9794253071427644342, 0.1426991025345007713, 0.1426991025344927222 ) ) ;
#5540 = EDGE_LOOP ( 'NONE', ( #6517, #1622, #8542, #9312, #1362, #4350, #8396, #2272 ) ) ;
#5541 = LINE ( 'NONE', #4783, #7278 ) ;
#5542 =( BOUNDED_SURFACE ( )  B_SPLINE_SURFACE ( 3, 2, ( 
 ( #3641, #2761, #5890 ),
 ( #7477, #9041, #490 ),
 ( #4266, #2714, #9803 ),
 ( #384, #5841, #6757 ) ),
 .UNSPECIFIED., .F., .F., .F. ) 
 B_SPLINE_SURFACE_WITH_KNOTS ( ( 4, 4 ),
 ( 3, 3 ),
 ( 6.156258572789353956, 6.283185307179586232 ),
 ( 0.5273978448841304401, 1.000000000000000000 ),
 .UNSPECIFIED. ) 
 GEOMETRIC_REPRESENTATION_ITEM ( )  RATIONAL_B_SPLINE_SURFACE ( (
 ( 0.9612861016137344006, 0.9632972539025344005, 1.000000000000000000),
 ( 0.9617978310807263620, 0.9637823994828167429, 1.000000000000000000),
 ( 0.9620540726259980691, 0.9640253295096998798, 1.000000000000000000),
 ( 0.9620540446809868751, 0.9640253030164069870, 1.000000000000000000) ) ) 
 REPRESENTATION_ITEM ( '' )  SURFACE ( )  );
#5543 = DIRECTION ( 'NONE',  ( 0.000000000000000000, 3.469446951953611033E-15, 1.000000000000000000 ) ) ;
#5544 = EDGE_CURVE ( 'NONE', #436, #7088, #7537, .T. ) ;
#5545 = CARTESIAN_POINT ( 'NONE',  ( -67.87618796401143584, 37.42037800267575420, 2.032565609254244343 ) ) ;
#5546 = DIRECTION ( 'NONE',  ( 0.000000000000000000, -0.000000000000000000, -1.000000000000000000 ) ) ;
#5547 = VERTEX_POINT ( 'NONE', #6299 ) ;
#5548 = CARTESIAN_POINT ( 'NONE',  ( 60.49999999999997158, -4.640181046290678069, 5.500000000000000888 ) ) ;
#5549 = AXIS2_PLACEMENT_3D ( 'NONE', #6413, #3968, #4740 ) ;
#5550 = CYLINDRICAL_SURFACE ( 'NONE', #9545, 1.000000000000000888 ) ;
#5551 = DIRECTION ( 'NONE',  ( 1.000000000000000000, 0.000000000000000000, 0.000000000000000000 ) ) ;
#5552 = CARTESIAN_POINT ( 'NONE',  ( -68.16305003365881987, 40.97770305854118078, 1.003545555451957227 ) ) ;
#5553 = CARTESIAN_POINT ( 'NONE',  ( 42.05158895394089313, 39.14157476211551767, 9.535250195769791048 ) ) ;
#5554 = EDGE_CURVE ( 'NONE', #3727, #8209, #2415, .T. ) ;
#5555 = ORIENTED_EDGE ( 'NONE', *, *, #5095, .T. ) ;
#5556 = EDGE_CURVE ( 'NONE', #9251, #1557, #8889, .T. ) ;
#5557 = CIRCLE ( 'NONE', #1, 1.000000000000000000 ) ;
#5558 = ORIENTED_EDGE ( 'NONE', *, *, #5656, .T. ) ;
#5559 = LINE ( 'NONE', #8061, #9832 ) ;
#5560 = CARTESIAN_POINT ( 'NONE',  ( 55.66594709874253510, -39.27313520188965157, 5.448035728366527941 ) ) ;
#5561 = ORIENTED_EDGE ( 'NONE', *, *, #2181, .F. ) ;
#5562 = VECTOR ( 'NONE', #4752, 1000.000000000000000 ) ;
#5563 = CARTESIAN_POINT ( 'NONE',  ( -58.49345050234010301, 42.21877267519573707, 3.782485578727829090 ) ) ;
#5564 = EDGE_LOOP ( 'NONE', ( #4921, #2413, #4020, #9170 ) ) ;
#5565 = CARTESIAN_POINT ( 'NONE',  ( -36.17171203778520550, 39.00000000000000711, 11.63151361133555994 ) ) ;
#5566 = ADVANCED_FACE ( 'NONE', ( #18 ), #67, .T. ) ;
#5567 = CARTESIAN_POINT ( 'NONE',  ( -61.20710678118651060, -20.32438493588874096, 6.292893218813563116 ) ) ;
#5568 = DIRECTION ( 'NONE',  ( -1.000000000000000000, 0.000000000000000000, 0.000000000000000000 ) ) ;
#5569 = ORIENTED_EDGE ( 'NONE', *, *, #1358, .F. ) ;
#5570 = PLANE ( 'NONE',  #3917 ) ;
#5571 = VERTEX_POINT ( 'NONE', #9503 ) ;
#5572 = CARTESIAN_POINT ( 'NONE',  ( -44.62460651803217360, 36.00000000230803465, 9.054443557211548921 ) ) ;
#5573 = AXIS2_PLACEMENT_3D ( 'NONE', #3536, #9082, #3587 ) ;
#5574 = AXIS2_PLACEMENT_3D ( 'NONE', #8207, #1214, #4330 ) ;
#5575 = CARTESIAN_POINT ( 'NONE',  ( 0.000000000000000000, -34.99999999999999289, 10.00000000000014033 ) ) ;
#5576 = CARTESIAN_POINT ( 'NONE',  ( -35.87171203778518702, 38.00000000000000711, 10.67757440991861984 ) ) ;
#5577 = ORIENTED_EDGE ( 'NONE', *, *, #2302, .T. ) ;
#5578 = CARTESIAN_POINT ( 'NONE',  ( 66.12380322460046500, 41.18095620912697541, 2.057777368508313387 ) ) ;
#5579 = DIRECTION ( 'NONE',  ( 0.4109068915486377427, 0.9116773148860489728, 0.000000000000000000 ) ) ;
#5580 = ORIENTED_EDGE ( 'NONE', *, *, #8043, .F. ) ;
#5581 = CARTESIAN_POINT ( 'NONE',  ( 37.57381417299909998, 37.95160200904618364, 3.146185418648745458 ) ) ;
#5582 = CARTESIAN_POINT ( 'NONE',  ( -38.92792216537493033, 39.88295399280941211, 10.76472562626405605 ) ) ;
#5583 = CARTESIAN_POINT ( 'NONE',  ( 41.78166014227939939, 43.61213626223844386, 5.999999999105504855 ) ) ;
#5584 = CARTESIAN_POINT ( 'NONE',  ( -66.72036157230589026, 42.11147921920379389, 1.966715275979148636 ) ) ;
#5585 = ORIENTED_EDGE ( 'NONE', *, *, #2238, .F. ) ;
#5586 = CARTESIAN_POINT ( 'NONE',  ( -39.53054957082878929, 44.91870475830413056, 5.770546585780547133 ) ) ;
#5587 = VERTEX_POINT ( 'NONE', #7888 ) ;
#5588 = ORIENTED_EDGE ( 'NONE', *, *, #1691, .T. ) ;
#5589 = CARTESIAN_POINT ( 'NONE',  ( 45.28558440016043818, 36.00000000000001421, 9.014539220847341383 ) ) ;
#5590 = CARTESIAN_POINT ( 'NONE',  ( -67.89999999999994884, 38.69940077393805211, 2.008049157603561508 ) ) ;
#5591 = EDGE_LOOP ( 'NONE', ( #5100, #9654, #9118, #3166 ) ) ;
#5592 = DIRECTION ( 'NONE',  ( 1.000000000000000000, 0.000000000000000000, 0.000000000000000000 ) ) ;
#5593 = CARTESIAN_POINT ( 'NONE',  ( 41.16093173227932311, 38.67568250892638559, 10.06247660549180623 ) ) ;
#5594 = FACE_OUTER_BOUND ( 'NONE', #7318, .T. ) ;
#5595 = CARTESIAN_POINT ( 'NONE',  ( -41.08401631062912429, 44.15558141929020053, 5.452194488184180621 ) ) ;
#5596 = CARTESIAN_POINT ( 'NONE',  ( 57.37617127703460085, 41.78969234313688474, 5.334964564720885427 ) ) ;
#5597 = ORIENTED_EDGE ( 'NONE', *, *, #3594, .F. ) ;
#5598 = EDGE_CURVE ( 'NONE', #4395, #7957, #8084, .T. ) ;
#5599 =( BOUNDED_CURVE ( )  B_SPLINE_CURVE ( 3, ( #9896, #6028, #2191, #3680 ),
 .UNSPECIFIED., .F., .T. ) 
 B_SPLINE_CURVE_WITH_KNOTS ( ( 4, 4 ),
 ( 2.718144063545142153, 3.141592653589797113 ),
 .UNSPECIFIED. ) 
 CURVE ( )  GEOMETRIC_REPRESENTATION_ITEM ( )  RATIONAL_B_SPLINE_CURVE ( ( 1.000000000000000000, 0.9851133430649819944, 0.9851133430649819944, 1.000000000000000000 ) ) 
 REPRESENTATION_ITEM ( '' )  );
#5600 = FACE_OUTER_BOUND ( 'NONE', #5513, .T. ) ;
#5601 = CARTESIAN_POINT ( 'NONE',  ( -53.35582543178634296, -39.11747984191759286, 5.457858865112302560 ) ) ;
#5602 = CARTESIAN_POINT ( 'NONE',  ( -68.99999999999995737, 38.50000000001064393, 1.006035727655632650 ) ) ;
#5603 = CARTESIAN_POINT ( 'NONE',  ( -59.46199940053615762, -21.80568766229459854, 8.038000599463945406 ) ) ;
#5604 = CARTESIAN_POINT ( 'NONE',  ( -45.22532245313463051, 35.00000000000000711, 0.3999999999999993006 ) ) ;
#5605 = ORIENTED_EDGE ( 'NONE', *, *, #2854, .F. ) ;
#5606 = CARTESIAN_POINT ( 'NONE',  ( 61.20710678118651771, -18.58303575079959558, 6.292893218813600420 ) ) ;
#5607 = EDGE_CURVE ( 'NONE', #6439, #9795, #243, .T. ) ;
#5608 = AXIS2_PLACEMENT_3D ( 'NONE', #8640, #2886, #898 ) ;
#5609 = ADVANCED_FACE ( 'NONE', ( #4781 ), #3576, .T. ) ;
#5610 = DIRECTION ( 'NONE',  ( -0.1891459640884842752, 0.000000000000000000, -0.9819489825184594123 ) ) ;
#5611 = EDGE_CURVE ( 'NONE', #7313, #9777, #4164, .T. ) ;
#5612 = ORIENTED_EDGE ( 'NONE', *, *, #5824, .T. ) ;
#5613 = FACE_OUTER_BOUND ( 'NONE', #6938, .T. ) ;
#5614 = CARTESIAN_POINT ( 'NONE',  ( -53.49999999999997158, -31.99999999999998579, 2.000000000000000000 ) ) ;
#5615 = LINE ( 'NONE', #6275, #7774 ) ;
#5616 = CARTESIAN_POINT ( 'NONE',  ( -64.83668654605801862, 29.98862402072600730, 2.122657482652808181 ) ) ;
#5617 = AXIS2_PLACEMENT_3D ( 'NONE', #3334, #166, #9699 ) ;
#5618 = ORIENTED_EDGE ( 'NONE', *, *, #512, .T. ) ;
#5619 = DIRECTION ( 'NONE',  ( -1.000000000000000000, 0.000000000000000000, -0.000000000000000000 ) ) ;
#5620 = EDGE_CURVE ( 'NONE', #3875, #5046, #634, .T. ) ;
#5621 = CARTESIAN_POINT ( 'NONE',  ( -37.30703966947674388, 37.22590731875651926, 2.166348585067022992 ) ) ;
#5622 = ADVANCED_FACE ( 'NONE', ( #6504 ), #9859, .T. ) ;
#5623 = CARTESIAN_POINT ( 'NONE',  ( -63.86267736490286495, 31.00371733337442137, 3.637322635097187451 ) ) ;
#5624 = CIRCLE ( 'NONE', #3510, 8.000000000000000000 ) ;
#5625 = ORIENTED_EDGE ( 'NONE', *, *, #7372, .F. ) ;
#5626 = CARTESIAN_POINT ( 'NONE',  ( 67.87947833107844531, 38.89867018570782164, 2.006409103267596805 ) ) ;
#5627 = VERTEX_POINT ( 'NONE', #5891 ) ;
#5628 = CARTESIAN_POINT ( 'NONE',  ( 37.22749597940335065, 37.84291832401919464, 2.894812524318136848 ) ) ;
#5629 = CARTESIAN_POINT ( 'NONE',  ( -36.92167187021302510, 47.39793206507082601, 5.585786437626961032 ) ) ;
#5630 = DIRECTION ( 'NONE',  ( 1.000000000000000000, 6.938893903907222067E-15, -6.938893903907323830E-15 ) ) ;
#5631 = ORIENTED_EDGE ( 'NONE', *, *, #9036, .T. ) ;
#5632 = VECTOR ( 'NONE', #2106, 1000.000000000000000 ) ;
#5633 = CARTESIAN_POINT ( 'NONE',  ( -58.79289321881356045, 27.22994939107031698, 8.707106781186544353 ) ) ;
#5634 = ORIENTED_EDGE ( 'NONE', *, *, #2486, .F. ) ;
#5635 = DIRECTION ( 'NONE',  ( 0.000000000000000000, 0.000000000000000000, -1.000000000000000000 ) ) ;
#5636 = ADVANCED_FACE ( 'NONE', ( #1963 ), #5333, .T. ) ;
#5637 = EDGE_LOOP ( 'NONE', ( #9597, #723, #2387, #4777 ) ) ;
#5638 = B_SPLINE_CURVE_WITH_KNOTS ( 'NONE', 3,
 ( #9099, #2774, #9717, #3653, #2119, #1211, #1927, #548 ),
 .UNSPECIFIED., .F., .F.,
 ( 4, 2, 2, 4 ),
 ( 8.673617379884035472E-19, 0.003767336625885068634, 0.005651004938827614010, 0.007534673251770139871 ),
 .UNSPECIFIED. ) ;
#5639 = CARTESIAN_POINT ( 'NONE',  ( -58.76828088362912439, 42.23081352304462399, 4.235281812619891006 ) ) ;
#5640 = AXIS2_PLACEMENT_3D ( 'NONE', #7954, #968, #185 ) ;
#5641 = VERTEX_POINT ( 'NONE', #8143 ) ;
#5642 = CYLINDRICAL_SURFACE ( 'NONE', #3037, 1.000000000000000000 ) ;
#5643 = CARTESIAN_POINT ( 'NONE',  ( -39.80757072866693136, 40.03322070212342254, 10.48808895110108530 ) ) ;
#5644 = LINE ( 'NONE', #2621, #9944 ) ;
#5645 = CARTESIAN_POINT ( 'NONE',  ( 39.89681913144735148, 39.35482219436439522, 10.46002162690018622 ) ) ;
#5646 = AXIS2_PLACEMENT_3D ( 'NONE', #2640, #9339, #50 ) ;
#5647 = CARTESIAN_POINT ( 'NONE',  ( -53.47989272251117399, 42.00227332662518620, 5.583310939261129313 ) ) ;
#5648 = DIRECTION ( 'NONE',  ( 0.000000000000000000, 0.000000000000000000, -1.000000000000000000 ) ) ;
#5649 = DIRECTION ( 'NONE',  ( 0.000000000000000000, 0.000000000000000000, -1.000000000000000000 ) ) ;
#5650 = CARTESIAN_POINT ( 'NONE',  ( -53.48822044310251300, 42.00244080827400950, 5.997559191726092642 ) ) ;
#5651 = AXIS2_PLACEMENT_3D ( 'NONE', #3592, #1302, #8089 ) ;
#5652 = CARTESIAN_POINT ( 'NONE',  ( -67.89999999999996305, 38.49999999999999289, 2.000000000000000000 ) ) ;
#5653 = CIRCLE ( 'NONE', #5816, 1.000000000000000888 ) ;
#5654 = CARTESIAN_POINT ( 'NONE',  ( 43.24916055572690254, 19.49305728668151971, 0.000000000000000000 ) ) ;
#5655 = EDGE_CURVE ( 'NONE', #6944, #2033, #8947, .T. ) ;
#5656 = EDGE_CURVE ( 'NONE', #7678, #8570, #2762, .T. ) ;
#5657 = EDGE_LOOP ( 'NONE', ( #6924, #1450, #2736, #8178 ) ) ;
#5658 = ORIENTED_EDGE ( 'NONE', *, *, #9757, .T. ) ;
#5659 = CARTESIAN_POINT ( 'NONE',  ( 65.26998880994312913, 41.60429038093352005, 2.132619654596972225 ) ) ;
#5660 =( BOUNDED_SURFACE ( )  B_SPLINE_SURFACE ( 3, 2, ( 
 ( #837, #3943, #7723 ),
 ( #7056, #3886, #6960 ),
 ( #7008, #8480, #8529 ),
 ( #889, #3120, #1536 ),
 ( #6237, #3168, #1697 ),
 ( #5525, #4822, #6285 ) ),
 .UNSPECIFIED., .F., .F., .F. ) 
 B_SPLINE_SURFACE_WITH_KNOTS ( ( 4, 2, 4 ),
 ( 3, 3 ),
 ( -6.071532165918824830E-18, 0.003799819051616977906, 0.007599638103233961883 ),
 ( 0.000000000000000000, 1.000000000000000000 ),
 .UNSPECIFIED. ) 
 GEOMETRIC_REPRESENTATION_ITEM ( )  RATIONAL_B_SPLINE_SURFACE ( (
 ( 1.000000000000000000, 0.7366054830994696045, 1.000000000000000000),
 ( 1.000000000000000000, 0.7605630378341943221, 1.000000000000000000),
 ( 1.000000000000000000, 0.7851445963828207475, 1.000000000000000000),
 ( 1.000000000000000000, 0.8280490973249403641, 1.000000000000000000),
 ( 1.000000000000000000, 0.8462534295000747608, 1.000000000000000000),
 ( 1.000000000000000000, 0.8558192566510373078, 1.000000000000000000) ) ) 
 REPRESENTATION_ITEM ( '' )  SURFACE ( )  );
#5661 = CIRCLE ( 'NONE', #617, 4.000000000000017764 ) ;
#5662 = AXIS2_PLACEMENT_3D ( 'NONE', #8787, #6444, #8987 ) ;
#5663 = CARTESIAN_POINT ( 'NONE',  ( 62.91709856835444015, 36.46097293520612226, 4.272834862266957856 ) ) ;
#5664 = ORIENTED_EDGE ( 'NONE', *, *, #6486, .F. ) ;
#5665 = DIRECTION ( 'NONE',  ( 0.000000000000000000, 0.000000000000000000, -1.000000000000000000 ) ) ;
#5666 = PLANE ( 'NONE',  #8340 ) ;
#5667 = DIRECTION ( 'NONE',  ( 0.3064395601039133776, 0.9518901176098636396, 0.000000000000000000 ) ) ;
#5668 = LINE ( 'NONE', #9578, #3205 ) ;
#5669 = CARTESIAN_POINT ( 'NONE',  ( -64.43203781246400297, 29.92419821960660897, 3.067962187536060092 ) ) ;
#5670 = AXIS2_PLACEMENT_3D ( 'NONE', #4399, #1241, #4254 ) ;
#5671 = EDGE_CURVE ( 'NONE', #8448, #4932, #7103, .T. ) ;
#5672 = ORIENTED_EDGE ( 'NONE', *, *, #1812, .F. ) ;
#5673 = ORIENTED_EDGE ( 'NONE', *, *, #5497, .F. ) ;
#5674 = CARTESIAN_POINT ( 'NONE',  ( 53.32916651804713837, 42.00000000000000711, 5.585786437626796719 ) ) ;
#5675 = CARTESIAN_POINT ( 'NONE',  ( -43.98382666655803774, 36.08237709950288519, 9.174717218912750383 ) ) ;
#5676 = CARTESIAN_POINT ( 'NONE',  ( -64.13406898693180835, 30.22063498873246701, 3.365931013068257371 ) ) ;
#5677 = ORIENTED_EDGE ( 'NONE', *, *, #1206, .F. ) ;
#5678 = CARTESIAN_POINT ( 'NONE',  ( 53.35582543178643533, -39.11747984191757865, 5.457858865112324764 ) ) ;
#5679 = ORIENTED_EDGE ( 'NONE', *, *, #386, .F. ) ;
#5680 = ORIENTED_EDGE ( 'NONE', *, *, #7052, .F. ) ;
#5681 = CARTESIAN_POINT ( 'NONE',  ( 64.90769222189554455, -42.49893476742259679, 1.000000000000000000 ) ) ;
#5682 = ADVANCED_FACE ( 'NONE', ( #8994 ), #5842, .T. ) ;
#5683 = CARTESIAN_POINT ( 'NONE',  ( 41.44210087289171440, 43.87664349660663277, 5.539627283904127175 ) ) ;
#5684 = ADVANCED_FACE ( 'NONE', ( #1201 ), #4316, .F. ) ;
#5685 = CARTESIAN_POINT ( 'NONE',  ( -65.92637730605601121, 41.48526645748481911, 2.057632241565104270 ) ) ;
#5686 = ORIENTED_EDGE ( 'NONE', *, *, #8658, .F. ) ;
#5687 = CARTESIAN_POINT ( 'NONE',  ( 42.33748324084085368, 19.08215039513288147, 1.000000000000000000 ) ) ;
#5688 = ORIENTED_EDGE ( 'NONE', *, *, #9188, .T. ) ;
#5689 = CARTESIAN_POINT ( 'NONE',  ( -56.98545838085104265, -40.12206473544490137, 4.244240712304209850 ) ) ;
#5690 = CARTESIAN_POINT ( 'NONE',  ( -41.08865980216257441, 39.39799226218675443, 9.805974369726834894 ) ) ;
#5691 = ORIENTED_EDGE ( 'NONE', *, *, #8006, .T. ) ;
#5692 = CARTESIAN_POINT ( 'NONE',  ( 39.50258783847046118, 44.90894526816118315, 5.364358310185889600 ) ) ;
#5693 = DIRECTION ( 'NONE',  ( 0.000000000000000000, -0.9044134026110569602, 0.4266572361714848771 ) ) ;
#5694 = CARTESIAN_POINT ( 'NONE',  ( 69.02081528017141920, 0.000000000000000000, 10.50000000000000000 ) ) ;
#5695 = EDGE_CURVE ( 'NONE', #4882, #2212, #4343, .T. ) ;
#5696 = CARTESIAN_POINT ( 'NONE',  ( 40.06661644464288230, 39.24409840170346087, 10.40662284227848744 ) ) ;
#5697 = DIRECTION ( 'NONE',  ( -0.7656826878322949836, 0.5964455351772458558, 0.2407960654185224703 ) ) ;
#5698 = CARTESIAN_POINT ( 'NONE',  ( -72.74453208529337189, 21.07884740024824310, 2.000000000000000000 ) ) ;
#5699 = DIRECTION ( 'NONE',  ( -0.000000000000000000, -0.000000000000000000, -1.000000000000000000 ) ) ;
#5700 = CARTESIAN_POINT ( 'NONE',  ( -55.49999999999997868, 33.99999999999999289, 8.000000000000000000 ) ) ;
#5701 = CARTESIAN_POINT ( 'NONE',  ( 37.86617457699227174, 37.78894137933686181, 3.584718875788107884 ) ) ;
#5702 = CARTESIAN_POINT ( 'NONE',  ( -40.03012422112092850, 35.54905989553282808, 1.623072109047392964 ) ) ;
#5703 = CARTESIAN_POINT ( 'NONE',  ( 63.05042498350555036, -40.65548003601720950, 2.221964930257606774 ) ) ;
#5704 = EDGE_LOOP ( 'NONE', ( #2563, #5178, #1301, #2752 ) ) ;
#5705 = ORIENTED_EDGE ( 'NONE', *, *, #4472, .T. ) ;
#5706 = DIRECTION ( 'NONE',  ( 0.000000000000000000, 0.000000000000000000, -1.000000000000000000 ) ) ;
#5707 = CARTESIAN_POINT ( 'NONE',  ( 63.74711168578556197, 35.88069729641604511, 3.700502133720000142 ) ) ;
#5708 = EDGE_CURVE ( 'NONE', #5571, #158, #639, .T. ) ;
#5709 = ORIENTED_EDGE ( 'NONE', *, *, #9831, .F. ) ;
#5710 = DIRECTION ( 'NONE',  ( 1.000000000000000000, 0.000000000000000000, 0.000000000000000000 ) ) ;
#5711 = DIRECTION ( 'NONE',  ( -1.000000000000000000, -0.000000000000000000, -0.000000000000000000 ) ) ;
#5712 = CIRCLE ( 'NONE', #1156, 4.000000000000017764 ) ;
#5713 = CARTESIAN_POINT ( 'NONE',  ( -37.86292101804344412, 37.78913800045008031, 3.380412014775437957 ) ) ;
#5714 = LINE ( 'NONE', #6430, #7680 ) ;
#5715 = CARTESIAN_POINT ( 'NONE',  ( 53.47989272251118820, 42.00227332662519331, 5.583310939261123096 ) ) ;
#5716 = CARTESIAN_POINT ( 'NONE',  ( 63.97527352035469050, -26.49187848405410506, 3.022190232158362466 ) ) ;
#5717 = AXIS2_PLACEMENT_3D ( 'NONE', #3244, #9655, #6459 ) ;
#5718 = DIRECTION ( 'NONE',  ( -1.731719623548271832E-15, -1.000000000000000000, -0.000000000000000000 ) ) ;
#5719 = EDGE_CURVE ( 'NONE', #5924, #5110, #8382, .T. ) ;
#5720 = ORIENTED_EDGE ( 'NONE', *, *, #495, .F. ) ;
#5721 = CARTESIAN_POINT ( 'NONE',  ( 58.08578643762704985, 45.00000000000001421, 9.000000000000001776 ) ) ;
#5722 = ORIENTED_EDGE ( 'NONE', *, *, #2551, .T. ) ;
#5723 = ORIENTED_EDGE ( 'NONE', *, *, #4231, .F. ) ;
#5724 = CARTESIAN_POINT ( 'NONE',  ( 37.14975728921615428, 36.66829582886131078, 2.007411035879257621 ) ) ;
#5725 = DIRECTION ( 'NONE',  ( -1.000000000000000000, 0.000000000000000000, 0.000000000000000000 ) ) ;
#5726 = CIRCLE ( 'NONE', #8185, 9.510407640085711378 ) ;
#5727 = DIRECTION ( 'NONE',  ( -0.4109068915486368545, 0.9116773148860493059, 0.000000000000000000 ) ) ;
#5728 = AXIS2_PLACEMENT_3D ( 'NONE', #5516, #3773, #4643 ) ;
#5729 = VERTEX_POINT ( 'NONE', #4503 ) ;
#5730 = FACE_OUTER_BOUND ( 'NONE', #211, .T. ) ;
#5731 = ORIENTED_EDGE ( 'NONE', *, *, #820, .F. ) ;
#5732 = CARTESIAN_POINT ( 'NONE',  ( 61.49999999999997158, -4.640181046290678957, 4.500000000000000888 ) ) ;
#5733 = EDGE_CURVE ( 'NONE', #9485, #7151, #8720, .T. ) ;
#5734 = ORIENTED_EDGE ( 'NONE', *, *, #2008, .T. ) ;
#5735 = CARTESIAN_POINT ( 'NONE',  ( -56.22590676765165085, -39.42996329219910479, 5.154500473174051578 ) ) ;
#5736 = CARTESIAN_POINT ( 'NONE',  ( -62.11726989013178724, 38.86048282587504588, 4.128517648440591437 ) ) ;
#5738 = ORIENTED_EDGE ( 'NONE', *, *, #3196, .F. ) ;
#5737 = EDGE_CURVE ( 'NONE', #3493, #4382, #9996, .T. ) ;
#5739 = DIRECTION ( 'NONE',  ( 0.000000000000000000, 0.000000000000000000, -1.000000000000000000 ) ) ;
#5740 = DIRECTION ( 'NONE',  ( 0.000000000000000000, 0.000000000000000000, -1.000000000000000000 ) ) ;
#5741 = ORIENTED_EDGE ( 'NONE', *, *, #1822, .F. ) ;
#5742 = FACE_OUTER_BOUND ( 'NONE', #4422, .T. ) ;
#5743 = CARTESIAN_POINT ( 'NONE',  ( -61.20710678118653192, 23.17626541873166346, 6.292893218813559564 ) ) ;
#5744 = ADVANCED_FACE ( 'NONE', ( #5227 ), #7673, .F. ) ;
#5745 = ADVANCED_FACE ( 'NONE', ( #3784 ), #2153, .F. ) ;
#5746 = CARTESIAN_POINT ( 'NONE',  ( 51.73464987362546452, -38.99999999999998579, 5.585786437627009882 ) ) ;
#5747 = DIRECTION ( 'NONE',  ( -0.7656826878322905428, -0.5964455351772519620, -0.2407960654185215543 ) ) ;
#5748 = CARTESIAN_POINT ( 'NONE',  ( -65.91087046140877703, 35.72963809778331523, 2.536302109522595494 ) ) ;
#5749 = DIRECTION ( 'NONE',  ( -0.3000000000000017653, 0.000000000000000000, 0.9539392014169451040 ) ) ;
#5750 = DIRECTION ( 'NONE',  ( 0.000000000000000000, 1.000000000000000000, 0.000000000000000000 ) ) ;
#5751 = CARTESIAN_POINT ( 'NONE',  ( -38.74786164590801718, 35.88414747012449624, 1.844969080145978380 ) ) ;
#5752 = ORIENTED_EDGE ( 'NONE', *, *, #5757, .T. ) ;
#5753 = CARTESIAN_POINT ( 'NONE',  ( -38.62590607993755043, 45.00000000000001421, 5.452194488184173515 ) ) ;
#5754 = ORIENTED_EDGE ( 'NONE', *, *, #3279, .F. ) ;
#5755 = VERTEX_POINT ( 'NONE', #5180 ) ;
#5756 = CARTESIAN_POINT ( 'NONE',  ( 55.50000000000001421, -13.78853150712619957, 4.499999999999999112 ) ) ;
#5757 = EDGE_CURVE ( 'NONE', #8693, #1071, #1551, .T. ) ;
#5758 = CARTESIAN_POINT ( 'NONE',  ( 39.08004687640358554, 38.11104645177451999, 9.668599781183534247 ) ) ;
#5759 = ORIENTED_EDGE ( 'NONE', *, *, #6679, .T. ) ;
#5760 = CARTESIAN_POINT ( 'NONE',  ( -62.15231227003904735, -37.89098397932833251, 3.264844672869241293 ) ) ;
#5761 =( LENGTH_UNIT ( ) NAMED_UNIT ( * ) SI_UNIT ( .MILLI., .METRE. ) );
#5762 = CARTESIAN_POINT ( 'NONE',  ( -42.05158895393973495, 39.14157476211652664, 9.535250195770235138 ) ) ;
#5763 = CARTESIAN_POINT ( 'NONE',  ( -53.49999999999997868, -30.99999999999998579, 8.000000000000000000 ) ) ;
#5764 = FACE_OUTER_BOUND ( 'NONE', #2205, .T. ) ;
#5765 = CIRCLE ( 'NONE', #4794, 1.000000000000000888 ) ;
#5766 = CARTESIAN_POINT ( 'NONE',  ( -45.28558440016237086, 36.00000000000000711, 9.014539220847220591 ) ) ;
#5767 = CARTESIAN_POINT ( 'NONE',  ( -37.25381301801297695, 36.83658601565247892, 2.017949776171246601 ) ) ;
#5768 = CARTESIAN_POINT ( 'NONE',  ( 53.35582543178643533, -39.11747984191758576, 5.457858865112305224 ) ) ;
#5769 = ORIENTED_EDGE ( 'NONE', *, *, #4169, .F. ) ;
#5770 = DIRECTION ( 'NONE',  ( 0.000000000000000000, -1.000000000000000000, -0.000000000000000000 ) ) ;
#5771 = VERTEX_POINT ( 'NONE', #2255 ) ;
#5772 = ORIENTED_EDGE ( 'NONE', *, *, #9489, .F. ) ;
#5773 = AXIS2_PLACEMENT_3D ( 'NONE', #4004, #7117, #1500 ) ;
#5774 = CARTESIAN_POINT ( 'NONE',  ( 63.21497817378522655, -24.80501453911402265, 3.782485578727832198 ) ) ;
#5775 = CYLINDRICAL_SURFACE ( 'NONE', #5662, 1.000000000000000000 ) ;
#5776 = B_SPLINE_CURVE_WITH_KNOTS ( 'NONE', 3,
 ( #7102, #1637, #3066, #884 ),
 .UNSPECIFIED., .F., .F.,
 ( 4, 4 ),
 ( 3.740733183774072523E-17, 0.0005320161747714396809 ),
 .UNSPECIFIED. ) ;
#5777 =( BOUNDED_SURFACE ( )  B_SPLINE_SURFACE ( 3, 2, ( 
 ( #2544, #1789, #4241 ),
 ( #5669, #9532, #930 ),
 ( #1944, #7968, #8124 ),
 ( #3317, #9483, #4188 ),
 ( #8774, #1080, #1031 ),
 ( #3468, #4910, #2495 ),
 ( #4039, #3364, #9629 ),
 ( #247, #7148, #6579 ),
 ( #8019, #149, #9579 ),
 ( #5616, #196, #1890 ) ),
 .UNSPECIFIED., .F., .F., .T. ) 
 B_SPLINE_SURFACE_WITH_KNOTS ( ( 4, 2, 2, 2, 4 ),
 ( 3, 3 ),
 ( 0.000000000000000000, 0.001137251089212789647, 0.002274502178425579293, 0.003411753267638368940, 0.004549004356851158587 ),
 ( 0.000000000000000000, 1.000000000000000000 ),
 .UNSPECIFIED. ) 
 GEOMETRIC_REPRESENTATION_ITEM ( )  RATIONAL_B_SPLINE_SURFACE ( (
 ( 1.000000000000000000, 0.9915375955741918546, 1.000000000000000000),
 ( 1.000000000000000000, 0.9924983979513232191, 1.000000000000000000),
 ( 1.000000000000000000, 0.9935050057872778506, 1.000000000000000000),
 ( 1.000000000000000000, 0.9954674173706601348, 1.000000000000000000),
 ( 1.000000000000000000, 0.9964305399072969083, 1.000000000000000000),
 ( 1.000000000000000000, 0.9980705294385451287, 1.000000000000000000),
 ( 1.000000000000000000, 0.9987600765956501370, 1.000000000000000000),
 ( 1.000000000000000000, 0.9997322857975845523, 1.000000000000000000),
 ( 1.000000000000000000, 0.9999997157179707497, 1.000000000000000000),
 ( 1.000000000000000000, 1.000000000000000000, 1.000000000000000000) ) ) 
 REPRESENTATION_ITEM ( '' )  SURFACE ( )  );
#5778 = DIRECTION ( 'NONE',  ( -1.000000000000000000, -0.000000000000000000, 0.000000000000000000 ) ) ;
#5779 = EDGE_CURVE ( 'NONE', #82, #6546, #2060, .T. ) ;
#5780 = EDGE_CURVE ( 'NONE', #2697, #5337, #8335, .T. ) ;
#5781 = CARTESIAN_POINT ( 'NONE',  ( -65.56936712999625172, 42.50401334825541966, 2.003579005260408330 ) ) ;
#5782 = EDGE_LOOP ( 'NONE', ( #679, #7217, #3406 ) ) ;
#5783 = CARTESIAN_POINT ( 'NONE',  ( -55.49999999999997868, 13.65651987538036671, 13.49999999999999645 ) ) ;
#5784 = CIRCLE ( 'NONE', #1381, 2.000000000000002220 ) ;
#5785 = EDGE_LOOP ( 'NONE', ( #9390, #9588, #6868, #587 ) ) ;
#5786 = DIRECTION ( 'NONE',  ( 0.4867207978480894703, 0.8735575910849376902, 0.000000000000000000 ) ) ;
#5787 = CARTESIAN_POINT ( 'NONE',  ( -63.06233246820786320, 40.66515918561244547, 2.926818005121346822 ) ) ;
#5788 = VERTEX_POINT ( 'NONE', #3692 ) ;
#5789 = CYLINDRICAL_SURFACE ( 'NONE', #1268, 1.000000000000000000 ) ;
#5790 = CARTESIAN_POINT ( 'NONE',  ( 40.49217027795998547, 44.20296805982736998, 6.103783628510369041 ) ) ;
#5791 = AXIS2_PLACEMENT_3D ( 'NONE', #9925, #2889, #711 ) ;
#5792 = CARTESIAN_POINT ( 'NONE',  ( -39.55316018564696634, 39.56921620715333887, 10.56809736546609102 ) ) ;
#5793 = EDGE_CURVE ( 'NONE', #6334, #2338, #6707, .T. ) ;
#5794 = CARTESIAN_POINT ( 'NONE',  ( 38.76211111321318725, 44.69386467622283021, 6.159301269370725862 ) ) ;
#5795 = ADVANCED_FACE ( 'NONE', ( #1346 ), #9904, .F. ) ;
#5796 = EDGE_CURVE ( 'NONE', #7559, #1844, #6038, .T. ) ;
#5797 = AXIS2_PLACEMENT_3D ( 'NONE', #6202, #8645, #1710 ) ;
#5798 = CARTESIAN_POINT ( 'NONE',  ( -53.47989272251117399, 42.00227332662518620, 5.583310939261129313 ) ) ;
#5799 = DIRECTION ( 'NONE',  ( 0.000000000000000000, 0.000000000000000000, -1.000000000000000000 ) ) ;
#5800 = CARTESIAN_POINT ( 'NONE',  ( -64.42532539103287093, 35.65387925182334072, 3.269272080919437773 ) ) ;
#5801 = CARTESIAN_POINT ( 'NONE',  ( -54.49999999999997868, 25.12723994640310465, 7.676721724866726326 ) ) ;
#5802 = LINE ( 'NONE', #9965, #6063 ) ;
#5803 = CARTESIAN_POINT ( 'NONE',  ( 58.79289321881360308, 27.22994939107031342, 8.707106781186540800 ) ) ;
#5804 = VECTOR ( 'NONE', #7073, 1000.000000000000227 ) ;
#5805 = ORIENTED_EDGE ( 'NONE', *, *, #8161, .T. ) ;
#5806 = AXIS2_PLACEMENT_3D ( 'NONE', #9769, #9611, #5043 ) ;
#5807 = ADVANCED_FACE ( 'NONE', ( #1252 ), #4451, .T. ) ;
#5808 = CARTESIAN_POINT ( 'NONE',  ( -67.32331484386902787, -36.20601965685455070, 2.000000000000000000 ) ) ;
#5809 = ORIENTED_EDGE ( 'NONE', *, *, #7424, .T. ) ;
#5810 =( BOUNDED_SURFACE ( )  B_SPLINE_SURFACE ( 3, 2, ( 
 ( #925, #146, #3260 ),
 ( #6377, #2687, #9781 ),
 ( #5865, #1786, #1178 ),
 ( #2792, #8924, #8014 ) ),
 .UNSPECIFIED., .F., .F., .T. ) 
 B_SPLINE_SURFACE_WITH_KNOTS ( ( 4, 4 ),
 ( 3, 3 ),
 ( 5.159861868171182309, 5.497787143782142394 ),
 ( 0.000000000000000000, 1.000000000000000000 ),
 .UNSPECIFIED. ) 
 GEOMETRIC_REPRESENTATION_ITEM ( )  RATIONAL_B_SPLINE_SURFACE ( (
 ( 1.000000000000000000, 0.8350067054535134092, 1.000000000000000000),
 ( 1.000000000000000000, 0.8627285541958962245, 1.000000000000000000),
 ( 1.000000000000000000, 0.8868060217576140269, 1.000000000000000000),
 ( 1.000000000000000000, 0.9068222570079171874, 1.000000000000000000) ) ) 
 REPRESENTATION_ITEM ( '' )  SURFACE ( )  );
#5811 = ORIENTED_EDGE ( 'NONE', *, *, #3837, .T. ) ;
#5812 = EDGE_CURVE ( 'NONE', #5524, #6208, #9529, .T. ) ;
#5813 = DIRECTION ( 'NONE',  ( 0.000000000000000000, 1.000000000000000000, -0.000000000000000000 ) ) ;
#5814 = VECTOR ( 'NONE', #9464, 1000.000000000000227 ) ;
#5815 = DIRECTION ( 'NONE',  ( -0.000000000000000000, 0.000000000000000000, 1.000000000000000000 ) ) ;
#5816 = AXIS2_PLACEMENT_3D ( 'NONE', #9154, #3032, #9255 ) ;
#5817 = ORIENTED_EDGE ( 'NONE', *, *, #2116, .T. ) ;
#5818 = DIRECTION ( 'NONE',  ( -0.000000000000000000, -0.9538173892666751419, -0.3003870635238873876 ) ) ;
#5819 = CARTESIAN_POINT ( 'NONE',  ( -38.26738747476866109, 37.47649029723276470, 3.580522271187112082 ) ) ;
#5820 = FACE_OUTER_BOUND ( 'NONE', #938, .T. ) ;
#5821 = CARTESIAN_POINT ( 'NONE',  ( 37.25179890391864035, 38.00000000000000711, 3.595548999967922654 ) ) ;
#5822 = AXIS2_PLACEMENT_3D ( 'NONE', #425, #9793, #9586 ) ;
#5823 = VECTOR ( 'NONE', #1788, 1000.000000000000000 ) ;
#5824 = EDGE_CURVE ( 'NONE', #3766, #6155, #4367, .T. ) ;
#5825 = DIRECTION ( 'NONE',  ( -0.01468750504639112359, 0.000000000000000000, 0.9998921327800877057 ) ) ;
#5826 = CARTESIAN_POINT ( 'NONE',  ( 40.53990208313415877, 39.76112069734191579, 9.893005985420886716 ) ) ;
#5827 = VERTEX_POINT ( 'NONE', #4554 ) ;
#5828 = DIRECTION ( 'NONE',  ( 0.3800712867856346211, 0.8432624940801179969, 0.3800712867856382293 ) ) ;
#5829 = VECTOR ( 'NONE', #6760, 1000.000000000000000 ) ;
#5830 = ORIENTED_EDGE ( 'NONE', *, *, #4707, .T. ) ;
#5831 = VECTOR ( 'NONE', #1185, 1000.000000000000000 ) ;
#5832 = VERTEX_POINT ( 'NONE', #7478 ) ;
#5833 = LINE ( 'NONE', #8939, #9891 ) ;
#5834 = CARTESIAN_POINT ( 'NONE',  ( -58.40906471276029066, 24.82685288287921921, 8.630539114133402023 ) ) ;
#5835 = CARTESIAN_POINT ( 'NONE',  ( -53.32916651804723784, 42.00000000000000711, 5.585786437626800272 ) ) ;
#5836 = CARTESIAN_POINT ( 'NONE',  ( 42.72737258825972617, 38.82759846427511974, 9.569853746407961381 ) ) ;
#5837 = CARTESIAN_POINT ( 'NONE',  ( 66.74899981077997779, -32.64593281775818667, 1.472694617629702440 ) ) ;
#5838 = VECTOR ( 'NONE', #3263, 1000.000000000000000 ) ;
#5839 = DIRECTION ( 'NONE',  ( -0.000000000000000000, -0.9044134026110569602, 0.4266572361714848771 ) ) ;
#5840 = ORIENTED_EDGE ( 'NONE', *, *, #5063, .T. ) ;
#5841 = CARTESIAN_POINT ( 'NONE',  ( 39.90686087581028119, 40.40839979050426223, 9.679528634985027580 ) ) ;
#5842 = PLANE ( 'NONE',  #8403 ) ;
#5843 = ADVANCED_FACE ( 'NONE', ( #491 ), #9392, .T. ) ;
#5844 = ORIENTED_EDGE ( 'NONE', *, *, #1545, .F. ) ;
#5845 = DIRECTION ( 'NONE',  ( 0.000000000000000000, 0.9538173892666754750, 0.3003870635238867770 ) ) ;
#5846 = CARTESIAN_POINT ( 'NONE',  ( 38.76211111321318725, 44.69386467622283021, 6.159301269370720533 ) ) ;
#5847 = CARTESIAN_POINT ( 'NONE',  ( 65.99403202508950983, -35.75511314771986093, 2.269969918292352506 ) ) ;
#5848 = CARTESIAN_POINT ( 'NONE',  ( -67.72485407506044908, 41.43915085240936236, 1.008659725368159954 ) ) ;
#5849 = B_SPLINE_CURVE_WITH_KNOTS ( 'NONE', 3,
 ( #7458, #3521, #6686, #3575, #4295, #8222 ),
 .UNSPECIFIED., .F., .F.,
 ( 4, 2, 4 ),
 ( 4.336808689942017255E-19, 0.0005646494103173967799, 0.001129298820634793126 ),
 .UNSPECIFIED. ) ;
#5850 = DIRECTION ( 'NONE',  ( 1.000000000000000000, 0.000000000000000000, 0.000000000000000000 ) ) ;
#5851 = LINE ( 'NONE', #342, #8258 ) ;
#5852 = CARTESIAN_POINT ( 'NONE',  ( -62.53285710330528957, 36.97579334495316772, 4.489592359914373887 ) ) ;
#5853 = ADVANCED_FACE ( 'NONE', ( #7773 ), #7090, .T. ) ;
#5854 = CYLINDRICAL_SURFACE ( 'NONE', #7447, 1.000000000000000888 ) ;
#5855 = CARTESIAN_POINT ( 'NONE',  ( 57.76148128236362567, -40.37188781078806699, 3.043560962654793922 ) ) ;
#5856 = FACE_OUTER_BOUND ( 'NONE', #6505, .T. ) ;
#5857 = EDGE_LOOP ( 'NONE', ( #6108, #2811, #8848, #9729 ) ) ;
#5858 = CARTESIAN_POINT ( 'NONE',  ( -67.68208036255441584, -34.71615453832388454, 1.117241099109743674 ) ) ;
#5859 = ORIENTED_EDGE ( 'NONE', *, *, #6582, .F. ) ;
#5860 = CARTESIAN_POINT ( 'NONE',  ( -67.71688767352253535, -37.22702271070566127, 2.000000000000000000 ) ) ;
#5861 = CARTESIAN_POINT ( 'NONE',  ( 41.45468115834034961, 39.23924199201570673, 9.741161709751111175 ) ) ;
#5862 = EDGE_CURVE ( 'NONE', #2220, #2002, #1481, .T. ) ;
#5863 = ORIENTED_EDGE ( 'NONE', *, *, #7779, .F. ) ;
#5864 = CARTESIAN_POINT ( 'NONE',  ( -63.29685531344090066, -36.13785613093711646, 3.264067090461469700 ) ) ;
#5865 = CARTESIAN_POINT ( 'NONE',  ( 63.97159505037988936, -26.48371707888301785, 3.025868702139681510 ) ) ;
#5866 = DIRECTION ( 'NONE',  ( -0.000000000000000000, 0.000000000000000000, -1.000000000000000000 ) ) ;
#5867 = ADVANCED_FACE ( 'NONE', ( #3070 ), #5660, .T. ) ;
#5868 = CARTESIAN_POINT ( 'NONE',  ( -37.45486282272825918, 37.15379099409665287, 2.224583513952188785 ) ) ;
#5869 =( BOUNDED_SURFACE ( )  B_SPLINE_SURFACE ( 3, 2, ( 
 ( #710, #5351, #3142 ),
 ( #9162, #9364, #1612 ),
 ( #2991, #3042, #8406 ),
 ( #5396, #4578, #2374 ) ),
 .UNSPECIFIED., .F., .F., .T. ) 
 B_SPLINE_SURFACE_WITH_KNOTS ( ( 4, 4 ),
 ( 3, 3 ),
 ( 0.000000000000000000, 0.0006288186852852553632 ),
 ( 0.000000000000000000, 1.000000000000000000 ),
 .UNSPECIFIED. ) 
 GEOMETRIC_REPRESENTATION_ITEM ( )  RATIONAL_B_SPLINE_SURFACE ( (
 ( 1.000000000000000000, 0.9019407492832834938, 1.000000000000000000),
 ( 1.000000000000000000, 0.8947090759992291087, 1.000000000000000000),
 ( 1.000000000000000000, 0.8877071386709081136, 1.000000000000000000),
 ( 1.000000000000000000, 0.8816730269541642739, 1.000000000000000000) ) ) 
 REPRESENTATION_ITEM ( '' )  SURFACE ( )  );
#5870 = DIRECTION ( 'NONE',  ( 1.000000000000000000, -3.469446951953598806E-15, 0.000000000000000000 ) ) ;
#5871 = CARTESIAN_POINT ( 'NONE',  ( -45.22532245313463051, 35.00000000000000711, 8.016356623453123831 ) ) ;
#5872 = CARTESIAN_POINT ( 'NONE',  ( 37.48227522645407817, 36.32995926461794767, 1.977047241281730816 ) ) ;
#5873 = PLANE ( 'NONE',  #8410 ) ;
#5874 = ADVANCED_FACE ( 'NONE', ( #7875 ), #4603, .F. ) ;
#5875 = ORIENTED_EDGE ( 'NONE', *, *, #1795, .F. ) ;
#5876 = AXIS2_PLACEMENT_3D ( 'NONE', #8761, #2581, #9516 ) ;
#5877 = CARTESIAN_POINT ( 'NONE',  ( -65.48774308109206288, 41.57263813975897193, 2.105219267616797563 ) ) ;
#5878 = EDGE_LOOP ( 'NONE', ( #4050, #4519, #6101, #2645 ) ) ;
#5879 = ORIENTED_EDGE ( 'NONE', *, *, #6800, .F. ) ;
#5880 = DIRECTION ( 'NONE',  ( -0.9532299058172094552, -0.03855560642109472080, 0.2997769368534142775 ) ) ;
#5881 = FACE_OUTER_BOUND ( 'NONE', #258, .T. ) ;
#5882 = CARTESIAN_POINT ( 'NONE',  ( 60.82480316685609978, 42.32091372154863507, 3.211326763918019189 ) ) ;
#5883 = CARTESIAN_POINT ( 'NONE',  ( 41.46820687710480513, 38.97430196203705322, 9.965843042985182976 ) ) ;
#5884 = VERTEX_POINT ( 'NONE', #8632 ) ;
#5885 = CARTESIAN_POINT ( 'NONE',  ( 68.19283222922507548, -35.84935746090216213, 1.941060067988745752 ) ) ;
#5886 = AXIS2_PLACEMENT_3D ( 'NONE', #1453, #8492, #6968 ) ;
#5887 = DIRECTION ( 'NONE',  ( -0.000000000000000000, 1.000000000000000000, -0.000000000000000000 ) ) ;
#5888 = B_SPLINE_CURVE_WITH_KNOTS ( 'NONE', 3,
 ( #9212, #8505, #4530, #2227, #2176, #2274, #5397, #3861 ),
 .UNSPECIFIED., .F., .F.,
 ( 4, 2, 2, 4 ),
 ( 0.000000000000000000, 0.0006538361360576905919, 0.0009807542040865401163, 0.001307672272115389858 ),
 .UNSPECIFIED. ) ;
#5889 = ORIENTED_EDGE ( 'NONE', *, *, #5356, .T. ) ;
#5890 = CARTESIAN_POINT ( 'NONE',  ( 40.63942290679968039, 40.11288427245679600, 9.462479898702843784 ) ) ;
#5891 = CARTESIAN_POINT ( 'NONE',  ( -68.64670925954416703, -36.85637243380543282, 0.000000000000000000 ) ) ;
#5892 = ORIENTED_EDGE ( 'NONE', *, *, #5039, .F. ) ;
#5893 = CIRCLE ( 'NONE', #8655, 2.899999999999999911 ) ;
#5894 = DIRECTION ( 'NONE',  ( -1.000000000000000000, 0.000000000000000000, 0.000000000000000000 ) ) ;
#5895 = CARTESIAN_POINT ( 'NONE',  ( 68.10363471778478583, 41.03573526402151117, 1.004085351226428058 ) ) ;
#5896 = AXIS2_PLACEMENT_3D ( 'NONE', #9429, #3314, #7350 ) ;
#5897 = ORIENTED_EDGE ( 'NONE', *, *, #1042, .T. ) ;
#5898 = FACE_OUTER_BOUND ( 'NONE', #5878, .T. ) ;
#5899 = CARTESIAN_POINT ( 'NONE',  ( -68.87840748118883027, 39.51042215407885294, 1.001739189723106049 ) ) ;
#5900 = CARTESIAN_POINT ( 'NONE',  ( -45.22532245313465182, 39.27653659536044017, 8.723463404639691277 ) ) ;
#5901 = FACE_OUTER_BOUND ( 'NONE', #6793, .T. ) ;
#5902 = CARTESIAN_POINT ( 'NONE',  ( -51.73464987362542189, -38.99999999999998579, 6.000000000000102141 ) ) ;
#5903 = CARTESIAN_POINT ( 'NONE',  ( -58.79289321881356045, -24.79228831549498580, 8.707106781186544353 ) ) ;
#5904 = CARTESIAN_POINT ( 'NONE',  ( -58.31247748280051724, -22.45082066653364805, 8.740924519801694714 ) ) ;
#5905 = CARTESIAN_POINT ( 'NONE',  ( -40.63942290680181912, 40.11288427245681731, 9.462479898702842007 ) ) ;
#5906 = ORIENTED_EDGE ( 'NONE', *, *, #6754, .F. ) ;
#5907 = CYLINDRICAL_SURFACE ( 'NONE', #8688, 2.899999999999999911 ) ;
#5908 = ORIENTED_EDGE ( 'NONE', *, *, #1012, .F. ) ;
#5909 = EDGE_CURVE ( 'NONE', #698, #2220, #1642, .T. ) ;
#5910 = CARTESIAN_POINT ( 'NONE',  ( -37.69181867949071574, 37.92484239345526476, 9.966801703034347426 ) ) ;
#5911 = EDGE_LOOP ( 'NONE', ( #4449, #6825, #7207, #3542, #7310, #94 ) ) ;
#5912 = CARTESIAN_POINT ( 'NONE',  ( -43.36767997638422401, 38.47443863772802075, 9.368486388664434728 ) ) ;
#5913 = FILL_AREA_STYLE_COLOUR ( '', #2879 ) ;
#5914 = CYLINDRICAL_SURFACE ( 'NONE', #9626, 1.000000000000000000 ) ;
#5915 = DIRECTION ( 'NONE',  ( 0.000000000000000000, -0.000000000000000000, -1.000000000000000000 ) ) ;
#5916 = CARTESIAN_POINT ( 'NONE',  ( -53.25379579564053500, 42.00000000000000711, 0.000000000000000000 ) ) ;
#5917 = ORIENTED_EDGE ( 'NONE', *, *, #33, .F. ) ;
#5918 = EDGE_CURVE ( 'NONE', #2663, #572, #10019, .T. ) ;
#5919 = FACE_OUTER_BOUND ( 'NONE', #6395, .T. ) ;
#5920 = EDGE_CURVE ( 'NONE', #5360, #7057, #760, .T. ) ;
#5921 = CARTESIAN_POINT ( 'NONE',  ( 41.40548589277342018, 38.62713096036775795, 9.985567880030844279 ) ) ;
#5922 = CIRCLE ( 'NONE', #9333, 1.000000000000000000 ) ;
#5923 = CARTESIAN_POINT ( 'NONE',  ( 66.13154231164384100, -33.05927182561347877, 2.433423183859079852 ) ) ;
#5924 = VERTEX_POINT ( 'NONE', #2035 ) ;
#5925 =( BOUNDED_SURFACE ( )  B_SPLINE_SURFACE ( 3, 2, ( 
 ( #5633, #7320, #325 ),
 ( #4148, #264, #210 ),
 ( #4105, #117, #7216 ),
 ( #8138, #3331, #2607 ) ),
 .UNSPECIFIED., .F., .F., .T. ) 
 B_SPLINE_SURFACE_WITH_KNOTS ( ( 4, 4 ),
 ( 3, 3 ),
 ( 0.000000000000000000, 0.3050984327404893670 ),
 ( 0.000000000000000000, 1.000000000000000000 ),
 .UNSPECIFIED. ) 
 GEOMETRIC_REPRESENTATION_ITEM ( )  RATIONAL_B_SPLINE_SURFACE ( (
 ( 1.000000000000000000, 0.9238795325112858503, 1.000000000000000000),
 ( 1.000000000000000000, 0.9238814110471602614, 1.000000000000000000),
 ( 1.000000000000000000, 0.9209041503553861974, 1.000000000000000000),
 ( 1.000000000000000000, 0.9150002032688602238, 1.000000000000000000) ) ) 
 REPRESENTATION_ITEM ( '' )  SURFACE ( )  );
#5926 = DIRECTION ( 'NONE',  ( -0.000000000000000000, 1.000000000000000000, -0.000000000000000000 ) ) ;
#5927 = ORIENTED_EDGE ( 'NONE', *, *, #4993, .F. ) ;
#5928 = ORIENTED_EDGE ( 'NONE', *, *, #4258, .T. ) ;
#5929 = CARTESIAN_POINT ( 'NONE',  ( -54.49999999999997868, 27.22994939107031698, 8.000000000000000000 ) ) ;
#5930 = CARTESIAN_POINT ( 'NONE',  ( 38.33430205771599475, 40.76400513288982808, 10.95141051355390083 ) ) ;
#5931 = CIRCLE ( 'NONE', #4626, 4.000000000000001776 ) ;
#5932 = ADVANCED_FACE ( 'NONE', ( #4237 ), #6680, .F. ) ;
#5933 = LINE ( 'NONE', #7369, #13 ) ;
#5934 = ADVANCED_FACE ( 'NONE', ( #8217 ), #9706, .T. ) ;
#5935 = LINE ( 'NONE', #3686, #9342 ) ;
#5936 = EDGE_LOOP ( 'NONE', ( #10059, #6855, #6057, #9949, #3992 ) ) ;
#5937 = CARTESIAN_POINT ( 'NONE',  ( 68.49423036433975653, 36.55311680860763346, 1.061205990658733667 ) ) ;
#5938 = ORIENTED_EDGE ( 'NONE', *, *, #1439, .F. ) ;
#5939 = CARTESIAN_POINT ( 'NONE',  ( 53.50000000000001421, -30.99999999999998579, 8.707106781186544353 ) ) ;
#5940 = CARTESIAN_POINT ( 'NONE',  ( -53.49999999999997868, 34.00000000000000711, 0.000000000000000000 ) ) ;
#5941 = ORIENTED_EDGE ( 'NONE', *, *, #9591, .F. ) ;
#5942 = DIRECTION ( 'NONE',  ( -0.000000000000000000, 0.000000000000000000, -1.000000000000000000 ) ) ;
#5943 = CARTESIAN_POINT ( 'NONE',  ( 62.09999999999995879, -38.49999999999999289, 2.000000000000000000 ) ) ;
#5944 = DIRECTION ( 'NONE',  ( 1.000000000000000000, 0.000000000000000000, 0.000000000000000000 ) ) ;
#5945 = VECTOR ( 'NONE', #6847, 1000.000000000000000 ) ;
#5946 = CARTESIAN_POINT ( 'NONE',  ( 61.63185078099273539, 23.05852642316905943, 5.868149219007848139 ) ) ;
#5947 = DIRECTION ( 'NONE',  ( 0.000000000000000000, -1.000000000000000000, 0.000000000000000000 ) ) ;
#5948 = VERTEX_POINT ( 'NONE', #412 ) ;
#5949 = CARTESIAN_POINT ( 'NONE',  ( 68.72148125650393524, 37.03351534017908619, 1.036396857401504334 ) ) ;
#5950 = CARTESIAN_POINT ( 'NONE',  ( -40.55814837769240455, 37.19333812220867941, 10.25204320062434959 ) ) ;
#5951 = AXIS2_PLACEMENT_3D ( 'NONE', #9112, #7750, #9317 ) ;
#5952 = CARTESIAN_POINT ( 'NONE',  ( -38.46551931873284502, 37.32215109695199118, 9.668599781182846797 ) ) ;
#5953 = CARTESIAN_POINT ( 'NONE',  ( 53.49999999999998579, 39.29289321881359598, 8.707106781186544353 ) ) ;
#5954 = CARTESIAN_POINT ( 'NONE',  ( 58.61339094237941794, 25.68263738225605053, 8.886609057618814589 ) ) ;
#5955 = ORIENTED_EDGE ( 'NONE', *, *, #7608, .F. ) ;
#5956 = CARTESIAN_POINT ( 'NONE',  ( 62.28857673292355912, -23.61439836843515039, 5.211423267076547461 ) ) ;
#5957 = ORIENTED_EDGE ( 'NONE', *, *, #5008, .T. ) ;
#5958 = VECTOR ( 'NONE', #7629, 1000.000000000000000 ) ;
#5959 = CARTESIAN_POINT ( 'NONE',  ( 53.49999999999997868, 41.00247549836589656, 5.583310939261125760 ) ) ;
#5960 = B_SPLINE_CURVE_WITH_KNOTS ( 'NONE', 3,
 ( #7710, #3820, #10041, #724, #2145, #5264, #6946, #6794, #9895, #978, #9530, #2336, #2542, #2492 ),
 .UNSPECIFIED., .F., .F.,
 ( 4, 2, 2, 2, 2, 2, 4 ),
 ( -8.829568707004665682E-06, 0.0005988592560882519296, 0.001206548080883508654, 0.001510392493281136365, 0.001814236905678764077, 0.002118081318076391571, 0.002421925730474019500 ),
 .UNSPECIFIED. ) ;
#5961 = DIRECTION ( 'NONE',  ( -0.6145275576728885802, -0.7888953548225483559, 0.000000000000000000 ) ) ;
#5962 = CARTESIAN_POINT ( 'NONE',  ( -43.26256185813802091, 39.15415994250233922, 9.121653968434031867 ) ) ;
#5963 = CARTESIAN_POINT ( 'NONE',  ( -64.99999999999995737, -38.49999999999999289, 2.000000000000000000 ) ) ;
#5964 = ADVANCED_FACE ( 'NONE', ( #1885 ), #469, .T. ) ;
#5965 = ADVANCED_FACE ( 'NONE', ( #356 ), #107, .T. ) ;
#5966 = CARTESIAN_POINT ( 'NONE',  ( 62.56574072970122558, -23.36455427446566802, 4.934259270298880118 ) ) ;
#5967 = CIRCLE ( 'NONE', #6782, 1.000000000000000666 ) ;
#5968 = DIRECTION ( 'NONE',  ( 0.000000000000000000, 0.7071067811865436870, -0.7071067811865513475 ) ) ;
#5969 = CARTESIAN_POINT ( 'NONE',  ( -64.93076916642158380, -41.49920107556696536, 2.000000000000000000 ) ) ;
#5970 = ORIENTED_EDGE ( 'NONE', *, *, #6435, .T. ) ;
#5971 = CARTESIAN_POINT ( 'NONE',  ( -60.49999999999997868, 0.000000000000000000, 5.585786437627012546 ) ) ;
#5972 = TOROIDAL_SURFACE ( 'NONE', #7930, 6.000000000000007105, 2.000000000000000000 ) ;
#5973 = ORIENTED_EDGE ( 'NONE', *, *, #6486, .T. ) ;
#5974 = LINE ( 'NONE', #2748, #229 ) ;
#5975 = DIRECTION ( 'NONE',  ( 3.469446951953607878E-15, -1.000000000000000000, 3.469446951953646138E-15 ) ) ;
#5976 = ORIENTED_EDGE ( 'NONE', *, *, #1532, .F. ) ;
#5977 = LINE ( 'NONE', #2094, #6624 ) ;
#5978 = ORIENTED_EDGE ( 'NONE', *, *, #7830, .T. ) ;
#5979 = EDGE_CURVE ( 'NONE', #6249, #6913, #9064, .T. ) ;
#5980 = ORIENTED_EDGE ( 'NONE', *, *, #6048, .T. ) ;
#5981 = CARTESIAN_POINT ( 'NONE',  ( 64.84994661923033732, 30.01242295767142210, 2.218200129092403383 ) ) ;
#5982 = CARTESIAN_POINT ( 'NONE',  ( 62.49314726662305475, -23.20349147688650859, 4.504316485890004884 ) ) ;
#5983 = CARTESIAN_POINT ( 'NONE',  ( -36.60052625446180485, 40.92035277149901162, 11.49665777899756591 ) ) ;
#5984 = VECTOR ( 'NONE', #7361, 1000.000000000000000 ) ;
#5985 = CIRCLE ( 'NONE', #3044, 1.600000000000004086 ) ;
#5986 = DIRECTION ( 'NONE',  ( 0.000000000000000000, -1.000000000000000000, 0.000000000000000000 ) ) ;
#5987 = CARTESIAN_POINT ( 'NONE',  ( 67.73978095641061259, -34.84417459238962778, 1.986417784770253769 ) ) ;
#5988 = LINE ( 'NONE', #3733, #5945 ) ;
#5989 =( BOUNDED_CURVE ( )  B_SPLINE_CURVE ( 3, ( #1006, #4939, #5743, #8098 ),
 .UNSPECIFIED., .F., .T. ) 
 B_SPLINE_CURVE_WITH_KNOTS ( ( 4, 4 ),
 ( 2.633260691093934458, 3.141592653589797113 ),
 .UNSPECIFIED. ) 
 CURVE ( )  GEOMETRIC_REPRESENTATION_ITEM ( )  RATIONAL_B_SPLINE_CURVE ( ( 1.000000000000000000, 0.9785822243453271563, 0.9785822243453271563, 1.000000000000000000 ) ) 
 REPRESENTATION_ITEM ( '' )  );
#5990 = AXIS2_PLACEMENT_3D ( 'NONE', #2968, #7776, #5329 ) ;
#5991 = ORIENTED_EDGE ( 'NONE', *, *, #9979, .F. ) ;
#5992 = DIRECTION ( 'NONE',  ( -0.3924313469075677574, -0.8318625342739154327, 0.3924313469075720873 ) ) ;
#5993 = DIRECTION ( 'NONE',  ( 1.000000000000000000, 0.000000000000000000, 0.000000000000000000 ) ) ;
#5994 = EDGE_CURVE ( 'NONE', #3630, #4207, #5967, .T. ) ;
#5995 = ORIENTED_EDGE ( 'NONE', *, *, #2062, .T. ) ;
#5996 = CARTESIAN_POINT ( 'NONE',  ( -45.76767997638421548, 45.00000000000001421, 9.000000000000001776 ) ) ;
#5997 = CARTESIAN_POINT ( 'NONE',  ( 68.97741925891830306, 38.99238505212002082, 1.003047174552661902 ) ) ;
#5998 = EDGE_CURVE ( 'NONE', #7919, #2095, #7205, .T. ) ;
#5999 = CARTESIAN_POINT ( 'NONE',  ( 64.71953083408081397, -35.60922513033131054, 2.704377489584540495 ) ) ;
#6000 = CIRCLE ( 'NONE', #285, 9.000000000000001776 ) ;
#6001 = CARTESIAN_POINT ( 'NONE',  ( -68.97754369036140076, 38.00779338370158200, 1.010834835635709750 ) ) ;
#6002 = CARTESIAN_POINT ( 'NONE',  ( 0.000000000000000000, -38.99999999999998579, 2.000000000000000000 ) ) ;
#6003 = LINE ( 'NONE', #5191, #6952 ) ;
#6004 = CARTESIAN_POINT ( 'NONE',  ( 64.39141513174472209, -41.47763462555204939, 2.006625756098283198 ) ) ;
#6005 = EDGE_CURVE ( 'NONE', #2962, #8160, #252, .T. ) ;
#6006 = DIRECTION ( 'NONE',  ( -0.000000000000000000, -0.000000000000000000, -1.000000000000000000 ) ) ;
#6007 = CARTESIAN_POINT ( 'NONE',  ( -58.08578643762700011, -23.60722157796515219, 9.000000000000001776 ) ) ;
#6008 = ADVANCED_FACE ( 'NONE', ( #7651 ), #2275, .F. ) ;
#6009 = CARTESIAN_POINT ( 'NONE',  ( 58.08578643762705696, 27.22994939107031342, 9.000000000000000000 ) ) ;
#6010 = EDGE_LOOP ( 'NONE', ( #4572, #6129, #3604, #5941 ) ) ;
#6011 = CARTESIAN_POINT ( 'NONE',  ( 61.58146995173700589, -23.61439836843515039, 4.504316485890003108 ) ) ;
#6012 = ORIENTED_EDGE ( 'NONE', *, *, #1308, .F. ) ;
#6013 = VERTEX_POINT ( 'NONE', #4580 ) ;
#6014 = DIRECTION ( 'NONE',  ( 0.9997336918556554153, 0.02307694452612078090, -0.000000000000000000 ) ) ;
#6015 = LINE ( 'NONE', #8355, #8395 ) ;
#6016 = DIRECTION ( 'NONE',  ( 0.9539392014169454370, 0.000000000000000000, 0.3000000000000013212 ) ) ;
#6017 = CARTESIAN_POINT ( 'NONE',  ( 58.79289321881361019, -24.79228831549498580, 8.707106781186542577 ) ) ;
#6018 = CARTESIAN_POINT ( 'NONE',  ( 52.32517166528919716, -38.70710678118653902, 6.292893218813552458 ) ) ;
#6019 = VERTEX_POINT ( 'NONE', #2129 ) ;
#6020 = LINE ( 'NONE', #8362, #3657 ) ;
#6021 = ADVANCED_FACE ( 'NONE', ( #6880 ), #9318, .T. ) ;
#6022 = CARTESIAN_POINT ( 'NONE',  ( 37.48227522645407817, 36.05991852923588681, 3.554094482563461277 ) ) ;
#6023 = VERTEX_POINT ( 'NONE', #5450 ) ;
#6024 = DIRECTION ( 'NONE',  ( 0.000000000000000000, 0.000000000000000000, -1.000000000000000000 ) ) ;
#6025 = ORIENTED_EDGE ( 'NONE', *, *, #7963, .T. ) ;
#6026 = ORIENTED_EDGE ( 'NONE', *, *, #9046, .T. ) ;
#6027 = CARTESIAN_POINT ( 'NONE',  ( -37.86625122775514996, 37.78893674713004458, 3.589532151510270275 ) ) ;
#6028 = CARTESIAN_POINT ( 'NONE',  ( 61.57304435217783833, -22.02684981909409245, 5.926955647822279794 ) ) ;
#6029 = CARTESIAN_POINT ( 'NONE',  ( 65.03588824101429111, 41.60738428589542082, 2.172222082836198442 ) ) ;
#6030 = B_SPLINE_CURVE_WITH_KNOTS ( 'NONE', 3,
 ( #564, #9787, #1893, #5871 ),
 .UNSPECIFIED., .F., .F.,
 ( 4, 4 ),
 ( 0.000000000000000000, 0.002420485039954950804 ),
 .UNSPECIFIED. ) ;
#6031 = CARTESIAN_POINT ( 'NONE',  ( -37.55181215987404642, 40.05756524985254430, 11.19749220199242146 ) ) ;
#6032 = CARTESIAN_POINT ( 'NONE',  ( -55.49999999999997868, 5.124351969139001880E-16, 4.499999999999999112 ) ) ;
#6033 = CARTESIAN_POINT ( 'NONE',  ( -41.50849611331484112, 41.22855078253999750, 10.87669346107592894 ) ) ;
#6034 = EDGE_CURVE ( 'NONE', #4042, #8992, #6705, .T. ) ;
#6035 = CIRCLE ( 'NONE', #6519, 1.000000000000000000 ) ;
#6036 = EDGE_LOOP ( 'NONE', ( #1169, #6130, #9254, #9326, #9477, #5020, #2955, #9636, #4305, #8113, #9109 ) ) ;
#6037 = CARTESIAN_POINT ( 'NONE',  ( 38.92769970611891495, 39.88313748583353657, 10.76479558646353141 ) ) ;
#6038 = LINE ( 'NONE', #9242, #6610 ) ;
#6039 = ORIENTED_EDGE ( 'NONE', *, *, #3923, .F. ) ;
#6040 = DIRECTION ( 'NONE',  ( -0.000000000000000000, -0.000000000000000000, -1.000000000000000000 ) ) ;
#6041 = CARTESIAN_POINT ( 'NONE',  ( -36.33549835997357036, 41.00742573810256886, 10.63062261438869882 ) ) ;
#6042 = ORIENTED_EDGE ( 'NONE', *, *, #42, .T. ) ;
#6043 = AXIS2_PLACEMENT_3D ( 'NONE', #4222, #9511, #7334 ) ;
#6044 = CARTESIAN_POINT ( 'NONE',  ( -41.19877568353845021, 39.15981049777069956, 9.935182312598342946 ) ) ;
#6045 = CARTESIAN_POINT ( 'NONE',  ( 61.20710678119328207, 22.11626156133836218, 6.292893218806844935 ) ) ;
#6046 =( BOUNDED_CURVE ( )  B_SPLINE_CURVE ( 3, ( #9051, #7641, #5950, #5192 ),
 .UNSPECIFIED., .F., .T. ) 
 B_SPLINE_CURVE_WITH_KNOTS ( ( 4, 4 ),
 ( 1.788270772447559054, 2.232583287863293187 ),
 .UNSPECIFIED. ) 
 CURVE ( )  GEOMETRIC_REPRESENTATION_ITEM ( )  RATIONAL_B_SPLINE_CURVE ( ( 1.000000000000000000, 0.9836164144649265362, 0.9836164144649265362, 1.000000000000000000 ) ) 
 REPRESENTATION_ITEM ( '' )  );
#6047 = ORIENTED_EDGE ( 'NONE', *, *, #3938, .T. ) ;
#6048 = EDGE_CURVE ( 'NONE', #858, #5403, #7748, .T. ) ;
#6049 = EDGE_CURVE ( 'NONE', #240, #8717, #8356, .T. ) ;
#6050 = AXIS2_PLACEMENT_3D ( 'NONE', #2721, #8952, #8199 ) ;
#6051 = CARTESIAN_POINT ( 'NONE',  ( -39.79511743710800431, 36.42867123757699233, 3.199123497306680441 ) ) ;
#6052 = ORIENTED_EDGE ( 'NONE', *, *, #1131, .T. ) ;
#6053 = CARTESIAN_POINT ( 'NONE',  ( 67.10999155159107943, 40.69540603930165901, 2.007233295413391350 ) ) ;
#6054 = CARTESIAN_POINT ( 'NONE',  ( 64.90769222189554455, -42.49893476742260390, 2.000000000000000000 ) ) ;
#6055 = DIRECTION ( 'NONE',  ( 0.000000000000000000, 0.000000000000000000, -1.000000000000000000 ) ) ;
#6056 = DIRECTION ( 'NONE',  ( 0.000000000000000000, 0.000000000000000000, -1.000000000000000000 ) ) ;
#6057 = ORIENTED_EDGE ( 'NONE', *, *, #1089, .F. ) ;
#6058 = PLANE ( 'NONE',  #348 ) ;
#6059 = VERTEX_POINT ( 'NONE', #7032 ) ;
#6060 = CARTESIAN_POINT ( 'NONE',  ( 56.20297760717593150, -39.87016269377134847, 4.123842479251617732 ) ) ;
#6061 = AXIS2_PLACEMENT_3D ( 'NONE', #8236, #5778, #2053 ) ;
#6062 = ADVANCED_FACE ( 'NONE', ( #2994 ), #7700, .T. ) ;
#6063 = VECTOR ( 'NONE', #9205, 1000.000000000000000 ) ;
#6064 = VERTEX_POINT ( 'NONE', #3046 ) ;
#6065 = CARTESIAN_POINT ( 'NONE',  ( -61.49999999999997868, -18.58303575079963110, 5.585786437627012546 ) ) ;
#6066 = CARTESIAN_POINT ( 'NONE',  ( 54.50000000000001421, 34.00000000000000000, 8.000000000000000000 ) ) ;
#6067 = CARTESIAN_POINT ( 'NONE',  ( 40.55814837769086267, 37.19333812220821045, 10.25204320062484520 ) ) ;
#6068 = DIRECTION ( 'NONE',  ( -0.000000000000000000, -0.000000000000000000, 1.000000000000000000 ) ) ;
#6069 = DIRECTION ( 'NONE',  ( 0.000000000000000000, -0.4266572361714848771, -0.9044134026110569602 ) ) ;
#6070 = ORIENTED_EDGE ( 'NONE', *, *, #7108, .T. ) ;
#6071 = CARTESIAN_POINT ( 'NONE',  ( 65.03588824101429111, 41.60738428589541371, 2.172222082836201107 ) ) ;
#6072 = EDGE_CURVE ( 'NONE', #838, #5225, #2573, .T. ) ;
#6073 = CARTESIAN_POINT ( 'NONE',  ( 37.86633971754475425, 37.78889535482257145, 3.599159522938018441 ) ) ;
#6074 = EDGE_LOOP ( 'NONE', ( #1254, #3326, #7902 ) ) ;
#6075 = CARTESIAN_POINT ( 'NONE',  ( 41.98804166683858341, 43.08010073879945878, 6.292893218813550682 ) ) ;
#6076 = ORIENTED_EDGE ( 'NONE', *, *, #8912, .F. ) ;
#6077 = LINE ( 'NONE', #5614, #9463 ) ;
#6078 = CARTESIAN_POINT ( 'NONE',  ( -11.25723734592838099, 40.00000000000000711, 12.00000000000000178 ) ) ;
#6079 = CARTESIAN_POINT ( 'NONE',  ( 37.25181215987187500, 41.03837683323494190, 10.43851104196621904 ) ) ;
#6080 = DIRECTION ( 'NONE',  ( 0.000000000000000000, -0.000000000000000000, 1.000000000000000000 ) ) ;
#6081 = CARTESIAN_POINT ( 'NONE',  ( -54.27687240076280517, 41.73474451749057579, 6.239776102802713886 ) ) ;
#6082 = AXIS2_PLACEMENT_3D ( 'NONE', #9259, #4627, #1665 ) ;
#6083 = CARTESIAN_POINT ( 'NONE',  ( 58.98569821901118360, 42.24033899487479715, 3.483136126833799473 ) ) ;
#6084 = CARTESIAN_POINT ( 'NONE',  ( -58.08578643762701432, 34.00000000000000000, 9.000000000000001776 ) ) ;
#6085 = ORIENTED_EDGE ( 'NONE', *, *, #670, .T. ) ;
#6086 = CARTESIAN_POINT ( 'NONE',  ( 39.24975926237288348, 39.75202135562787475, 10.66351254166079698 ) ) ;
#6087 = CARTESIAN_POINT ( 'NONE',  ( -45.22532245313464472, 42.00000000000000711, 2.000000000000000000 ) ) ;
#6088 = ORIENTED_EDGE ( 'NONE', *, *, #3499, .T. ) ;
#6089 = AXIS2_PLACEMENT_3D ( 'NONE', #6032, #3638, #6752 ) ;
#6090 = DIRECTION ( 'NONE',  ( 0.000000000000000000, 0.000000000000000000, 1.000000000000000000 ) ) ;
#6091 = CARTESIAN_POINT ( 'NONE',  ( -39.81509929240174728, 40.29060151441400706, 10.01891448428153630 ) ) ;
#6092 = EDGE_CURVE ( 'NONE', #4947, #5547, #9373, .T. ) ;
#6093 = EDGE_CURVE ( 'NONE', #3530, #3580, #2531, .T. ) ;
#6094 = FACE_OUTER_BOUND ( 'NONE', #3217, .T. ) ;
#6095 = CARTESIAN_POINT ( 'NONE',  ( 57.76330786314651533, 42.18678372118966990, 4.226505513091765920 ) ) ;
#6096 = AXIS2_PLACEMENT_3D ( 'NONE', #7882, #9873, #3894 ) ;
#6097 = CARTESIAN_POINT ( 'NONE',  ( -38.68960663826651825, 35.91069624452899234, 1.847857918696657054 ) ) ;
#6098 = VERTEX_POINT ( 'NONE', #2890 ) ;
#6099 = CARTESIAN_POINT ( 'NONE',  ( 68.99962323676858489, 38.24524892133521092, 1.008071103355962173 ) ) ;
#6100 = FACE_OUTER_BOUND ( 'NONE', #7099, .T. ) ;
#6101 = ORIENTED_EDGE ( 'NONE', *, *, #6398, .T. ) ;
#6102 = FACE_OUTER_BOUND ( 'NONE', #6074, .T. ) ;
#6103 = CARTESIAN_POINT ( 'NONE',  ( -36.17171203778518418, 39.00000000000000711, 11.63151361133556883 ) ) ;
#6104 = ADVANCED_FACE ( 'NONE', ( #6987 ), #10075, .T. ) ;
#6105 = CIRCLE ( 'NONE', #4637, 1.000000000000000444 ) ;
#6106 =( BOUNDED_SURFACE ( )  B_SPLINE_SURFACE ( 3, 2, ( 
 ( #2735, #880, #1167 ),
 ( #5808, #3458, #5096 ),
 ( #1979, #8915, #5858 ),
 ( #7289, #347, #3986 ),
 ( #8211, #4283, #2584 ),
 ( #1218, #3216, #1934 ) ),
 .UNSPECIFIED., .F., .F., .T. ) 
 B_SPLINE_SURFACE_WITH_KNOTS ( ( 4, 2, 4 ),
 ( 3, 3 ),
 ( 6.071532165918824830E-18, 0.003447018691388671618, 0.006894037382777337165 ),
 ( 0.000000000000000000, 1.000000000000000000 ),
 .UNSPECIFIED. ) 
 GEOMETRIC_REPRESENTATION_ITEM ( )  RATIONAL_B_SPLINE_SURFACE ( (
 ( 1.000000000000000000, 0.7071067811865475727, 1.000000000000000000),
 ( 1.000000000000000000, 0.7285276031285213838, 1.000000000000000000),
 ( 1.000000000000000000, 0.7510049756709844537, 1.000000000000000000),
 ( 1.000000000000000000, 0.7951310069107069278, 1.000000000000000000),
 ( 1.000000000000000000, 0.8168044259434701360, 1.000000000000000000),
 ( 1.000000000000000000, 0.8350067054535132982, 1.000000000000000000) ) ) 
 REPRESENTATION_ITEM ( '' )  SURFACE ( )  );
#6107 = CARTESIAN_POINT ( 'NONE',  ( 56.05976491045948507, 41.77364733365859450, 5.825317922600206977 ) ) ;
#6108 = ORIENTED_EDGE ( 'NONE', *, *, #3293, .F. ) ;
#6109 = EDGE_CURVE ( 'NONE', #755, #7832, #4994, .T. ) ;
#6110 = CARTESIAN_POINT ( 'NONE',  ( -38.70631689149159627, 45.00000000000000711, 5.869646242809186454 ) ) ;
#6111 = EDGE_LOOP ( 'NONE', ( #6387, #7179, #6877, #7467, #9554, #2310, #3804, #2653, #6883 ) ) ;
#6112 = CIRCLE ( 'NONE', #6922, 4.000000000000010658 ) ;
#6113 = DIRECTION ( 'NONE',  ( 1.000000000000000000, 0.000000000000000000, -0.000000000000000000 ) ) ;
#6114 = CARTESIAN_POINT ( 'NONE',  ( -67.73146578155754582, 37.06368864801578411, 2.054763254799922834 ) ) ;
#6115 = EDGE_CURVE ( 'NONE', #6619, #8231, #1734, .T. ) ;
#6116 = CARTESIAN_POINT ( 'NONE',  ( -38.24653899608066610, 40.03534965558057479, 10.97901071957466534 ) ) ;
#6117 = LINE ( 'NONE', #4581, #5342 ) ;
#6118 = DIRECTION ( 'NONE',  ( 1.000000000000000000, -0.000000000000000000, -0.000000000000000000 ) ) ;
#6119 = EDGE_CURVE ( 'NONE', #119, #8231, #593, .T. ) ;
#6120 = AXIS2_PLACEMENT_3D ( 'NONE', #1513, #4428, #3806 ) ;
#6121 = EDGE_CURVE ( 'NONE', #3335, #6653, #1560, .T. ) ;
#6122 = B_SPLINE_CURVE_WITH_KNOTS ( 'NONE', 3,
 ( #8465, #4587, #3814, #8365, #5305, #2140, #669, #5405, #5259, #7657, #3769, #6940, #1375, #4483, #6174, #2281, #1520, #3099, #4639, #6993, #3357, #5707, #1675, #2384, #8010, #5663, #7962, #1783 ),
 .UNSPECIFIED., .F., .F.,
 ( 4, 2, 2, 2, 2, 2, 2, 2, 2, 2, 2, 2, 2, 4 ),
 ( 0.01014038288093680774, 0.01063900993712646459, 0.01113763699331612143, 0.01163626404950577828, 0.01213489110569543512, 0.01263351816188509197, 0.01313214521807474881, 0.01363077227426440566, 0.01412939933045406250, 0.01512665344283337099, 0.01612390755521268121, 0.01662253461140233632, 0.01712116166759199143, 0.01811841577997127042 ),
 .UNSPECIFIED. ) ;
#6123 = CARTESIAN_POINT ( 'NONE',  ( 55.50000000000001421, 27.22994939107031342, 8.000000000000000000 ) ) ;
#6124 = B_SPLINE_CURVE_WITH_KNOTS ( 'NONE', 3,
 ( #125, #9502, #4780, #5538 ),
 .UNSPECIFIED., .F., .F.,
 ( 4, 4 ),
 ( 0.000000000000000000, 0.0006631741437075127851 ),
 .UNSPECIFIED. ) ;
#6125 = CARTESIAN_POINT ( 'NONE',  ( 40.06661644464287519, 39.24409840170343244, 10.40662284227849277 ) ) ;
#6126 = AXIS2_PLACEMENT_3D ( 'NONE', #4327, #5699, #8205 ) ;
#6127 = ORIENTED_EDGE ( 'NONE', *, *, #9972, .T. ) ;
#6128 = DIRECTION ( 'NONE',  ( 1.000000000000000000, 0.000000000000000000, -0.000000000000000000 ) ) ;
#6129 = ORIENTED_EDGE ( 'NONE', *, *, #5909, .T. ) ;
#6130 = ORIENTED_EDGE ( 'NONE', *, *, #7661, .T. ) ;
#6131 = CARTESIAN_POINT ( 'NONE',  ( -58.94182466492093653, 41.79964087614672508, 4.489592359914374775 ) ) ;
#6132 = CARTESIAN_POINT ( 'NONE',  ( -64.90291138984950692, 31.20280392865110741, 2.886459025564497072 ) ) ;
#6133 = CARTESIAN_POINT ( 'NONE',  ( 53.49999999999998579, 46.00000000000007105, 2.000000000000000000 ) ) ;
#6134 = CARTESIAN_POINT ( 'NONE',  ( -64.99999999999995737, 38.50000000000000711, 0.000000000000000000 ) ) ;
#6135 = VECTOR ( 'NONE', #4007, 1000.000000000000000 ) ;
#6136 = AXIS2_PLACEMENT_3D ( 'NONE', #712, #6214, #5298 ) ;
#6137 = CARTESIAN_POINT ( 'NONE',  ( -67.20065585432988087, 29.94048729051717217, 5.956198395162549453 ) ) ;
#6138 = FACE_OUTER_BOUND ( 'NONE', #2143, .T. ) ;
#6139 = CARTESIAN_POINT ( 'NONE',  ( -67.87901610074608527, 35.44894149396719740, 1.156315929203757031 ) ) ;
#6140 = ORIENTED_EDGE ( 'NONE', *, *, #996, .T. ) ;
#6141 = CARTESIAN_POINT ( 'NONE',  ( -42.70862210034927386, 38.44778150504483705, 9.575750502055310420 ) ) ;
#6142 = CARTESIAN_POINT ( 'NONE',  ( -68.99999999999997158, -38.49999999999999289, 2.000000000000000000 ) ) ;
#6143 = VECTOR ( 'NONE', #8449, 1000.000000000000000 ) ;
#6144 = VERTEX_POINT ( 'NONE', #5505 ) ;
#6145 = DIRECTION ( 'NONE',  ( -0.9963750677639624520, 0.06015282345144146864, -0.06015282345143183745 ) ) ;
#6146 = CARTESIAN_POINT ( 'NONE',  ( 68.97599702708400571, 37.99642665371188599, 1.011005103788758186 ) ) ;
#6147 = CARTESIAN_POINT ( 'NONE',  ( 43.88440654156223530, 35.02675372001270659, 0.7379050853206680083 ) ) ;
#6148 = CARTESIAN_POINT ( 'NONE',  ( -61.49999999999997868, 0.000000000000000000, 0.000000000000000000 ) ) ;
#6149 = VECTOR ( 'NONE', #2891, 1000.000000000000000 ) ;
#6150 = ORIENTED_EDGE ( 'NONE', *, *, #8646, .T. ) ;
#6151 = AXIS2_PLACEMENT_3D ( 'NONE', #2756, #8838, #2004 ) ;
#6152 = ADVANCED_FACE ( 'NONE', ( #6468 ), #9492, .T. ) ;
#6153 = EDGE_CURVE ( 'NONE', #27, #8936, #7134, .T. ) ;
#6154 = CARTESIAN_POINT ( 'NONE',  ( 65.68340085707055209, 32.83577250797321057, 2.659582994511183962 ) ) ;
#6155 = VERTEX_POINT ( 'NONE', #230 ) ;
#6156 = CARTESIAN_POINT ( 'NONE',  ( 68.25965772198860293, 40.83137917553148100, 1.978327141291361002 ) ) ;
#6157 = LINE ( 'NONE', #9917, #6936 ) ;
#6158 = EDGE_LOOP ( 'NONE', ( #4398, #8746, #7169, #873 ) ) ;
#6159 = DIRECTION ( 'NONE',  ( -0.000000000000000000, -0.000000000000000000, -1.000000000000000000 ) ) ;
#6160 = CIRCLE ( 'NONE', #2084, 0.9999999999999993339 ) ;
#6161 = DIRECTION ( 'NONE',  ( 0.5195927999813438891, 0.000000000000000000, -0.8544140227123776521 ) ) ;
#6162 = CIRCLE ( 'NONE', #4201, 6.999999999999999112 ) ;
#6163 = LINE ( 'NONE', #73, #7684 ) ;
#6164 = CARTESIAN_POINT ( 'NONE',  ( 37.25181215987187500, 41.58578643762690774, 9.414213562373237920 ) ) ;
#6165 = EDGE_CURVE ( 'NONE', #7841, #7172, #9375, .T. ) ;
#6166 = DIRECTION ( 'NONE',  ( 0.000000000000000000, 0.000000000000000000, 1.000000000000000000 ) ) ;
#6167 = CARTESIAN_POINT ( 'NONE',  ( 37.25181215987187500, 44.00000000000001421, 5.585786437627002776 ) ) ;
#6168 = CARTESIAN_POINT ( 'NONE',  ( -37.55181215987404642, 40.05756524985254430, 11.19749220199242146 ) ) ;
#6169 = CARTESIAN_POINT ( 'NONE',  ( 39.06850439456496105, 44.98152367155026354, 5.396225429573324739 ) ) ;
#6170 = CARTESIAN_POINT ( 'NONE',  ( -67.09036733563070243, 40.71533648367149283, 2.007596222315487289 ) ) ;
#6171 = ORIENTED_EDGE ( 'NONE', *, *, #5234, .T. ) ;
#6172 = CARTESIAN_POINT ( 'NONE',  ( -67.89999999999996305, 38.49999999999999289, 2.011090376433329663 ) ) ;
#6173 = ADVANCED_FACE ( 'NONE', ( #4944 ), #8781, .T. ) ;
#6174 = CARTESIAN_POINT ( 'NONE',  ( 66.20811497549131275, 35.85890853934624545, 2.431081067077925706 ) ) ;
#6175 = ADVANCED_FACE ( 'NONE', ( #3251 ), #3349, .T. ) ;
#6176 = VERTEX_POINT ( 'NONE', #7233 ) ;
#6177 = DIRECTION ( 'NONE',  ( -0.000000000000000000, -0.000000000000000000, -1.000000000000000000 ) ) ;
#6178 = ORIENTED_EDGE ( 'NONE', *, *, #6896, .F. ) ;
#6179 = ORIENTED_EDGE ( 'NONE', *, *, #9353, .F. ) ;
#6180 = CARTESIAN_POINT ( 'NONE',  ( 38.17721897867964742, 37.54672904986743021, 2.129672930378760931 ) ) ;
#6181 = DIRECTION ( 'NONE',  ( 0.000000000000000000, 0.4266572361714849326, 0.9044134026110570712 ) ) ;
#6182 = ORIENTED_EDGE ( 'NONE', *, *, #6093, .F. ) ;
#6183 = CARTESIAN_POINT ( 'NONE',  ( 58.94182466492095074, 41.79964087614671797, 4.489592359914380992 ) ) ;
#6184 = CARTESIAN_POINT ( 'NONE',  ( 55.18041933941726995, -39.54097311615560528, 4.740928947179982700 ) ) ;
#6185 = CARTESIAN_POINT ( 'NONE',  ( 64.99999999999995737, -38.49999999999996447, 1.000000000000000000 ) ) ;
#6186 = CARTESIAN_POINT ( 'NONE',  ( 37.25181215987187500, 45.00000000000001421, 5.585786437627008993 ) ) ;
#6187 = DIRECTION ( 'NONE',  ( 0.7945274851239892966, 0.2557802087947178560, 0.5507291168727865838 ) ) ;
#6188 = ORIENTED_EDGE ( 'NONE', *, *, #8788, .F. ) ;
#6189 = CARTESIAN_POINT ( 'NONE',  ( 68.73859330826887515, 37.07694039715273959, 1.965890975504777316 ) ) ;
#6190 = VERTEX_POINT ( 'NONE', #8760 ) ;
#6191 = FACE_OUTER_BOUND ( 'NONE', #10039, .T. ) ;
#6192 = DIRECTION ( 'NONE',  ( -1.000000000000000000, 0.000000000000000000, 0.000000000000000000 ) ) ;
#6193 = ORIENTED_EDGE ( 'NONE', *, *, #7178, .F. ) ;
#6194 =( BOUNDED_SURFACE ( )  B_SPLINE_SURFACE ( 3, 2, ( 
 ( #2152, #9995, #638 ),
 ( #5421, #5226, #3015 ),
 ( #1392, #7572, #2254 ),
 ( #6852, #9241, #9186 ) ),
 .UNSPECIFIED., .F., .F., .T. ) 
 B_SPLINE_SURFACE_WITH_KNOTS ( ( 4, 4 ),
 ( 3, 3 ),
 ( -2.641950448149748925E-05, 0.003203299411248107780 ),
 ( 0.000000000000000000, 1.000000000000000000 ),
 .UNSPECIFIED. ) 
 GEOMETRIC_REPRESENTATION_ITEM ( )  RATIONAL_B_SPLINE_SURFACE ( (
 ( 1.000000000000000000, 1.000000000000000000, 1.000000000000000000),
 ( 1.000000000000000000, 0.9999862336962761500, 1.000000000000000000),
 ( 1.000000000000000000, 0.9944728175076500420, 1.000000000000000000),
 ( 1.000000000000000000, 0.9847381747477516045, 1.000000000000000000) ) ) 
 REPRESENTATION_ITEM ( '' )  SURFACE ( )  );
#6195 = CARTESIAN_POINT ( 'NONE',  ( 44.64191131263842749, 35.00000000000000000, 0.7367765880173301474 ) ) ;
#6196 = CARTESIAN_POINT ( 'NONE',  ( -61.27114134641874443, -41.50174373243989834, 1.473269861660205793 ) ) ;
#6197 = VERTEX_POINT ( 'NONE', #4898 ) ;
#6198 = CARTESIAN_POINT ( 'NONE',  ( -40.12335755986445207, 44.71500964406588707, 5.770571790358418163 ) ) ;
#6199 = CARTESIAN_POINT ( 'NONE',  ( -55.48685889952108141, -38.58908299854573443, 4.740928947180001352 ) ) ;
#6200 = ORIENTED_EDGE ( 'NONE', *, *, #7123, .F. ) ;
#6201 = CARTESIAN_POINT ( 'NONE',  ( -63.93719751135066076, 42.45727370683268020, 2.209758525184239542 ) ) ;
#6202 = CARTESIAN_POINT ( 'NONE',  ( 57.00188693398283846, -39.07681211332137394, 3.782485578727831754 ) ) ;
#6203 = ORIENTED_EDGE ( 'NONE', *, *, #4725, .T. ) ;
#6204 = AXIS2_PLACEMENT_3D ( 'NONE', #7047, #41, #6330 ) ;
#6205 = DIRECTION ( 'NONE',  ( 0.7888953548225519086, -0.6145275576728842504, -9.105182531146156236E-15 ) ) ;
#6206 = LINE ( 'NONE', #472, #4041 ) ;
#6207 = CARTESIAN_POINT ( 'NONE',  ( 57.33727733386268710, 41.78940065465390319, 5.352849538588835721 ) ) ;
#6208 = VERTEX_POINT ( 'NONE', #8003 ) ;
#6209 = DIRECTION ( 'NONE',  ( -0.000000000000000000, -0.000000000000000000, -1.000000000000000000 ) ) ;
#6210 = B_SPLINE_CURVE_WITH_KNOTS ( 'NONE', 3,
 ( #9716, #4276, #7387, #6612, #7182, #1972, #5087, #182, #3299, #450, #6863, #546, #6717, #3553, #2874, #7487, #5336, #3603 ),
 .UNSPECIFIED., .F., .F.,
 ( 4, 2, 2, 2, 2, 2, 2, 2, 4 ),
 ( 0.000000000000000000, 0.0005552829866994551467, 0.001110565973398910293, 0.001665848960098365548, 0.002221131946797820587, 0.002776414933497275625, 0.003331697920196731097, 0.003886980906896186135, 0.004442263893595641173 ),
 .UNSPECIFIED. ) ;
#6211 = VECTOR ( 'NONE', #1778, 1000.000000000000000 ) ;
#6212 = CARTESIAN_POINT ( 'NONE',  ( -68.99999999999997158, 38.50000000000000711, 0.000000000000000000 ) ) ;
#6213 = CARTESIAN_POINT ( 'NONE',  ( -52.81874078707914322, -39.03922834461010183, 5.543069433434395954 ) ) ;
#6214 = DIRECTION ( 'NONE',  ( -0.7656826878322923191, 0.5964455351772492975, 0.2407960654185218041 ) ) ;
#6215 = CARTESIAN_POINT ( 'NONE',  ( -64.47564215045640879, -28.84929072698041708, 3.253144120319226396 ) ) ;
#6216 = CARTESIAN_POINT ( 'NONE',  ( -63.18251996123169789, 33.51988851421653948, 4.317480038768368722 ) ) ;
#6217 = AXIS2_PLACEMENT_3D ( 'NONE', #1907, #5219, #8330 ) ;
#6218 = AXIS2_PLACEMENT_3D ( 'NONE', #4037, #1027, #4955 ) ;
#6219 = ADVANCED_FACE ( 'NONE', ( #1016 ), #9814, .T. ) ;
#6220 = CARTESIAN_POINT ( 'NONE',  ( 41.96900048690180540, 35.20452707047592611, 1.202738783742257178 ) ) ;
#6221 = CARTESIAN_POINT ( 'NONE',  ( 45.76767997638425811, 45.00000000000001421, 17.00000000000000000 ) ) ;
#6222 = EDGE_LOOP ( 'NONE', ( #9811, #3254, #2901, #2350 ) ) ;
#6223 = CARTESIAN_POINT ( 'NONE',  ( -63.34637353321771513, 33.60965250019035722, 4.163833583289527240 ) ) ;
#6224 = VERTEX_POINT ( 'NONE', #399 ) ;
#6225 = CARTESIAN_POINT ( 'NONE',  ( 67.99999999999997158, -38.49999999999996447, 2.000000000000000000 ) ) ;
#6226 = CARTESIAN_POINT ( 'NONE',  ( -37.86633971754694272, 37.78889535482255013, 3.599159522938018441 ) ) ;
#6227 = CARTESIAN_POINT ( 'NONE',  ( -60.49999999999997868, 18.48790463880272483, 5.585786437627012546 ) ) ;
#6228 = ORIENTED_EDGE ( 'NONE', *, *, #814, .T. ) ;
#6229 = CARTESIAN_POINT ( 'NONE',  ( 55.50000000000001421, -21.37903042612311211, 8.235307220888456570 ) ) ;
#6230 = ADVANCED_FACE ( 'NONE', ( #7337 ), #8859, .T. ) ;
#6231 = CARTESIAN_POINT ( 'NONE',  ( 56.98545838085110660, -40.12206473544488006, 4.244240712304206298 ) ) ;
#6232 = FACE_OUTER_BOUND ( 'NONE', #5704, .T. ) ;
#6233 = DIRECTION ( 'NONE',  ( -0.3924313469075667582, -0.8318625342739164319, 0.3924313469075708660 ) ) ;
#6234 = CYLINDRICAL_SURFACE ( 'NONE', #6317, 1.000000000000000000 ) ;
#6235 = ORIENTED_EDGE ( 'NONE', *, *, #1416, .T. ) ;
#6236 = CARTESIAN_POINT ( 'NONE',  ( 67.47447008663463919, 40.02564669791055252, 2.005337350391617868 ) ) ;
#6237 = CARTESIAN_POINT ( 'NONE',  ( -65.42916538416027095, 31.05199420928108722, 2.006281960878553150 ) ) ;
#6238 = VERTEX_POINT ( 'NONE', #9813 ) ;
#6240 = ADVANCED_FACE ( 'NONE', ( #1975 ), #5854, .T. ) ;
#6239 = CARTESIAN_POINT ( 'NONE',  ( -59.48401376289891118, 42.26217115774032607, 3.194441926493757133 ) ) ;
#6241 = CARTESIAN_POINT ( 'NONE',  ( 0.000000000000000000, 41.58578643762690774, 9.414213562373236144 ) ) ;
#6242 = EDGE_CURVE ( 'NONE', #5948, #8259, #1162, .T. ) ;
#6243 = CARTESIAN_POINT ( 'NONE',  ( -63.77424175958427810, -42.30756047043945500, 1.026999469493784289 ) ) ;
#6244 = EDGE_CURVE ( 'NONE', #3564, #4249, #5254, .T. ) ;
#6245 = LINE ( 'NONE', #3948, #9976 ) ;
#6246 = ORIENTED_EDGE ( 'NONE', *, *, #604, .F. ) ;
#6247 = DIRECTION ( 'NONE',  ( -1.000000000000000000, 0.000000000000000000, -0.000000000000000000 ) ) ;
#6248 = AXIS2_PLACEMENT_3D ( 'NONE', #1803, #164, #4928 ) ;
#6249 = VERTEX_POINT ( 'NONE', #5801 ) ;
#6250 = CARTESIAN_POINT ( 'NONE',  ( 68.99973733036001988, 38.75037698684506893, 1.975365110335033147 ) ) ;
#6251 = CARTESIAN_POINT ( 'NONE',  ( -66.81058455050830958, 40.77433404949469065, 2.019955202753098700 ) ) ;
#6252 = VERTEX_POINT ( 'NONE', #4225 ) ;
#6253 = DIRECTION ( 'NONE',  ( -1.000000000000000000, 0.000000000000000000, -0.000000000000000000 ) ) ;
#6254 = CARTESIAN_POINT ( 'NONE',  ( -53.33194294087370224, 42.00000000000000711, 6.000000000000071054 ) ) ;
#6255 = DIRECTION ( 'NONE',  ( 0.000000000000000000, 1.138744882030889416E-16, 1.000000000000000000 ) ) ;
#6256 = LINE ( 'NONE', #1556, #7356 ) ;
#6257 = ORIENTED_EDGE ( 'NONE', *, *, #2396, .F. ) ;
#6258 = AXIS2_PLACEMENT_3D ( 'NONE', #8429, #1581, #2342 ) ;
#6259 = ADVANCED_FACE ( 'NONE', ( #288 ), #344, .T. ) ;
#6260 = CARTESIAN_POINT ( 'NONE',  ( 53.78118703667047384, 42.01231934515300281, 5.982903146966867425 ) ) ;
#6261 = CARTESIAN_POINT ( 'NONE',  ( -64.99999999999995737, -38.49999999999999289, 1.000000000000000000 ) ) ;
#6262 = CARTESIAN_POINT ( 'NONE',  ( 38.78086727521763066, 38.57779070964512158, 10.81097224971937898 ) ) ;
#6263 = DIRECTION ( 'NONE',  ( -0.000000000000000000, -0.000000000000000000, -1.000000000000000000 ) ) ;
#6264 = DIRECTION ( 'NONE',  ( -1.000000000000000000, 0.000000000000000000, 0.000000000000000000 ) ) ;
#6265 = AXIS2_PLACEMENT_3D ( 'NONE', #7855, #87, #4951 ) ;
#6266 = DIRECTION ( 'NONE',  ( -1.000000000000000000, 0.000000000000000000, 0.000000000000000000 ) ) ;
#6267 = EDGE_CURVE ( 'NONE', #9007, #3830, #6289, .T. ) ;
#6268 = CARTESIAN_POINT ( 'NONE',  ( 45.42939496261780619, 38.99464573867618356, 9.005354261324299614 ) ) ;
#6269 = ADVANCED_FACE ( 'NONE', ( #4989 ), #1896, .F. ) ;
#6270 = ORIENTED_EDGE ( 'NONE', *, *, #127, .F. ) ;
#6271 = CARTESIAN_POINT ( 'NONE',  ( 42.16803262125496587, 43.31116283858042237, 5.585786437627015211 ) ) ;
#6272 = EDGE_LOOP ( 'NONE', ( #6521, #9587, #6671, #5625 ) ) ;
#6273 = DIRECTION ( 'NONE',  ( -1.000000000000000000, 0.000000000000000000, 0.000000000000000000 ) ) ;
#6274 = AXIS2_PLACEMENT_3D ( 'NONE', #4579, #762, #9264 ) ;
#6275 = CARTESIAN_POINT ( 'NONE',  ( -65.97613782576500796, -7.997240040248978943, 1.523862174235038669 ) ) ;
#6276 = ORIENTED_EDGE ( 'NONE', *, *, #3433, .T. ) ;
#6277 = DIRECTION ( 'NONE',  ( 0.000000000000000000, -1.000000000000000000, 0.000000000000000000 ) ) ;
#6278 = DIRECTION ( 'NONE',  ( -0.000000000000000000, -0.000000000000000000, -1.000000000000000000 ) ) ;
#6279 = DIRECTION ( 'NONE',  ( 1.000000000000000000, 0.000000000000000000, 0.000000000000000000 ) ) ;
#6280 = VECTOR ( 'NONE', #2201, 1000.000000000000000 ) ;
#6281 = CARTESIAN_POINT ( 'NONE',  ( -55.49999999999997868, 27.22994939107031698, 9.000000000000001776 ) ) ;
#6282 = EDGE_CURVE ( 'NONE', #2615, #7721, #89, .T. ) ;
#6283 = ORIENTED_EDGE ( 'NONE', *, *, #6728, .F. ) ;
#6284 = CARTESIAN_POINT ( 'NONE',  ( 53.41517741577755629, -39.12612723420712513, 5.873872765792972572 ) ) ;
#6285 = CARTESIAN_POINT ( 'NONE',  ( -64.38824299461887790, 30.28326014885492512, 3.008387171954388428 ) ) ;
#6286 = ORIENTED_EDGE ( 'NONE', *, *, #1853, .T. ) ;
#6287 = CARTESIAN_POINT ( 'NONE',  ( 37.44680595762028474, 37.14102958018282408, 2.216258311260650871 ) ) ;
#6288 = CARTESIAN_POINT ( 'NONE',  ( 37.25181215987187500, 45.00000000000001421, 5.585786437627008993 ) ) ;
#6289 = CIRCLE ( 'NONE', #3026, 0.9999999999999996669 ) ;
#6290 = CARTESIAN_POINT ( 'NONE',  ( 64.99999999999998579, 38.49999999999999289, 2.000000000000000000 ) ) ;
#6291 = DIRECTION ( 'NONE',  ( -0.2876879592904239558, -0.9134939934989289023, -0.2876879592904266758 ) ) ;
#6292 = B_SPLINE_CURVE_WITH_KNOTS ( 'NONE', 3,
 ( #1877, #3405, #8863, #8626, #98, #1070, #6567, #9728, #5703, #4176, #7343, #7866, #8159, #6621, #5047, #9571, #6331, #3508 ),
 .UNSPECIFIED., .F., .F.,
 ( 4, 2, 2, 2, 2, 2, 2, 2, 4 ),
 ( 0.003483694349146259500, 0.004072591124530615392, 0.004661487899914971283, 0.005250384675299326308, 0.005839281450683682199, 0.006428178226068038091, 0.007017075001452393115, 0.007605971776836749007, 0.008194868552221104899 ),
 .UNSPECIFIED. ) ;
#6293 = CARTESIAN_POINT ( 'NONE',  ( -39.48418127831370583, 44.62493617490405740, 6.063440347765200578 ) ) ;
#6294 = CIRCLE ( 'NONE', #5158, 1.000000000000000444 ) ;
#6295 = AXIS2_PLACEMENT_3D ( 'NONE', #5130, #8245, #3597 ) ;
#6296 = CARTESIAN_POINT ( 'NONE',  ( -36.17171203778517707, 40.00379515746519132, 11.63151361133556883 ) ) ;
#6297 = ORIENTED_EDGE ( 'NONE', *, *, #1196, .T. ) ;
#6298 = DIRECTION ( 'NONE',  ( 1.000000000000000000, 0.000000000000000000, -0.000000000000000000 ) ) ;
#6299 = CARTESIAN_POINT ( 'NONE',  ( 61.49999999999997868, 21.07884740024818271, 0.000000000000000000 ) ) ;
#6301 = ORIENTED_EDGE ( 'NONE', *, *, #6668, .F. ) ;
#6300 = EDGE_CURVE ( 'NONE', #5832, #7006, #2695, .T. ) ;
#6302 = DIRECTION ( 'NONE',  ( -0.04376993653535540124, -0.9990416370981196614, 0.000000000000000000 ) ) ;
#6303 = CARTESIAN_POINT ( 'NONE',  ( -58.08578643762701432, -30.99999999999997513, 8.000000000000000000 ) ) ;
#6304 = DIRECTION ( 'NONE',  ( -0.000000000000000000, -1.000000000000000000, -0.000000000000000000 ) ) ;
#6305 = CARTESIAN_POINT ( 'NONE',  ( -55.66594709874242142, -39.27313520188965157, 5.448035728366546593 ) ) ;
#6306 = AXIS2_PLACEMENT_3D ( 'NONE', #193, #7857, #9427 ) ;
#6307 = ORIENTED_EDGE ( 'NONE', *, *, #2533, .T. ) ;
#6308 = VECTOR ( 'NONE', #4038, 1000.000000000000000 ) ;
#6309 = CARTESIAN_POINT ( 'NONE',  ( 56.10163391858883841, 41.77425094666762106, 5.811460205911846977 ) ) ;
#6310 = EDGE_CURVE ( 'NONE', #7092, #6144, #3512, .T. ) ;
#6311 = ORIENTED_EDGE ( 'NONE', *, *, #6557, .F. ) ;
#6312 = EDGE_CURVE ( 'NONE', #9077, #9915, #4019, .T. ) ;
#6313 =( BOUNDED_CURVE ( )  B_SPLINE_CURVE ( 3, ( #135, #757, #6359, #2471 ),
 .UNSPECIFIED., .F., .T. ) 
 B_SPLINE_CURVE_WITH_KNOTS ( ( 4, 4 ),
 ( 4.712388980384689674, 5.374175941453094296 ),
 .UNSPECIFIED. ) 
 CURVE ( )  GEOMETRIC_REPRESENTATION_ITEM ( )  RATIONAL_B_SPLINE_CURVE ( ( 1.000000000000000000, 0.9638349598749910152, 0.9638349598749910152, 1.000000000000000000 ) ) 
 REPRESENTATION_ITEM ( '' )  );
#6314 = CIRCLE ( 'NONE', #1922, 15.52081528017139256 ) ;
#6315 = CARTESIAN_POINT ( 'NONE',  ( -54.61048163772490938, -39.36951634282994661, 5.065011107022179715 ) ) ;
#6316 = CARTESIAN_POINT ( 'NONE',  ( 66.33244828051250863, 32.67318984031703621, 1.680892275315806206 ) ) ;
#6317 = AXIS2_PLACEMENT_3D ( 'NONE', #2198, #1443, #4551 ) ;
#6318 = DIRECTION ( 'NONE',  ( 1.000000000000000000, 0.000000000000000000, 0.000000000000000000 ) ) ;
#6319 = CARTESIAN_POINT ( 'NONE',  ( -58.74115495278397248, -22.55141008405604808, 8.758845047201763379 ) ) ;
#6320 = EDGE_CURVE ( 'NONE', #6353, #7559, #8738, .T. ) ;
#6321 = TOROIDAL_SURFACE ( 'NONE', #8441, 4.999999999999997335, 1.000000000000000000 ) ;
#6322 = FACE_OUTER_BOUND ( 'NONE', #5911, .T. ) ;
#6323 = DIRECTION ( 'NONE',  ( 0.9819489825184597454, 0.000000000000000000, -0.1891459640884832483 ) ) ;
#6324 = ORIENTED_EDGE ( 'NONE', *, *, #4374, .T. ) ;
#6325 = CARTESIAN_POINT ( 'NONE',  ( -55.66245097130507702, 41.76755136882138686, 5.949162110697088224 ) ) ;
#6326 = ORIENTED_EDGE ( 'NONE', *, *, #8646, .F. ) ;
#6327 = DIRECTION ( 'NONE',  ( 0.000000000000000000, 0.000000000000000000, 1.000000000000000000 ) ) ;
#6328 =( NAMED_UNIT ( * ) SI_UNIT ( $, .STERADIAN. ) SOLID_ANGLE_UNIT ( ) );
#6329 = CARTESIAN_POINT ( 'NONE',  ( -36.92167187021304642, 47.39793206507081180, 0.000000000000000000 ) ) ;
#6330 = DIRECTION ( 'NONE',  ( -0.6145275576728885802, 0.7888953548225483559, 0.000000000000000000 ) ) ;
#6331 = CARTESIAN_POINT ( 'NONE',  ( 62.10000000000001563, -38.68423873335458296, 2.992742677072387281 ) ) ;
#6332 = ADVANCED_FACE ( 'NONE', ( #4520 ), #706, .F. ) ;
#6333 = EDGE_CURVE ( 'NONE', #5547, #1377, #1359, .T. ) ;
#6334 = VERTEX_POINT ( 'NONE', #5241 ) ;
#6335 = CARTESIAN_POINT ( 'NONE',  ( 0.000000000000000000, 0.000000000000000000, 2.000000000000000000 ) ) ;
#6336 = B_SPLINE_CURVE_WITH_KNOTS ( 'NONE', 3,
 ( #600, #8499, #1360, #6870, #2269, #2217, #2315, #4677, #7644, #4466, #5440, #2123, #4569, #3850 ),
 .UNSPECIFIED., .F., .F.,
 ( 4, 2, 2, 2, 2, 2, 4 ),
 ( -8.852270667811095391E-06, 0.0005997910141744184926, 0.001208434299016648231, 0.001512755941437769064, 0.001817077583858889896, 0.002121399226280010295, 0.002425720868701131128 ),
 .UNSPECIFIED. ) ;
#6337 = CARTESIAN_POINT ( 'NONE',  ( -37.04569807186451413, 36.50000000000002132, 1.996871942267131494 ) ) ;
#6338 = CARTESIAN_POINT ( 'NONE',  ( -40.64375573251324880, 44.10655269306534620, 6.127476896058447586 ) ) ;
#6339 = ORIENTED_EDGE ( 'NONE', *, *, #4799, .T. ) ;
#6340 = CARTESIAN_POINT ( 'NONE',  ( 63.06237895901306700, 40.66528694133770472, 2.926731285188816756 ) ) ;
#6341 = CARTESIAN_POINT ( 'NONE',  ( -67.07356273168512928, -36.45459436090040839, 2.043641104994672109 ) ) ;
#6342 = ORIENTED_EDGE ( 'NONE', *, *, #5181, .T. ) ;
#6343 = CARTESIAN_POINT ( 'NONE',  ( -61.49999999999997868, 0.000000000000000000, 5.585786437627012546 ) ) ;
#6344 = CARTESIAN_POINT ( 'NONE',  ( 64.99999999999998579, 38.49999999999999289, 2.000000000000000000 ) ) ;
#6345 = CARTESIAN_POINT ( 'NONE',  ( -45.22532245313463051, 36.00000000000001421, 8.016356623453123831 ) ) ;
#6346 = ADVANCED_FACE ( 'NONE', ( #752 ), #8348, .T. ) ;
#6347 = CARTESIAN_POINT ( 'NONE',  ( -62.91028670712160675, 41.64631622110434250, 2.672793255479547270 ) ) ;
#6348 = CARTESIAN_POINT ( 'NONE',  ( -39.12104018737151279, 44.99112042789727184, 5.803656430261789012 ) ) ;
#6349 = CARTESIAN_POINT ( 'NONE',  ( 38.62590607993537617, 45.00000000000001421, 2.000000000000000000 ) ) ;
#6350 = ORIENTED_EDGE ( 'NONE', *, *, #881, .F. ) ;
#6351 = DIRECTION ( 'NONE',  ( -0.9539392014169457701, 0.000000000000000000, 0.2999999999999994893 ) ) ;
#6352 = CARTESIAN_POINT ( 'NONE',  ( 66.20932839278691517, 32.45221651636848037, 2.422701492534494516 ) ) ;
#6353 = VERTEX_POINT ( 'NONE', #1458 ) ;
#6354 = PLANE ( 'NONE',  #3358 ) ;
#6355 = CARTESIAN_POINT ( 'NONE',  ( 40.93159174862168470, 38.76295266560196495, 10.13460069368852601 ) ) ;
#6356 = CARTESIAN_POINT ( 'NONE',  ( 69.02081528017140499, 34.00000000000000711, 10.50000000000000000 ) ) ;
#6357 = CARTESIAN_POINT ( 'NONE',  ( -42.16803262125712592, 43.31116283858041527, 6.000000000000095923 ) ) ;
#6358 = EDGE_CURVE ( 'NONE', #8527, #9981, #5153, .T. ) ;
#6359 = CARTESIAN_POINT ( 'NONE',  ( -37.68905987309688044, 37.92699142696766756, 9.968536911977777137 ) ) ;
#6360 = ORIENTED_EDGE ( 'NONE', *, *, #2840, .F. ) ;
#6361 = CIRCLE ( 'NONE', #510, 0.9999999999999996669 ) ;
#6362 = CARTESIAN_POINT ( 'NONE',  ( -53.49999999999997868, -30.99999999999998579, 9.000000000000001776 ) ) ;
#6363 = CARTESIAN_POINT ( 'NONE',  ( -68.98625705746732706, 38.88136410468530357, 1.003571759735798707 ) ) ;
#6364 = LINE ( 'NONE', #1777, #7370 ) ;
#6365 = ADVANCED_FACE ( 'NONE', ( #3083 ), #10066, .F. ) ;
#6366 = ORIENTED_EDGE ( 'NONE', *, *, #1605, .F. ) ;
#6367 = EDGE_CURVE ( 'NONE', #1765, #3953, #9918, .T. ) ;
#6368 = CIRCLE ( 'NONE', #4576, 4.000000000000003553 ) ;
#6369 = ORIENTED_EDGE ( 'NONE', *, *, #4762, .F. ) ;
#6370 = ORIENTED_EDGE ( 'NONE', *, *, #1617, .F. ) ;
#6371 = CARTESIAN_POINT ( 'NONE',  ( 65.03588824101429111, 41.60738428589541371, 2.172222082836201107 ) ) ;
#6372 =( BOUNDED_CURVE ( )  B_SPLINE_CURVE ( 3, ( #1842, #7154, #9488, #7972 ),
 .UNSPECIFIED., .F., .T. ) 
 B_SPLINE_CURVE_WITH_KNOTS ( ( 4, 4 ),
 ( 3.121484020950315408, 3.141592653589798445 ),
 .UNSPECIFIED. ) 
 CURVE ( )  GEOMETRIC_REPRESENTATION_ITEM ( )  RATIONAL_B_SPLINE_CURVE ( ( 1.000000000000000000, 0.9999663038583088692, 0.9999663038583088692, 1.000000000000000000 ) ) 
 REPRESENTATION_ITEM ( '' )  );
#6373 = CARTESIAN_POINT ( 'NONE',  ( 62.92178572398721315, 26.55179502823069981, 0.000000000000000000 ) ) ;
#6374 = ORIENTED_EDGE ( 'NONE', *, *, #5188, .F. ) ;
#6375 = CIRCLE ( 'NONE', #3441, 1.000000000000000888 ) ;
#6376 = CIRCLE ( 'NONE', #1981, 0.9999999999999942268 ) ;
#6377 = CARTESIAN_POINT ( 'NONE',  ( 64.85693987938330451, -28.44802776107208686, 2.398486693179846974 ) ) ;
#6378 = CARTESIAN_POINT ( 'NONE',  ( -64.99999999999995737, 38.49999999999999289, 2.000000000000000000 ) ) ;
#6379 = CARTESIAN_POINT ( 'NONE',  ( 61.49999999999997158, -2.151899714217280074E-14, 2.000000000000000000 ) ) ;
#6380 = ORIENTED_EDGE ( 'NONE', *, *, #8712, .F. ) ;
#6381 = DIRECTION ( 'NONE',  ( -1.000000000000000000, -0.000000000000000000, -0.000000000000000000 ) ) ;
#6382 = ADVANCED_FACE ( 'NONE', ( #6102 ), #2980, .F. ) ;
#6383 = CARTESIAN_POINT ( 'NONE',  ( -65.14239281998760589, 42.51007563241380183, 1.150675616288173053 ) ) ;
#6384 = VECTOR ( 'NONE', #6498, 1000.000000000000227 ) ;
#6385 = CARTESIAN_POINT ( 'NONE',  ( -37.57380503314512055, 37.95158522744367247, 3.145807833965858169 ) ) ;
#6386 = CARTESIAN_POINT ( 'NONE',  ( -39.12521201612302946, 44.67329393270763660, 6.103386251283501984 ) ) ;
#6387 = ORIENTED_EDGE ( 'NONE', *, *, #6937, .T. ) ;
#6388 = CARTESIAN_POINT ( 'NONE',  ( 64.37635246995940008, 41.33859489644247986, 2.343733569549089957 ) ) ;
#6389 = ORIENTED_EDGE ( 'NONE', *, *, #9659, .F. ) ;
#6390 = DIRECTION ( 'NONE',  ( 0.000000000000000000, 1.000000000000000000, 0.000000000000000000 ) ) ;
#6391 = CARTESIAN_POINT ( 'NONE',  ( -38.16987718977294719, 40.99267105386616805, 10.29196892663989260 ) ) ;
#6392 = B_SPLINE_CURVE_WITH_KNOTS ( 'NONE', 3,
 ( #1130, #6581, #2796, #1995 ),
 .UNSPECIFIED., .F., .F.,
 ( 4, 4 ),
 ( 9.712795071515757098E-07, 0.0005884327441647959267 ),
 .UNSPECIFIED. ) ;
#6393 = CARTESIAN_POINT ( 'NONE',  ( -58.10864870549809780, -40.48365053470447350, 3.564192998892911746 ) ) ;
#6394 = FACE_OUTER_BOUND ( 'NONE', #8820, .T. ) ;
#6395 = EDGE_LOOP ( 'NONE', ( #3031, #871, #2760, #7425 ) ) ;
#6396 = CARTESIAN_POINT ( 'NONE',  ( -62.09999999999995879, 38.49999999999999289, 2.000000000000000000 ) ) ;
#6397 = VERTEX_POINT ( 'NONE', #10013 ) ;
#6398 = EDGE_CURVE ( 'NONE', #468, #1454, #9204, .T. ) ;
#6399 = CARTESIAN_POINT ( 'NONE',  ( -33.77171203778518560, 40.00000000000000711, 12.00000000000000000 ) ) ;
#6400 = CARTESIAN_POINT ( 'NONE',  ( 41.26027849574861506, -10.27131619448491051, 24.82550794187861953 ) ) ;
#6401 = EDGE_CURVE ( 'NONE', #621, #7560, #4358, .T. ) ;
#6402 = ORIENTED_EDGE ( 'NONE', *, *, #5350, .T. ) ;
#6403 = CARTESIAN_POINT ( 'NONE',  ( -40.06661644464542604, 39.24409840170370956, 10.40662284227767920 ) ) ;
#6404 = DIRECTION ( 'NONE',  ( -0.000000000000000000, 1.000000000000000000, -1.138744882030889416E-16 ) ) ;
#6405 = CARTESIAN_POINT ( 'NONE',  ( 62.38895889605854705, -37.22651757830708874, 3.397371194253916205 ) ) ;
#6406 = CARTESIAN_POINT ( 'NONE',  ( -43.36767997638421690, 38.47443863772802075, 9.368486388664434728 ) ) ;
#6407 = VECTOR ( 'NONE', #6209, 1000.000000000000000 ) ;
#6408 = CARTESIAN_POINT ( 'NONE',  ( 52.27740507849328822, -38.99999999999997868, 5.585786437627008993 ) ) ;
#6409 = CARTESIAN_POINT ( 'NONE',  ( 66.37962082128670716, 41.24493847852788520, 2.032565609254245231 ) ) ;
#6410 = CARTESIAN_POINT ( 'NONE',  ( 68.12530504433802037, 35.89097638794792289, 1.126906084809226494 ) ) ;
#6411 = EDGE_CURVE ( 'NONE', #1749, #1351, #5341, .T. ) ;
#6412 = CARTESIAN_POINT ( 'NONE',  ( -53.78118703667050227, 42.01231934515301703, 5.982903146966874530 ) ) ;
#6413 = CARTESIAN_POINT ( 'NONE',  ( 33.77171203778522823, 40.00000000000000711, 4.000000000000000000 ) ) ;
#6414 = EDGE_CURVE ( 'NONE', #4779, #2663, #4622, .T. ) ;
#6415 = CIRCLE ( 'NONE', #2328, 1.000000000000000000 ) ;
#6416 = CARTESIAN_POINT ( 'NONE',  ( 59.11617149394687232, 25.12723994640310465, 8.383828506053271568 ) ) ;
#6417 = ORIENTED_EDGE ( 'NONE', *, *, #3920, .F. ) ;
#6418 = VERTEX_POINT ( 'NONE', #6974 ) ;
#6419 = ORIENTED_EDGE ( 'NONE', *, *, #7323, .F. ) ;
#6420 = CARTESIAN_POINT ( 'NONE',  ( -43.98291332586378388, 38.90831917523048133, 9.173699858284935615 ) ) ;
#6421 = EDGE_CURVE ( 'NONE', #8448, #7919, #6637, .T. ) ;
#6422 = CARTESIAN_POINT ( 'NONE',  ( 36.60052625446193986, 40.92035277150023376, 11.49665777899973307 ) ) ;
#6423 = EDGE_CURVE ( 'NONE', #6494, #8060, #9224, .T. ) ;
#6424 = EDGE_LOOP ( 'NONE', ( #3268, #1039, #6538, #7488, #9713 ) ) ;
#6425 = DIRECTION ( 'NONE',  ( 1.000000000000000000, 0.000000000000000000, 0.000000000000000000 ) ) ;
#6426 = DIRECTION ( 'NONE',  ( 0.000000000000000000, -1.000000000000000000, 0.000000000000000000 ) ) ;
#6427 = EDGE_CURVE ( 'NONE', #1589, #6418, #5653, .T. ) ;
#6428 = DIRECTION ( 'NONE',  ( 0.000000000000000000, -0.3003870635238867215, 0.9538173892666753639 ) ) ;
#6429 = DIRECTION ( 'NONE',  ( -0.000000000000000000, -0.000000000000000000, -1.000000000000000000 ) ) ;
#6430 = CARTESIAN_POINT ( 'NONE',  ( 0.000000000000000000, 38.00000000000000711, 3.593743884534261746 ) ) ;
#6431 = CIRCLE ( 'NONE', #4151, 1.600000000000003197 ) ;
#6432 = EDGE_LOOP ( 'NONE', ( #8295, #2188, #2898, #3801, #7977 ) ) ;
#6433 =( BOUNDED_CURVE ( )  B_SPLINE_CURVE ( 3, ( #3397, #2577, #6408, #5746 ),
 .UNSPECIFIED., .F., .T. ) 
 B_SPLINE_CURVE_WITH_KNOTS ( ( 4, 4 ),
 ( 2.996913878602967873, 3.141592653589797113 ),
 .UNSPECIFIED. ) 
 CURVE ( )  GEOMETRIC_REPRESENTATION_ITEM ( )  RATIONAL_B_SPLINE_CURVE ( ( 1.000000000000000000, 0.9982564315439290681, 0.9982564315439290681, 1.000000000000000000 ) ) 
 REPRESENTATION_ITEM ( '' )  );
#6434 = DIRECTION ( 'NONE',  ( 1.000000000000000000, 0.000000000000000000, 0.000000000000000000 ) ) ;
#6435 = EDGE_CURVE ( 'NONE', #219, #6653, #2268, .T. ) ;
#6436 = CARTESIAN_POINT ( 'NONE',  ( -45.28558440016236375, 36.00000000000001421, 9.014539220847220591 ) ) ;
#6437 = CARTESIAN_POINT ( 'NONE',  ( -64.36705440130040756, 30.86937476782846090, 3.132945598700269230 ) ) ;
#6438 = AXIS2_PLACEMENT_3D ( 'NONE', #5758, #2034, #5961 ) ;
#6439 = VERTEX_POINT ( 'NONE', #3655 ) ;
#6440 = CARTESIAN_POINT ( 'NONE',  ( 53.50000000000001421, -38.83503435370123213, 6.164965646298869117 ) ) ;
#6441 = ORIENTED_EDGE ( 'NONE', *, *, #187, .T. ) ;
#6442 = ORIENTED_EDGE ( 'NONE', *, *, #2740, .F. ) ;
#6443 = CARTESIAN_POINT ( 'NONE',  ( -37.09781920230873453, 36.89244146908771427, 2.068158263957662335 ) ) ;
#6444 = DIRECTION ( 'NONE',  ( 0.000000000000000000, -1.000000000000000000, 0.000000000000000000 ) ) ;
#6445 = B_SPLINE_CURVE_WITH_KNOTS ( 'NONE', 3,
 ( #2027, #8257, #1271, #6723 ),
 .UNSPECIFIED., .F., .F.,
 ( 4, 4 ),
 ( 0.01753740389932783791, 0.01811830633883328504 ),
 .UNSPECIFIED. ) ;
#6446 = CARTESIAN_POINT ( 'NONE',  ( -59.48035827914465301, -40.22300376324304949, 3.252065432519208432 ) ) ;
#6447 = AXIS2_PLACEMENT_3D ( 'NONE', #6853, #9951, #2966 ) ;
#6448 = CARTESIAN_POINT ( 'NONE',  ( -66.09754421805914149, 42.39880933678777097, 1.064415120959970817 ) ) ;
#6449 = B_SPLINE_CURVE_WITH_KNOTS ( 'NONE', 3,
 ( #840, #207, #3945, #6443, #9543, #53, #3171, #2559, #8786, #8280, #7516, #3478, #9031, #8986 ),
 .UNSPECIFIED., .F., .F.,
 ( 4, 2, 2, 2, 2, 2, 4 ),
 ( -8.829568707053571670E-06, 0.0002922985551930884691, 0.0005934266790932305217, 0.001195682926893534793, 0.001496811050793686116, 0.001797939174693837005, 0.002400195422494141168 ),
 .UNSPECIFIED. ) ;
#6450 = VERTEX_POINT ( 'NONE', #6770 ) ;
#6451 = CYLINDRICAL_SURFACE ( 'NONE', #1865, 2.899999999999999911 ) ;
#6452 = ORIENTED_EDGE ( 'NONE', *, *, #4913, .F. ) ;
#6453 = CARTESIAN_POINT ( 'NONE',  ( 43.36767997638425953, 36.23554512824542684, 9.368486388664434728 ) ) ;
#6454 = CARTESIAN_POINT ( 'NONE',  ( -63.34526977243257306, 40.88837552256295993, 2.753738390100244349 ) ) ;
#6455 = AXIS2_PLACEMENT_3D ( 'NONE', #1161, #3454, #6512 ) ;
#6456 = ORIENTED_EDGE ( 'NONE', *, *, #4321, .F. ) ;
#6457 = DIRECTION ( 'NONE',  ( -1.000000000000000000, 0.000000000000000000, 0.000000000000000000 ) ) ;
#6458 = FACE_OUTER_BOUND ( 'NONE', #919, .T. ) ;
#6459 = DIRECTION ( 'NONE',  ( 0.000000000000000000, 0.000000000000000000, 1.000000000000000000 ) ) ;
#6460 = FACE_OUTER_BOUND ( 'NONE', #8007, .T. ) ;
#6461 = VECTOR ( 'NONE', #7649, 1000.000000000000000 ) ;
#6462 = EDGE_CURVE ( 'NONE', #4035, #1219, #2878, .T. ) ;
#6463 = VECTOR ( 'NONE', #2353, 1000.000000000000114 ) ;
#6464 = VERTEX_POINT ( 'NONE', #7223 ) ;
#6465 = DIRECTION ( 'NONE',  ( -1.000000000000000000, -0.000000000000000000, 8.385697043307698417E-16 ) ) ;
#6466 = CARTESIAN_POINT ( 'NONE',  ( -54.49999999999997868, 34.00000000000000000, 8.000000000000000000 ) ) ;
#6467 = CARTESIAN_POINT ( 'NONE',  ( 66.92491023778168824, 33.73652973146154466, 1.475318055627767855 ) ) ;
#6468 = FACE_OUTER_BOUND ( 'NONE', #7168, .T. ) ;
#6469 = AXIS2_PLACEMENT_3D ( 'NONE', #7707, #9273, #4590 ) ;
#6470 = DIRECTION ( 'NONE',  ( 0.7888953548225519086, -0.6145275576728842504, -9.105182531146154658E-15 ) ) ;
#6471 = AXIS2_PLACEMENT_3D ( 'NONE', #2390, #5518, #3106 ) ;
#6472 = CARTESIAN_POINT ( 'NONE',  ( 11.25723734592842362, 40.00000000000000711, 12.00000000000000178 ) ) ;
#6473 = EDGE_LOOP ( 'NONE', ( #10017, #695, #2666, #10087, #3640, #6969, #5387 ) ) ;
#6474 = ADVANCED_FACE ( 'NONE', ( #3957 ), #2519, .T. ) ;
#6475 = CARTESIAN_POINT ( 'NONE',  ( 37.25177238853002848, 37.00000000000002132, 3.593743884534262634 ) ) ;
#6476 = VECTOR ( 'NONE', #1229, 1000.000000000000000 ) ;
#6477 = ORIENTED_EDGE ( 'NONE', *, *, #5469, .T. ) ;
#6478 = CARTESIAN_POINT ( 'NONE',  ( 45.76767997638425811, 38.58578643762704985, 8.999999999999998224 ) ) ;
#6479 = ORIENTED_EDGE ( 'NONE', *, *, #7095, .F. ) ;
#6480 = DIRECTION ( 'NONE',  ( -0.000000000000000000, 0.000000000000000000, -1.000000000000000000 ) ) ;
#6481 = DIRECTION ( 'NONE',  ( 1.000000000000000000, -3.499023925556554573E-16, 0.000000000000000000 ) ) ;
#6482 = CARTESIAN_POINT ( 'NONE',  ( 39.38004687640359691, 38.11104645177451289, 10.62253898260047791 ) ) ;
#6483 = CARTESIAN_POINT ( 'NONE',  ( -60.49999999999997868, 18.48790463880280655, 5.585786437627044521 ) ) ;
#6484 = AXIS2_PLACEMENT_3D ( 'NONE', #8029, #7211, #7926 ) ;
#6485 = ORIENTED_EDGE ( 'NONE', *, *, #2997, .T. ) ;
#6486 = EDGE_CURVE ( 'NONE', #8717, #3887, #9546, .T. ) ;
#6487 = CARTESIAN_POINT ( 'NONE',  ( 63.39999999999998437, 38.49999999999999289, 0.000000000000000000 ) ) ;
#6488 = CARTESIAN_POINT ( 'NONE',  ( 45.22532245313247046, 35.00000000000000711, 8.016356623453257058 ) ) ;
#6489 = EDGE_CURVE ( 'NONE', #7006, #7678, #6788, .T. ) ;
#6490 = CARTESIAN_POINT ( 'NONE',  ( 60.49999999999996447, -14.11479321478222460, 4.808401601691623561 ) ) ;
#6491 = EDGE_LOOP ( 'NONE', ( #4177, #8633, #5362, #5830, #2239, #6026, #9400, #9136, #1913 ) ) ;
#6492 = DIRECTION ( 'NONE',  ( -0.000000000000000000, -0.000000000000000000, -1.000000000000000000 ) ) ;
#6493 = EDGE_LOOP ( 'NONE', ( #5577, #6012, #3189, #111 ) ) ;
#6494 = VERTEX_POINT ( 'NONE', #854 ) ;
#6495 = CARTESIAN_POINT ( 'NONE',  ( 37.46226580713835830, 37.65087396895639671, 2.589130158235992241 ) ) ;
#6496 = DIRECTION ( 'NONE',  ( -1.000000000000000000, 0.000000000000000000, 0.000000000000000000 ) ) ;
#6497 =( BOUNDED_SURFACE ( )  B_SPLINE_SURFACE ( 3, 2, ( 
 ( #7316, #6591, #2468 ),
 ( #131, #3480, #8184 ),
 ( #1193, #4013, #3241 ),
 ( #9455, #8698, #8081 ) ),
 .UNSPECIFIED., .F., .F., .T. ) 
 B_SPLINE_SURFACE_WITH_KNOTS ( ( 4, 4 ),
 ( 3, 3 ),
 ( 5.059610138265685715E-16, 0.1269267343902371337 ),
 ( 0.5273978448844836020, 1.000000000000000000 ),
 .UNSPECIFIED. ) 
 GEOMETRIC_REPRESENTATION_ITEM ( )  RATIONAL_B_SPLINE_SURFACE ( (
 ( 0.9620540446809899837, 0.9640253030164340764, 1.000000000000000000),
 ( 0.9620540726260002895, 0.9640253295097261921, 1.000000000000000000),
 ( 0.9617978310807295816, 0.9637823994828439433, 1.000000000000000000),
 ( 0.9612861016137375092, 0.9632972539025618230, 1.000000000000000000) ) ) 
 REPRESENTATION_ITEM ( '' )  SURFACE ( )  );
#6498 = DIRECTION ( 'NONE',  ( -0.3924313469075667027, -0.8318625342739164319, 0.3924313469075708105 ) ) ;
#6499 = VERTEX_POINT ( 'NONE', #7071 ) ;
#6500 = CARTESIAN_POINT ( 'NONE',  ( -67.83552095715540986, 37.29831862726248914, 2.038518910196846612 ) ) ;
#6501 = DIRECTION ( 'NONE',  ( 1.000000000000000000, 0.000000000000000000, -0.000000000000000000 ) ) ;
#6502 = ORIENTED_EDGE ( 'NONE', *, *, #7745, .F. ) ;
#6503 = FACE_OUTER_BOUND ( 'NONE', #9324, .T. ) ;
#6504 = FACE_OUTER_BOUND ( 'NONE', #4500, .T. ) ;
#6505 = EDGE_LOOP ( 'NONE', ( #1224, #2215, #6276, #7209, #5709 ) ) ;
#6506 = CARTESIAN_POINT ( 'NONE',  ( 40.90987855740123535, 44.29122988969159991, 5.420305337270344026 ) ) ;
#6507 = CYLINDRICAL_SURFACE ( 'NONE', #6295, 1.600000000000004086 ) ;
#6508 = CARTESIAN_POINT ( 'NONE',  ( -41.18590443320101713, 43.69893724362979981, 6.246729640459744104 ) ) ;
#6509 = DIRECTION ( 'NONE',  ( 0.9116773148860479736, -0.4109068915486398521, 0.000000000000000000 ) ) ;
#6510 = CARTESIAN_POINT ( 'NONE',  ( -55.18041933941717048, -39.54097311615559107, 4.740928947180004016 ) ) ;
#6511 = CARTESIAN_POINT ( 'NONE',  ( -63.36919833516326150, 36.08350193527790140, 3.961902506890074172 ) ) ;
#6512 = DIRECTION ( 'NONE',  ( 0.000000000000000000, 1.000000000000000000, 0.000000000000000000 ) ) ;
#6513 = DIRECTION ( 'NONE',  ( -1.000000000000000000, -0.000000000000000000, 0.000000000000000000 ) ) ;
#6514 = CARTESIAN_POINT ( 'NONE',  ( 55.50000000000001421, 34.00000000000000000, 8.000000000000000000 ) ) ;
#6515 = DIRECTION ( 'NONE',  ( 0.000000000000000000, 0.000000000000000000, -1.000000000000000000 ) ) ;
#6516 =( BOUNDED_SURFACE ( )  B_SPLINE_SURFACE ( 3, 2, ( 
 ( #960, #4068, #5492 ),
 ( #2419, #4014, #7175 ),
 ( #908, #7225, #221 ),
 ( #4840, #5643, #3294 ) ),
 .UNSPECIFIED., .F., .F., .T. ) 
 B_SPLINE_SURFACE_WITH_KNOTS ( ( 4, 4 ),
 ( 3, 3 ),
 ( -5.963111948670274387E-18, 0.0006288186852853572782 ),
 ( 0.000000000000000000, 1.000000000000000000 ),
 .UNSPECIFIED. ) 
 GEOMETRIC_REPRESENTATION_ITEM ( )  RATIONAL_B_SPLINE_SURFACE ( (
 ( 1.000000000000000000, 0.9019407492833436679, 1.000000000000000000),
 ( 1.000000000000000000, 0.8947090759992893938, 1.000000000000000000),
 ( 1.000000000000000000, 0.8877071386709747269, 1.000000000000000000),
 ( 1.000000000000000000, 0.8816730269542251142, 1.000000000000000000) ) ) 
 REPRESENTATION_ITEM ( '' )  SURFACE ( )  );
#6517 = ORIENTED_EDGE ( 'NONE', *, *, #3688, .T. ) ;
#6518 = CARTESIAN_POINT ( 'NONE',  ( -37.55181215987403931, 39.00000000000000711, 11.19749220199242501 ) ) ;
#6519 = AXIS2_PLACEMENT_3D ( 'NONE', #8052, #7286, #289 ) ;
#6520 = CARTESIAN_POINT ( 'NONE',  ( 40.46988982152183922, 39.98154807258809740, 9.670273169539793656 ) ) ;
#6521 = ORIENTED_EDGE ( 'NONE', *, *, #8976, .T. ) ;
#6522 = CARTESIAN_POINT ( 'NONE',  ( -66.43575502894269391, -35.97693846583523936, 2.162734898732594058 ) ) ;
#6523 = ADVANCED_FACE ( 'NONE', ( #4011 ), #5642, .T. ) ;
#6524 = DIRECTION ( 'NONE',  ( -0.000000000000000000, -0.000000000000000000, -1.000000000000000000 ) ) ;
#6525 = AXIS2_PLACEMENT_3D ( 'NONE', #9331, #8472, #8569 ) ;
#6526 = CARTESIAN_POINT ( 'NONE',  ( 53.50000000000001421, -30.99999999999998579, 8.000000000000000000 ) ) ;
#6527 = DIRECTION ( 'NONE',  ( 0.000000000000000000, 0.3003870635238873876, -0.9538173892666751419 ) ) ;
#6528 = ORIENTED_EDGE ( 'NONE', *, *, #9727, .T. ) ;
#6529 = ORIENTED_EDGE ( 'NONE', *, *, #9035, .T. ) ;
#6530 = LINE ( 'NONE', #8727, #1856 ) ;
#6531 = CARTESIAN_POINT ( 'NONE',  ( -37.74626854856638403, 37.61178125914008064, 2.793923392429850772 ) ) ;
#6532 = CIRCLE ( 'NONE', #9615, 8.000000000000000000 ) ;
#6533 = CARTESIAN_POINT ( 'NONE',  ( -64.57029561409964913, 30.38299440824735242, 2.929704385900388619 ) ) ;
#6534 = ORIENTED_EDGE ( 'NONE', *, *, #8911, .T. ) ;
#6535 = DIRECTION ( 'NONE',  ( 1.000000000000000000, -0.000000000000000000, -0.000000000000000000 ) ) ;
#6536 = EDGE_LOOP ( 'NONE', ( #4853, #5137, #407, #6307, #7328, #3410, #3944, #3741, #1085, #51, #1274, #90 ) ) ;
#6537 = EDGE_CURVE ( 'NONE', #5110, #3319, #5541, .T. ) ;
#6538 = ORIENTED_EDGE ( 'NONE', *, *, #4614, .T. ) ;
#6539 = CARTESIAN_POINT ( 'NONE',  ( 53.50000000000001421, -30.99999999999998579, 2.000000000000000000 ) ) ;
#6540 = CARTESIAN_POINT ( 'NONE',  ( -55.18041933941717048, -39.54097311615559107, 4.740928947180004016 ) ) ;
#6541 = DIRECTION ( 'NONE',  ( 1.000000000000000000, 0.000000000000000000, -0.000000000000000000 ) ) ;
#6542 = ADVANCED_FACE ( 'NONE', ( #1712 ), #5490, .F. ) ;
#6543 = CIRCLE ( 'NONE', #7849, 1.600000000000004086 ) ;
#6544 = CARTESIAN_POINT ( 'NONE',  ( -37.25181215993424644, 38.00000000000000711, 3.597354212780503158 ) ) ;
#6545 = CIRCLE ( 'NONE', #7850, 1.000000000000000888 ) ;
#6546 = VERTEX_POINT ( 'NONE', #3186 ) ;
#6547 = CARTESIAN_POINT ( 'NONE',  ( -66.67563631980939931, 42.13211273554878034, 1.039062270807447286 ) ) ;
#6548 = CARTESIAN_POINT ( 'NONE',  ( 57.28316869836383063, -39.72556520119589862, 4.489592359914374775 ) ) ;
#6549 = B_SPLINE_CURVE_WITH_KNOTS ( 'NONE', 3,
 ( #8149, #8752, #7946, #961, #7176, #3295, #6405, #1307, #3548, #591, #1969, #7533, #6713, #9093, #5278, #9808, #4371, #6662, #5999, #3698, #395, #3647, #5847, #4412, #1258, #2067, #542, #445, #6813, #5084 ),
 .UNSPECIFIED., .F., .F.,
 ( 4, 2, 2, 2, 2, 2, 2, 2, 2, 2, 2, 2, 2, 2, 4 ),
 ( 0.008194868552221104899, 0.008702923225954693753, 0.009210977899688280873, 0.009719032573421869728, 0.01022708724715546899, 0.01073514192088906652, 0.01124319659462266405, 0.01175125126835626331, 0.01225930594208986257, 0.01276736061582346010, 0.01327541528955705763, 0.01429152463702421452, 0.01530763398449137488, 0.01581568865822495507, 0.01632374333195853178 ),
 .UNSPECIFIED. ) ;
#6550 = EDGE_LOOP ( 'NONE', ( #8284, #7695, #1534, #5310, #6085, #5897, #3417, #4885 ) ) ;
#6551 = CARTESIAN_POINT ( 'NONE',  ( 67.78702371139374350, 37.17873131774626216, 2.045806229372466145 ) ) ;
#6552 = CARTESIAN_POINT ( 'NONE',  ( -41.26765234895165690, 39.30444178068952255, 9.775474134310870866 ) ) ;
#6553 = ADVANCED_FACE ( 'NONE', ( #3901 ), #7021, .T. ) ;
#6554 = ORIENTED_EDGE ( 'NONE', *, *, #7247, .T. ) ;
#6555 = LINE ( 'NONE', #9708, #10045 ) ;
#6556 = CARTESIAN_POINT ( 'NONE',  ( 39.53054957082660792, 44.91870475830530296, 5.770546585781278104 ) ) ;
#6557 = EDGE_CURVE ( 'NONE', #5244, #735, #8649, .T. ) ;
#6558 = CARTESIAN_POINT ( 'NONE',  ( -40.06661644464542604, 39.24409840170370956, 10.40662284227767920 ) ) ;
#6559 = CARTESIAN_POINT ( 'NONE',  ( 38.22764842389538842, 45.00000000000001421, 5.954766520493302906 ) ) ;
#6560 = ORIENTED_EDGE ( 'NONE', *, *, #2169, .T. ) ;
#6561 = PLANE ( 'NONE',  #8170 ) ;
#6562 = DIRECTION ( 'NONE',  ( 0.06026194702797585401, 0.000000000000000000, 0.9981825973940827712 ) ) ;
#6563 = DIRECTION ( 'NONE',  ( 0.000000000000000000, 0.000000000000000000, -1.000000000000000000 ) ) ;
#6564 = CYLINDRICAL_SURFACE ( 'NONE', #4250, 1.000000000000000000 ) ;
#6565 = DIRECTION ( 'NONE',  ( 0.000000000000000000, 1.000000000000000000, -0.000000000000000000 ) ) ;
#6566 = ORIENTED_EDGE ( 'NONE', *, *, #462, .T. ) ;
#6567 = CARTESIAN_POINT ( 'NONE',  ( 63.51662994722175171, -40.99939042374031573, 2.108482107725667021 ) ) ;
#6568 = ORIENTED_EDGE ( 'NONE', *, *, #1691, .F. ) ;
#6569 = CARTESIAN_POINT ( 'NONE',  ( -53.49999999999997158, 41.70958227955244979, 6.290417720447662120 ) ) ;
#6570 = B_SPLINE_CURVE_WITH_KNOTS ( 'NONE', 3,
 ( #2097, #6027, #3105, #6226 ),
 .UNSPECIFIED., .F., .F.,
 ( 4, 4 ),
 ( 0.000000000000000000, 1.444166471589282371E-05 ),
 .UNSPECIFIED. ) ;
#6571 = DIRECTION ( 'NONE',  ( -1.000000000000000000, 0.000000000000000000, -0.000000000000000000 ) ) ;
#6572 = VECTOR ( 'NONE', #1866, 1000.000000000000000 ) ;
#6573 = VERTEX_POINT ( 'NONE', #2574 ) ;
#6574 = CARTESIAN_POINT ( 'NONE',  ( -63.96963610532685607, -35.77730550722524328, 3.005493260594377603 ) ) ;
#6575 = DIRECTION ( 'NONE',  ( -0.7888953548225501322, -0.6145275576728864708, 5.315616825416012861E-15 ) ) ;
#6576 = CARTESIAN_POINT ( 'NONE',  ( 45.58675712504710020, 39.29289321881360308, 8.707106781186542577 ) ) ;
#6577 = CARTESIAN_POINT ( 'NONE',  ( -37.75061038814629200, 37.61853210089979882, 2.807968318601796298 ) ) ;
#6578 =( BOUNDED_CURVE ( )  B_SPLINE_CURVE ( 3, ( #9890, #2899, #2240, #7558 ),
 .UNSPECIFIED., .F., .T. ) 
 B_SPLINE_CURVE_WITH_KNOTS ( ( 4, 4 ),
 ( 0.000000000000000000, 0.4407934832275735570 ),
 .UNSPECIFIED. ) 
 CURVE ( )  GEOMETRIC_REPRESENTATION_ITEM ( )  RATIONAL_B_SPLINE_CURVE ( ( 1.000000000000000000, 0.9838738611700028613, 0.9838738611700028613, 1.000000000000000000 ) ) 
 REPRESENTATION_ITEM ( '' )  );
#6579 = CARTESIAN_POINT ( 'NONE',  ( -64.90102745078452529, 30.12152984094147001, 2.259158221302671077 ) ) ;
#6580 = AXIS2_PLACEMENT_3D ( 'NONE', #6185, #9282, #4651 ) ;
#6581 = CARTESIAN_POINT ( 'NONE',  ( 62.11631600066651515, 38.13623098959413937, 4.444195071293599142 ) ) ;
#6582 = EDGE_CURVE ( 'NONE', #9761, #6790, #2380, .T. ) ;
#6583 = CARTESIAN_POINT ( 'NONE',  ( 65.74282981148336091, -32.02916046236347825, 2.644967457532659605 ) ) ;
#6584 = ORIENTED_EDGE ( 'NONE', *, *, #5909, .F. ) ;
#6585 = DIRECTION ( 'NONE',  ( -0.000000000000000000, 0.9044134026110569602, -0.4266572361714848771 ) ) ;
#6586 = VERTEX_POINT ( 'NONE', #7890 ) ;
#6587 = ORIENTED_EDGE ( 'NONE', *, *, #4813, .T. ) ;
#6588 = AXIS2_PLACEMENT_3D ( 'NONE', #4232, #408, #1544 ) ;
#6589 = PLANE ( 'NONE',  #6814 ) ;
#6590 = CARTESIAN_POINT ( 'NONE',  ( -45.26064967848964926, 38.98395542844802719, 9.016044571552104259 ) ) ;
#6591 = CARTESIAN_POINT ( 'NONE',  ( -39.90686087581252650, 40.40839979050444697, 9.679528634984823299 ) ) ;
#6592 = ORIENTED_EDGE ( 'NONE', *, *, #9244, .T. ) ;
#6593 = CARTESIAN_POINT ( 'NONE',  ( -37.25179890331929755, 38.00000000000000711, 3.595548951285089334 ) ) ;
#6594 = DIRECTION ( 'NONE',  ( -0.2876879592904239002, -0.9134939934989289023, -0.2876879592904267313 ) ) ;
#6595 = ADVANCED_FACE ( 'NONE', ( #3240 ), #7938, .T. ) ;
#6596 = TOROIDAL_SURFACE ( 'NONE', #3504, 7.000000000000000000, 1.000000000000000000 ) ;
#6597 = ORIENTED_EDGE ( 'NONE', *, *, #5181, .F. ) ;
#6598 = CARTESIAN_POINT ( 'NONE',  ( -35.49955173546376130, 41.00000000000000711, 10.80022721660114016 ) ) ;
#6599 = CARTESIAN_POINT ( 'NONE',  ( -62.18078275578355374, 39.20149474980529902, 3.935506779791307252 ) ) ;
#6600 = VERTEX_POINT ( 'NONE', #4889 ) ;
#6601 = FACE_OUTER_BOUND ( 'NONE', #8045, .T. ) ;
#6602 = CARTESIAN_POINT ( 'NONE',  ( -62.23436334476632226, 37.60961368691501860, 4.550826484874252564 ) ) ;
#6603 = AXIS2_PLACEMENT_3D ( 'NONE', #7040, #9476, #3206 ) ;
#6604 = ORIENTED_EDGE ( 'NONE', *, *, #3939, .F. ) ;
#6605 = DIRECTION ( 'NONE',  ( 1.000000000000000000, -3.499023925556554573E-16, 0.000000000000000000 ) ) ;
#6606 = CARTESIAN_POINT ( 'NONE',  ( -61.49999999999997868, 18.48790463880280655, 5.585786437627045409 ) ) ;
#6607 = ORIENTED_EDGE ( 'NONE', *, *, #631, .T. ) ;
#6608 = ADVANCED_FACE ( 'NONE', ( #8597 ), #6354, .F. ) ;
#6609 = B_SPLINE_CURVE_WITH_KNOTS ( 'NONE', 3,
 ( #6453, #4154, #851, #5589 ),
 .UNSPECIFIED., .F., .F.,
 ( 4, 4 ),
 ( 0.000000000000000000, 0.001964463663137125133 ),
 .UNSPECIFIED. ) ;
#6610 = VECTOR ( 'NONE', #9042, 1000.000000000000000 ) ;
#6611 = EDGE_CURVE ( 'NONE', #7313, #9485, #5003, .T. ) ;
#6612 = CARTESIAN_POINT ( 'NONE',  ( 68.02980851618981717, 38.14441524308065112, 2.009692421368383997 ) ) ;
#6613 = DIRECTION ( 'NONE',  ( -1.000000000000000000, 0.000000000000000000, 0.000000000000000000 ) ) ;
#6614 = CARTESIAN_POINT ( 'NONE',  ( 64.99999999999995737, -38.49999999999996447, 2.000000000000000000 ) ) ;
#6615 = CARTESIAN_POINT ( 'NONE',  ( -42.85191572870917298, 35.25909964107049888, 8.414547187247489290 ) ) ;
#6616 = CARTESIAN_POINT ( 'NONE',  ( -60.49999999999997868, -17.67981154443204517, 6.490199840238070728 ) ) ;
#6617 = DIRECTION ( 'NONE',  ( -0.000000000000000000, 0.000000000000000000, 1.000000000000000000 ) ) ;
#6618 = CIRCLE ( 'NONE', #7606, 1.000000000000000444 ) ;
#6619 = VERTEX_POINT ( 'NONE', #275 ) ;
#6620 = VECTOR ( 'NONE', #6920, 1000.000000000000000 ) ;
#6621 = CARTESIAN_POINT ( 'NONE',  ( 62.23920338829722709, -39.40665391133966011, 2.705230012241944149 ) ) ;
#6622 = ORIENTED_EDGE ( 'NONE', *, *, #8795, .F. ) ;
#6623 = DIRECTION ( 'NONE',  ( -1.000000000000000000, 0.000000000000000000, 0.000000000000000000 ) ) ;
#6624 = VECTOR ( 'NONE', #5212, 1000.000000000000000 ) ;
#6625 = CARTESIAN_POINT ( 'NONE',  ( -64.99999999999995737, -38.49999999999999289, 0.000000000000000000 ) ) ;
#6626 = AXIS2_PLACEMENT_3D ( 'NONE', #55, #1701, #4101 ) ;
#6627 = ORIENTED_EDGE ( 'NONE', *, *, #984, .F. ) ;
#6628 = CARTESIAN_POINT ( 'NONE',  ( -43.35324343268828073, 38.86666064518355057, 9.373026471619777311 ) ) ;
#6629 = CARTESIAN_POINT ( 'NONE',  ( -37.86633971754694272, 37.78889535482255013, 3.599159522938018441 ) ) ;
#6630 = CARTESIAN_POINT ( 'NONE',  ( -53.49999999999997868, 34.00000000000000711, 10.00000000000014033 ) ) ;
#6631 = CARTESIAN_POINT ( 'NONE',  ( 35.96089076002193963, 40.00087433821950356, 11.69781383595684510 ) ) ;
#6632 = AXIS2_PLACEMENT_3D ( 'NONE', #8420, #9936, #6744 ) ;
#6633 = AXIS2_PLACEMENT_3D ( 'NONE', #1630, #1526, #7861 ) ;
#6634 = DIRECTION ( 'NONE',  ( -0.000000000000000000, -0.000000000000000000, -1.000000000000000000 ) ) ;
#6635 = LINE ( 'NONE', #5159, #9841 ) ;
#6636 = ORIENTED_EDGE ( 'NONE', *, *, #4304, .T. ) ;
#6637 =( BOUNDED_CURVE ( )  B_SPLINE_CURVE ( 2, ( #7539, #9307, #2314 ),
 .UNSPECIFIED., .F., .T. ) 
 B_SPLINE_CURVE_WITH_KNOTS ( ( 3, 3 ),
 ( 0.000000000000000000, 1.000000000000000000 ),
 .UNSPECIFIED. ) 
 CURVE ( )  GEOMETRIC_REPRESENTATION_ITEM ( )  RATIONAL_B_SPLINE_CURVE ( ( 1.000000000000000000, 0.7071067811865475727, 1.000000000000000000 ) ) 
 REPRESENTATION_ITEM ( '' )  );
#6638 = LINE ( 'NONE', #9687, #5984 ) ;
#6639 = AXIS2_PLACEMENT_3D ( 'NONE', #2641, #4130, #4290 ) ;
#6640 = EDGE_LOOP ( 'NONE', ( #980, #316, #4935, #9482 ) ) ;
#6641 = AXIS2_PLACEMENT_3D ( 'NONE', #788, #1584, #8525 ) ;
#6642 = ORIENTED_EDGE ( 'NONE', *, *, #1559, .T. ) ;
#6643 = CARTESIAN_POINT ( 'NONE',  ( -61.58146995173703431, -23.61439836843517526, 4.504316485889944488 ) ) ;
#6644 = CARTESIAN_POINT ( 'NONE',  ( -41.08401631062912429, 44.15558141929020053, 0.000000000000000000 ) ) ;
#6645 = CARTESIAN_POINT ( 'NONE',  ( 62.95491025424180975, 41.64513482896221319, 2.658095894397024317 ) ) ;
#6646 = ADVANCED_FACE ( 'NONE', ( #4937 ), #2842, .T. ) ;
#6647 = FACE_OUTER_BOUND ( 'NONE', #7851, .T. ) ;
#6648 = ORIENTED_EDGE ( 'NONE', *, *, #9101, .F. ) ;
#6649 = FACE_OUTER_BOUND ( 'NONE', #393, .T. ) ;
#6650 = CIRCLE ( 'NONE', #2727, 1.000000000000000888 ) ;
#6651 = ORIENTED_EDGE ( 'NONE', *, *, #5060, .T. ) ;
#6652 = CARTESIAN_POINT ( 'NONE',  ( 43.36767997638426664, 38.47443863772738837, 9.368486388664434728 ) ) ;
#6653 = VERTEX_POINT ( 'NONE', #9709 ) ;
#6654 = CARTESIAN_POINT ( 'NONE',  ( 62.93781417700755298, -24.19007199723299095, 4.059649575505506647 ) ) ;
#6655 = CARTESIAN_POINT ( 'NONE',  ( -64.00736029291293505, 41.23161209087496104, 2.460180133634072064 ) ) ;
#6656 = ORIENTED_EDGE ( 'NONE', *, *, #5656, .F. ) ;
#6657 = DIRECTION ( 'NONE',  ( -0.000000000000000000, 1.000000000000000000, -0.000000000000000000 ) ) ;
#6658 = CARTESIAN_POINT ( 'NONE',  ( 41.02058059491444197, 44.20499607892501359, 5.869646242809190007 ) ) ;
#6659 = EDGE_CURVE ( 'NONE', #6816, #3059, #7451, .T. ) ;
#6660 = ORIENTED_EDGE ( 'NONE', *, *, #9972, .F. ) ;
#6661 = B_SPLINE_CURVE_WITH_KNOTS ( 'NONE', 3,
 ( #5478, #5431, #8536, #896, #6912, #1542, #6095, #8587 ),
 .UNSPECIFIED., .F., .F.,
 ( 4, 2, 2, 4 ),
 ( 0.000000000000000000, 0.001286221389389890710, 0.002572442778779781419, 0.005144885557559562839 ),
 .UNSPECIFIED. ) ;
#6662 = CARTESIAN_POINT ( 'NONE',  ( 64.56265375472594314, -35.62877109359235561, 2.765934377611826811 ) ) ;
#6663 = CARTESIAN_POINT ( 'NONE',  ( -66.33555594535751254, 41.26872493809879927, 2.034950452827755996 ) ) ;
#6664 = CARTESIAN_POINT ( 'NONE',  ( 62.09999999999995879, 38.49999999999999289, 2.000000000000000000 ) ) ;
#6665 = DIRECTION ( 'NONE',  ( -1.000000000000000000, 0.000000000000000000, 0.000000000000000000 ) ) ;
#6666 = CARTESIAN_POINT ( 'NONE',  ( -63.01040764008569539, -25.21592143066257208, 4.489592359914376551 ) ) ;
#6667 = DIRECTION ( 'NONE',  ( 1.000000000000000000, 0.000000000000000000, 0.000000000000000000 ) ) ;
#6668 = EDGE_CURVE ( 'NONE', #4540, #3797, #6953, .T. ) ;
#6669 = DIRECTION ( 'NONE',  ( 0.000000000000000000, 1.000000000000000000, 0.000000000000000000 ) ) ;
#6670 = ADVANCED_FACE ( 'NONE', ( #4320 ), #6507, .F. ) ;
#6671 = ORIENTED_EDGE ( 'NONE', *, *, #3622, .F. ) ;
#6672 = CARTESIAN_POINT ( 'NONE',  ( -38.17199979176345437, 45.00000000000001421, 5.539627283903764798 ) ) ;
#6673 = ORIENTED_EDGE ( 'NONE', *, *, #2984, .T. ) ;
#6674 = CARTESIAN_POINT ( 'NONE',  ( 64.93076916642165486, -41.49920107556694404, 2.000000000000000000 ) ) ;
#6675 = B_SPLINE_CURVE_WITH_KNOTS ( 'NONE', 3,
 ( #3853, #6979, #3086, #4571 ),
 .UNSPECIFIED., .F., .F.,
 ( 4, 4 ),
 ( 0.000000000000000000, 0.002006479734142180456 ),
 .UNSPECIFIED. ) ;
#6676 = ORIENTED_EDGE ( 'NONE', *, *, #7927, .F. ) ;
#6677 = DIRECTION ( 'NONE',  ( 0.9954537426972336345, -0.04361274397761728122, 0.08467452221780072397 ) ) ;
#6678 = ORIENTED_EDGE ( 'NONE', *, *, #4545, .T. ) ;
#6679 = EDGE_CURVE ( 'NONE', #3953, #8900, #9603, .T. ) ;
#6680 = PLANE ( 'NONE',  #3525 ) ;
#6681 = SURFACE_STYLE_USAGE ( .BOTH. , #3360 ) ;
#6682 = FACE_OUTER_BOUND ( 'NONE', #7660, .T. ) ;
#6683 = EDGE_CURVE ( 'NONE', #2609, #5420, #8100, .T. ) ;
#6684 = CYLINDRICAL_SURFACE ( 'NONE', #1403, 11.24453208529338433 ) ;
#6685 = B_SPLINE_CURVE_WITH_KNOTS ( 'NONE', 3,
 ( #7402, #7455, #413, #3517 ),
 .UNSPECIFIED., .F., .F.,
 ( 4, 4 ),
 ( 0.000000000000000000, 0.001516253636686069710 ),
 .UNSPECIFIED. ) ;
#6686 = CARTESIAN_POINT ( 'NONE',  ( -64.60767744822906877, 29.89433950778620996, 2.832819330787263556 ) ) ;
#6687 = DIRECTION ( 'NONE',  ( -0.000000000000000000, 0.000000000000000000, 1.000000000000000000 ) ) ;
#6688 = CARTESIAN_POINT ( 'NONE',  ( 37.33772757787301799, 36.38625856522027391, 1.986687475345862097 ) ) ;
#6689 = CARTESIAN_POINT ( 'NONE',  ( -33.77171203778518560, 41.00000000000000711, 11.00000000000000355 ) ) ;
#6690 = EDGE_LOOP ( 'NONE', ( #4452, #7259, #7189, #6534 ) ) ;
#6691 = AXIS2_PLACEMENT_3D ( 'NONE', #9928, #3147, #6264 ) ;
#6692 = CARTESIAN_POINT ( 'NONE',  ( 57.50000000000001421, -13.78853150712619957, 5.500000000000000888 ) ) ;
#6693 = ORIENTED_EDGE ( 'NONE', *, *, #10095, .F. ) ;
#6694 = EDGE_LOOP ( 'NONE', ( #3297, #6324, #8056, #5879, #8666, #7374, #7886, #270 ) ) ;
#6695 = EDGE_CURVE ( 'NONE', #7841, #8141, #6711, .T. ) ;
#6696 = CARTESIAN_POINT ( 'NONE',  ( -55.49999999999997868, -17.62844663266956147, 5.360279376500487913 ) ) ;
#6697 = CARTESIAN_POINT ( 'NONE',  ( 64.99999999999995737, -38.49999999999996447, 2.000000000000000000 ) ) ;
#6698 = CARTESIAN_POINT ( 'NONE',  ( 39.44262191106567883, 40.54507719744127314, 10.08249493225922144 ) ) ;
#6699 = CARTESIAN_POINT ( 'NONE',  ( 64.99999999999998579, 38.49999999999999289, 2.000000000000000000 ) ) ;
#6700 = EDGE_LOOP ( 'NONE', ( #5322, #2921, #2849, #3908, #172 ) ) ;
#6701 = CARTESIAN_POINT ( 'NONE',  ( -55.49999999999997868, 24.82685288287921921, 8.630539114133402023 ) ) ;
#6702 = CIRCLE ( 'NONE', #2283, 1.000000000000000000 ) ;
#6703 = ORIENTED_EDGE ( 'NONE', *, *, #4995, .T. ) ;
#6704 = CARTESIAN_POINT ( 'NONE',  ( 68.72148125650393524, 37.03351534017910041, 1.036396857401803651 ) ) ;
#6705 =( BOUNDED_CURVE ( )  B_SPLINE_CURVE ( 3, ( #9214, #6067, #5353, #611 ),
 .UNSPECIFIED., .F., .T. ) 
 B_SPLINE_CURVE_WITH_KNOTS ( ( 4, 4 ),
 ( 4.050602019316295710, 4.494914534732252775 ),
 .UNSPECIFIED. ) 
 CURVE ( )  GEOMETRIC_REPRESENTATION_ITEM ( )  RATIONAL_B_SPLINE_CURVE ( ( 1.000000000000000000, 0.9836164144649099939, 0.9836164144649099939, 1.000000000000000000 ) ) 
 REPRESENTATION_ITEM ( '' )  );
#6706 = ORIENTED_EDGE ( 'NONE', *, *, #3661, .F. ) ;
#6707 = LINE ( 'NONE', #6142, #2524 ) ;
#6708 = ORIENTED_EDGE ( 'NONE', *, *, #7623, .F. ) ;
#6709 = AXIS2_PLACEMENT_3D ( 'NONE', #346, #8862, #4122 ) ;
#6710 = DIRECTION ( 'NONE',  ( 0.4376360731224938072, -0.7854612243795633386, 0.4376360731224979705 ) ) ;
#6711 = LINE ( 'NONE', #1862, #4181 ) ;
#6712 = VECTOR ( 'NONE', #9678, 1000.000000000000000 ) ;
#6713 = CARTESIAN_POINT ( 'NONE',  ( 63.37476553277164726, -36.09264323311918332, 3.233419482823524316 ) ) ;
#6714 = CARTESIAN_POINT ( 'NONE',  ( 61.49999999999997868, 21.07884740024821824, 5.585786437627049850 ) ) ;
#6715 = EDGE_CURVE ( 'NONE', #1846, #8180, #3298, .T. ) ;
#6716 = EDGE_CURVE ( 'NONE', #3374, #6586, #1225, .T. ) ;
#6717 = CARTESIAN_POINT ( 'NONE',  ( 67.35993552749322077, 40.40773886416004501, 2.003604019340870401 ) ) ;
#6718 = EDGE_LOOP ( 'NONE', ( #6228, #2548, #2318, #4715, #3076, #4416, #2679, #5957 ) ) ;
#6719 = DIRECTION ( 'NONE',  ( -1.000000000000000000, 0.000000000000000000, 0.000000000000000000 ) ) ;
#6720 = CARTESIAN_POINT ( 'NONE',  ( -66.21397015840936717, 35.84678004437013499, 2.425597086874619723 ) ) ;
#6721 = CARTESIAN_POINT ( 'NONE',  ( 55.50000000000001421, 0.000000000000000000, 8.000000000000000000 ) ) ;
#6722 = CARTESIAN_POINT ( 'NONE',  ( 62.95104176870956536, -41.09239338013620824, 2.155238367402722233 ) ) ;
#6723 = CARTESIAN_POINT ( 'NONE',  ( -62.15360397883832633, 37.94499577414652691, 4.489592359914374775 ) ) ;
#6724 = ORIENTED_EDGE ( 'NONE', *, *, #10030, .F. ) ;
#6725 = CARTESIAN_POINT ( 'NONE',  ( 64.99999999999995737, 38.49999999999999289, 12.00000000000000355 ) ) ;
#6726 = VERTEX_POINT ( 'NONE', #7632 ) ;
#6727 = CARTESIAN_POINT ( 'NONE',  ( 64.66065867867753525, -41.50794113975917554, 2.000000000000000888 ) ) ;
#6728 = EDGE_CURVE ( 'NONE', #5173, #3276, #2538, .T. ) ;
#6729 = EDGE_CURVE ( 'NONE', #9892, #9869, #3891, .T. ) ;
#6730 = CARTESIAN_POINT ( 'NONE',  ( -62.55454514301089830, -40.07913712891719626, 2.435645835382592050 ) ) ;
#6731 = CARTESIAN_POINT ( 'NONE',  ( 44.62614285194653974, 46.46674425787065132, 2.000000000000000000 ) ) ;
#6732 = DIRECTION ( 'NONE',  ( 0.000000000000000000, 0.000000000000000000, -1.000000000000000000 ) ) ;
#6733 = LINE ( 'NONE', #5104, #6476 ) ;
#6734 = DIRECTION ( 'NONE',  ( 0.000000000000000000, 0.000000000000000000, 1.000000000000000000 ) ) ;
#6735 = ORIENTED_EDGE ( 'NONE', *, *, #2062, .F. ) ;
#6736 = CARTESIAN_POINT ( 'NONE',  ( 45.47911661161470676, 12.11182223872499897, 20.60666982601247454 ) ) ;
#6737 = CARTESIAN_POINT ( 'NONE',  ( 38.99338462908596625, 36.91095868978433003, 3.473443896883952053 ) ) ;
#6738 = EDGE_CURVE ( 'NONE', #6746, #3830, #4949, .T. ) ;
#6739 = AXIS2_PLACEMENT_3D ( 'NONE', #3127, #2973, #2410 ) ;
#6740 = B_SPLINE_CURVE_WITH_KNOTS ( 'NONE', 3,
 ( #8731, #3322, #6386, #8832, #1843, #8072, #4961, #4764, #6338, #2499 ),
 .UNSPECIFIED., .F., .F.,
 ( 4, 2, 2, 2, 4 ),
 ( 0.000000000000000000, 0.0005509708054684365423, 0.001101941610936873085, 0.001652912416405309627, 0.002203883221873746169 ),
 .UNSPECIFIED. ) ;
#6741 = SPHERICAL_SURFACE ( 'NONE', #783, 1.000000000000000000 ) ;
#6742 = EDGE_CURVE ( 'NONE', #2739, #735, #9870, .T. ) ;
#6743 = ORIENTED_EDGE ( 'NONE', *, *, #9366, .F. ) ;
#6744 = DIRECTION ( 'NONE',  ( 0.000000000000000000, 0.000000000000000000, 1.000000000000000000 ) ) ;
#6745 = ORIENTED_EDGE ( 'NONE', *, *, #516, .T. ) ;
#6746 = VERTEX_POINT ( 'NONE', #3787 ) ;
#6747 = CARTESIAN_POINT ( 'NONE',  ( 67.78734061832568614, 37.17938753066312785, 2.045755137768864973 ) ) ;
#6748 = CARTESIAN_POINT ( 'NONE',  ( -64.96295091130846799, 31.39625736791350974, 2.879749546380899972 ) ) ;
#6749 = CARTESIAN_POINT ( 'NONE',  ( -36.15798029180209028, 40.95681552296451855, 11.63583204566430673 ) ) ;
#6750 = CIRCLE ( 'NONE', #2662, 1.000000000000000888 ) ;
#6751 = CARTESIAN_POINT ( 'NONE',  ( 41.45040878928133310, 39.24440577393510665, 9.738735459800444971 ) ) ;
#6752 = DIRECTION ( 'NONE',  ( 0.000000000000000000, -1.138744882030889416E-16, -1.000000000000000000 ) ) ;
#6753 = CARTESIAN_POINT ( 'NONE',  ( -53.49999999999997868, -30.99999999999998579, 4.489592359914378328 ) ) ;
#6754 = EDGE_CURVE ( 'NONE', #6059, #3266, #5330, .T. ) ;
#6755 = CIRCLE ( 'NONE', #3807, 1.000000000000003331 ) ;
#6756 = ORIENTED_EDGE ( 'NONE', *, *, #7991, .F. ) ;
#6757 = CARTESIAN_POINT ( 'NONE',  ( 40.06990429939619958, 40.61770561885210640, 9.414213562373245026 ) ) ;
#6758 = CARTESIAN_POINT ( 'NONE',  ( 55.48685889952118799, -38.58908299854574153, 4.740928947179983588 ) ) ;
#6759 = ORIENTED_EDGE ( 'NONE', *, *, #1627, .T. ) ;
#6760 = DIRECTION ( 'NONE',  ( -0.000000000000000000, -0.000000000000000000, -1.000000000000000000 ) ) ;
#6761 = CARTESIAN_POINT ( 'NONE',  ( -39.55316018564695213, 39.56921620715334598, 10.56809736546609280 ) ) ;
#6762 = ORIENTED_EDGE ( 'NONE', *, *, #4884, .T. ) ;
#6763 = CIRCLE ( 'NONE', #2346, 5.292893218813585321 ) ;
#6764 = CARTESIAN_POINT ( 'NONE',  ( 61.49999999999998579, 22.06663099087614910, 6.000000000000140332 ) ) ;
#6765 = CARTESIAN_POINT ( 'NONE',  ( 61.20710678118651771, 23.17626541873166346, 6.292893218813600420 ) ) ;
#6766 = VERTEX_POINT ( 'NONE', #5943 ) ;
#6767 = CARTESIAN_POINT ( 'NONE',  ( -40.33991838120478945, 44.62083317974522600, 5.364553180465834181 ) ) ;
#6768 = CARTESIAN_POINT ( 'NONE',  ( 64.18234439244366740, -42.43230112838870838, 1.979905663242714331 ) ) ;
#6769 = TOROIDAL_SURFACE ( 'NONE', #3340, 9.000000000000001776, 1.000000000000000000 ) ;
#6770 = CARTESIAN_POINT ( 'NONE',  ( -66.59999999999996589, 38.50000000000000711, 2.000000000000000000 ) ) ;
#6771 = DIRECTION ( 'NONE',  ( -1.000000000000000000, 0.000000000000000000, 0.000000000000000000 ) ) ;
#6772 = CARTESIAN_POINT ( 'NONE',  ( -55.49999999999997868, -13.78853150712619957, 5.500000000000000888 ) ) ;
#6773 = VERTEX_POINT ( 'NONE', #3835 ) ;
#6774 = ADVANCED_FACE ( 'NONE', ( #739 ), #6963, .F. ) ;
#6775 = CARTESIAN_POINT ( 'NONE',  ( -38.26490658333532480, 44.70236859013490971, 6.246729640459470545 ) ) ;
#6776 = AXIS2_PLACEMENT_3D ( 'NONE', #2120, #9253, #9153 ) ;
#6777 = DIRECTION ( 'NONE',  ( 0.000000000000000000, 0.000000000000000000, -1.000000000000000000 ) ) ;
#6778 = DIRECTION ( 'NONE',  ( -0.000000000000000000, -0.000000000000000000, -1.000000000000000000 ) ) ;
#6779 = ORIENTED_EDGE ( 'NONE', *, *, #7367, .T. ) ;
#6780 = CARTESIAN_POINT ( 'NONE',  ( -47.32775586742091178, -45.60188370443933792, 19.66244397281725398 ) ) ;
#6781 = CARTESIAN_POINT ( 'NONE',  ( -61.49999999999997868, 21.07884740024819692, 0.000000000000000000 ) ) ;
#6782 = AXIS2_PLACEMENT_3D ( 'NONE', #8923, #2940, #2230 ) ;
#6783 = CARTESIAN_POINT ( 'NONE',  ( -61.49999999999997158, -13.78853150712619957, 4.500000000000000888 ) ) ;
#6784 = ADVANCED_FACE ( 'NONE', ( #4558 ), #9142, .T. ) ;
#6785 = DIRECTION ( 'NONE',  ( 0.02010727748880114865, 0.000000000000000000, -0.9997978282592878685 ) ) ;
#6786 = TOROIDAL_SURFACE ( 'NONE', #9712, 2.000000000000000888, 1.000000000000000000 ) ;
#6787 = CARTESIAN_POINT ( 'NONE',  ( 42.34818384726845153, 35.36622482087758357, 2.023824373942639365 ) ) ;
#6788 = CIRCLE ( 'NONE', #1261, 1.000000000000000444 ) ;
#6789 = DIRECTION ( 'NONE',  ( -0.000000000000000000, -1.000000000000000000, -0.000000000000000000 ) ) ;
#6790 = VERTEX_POINT ( 'NONE', #5184 ) ;
#6791 = CARTESIAN_POINT ( 'NONE',  ( -54.49999999999997868, -24.79228831549498580, 1.000000000000000888 ) ) ;
#6792 = EDGE_LOOP ( 'NONE', ( #1633, #3675, #9474, #7482, #797, #8791 ) ) ;
#6793 = EDGE_LOOP ( 'NONE', ( #8546, #7984, #7085, #2650 ) ) ;
#6794 = CARTESIAN_POINT ( 'NONE',  ( 37.22196211020791168, 37.80374246795270210, 2.819389671716906243 ) ) ;
#6795 = DIRECTION ( 'NONE',  ( -0.000000000000000000, 0.000000000000000000, 1.000000000000000000 ) ) ;
#6796 = CARTESIAN_POINT ( 'NONE',  ( 37.92004282921357827, 40.85351059464581880, 11.08168901386612326 ) ) ;
#6797 = VECTOR ( 'NONE', #526, 1000.000000000000000 ) ;
#6798 = EDGE_CURVE ( 'NONE', #740, #7812, #9250, .T. ) ;
#6799 = CARTESIAN_POINT ( 'NONE',  ( 43.35324343268819547, 38.86666064518296793, 9.373026471619811062 ) ) ;
#6800 = EDGE_CURVE ( 'NONE', #5827, #4134, #2969, .T. ) ;
#6801 = CARTESIAN_POINT ( 'NONE',  ( -37.25177238853220274, 38.00000000000000711, 3.593743884534261746 ) ) ;
#6802 = FACE_OUTER_BOUND ( 'NONE', #4552, .T. ) ;
#6803 =( GEOMETRIC_REPRESENTATION_CONTEXT ( 3 ) GLOBAL_UNCERTAINTY_ASSIGNED_CONTEXT ( ( #6930 ) ) GLOBAL_UNIT_ASSIGNED_CONTEXT ( ( #5761, #1941, #470 ) ) REPRESENTATION_CONTEXT ( 'NONE', 'WORKASPACE' ) );
#6804 = CIRCLE ( 'NONE', #121, 1.000000000000000444 ) ;
#6805 = ORIENTED_EDGE ( 'NONE', *, *, #5607, .T. ) ;
#6806 = CARTESIAN_POINT ( 'NONE',  ( -53.49999999999997158, -32.99999999999998579, 9.000000000000001776 ) ) ;
#6807 = DIRECTION ( 'NONE',  ( -0.9372785015628944949, -0.1860787098852084431, -0.2947604522921483117 ) ) ;
#6808 = VERTEX_POINT ( 'NONE', #5277 ) ;
#6809 = LINE ( 'NONE', #9907, #959 ) ;
#6810 = DIRECTION ( 'NONE',  ( 0.000000000000000000, 0.000000000000000000, -1.000000000000000000 ) ) ;
#6811 = ADVANCED_FACE ( 'NONE', ( #1396 ), #7029, .T. ) ;
#6812 = EDGE_CURVE ( 'NONE', #6098, #9043, #1569, .T. ) ;
#6813 = CARTESIAN_POINT ( 'NONE',  ( 67.59415734420475985, -37.19237103231005648, 2.000000000000000888 ) ) ;
#6814 = AXIS2_PLACEMENT_3D ( 'NONE', #318, #1291, #372 ) ;
#6815 = CARTESIAN_POINT ( 'NONE',  ( -66.72036157230320441, 42.11147921920507997, 1.966715275979121103 ) ) ;
#6816 = VERTEX_POINT ( 'NONE', #2505 ) ;
#6817 = CARTESIAN_POINT ( 'NONE',  ( -38.46551931873283792, 37.32215109695199118, 3.554094482563465274 ) ) ;
#6818 = ORIENTED_EDGE ( 'NONE', *, *, #9036, .F. ) ;
#6819 = CARTESIAN_POINT ( 'NONE',  ( -62.89287132573910810, 42.41151976709095095, 2.468548138417569149 ) ) ;
#6820 = CARTESIAN_POINT ( 'NONE',  ( -60.49999999999998579, -0.2325875560534298725, 0.7385339864116927666 ) ) ;
#6821 = CARTESIAN_POINT ( 'NONE',  ( 51.73464987362551426, -50.24453208529337900, 2.000000000000000000 ) ) ;
#6822 = DIRECTION ( 'NONE',  ( 0.000000000000000000, 0.000000000000000000, 1.000000000000000000 ) ) ;
#6823 =( BOUNDED_CURVE ( )  B_SPLINE_CURVE ( 3, ( #1210, #6765, #4415, #9810 ),
 .UNSPECIFIED., .F., .T. ) 
 B_SPLINE_CURVE_WITH_KNOTS ( ( 4, 4 ),
 ( 3.141592653589790007, 3.649924616085655771 ),
 .UNSPECIFIED. ) 
 CURVE ( )  GEOMETRIC_REPRESENTATION_ITEM ( )  RATIONAL_B_SPLINE_CURVE ( ( 1.000000000000000000, 0.9785822243453268232, 0.9785822243453268232, 1.000000000000000000 ) ) 
 REPRESENTATION_ITEM ( '' )  );
#6824 = DIRECTION ( 'NONE',  ( -0.04376993653535458245, 0.9990416370981197725, 0.000000000000000000 ) ) ;
#6825 = ORIENTED_EDGE ( 'NONE', *, *, #8364, .T. ) ;
#6826 = FACE_OUTER_BOUND ( 'NONE', #3149, .T. ) ;
#6827 = ORIENTED_EDGE ( 'NONE', *, *, #3304, .F. ) ;
#6828 = CARTESIAN_POINT ( 'NONE',  ( -54.49999999999997868, -13.78853150712619957, 4.500000000000000888 ) ) ;
#6829 = CARTESIAN_POINT ( 'NONE',  ( -38.92792216497294078, 39.88295399165749444, 10.76472562639047581 ) ) ;
#6830 = CARTESIAN_POINT ( 'NONE',  ( -61.20710678118653902, 21.07884740024824310, 6.292893218813550682 ) ) ;
#6831 = DIRECTION ( 'NONE',  ( -1.000000000000000000, 0.000000000000000000, 0.000000000000000000 ) ) ;
#6832 = ORIENTED_EDGE ( 'NONE', *, *, #7806, .F. ) ;
#6833 = CARTESIAN_POINT ( 'NONE',  ( 35.68724596936700522, 41.00058291906972130, 10.76653324447695326 ) ) ;
#6834 = EDGE_CURVE ( 'NONE', #10079, #2884, #8534, .T. ) ;
#6835 = CARTESIAN_POINT ( 'NONE',  ( 55.50000000000001421, -13.78853150712619957, 5.500000000000000888 ) ) ;
#6836 = EDGE_CURVE ( 'NONE', #4268, #8984, #9343, .T. ) ;
#6837 = ORIENTED_EDGE ( 'NONE', *, *, #9299, .T. ) ;
#6838 = DIRECTION ( 'NONE',  ( 1.000000000000000000, 0.000000000000000000, 0.000000000000000000 ) ) ;
#6839 = EDGE_LOOP ( 'NONE', ( #7219, #8607, #5759, #6150 ) ) ;
#6840 = ORIENTED_EDGE ( 'NONE', *, *, #4156, .F. ) ;
#6841 = CARTESIAN_POINT ( 'NONE',  ( 38.06471823606595706, 37.63436400191706355, 3.595754357932806844 ) ) ;
#6842 = CARTESIAN_POINT ( 'NONE',  ( 39.76143097014669081, 36.31267193442901231, 9.298103999207899761 ) ) ;
#6843 = CARTESIAN_POINT ( 'NONE',  ( -36.63677786849653728, 40.01115886653491316, 11.48525717381190603 ) ) ;
#6844 = LINE ( 'NONE', #6894, #7035 ) ;
#6845 = CARTESIAN_POINT ( 'NONE',  ( 54.27578636569558768, -38.93786307519371803, 6.062136924806375227 ) ) ;
#6846 =( BOUNDED_SURFACE ( )  B_SPLINE_SURFACE ( 3, 2, ( 
 ( #2301, #5426, #990 ),
 ( #259, #1644, #9496 ),
 ( #3277, #5581, #7160 ),
 ( #9395, #7877, #5628 ),
 ( #2504, #7110, #892 ),
 ( #3996, #6495, #8837 ),
 ( #4145, #1754, #9589 ),
 ( #114, #7260, #2603 ),
 ( #6287, #1040, #3380 ),
 ( #1800, #4877, #2450 ),
 ( #5724, #7058, #8735 ),
 ( #3227, #2406, #4100 ) ),
 .UNSPECIFIED., .F., .F., .T. ) 
 B_SPLINE_SURFACE_WITH_KNOTS ( ( 4, 2, 2, 2, 2, 4 ),
 ( 3, 3 ),
 ( 0.0009948773092605289921, 0.001226479665482276644, 0.001342280843593150579, 0.001458082021704024296, 0.001689684377925772165, 0.001921286734147519817 ),
 ( 0.000000000000000000, 1.000000000000000000 ),
 .UNSPECIFIED. ) 
 GEOMETRIC_REPRESENTATION_ITEM ( )  RATIONAL_B_SPLINE_SURFACE ( (
 ( 1.000000000000000000, 0.9457646058446170789, 1.000000000000000000),
 ( 1.000000000000000000, 0.9460593823051364204, 1.000000000000000000),
 ( 1.000000000000000000, 0.9494517295857668460, 1.000000000000000000),
 ( 1.000000000000000000, 0.9574120732100398490, 1.000000000000000000),
 ( 1.000000000000000000, 0.9604987936260803716, 1.000000000000000000),
 ( 1.000000000000000000, 0.9671625181908943825, 1.000000000000000000),
 ( 1.000000000000000000, 0.9707433493799856317, 1.000000000000000000),
 ( 1.000000000000000000, 0.9811815280553538576, 1.000000000000000000),
 ( 1.000000000000000000, 0.9879225861086105009, 1.000000000000000000),
 ( 1.000000000000000000, 0.9972880138538815498, 1.000000000000000000),
 ( 1.000000000000000000, 1.000048716632133461, 1.000000000000000000),
 ( 1.000000000000000000, 1.000000000000000000, 1.000000000000000000) ) ) 
 REPRESENTATION_ITEM ( '' )  SURFACE ( )  );
#6847 = DIRECTION ( 'NONE',  ( 0.000000000000000000, -1.000000000000000000, -0.000000000000000000 ) ) ;
#6848 = AXIS2_PLACEMENT_3D ( 'NONE', #9422, #6513, #3200 ) ;
#6849 = DIRECTION ( 'NONE',  ( 0.000000000000000000, 0.4266572361714857098, 0.9044134026110566271 ) ) ;
#6850 = EDGE_CURVE ( 'NONE', #7627, #7290, #7766, .T. ) ;
#6851 = ORIENTED_EDGE ( 'NONE', *, *, #370, .T. ) ;
#6852 = CARTESIAN_POINT ( 'NONE',  ( -63.86267736490293601, 31.00371733337443203, 3.637322635097127055 ) ) ;
#6853 = CARTESIAN_POINT ( 'NONE',  ( -60.49999999999997868, 16.36000344709535170, 4.915643496599919615 ) ) ;
#6854 = EDGE_CURVE ( 'NONE', #7070, #350, #8736, .T. ) ;
#6855 = ORIENTED_EDGE ( 'NONE', *, *, #462, .F. ) ;
#6856 = DIRECTION ( 'NONE',  ( 0.000000000000000000, 1.000000000000000000, 0.000000000000000000 ) ) ;
#6857 = CARTESIAN_POINT ( 'NONE',  ( 68.88271216491919802, 37.50667995144507927, 1.020462030020778066 ) ) ;
#6858 = CIRCLE ( 'NONE', #2279, 0.9999999999999996669 ) ;
#6859 = CARTESIAN_POINT ( 'NONE',  ( 43.96301086670885638, 35.05481041585149882, 0.9093783547737201989 ) ) ;
#6860 = CARTESIAN_POINT ( 'NONE',  ( -68.23036820383147472, 40.87222879664102493, 1.977797490450240891 ) ) ;
#6861 = EDGE_CURVE ( 'NONE', #7383, #9157, #7360, .T. ) ;
#6862 = AXIS2_PLACEMENT_3D ( 'NONE', #7074, #808, #2270 ) ;
#6863 = CARTESIAN_POINT ( 'NONE',  ( 67.66000332801480965, 39.94075059463380484, 2.001589082495787153 ) ) ;
#6864 = ORIENTED_EDGE ( 'NONE', *, *, #7963, .F. ) ;
#6865 = CARTESIAN_POINT ( 'NONE',  ( 68.81629662812932224, 39.72442780754446545, 1.001551361070271318 ) ) ;
#6866 = CARTESIAN_POINT ( 'NONE',  ( -60.49999999999998579, 16.05961638357146626, 5.869460885866595312 ) ) ;
#6868 = ORIENTED_EDGE ( 'NONE', *, *, #6427, .F. ) ;
#6867 = ADVANCED_FACE ( 'NONE', ( #7928 ), #5483, .T. ) ;
#6869 = DIRECTION ( 'NONE',  ( -1.000000000000000000, 0.000000000000000000, 0.000000000000000000 ) ) ;
#6870 = CARTESIAN_POINT ( 'NONE',  ( 37.45427281653209661, 37.15284904034204772, 2.224298211924896851 ) ) ;
#6871 = CARTESIAN_POINT ( 'NONE',  ( 45.28558440016047371, 38.56942981417373062, 9.014539220847339607 ) ) ;
#6872 = ORIENTED_EDGE ( 'NONE', *, *, #3837, .F. ) ;
#6873 = DIRECTION ( 'NONE',  ( 0.000000000000000000, -0.4109068915486434048, 0.9116773148860464193 ) ) ;
#6874 = AXIS2_PLACEMENT_3D ( 'NONE', #1095, #5727, #7879 ) ;
#6875 = AXIS2_PLACEMENT_3D ( 'NONE', #1904, #1713, #4205 ) ;
#6876 = EDGE_CURVE ( 'NONE', #4642, #7414, #8166, .T. ) ;
#6877 = ORIENTED_EDGE ( 'NONE', *, *, #5117, .T. ) ;
#6878 = CARTESIAN_POINT ( 'NONE',  ( -45.22532245313463051, 46.00000000000001421, 10.00000000000014033 ) ) ;
#6879 = DIRECTION ( 'NONE',  ( 0.000000000000000000, -1.000000000000000000, 1.138744882030889416E-16 ) ) ;
#6880 = FACE_OUTER_BOUND ( 'NONE', #4071, .T. ) ;
#6881 = CARTESIAN_POINT ( 'NONE',  ( -62.25035966971788071, 26.13219548803672510, 5.249640330282185019 ) ) ;
#6882 = CARTESIAN_POINT ( 'NONE',  ( -41.80327844533252346, 43.59529620495364099, 5.585786437627008105 ) ) ;
#6883 = ORIENTED_EDGE ( 'NONE', *, *, #7473, .T. ) ;
#6884 = DIRECTION ( 'NONE',  ( 0.000000000000000000, -0.9044134026110568492, 0.4266572361714850437 ) ) ;
#6885 = LINE ( 'NONE', #3000, #5133 ) ;
#6886 = EDGE_LOOP ( 'NONE', ( #2639, #6759, #9203, #2199, #3725, #4125 ) ) ;
#6887 = LINE ( 'NONE', #1475, #1911 ) ;
#6888 = ORIENTED_EDGE ( 'NONE', *, *, #7735, .T. ) ;
#6889 = ORIENTED_EDGE ( 'NONE', *, *, #4980, .F. ) ;
#6890 = CARTESIAN_POINT ( 'NONE',  ( 61.20710678118653192, 21.07884740024818271, 6.292893218813590650 ) ) ;
#6891 = CYLINDRICAL_SURFACE ( 'NONE', #10046, 1.600000000000004086 ) ;
#6892 = FACE_OUTER_BOUND ( 'NONE', #7597, .T. ) ;
#6893 = ORIENTED_EDGE ( 'NONE', *, *, #5998, .F. ) ;
#6894 = CARTESIAN_POINT ( 'NONE',  ( -66.59999999999996589, 38.50000000000000711, 2.000000000000000000 ) ) ;
#6895 = EDGE_CURVE ( 'NONE', #9639, #4970, #4504, .T. ) ;
#6896 = EDGE_CURVE ( 'NONE', #7290, #6944, #9497, .T. ) ;
#6897 = VECTOR ( 'NONE', #2632, 1000.000000000000000 ) ;
#6898 = CARTESIAN_POINT ( 'NONE',  ( 68.52776181374778730, 36.61329844107534370, 1.976779065907787070 ) ) ;
#6899 = CARTESIAN_POINT ( 'NONE',  ( 40.93584081938208641, 39.82840477006226365, 9.504747480814362603 ) ) ;
#6900 = CARTESIAN_POINT ( 'NONE',  ( -67.27084373422003694, 34.35740484746307288, 1.353853999169004174 ) ) ;
#6901 = ORIENTED_EDGE ( 'NONE', *, *, #1442, .F. ) ;
#6902 = CARTESIAN_POINT ( 'NONE',  ( 68.72148125650392103, 37.03351534017910751, 1.036396857401803873 ) ) ;
#6903 = DIRECTION ( 'NONE',  ( 1.000000000000000000, 0.000000000000000000, 0.000000000000000000 ) ) ;
#6904 = ORIENTED_EDGE ( 'NONE', *, *, #4748, .T. ) ;
#6905 = AXIS2_PLACEMENT_3D ( 'NONE', #8524, #3010, #10093 ) ;
#6906 = CARTESIAN_POINT ( 'NONE',  ( -64.82492025385853651, 42.49616654839250174, 1.192483504346337986 ) ) ;
#6907 = CARTESIAN_POINT ( 'NONE',  ( -39.47226836173974363, 40.28159546979916428, 10.59353666719058040 ) ) ;
#6908 = ORIENTED_EDGE ( 'NONE', *, *, #9261, .F. ) ;
#6909 =( BOUNDED_CURVE ( )  B_SPLINE_CURVE ( 3, ( #1848, #4051, #160, #7824 ),
 .UNSPECIFIED., .F., .T. ) 
 B_SPLINE_CURVE_WITH_KNOTS ( ( 4, 4 ),
 ( 0.000000000000000000, 0.06029848032749388770 ),
 .UNSPECIFIED. ) 
 CURVE ( )  GEOMETRIC_REPRESENTATION_ITEM ( )  RATIONAL_B_SPLINE_CURVE ( ( 1.000000000000000000, 0.9996970307228931762, 0.9996970307228931762, 1.000000000000000000 ) ) 
 REPRESENTATION_ITEM ( '' )  );
#6910 = CARTESIAN_POINT ( 'NONE',  ( 33.77171203778522823, 41.00000000000001421, 12.00000000000000000 ) ) ;
#6911 = EDGE_CURVE ( 'NONE', #3984, #5110, #5326, .T. ) ;
#6912 = CARTESIAN_POINT ( 'NONE',  ( 55.83260106928750588, 42.10219574137229159, 5.104353425207332151 ) ) ;
#6913 = VERTEX_POINT ( 'NONE', #7212 ) ;
#6914 = CIRCLE ( 'NONE', #4809, 9.510407640085711378 ) ;
#6915 = CARTESIAN_POINT ( 'NONE',  ( -35.74317720479336202, 40.98625749894112147, 11.75629783078390034 ) ) ;
#6916 = ORIENTED_EDGE ( 'NONE', *, *, #6005, .T. ) ;
#6917 = CARTESIAN_POINT ( 'NONE',  ( 68.10837140879525009, 41.02969269884717818, 1.975381386082373458 ) ) ;
#6918 = DIRECTION ( 'NONE',  ( -1.000000000000000000, 0.000000000000000000, 0.000000000000000000 ) ) ;
#6919 = EDGE_LOOP ( 'NONE', ( #1672, #1708, #6301, #7939 ) ) ;
#6920 = DIRECTION ( 'NONE',  ( -3.499023925556554573E-16, -1.000000000000000000, 0.000000000000000000 ) ) ;
#6921 = CARTESIAN_POINT ( 'NONE',  ( -45.22532245313464472, 42.00000000000000711, 5.585786437627006329 ) ) ;
#6922 = AXIS2_PLACEMENT_3D ( 'NONE', #3163, #10049, #6279 ) ;
#6923 = CARTESIAN_POINT ( 'NONE',  ( 62.49314726662305475, -23.20349147688650859, 0.000000000000000000 ) ) ;
#6924 = ORIENTED_EDGE ( 'NONE', *, *, #3279, .T. ) ;
#6925 = EDGE_CURVE ( 'NONE', #3782, #5378, #2228, .T. ) ;
#6926 = CARTESIAN_POINT ( 'NONE',  ( 61.49999999999995737, -13.78853150712619779, 5.500000000000000000 ) ) ;
#6927 = ORIENTED_EDGE ( 'NONE', *, *, #359, .F. ) ;
#6928 = EDGE_CURVE ( 'NONE', #6450, #2567, #5985, .T. ) ;
#6929 = AXIS2_PLACEMENT_3D ( 'NONE', #3195, #4022, #3912 ) ;
#6930 = UNCERTAINTY_MEASURE_WITH_UNIT (LENGTH_MEASURE( 1.000000000000000082E-05 ), #5761, 'distance_accuracy_value', 'NONE');
#6931 = DIRECTION ( 'NONE',  ( 0.000000000000000000, 0.3003870635238873876, -0.9538173892666751419 ) ) ;
#6932 = DIRECTION ( 'NONE',  ( -0.9539392014169452150, 0.000000000000000000, 0.3000000000000018208 ) ) ;
#6933 = B_SPLINE_CURVE_WITH_KNOTS ( 'NONE', 3,
 ( #5969, #9068, #5058, #8172 ),
 .UNSPECIFIED., .F., .F.,
 ( 4, 4 ),
 ( 0.000000000000000000, 0.0008017736930732213005 ),
 .UNSPECIFIED. ) ;
#6934 = CARTESIAN_POINT ( 'NONE',  ( -11.25723734592838099, 41.00000000000000711, 11.00000000000000355 ) ) ;
#6935 = CARTESIAN_POINT ( 'NONE',  ( 53.50000000000001421, 34.00000000000000711, 10.00000000000014033 ) ) ;
#6936 = VECTOR ( 'NONE', #2926, 1000.000000000000000 ) ;
#6937 = EDGE_CURVE ( 'NONE', #9056, #953, #3946, .T. ) ;
#6938 = EDGE_LOOP ( 'NONE', ( #9901, #7256, #8864, #6200 ) ) ;
#6939 = CARTESIAN_POINT ( 'NONE',  ( 40.02822539644803612, 35.54946253165432779, 1.623459634549753172 ) ) ;
#6940 = CARTESIAN_POINT ( 'NONE',  ( 66.76355403051685755, 36.19204975773729416, 2.256557131875290167 ) ) ;
#6941 = AXIS2_PLACEMENT_3D ( 'NONE', #663, #3913, #10025 ) ;
#6942 = ORIENTED_EDGE ( 'NONE', *, *, #1248, .F. ) ;
#6943 = LINE ( 'NONE', #9171, #6959 ) ;
#6944 = VERTEX_POINT ( 'NONE', #3228 ) ;
#6945 = ORIENTED_EDGE ( 'NONE', *, *, #1347, .F. ) ;
#6946 = CARTESIAN_POINT ( 'NONE',  ( 37.20687787595501561, 37.69571333787132517, 2.649686519061019929 ) ) ;
#6947 = DIRECTION ( 'NONE',  ( 3.164564134330101229E-16, 0.9044134026110569602, -0.4266572361714848771 ) ) ;
#6948 = ORIENTED_EDGE ( 'NONE', *, *, #4860, .T. ) ;
#6949 = CYLINDRICAL_SURFACE ( 'NONE', #672, 1.000000000000000888 ) ;
#6950 = ORIENTED_EDGE ( 'NONE', *, *, #9149, .T. ) ;
#6951 = FACE_OUTER_BOUND ( 'NONE', #6473, .T. ) ;
#6952 = VECTOR ( 'NONE', #7489, 1000.000000000000000 ) ;
#6953 = CIRCLE ( 'NONE', #5000, 1.000000000000000222 ) ;
#6954 = DIRECTION ( 'NONE',  ( 0.7071067811865515695, 0.000000000000000000, -0.7071067811865433539 ) ) ;
#6955 = CARTESIAN_POINT ( 'NONE',  ( -53.74596825138367251, 42.01077634239956637, 5.568068019574944572 ) ) ;
#6956 = CARTESIAN_POINT ( 'NONE',  ( 45.76767997638425811, 36.00000000000001421, 17.00000000000000000 ) ) ;
#6957 = ORIENTED_EDGE ( 'NONE', *, *, #3571, .F. ) ;
#6958 = CARTESIAN_POINT ( 'NONE',  ( 68.62856498840861263, -36.81611581915706211, 1.000000000000000000 ) ) ;
#6959 = VECTOR ( 'NONE', #10038, 1000.000000000000000 ) ;
#6960 = CARTESIAN_POINT ( 'NONE',  ( -67.20388871446600376, 35.97124559651586395, 2.139819001507209162 ) ) ;
#6961 = VERTEX_POINT ( 'NONE', #2451 ) ;
#6962 = DIRECTION ( 'NONE',  ( -0.000000000000000000, -0.9538173892666743647, -0.3003870635238901077 ) ) ;
#6963 = CYLINDRICAL_SURFACE ( 'NONE', #1906, 11.24453208529338433 ) ;
#6964 = CARTESIAN_POINT ( 'NONE',  ( 41.18996299839251662, 35.76234027896780532, 2.604938730916362299 ) ) ;
#6965 = CARTESIAN_POINT ( 'NONE',  ( -57.76141315616155936, -40.37186587909344837, 3.043608189481141757 ) ) ;
#6966 = VERTEX_POINT ( 'NONE', #6644 ) ;
#6967 = FACE_OUTER_BOUND ( 'NONE', #5413, .T. ) ;
#6968 = DIRECTION ( 'NONE',  ( -1.000000000000000000, 0.000000000000000000, 0.000000000000000000 ) ) ;
#6969 = ORIENTED_EDGE ( 'NONE', *, *, #8043, .T. ) ;
#6970 = CARTESIAN_POINT ( 'NONE',  ( -64.98060907474325631, 42.50298757522096338, 2.080864968095240908 ) ) ;
#6971 = CARTESIAN_POINT ( 'NONE',  ( 67.21568207852098453, 34.25840171612468055, 2.159526366865438973 ) ) ;
#6972 = EDGE_CURVE ( 'NONE', #6353, #7832, #5496, .T. ) ;
#6973 = ORIENTED_EDGE ( 'NONE', *, *, #8243, .T. ) ;
#6974 = CARTESIAN_POINT ( 'NONE',  ( 45.76767997638425811, 39.29289321881359598, 8.707106781186544353 ) ) ;
#6975 =( BOUNDED_SURFACE ( )  B_SPLINE_SURFACE ( 3, 2, ( 
 ( #6518, #7499, #9060 ),
 ( #1882, #2683, #3567 ),
 ( #2785, #8114, #5910 ),
 ( #2832, #1323, #3616 ) ),
 .UNSPECIFIED., .F., .F., .T. ) 
 B_SPLINE_SURFACE_WITH_KNOTS ( ( 4, 4 ),
 ( 3, 3 ),
 ( 4.712388980384689674, 5.374175941453103178 ),
 ( 0.000000000000000000, 1.000000000000000000 ),
 .UNSPECIFIED. ) 
 GEOMETRIC_REPRESENTATION_ITEM ( )  RATIONAL_B_SPLINE_SURFACE ( (
 ( 1.000000000000000000, 0.7071067811865475727, 1.000000000000000000),
 ( 1.000000000000000000, 0.6837307916528012619, 1.000000000000000000),
 ( 1.000000000000000000, 0.6590616847793950850, 1.000000000000000000),
 ( 1.000000000000000000, 0.6386085392077559542, 1.000000000000000000) ) ) 
 REPRESENTATION_ITEM ( '' )  SURFACE ( )  );
#6976 = AXIS2_PLACEMENT_3D ( 'NONE', #3531, #3584, #1090 ) ;
#6977 = CARTESIAN_POINT ( 'NONE',  ( 66.25269160045215244, 34.00000048892498938, 2.463406537128122853 ) ) ;
#6978 = CARTESIAN_POINT ( 'NONE',  ( -66.74899981088474021, -32.64593281799066915, 1.472694619429193219 ) ) ;
#6979 = CARTESIAN_POINT ( 'NONE',  ( 43.89924022270388093, 39.19863954027156439, 8.903425530953313682 ) ) ;
#6980 = ORIENTED_EDGE ( 'NONE', *, *, #5023, .F. ) ;
#6981 = CARTESIAN_POINT ( 'NONE',  ( 55.98718597438615774, 42.10896840352764059, 5.529508859382509911 ) ) ;
#6982 = ORIENTED_EDGE ( 'NONE', *, *, #495, .T. ) ;
#6983 = LINE ( 'NONE', #8609, #8737 ) ;
#6984 = FACE_OUTER_BOUND ( 'NONE', #2976, .T. ) ;
#6985 = ADVANCED_FACE ( 'NONE', ( #9641 ), #9747, .F. ) ;
#6986 = ORIENTED_EDGE ( 'NONE', *, *, #5188, .T. ) ;
#6987 = FACE_OUTER_BOUND ( 'NONE', #8516, .T. ) ;
#6988 = LINE ( 'NONE', #3093, #7950 ) ;
#6989 = CARTESIAN_POINT ( 'NONE',  ( -64.96295091130846799, 31.39625736791350974, 2.879749546380899972 ) ) ;
#6990 = ORIENTED_EDGE ( 'NONE', *, *, #5719, .F. ) ;
#6991 = CARTESIAN_POINT ( 'NONE',  ( 35.95152108268908364, 40.97134483427888796, 11.70034000257425610 ) ) ;
#6992 = EDGE_CURVE ( 'NONE', #6600, #7620, #4355, .T. ) ;
#6993 = CARTESIAN_POINT ( 'NONE',  ( 64.42188414273557839, 35.64296282130210614, 3.266660773386514283 ) ) ;
#6994 = EDGE_CURVE ( 'NONE', #7862, #5571, #7460, .T. ) ;
#6995 = ORIENTED_EDGE ( 'NONE', *, *, #5737, .F. ) ;
#6996 = CARTESIAN_POINT ( 'NONE',  ( -58.79289321881356045, 34.00000000000000000, 8.707106781186544353 ) ) ;
#6997 = ORIENTED_EDGE ( 'NONE', *, *, #6121, .T. ) ;
#6998 = CARTESIAN_POINT ( 'NONE',  ( 0.000000000000000000, 35.00000000000000711, 8.000000000000000000 ) ) ;
#6999 = ADVANCED_FACE ( 'NONE', ( #2560 ), #7261, .T. ) ;
#7000 = DIRECTION ( 'NONE',  ( -0.3661598017443423170, 0.9291995180114532848, -0.05015232112103141376 ) ) ;
#7001 = LINE ( 'NONE', #4754, #6308 ) ;
#7002 = CARTESIAN_POINT ( 'NONE',  ( 54.50000000000001421, -1.912372712252384144, -2.053782205286569518 ) ) ;
#7003 = DIRECTION ( 'NONE',  ( -0.000000000000000000, 0.000000000000000000, 1.000000000000000000 ) ) ;
#7004 = CARTESIAN_POINT ( 'NONE',  ( -41.05644902741318703, 39.41621672836519252, 9.811317249939110141 ) ) ;
#7005 = LINE ( 'NONE', #9436, #1109 ) ;
#7006 = VERTEX_POINT ( 'NONE', #2655 ) ;
#7007 = CARTESIAN_POINT ( 'NONE',  ( 58.40906471276031908, 24.82685288287921921, 8.630539114133402023 ) ) ;
#7008 = CARTESIAN_POINT ( 'NONE',  ( -67.26639871790263214, 34.34942701342816918, 1.355282422303601741 ) ) ;
#7009 = ORIENTED_EDGE ( 'NONE', *, *, #8803, .T. ) ;
#7010 = CARTESIAN_POINT ( 'NONE',  ( -58.98569821901115517, 42.24033899487481136, 3.483136126833795032 ) ) ;
#7011 = CARTESIAN_POINT ( 'NONE',  ( -39.03810708397007545, 40.73684662172490079, 10.14999999068097480 ) ) ;
#7012 = CARTESIAN_POINT ( 'NONE',  ( 40.60300162301638949, 35.43661306897313068, 1.502469365164581294 ) ) ;
#7013 = CARTESIAN_POINT ( 'NONE',  ( -63.77424175958427810, -42.30756047043945500, 1.026999469493784289 ) ) ;
#7014 = CARTESIAN_POINT ( 'NONE',  ( -40.34120354741617831, 44.62022513274215640, 5.364622300189327397 ) ) ;
#7015 = CARTESIAN_POINT ( 'NONE',  ( -35.53207675028569668, 41.00000000000000711, 11.80391671399579856 ) ) ;
#7016 = ORIENTED_EDGE ( 'NONE', *, *, #3650, .T. ) ;
#7017 = CARTESIAN_POINT ( 'NONE',  ( 67.87913194759852331, 39.42470009129674224, 2.001388059911828776 ) ) ;
#7018 = CARTESIAN_POINT ( 'NONE',  ( 67.80182584918298971, 35.31040184144187322, 1.168249272524768623 ) ) ;
#7019 = ORIENTED_EDGE ( 'NONE', *, *, #644, .F. ) ;
#7020 = AXIS2_PLACEMENT_3D ( 'NONE', #4648, #1527, #3108 ) ;
#7021 = CYLINDRICAL_SURFACE ( 'NONE', #4850, 8.000000000000000000 ) ;
#7022 = DIRECTION ( 'NONE',  ( 0.6145275576728843614, 0.7888953548225517975, 0.000000000000000000 ) ) ;
#7023 = CARTESIAN_POINT ( 'NONE',  ( -61.49999999999997158, 13.65651987538036494, 4.499999999999998224 ) ) ;
#7024 = ORIENTED_EDGE ( 'NONE', *, *, #4586, .T. ) ;
#7025 = CARTESIAN_POINT ( 'NONE',  ( 57.01380687210955500, 42.15394664053889784, 4.627857785550160585 ) ) ;
#7026 = ADVANCED_FACE ( 'NONE', ( #5881 ), #5775, .T. ) ;
#7027 = ADVANCED_FACE ( 'NONE', ( #4307 ), #394, .T. ) ;
#7028 = CIRCLE ( 'NONE', #6862, 1.000000000000000888 ) ;
#7029 =( BOUNDED_SURFACE ( )  B_SPLINE_SURFACE ( 3, 2, ( 
 ( #6761, #4507, #6091 ),
 ( #694, #6907, #8 ),
 ( #5582, #4717, #7011 ),
 ( #7777, #5528, #6391 ),
 ( #3998, #3278, #9396 ),
 ( #7059, #7161, #161 ) ),
 .UNSPECIFIED., .F., .F., .T. ) 
 B_SPLINE_SURFACE_WITH_KNOTS ( ( 4, 2, 4 ),
 ( 3, 3 ),
 ( -1.539567084929416296E-17, 0.001084981985913324124, 0.002169963971826663861 ),
 ( 0.000000000000000000, 1.000000000000000000 ),
 .UNSPECIFIED. ) 
 GEOMETRIC_REPRESENTATION_ITEM ( )  RATIONAL_B_SPLINE_SURFACE ( (
 ( 1.000000000000000000, 0.8816730269542636389, 1.000000000000000000),
 ( 1.000000000000000000, 0.8671636039611408941, 1.000000000000000000),
 ( 1.000000000000000000, 0.8506910670673319963, 1.000000000000000000),
 ( 1.000000000000000000, 0.8131147967567251555, 1.000000000000000000),
 ( 1.000000000000000000, 0.7921882832358316806, 1.000000000000000000),
 ( 1.000000000000000000, 0.7700578284498041937, 1.000000000000000000) ) ) 
 REPRESENTATION_ITEM ( '' )  SURFACE ( )  );
#7030 = CARTESIAN_POINT ( 'NONE',  ( -63.39999999999995595, -38.49999999999999289, 0.000000000000000000 ) ) ;
#7031 = CARTESIAN_POINT ( 'NONE',  ( 66.65666398962193284, 33.25508626860555239, 1.567795761235569962 ) ) ;
#7032 = CARTESIAN_POINT ( 'NONE',  ( -55.49999999999997868, 16.05961638357146626, 5.869460885866595312 ) ) ;
#7033 = LINE ( 'NONE', #3967, #4199 ) ;
#7034 = CARTESIAN_POINT ( 'NONE',  ( -63.75324832688799859, 31.52163232841954255, 3.746751673112046710 ) ) ;
#7035 = VECTOR ( 'NONE', #4708, 1000.000000000000000 ) ;
#7036 = AXIS2_PLACEMENT_3D ( 'NONE', #3928, #7044, #3157 ) ;
#7037 = ORIENTED_EDGE ( 'NONE', *, *, #6109, .F. ) ;
#7038 = EDGE_CURVE ( 'NONE', #1589, #4365, #3428, .T. ) ;
#7039 = CARTESIAN_POINT ( 'NONE',  ( 35.74767794058676884, 39.99999999804147421, 11.75528258048456465 ) ) ;
#7040 = CARTESIAN_POINT ( 'NONE',  ( 60.49999999999997868, 16.36000344709535170, 4.915643496599920503 ) ) ;
#7041 = EDGE_LOOP ( 'NONE', ( #6607, #4376, #1355, #4647 ) ) ;
#7042 = CARTESIAN_POINT ( 'NONE',  ( -63.17863269696911743, 33.80718045701251384, 4.323459337701207161 ) ) ;
#7043 = EDGE_LOOP ( 'NONE', ( #7770, #5672, #9792, #4876 ) ) ;
#7044 = DIRECTION ( 'NONE',  ( -1.000000000000000000, 0.000000000000000000, -0.000000000000000000 ) ) ;
#7045 = CARTESIAN_POINT ( 'NONE',  ( -37.47977220879173643, 41.04556954239738076, 10.40232534574088596 ) ) ;
#7046 = LINE ( 'NONE', #6329, #1420 ) ;
#7047 = CARTESIAN_POINT ( 'NONE',  ( -41.55350506358424667, 42.52226748375785803, 5.585786437627013434 ) ) ;
#7048 = LINE ( 'NONE', #4996, #6897 ) ;
#7049 = EDGE_CURVE ( 'NONE', #9750, #2962, #8183, .T. ) ;
#7050 = CYLINDRICAL_SURFACE ( 'NONE', #6258, 1.000000000000000888 ) ;
#7051 = CARTESIAN_POINT ( 'NONE',  ( 64.82492025385856493, 42.49616654839248753, 1.192483504346341094 ) ) ;
#7052 = EDGE_CURVE ( 'NONE', #4282, #5475, #911, .T. ) ;
#7053 = DIRECTION ( 'NONE',  ( 0.5696795286188532925, 0.000000000000000000, -0.8218669202934264506 ) ) ;
#7054 = VERTEX_POINT ( 'NONE', #5834 ) ;
#7055 = CARTESIAN_POINT ( 'NONE',  ( 67.23970541083122043, 40.35319176805546704, 2.008611410896258498 ) ) ;
#7056 = CARTESIAN_POINT ( 'NONE',  ( -67.87921151702053635, 35.44929222352454445, 1.156285721904121822 ) ) ;
#7057 = VERTEX_POINT ( 'NONE', #4204 ) ;
#7058 = CARTESIAN_POINT ( 'NONE',  ( 37.11060190118566737, 36.68189934670679975, 2.008307094303062090 ) ) ;
#7059 = CARTESIAN_POINT ( 'NONE',  ( -37.55181215987404642, 40.05756524985254430, 11.19749220199242146 ) ) ;
#7060 = CARTESIAN_POINT ( 'NONE',  ( 41.90102144799808315, 35.21358591823623385, 1.218594130693557931 ) ) ;
#7061 = EDGE_CURVE ( 'NONE', #5948, #6064, #7315, .T. ) ;
#7062 = CARTESIAN_POINT ( 'NONE',  ( -68.73859330826887515, 37.07694039715273959, 1.965890975504776206 ) ) ;
#7063 = ORIENTED_EDGE ( 'NONE', *, *, #1417, .F. ) ;
#7064 = CARTESIAN_POINT ( 'NONE',  ( 56.75775210684370364, -39.57824246152978276, 4.833764123847935856 ) ) ;
#7065 = AXIS2_PLACEMENT_3D ( 'NONE', #9382, #2395, #5520 ) ;
#7066 = CARTESIAN_POINT ( 'NONE',  ( -35.96089473569687556, 40.00087439601396966, 11.69781258566490578 ) ) ;
#7067 = ORIENTED_EDGE ( 'NONE', *, *, #6489, .T. ) ;
#7068 = CARTESIAN_POINT ( 'NONE',  ( -55.40707795178275319, -39.61394074569824397, 5.183905361128767098 ) ) ;
#7069 = CARTESIAN_POINT ( 'NONE',  ( -67.89999999999996305, 38.49999999999999289, 2.011090376433329663 ) ) ;
#7070 = VERTEX_POINT ( 'NONE', #208 ) ;
#7071 = CARTESIAN_POINT ( 'NONE',  ( -68.64670925954416703, -36.85637243380543282, 1.000000000000000000 ) ) ;
#7072 = CARTESIAN_POINT ( 'NONE',  ( -38.00125033533378627, 39.00000000000000711, 11.05615043467889613 ) ) ;
#7073 = DIRECTION ( 'NONE',  ( -0.7888953548225487999, -0.6145275576728881362, 7.764919652053620323E-15 ) ) ;
#7074 = CARTESIAN_POINT ( 'NONE',  ( -55.49999999999997868, 27.22994939107031698, 8.000000000000000000 ) ) ;
#7075 = AXIS2_PLACEMENT_3D ( 'NONE', #9181, #7003, #2959 ) ;
#7076 = CARTESIAN_POINT ( 'NONE',  ( -65.34296203775666356, -30.99999999999996803, 2.836880822585388540 ) ) ;
#7077 = VERTEX_POINT ( 'NONE', #8030 ) ;
#7078 = DIRECTION ( 'NONE',  ( -0.000000000000000000, -0.000000000000000000, -1.000000000000000000 ) ) ;
#7079 = CARTESIAN_POINT ( 'NONE',  ( 66.67328385476878339, 33.28491529877240396, 1.562012695410059493 ) ) ;
#7080 = CIRCLE ( 'NONE', #8223, 2.000000000000001776 ) ;
#7081 = CARTESIAN_POINT ( 'NONE',  ( -53.71287608168714200, 41.71441588685370050, 6.283372927041602551 ) ) ;
#7082 = CARTESIAN_POINT ( 'NONE',  ( 43.26256185813785748, 39.15415994250176368, 9.121653968434035420 ) ) ;
#7083 = EDGE_CURVE ( 'NONE', #4314, #411, #9911, .T. ) ;
#7084 = DIRECTION ( 'NONE',  ( 1.000000000000000000, 0.000000000000000000, 0.000000000000000000 ) ) ;
#7085 = ORIENTED_EDGE ( 'NONE', *, *, #8173, .F. ) ;
#7086 = EDGE_LOOP ( 'NONE', ( #5840, #9817, #1272, #6584 ) ) ;
#7087 = AXIS2_PLACEMENT_3D ( 'NONE', #5687, #9550, #212 ) ;
#7088 = VERTEX_POINT ( 'NONE', #8281 ) ;
#7089 = CYLINDRICAL_SURFACE ( 'NONE', #223, 1.000000000000000888 ) ;
#7090 =( BOUNDED_SURFACE ( )  B_SPLINE_SURFACE ( 3, 2, ( 
 ( #791, #5, #10053 ),
 ( #4714, #2404, #2349 ),
 ( #2448, #4184, #8683 ),
 ( #9290, #8580, #3832 ) ),
 .UNSPECIFIED., .F., .F., .F. ) 
 B_SPLINE_SURFACE_WITH_KNOTS ( ( 4, 4 ),
 ( 3, 3 ),
 ( 1.788270772447559054, 2.232583287863292743 ),
 ( 0.000000000000000000, 1.000000000000000000 ),
 .UNSPECIFIED. ) 
 GEOMETRIC_REPRESENTATION_ITEM ( )  RATIONAL_B_SPLINE_SURFACE ( (
 ( 1.000000000000000000, 0.6838386965131059148, 1.000000000000000000),
 ( 1.000000000000000000, 0.6679807933282376764, 1.000000000000000000),
 ( 1.000000000000000000, 0.6523320478167956571, 1.000000000000000000),
 ( 1.000000000000000000, 0.6386085392077573974, 1.000000000000000000) ) ) 
 REPRESENTATION_ITEM ( '' )  SURFACE ( )  );
#7091 = DIRECTION ( 'NONE',  ( 0.000000000000000000, 0.000000000000000000, -1.000000000000000000 ) ) ;
#7092 = VERTEX_POINT ( 'NONE', #9986 ) ;
#7093 = CARTESIAN_POINT ( 'NONE',  ( -58.94182466492092942, 41.79964087614673218, 4.489592359914372999 ) ) ;
#7094 = ORIENTED_EDGE ( 'NONE', *, *, #6421, .F. ) ;
#7095 = EDGE_CURVE ( 'NONE', #3772, #9618, #4856, .T. ) ;
#7096 = CIRCLE ( 'NONE', #912, 1.000000000000000888 ) ;
#7097 = DIRECTION ( 'NONE',  ( -0.7888953548225486889, -0.6145275576728881362, 0.000000000000000000 ) ) ;
#7098 = CARTESIAN_POINT ( 'NONE',  ( 61.49999999999996447, -13.78853150712619957, 4.500000000000000888 ) ) ;
#7099 = EDGE_LOOP ( 'NONE', ( #640, #9794, #5534, #4601 ) ) ;
#7100 = CARTESIAN_POINT ( 'NONE',  ( -58.08578643762701432, 27.22994939107031698, 9.000000000000001776 ) ) ;
#7101 = CARTESIAN_POINT ( 'NONE',  ( -37.25181215987404926, 44.70710678118656034, 6.292893218813548017 ) ) ;
#7102 = CARTESIAN_POINT ( 'NONE',  ( -68.49423036433971390, 36.55311680860764767, 1.061205990658735221 ) ) ;
#7103 = CIRCLE ( 'NONE', #1236, 8.000000000000000000 ) ;
#7104 = CARTESIAN_POINT ( 'NONE',  ( -64.84295591202172204, 30.92685832301264881, 2.872893621090320870 ) ) ;
#7105 = ORIENTED_EDGE ( 'NONE', *, *, #7550, .T. ) ;
#7106 = CARTESIAN_POINT ( 'NONE',  ( 62.09999999999996589, 38.68273260810583736, 4.220542300177644535 ) ) ;
#7107 = CARTESIAN_POINT ( 'NONE',  ( -67.66231006422457028, -37.35017169893573197, 2.000000000000000000 ) ) ;
#7108 = EDGE_CURVE ( 'NONE', #8630, #4111, #5048, .T. ) ;
#7109 = ORIENTED_EDGE ( 'NONE', *, *, #9658, .F. ) ;
#7110 = CARTESIAN_POINT ( 'NONE',  ( 37.50604777965043723, 37.76991824652129992, 2.758910836492911134 ) ) ;
#7111 = DIRECTION ( 'NONE',  ( 0.000000000000000000, -0.3003870635238869991, 0.9538173892666753639 ) ) ;
#7112 = CIRCLE ( 'NONE', #1894, 1.000000000000000888 ) ;
#7113 = AXIS2_PLACEMENT_3D ( 'NONE', #2677, #1213, #1930 ) ;
#7114 = CARTESIAN_POINT ( 'NONE',  ( -37.59533563988992455, 38.00000000000001421, 3.599159522938020217 ) ) ;
#7115 = CARTESIAN_POINT ( 'NONE',  ( 58.08578643762704985, -30.99999999999998579, 9.000000000000001776 ) ) ;
#7116 = VERTEX_POINT ( 'NONE', #5982 ) ;
#7117 = DIRECTION ( 'NONE',  ( 1.000000000000000000, 0.000000000000000000, -0.000000000000000000 ) ) ;
#7119 = ADVANCED_FACE ( 'NONE', ( #2852 ), #6891, .F. ) ;
#7118 = CARTESIAN_POINT ( 'NONE',  ( -43.96827009624697524, 35.05425336281059145, 0.9072819046227441619 ) ) ;
#7120 = ORIENTED_EDGE ( 'NONE', *, *, #2614, .F. ) ;
#7121 = CARTESIAN_POINT ( 'NONE',  ( -58.49345050234009591, 42.21877267519573707, 3.782485578727834419 ) ) ;
#7122 = CARTESIAN_POINT ( 'NONE',  ( 65.17410682289664692, 30.59421976580517466, 2.052026065711988867 ) ) ;
#7123 = EDGE_CURVE ( 'NONE', #6176, #9077, #2456, .T. ) ;
#7124 = ORIENTED_EDGE ( 'NONE', *, *, #4117, .T. ) ;
#7125 = DIRECTION ( 'NONE',  ( 0.000000000000000000, 0.000000000000000000, -1.000000000000000000 ) ) ;
#7126 = CARTESIAN_POINT ( 'NONE',  ( -38.78086727521984756, 38.57779070964507895, 10.81097224971866844 ) ) ;
#7127 = CARTESIAN_POINT ( 'NONE',  ( -60.49999999999997868, -1.912372712252383922, -2.053782205286568630 ) ) ;
#7128 = CARTESIAN_POINT ( 'NONE',  ( -41.98804166684074346, 43.08010073879945168, 6.292893218813555123 ) ) ;
#7129 = CARTESIAN_POINT ( 'NONE',  ( 60.49999999999997158, 13.65651987538036494, 5.499999999999998224 ) ) ;
#7130 = AXIS2_PLACEMENT_3D ( 'NONE', #9215, #9017, #8409 ) ;
#7131 = DIRECTION ( 'NONE',  ( 0.7888953548225485779, 0.6145275576728886913, -6.229004505276223929E-14 ) ) ;
#7132 = FACE_OUTER_BOUND ( 'NONE', #3595, .T. ) ;
#7133 = EDGE_CURVE ( 'NONE', #7856, #9220, #8910, .T. ) ;
#7134 = LINE ( 'NONE', #7846, #7270 ) ;
#7135 = CARTESIAN_POINT ( 'NONE',  ( -68.03062035001727281, 38.15331487452854020, 2.009535348087046369 ) ) ;
#7136 = ORIENTED_EDGE ( 'NONE', *, *, #7495, .T. ) ;
#7137 = AXIS2_PLACEMENT_3D ( 'NONE', #9378, #1028, #245 ) ;
#7138 = ORIENTED_EDGE ( 'NONE', *, *, #532, .T. ) ;
#7139 = ORIENTED_EDGE ( 'NONE', *, *, #7166, .T. ) ;
#7140 = CYLINDRICAL_SURFACE ( 'NONE', #7569, 8.000000000000000000 ) ;
#7141 = CARTESIAN_POINT ( 'NONE',  ( 45.22532245313248467, 39.27653659536034780, 8.723463404639797858 ) ) ;
#7142 = ORIENTED_EDGE ( 'NONE', *, *, #9160, .F. ) ;
#7143 = CARTESIAN_POINT ( 'NONE',  ( 60.49999999999997868, 18.48790463880283141, 5.585786437627052514 ) ) ;
#7144 = ORIENTED_EDGE ( 'NONE', *, *, #3513, .F. ) ;
#7145 = CARTESIAN_POINT ( 'NONE',  ( 0.000000000000000000, -36.29289321881357466, 8.707106781186546129 ) ) ;
#7146 = CARTESIAN_POINT ( 'NONE',  ( -62.28857673292358754, -23.61439836843517526, 5.211423267076487953 ) ) ;
#7147 = CARTESIAN_POINT ( 'NONE',  ( 40.06990429939617115, 40.61770561885212771, 9.414213562373237920 ) ) ;
#7148 = CARTESIAN_POINT ( 'NONE',  ( -64.84984429840214659, 30.03418295716880593, 2.287965029981651188 ) ) ;
#7149 = ORIENTED_EDGE ( 'NONE', *, *, #4915, .F. ) ;
#7150 =( BOUNDED_SURFACE ( )  B_SPLINE_SURFACE ( 3, 2, ( 
 ( #374, #5491, #9692 ),
 ( #2703, #70, #8941 ),
 ( #3429, #6254, #5835 ),
 ( #4839, #4256, #8599 ) ),
 .UNSPECIFIED., .F., .F., .T. ) 
 B_SPLINE_SURFACE_WITH_KNOTS ( ( 4, 4 ),
 ( 3, 3 ),
 ( 3.121484020950316296, 3.141592653589793116 ),
 ( 0.000000000000000000, 1.000000000000000000 ),
 .UNSPECIFIED. ) 
 GEOMETRIC_REPRESENTATION_ITEM ( )  RATIONAL_B_SPLINE_SURFACE ( (
 ( 1.000000000000000000, 0.9238408478135532453, 1.000000000000000000),
 ( 1.000000000000000000, 0.9238666373182417013, 1.000000000000000000),
 ( 1.000000000000000000, 0.9238795325465760655, 1.000000000000000000),
 ( 1.000000000000000000, 0.9238795325112878487, 1.000000000000000000) ) ) 
 REPRESENTATION_ITEM ( '' )  SURFACE ( )  );
#7151 = VERTEX_POINT ( 'NONE', #8328 ) ;
#7152 = CARTESIAN_POINT ( 'NONE',  ( -43.61626178493331452, 35.09020280663312263, 8.196023811031068362 ) ) ;
#7153 = EDGE_CURVE ( 'NONE', #5771, #4228, #4550, .T. ) ;
#7154 = CARTESIAN_POINT ( 'NONE',  ( 53.41794161123637252, 41.70793197511437711, 6.292068024885741906 ) ) ;
#7155 = EDGE_CURVE ( 'NONE', #2790, #3918, #5599, .T. ) ;
#7156 = CYLINDRICAL_SURFACE ( 'NONE', #1923, 1.600000000000004086 ) ;
#7157 = ORIENTED_EDGE ( 'NONE', *, *, #370, .F. ) ;
#7158 = CARTESIAN_POINT ( 'NONE',  ( 62.18195190498025937, 39.20652804875556541, 3.932530212555638727 ) ) ;
#7159 = ORIENTED_EDGE ( 'NONE', *, *, #4435, .T. ) ;
#7160 = CARTESIAN_POINT ( 'NONE',  ( 37.24420918871712161, 37.95905858258532817, 3.179727362638557597 ) ) ;
#7161 = CARTESIAN_POINT ( 'NONE',  ( -37.50476792302637818, 40.88457172512976712, 11.21228693003519084 ) ) ;
#7162 = CARTESIAN_POINT ( 'NONE',  ( -60.91950459928006012, -41.38854221041957970, 2.438995221564137506 ) ) ;
#7163 = DIRECTION ( 'NONE',  ( -1.000000000000000000, -0.000000000000000000, 0.000000000000000000 ) ) ;
#7164 = ORIENTED_EDGE ( 'NONE', *, *, #4525, .T. ) ;
#7165 = CARTESIAN_POINT ( 'NONE',  ( 61.49999999999997158, 13.65651987538036494, 4.499999999999998224 ) ) ;
#7166 = EDGE_CURVE ( 'NONE', #4111, #740, #2996, .T. ) ;
#7167 = EDGE_CURVE ( 'NONE', #1935, #1884, #8264, .T. ) ;
#7168 = EDGE_LOOP ( 'NONE', ( #649, #4208, #8896, #877 ) ) ;
#7169 = ORIENTED_EDGE ( 'NONE', *, *, #4115, .F. ) ;
#7170 = CARTESIAN_POINT ( 'NONE',  ( -62.75533491408879883, 27.03851582607877901, 4.744665085911266900 ) ) ;
#7171 = CARTESIAN_POINT ( 'NONE',  ( -61.49999999999997868, -1.912372712252384144, -2.053782205286569518 ) ) ;
#7172 = VERTEX_POINT ( 'NONE', #5265 ) ;
#7173 = CARTESIAN_POINT ( 'NONE',  ( 44.62460651803445444, 36.00000000230804176, 9.054443557211575566 ) ) ;
#7174 = B_SPLINE_CURVE_WITH_KNOTS ( 'NONE', 3,
 ( #3475, #9637, #4198, #4396 ),
 .UNSPECIFIED., .F., .F.,
 ( 4, 4 ),
 ( 0.000000000000000000, 5.415784438091421509E-06 ),
 .UNSPECIFIED. ) ;
#7175 = CARTESIAN_POINT ( 'NONE',  ( -40.17870730859846162, 40.03511039003985417, 9.953004403258571386 ) ) ;
#7176 = CARTESIAN_POINT ( 'NONE',  ( 62.20848739028141949, -37.69670845289335404, 3.311469764811896255 ) ) ;
#7177 = CARTESIAN_POINT ( 'NONE',  ( 38.70631689148941490, 45.00000000000000711, 5.869646242809191783 ) ) ;
#7178 = EDGE_CURVE ( 'NONE', #158, #3494, #1158, .T. ) ;
#7179 = ORIENTED_EDGE ( 'NONE', *, *, #375, .T. ) ;
#7180 = EDGE_CURVE ( 'NONE', #7820, #6238, #484, .T. ) ;
#7181 = CIRCLE ( 'NONE', #7669, 1.000000000000000000 ) ;
#7182 = CARTESIAN_POINT ( 'NONE',  ( 68.03985974938892412, 38.33190959728563740, 2.007083906536584639 ) ) ;
#7183 = CARTESIAN_POINT ( 'NONE',  ( 65.28540714551591861, 42.50351861178165080, 2.040854285365708343 ) ) ;
#7184 = CARTESIAN_POINT ( 'NONE',  ( -52.27694526865859359, -38.99999999999998579, 5.585786437625472445 ) ) ;
#7185 = CARTESIAN_POINT ( 'NONE',  ( 38.09524752936128067, 37.61058253086189751, 11.02658968472088397 ) ) ;
#7186 = CARTESIAN_POINT ( 'NONE',  ( 62.09999999999995879, 38.50000000000000000, 4.299995292108789613 ) ) ;
#7187 = CARTESIAN_POINT ( 'NONE',  ( -51.73464987362537215, -38.70710678118653902, 6.292893218813554235 ) ) ;
#7188 = VECTOR ( 'NONE', #6381, 1000.000000000000000 ) ;
#7189 = ORIENTED_EDGE ( 'NONE', *, *, #8854, .T. ) ;
#7190 = ORIENTED_EDGE ( 'NONE', *, *, #4884, .F. ) ;
#7191 = CARTESIAN_POINT ( 'NONE',  ( -65.82195073588803780, -30.58909310845132623, 1.935337389948381226 ) ) ;
#7192 = CARTESIAN_POINT ( 'NONE',  ( 36.15798029180209028, 40.95681552296451144, 11.63583204566431384 ) ) ;
#7193 = ORIENTED_EDGE ( 'NONE', *, *, #1914, .F. ) ;
#7194 = CIRCLE ( 'NONE', #8491, 9.000000000000001776 ) ;
#7195 = AXIS2_PLACEMENT_3D ( 'NONE', #9737, #9066, #5866 ) ;
#7196 = DIRECTION ( 'NONE',  ( 0.9116773148860468634, -0.4109068915486427387, 0.000000000000000000 ) ) ;
#7197 = CARTESIAN_POINT ( 'NONE',  ( 51.73464987362551426, -50.24453208529337900, 0.000000000000000000 ) ) ;
#7198 = DIRECTION ( 'NONE',  ( 0.000000000000000000, 0.000000000000000000, 1.000000000000000000 ) ) ;
#7199 = CARTESIAN_POINT ( 'NONE',  ( 39.75185519916328758, 36.32013119391039879, 9.300841672529362114 ) ) ;
#7200 = CARTESIAN_POINT ( 'NONE',  ( 37.86630628488312311, 37.78892139793685345, 3.594345959531315415 ) ) ;
#7201 = VERTEX_POINT ( 'NONE', #530 ) ;
#7202 = ORIENTED_EDGE ( 'NONE', *, *, #544, .F. ) ;
#7203 = CARTESIAN_POINT ( 'NONE',  ( 53.41794299288810066, 41.70793200290079028, 6.292067997099324295 ) ) ;
#7204 = CARTESIAN_POINT ( 'NONE',  ( -37.50542721660322343, 37.76823593589568162, 2.756225635455699319 ) ) ;
#7205 = B_SPLINE_CURVE_WITH_KNOTS ( 'NONE', 3,
 ( #3092, #6934, #8408, #4476 ),
 .UNSPECIFIED., .F., .F.,
 ( 4, 4 ),
 ( -0.03377171203778518704, 0.03377171203778522868 ),
 .UNSPECIFIED. ) ;
#7206 = CARTESIAN_POINT ( 'NONE',  ( -63.96681450945393266, 30.59075177526930744, 3.533185490546120633 ) ) ;
#7207 = ORIENTED_EDGE ( 'NONE', *, *, #7918, .F. ) ;
#7208 = CYLINDRICAL_SURFACE ( 'NONE', #4512, 1.000000000000000000 ) ;
#7209 = ORIENTED_EDGE ( 'NONE', *, *, #2922, .T. ) ;
#7210 = ORIENTED_EDGE ( 'NONE', *, *, #6659, .T. ) ;
#7211 = DIRECTION ( 'NONE',  ( -0.000000000000000000, -0.000000000000000000, -1.000000000000000000 ) ) ;
#7212 = CARTESIAN_POINT ( 'NONE',  ( -54.49999999999997868, 16.36000344709535170, 4.915643496599920503 ) ) ;
#7213 =( BOUNDED_CURVE ( )  B_SPLINE_CURVE ( 3, ( #5803, #1932, #5045, #6416 ),
 .UNSPECIFIED., .F., .T. ) 
 B_SPLINE_CURVE_WITH_KNOTS ( ( 4, 4 ),
 ( 0.000000000000000000, 0.3050984327404888674 ),
 .UNSPECIFIED. ) 
 CURVE ( )  GEOMETRIC_REPRESENTATION_ITEM ( )  RATIONAL_B_SPLINE_CURVE ( ( 1.000000000000000000, 0.9922579436335263736, 0.9922579436335263736, 1.000000000000000000 ) ) 
 REPRESENTATION_ITEM ( '' )  );
#7214 = ADVANCED_FACE ( 'NONE', ( #3585 ), #1099, .F. ) ;
#7215 = CARTESIAN_POINT ( 'NONE',  ( 42.16803262125496587, 43.31116283858041527, 6.000000000000090594 ) ) ;
#7216 = CARTESIAN_POINT ( 'NONE',  ( -58.19513796162836172, 25.60317338033689438, 8.875026829715944032 ) ) ;
#7217 = ORIENTED_EDGE ( 'NONE', *, *, #952, .T. ) ;
#7218 = CARTESIAN_POINT ( 'NONE',  ( -53.33670545322622303, -3.752920891818042559, 14.16329454677393507 ) ) ;
#7219 = ORIENTED_EDGE ( 'NONE', *, *, #421, .T. ) ;
#7220 = CARTESIAN_POINT ( 'NONE',  ( 51.73464987362546452, -38.99999999999998579, 2.000000000000000000 ) ) ;
#7221 = DIRECTION ( 'NONE',  ( 0.000000000000000000, -1.138744882030889416E-16, -1.000000000000000000 ) ) ;
#7222 = ORIENTED_EDGE ( 'NONE', *, *, #5023, .T. ) ;
#7223 = CARTESIAN_POINT ( 'NONE',  ( 36.17171203778521971, 40.00379515746519132, 11.63151361133556705 ) ) ;
#7224 = EDGE_CURVE ( 'NONE', #6961, #8064, #627, .T. ) ;
#7225 = CARTESIAN_POINT ( 'NONE',  ( -39.98067655304110701, 39.91007292576678367, 10.43364968784891644 ) ) ;
#7226 = CARTESIAN_POINT ( 'NONE',  ( 53.49999999999998579, 41.70958227955244979, 6.290417720447663008 ) ) ;
#7227 = CARTESIAN_POINT ( 'NONE',  ( 53.71287608168717753, 41.71441588685354418, 6.283372927041749101 ) ) ;
#7228 = ORIENTED_EDGE ( 'NONE', *, *, #5796, .F. ) ;
#7229 = CIRCLE ( 'NONE', #3969, 1.600000000000004086 ) ;
#7230 = CARTESIAN_POINT ( 'NONE',  ( -65.03588824101426269, 41.60738428589542792, 2.172222082836198886 ) ) ;
#7231 = CARTESIAN_POINT ( 'NONE',  ( 64.98060907474327053, 42.50298757522092075, 2.080864968095238243 ) ) ;
#7232 = CARTESIAN_POINT ( 'NONE',  ( 67.56326747309374525, 34.88224162870587719, 1.273015321778840470 ) ) ;
#7233 = CARTESIAN_POINT ( 'NONE',  ( 65.34296203775666356, -30.99999999999998579, 2.836880822585404083 ) ) ;
#7234 = LINE ( 'NONE', #231, #1470 ) ;
#7235 = ADVANCED_FACE ( 'NONE', ( #9843 ), #2953, .T. ) ;
#7236 = CIRCLE ( 'NONE', #8053, 1.000000000000000666 ) ;
#7237 = DIRECTION ( 'NONE',  ( 1.000000000000000000, 0.000000000000000000, -0.000000000000000000 ) ) ;
#7238 = EDGE_CURVE ( 'NONE', #5884, #2987, #5335, .T. ) ;
#7239 = EDGE_CURVE ( 'NONE', #2663, #9541, #1752, .T. ) ;
#7240 =( BOUNDED_CURVE ( )  B_SPLINE_CURVE ( 3, ( #9421, #2572, #6215, #3914 ),
 .UNSPECIFIED., .F., .T. ) 
 B_SPLINE_CURVE_WITH_KNOTS ( ( 4, 4 ),
 ( 0.7853981633974433940, 1.123323439008407032 ),
 .UNSPECIFIED. ) 
 CURVE ( )  GEOMETRIC_REPRESENTATION_ITEM ( )  RATIONAL_B_SPLINE_CURVE ( ( 1.000000000000000000, 0.9905064932980895964, 0.9905064932980895964, 1.000000000000000000 ) ) 
 REPRESENTATION_ITEM ( '' )  );
#7241 = ORIENTED_EDGE ( 'NONE', *, *, #4117, .F. ) ;
#7242 = DIRECTION ( 'NONE',  ( 1.000000000000000000, 0.000000000000000000, 0.000000000000000000 ) ) ;
#7243 = AXIS2_PLACEMENT_3D ( 'NONE', #5959, #1275, #2082 ) ;
#7244 = CARTESIAN_POINT ( 'NONE',  ( 45.76767997638425811, 39.29289321881360308, 8.707106781186542577 ) ) ;
#7245 = ORIENTED_EDGE ( 'NONE', *, *, #1308, .T. ) ;
#7246 = CARTESIAN_POINT ( 'NONE',  ( -53.49999999999997158, -31.99999999999998579, 0.000000000000000000 ) ) ;
#7247 = EDGE_CURVE ( 'NONE', #4458, #2739, #7001, .T. ) ;
#7248 = DIRECTION ( 'NONE',  ( 0.000000000000000000, 0.000000000000000000, 1.000000000000000000 ) ) ;
#7249 = CARTESIAN_POINT ( 'NONE',  ( 37.86617457699227174, 37.78894137933686181, 3.584718875788107884 ) ) ;
#7250 = VECTOR ( 'NONE', #6789, 1000.000000000000000 ) ;
#7251 = EDGE_LOOP ( 'NONE', ( #3014, #6182 ) ) ;
#7252 = CARTESIAN_POINT ( 'NONE',  ( -45.22532245313463051, 46.00000000000001421, 12.00000000000000000 ) ) ;
#7253 = CARTESIAN_POINT ( 'NONE',  ( -37.86281050131045589, 37.78914467127794552, 3.373471430870106147 ) ) ;
#7254 = CARTESIAN_POINT ( 'NONE',  ( 37.25181215987187500, 44.70710678118656034, 6.292893218813549794 ) ) ;
#7255 = CIRCLE ( 'NONE', #6120, 4.000000000000010658 ) ;
#7256 = ORIENTED_EDGE ( 'NONE', *, *, #4696, .F. ) ;
#7257 = CARTESIAN_POINT ( 'NONE',  ( 67.10714834231819736, 40.50247321771047382, 2.011135895338508561 ) ) ;
#7258 = ORIENTED_EDGE ( 'NONE', *, *, #8526, .F. ) ;
#7259 = ORIENTED_EDGE ( 'NONE', *, *, #9269, .T. ) ;
#7260 = CARTESIAN_POINT ( 'NONE',  ( 37.35958500038275787, 37.36982751587232343, 2.304777554621773472 ) ) ;
#7261 = CYLINDRICAL_SURFACE ( 'NONE', #4364, 8.000000000000000000 ) ;
#7262 = CARTESIAN_POINT ( 'NONE',  ( 40.78843619973245183, 43.99777443085826434, 6.159301269370718757 ) ) ;
#7263 = ORIENTED_EDGE ( 'NONE', *, *, #9635, .F. ) ;
#7264 = CARTESIAN_POINT ( 'NONE',  ( 55.50000000000001421, 13.65651987538036494, 4.499999999999997335 ) ) ;
#7265 = ORIENTED_EDGE ( 'NONE', *, *, #8173, .T. ) ;
#7266 = CARTESIAN_POINT ( 'NONE',  ( -64.85702245493948226, 30.81058620711859675, 2.833649698248976723 ) ) ;
#7267 = ORIENTED_EDGE ( 'NONE', *, *, #7180, .F. ) ;
#7268 = CARTESIAN_POINT ( 'NONE',  ( 55.50000000000001421, 27.22994939107031342, 1.000000000000000888 ) ) ;
#7269 = CARTESIAN_POINT ( 'NONE',  ( -41.45040878927953543, 39.24440577393769303, 9.738735459800111016 ) ) ;
#7270 = VECTOR ( 'NONE', #3144, 999.9999999999998863 ) ;
#7271 = ORIENTED_EDGE ( 'NONE', *, *, #5060, .F. ) ;
#7272 = DIRECTION ( 'NONE',  ( -1.000000000000000000, 0.000000000000000000, 0.000000000000000000 ) ) ;
#7273 = CARTESIAN_POINT ( 'NONE',  ( 40.17287282588983999, 44.37274175318454184, 6.071729081651143112 ) ) ;
#7274 = B_SPLINE_CURVE_WITH_KNOTS ( 'NONE', 3,
 ( #2194, #6081, #2291, #4494, #5417, #9989, #729, #8522 ),
 .UNSPECIFIED., .F., .F.,
 ( 4, 2, 2, 4 ),
 ( 0.000000000000000000, 0.001373908914201748882, 0.002747817828403497763, 0.005495635656806995527 ),
 .UNSPECIFIED. ) ;
#7275 = CARTESIAN_POINT ( 'NONE',  ( 55.50000000000001421, -30.99999999999997158, 9.000000000000001776 ) ) ;
#7276 = CARTESIAN_POINT ( 'NONE',  ( 38.26490658333203498, 44.70236859013852637, 6.246729640456144317 ) ) ;
#7277 = VECTOR ( 'NONE', #8893, 1000.000000000000227 ) ;
#7278 = VECTOR ( 'NONE', #2367, 1000.000000000000000 ) ;
#7279 = B_SPLINE_CURVE_WITH_KNOTS ( 'NONE', 3,
 ( #31, #2377, #5506, #8612, #1615, #4739 ),
 .UNSPECIFIED., .F., .F.,
 ( 4, 2, 4 ),
 ( 0.000000000000000000, 0.0009829879854963926612, 0.001965975970992785322 ),
 .UNSPECIFIED. ) ;
#7280 = EDGE_CURVE ( 'NONE', #2867, #1759, #4646, .T. ) ;
#7281 = CYLINDRICAL_SURFACE ( 'NONE', #5073, 1.000000000000000000 ) ;
#7282 = CYLINDRICAL_SURFACE ( 'NONE', #2704, 1.000000000000000888 ) ;
#7283 = CYLINDRICAL_SURFACE ( 'NONE', #582, 4.000000000000017764 ) ;
#7284 = CARTESIAN_POINT ( 'NONE',  ( -65.82195073588803780, -30.58909310845133689, 1.935337389948379672 ) ) ;
#7285 = CIRCLE ( 'NONE', #2711, 7.000000000000000000 ) ;
#7286 = DIRECTION ( 'NONE',  ( 1.000000000000000000, 6.938893903907222067E-15, 6.938893903907298586E-15 ) ) ;
#7287 = CIRCLE ( 'NONE', #9877, 9.000000000000001776 ) ;
#7288 = CARTESIAN_POINT ( 'NONE',  ( -38.99644342648507234, 36.92771612242327706, 3.450112995998131815 ) ) ;
#7289 = CARTESIAN_POINT ( 'NONE',  ( -66.15288440381819157, -33.11572786644943278, 2.422937291072009725 ) ) ;
#7290 = VERTEX_POINT ( 'NONE', #39 ) ;
#7291 = ORIENTED_EDGE ( 'NONE', *, *, #583, .T. ) ;
#7292 = CARTESIAN_POINT ( 'NONE',  ( -63.97527352035466208, -26.49187848405404822, 3.022190232158355361 ) ) ;
#7293 = CIRCLE ( 'NONE', #2233, 1.000000000000000888 ) ;
#7294 = VECTOR ( 'NONE', #5135, 1000.000000000000000 ) ;
#7295 = EDGE_CURVE ( 'NONE', #4268, #9604, #1577, .T. ) ;
#7296 = DIRECTION ( 'NONE',  ( 0.08475516577349100078, 0.000000000000000000, -0.9964018074425137206 ) ) ;
#7297 = ORIENTED_EDGE ( 'NONE', *, *, #359, .T. ) ;
#7298 = CARTESIAN_POINT ( 'NONE',  ( -66.87796575002685984, -36.27423543947955409, 2.072830788874206576 ) ) ;
#7299 = CARTESIAN_POINT ( 'NONE',  ( 45.76767997638425811, 35.00000000000000711, 8.000000000000000000 ) ) ;
#7300 = DIRECTION ( 'NONE',  ( 0.000000000000000000, -0.000000000000000000, -1.000000000000000000 ) ) ;
#7301 = CARTESIAN_POINT ( 'NONE',  ( -37.25557724036708152, 36.83707575776531229, 2.064934164142690598 ) ) ;
#7302 = CARTESIAN_POINT ( 'NONE',  ( 37.59527238314358755, 38.00000000000000000, 3.592185779333322948 ) ) ;
#7303 = AXIS2_PLACEMENT_3D ( 'NONE', #2902, #3060, #1525 ) ;
#7304 = ORIENTED_EDGE ( 'NONE', *, *, #3982, .F. ) ;
#7305 = CYLINDRICAL_SURFACE ( 'NONE', #7894, 11.00000000000001066 ) ;
#7306 = EDGE_CURVE ( 'NONE', #7862, #7709, #8109, .T. ) ;
#7307 = CARTESIAN_POINT ( 'NONE',  ( 63.71434502790333454, 32.61588024487029713, 3.785654972096740067 ) ) ;
#7308 = ADVANCED_FACE ( 'NONE', ( #3061 ), #7814, .T. ) ;
#7309 = EDGE_CURVE ( 'NONE', #6966, #9604, #7046, .T. ) ;
#7310 = ORIENTED_EDGE ( 'NONE', *, *, #7570, .T. ) ;
#7311 = LINE ( 'NONE', #8881, #770 ) ;
#7312 = ORIENTED_EDGE ( 'NONE', *, *, #5106, .T. ) ;
#7313 = VERTEX_POINT ( 'NONE', #3159 ) ;
#7314 = FACE_OUTER_BOUND ( 'NONE', #4010, .T. ) ;
#7315 = LINE ( 'NONE', #319, #8427 ) ;
#7316 = CARTESIAN_POINT ( 'NONE',  ( -39.81400014354292693, 40.28919048993161312, 10.02296742511934369 ) ) ;
#7317 = CARTESIAN_POINT ( 'NONE',  ( -62.50676254606919713, -41.89952411682577349, 1.173501705206071000 ) ) ;
#7318 = EDGE_LOOP ( 'NONE', ( #5256, #7975, #3738, #4852 ) ) ;
#7319 = EDGE_LOOP ( 'NONE', ( #9686, #9906, #6042, #3457, #1199, #7312, #6982, #5444, #2734, #7164, #4964, #2828 ) ) ;
#7320 = CARTESIAN_POINT ( 'NONE',  ( -58.50000000000012079, 27.22994939107032053, 9.000000000000001776 ) ) ;
#7321 = CARTESIAN_POINT ( 'NONE',  ( -53.25379579564052790, 41.70710678118656034, 6.292893218813557787 ) ) ;
#7322 = ORIENTED_EDGE ( 'NONE', *, *, #4838, .F. ) ;
#7323 = EDGE_CURVE ( 'NONE', #6144, #830, #5615, .T. ) ;
#7324 = EDGE_LOOP ( 'NONE', ( #4927, #2402, #5263, #269 ) ) ;
#7325 = ORIENTED_EDGE ( 'NONE', *, *, #3551, .T. ) ;
#7326 = DIRECTION ( 'NONE',  ( 1.000000000000000000, 0.000000000000000000, 0.000000000000000000 ) ) ;
#7327 = CARTESIAN_POINT ( 'NONE',  ( -41.40548589277121749, 38.62713096036942773, 9.985567880031524624 ) ) ;
#7328 = ORIENTED_EDGE ( 'NONE', *, *, #6683, .T. ) ;
#7329 = CARTESIAN_POINT ( 'NONE',  ( 55.50000000000001421, 13.65651987538036494, 5.499999999999997335 ) ) ;
#7330 = CARTESIAN_POINT ( 'NONE',  ( -62.18644384608733588, 37.77657315118478465, 4.529574171878080868 ) ) ;
#7331 = VERTEX_POINT ( 'NONE', #9379 ) ;
#7332 = DIRECTION ( 'NONE',  ( -0.000000000000000000, 1.000000000000000000, -0.000000000000000000 ) ) ;
#7333 = CARTESIAN_POINT ( 'NONE',  ( -65.74323615134977672, -32.03020628038711948, 2.644772437938038845 ) ) ;
#7334 = DIRECTION ( 'NONE',  ( 0.000000000000000000, -0.000000000000000000, 1.000000000000000000 ) ) ;
#7335 = DIRECTION ( 'NONE',  ( -0.000000000000000000, -0.000000000000000000, 1.000000000000000000 ) ) ;
#7336 = CARTESIAN_POINT ( 'NONE',  ( -63.77424175958427810, -42.30756047043945500, 1.026999469493784289 ) ) ;
#7337 = FACE_OUTER_BOUND ( 'NONE', #317, .T. ) ;
#7338 = CARTESIAN_POINT ( 'NONE',  ( 53.71284621560167238, 41.71441481059618184, 6.283375235452500540 ) ) ;
#7339 = CARTESIAN_POINT ( 'NONE',  ( -41.21260168347490094, 35.74059867442638705, 2.599640024176399500 ) ) ;
#7340 = EDGE_CURVE ( 'NONE', #2864, #3059, #771, .T. ) ;
#7341 = EDGE_LOOP ( 'NONE', ( #3003, #1348, #6942, #8743 ) ) ;
#7342 = ADVANCED_FACE ( 'NONE', ( #10042 ), #8622, .F. ) ;
#7343 = CARTESIAN_POINT ( 'NONE',  ( 62.66601870929201823, -40.23134959634886343, 2.377336521873610664 ) ) ;
#7344 = EDGE_LOOP ( 'NONE', ( #5811, #2110, #5292, #10037, #536, #9518 ) ) ;
#7345 = CARTESIAN_POINT ( 'NONE',  ( -53.25379579564052790, 41.70710678118656034, 6.292893218813557787 ) ) ;
#7346 = VECTOR ( 'NONE', #806, 1000.000000000000000 ) ;
#7347 = CARTESIAN_POINT ( 'NONE',  ( -67.78741042489745894, 37.17953208289496558, 2.045743883458939205 ) ) ;
#7348 = ORIENTED_EDGE ( 'NONE', *, *, #1982, .F. ) ;
#7349 = CARTESIAN_POINT ( 'NONE',  ( -62.30985839665427051, -37.38493763638368961, 3.379560833674034814 ) ) ;
#7350 = DIRECTION ( 'NONE',  ( -1.000000000000000000, 0.000000000000000000, -0.000000000000000000 ) ) ;
#7351 = CIRCLE ( 'NONE', #2127, 0.9999999999999993339 ) ;
#7352 = CARTESIAN_POINT ( 'NONE',  ( -58.79289321881356045, 0.000000000000000000, 8.707106781186544353 ) ) ;
#7353 = CARTESIAN_POINT ( 'NONE',  ( 37.59533563988773608, 38.00000000000000000, 3.599159522938018885 ) ) ;
#7354 = EDGE_CURVE ( 'NONE', #5420, #6494, #8722, .T. ) ;
#7355 = CARTESIAN_POINT ( 'NONE',  ( -37.65095560572067512, 37.46269435538597037, 2.547085977224621711 ) ) ;
#7356 = VECTOR ( 'NONE', #4786, 1000.000000000000000 ) ;
#7357 = CIRCLE ( 'NONE', #4425, 11.24453208529338433 ) ;
#7358 = CARTESIAN_POINT ( 'NONE',  ( 67.31309938897760503, -36.17951881709156225, 1.999999999999999556 ) ) ;
#7359 = ORIENTED_EDGE ( 'NONE', *, *, #7674, .T. ) ;
#7360 =( BOUNDED_CURVE ( )  B_SPLINE_CURVE ( 3, ( #1756, #1591, #8636, #841 ),
 .UNSPECIFIED., .F., .T. ) 
 B_SPLINE_CURVE_WITH_KNOTS ( ( 4, 4 ),
 ( 1.890848588814715296E-16, 0.1269267343902318046 ),
 .UNSPECIFIED. ) 
 CURVE ( )  GEOMETRIC_REPRESENTATION_ITEM ( )  RATIONAL_B_SPLINE_CURVE ( ( 1.000000000000000000, 0.9986579175463045077, 0.9986579175463045077, 1.000000000000000000 ) ) 
 REPRESENTATION_ITEM ( '' )  );
#7361 = DIRECTION ( 'NONE',  ( -0.000000000000000000, -0.000000000000000000, -1.000000000000000000 ) ) ;
#7362 = ORIENTED_EDGE ( 'NONE', *, *, #9522, .F. ) ;
#7363 = EDGE_LOOP ( 'NONE', ( #8336, #4527, #8509, #214, #3001, #8148 ) ) ;
#7364 = DIRECTION ( 'NONE',  ( 0.000000000000000000, -0.000000000000000000, -1.000000000000000000 ) ) ;
#7365 = CARTESIAN_POINT ( 'NONE',  ( -64.84522744109068526, 30.85649746428572726, 2.854348730425597669 ) ) ;
#7366 = CARTESIAN_POINT ( 'NONE',  ( -38.42630758631973720, 38.85398285393532802, 10.92247611339471902 ) ) ;
#7367 = EDGE_CURVE ( 'NONE', #4682, #9107, #9430, .T. ) ;
#7368 = VECTOR ( 'NONE', #1438, 1000.000000000000000 ) ;
#7369 = CARTESIAN_POINT ( 'NONE',  ( -37.25181215987404215, 38.00000000000000711, 12.00000000000000000 ) ) ;
#7370 = VECTOR ( 'NONE', #1723, 1000.000000000000000 ) ;
#7371 = ORIENTED_EDGE ( 'NONE', *, *, #5655, .T. ) ;
#7372 = EDGE_CURVE ( 'NONE', #3918, #4795, #778, .T. ) ;
#7373 = DIRECTION ( 'NONE',  ( 0.000000000000000000, -0.000000000000000000, 1.000000000000000000 ) ) ;
#7374 = ORIENTED_EDGE ( 'NONE', *, *, #6310, .T. ) ;
#7375 = CARTESIAN_POINT ( 'NONE',  ( -55.10296312794793749, 35.62508610955995181, 10.98282330967914078 ) ) ;
#7376 = ORIENTED_EDGE ( 'NONE', *, *, #6034, .T. ) ;
#7377 = ORIENTED_EDGE ( 'NONE', *, *, #7854, .F. ) ;
#7378 = LINE ( 'NONE', #6654, #1567 ) ;
#7379 = CARTESIAN_POINT ( 'NONE',  ( 54.50000000000001421, -17.20178939649807504, 6.264692779111545207 ) ) ;
#7380 = VERTEX_POINT ( 'NONE', #7912 ) ;
#7381 = CARTESIAN_POINT ( 'NONE',  ( -55.49999999999997868, 0.06779950747045750126, -0.2152834028549823753 ) ) ;
#7382 = DIRECTION ( 'NONE',  ( 1.000000000000000000, 0.000000000000000000, -0.000000000000000000 ) ) ;
#7383 = VERTEX_POINT ( 'NONE', #7147 ) ;
#7384 = EDGE_CURVE ( 'NONE', #8448, #7559, #148, .T. ) ;
#7385 = DIRECTION ( 'NONE',  ( 0.000000000000000000, 1.000000000000000000, 0.000000000000000000 ) ) ;
#7386 = FACE_OUTER_BOUND ( 'NONE', #9314, .T. ) ;
#7387 = CARTESIAN_POINT ( 'NONE',  ( 67.97731427976347618, 37.77762249584907295, 2.018128402767850105 ) ) ;
#7388 = CARTESIAN_POINT ( 'NONE',  ( -40.78843619973462609, 43.99777443085825013, 6.159301269370716092 ) ) ;
#7389 = CARTESIAN_POINT ( 'NONE',  ( -67.66231006422457028, -37.35017169893573197, 2.000000000000000000 ) ) ;
#7390 = DIRECTION ( 'NONE',  ( 0.000000000000000000, 1.000000000000000000, 9.637352644315592778E-16 ) ) ;
#7391 = CARTESIAN_POINT ( 'NONE',  ( 61.49999999999996447, -18.58303575079959558, 5.585786437627064061 ) ) ;
#7392 = CARTESIAN_POINT ( 'NONE',  ( -33.77171203778518560, 40.00000000000000711, 12.00000000000000000 ) ) ;
#7393 = ORIENTED_EDGE ( 'NONE', *, *, #686, .T. ) ;
#7394 = AXIS2_PLACEMENT_3D ( 'NONE', #2305, #1452, #7880 ) ;
#7395 = CARTESIAN_POINT ( 'NONE',  ( -37.25181215987404926, 45.00000000000001421, 5.585786437627002776 ) ) ;
#7396 = EDGE_LOOP ( 'NONE', ( #1768, #2822, #8734, #3291 ) ) ;
#7397 = CYLINDRICAL_SURFACE ( 'NONE', #1057, 0.9999999999999978906 ) ;
#7398 = CARTESIAN_POINT ( 'NONE',  ( 0.000000000000000000, 36.50000000000000711, 1.996871942267131494 ) ) ;
#7399 = ADVANCED_FACE ( 'NONE', ( #4594 ), #7711, .T. ) ;
#7400 = CIRCLE ( 'NONE', #6905, 7.000000000000000000 ) ;
#7401 = VERTEX_POINT ( 'NONE', #9277 ) ;
#7402 = CARTESIAN_POINT ( 'NONE',  ( 41.98804166683858341, 43.08010073879945878, 6.292893218813550682 ) ) ;
#7403 = CARTESIAN_POINT ( 'NONE',  ( 61.57750405424744145, -22.03674454049054532, 5.922495945752680235 ) ) ;
#7404 = DIRECTION ( 'NONE',  ( 0.000000000000000000, 0.000000000000000000, -1.000000000000000000 ) ) ;
#7405 = B_SPLINE_CURVE_WITH_KNOTS ( 'NONE', 3,
 ( #1273, #2885, #506, #4526 ),
 .UNSPECIFIED., .F., .F.,
 ( 4, 4 ),
 ( 0.000000000000000000, 0.001149810003179818846 ),
 .UNSPECIFIED. ) ;
#7406 = CIRCLE ( 'NONE', #4800, 0.9999999999999993339 ) ;
#7407 = CYLINDRICAL_SURFACE ( 'NONE', #8861, 1.600000000000004086 ) ;
#7408 = CARTESIAN_POINT ( 'NONE',  ( 63.01040764008572381, 33.99999999999999289, 4.489592359914376551 ) ) ;
#7409 = FACE_OUTER_BOUND ( 'NONE', #6690, .T. ) ;
#7410 = EDGE_CURVE ( 'NONE', #9892, #8577, #2480, .T. ) ;
#7411 = ORIENTED_EDGE ( 'NONE', *, *, #7309, .T. ) ;
#7412 = CARTESIAN_POINT ( 'NONE',  ( 60.49999999999997158, 13.65651987538036494, 5.499999999999997335 ) ) ;
#7413 = ORIENTED_EDGE ( 'NONE', *, *, #2177, .F. ) ;
#7414 = VERTEX_POINT ( 'NONE', #1029 ) ;
#7415 = AXIS2_PLACEMENT_3D ( 'NONE', #1910, #380, #5029 ) ;
#7416 = CARTESIAN_POINT ( 'NONE',  ( 64.81396634912660204, 30.13306727231117321, 2.528216257751748408 ) ) ;
#7417 = CARTESIAN_POINT ( 'NONE',  ( 37.25181215987186789, 38.00000000000000711, 12.00000000000000000 ) ) ;
#7418 = CARTESIAN_POINT ( 'NONE',  ( 39.80757072866507684, 40.03322070212395545, 10.48808895110168216 ) ) ;
#7419 = CARTESIAN_POINT ( 'NONE',  ( -39.99657880085187855, 40.16907945619858822, 9.983544547229371346 ) ) ;
#7420 = CARTESIAN_POINT ( 'NONE',  ( 60.49999999999997868, 18.18751757527894597, 6.539603826893727323 ) ) ;
#7421 = FACE_OUTER_BOUND ( 'NONE', #2385, .T. ) ;
#7422 = CIRCLE ( 'NONE', #4644, 1.600000000000004086 ) ;
#7423 =( BOUNDED_SURFACE ( )  B_SPLINE_SURFACE ( 3, 2, ( 
 ( #4274, #1058, #4116 ),
 ( #280, #4892, #2724 ),
 ( #7227, #1110, #224 ),
 ( #3343, #3296, #4162 ) ),
 .UNSPECIFIED., .F., .F., .T. ) 
 B_SPLINE_SURFACE_WITH_KNOTS ( ( 4, 4 ),
 ( 3, 3 ),
 ( -6.938893903907228378E-18, 0.0002902865774579231725 ),
 ( 0.000000000000000000, 1.000000000000000000 ),
 .UNSPECIFIED. ) 
 GEOMETRIC_REPRESENTATION_ITEM ( )  RATIONAL_B_SPLINE_SURFACE ( (
 ( 1.000000000000000000, 0.9238408478135532453, 1.000000000000000000),
 ( 1.000000000000000000, 0.9237572934796686175, 1.000000000000000000),
 ( 1.000000000000000000, 0.9235382578950439569, 1.000000000000000000),
 ( 1.000000000000000000, 0.9231871291580002747, 1.000000000000000000) ) ) 
 REPRESENTATION_ITEM ( '' )  SURFACE ( )  );
#7424 = EDGE_CURVE ( 'NONE', #8419, #9541, #7287, .T. ) ;
#7425 = ORIENTED_EDGE ( 'NONE', *, *, #8540, .F. ) ;
#7426 = DIRECTION ( 'NONE',  ( 0.000000000000000000, 0.000000000000000000, -1.000000000000000000 ) ) ;
#7427 = CARTESIAN_POINT ( 'NONE',  ( -65.15754990546331271, 41.40253045006932098, 2.172730427445692225 ) ) ;
#7429 = ORIENTED_EDGE ( 'NONE', *, *, #7410, .T. ) ;
#7428 = ADVANCED_FACE ( 'NONE', ( #8066 ), #4837, .T. ) ;
#7430 = CARTESIAN_POINT ( 'NONE',  ( -64.93076916642158380, -41.49920107556696536, 2.000000000000000000 ) ) ;
#7431 = CARTESIAN_POINT ( 'NONE',  ( 66.96417458194709127, 41.99358700218366636, 1.026933969322065154 ) ) ;
#7432 = CIRCLE ( 'NONE', #2841, 1.000000000000000000 ) ;
#7433 = ORIENTED_EDGE ( 'NONE', *, *, #8186, .T. ) ;
#7434 = DIRECTION ( 'NONE',  ( -0.000000000000000000, -0.000000000000000000, -1.000000000000000000 ) ) ;
#7435 = FACE_OUTER_BOUND ( 'NONE', #5936, .T. ) ;
#7436 = ADVANCED_FACE ( 'NONE', ( #5820 ), #2383, .T. ) ;
#7437 = AXIS2_PLACEMENT_3D ( 'NONE', #10010, #2074, #3654 ) ;
#7438 = ADVANCED_FACE ( 'NONE', ( #5009 ), #9393, .T. ) ;
#7439 = CARTESIAN_POINT ( 'NONE',  ( -38.98294011327898545, 36.93717692603249247, 3.453402376514909111 ) ) ;
#7440 = CARTESIAN_POINT ( 'NONE',  ( -38.84665917551804881, 45.00000000000002132, 5.420302894655042003 ) ) ;
#7441 = CARTESIAN_POINT ( 'NONE',  ( 63.39999999999998437, 38.49999999999999289, 2.000000000000000000 ) ) ;
#7442 = CARTESIAN_POINT ( 'NONE',  ( -41.24791707911999339, 35.61353372514980720, 8.873123767925699568 ) ) ;
#7443 = LINE ( 'NONE', #7391, #2438 ) ;
#7444 = CARTESIAN_POINT ( 'NONE',  ( -68.62856498840858421, -36.81611581915701947, 1.000000000000000000 ) ) ;
#7445 = VECTOR ( 'NONE', #5077, 1000.000000000000000 ) ;
#7446 = ORIENTED_EDGE ( 'NONE', *, *, #8545, .T. ) ;
#7447 = AXIS2_PLACEMENT_3D ( 'NONE', #6721, #5194, #3400 ) ;
#7448 = FACE_OUTER_BOUND ( 'NONE', #2166, .T. ) ;
#7449 = ORIENTED_EDGE ( 'NONE', *, *, #8389, .T. ) ;
#7450 = CARTESIAN_POINT ( 'NONE',  ( 37.55181215987188637, 40.05756524985240929, 11.19749220199311246 ) ) ;
#7451 = CIRCLE ( 'NONE', #1253, 4.585786437627032974 ) ;
#7452 = EDGE_CURVE ( 'NONE', #25, #499, #8102, .T. ) ;
#7453 = EDGE_LOOP ( 'NONE', ( #2534, #7348, #3815, #7979 ) ) ;
#7454 = DIRECTION ( 'NONE',  ( 1.000000000000000000, 0.000000000000000000, -0.000000000000000000 ) ) ;
#7455 = CARTESIAN_POINT ( 'NONE',  ( 41.58774780212360156, 43.39191853507749386, 6.292893218813546241 ) ) ;
#7456 = CARTESIAN_POINT ( 'NONE',  ( 61.49999999999996447, -20.17202923929518832, 5.585786437621062639 ) ) ;
#7457 = CARTESIAN_POINT ( 'NONE',  ( 59.01958426398712731, -22.74350412265382460, 8.480415736013027228 ) ) ;
#7458 = CARTESIAN_POINT ( 'NONE',  ( -64.37222872958366793, 29.94048729051714020, 3.127771270416391136 ) ) ;
#7459 = AXIS2_PLACEMENT_3D ( 'NONE', #1815, #4936, #9319 ) ;
#7460 = CIRCLE ( 'NONE', #1912, 1.000000000000000888 ) ;
#7461 = CARTESIAN_POINT ( 'NONE',  ( -53.49999999999996447, 41.00247549836589656, 5.583310939261128425 ) ) ;
#7462 = CARTESIAN_POINT ( 'NONE',  ( 43.77939366939101262, 35.09155927948970799, 1.230059530313524219 ) ) ;
#7463 = CARTESIAN_POINT ( 'NONE',  ( 45.22532245313247046, 46.00000000000001421, 5.585786437626938827 ) ) ;
#7464 = VERTEX_POINT ( 'NONE', #1127 ) ;
#7465 = CARTESIAN_POINT ( 'NONE',  ( -57.49999999999997868, 0.000000000000000000, 10.00000000000014033 ) ) ;
#7466 = VECTOR ( 'NONE', #8438, 1000.000000000000114 ) ;
#7467 = ORIENTED_EDGE ( 'NONE', *, *, #9569, .T. ) ;
#7468 = ORIENTED_EDGE ( 'NONE', *, *, #742, .F. ) ;
#7469 = CARTESIAN_POINT ( 'NONE',  ( 41.24791707911934679, 35.61353372514908955, 8.873123767925957139 ) ) ;
#7470 = FACE_OUTER_BOUND ( 'NONE', #4197, .T. ) ;
#7471 = CARTESIAN_POINT ( 'NONE',  ( 53.50000000000001421, 34.00000000000000711, 4.489592359914378328 ) ) ;
#7472 = EDGE_CURVE ( 'NONE', #7515, #6966, #5668, .T. ) ;
#7473 = EDGE_CURVE ( 'NONE', #1461, #9056, #4240, .T. ) ;
#7474 = CARTESIAN_POINT ( 'NONE',  ( 61.49999999999997868, 23.00497116233434269, 5.585786437627056067 ) ) ;
#7475 = CARTESIAN_POINT ( 'NONE',  ( 41.08401631062694292, 44.15558141929021474, 2.000000000000000000 ) ) ;
#7476 = VERTEX_POINT ( 'NONE', #362 ) ;
#7477 = CARTESIAN_POINT ( 'NONE',  ( 40.13731788099170927, 40.01906444382635186, 10.03868086490679268 ) ) ;
#7478 = CARTESIAN_POINT ( 'NONE',  ( 61.49999999999996447, -13.78853150712619957, 4.500000000000000888 ) ) ;
#7479 = VERTEX_POINT ( 'NONE', #3520 ) ;
#7480 = CARTESIAN_POINT ( 'NONE',  ( -64.14215724635920424, -42.42600256563193284, 1.007405500374890961 ) ) ;
#7481 = CARTESIAN_POINT ( 'NONE',  ( 38.62590607993538327, 45.00000000000001421, 5.452194488184177956 ) ) ;
#7482 = ORIENTED_EDGE ( 'NONE', *, *, #4913, .T. ) ;
#7483 = B_SPLINE_CURVE_WITH_KNOTS ( 'NONE', 3,
 ( #4049, #7106, #1696, #7158, #9540, #108, #8782, #3224, #3324, #157, #6340, #4713, #2501, #5473, #9438, #6388, #2447, #1797, #4919, #8026, #7821, #5578, #9338, #1037, #4141, #7257, #7055, #6236, #4821, #7923, #2348, #5626, #3119, #1587 ),
 .UNSPECIFIED., .F., .F.,
 ( 4, 2, 2, 2, 2, 2, 2, 2, 2, 2, 2, 2, 2, 2, 2, 2, 4 ),
 ( 0.0005884327441647959267, 0.001185429627713039747, 0.001782426511261283458, 0.002379423394809526953, 0.002976420278357779555, 0.003573417161906031723, 0.004170414045454284326, 0.004767410929002536060, 0.005364407812550788662, 0.005961404696099040397, 0.006558401579647293866, 0.007155398463195545601, 0.007752395346743798203, 0.008349392230292049938, 0.008946389113840302540, 0.009543385997388555142, 0.01014038288093680774 ),
 .UNSPECIFIED. ) ;
#7484 = CARTESIAN_POINT ( 'NONE',  ( -40.74807534289122657, 39.70830592233502188, 9.711871790764954326 ) ) ;
#7485 = ADVANCED_FACE ( 'NONE', ( #3467 ), #8894, .T. ) ;
#7486 = CARTESIAN_POINT ( 'NONE',  ( -68.50142618985499610, 40.45015439702142857, 1.982182552018381561 ) ) ;
#7487 = CARTESIAN_POINT ( 'NONE',  ( 66.69792965106972815, 41.05001081408146035, 2.018075938921357171 ) ) ;
#7488 = ORIENTED_EDGE ( 'NONE', *, *, #8057, .T. ) ;
#7489 = DIRECTION ( 'NONE',  ( 0.000000000000000000, 0.9538173892666751419, 0.3003870635238873876 ) ) ;
#7490 = DIRECTION ( 'NONE',  ( 1.000000000000000000, 0.000000000000000000, 0.000000000000000000 ) ) ;
#7491 = CARTESIAN_POINT ( 'NONE',  ( -63.68735971822339792, -26.89457210287556777, 3.812640281776672246 ) ) ;
#7492 = CARTESIAN_POINT ( 'NONE',  ( 57.28316869836383063, -39.72556520119589862, 4.489592359914378328 ) ) ;
#7493 = DIRECTION ( 'NONE',  ( 0.000000000000000000, -0.4266572361714848771, -0.9044134026110569602 ) ) ;
#7494 = ORIENTED_EDGE ( 'NONE', *, *, #10002, .F. ) ;
#7495 = EDGE_CURVE ( 'NONE', #906, #1493, #3116, .T. ) ;
#7496 = CARTESIAN_POINT ( 'NONE',  ( 55.70028302275392207, -39.70833150709645309, 4.447361790869886811 ) ) ;
#7497 = ORIENTED_EDGE ( 'NONE', *, *, #5918, .F. ) ;
#7498 = EDGE_CURVE ( 'NONE', #7913, #7116, #5155, .T. ) ;
#7499 = CARTESIAN_POINT ( 'NONE',  ( -37.55181215987403931, 38.00000000000000000, 11.19749220199242501 ) ) ;
#7500 = CARTESIAN_POINT ( 'NONE',  ( 40.59512623913052920, 39.65590565686611768, 9.972073363380761890 ) ) ;
#7501 = CARTESIAN_POINT ( 'NONE',  ( -41.46820687710278719, 38.97430196203858799, 9.965843042985806477 ) ) ;
#7502 = EDGE_CURVE ( 'NONE', #607, #7627, #8665, .T. ) ;
#7503 = CARTESIAN_POINT ( 'NONE',  ( 58.31548230693924495, -22.44354121127093649, 8.737490435063167027 ) ) ;
#7504 = DIRECTION ( 'NONE',  ( 1.000000000000000000, 0.000000000000000000, 0.000000000000000000 ) ) ;
#7505 = CARTESIAN_POINT ( 'NONE',  ( 56.69544737387892042, -40.02870223093123769, 3.782485578727831754 ) ) ;
#7506 = ORIENTED_EDGE ( 'NONE', *, *, #8852, .T. ) ;
#7507 = CARTESIAN_POINT ( 'NONE',  ( 43.91970857667251238, 35.02525327589656712, 0.7290259193987010944 ) ) ;
#7508 = CARTESIAN_POINT ( 'NONE',  ( 40.68441751708439824, 39.36455276298880079, 10.21233339337394064 ) ) ;
#7509 = DIRECTION ( 'NONE',  ( -0.4031420922609131319, 0.8944495888224028857, 0.1934848482515574841 ) ) ;
#7510 = EDGE_LOOP ( 'NONE', ( #3961, #426, #2488, #1524 ) ) ;
#7511 = AXIS2_PLACEMENT_3D ( 'NONE', #4941, #8757, #5850 ) ;
#7512 = ADVANCED_FACE ( 'NONE', ( #5441 ), #10078, .T. ) ;
#7513 = CARTESIAN_POINT ( 'NONE',  ( -65.44023742607097915, 32.33484791899768140, 2.752479606653428501 ) ) ;
#7514 = ORIENTED_EDGE ( 'NONE', *, *, #8784, .T. ) ;
#7515 = VERTEX_POINT ( 'NONE', #2838 ) ;
#7516 = CARTESIAN_POINT ( 'NONE',  ( -37.22835721708694479, 37.84897257412190896, 2.907673351897470670 ) ) ;
#7517 = DIRECTION ( 'NONE',  ( -0.5462207591558981834, -0.8376412610820662685, 0.000000000000000000 ) ) ;
#7518 = CARTESIAN_POINT ( 'NONE',  ( -45.76767997638421548, 39.29289321881359598, 8.707106781186542577 ) ) ;
#7519 = CARTESIAN_POINT ( 'NONE',  ( -40.17313063280636243, 40.03939632946186578, 9.953853172328649634 ) ) ;
#7520 = CARTESIAN_POINT ( 'NONE',  ( -37.25181215987404926, 38.00000000000000711, 3.597354261458655333 ) ) ;
#7521 = TOROIDAL_SURFACE ( 'NONE', #2616, 5.000000000000000000, 1.000000000000000000 ) ;
#7522 = CARTESIAN_POINT ( 'NONE',  ( 43.99246828194915793, 38.50286852894338807, 9.171999556598976255 ) ) ;
#7523 = ORIENTED_EDGE ( 'NONE', *, *, #1296, .T. ) ;
#7524 = CARTESIAN_POINT ( 'NONE',  ( 62.21598326984538829, -23.45333557085598031, 5.284016730154716512 ) ) ;
#7525 = DIRECTION ( 'NONE',  ( -0.000000000000000000, -0.000000000000000000, -1.000000000000000000 ) ) ;
#7526 = EDGE_CURVE ( 'NONE', #1840, #9159, #4688, .T. ) ;
#7527 = ORIENTED_EDGE ( 'NONE', *, *, #3607, .T. ) ;
#7528 = CIRCLE ( 'NONE', #6061, 8.000000000000000000 ) ;
#7529 = LINE ( 'NONE', #5996, #1751 ) ;
#7530 = CARTESIAN_POINT ( 'NONE',  ( 68.72148125650393524, 37.03351534017910041, 1.036396857401803651 ) ) ;
#7531 = ORIENTED_EDGE ( 'NONE', *, *, #4433, .F. ) ;
#7532 = ORIENTED_EDGE ( 'NONE', *, *, #5193, .F. ) ;
#7533 = CARTESIAN_POINT ( 'NONE',  ( 63.24076780709854262, -36.18855931054385877, 3.279501194854979484 ) ) ;
#7534 = CARTESIAN_POINT ( 'NONE',  ( -68.04004713124233206, 38.33024541050297529, 2.007092451813028866 ) ) ;
#7535 = ORIENTED_EDGE ( 'NONE', *, *, #7384, .T. ) ;
#7536 = DIRECTION ( 'NONE',  ( -0.000000000000000000, -0.000000000000000000, -1.000000000000000000 ) ) ;
#7537 = LINE ( 'NONE', #7171, #8562 ) ;
#7538 = EDGE_CURVE ( 'NONE', #6334, #6499, #9722, .T. ) ;
#7539 = CARTESIAN_POINT ( 'NONE',  ( -33.77171203778518560, 40.00000000000000711, 12.00000000000000000 ) ) ;
#7540 = CARTESIAN_POINT ( 'NONE',  ( 60.91950459927478789, -41.38854221041938075, 2.438995221561380600 ) ) ;
#7541 = DIRECTION ( 'NONE',  ( -1.000000000000000000, 0.000000000000000000, 0.000000000000000000 ) ) ;
#7542 = ORIENTED_EDGE ( 'NONE', *, *, #321, .T. ) ;
#7543 = DIRECTION ( 'NONE',  ( -0.000000000000000000, 1.000000000000000000, 0.000000000000000000 ) ) ;
#7544 = DIRECTION ( 'NONE',  ( 0.000000000000000000, -0.4867207978480964647, -0.8735575910849338044 ) ) ;
#7545 = CARTESIAN_POINT ( 'NONE',  ( -51.73464987362537215, -38.99999999999998579, 5.585786437627009882 ) ) ;
#7546 = ADVANCED_FACE ( 'NONE', ( #807 ), #5021, .T. ) ;
#7547 = CARTESIAN_POINT ( 'NONE',  ( -62.70595407942369803, -40.29275250105600037, 2.353399292703052925 ) ) ;
#7548 = CARTESIAN_POINT ( 'NONE',  ( -61.49999999999998579, 22.03153687330052080, 5.585786437623406542 ) ) ;
#7549 = CARTESIAN_POINT ( 'NONE',  ( -42.16803262125714014, 43.31116283858040816, 5.585786437627008993 ) ) ;
#7550 = EDGE_CURVE ( 'NONE', #8380, #3822, #614, .T. ) ;
#7551 = CARTESIAN_POINT ( 'NONE',  ( -61.49999999999997158, -4.640181046290678957, 4.500000000000000888 ) ) ;
#7552 = DIRECTION ( 'NONE',  ( 0.9518901176098615302, -0.3064395601039201500, 0.000000000000000000 ) ) ;
#7553 = CARTESIAN_POINT ( 'NONE',  ( 37.04569807186236119, 36.50000000000000711, 1.996871942267131494 ) ) ;
#7554 = CIRCLE ( 'NONE', #3148, 8.000000000000000000 ) ;
#7555 = FACE_OUTER_BOUND ( 'NONE', #8865, .T. ) ;
#7556 = EDGE_CURVE ( 'NONE', #4720, #7862, #6733, .T. ) ;
#7557 = EDGE_LOOP ( 'NONE', ( #9533, #1408, #6889, #8531 ) ) ;
#7558 = CARTESIAN_POINT ( 'NONE',  ( 58.75489261934963992, -21.37903042612311211, 8.235307220888456570 ) ) ;
#7559 = VERTEX_POINT ( 'NONE', #9828 ) ;
#7560 = VERTEX_POINT ( 'NONE', #9310 ) ;
#7561 = CARTESIAN_POINT ( 'NONE',  ( 53.47989272251118820, 42.00227332662518620, 5.583310939261125760 ) ) ;
#7562 = CARTESIAN_POINT ( 'NONE',  ( -53.49999999999997158, 41.70958227955244979, 6.290417720447662120 ) ) ;
#7563 = CARTESIAN_POINT ( 'NONE',  ( -64.99999999999995737, -38.49999999999999289, 2.000000000000000000 ) ) ;
#7564 = CIRCLE ( 'NONE', #3151, 1.000000000000000222 ) ;
#7565 = CARTESIAN_POINT ( 'NONE',  ( 43.26256185813785748, 39.15415994250176368, 9.121653968434031867 ) ) ;
#7566 = ORIENTED_EDGE ( 'NONE', *, *, #6896, .T. ) ;
#7567 = DIRECTION ( 'NONE',  ( -0.6145275576729040123, 0.7888953548225365875, 0.000000000000000000 ) ) ;
#7568 = DIRECTION ( 'NONE',  ( 0.000000000000000000, 0.000000000000000000, 1.000000000000000000 ) ) ;
#7569 = AXIS2_PLACEMENT_3D ( 'NONE', #144, #869, #2483 ) ;
#7570 = EDGE_CURVE ( 'NONE', #10079, #1898, #6206, .T. ) ;
#7571 = ORIENTED_EDGE ( 'NONE', *, *, #54, .T. ) ;
#7572 = CARTESIAN_POINT ( 'NONE',  ( -63.96075141908726636, 32.20964527130829680, 3.539248580918362475 ) ) ;
#7573 = CARTESIAN_POINT ( 'NONE',  ( -47.32775586742092599, -46.02854094061081724, 18.75803057020620557 ) ) ;
#7574 = APPLICATION_CONTEXT ( 'automotive_design' ) ;
#7575 = ORIENTED_EDGE ( 'NONE', *, *, #7778, .T. ) ;
#7576 = CARTESIAN_POINT ( 'NONE',  ( -64.52045917580925050, -42.48999623149450144, 0.9999999964589332269 ) ) ;
#7577 = DIRECTION ( 'NONE',  ( 0.000000000000000000, -0.000000000000000000, -1.000000000000000000 ) ) ;
#7578 = CARTESIAN_POINT ( 'NONE',  ( -40.94616975616042254, 39.81849182454226366, 9.506220341197217039 ) ) ;
#7579 = AXIS2_PLACEMENT_3D ( 'NONE', #5783, #6501, #5635 ) ;
#7580 = CARTESIAN_POINT ( 'NONE',  ( -67.92697168462997581, 39.26448313333611395, 2.001556117468030749 ) ) ;
#7581 = ORIENTED_EDGE ( 'NONE', *, *, #7883, .T. ) ;
#7582 = CARTESIAN_POINT ( 'NONE',  ( -37.77502767525397331, 36.21593625367233216, 1.957522868821458095 ) ) ;
#7583 = ORIENTED_EDGE ( 'NONE', *, *, #1546, .T. ) ;
#7584 = CARTESIAN_POINT ( 'NONE',  ( 66.77990676479622323, 42.08247267491622523, 1.965890975504777760 ) ) ;
#7585 = LINE ( 'NONE', #2978, #1078 ) ;
#7586 = CIRCLE ( 'NONE', #3819, 3.000000000000016431 ) ;
#7587 = DIRECTION ( 'NONE',  ( 0.000000000000000000, 1.000000000000000000, -1.138744882030889416E-16 ) ) ;
#7588 = CARTESIAN_POINT ( 'NONE',  ( 54.50000000000001421, 34.00000000000000000, 0.000000000000000000 ) ) ;
#7589 = CARTESIAN_POINT ( 'NONE',  ( 60.49999999999997158, -1.991441949589780335E-14, 5.585786437627058731 ) ) ;
#7590 = ORIENTED_EDGE ( 'NONE', *, *, #2922, .F. ) ;
#7591 = CARTESIAN_POINT ( 'NONE',  ( -60.49999999999997868, -18.10646878060354936, 5.585786437627026757 ) ) ;
#7592 = ADVANCED_FACE ( 'NONE', ( #3574 ), #6684, .F. ) ;
#7593 = ADVANCED_FACE ( 'NONE', ( #8360 ), #1967, .T. ) ;
#7594 = AXIS2_PLACEMENT_3D ( 'NONE', #689, #6807, #3593 ) ;
#7595 = EDGE_LOOP ( 'NONE', ( #6604, #1596, #3103, #2135 ) ) ;
#7596 = DIRECTION ( 'NONE',  ( -0.2876879592904246219, 0.9134939934989289023, 0.2876879592904260097 ) ) ;
#7597 = EDGE_LOOP ( 'NONE', ( #8749, #3062, #5722, #5664 ) ) ;
#7598 = DIRECTION ( 'NONE',  ( -0.000000000000000000, 0.000000000000000000, 1.000000000000000000 ) ) ;
#7599 = CARTESIAN_POINT ( 'NONE',  ( -62.92178572398718472, 26.55179502823069981, 4.037558304724722547 ) ) ;
#7600 = VECTOR ( 'NONE', #5160, 1000.000000000000000 ) ;
#7601 = LINE ( 'NONE', #1423, #4926 ) ;
#7602 = CARTESIAN_POINT ( 'NONE',  ( 52.27694526865967362, -38.99999999999998579, 5.585786437624959078 ) ) ;
#7603 = ORIENTED_EDGE ( 'NONE', *, *, #3124, .T. ) ;
#7604 = ADVANCED_FACE ( 'NONE', ( #9557 ), #6516, .T. ) ;
#7605 = CARTESIAN_POINT ( 'NONE',  ( 35.50068230837601391, 41.00000000000000711, 10.80005719753111926 ) ) ;
#7606 = AXIS2_PLACEMENT_3D ( 'NONE', #7800, #8856, #4223 ) ;
#7607 = VECTOR ( 'NONE', #2407, 1000.000000000000000 ) ;
#7608 = EDGE_CURVE ( 'NONE', #858, #1759, #7785, .T. ) ;
#7609 = CARTESIAN_POINT ( 'NONE',  ( 38.46551931873069918, 37.32215109695196986, 3.554094482563460389 ) ) ;
#7610 = ORIENTED_EDGE ( 'NONE', *, *, #7978, .T. ) ;
#7611 = DIRECTION ( 'NONE',  ( 0.000000000000000000, 1.000000000000000000, 0.000000000000000000 ) ) ;
#7612 = ORIENTED_EDGE ( 'NONE', *, *, #177, .F. ) ;
#7613 = ORIENTED_EDGE ( 'NONE', *, *, #4573, .F. ) ;
#7614 = CARTESIAN_POINT ( 'NONE',  ( 38.34998683596855784, 37.41214769032735177, 2.162352380310421207 ) ) ;
#7615 = DIRECTION ( 'NONE',  ( 1.000000000000000000, 0.000000000000000000, 0.000000000000000000 ) ) ;
#7616 = DIRECTION ( 'NONE',  ( -0.000000000000000000, -0.000000000000000000, -1.000000000000000000 ) ) ;
#7617 = CIRCLE ( 'NONE', #3534, 2.899999999999999911 ) ;
#7618 = AXIS2_PLACEMENT_3D ( 'NONE', #4444, #2146, #7517 ) ;
#7619 = CARTESIAN_POINT ( 'NONE',  ( 60.49999999999997868, 21.07884740024817916, 5.585786437627045409 ) ) ;
#7620 = VERTEX_POINT ( 'NONE', #4785 ) ;
#7621 = ADVANCED_FACE ( 'NONE', ( #9358 ), #9506, .T. ) ;
#7622 = CARTESIAN_POINT ( 'NONE',  ( 44.63241437925050548, 38.52506773273644569, 9.053972183616970426 ) ) ;
#7623 = EDGE_CURVE ( 'NONE', #8916, #3223, #6162, .T. ) ;
#7624 = CIRCLE ( 'NONE', #2555, 1.000000000000000000 ) ;
#7625 = DIRECTION ( 'NONE',  ( 0.000000000000000000, -0.000000000000000000, 1.000000000000000000 ) ) ;
#7626 = CIRCLE ( 'NONE', #2693, 4.000000000000003553 ) ;
#7627 = VERTEX_POINT ( 'NONE', #1004 ) ;
#7628 = FACE_OUTER_BOUND ( 'NONE', #3529, .T. ) ;
#7629 = DIRECTION ( 'NONE',  ( 6.133173666733421611E-16, 0.7071067811865437980, -0.7071067811865513475 ) ) ;
#7630 = ORIENTED_EDGE ( 'NONE', *, *, #2331, .F. ) ;
#7631 = DIRECTION ( 'NONE',  ( 0.3000000000000017653, 0.000000000000000000, 0.9539392014169451040 ) ) ;
#7632 = CARTESIAN_POINT ( 'NONE',  ( 53.50000000000000711, -31.99999999999998579, 8.000000000000000000 ) ) ;
#7633 =( BOUNDED_SURFACE ( )  B_SPLINE_SURFACE ( 2, 3, ( 
 ( #2244, #9127, #5411, #4645 ),
 ( #2952, #1382, #7761, #5364 ),
 ( #7663, #6078, #10089, #5215 ) ),
 .UNSPECIFIED., .F., .F., .F. ) 
 B_SPLINE_SURFACE_WITH_KNOTS ( ( 3, 3 ),
 ( 4, 4 ),
 ( 0.000000000000000000, 1.000000000000000000 ),
 ( -0.03377171203778518704, 0.03377171203778522868 ),
 .UNSPECIFIED. ) 
 GEOMETRIC_REPRESENTATION_ITEM ( )  RATIONAL_B_SPLINE_SURFACE ( (
 ( 1.000000000000000000, 1.000000000000000000, 1.000000000000000000, 1.000000000000000000),
 ( 0.7071067811865475727, 0.7071067811865475727, 0.7071067811865475727, 0.7071067811865475727),
 ( 1.000000000000000000, 1.000000000000000000, 1.000000000000000000, 1.000000000000000000) ) ) 
 REPRESENTATION_ITEM ( '' )  SURFACE ( )  );
#7634 = CARTESIAN_POINT ( 'NONE',  ( 38.76347041901900070, 37.07951902052237614, 2.260605655037831951 ) ) ;
#7635 = AXIS2_PLACEMENT_3D ( 'NONE', #1338, #1436, #2190 ) ;
#7636 = CARTESIAN_POINT ( 'NONE',  ( -67.08232377328741336, 40.72342904566433219, 2.007748174588396939 ) ) ;
#7637 = VERTEX_POINT ( 'NONE', #5545 ) ;
#7638 = ADVANCED_FACE ( 'NONE', ( #6458 ), #9412, .T. ) ;
#7639 = CARTESIAN_POINT ( 'NONE',  ( -40.59313934431951765, 35.43111308849790930, 1.507343269453866874 ) ) ;
#7640 = CARTESIAN_POINT ( 'NONE',  ( 67.59254974197227739, 41.55583565384812772, 1.966602025169715606 ) ) ;
#7641 = CARTESIAN_POINT ( 'NONE',  ( -41.90949938584859780, 36.55775793195437018, 9.827062969342645005 ) ) ;
#7642 = ORIENTED_EDGE ( 'NONE', *, *, #5400, .F. ) ;
#7643 = CARTESIAN_POINT ( 'NONE',  ( 0.000000000000000000, -37.99999999999998579, 5.585786437627009882 ) ) ;
#7644 = CARTESIAN_POINT ( 'NONE',  ( 37.77682385730114589, 37.65919028059536089, 2.899698170419289234 ) ) ;
#7645 = DIRECTION ( 'NONE',  ( 1.000000000000000000, -0.000000000000000000, -0.000000000000000000 ) ) ;
#7646 = ORIENTED_EDGE ( 'NONE', *, *, #9783, .F. ) ;
#7647 = CARTESIAN_POINT ( 'NONE',  ( 55.18041933941726995, -39.54097311615560528, 4.740928947179987141 ) ) ;
#7648 = ORIENTED_EDGE ( 'NONE', *, *, #8966, .F. ) ;
#7649 = DIRECTION ( 'NONE',  ( -0.000000000000000000, -0.000000000000000000, -1.000000000000000000 ) ) ;
#7650 = DIRECTION ( 'NONE',  ( 0.000000000000000000, 0.000000000000000000, 1.000000000000000000 ) ) ;
#7651 = FACE_OUTER_BOUND ( 'NONE', #1401, .T. ) ;
#7652 = CARTESIAN_POINT ( 'NONE',  ( 59.02254449046527185, -22.73722913590074057, 8.477455509534888023 ) ) ;
#7653 = ADVANCED_FACE ( 'NONE', ( #5594 ), #7892, .T. ) ;
#7654 = EDGE_CURVE ( 'NONE', #427, #8630, #6804, .T. ) ;
#7655 = DIRECTION ( 'NONE',  ( 1.000000000000000000, 0.000000000000000000, 0.000000000000000000 ) ) ;
#7656 = CARTESIAN_POINT ( 'NONE',  ( -58.75489261934961860, -21.37903042612311211, 8.235307220888456570 ) ) ;
#7657 = CARTESIAN_POINT ( 'NONE',  ( 67.12948320826167503, 36.52443760815393858, 2.162636821978451085 ) ) ;
#7658 = ORIENTED_EDGE ( 'NONE', *, *, #2462, .T. ) ;
#7659 = CARTESIAN_POINT ( 'NONE',  ( -64.96295091130846799, 31.39625736791350974, 2.879749546380899972 ) ) ;
#7660 = EDGE_LOOP ( 'NONE', ( #2001, #1137, #7267, #8021 ) ) ;
#7661 = EDGE_CURVE ( 'NONE', #1749, #5788, #2881, .T. ) ;
#7662 = VERTEX_POINT ( 'NONE', #3341 ) ;
#7663 = CARTESIAN_POINT ( 'NONE',  ( -33.77171203778518560, 40.00000000000000711, 12.00000000000000178 ) ) ;
#7664 = DIRECTION ( 'NONE',  ( 1.000000000000000000, 0.000000000000000000, 0.000000000000000000 ) ) ;
#7665 = CARTESIAN_POINT ( 'NONE',  ( 62.89287132574322925, 42.41151976709505078, 2.468548138417572702 ) ) ;
#7666 = CARTESIAN_POINT ( 'NONE',  ( -39.37978210090421527, 50.55351348436132497, 2.000000000000000000 ) ) ;
#7667 = CARTESIAN_POINT ( 'NONE',  ( -45.22532245313465182, 39.27653659536044017, 8.723463404639691277 ) ) ;
#7668 = CARTESIAN_POINT ( 'NONE',  ( -40.51988566813349024, 39.77612964221098935, 9.896574535217201429 ) ) ;
#7669 = AXIS2_PLACEMENT_3D ( 'NONE', #8108, #9053, #2077 ) ;
#7670 = LINE ( 'NONE', #8433, #7294 ) ;
#7671 = EDGE_LOOP ( 'NONE', ( #4541, #5079, #7449, #7964 ) ) ;
#7672 = CARTESIAN_POINT ( 'NONE',  ( 65.82195073588803780, -30.58909310845134755, 1.935337389948395437 ) ) ;
#7673 = CYLINDRICAL_SURFACE ( 'NONE', #4484, 8.000000000000000000 ) ;
#7674 = EDGE_CURVE ( 'NONE', #1543, #7662, #9457, .T. ) ;
#7675 = ORIENTED_EDGE ( 'NONE', *, *, #3921, .T. ) ;
#7676 = DIRECTION ( 'NONE',  ( -0.7888953548225462464, 0.6145275576728914668, 0.000000000000000000 ) ) ;
#7677 = CARTESIAN_POINT ( 'NONE',  ( 37.47967877140693105, 41.04556659421439946, 10.40234017771195774 ) ) ;
#7678 = VERTEX_POINT ( 'NONE', #2469 ) ;
#7679 = EDGE_CURVE ( 'NONE', #2095, #8630, #9732, .T. ) ;
#7680 = VECTOR ( 'NONE', #9680, 1000.000000000000000 ) ;
#7681 = CARTESIAN_POINT ( 'NONE',  ( -64.13452373906478954, -41.40836774813109145, 2.024157420073385616 ) ) ;
#7682 = DIRECTION ( 'NONE',  ( -0.2999999999999998779, 0.000000000000000000, 0.9539392014169456591 ) ) ;
#7683 = ORIENTED_EDGE ( 'NONE', *, *, #6333, .T. ) ;
#7684 = VECTOR ( 'NONE', #8452, 1000.000000000000000 ) ;
#7685 = CARTESIAN_POINT ( 'NONE',  ( -35.87171203778517992, 41.00253010497679185, 10.72785864819452151 ) ) ;
#7686 = EDGE_LOOP ( 'NONE', ( #7202, #8785 ) ) ;
#7687 = CARTESIAN_POINT ( 'NONE',  ( 66.97741904574999694, 40.82315414407757714, 2.009849434683365743 ) ) ;
#7688 = DIRECTION ( 'NONE',  ( 0.7845637097220986567, 0.6111533265178846763, 0.1046489219878672383 ) ) ;
#7689 = EDGE_CURVE ( 'NONE', #7151, #1830, #4195, .T. ) ;
#7690 = EDGE_LOOP ( 'NONE', ( #3710, #5381, #7159, #3383 ) ) ;
#7691 = CARTESIAN_POINT ( 'NONE',  ( 54.50000000000001421, 13.65651987538036671, 13.49999999999999645 ) ) ;
#7692 =( BOUNDED_SURFACE ( )  B_SPLINE_SURFACE ( 3, 2, ( 
 ( #1198, #4312, #434 ),
 ( #2056, #3687, #7622 ),
 ( #1343, #4404, #7522 ),
 ( #2759, #3639, #6652 ) ),
 .UNSPECIFIED., .F., .F., .F. ) 
 B_SPLINE_SURFACE_WITH_KNOTS ( ( 4, 4 ),
 ( 3, 3 ),
 ( 0.000000000000000000, 0.002196132989180233763 ),
 ( 0.000000000000000000, 1.000000000000000000 ),
 .UNSPECIFIED. ) 
 GEOMETRIC_REPRESENTATION_ITEM ( )  RATIONAL_B_SPLINE_SURFACE ( (
 ( 1.000000000000000000, 0.9235317221080586725, 1.000000000000000000),
 ( 1.000000000000000000, 0.9236974192911840964, 1.000000000000000000),
 ( 1.000000000000000000, 0.9267368045777367724, 1.000000000000000000),
 ( 1.000000000000000000, 0.9308602050489861446, 1.000000000000000000) ) ) 
 REPRESENTATION_ITEM ( '' )  SURFACE ( )  );
#7693 = CARTESIAN_POINT ( 'NONE',  ( 53.50000000000000711, -31.99999999999998579, 2.000000000000000000 ) ) ;
#7694 = CARTESIAN_POINT ( 'NONE',  ( -55.40707795178275319, -39.61394074569826529, 5.183905361128762657 ) ) ;
#7695 = ORIENTED_EDGE ( 'NONE', *, *, #8887, .T. ) ;
#7696 = FACE_OUTER_BOUND ( 'NONE', #3153, .T. ) ;
#7697 = ORIENTED_EDGE ( 'NONE', *, *, #2421, .F. ) ;
#7698 = CARTESIAN_POINT ( 'NONE',  ( 54.50000000000001421, 16.36000344709535170, 4.915643496599920503 ) ) ;
#7699 = CARTESIAN_POINT ( 'NONE',  ( 60.49999999999997868, 16.05961638357146626, 5.869460885866595312 ) ) ;
#7700 = CYLINDRICAL_SURFACE ( 'NONE', #6136, 1.000000000000000222 ) ;
#7701 = FACE_OUTER_BOUND ( 'NONE', #7864, .T. ) ;
#7702 = CARTESIAN_POINT ( 'NONE',  ( 41.24395772772225399, 39.31222551424353640, 9.780237367809080595 ) ) ;
#7703 = DIRECTION ( 'NONE',  ( 0.000000000000000000, -0.4266572361714853767, -0.9044134026110566271 ) ) ;
#7704 = ADVANCED_FACE ( 'NONE', ( #3164 ), #685, .F. ) ;
#7705 = DIRECTION ( 'NONE',  ( 0.6145275576728851386, 0.7888953548225511314, 0.000000000000000000 ) ) ;
#7706 = VERTEX_POINT ( 'NONE', #6281 ) ;
#7707 = CARTESIAN_POINT ( 'NONE',  ( 0.000000000000000000, 41.00000000000000711, 5.585786437627009882 ) ) ;
#7708 = ORIENTED_EDGE ( 'NONE', *, *, #8573, .T. ) ;
#7709 = VERTEX_POINT ( 'NONE', #6084 ) ;
#7710 = CARTESIAN_POINT ( 'NONE',  ( 37.04569807186236119, 36.50000000000000711, 1.996871942267131494 ) ) ;
#7711 = CYLINDRICAL_SURFACE ( 'NONE', #112, 1.000000000000000000 ) ;
#7712 = DIRECTION ( 'NONE',  ( 0.3000000000000017653, 0.000000000000000000, 0.9539392014169451040 ) ) ;
#7713 = ORIENTED_EDGE ( 'NONE', *, *, #9033, .T. ) ;
#7714 = CARTESIAN_POINT ( 'NONE',  ( 56.20301661491989620, -39.87017525143496499, 4.123815443286629190 ) ) ;
#7715 = CIRCLE ( 'NONE', #1850, 4.585786437626894418 ) ;
#7716 = CARTESIAN_POINT ( 'NONE',  ( 68.49423036433975653, 36.55311680860763346, 1.061205990658733667 ) ) ;
#7717 = B_SPLINE_CURVE_WITH_KNOTS ( 'NONE', 3,
 ( #7388, #3452, #8957, #3555 ),
 .UNSPECIFIED., .F., .F.,
 ( 4, 4 ),
 ( 0.000000000000000000, 0.001516253636686044340 ),
 .UNSPECIFIED. ) ;
#7718 = CARTESIAN_POINT ( 'NONE',  ( -61.84010390042781324, -21.75458702957192614, 5.215436378635322612 ) ) ;
#7719 = ADVANCED_FACE ( 'NONE', ( #4711, #3781, #9389, #7819, #9992, #9336 ), #9183, .F. ) ;
#7720 = CARTESIAN_POINT ( 'NONE',  ( -40.27030266953585169, 40.46160085767003523, 9.414213562373241473 ) ) ;
#7721 = VERTEX_POINT ( 'NONE', #7769 ) ;
#7722 = CARTESIAN_POINT ( 'NONE',  ( -43.36767997638421690, 38.47443863772802075, 9.368486388664434728 ) ) ;
#7723 = CARTESIAN_POINT ( 'NONE',  ( -67.73146578155754582, 37.06368864801577701, 2.054763254799921945 ) ) ;
#7724 = EDGE_LOOP ( 'NONE', ( #8059, #903, #9268, #6452 ) ) ;
#7725 = CIRCLE ( 'NONE', #4958, 1.000000000000003553 ) ;
#7726 = CARTESIAN_POINT ( 'NONE',  ( 68.99999999999997158, -38.49999999999996447, 1.000000000000000000 ) ) ;
#7727 = CARTESIAN_POINT ( 'NONE',  ( -37.33772757787516383, 36.38625856522028812, 1.986687475345863430 ) ) ;
#7728 = ORIENTED_EDGE ( 'NONE', *, *, #5429, .T. ) ;
#7729 = LINE ( 'NONE', #6910, #9462 ) ;
#7730 = CARTESIAN_POINT ( 'NONE',  ( -6.584181125100999843, 45.00000000000001421, 20.93636161487792080 ) ) ;
#7731 = ORIENTED_EDGE ( 'NONE', *, *, #9861, .F. ) ;
#7732 = CARTESIAN_POINT ( 'NONE',  ( -41.08401631062912429, 44.15558141929020763, 5.452194488184170851 ) ) ;
#7733 = ADVANCED_FACE ( 'NONE', ( #3940 ), #6234, .T. ) ;
#7734 = VECTOR ( 'NONE', #3256, 1000.000000000000000 ) ;
#7735 = EDGE_CURVE ( 'NONE', #3564, #5475, #4495, .T. ) ;
#7736 = CARTESIAN_POINT ( 'NONE',  ( 65.32873116883867226, 32.12164838064557415, 2.774253911428207875 ) ) ;
#7737 = VERTEX_POINT ( 'NONE', #47 ) ;
#7738 = DIRECTION ( 'NONE',  ( -0.6145275576728919109, 0.7888953548225458023, 0.000000000000000000 ) ) ;
#7739 = ORIENTED_EDGE ( 'NONE', *, *, #7830, .F. ) ;
#7740 = CARTESIAN_POINT ( 'NONE',  ( -69.02081528017139078, 0.000000000000000000, 10.50000000000000000 ) ) ;
#7741 = DIRECTION ( 'NONE',  ( 0.6145275576728885802, -0.7888953548225483559, 0.000000000000000000 ) ) ;
#7742 = AXIS2_PLACEMENT_3D ( 'NONE', #9991, #3011, #1487 ) ;
#7743 = CARTESIAN_POINT ( 'NONE',  ( -45.22532245313463051, 46.00000000000001421, 5.585786437626951262 ) ) ;
#7744 = ORIENTED_EDGE ( 'NONE', *, *, #6333, .F. ) ;
#7745 = EDGE_CURVE ( 'NONE', #3223, #6353, #7670, .T. ) ;
#7746 = ADVANCED_FACE ( 'NONE', ( #4599 ), #2297, .T. ) ;
#7747 = AXIS2_PLACEMENT_3D ( 'NONE', #2485, #6323, #5610 ) ;
#7748 =( BOUNDED_CURVE ( )  B_SPLINE_CURVE ( 2, ( #3715, #9164, #8460 ),
 .UNSPECIFIED., .F., .T. ) 
 B_SPLINE_CURVE_WITH_KNOTS ( ( 3, 3 ),
 ( 0.000000000000000000, 1.000000000000000000 ),
 .UNSPECIFIED. ) 
 CURVE ( )  GEOMETRIC_REPRESENTATION_ITEM ( )  RATIONAL_B_SPLINE_CURVE ( ( 1.000000000000000000, 0.7071067811865475727, 1.000000000000000000 ) ) 
 REPRESENTATION_ITEM ( '' )  );
#7749 = CARTESIAN_POINT ( 'NONE',  ( 42.16803262125496587, 43.31116283858042237, 5.585786437627015211 ) ) ;
#7750 = DIRECTION ( 'NONE',  ( 0.000000000000000000, 0.000000000000000000, -1.000000000000000000 ) ) ;
#7751 = DIRECTION ( 'NONE',  ( 0.000000000000000000, -0.000000000000000000, -1.000000000000000000 ) ) ;
#7752 = DIRECTION ( 'NONE',  ( -1.000000000000000000, 0.000000000000000000, 0.000000000000000000 ) ) ;
#7753 = CARTESIAN_POINT ( 'NONE',  ( 41.40548589277342018, 38.62713096036776506, 9.985567880030842502 ) ) ;
#7754 = AXIS2_PLACEMENT_3D ( 'NONE', #7573, #9138, #5273 ) ;
#7755 = CARTESIAN_POINT ( 'NONE',  ( 3.857420639921502026E-14, 46.00000000000002842, 2.000000000000000000 ) ) ;
#7756 = AXIS2_PLACEMENT_3D ( 'NONE', #6821, #6006, #6869 ) ;
#7757 = VERTEX_POINT ( 'NONE', #3067 ) ;
#7758 = CARTESIAN_POINT ( 'NONE',  ( -58.76828088362913149, 42.23081352304463110, 4.235281812619886566 ) ) ;
#7759 = ORIENTED_EDGE ( 'NONE', *, *, #6668, .T. ) ;
#7760 = CARTESIAN_POINT ( 'NONE',  ( 37.86633971754475425, 37.78889535482257145, 3.599159522938018441 ) ) ;
#7761 = CARTESIAN_POINT ( 'NONE',  ( 11.25723734592842362, 41.00000000000000711, 12.00000000000000000 ) ) ;
#7762 = DIRECTION ( 'NONE',  ( 3.499023925556554573E-16, 1.000000000000000000, 0.000000000000000000 ) ) ;
#7763 = DIRECTION ( 'NONE',  ( -0.9334271542581692449, 0.2062585268127422045, 0.2935492595979993791 ) ) ;
#7764 = CARTESIAN_POINT ( 'NONE',  ( 56.76208047449257066, -39.57945610132858860, 4.830928847041723095 ) ) ;
#7765 = AXIS2_PLACEMENT_3D ( 'NONE', #170, #6351, #7941 ) ;
#7766 = CIRCLE ( 'NONE', #3201, 1.000000000000000000 ) ;
#7767 = CARTESIAN_POINT ( 'NONE',  ( 66.59999999999999432, 38.49999999999999289, 0.000000000000000000 ) ) ;
#7768 = CARTESIAN_POINT ( 'NONE',  ( -62.49314726662309027, -23.20349147688655123, 4.504316485889939159 ) ) ;
#7769 = CARTESIAN_POINT ( 'NONE',  ( 45.22532245313249177, 39.27653659536031228, 8.723463404639829832 ) ) ;
#7770 = ORIENTED_EDGE ( 'NONE', *, *, #6320, .T. ) ;
#7771 = CARTESIAN_POINT ( 'NONE',  ( -53.49999999999997158, 35.00000000000000711, 0.000000000000000000 ) ) ;
#7772 = CIRCLE ( 'NONE', #2219, 1.000000000000000666 ) ;
#7773 = FACE_OUTER_BOUND ( 'NONE', #3678, .T. ) ;
#7774 = VECTOR ( 'NONE', #10090, 1000.000000000000227 ) ;
#7775 = VERTEX_POINT ( 'NONE', #3734 ) ;
#7776 = DIRECTION ( 'NONE',  ( -0.000000000000000000, 0.9538173892666754750, 0.3003870635238867770 ) ) ;
#7777 = CARTESIAN_POINT ( 'NONE',  ( -38.25077350602521875, 40.04795053305213770, 10.97767902780491767 ) ) ;
#7778 = EDGE_CURVE ( 'NONE', #6144, #3766, #8591, .T. ) ;
#7779 = EDGE_CURVE ( 'NONE', #4814, #9328, #5532, .T. ) ;
#7780 = CYLINDRICAL_SURFACE ( 'NONE', #2139, 4.000000000000010658 ) ;
#7781 = PLANE ( 'NONE',  #6739 ) ;
#7782 = AXIS2_PLACEMENT_3D ( 'NONE', #2764, #9806, #5894 ) ;
#7783 = ORIENTED_EDGE ( 'NONE', *, *, #8350, .T. ) ;
#7784 = CARTESIAN_POINT ( 'NONE',  ( -40.17287282589258979, 44.37274175318449210, 6.071729081650952153 ) ) ;
#7785 = CIRCLE ( 'NONE', #9885, 8.000000000000000000 ) ;
#7786 = LINE ( 'NONE', #6349, #173 ) ;
#7787 = ORIENTED_EDGE ( 'NONE', *, *, #759, .T. ) ;
#7788 = CARTESIAN_POINT ( 'NONE',  ( 68.63305345024602389, 40.19228075032292224, 1.983632362711884145 ) ) ;
#7789 = CARTESIAN_POINT ( 'NONE',  ( -67.10843493332023968, 40.50132803787508351, 2.011095838000136915 ) ) ;
#7790 = ORIENTED_EDGE ( 'NONE', *, *, #3685, .T. ) ;
#7791 = CARTESIAN_POINT ( 'NONE',  ( -40.48905568792036291, 38.97857765940357666, 10.27377184632926088 ) ) ;
#7792 = AXIS2_PLACEMENT_3D ( 'NONE', #4922, #8686, #9441 ) ;
#7793 = CARTESIAN_POINT ( 'NONE',  ( -58.08578643762701432, 45.00000000000001421, 9.000000000000001776 ) ) ;
#7794 = EDGE_CURVE ( 'NONE', #1830, #9619, #10021, .T. ) ;
#7795 = CARTESIAN_POINT ( 'NONE',  ( -61.49999999999997158, -13.78853150712619779, 5.500000000000000000 ) ) ;
#7796 = DIRECTION ( 'NONE',  ( -1.000000000000000000, 0.000000000000000000, 0.000000000000000000 ) ) ;
#7797 = ORIENTED_EDGE ( 'NONE', *, *, #742, .T. ) ;
#7798 = CARTESIAN_POINT ( 'NONE',  ( 55.83260106861204264, 42.10219574134269038, 5.104353423717393312 ) ) ;
#7799 = VERTEX_POINT ( 'NONE', #5320 ) ;
#7800 = CARTESIAN_POINT ( 'NONE',  ( -55.49999999999997868, -21.80568766229459854, 7.330893818277401941 ) ) ;
#7801 = CARTESIAN_POINT ( 'NONE',  ( 65.99463967254496310, 32.06689712562609884, 1.798080490323415770 ) ) ;
#7802 = DIRECTION ( 'NONE',  ( 0.000000000000000000, 0.000000000000000000, 1.000000000000000000 ) ) ;
#7803 = CARTESIAN_POINT ( 'NONE',  ( 39.71601871352028468, 44.85497537540128832, 5.356342332676097051 ) ) ;
#7804 = CARTESIAN_POINT ( 'NONE',  ( 42.70862210035008388, 38.44778150504405545, 9.575750502055068836 ) ) ;
#7805 = ADVANCED_FACE ( 'NONE', ( #4654 ), #86, .T. ) ;
#7806 = EDGE_CURVE ( 'NONE', #5587, #2864, #7005, .T. ) ;
#7807 = DIRECTION ( 'NONE',  ( 0.000000000000000000, 1.000000000000000000, 0.000000000000000000 ) ) ;
#7808 = CARTESIAN_POINT ( 'NONE',  ( 55.50000000000001421, 45.00000000000001421, 9.000000000000001776 ) ) ;
#7809 = ORIENTED_EDGE ( 'NONE', *, *, #7900, .T. ) ;
#7810 = CARTESIAN_POINT ( 'NONE',  ( 69.00000000000001421, -13.78853150712619779, 13.50000000000000000 ) ) ;
#7811 = EDGE_LOOP ( 'NONE', ( #5260, #24, #2558, #159 ) ) ;
#7812 = VERTEX_POINT ( 'NONE', #8779 ) ;
#7813 = ADVANCED_FACE ( 'NONE', ( #2445 ), #7156, .F. ) ;
#7814 = PLANE ( 'NONE',  #2070 ) ;
#7815 = CARTESIAN_POINT ( 'NONE',  ( -66.25672723985701396, 41.22408455166159769, 1.039062270807453281 ) ) ;
#7816 = CARTESIAN_POINT ( 'NONE',  ( 54.50000000000001421, -17.62844663266956147, 5.360279376500486137 ) ) ;
#7817 = DIRECTION ( 'NONE',  ( -1.000000000000000000, -6.938893903907221278E-15, 0.000000000000000000 ) ) ;
#7818 = FACE_OUTER_BOUND ( 'NONE', #1664, .T. ) ;
#7819 = FACE_BOUND ( 'NONE', #7251, .T. ) ;
#7820 = VERTEX_POINT ( 'NONE', #155 ) ;
#7821 = CARTESIAN_POINT ( 'NONE',  ( 65.74291585579103980, 41.31043340324817592, 2.093181471691216711 ) ) ;
#7822 = CARTESIAN_POINT ( 'NONE',  ( 53.47989272251118820, 42.00227332662518620, 5.583310939261125760 ) ) ;
#7823 = ORIENTED_EDGE ( 'NONE', *, *, #9074, .F. ) ;
#7824 = CARTESIAN_POINT ( 'NONE',  ( 45.28558440016047371, 38.56942981417373062, 9.014539220847339607 ) ) ;
#7825 = DIRECTION ( 'NONE',  ( 0.000000000000000000, -0.000000000000000000, 1.000000000000000000 ) ) ;
#7826 = CARTESIAN_POINT ( 'NONE',  ( 45.22532245313247046, 46.00000000000001421, 2.000000000000000000 ) ) ;
#7827 = PLANE ( 'NONE',  #2487 ) ;
#7828 = AXIS2_PLACEMENT_3D ( 'NONE', #2052, #4401, #6080 ) ;
#7829 = CYLINDRICAL_SURFACE ( 'NONE', #1699, 1.600000000000000089 ) ;
#7830 = EDGE_CURVE ( 'NONE', #4236, #7678, #1084, .T. ) ;
#7831 = DIRECTION ( 'NONE',  ( 0.8384366417882752609, 0.2699157717171642434, 0.4734653882652110624 ) ) ;
#7832 = VERTEX_POINT ( 'NONE', #5576 ) ;
#7833 = CARTESIAN_POINT ( 'NONE',  ( -59.94085935945996368, 41.75515758938140465, 3.954429391858016452 ) ) ;
#7834 = CARTESIAN_POINT ( 'NONE',  ( 68.52776181374778730, 36.61329844107534370, 1.976779065907787292 ) ) ;
#7835 = ORIENTED_EDGE ( 'NONE', *, *, #1111, .T. ) ;
#7836 = AXIS2_PLACEMENT_3D ( 'NONE', #8873, #2644, #7915 ) ;
#7837 = CARTESIAN_POINT ( 'NONE',  ( 43.36767997638425953, 36.23554512824542684, 9.368486388664436504 ) ) ;
#7838 = CARTESIAN_POINT ( 'NONE',  ( -51.73464987362537215, -38.99999999999998579, 5.585786437627009882 ) ) ;
#7839 = CARTESIAN_POINT ( 'NONE',  ( -36.74168091579625184, 47.16686996529018217, 6.292893218813507161 ) ) ;
#7840 = CARTESIAN_POINT ( 'NONE',  ( -54.14609697631237140, -39.23624293041072519, 5.772375892296384592 ) ) ;
#7841 = VERTEX_POINT ( 'NONE', #9584 ) ;
#7842 = DIRECTION ( 'NONE',  ( 0.2024432717372487422, 0.9581406177887651365, 0.2024432717372509349 ) ) ;
#7843 = EDGE_CURVE ( 'NONE', #2918, #4134, #3709, .T. ) ;
#7844 = CARTESIAN_POINT ( 'NONE',  ( -64.86869019039389173, 41.49712491129437808, 1.192483504346339318 ) ) ;
#7845 = CARTESIAN_POINT ( 'NONE',  ( 66.78565662791964996, 33.48659989793313940, 1.523083655038356632 ) ) ;
#7846 = CARTESIAN_POINT ( 'NONE',  ( 41.98804166683861894, 43.08010073879944457, 6.292893218813559564 ) ) ;
#7847 = FACE_OUTER_BOUND ( 'NONE', #3723, .T. ) ;
#7848 = CARTESIAN_POINT ( 'NONE',  ( 43.26256185813785748, 39.15415994250176368, 9.121653968434035420 ) ) ;
#7849 = AXIS2_PLACEMENT_3D ( 'NONE', #6134, #9180, #9235 ) ;
#7850 = AXIS2_PLACEMENT_3D ( 'NONE', #3401, #5750, #2777 ) ;
#7851 = EDGE_LOOP ( 'NONE', ( #5213, #8948, #5182, #19 ) ) ;
#7852 = CARTESIAN_POINT ( 'NONE',  ( 66.37962082128670716, 41.24493847852787809, 2.032565609254246564 ) ) ;
#7853 = EDGE_CURVE ( 'NONE', #284, #1435, #4072, .T. ) ;
#7854 = EDGE_CURVE ( 'NONE', #1473, #8011, #6740, .T. ) ;
#7855 = CARTESIAN_POINT ( 'NONE',  ( 53.50000000000001421, -30.99999999999998579, 10.00000000000014033 ) ) ;
#7856 = VERTEX_POINT ( 'NONE', #4196 ) ;
#7857 = DIRECTION ( 'NONE',  ( 0.9334271542581260572, 0.2062585268129551730, 0.2935492595979866670 ) ) ;
#7858 = ORIENTED_EDGE ( 'NONE', *, *, #7410, .F. ) ;
#7859 = ORIENTED_EDGE ( 'NONE', *, *, #3920, .T. ) ;
#7860 = PRODUCT_CONTEXT ( 'NONE', #4257, 'mechanical' ) ;
#7861 = DIRECTION ( 'NONE',  ( -1.000000000000000000, 0.000000000000000000, -0.000000000000000000 ) ) ;
#7862 = VERTEX_POINT ( 'NONE', #8024 ) ;
#7863 = DIRECTION ( 'NONE',  ( -0.4189090799523456643, 0.9080281838871958611, 0.000000000000000000 ) ) ;
#7864 = EDGE_LOOP ( 'NONE', ( #8836, #1240 ) ) ;
#7865 =( BOUNDED_SURFACE ( )  B_SPLINE_SURFACE ( 3, 2, ( 
 ( #3952, #7015, #1654 ),
 ( #5485, #6915, #4778 ),
 ( #8592, #64, #7066 ),
 ( #7685, #4005, #6296 ) ),
 .UNSPECIFIED., .F., .F., .T. ) 
 B_SPLINE_SURFACE_WITH_KNOTS ( ( 4, 4 ),
 ( 3, 3 ),
 ( 2.168404344971008868E-19, 0.0005796668253232909948 ),
 ( 0.000000000000000000, 1.000000000000000000 ),
 .UNSPECIFIED. ) 
 GEOMETRIC_REPRESENTATION_ITEM ( )  RATIONAL_B_SPLINE_SURFACE ( (
 ( 1.000000000000000000, 0.7071067811865475727, 1.000000000000000000),
 ( 1.000000000000000000, 0.7119987621712250414, 1.000000000000000000),
 ( 1.000000000000000000, 0.7176402518715033763, 1.000000000000000000),
 ( 1.000000000000000000, 0.7238674278156089770, 1.000000000000000000) ) ) 
 REPRESENTATION_ITEM ( '' )  SURFACE ( )  );
#7866 = CARTESIAN_POINT ( 'NONE',  ( 62.46280312808488588, -39.91692347122084072, 2.499712488082413753 ) ) ;
#7867 = DIRECTION ( 'NONE',  ( -0.000000000000000000, 0.000000000000000000, 1.000000000000000000 ) ) ;
#7868 = EDGE_CURVE ( 'NONE', #5729, #652, #7112, .T. ) ;
#7869 = FACE_OUTER_BOUND ( 'NONE', #5022, .T. ) ;
#7870 = EDGE_CURVE ( 'NONE', #350, #9297, #253, .T. ) ;
#7871 = ADVANCED_FACE ( 'NONE', ( #4046 ), #2669, .F. ) ;
#7872 = CARTESIAN_POINT ( 'NONE',  ( -63.90697153393367103, 30.79407809678480490, 3.593028466066388038 ) ) ;
#7873 = ORIENTED_EDGE ( 'NONE', *, *, #7679, .T. ) ;
#7874 = CARTESIAN_POINT ( 'NONE',  ( 54.61821003397304253, -39.35998250698818168, 5.086642840172141966 ) ) ;
#7875 = FACE_OUTER_BOUND ( 'NONE', #4489, .T. ) ;
#7876 = ORIENTED_EDGE ( 'NONE', *, *, #3851, .T. ) ;
#7877 = CARTESIAN_POINT ( 'NONE',  ( 37.52521264157455505, 37.82172478071048971, 2.850381962499275890 ) ) ;
#7878 = DIRECTION ( 'NONE',  ( -0.000000000000000000, -0.000000000000000000, 1.000000000000000000 ) ) ;
#7879 = DIRECTION ( 'NONE',  ( -0.9116773148860493059, -0.4109068915486369655, 0.000000000000000000 ) ) ;
#7880 = DIRECTION ( 'NONE',  ( 0.000000000000000000, 0.000000000000000000, 1.000000000000000000 ) ) ;
#7881 = EDGE_LOOP ( 'NONE', ( #113, #3253, #1743, #3259 ) ) ;
#7882 = CARTESIAN_POINT ( 'NONE',  ( -51.73464987362541478, -50.24453208529337189, 0.000000000000000000 ) ) ;
#7883 = EDGE_CURVE ( 'NONE', #4874, #4970, #1427, .T. ) ;
#7884 = AXIS2_PLACEMENT_3D ( 'NONE', #3563, #5245, #9819 ) ;
#7885 = LINE ( 'NONE', #902, #1002 ) ;
#7886 = ORIENTED_EDGE ( 'NONE', *, *, #7323, .T. ) ;
#7887 = CARTESIAN_POINT ( 'NONE',  ( -38.06471823606821658, 37.63436400191699249, 3.595754357932675394 ) ) ;
#7888 = CARTESIAN_POINT ( 'NONE',  ( 63.01040764008572381, -30.99999999999998579, 4.489592359914374775 ) ) ;
#7889 = ORIENTED_EDGE ( 'NONE', *, *, #1428, .T. ) ;
#7890 = CARTESIAN_POINT ( 'NONE',  ( 68.72148125650393524, 37.03351534017910041, 1.036396857401803651 ) ) ;
#7891 = DIRECTION ( 'NONE',  ( -1.000000000000000000, 0.000000000000000000, 0.000000000000000000 ) ) ;
#7892 = CYLINDRICAL_SURFACE ( 'NONE', #3191, 8.000000000000000000 ) ;
#7893 = CARTESIAN_POINT ( 'NONE',  ( -54.80742985947033930, -39.40794312384577580, 5.512106359408266876 ) ) ;
#7894 = AXIS2_PLACEMENT_3D ( 'NONE', #7252, #1688, #2594 ) ;
#7895 = CARTESIAN_POINT ( 'NONE',  ( 61.49999999999997158, 13.65651987538036494, 4.499999999999998224 ) ) ;
#7896 = FACE_OUTER_BOUND ( 'NONE', #4681, .T. ) ;
#7897 = CARTESIAN_POINT ( 'NONE',  ( 65.40007950414661764, 30.99979140350067652, 1.989849879723312176 ) ) ;
#7898 = CARTESIAN_POINT ( 'NONE',  ( 37.25181215987186789, 38.00000000000000711, 10.24355300057617235 ) ) ;
#7899 = CARTESIAN_POINT ( 'NONE',  ( -58.79289321881623920, -23.76247316423273048, 8.707106781183865607 ) ) ;
#7900 = EDGE_CURVE ( 'NONE', #1405, #698, #7626, .T. ) ;
#7901 = ADVANCED_FACE ( 'NONE', ( #7409 ), #5873, .F. ) ;
#7902 = ORIENTED_EDGE ( 'NONE', *, *, #7843, .T. ) ;
#7903 = AXIS2_PLACEMENT_3D ( 'NONE', #5319, #4710, #1582 ) ;
#7904 = ORIENTED_EDGE ( 'NONE', *, *, #6537, .T. ) ;
#7905 = CARTESIAN_POINT ( 'NONE',  ( -44.61502368271963093, 38.93944039735691831, 9.057067949890798886 ) ) ;
#7906 = DIRECTION ( 'NONE',  ( 1.000000000000000000, 0.000000000000000000, 0.000000000000000000 ) ) ;
#7907 = EDGE_LOOP ( 'NONE', ( #8244, #10032, #9240, #8969 ) ) ;
#7908 = EDGE_LOOP ( 'NONE', ( #947, #8537, #4384, #7697 ) ) ;
#7909 = CARTESIAN_POINT ( 'NONE',  ( 65.02116807929699860, -41.39992274249139825, 2.000000000000000000 ) ) ;
#7910 = AXIS2_PLACEMENT_3D ( 'NONE', #9823, #1074, #1223 ) ;
#7911 = CARTESIAN_POINT ( 'NONE',  ( 0.000000000000000000, 0.000000000000000000, 0.000000000000000000 ) ) ;
#7912 = CARTESIAN_POINT ( 'NONE',  ( 66.37962082128670716, 41.24493847852787809, 2.032565609254246564 ) ) ;
#7913 = VERTEX_POINT ( 'NONE', #8933 ) ;
#7914 = B_SPLINE_CURVE_WITH_KNOTS ( 'NONE', 3,
 ( #7561, #8518, #626, #9174 ),
 .UNSPECIFIED., .F., .F.,
 ( 4, 4 ),
 ( 0.000000000000000000, 0.0002666473981545223288 ),
 .UNSPECIFIED. ) ;
#7915 = DIRECTION ( 'NONE',  ( 0.000000000000000000, 0.000000000000000000, 1.000000000000000000 ) ) ;
#7916 = ADVANCED_FACE ( 'NONE', ( #3673 ), #478, .T. ) ;
#7917 = ORIENTED_EDGE ( 'NONE', *, *, #5598, .F. ) ;
#7918 = EDGE_CURVE ( 'NONE', #9619, #1543, #2800, .T. ) ;
#7919 = VERTEX_POINT ( 'NONE', #6689 ) ;
#7920 = CARTESIAN_POINT ( 'NONE',  ( -66.67563631980935668, 42.13211273554879455, 1.039062270807453281 ) ) ;
#7921 = CARTESIAN_POINT ( 'NONE',  ( -37.68535590825248960, 37.51665502489473170, 2.625412603630417507 ) ) ;
#7922 = EDGE_LOOP ( 'NONE', ( #3545, #492, #4796, #8192 ) ) ;
#7923 = CARTESIAN_POINT ( 'NONE',  ( 67.73486313402622727, 39.48504931736388102, 2.004193455693479287 ) ) ;
#7924 = CARTESIAN_POINT ( 'NONE',  ( -43.24916055572697360, 19.49305728668150195, 2.000000000000000000 ) ) ;
#7925 = EDGE_LOOP ( 'NONE', ( #5875, #7988, #1796, #9601, #9858, #8309, #2435 ) ) ;
#7927 = EDGE_CURVE ( 'NONE', #6176, #4129, #4866, .T. ) ;
#7926 = DIRECTION ( 'NONE',  ( -1.000000000000000000, 0.000000000000000000, 0.000000000000000000 ) ) ;
#7928 = FACE_OUTER_BOUND ( 'NONE', #7724, .T. ) ;
#7929 =( BOUNDED_CURVE ( )  B_SPLINE_CURVE ( 3, ( #2688, #5819, #8267, #6629 ),
 .UNSPECIFIED., .F., .T. ) 
 B_SPLINE_CURVE_WITH_KNOTS ( ( 4, 4 ),
 ( 1.401209152826663251, 1.547876441101548206 ),
 .UNSPECIFIED. ) 
 CURVE ( )  GEOMETRIC_REPRESENTATION_ITEM ( )  RATIONAL_B_SPLINE_CURVE ( ( 1.000000000000000000, 0.9982081954291803783, 0.9982081954291803783, 1.000000000000000000 ) ) 
 REPRESENTATION_ITEM ( '' )  );
#7930 = AXIS2_PLACEMENT_3D ( 'NONE', #4417, #7335, #451 ) ;
#7931 = AXIS2_PLACEMENT_3D ( 'NONE', #1588, #4767, #3994 ) ;
#7932 = ADVANCED_FACE ( 'NONE', ( #7555 ), #6741, .T. ) ;
#7933 = CARTESIAN_POINT ( 'NONE',  ( -57.28316869836375247, -39.72556520119590573, 4.489592359914380992 ) ) ;
#7934 = CARTESIAN_POINT ( 'NONE',  ( 68.49423036433975653, 36.55311680860763346, 0.000000000000000000 ) ) ;
#7935 = ORIENTED_EDGE ( 'NONE', *, *, #4838, .T. ) ;
#7936 = CARTESIAN_POINT ( 'NONE',  ( -64.99999999999995737, 38.49999999999999289, 12.00000000000000355 ) ) ;
#7937 = CIRCLE ( 'NONE', #5012, 1.000000000000000888 ) ;
#7938 = CONICAL_SURFACE ( 'NONE', #1094, 3.999999999999996447, 0.7853981633974428389 ) ;
#7939 = ORIENTED_EDGE ( 'NONE', *, *, #3433, .F. ) ;
#7940 = ORIENTED_EDGE ( 'NONE', *, *, #3257, .T. ) ;
#7941 = DIRECTION ( 'NONE',  ( 0.2999999999999992673, 0.000000000000000000, 0.9539392014169458811 ) ) ;
#7942 = CARTESIAN_POINT ( 'NONE',  ( -67.47332683978252987, 40.02723049139026301, 2.005353521982722320 ) ) ;
#7943 = ORIENTED_EDGE ( 'NONE', *, *, #3184, .F. ) ;
#7944 = DIRECTION ( 'NONE',  ( -0.3800712867856325672, -0.8432624940801196622, -0.3800712867856367860 ) ) ;
#7945 = CARTESIAN_POINT ( 'NONE',  ( 53.50000000000002132, -38.83503435370123924, 6.164965646298848689 ) ) ;
#7946 = CARTESIAN_POINT ( 'NONE',  ( 62.11292357155027588, -38.18140925553107934, 3.171770431497772602 ) ) ;
#7947 = AXIS2_PLACEMENT_3D ( 'NONE', #3466, #6575, #5055 ) ;
#7948 = VECTOR ( 'NONE', #9940, 1000.000000000000000 ) ;
#7949 = CARTESIAN_POINT ( 'NONE',  ( 63.02533503865524978, 26.73764344539272741, 4.474664961344859471 ) ) ;
#7950 = VECTOR ( 'NONE', #2276, 1000.000000000000000 ) ;
#7951 = CARTESIAN_POINT ( 'NONE',  ( -54.00450391105334091, -39.22708508596531374, 5.311016054487342153 ) ) ;
#7952 = CARTESIAN_POINT ( 'NONE',  ( -52.81919353042600562, -39.03929430785283472, 5.542997603944070484 ) ) ;
#7953 = AXIS2_PLACEMENT_3D ( 'NONE', #1389, #4499, #7625 ) ;
#7954 = CARTESIAN_POINT ( 'NONE',  ( -55.49999999999997868, 45.00000000000001421, 8.000000000000000000 ) ) ;
#7955 = DIRECTION ( 'NONE',  ( 0.000000000000000000, -1.000000000000000000, 0.000000000000000000 ) ) ;
#7956 = CARTESIAN_POINT ( 'NONE',  ( -43.92159399188794566, 35.02516983732045475, 0.7285524432324126387 ) ) ;
#7957 = VERTEX_POINT ( 'NONE', #8177 ) ;
#7958 = CIRCLE ( 'NONE', #6976, 8.000000000000000000 ) ;
#7959 = ORIENTED_EDGE ( 'NONE', *, *, #881, .T. ) ;
#7960 = ORIENTED_EDGE ( 'NONE', *, *, #8418, .T. ) ;
#7961 = CARTESIAN_POINT ( 'NONE',  ( -43.35324343268827363, 38.86666064518355057, 9.373026471619780864 ) ) ;
#7962 = CARTESIAN_POINT ( 'NONE',  ( 62.70663024525575935, 36.69451706828826332, 4.412555926234054127 ) ) ;
#7963 = EDGE_CURVE ( 'NONE', #1695, #1239, #3472, .T. ) ;
#7964 = ORIENTED_EDGE ( 'NONE', *, *, #6092, .F. ) ;
#7965 = CARTESIAN_POINT ( 'NONE',  ( -54.29058498039272251, 41.73523877332162613, 6.238716121724200647 ) ) ;
#7966 = CARTESIAN_POINT ( 'NONE',  ( 72.74453208529335768, -18.58303575079964531, 0.000000000000000000 ) ) ;
#7967 = CARTESIAN_POINT ( 'NONE',  ( 37.86617457699227174, 37.78894137933686181, 3.584718875788107884 ) ) ;
#7968 = CARTESIAN_POINT ( 'NONE',  ( -64.66161830359313001, 30.30593989574598268, 2.838407530669489809 ) ) ;
#7969 = ORIENTED_EDGE ( 'NONE', *, *, #9977, .F. ) ;
#7970 = B_SPLINE_CURVE_WITH_KNOTS ( 'NONE', 3,
 ( #6704, #3590, #1387, #5937 ),
 .UNSPECIFIED., .F., .F.,
 ( 4, 4 ),
 ( 0.000000000000000000, 0.0005320161747714022759 ),
 .UNSPECIFIED. ) ;
#7971 = DIRECTION ( 'NONE',  ( -0.7656826878322923191, 0.5964455351772492975, 0.2407960654185218319 ) ) ;
#7972 = CARTESIAN_POINT ( 'NONE',  ( 53.25379579564052079, 41.70710678118656034, 6.292893218813554235 ) ) ;
#7973 = CARTESIAN_POINT ( 'NONE',  ( -64.34164737355126817, 31.20611822070935659, 3.158352626448801104 ) ) ;
#7974 = EDGE_CURVE ( 'NONE', #3319, #8710, #524, .T. ) ;
#7975 = ORIENTED_EDGE ( 'NONE', *, *, #9958, .T. ) ;
#7976 = FACE_OUTER_BOUND ( 'NONE', #3985, .T. ) ;
#7977 = ORIENTED_EDGE ( 'NONE', *, *, #1428, .F. ) ;
#7979 = ORIENTED_EDGE ( 'NONE', *, *, #2006, .F. ) ;
#7978 = EDGE_CURVE ( 'NONE', #2449, #6176, #4426, .T. ) ;
#7980 = CARTESIAN_POINT ( 'NONE',  ( -40.34724300086855209, 39.90558252864914834, 9.927353580932464894 ) ) ;
#7981 = CARTESIAN_POINT ( 'NONE',  ( -53.49999999999997868, -30.99999999999998579, 8.000000000000000000 ) ) ;
#7982 = FACE_OUTER_BOUND ( 'NONE', #3408, .T. ) ;
#7983 = CARTESIAN_POINT ( 'NONE',  ( -67.73146578155754582, 37.06368864801578411, 2.054763254799922834 ) ) ;
#7984 = ORIENTED_EDGE ( 'NONE', *, *, #8955, .F. ) ;
#7985 = DIRECTION ( 'NONE',  ( -0.000000000000000000, -0.000000000000000000, -1.000000000000000000 ) ) ;
#7986 = EDGE_CURVE ( 'NONE', #2212, #1575, #1020, .T. ) ;
#7987 = EDGE_LOOP ( 'NONE', ( #466, #6188, #9638, #507 ) ) ;
#7988 = ORIENTED_EDGE ( 'NONE', *, *, #8530, .T. ) ;
#7989 = CARTESIAN_POINT ( 'NONE',  ( -37.08147354769437953, 36.48606594927100133, 1.997877184084314584 ) ) ;
#7990 = CARTESIAN_POINT ( 'NONE',  ( 65.21503641035764076, 30.66767944121274070, 2.666501293717107757 ) ) ;
#7992 = ORIENTED_EDGE ( 'NONE', *, *, #5369, .F. ) ;
#7991 = EDGE_CURVE ( 'NONE', #1677, #740, #3214, .T. ) ;
#7993 = CARTESIAN_POINT ( 'NONE',  ( -62.30330085889914216, -25.21592143066256853, 3.782485578727829090 ) ) ;
#7994 = DIRECTION ( 'NONE',  ( 5.947623346206196316E-15, 0.000000000000000000, 1.000000000000000000 ) ) ;
#7995 = LINE ( 'NONE', #1005, #8816 ) ;
#7996 = CARTESIAN_POINT ( 'NONE',  ( 42.76721222244091791, 42.84441858070981368, 0.000000000000000000 ) ) ;
#7997 = VERTEX_POINT ( 'NONE', #5210 ) ;
#7998 = EDGE_CURVE ( 'NONE', #7799, #2113, #3628, .T. ) ;
#7999 = CIRCLE ( 'NONE', #1804, 1.000000000000000888 ) ;
#8000 = DIRECTION ( 'NONE',  ( 0.000000000000000000, 0.000000000000000000, -1.000000000000000000 ) ) ;
#8001 = DIRECTION ( 'NONE',  ( -1.000000000000000000, 0.000000000000000000, 0.000000000000000000 ) ) ;
#8002 = CARTESIAN_POINT ( 'NONE',  ( 68.35067308946187836, 36.29546283577666088, 1.083399436111918135 ) ) ;
#8003 = CARTESIAN_POINT ( 'NONE',  ( -61.49999999999997868, 16.36000344709535170, 4.915643496599919615 ) ) ;
#8004 = PLANE ( 'NONE',  #849 ) ;
#8005 = CARTESIAN_POINT ( 'NONE',  ( -64.83668654606921677, 29.98862402074612632, 2.122657482642456905 ) ) ;
#8006 = EDGE_CURVE ( 'NONE', #671, #219, #1093, .T. ) ;
#8007 = EDGE_LOOP ( 'NONE', ( #101, #4731, #9015, #2096 ) ) ;
#8008 = ORIENTED_EDGE ( 'NONE', *, *, #3669, .F. ) ;
#8009 = CARTESIAN_POINT ( 'NONE',  ( -43.90743585839049246, 39.19921210006195622, 8.900616390884067641 ) ) ;
#8010 = CARTESIAN_POINT ( 'NONE',  ( 63.25511477492429435, 36.17902973143971224, 4.040334466518940459 ) ) ;
#8011 = VERTEX_POINT ( 'NONE', #9073 ) ;
#8012 = CIRCLE ( 'NONE', #8332, 4.585786437626908629 ) ;
#8013 = TOROIDAL_SURFACE ( 'NONE', #3764, 9.000000000000001776, 1.000000000000000000 ) ;
#8014 = CARTESIAN_POINT ( 'NONE',  ( 63.01040764008575223, -25.21592143066272129, 4.489592359914349018 ) ) ;
#8015 = DIRECTION ( 'NONE',  ( -0.3661598017443423170, -0.9291995180114532848, 0.05015232112103141376 ) ) ;
#8016 = CARTESIAN_POINT ( 'NONE',  ( -37.25181215987404926, 41.58578643762690774, 9.414213562373237920 ) ) ;
#8017 = CARTESIAN_POINT ( 'NONE',  ( 37.86633971754475425, 37.78889535482257145, 3.599159522938018441 ) ) ;
#8018 = ORIENTED_EDGE ( 'NONE', *, *, #9471, .T. ) ;
#8019 = CARTESIAN_POINT ( 'NONE',  ( -64.82305668326173986, 29.96416139212280072, 2.220376524007983132 ) ) ;
#8020 = ORIENTED_EDGE ( 'NONE', *, *, #7155, .F. ) ;
#8021 = ORIENTED_EDGE ( 'NONE', *, *, #5234, .F. ) ;
#8022 = CARTESIAN_POINT ( 'NONE',  ( -44.54883558007766453, 34.99550867569429613, 9.059017977293489565 ) ) ;
#8023 = CARTESIAN_POINT ( 'NONE',  ( -37.83853460719421946, 37.75380318260674528, 3.170475105874028365 ) ) ;
#8024 = CARTESIAN_POINT ( 'NONE',  ( -53.49999999999997158, 38.58578643762704274, 9.000000000000001776 ) ) ;
#8025 = ORIENTED_EDGE ( 'NONE', *, *, #5321, .T. ) ;
#8026 = CARTESIAN_POINT ( 'NONE',  ( 65.54822996584677242, 41.35454234587701450, 2.115599274859263357 ) ) ;
#8027 = VERTEX_POINT ( 'NONE', #3526 ) ;
#8028 = EDGE_LOOP ( 'NONE', ( #4974, #773, #6840, #4099 ) ) ;
#8029 = CARTESIAN_POINT ( 'NONE',  ( -45.22532245313463051, 46.00000000000001421, 2.000000000000000000 ) ) ;
#8030 = CARTESIAN_POINT ( 'NONE',  ( -58.49345050234010301, 42.21877267519573707, 3.782485578727828646 ) ) ;
#8031 = CARTESIAN_POINT ( 'NONE',  ( 41.02058059491443487, 44.20499607892501359, 5.869646242809190895 ) ) ;
#8032 = ADVANCED_FACE ( 'NONE', ( #9836 ), #8226, .T. ) ;
#8033 = DIRECTION ( 'NONE',  ( 1.000000000000000000, -8.385697043307608684E-16, 0.000000000000000000 ) ) ;
#8034 = ORIENTED_EDGE ( 'NONE', *, *, #2238, .T. ) ;
#8035 = LINE ( 'NONE', #1048, #2032 ) ;
#8036 = ORIENTED_EDGE ( 'NONE', *, *, #3234, .F. ) ;
#8037 = CARTESIAN_POINT ( 'NONE',  ( -37.48227522645623111, 36.32995926461795477, 1.977047241281733259 ) ) ;
#8038 = CARTESIAN_POINT ( 'NONE',  ( -64.37703227237203407, 41.33882888061859262, 2.343500030743880025 ) ) ;
#8039 = ORIENTED_EDGE ( 'NONE', *, *, #5529, .T. ) ;
#8040 = CARTESIAN_POINT ( 'NONE',  ( 68.58008182834578292, -0.9785879427572060640, -2.494295390718843208 ) ) ;
#8041 = CARTESIAN_POINT ( 'NONE',  ( 40.72739937499735419, 44.41057199667249478, 5.396676847599089832 ) ) ;
#8042 = DIRECTION ( 'NONE',  ( -0.000000000000000000, -0.000000000000000000, -1.000000000000000000 ) ) ;
#8043 = EDGE_CURVE ( 'NONE', #48, #1517, #932, .T. ) ;
#8044 = CARTESIAN_POINT ( 'NONE',  ( -64.91027342100198894, -30.99999999999996803, 1.935337389948379228 ) ) ;
#8045 = EDGE_LOOP ( 'NONE', ( #8517, #3498, #7263, #5906 ) ) ;
#8046 = EDGE_CURVE ( 'NONE', #4538, #6208, #4668, .T. ) ;
#8047 = AXIS2_PLACEMENT_3D ( 'NONE', #1829, #4229, #2680 ) ;
#8048 = CARTESIAN_POINT ( 'NONE',  ( 38.48086727521762640, 38.57779070964512869, 9.857033048302431766 ) ) ;
#8049 = DIRECTION ( 'NONE',  ( -1.000000000000000000, 0.000000000000000000, 0.000000000000000000 ) ) ;
#8050 = LINE ( 'NONE', #1825, #4001 ) ;
#8051 = CARTESIAN_POINT ( 'NONE',  ( -53.58610283600648927, 42.00447522303135628, 5.995687596072483139 ) ) ;
#8052 = CARTESIAN_POINT ( 'NONE',  ( 51.73464987362545742, -37.99999999999998579, 5.585786437627009882 ) ) ;
#8053 = AXIS2_PLACEMENT_3D ( 'NONE', #2758, #9697, #9037 ) ;
#8054 = ADVANCED_FACE ( 'NONE', ( #4529 ), #2378, .F. ) ;
#8055 = CARTESIAN_POINT ( 'NONE',  ( -42.34785882516991506, 35.36621202937634934, 2.024041060021702254 ) ) ;
#8056 = ORIENTED_EDGE ( 'NONE', *, *, #9320, .T. ) ;
#8057 = EDGE_CURVE ( 'NONE', #9394, #879, #2273, .T. ) ;
#8058 = CARTESIAN_POINT ( 'NONE',  ( 53.50000000000000711, 35.00000000000000711, 0.000000000000000000 ) ) ;
#8059 = ORIENTED_EDGE ( 'NONE', *, *, #7133, .T. ) ;
#8060 = VERTEX_POINT ( 'NONE', #7698 ) ;
#8061 = CARTESIAN_POINT ( 'NONE',  ( 0.000000000000000000, 38.58578643762704274, 9.000000000000001776 ) ) ;
#8062 = CIRCLE ( 'NONE', #409, 1.000000000000000444 ) ;
#8063 = CARTESIAN_POINT ( 'NONE',  ( -35.53207675028569668, 40.00000000000000711, 11.80391671399579856 ) ) ;
#8064 = VERTEX_POINT ( 'NONE', #7030 ) ;
#8065 = DIRECTION ( 'NONE',  ( 1.000000000000000000, 0.000000000000000000, 0.000000000000000000 ) ) ;
#8066 = FACE_OUTER_BOUND ( 'NONE', #1900, .T. ) ;
#8067 = CARTESIAN_POINT ( 'NONE',  ( 64.99999999999995737, -38.49999999999996447, 0.000000000000000000 ) ) ;
#8068 = VECTOR ( 'NONE', #4033, 1000.000000000000000 ) ;
#8069 = VERTEX_POINT ( 'NONE', #761 ) ;
#8070 = CARTESIAN_POINT ( 'NONE',  ( 53.33194294087374487, 41.99999999999972289, 6.000000000000172307 ) ) ;
#8071 = CARTESIAN_POINT ( 'NONE',  ( 65.82195073588803780, -30.58909310845134755, 1.935337389948395437 ) ) ;
#8072 = CARTESIAN_POINT ( 'NONE',  ( -40.00338564730245849, 44.44653300679112817, 6.063463891059539534 ) ) ;
#8073 = AXIS2_PLACEMENT_3D ( 'NONE', #8253, #4224, #7490 ) ;
#8074 = VERTEX_POINT ( 'NONE', #3860 ) ;
#8075 =( BOUNDED_SURFACE ( )  B_SPLINE_SURFACE ( 3, 2, ( 
 ( #2646, #8777, #883 ),
 ( #9631, #1792, #7152 ),
 ( #5572, #8022, #200 ),
 ( #5766, #3320, #4868 ) ),
 .UNSPECIFIED., .F., .F., .T. ) 
 B_SPLINE_SURFACE_WITH_KNOTS ( ( 4, 4 ),
 ( 3, 3 ),
 ( 0.000000000000000000, 0.002206684909544850016 ),
 ( 0.000000000000000000, 1.000000000000000000 ),
 .UNSPECIFIED. ) 
 GEOMETRIC_REPRESENTATION_ITEM ( )  RATIONAL_B_SPLINE_SURFACE ( (
 ( 1.000000000000000000, 0.6838386965131059148, 1.000000000000000000),
 ( 1.000000000000000000, 0.6975376376063714412, 1.000000000000000000),
 ( 1.000000000000000000, 0.7055021262958809380, 1.000000000000000000),
 ( 1.000000000000000000, 0.7071067811865476838, 1.000000000000000000) ) ) 
 REPRESENTATION_ITEM ( '' )  SURFACE ( )  );
#8076 = DIRECTION ( 'NONE',  ( -0.7888953548225519086, 0.6145275576728842504, 0.000000000000000000 ) ) ;
#8077 = ORIENTED_EDGE ( 'NONE', *, *, #2491, .T. ) ;
#8078 = ORIENTED_EDGE ( 'NONE', *, *, #3836, .F. ) ;
#8079 = CARTESIAN_POINT ( 'NONE',  ( 64.60900765759950559, 30.36545378237786963, 2.890992342400592108 ) ) ;
#8080 = CARTESIAN_POINT ( 'NONE',  ( -45.28558440016237796, 38.56942981417392247, 9.014539220847220591 ) ) ;
#8081 = CARTESIAN_POINT ( 'NONE',  ( -40.63942290680183334, 40.11288427245679600, 9.462479898702845560 ) ) ;
#8082 = CARTESIAN_POINT ( 'NONE',  ( 42.16803262125496587, 43.31116283858042237, 5.585786437626999223 ) ) ;
#8083 = ORIENTED_EDGE ( 'NONE', *, *, #3923, .T. ) ;
#8084 = CIRCLE ( 'NONE', #5797, 0.9999999999999986677 ) ;
#8085 = CARTESIAN_POINT ( 'NONE',  ( -54.27578636569549531, -38.93786307519371803, 6.062136924806375227 ) ) ;
#8086 = CARTESIAN_POINT ( 'NONE',  ( -37.25181215987404215, 38.00000000000000711, 10.24355300057547780 ) ) ;
#8087 = ORIENTED_EDGE ( 'NONE', *, *, #232, .F. ) ;
#8088 = ADVANCED_FACE ( 'NONE', ( #2226 ), #5502, .F. ) ;
#8089 = DIRECTION ( 'NONE',  ( 0.000000000000000000, 0.000000000000000000, 1.000000000000000000 ) ) ;
#8090 = CARTESIAN_POINT ( 'NONE',  ( -41.46820687710301456, 38.97430196203941932, 9.965843042985737199 ) ) ;
#8091 = ADVANCED_FACE ( 'NONE', ( #5295 ), #5869, .T. ) ;
#8092 = AXIS2_PLACEMENT_3D ( 'NONE', #4692, #3761, #1369 ) ;
#8093 = ORIENTED_EDGE ( 'NONE', *, *, #189, .F. ) ;
#8094 = CARTESIAN_POINT ( 'NONE',  ( 41.08401631062694292, 44.15558141929021474, 5.452194488184176180 ) ) ;
#8095 = DIRECTION ( 'NONE',  ( -0.000000000000000000, -0.000000000000000000, -1.000000000000000000 ) ) ;
#8096 = ORIENTED_EDGE ( 'NONE', *, *, #5598, .T. ) ;
#8097 = CARTESIAN_POINT ( 'NONE',  ( -35.96089076002193252, 40.00087433821950356, 11.69781383595683444 ) ) ;
#8098 = CARTESIAN_POINT ( 'NONE',  ( -61.20710678118653192, 21.07884740024819337, 6.292893218813557787 ) ) ;
#8099 = B_SPLINE_CURVE_WITH_KNOTS ( 'NONE', 3,
 ( #3950, #9401, #7064, #2411 ),
 .UNSPECIFIED., .F., .F.,
 ( 4, 4 ),
 ( 0.000000000000000000, 0.001933575004256058057 ),
 .UNSPECIFIED. ) ;
#8100 = CIRCLE ( 'NONE', #262, 9.000000000000001776 ) ;
#8101 = FACE_OUTER_BOUND ( 'NONE', #4905, .T. ) ;
#8102 = B_SPLINE_CURVE_WITH_KNOTS ( 'NONE', 3,
 ( #8017, #9628, #3315, #7967 ),
 .UNSPECIFIED., .F., .F.,
 ( 4, 4 ),
 ( 0.000000000000000000, 1.444166471589101614E-05 ),
 .UNSPECIFIED. ) ;
#8103 = LINE ( 'NONE', #8704, #8414 ) ;
#8104 = CARTESIAN_POINT ( 'NONE',  ( -67.89999999999996305, 38.49999999999999289, 2.011090376433329663 ) ) ;
#8105 = EDGE_CURVE ( 'NONE', #1833, #1336, #99, .T. ) ;
#8106 = CARTESIAN_POINT ( 'NONE',  ( -63.28757163686336895, -24.96607733669311102, 4.212428363136704768 ) ) ;
#8107 = VECTOR ( 'NONE', #6492, 1000.000000000000000 ) ;
#8108 = CARTESIAN_POINT ( 'NONE',  ( -60.49999999999997868, -18.10646878060354936, 5.585786437627026757 ) ) ;
#8109 = CIRCLE ( 'NONE', #941, 4.585786437627040080 ) ;
#8110 = LINE ( 'NONE', #1118, #6211 ) ;
#8111 = CARTESIAN_POINT ( 'NONE',  ( -45.76767997638421548, 36.00000000000001421, 9.000000000000001776 ) ) ;
#8112 = ORIENTED_EDGE ( 'NONE', *, *, #2801, .T. ) ;
#8113 = ORIENTED_EDGE ( 'NONE', *, *, #8769, .T. ) ;
#8114 = CARTESIAN_POINT ( 'NONE',  ( -37.98814505615307269, 37.77300576792017495, 11.06027185431478621 ) ) ;
#8115 = AXIS2_PLACEMENT_3D ( 'NONE', #3145, #1566, #5739 ) ;
#8116 = DIRECTION ( 'NONE',  ( 1.000000000000000000, 0.000000000000000000, 0.000000000000000000 ) ) ;
#8117 = ADVANCED_FACE ( 'NONE', ( #1512 ), #4502, .T. ) ;
#8118 = EDGE_LOOP ( 'NONE', ( #3927, #6651, #8369, #1537 ) ) ;
#8119 = CARTESIAN_POINT ( 'NONE',  ( -42.71026272988828509, 38.44784786413717370, 9.575234547934783791 ) ) ;
#8120 = CARTESIAN_POINT ( 'NONE',  ( -58.40906471276029066, 24.82685288287921921, 8.630539114133402023 ) ) ;
#8121 = DIRECTION ( 'NONE',  ( -0.7888953548225503543, 0.6145275576728864708, -1.422489009618371722E-15 ) ) ;
#8122 = EDGE_CURVE ( 'NONE', #8527, #9102, #9406, .T. ) ;
#8123 = CARTESIAN_POINT ( 'NONE',  ( -37.15206164698618352, 36.67146432352386398, 2.017177229515014325 ) ) ;
#8124 = CARTESIAN_POINT ( 'NONE',  ( -64.91357249342296143, 30.67843134909667313, 2.743216051806854683 ) ) ;
#8125 = CIRCLE ( 'NONE', #9410, 0.9999999999999996669 ) ;
#8126 = LINE ( 'NONE', #1331, #1049 ) ;
#8127 = DIRECTION ( 'NONE',  ( 1.000000000000000000, -0.000000000000000000, 0.000000000000000000 ) ) ;
#8128 = DIRECTION ( 'NONE',  ( -0.000000000000000000, 0.000000000000000000, 1.000000000000000000 ) ) ;
#8129 = EDGE_CURVE ( 'NONE', #6397, #4782, #6983, .T. ) ;
#8130 = VERTEX_POINT ( 'NONE', #3090 ) ;
#8131 = CARTESIAN_POINT ( 'NONE',  ( 60.49999999999997158, -4.640181046290678069, 5.500000000000000888 ) ) ;
#8132 = ORIENTED_EDGE ( 'NONE', *, *, #952, .F. ) ;
#8133 = ORIENTED_EDGE ( 'NONE', *, *, #6928, .T. ) ;
#8134 = CARTESIAN_POINT ( 'NONE',  ( 37.86272559587217046, 37.79171065516754169, 3.599222821225570357 ) ) ;
#8135 = CARTESIAN_POINT ( 'NONE',  ( -64.84692838450935426, 30.83088100584263458, 2.846880967634517479 ) ) ;
#8136 = CARTESIAN_POINT ( 'NONE',  ( 39.55316018564457892, 39.56921620715308308, 10.56809736546685485 ) ) ;
#8137 = CARTESIAN_POINT ( 'NONE',  ( -40.34724300086855209, 39.90558252864914834, 9.927353580932464894 ) ) ;
#8138 = CARTESIAN_POINT ( 'NONE',  ( -59.11617149394682968, 25.12723994640310465, 8.383828506053269791 ) ) ;
#8139 = FACE_OUTER_BOUND ( 'NONE', #9243, .T. ) ;
#8140 =( BOUNDED_CURVE ( )  B_SPLINE_CURVE ( 3, ( #8285, #9800, #7474, #8943 ),
 .UNSPECIFIED., .F., .T. ) 
 B_SPLINE_CURVE_WITH_KNOTS ( ( 4, 4 ),
 ( 2.633260691093930461, 3.141592653589796225 ),
 .UNSPECIFIED. ) 
 CURVE ( )  GEOMETRIC_REPRESENTATION_ITEM ( )  RATIONAL_B_SPLINE_CURVE ( ( 1.000000000000000000, 0.9785822243453268232, 0.9785822243453268232, 1.000000000000000000 ) ) 
 REPRESENTATION_ITEM ( '' )  );
#8141 = VERTEX_POINT ( 'NONE', #6212 ) ;
#8142 = DIRECTION ( 'NONE',  ( 0.000000000000000000, 0.000000000000000000, -1.000000000000000000 ) ) ;
#8143 = CARTESIAN_POINT ( 'NONE',  ( 33.77171203778522823, 40.00000000000000711, 12.00000000000000000 ) ) ;
#8144 = ORIENTED_EDGE ( 'NONE', *, *, #8685, .F. ) ;
#8145 = DIRECTION ( 'NONE',  ( 1.000000000000000000, 0.000000000000000000, 0.000000000000000000 ) ) ;
#8146 = CARTESIAN_POINT ( 'NONE',  ( 39.50508290156524538, 44.92745789891608865, 5.356333567196491785 ) ) ;
#8147 = ORIENTED_EDGE ( 'NONE', *, *, #4064, .T. ) ;
#8148 = ORIENTED_EDGE ( 'NONE', *, *, #9510, .F. ) ;
#8149 = CARTESIAN_POINT ( 'NONE',  ( 62.09999999999995879, -38.50000000000074607, 3.059631282596559920 ) ) ;
#8150 = CARTESIAN_POINT ( 'NONE',  ( -67.71688767352253535, -37.22702271070566127, 2.000000000000000000 ) ) ;
#8151 = EDGE_CURVE ( 'NONE', #8419, #7201, #2321, .T. ) ;
#8152 = CARTESIAN_POINT ( 'NONE',  ( 64.99999999999998579, 38.49999999999999289, 0.000000000000000000 ) ) ;
#8153 = DIRECTION ( 'NONE',  ( 1.000000000000000000, 0.000000000000000000, -0.000000000000000000 ) ) ;
#8154 = CARTESIAN_POINT ( 'NONE',  ( -64.99999999999995737, -38.49999999999999289, 2.000000000000000000 ) ) ;
#8155 = CARTESIAN_POINT ( 'NONE',  ( -65.34296203775666356, -30.99999999999997158, 2.836880822585392092 ) ) ;
#8156 = CARTESIAN_POINT ( 'NONE',  ( 60.66136928310998400, -41.30544136582513914, 1.673025341638255004 ) ) ;
#8157 = CARTESIAN_POINT ( 'NONE',  ( -40.67398994830582382, 35.41550402646624462, 1.490308852128645833 ) ) ;
#8158 = ORIENTED_EDGE ( 'NONE', *, *, #5367, .F. ) ;
#8159 = CARTESIAN_POINT ( 'NONE',  ( 62.37631243376095114, -39.74911280551421555, 2.566909107313765759 ) ) ;
#8160 = VERTEX_POINT ( 'NONE', #1563 ) ;
#8161 = EDGE_CURVE ( 'NONE', #2286, #219, #3720, .T. ) ;
#8162 = CARTESIAN_POINT ( 'NONE',  ( 53.25379579564052079, 41.70710678118656034, 6.292893218813554235 ) ) ;
#8163 = AXIS2_PLACEMENT_3D ( 'NONE', #3754, #9256, #7741 ) ;
#8164 = CARTESIAN_POINT ( 'NONE',  ( 40.94616975615809196, 39.81849182453820646, 9.506220341200521062 ) ) ;
#8165 = ORIENTED_EDGE ( 'NONE', *, *, #9591, .T. ) ;
#8166 = B_SPLINE_CURVE_WITH_KNOTS ( 'NONE', 3,
 ( #6288, #4771, #3172, #794 ),
 .UNSPECIFIED., .F., .F.,
 ( 4, 4 ),
 ( 0.000000000000000000, 0.001380572674693883494 ),
 .UNSPECIFIED. ) ;
#8167 = CARTESIAN_POINT ( 'NONE',  ( -63.06522442139296203, -40.66422846473459174, 2.219389528998504613 ) ) ;
#8168 = FACE_OUTER_BOUND ( 'NONE', #2394, .T. ) ;
#8169 = CARTESIAN_POINT ( 'NONE',  ( 61.49999999999996447, -18.58303575079964531, 5.585786437627064949 ) ) ;
#8170 = AXIS2_PLACEMENT_3D ( 'NONE', #5040, #9660, #2674 ) ;
#8171 = CARTESIAN_POINT ( 'NONE',  ( 38.46551931873071339, 37.32215109695196276, 9.668599781183530695 ) ) ;
#8172 = CARTESIAN_POINT ( 'NONE',  ( -64.13452373906478954, -41.40836774813109145, 2.024157420073386948 ) ) ;
#8173 = EDGE_CURVE ( 'NONE', #6155, #1202, #6618, .T. ) ;
#8174 = CARTESIAN_POINT ( 'NONE',  ( -38.26254553941016923, 44.70240897298238281, 6.247144805244792209 ) ) ;
#8175 = CARTESIAN_POINT ( 'NONE',  ( 41.46820687710480513, 38.97430196203704611, 9.965843042985181199 ) ) ;
#8176 = AXIS2_PLACEMENT_3D ( 'NONE', #2883, #8400, #1977 ) ;
#8177 = CARTESIAN_POINT ( 'NONE',  ( 56.69544737387892042, -40.02870223093123769, 3.782485578727831754 ) ) ;
#8178 = ORIENTED_EDGE ( 'NONE', *, *, #690, .F. ) ;
#8179 = CARTESIAN_POINT ( 'NONE',  ( 60.49999999999997158, 4.508169414544844322, 5.499999999999999112 ) ) ;
#8180 = VERTEX_POINT ( 'NONE', #8656 ) ;
#8181 = ORIENTED_EDGE ( 'NONE', *, *, #9217, .F. ) ;
#8182 = CARTESIAN_POINT ( 'NONE',  ( 64.83859017540777359, 30.08076800618805180, 2.409030888338900667 ) ) ;
#8183 = LINE ( 'NONE', #1242, #2712 ) ;
#8184 = CARTESIAN_POINT ( 'NONE',  ( -40.27017094683984766, 40.46170346599079437, 9.414213562372287569 ) ) ;
#8185 = AXIS2_PLACEMENT_3D ( 'NONE', #7471, #8989, #4359 ) ;
#8186 = EDGE_CURVE ( 'NONE', #4874, #8380, #2861, .T. ) ;
#8187 = FACE_OUTER_BOUND ( 'NONE', #1394, .T. ) ;
#8188 = EDGE_CURVE ( 'NONE', #5884, #1831, #2424, .T. ) ;
#8189 = LINE ( 'NONE', #580, #891 ) ;
#8190 = EDGE_CURVE ( 'NONE', #1557, #4282, #3936, .T. ) ;
#8191 = CARTESIAN_POINT ( 'NONE',  ( -64.13452373906478954, -41.40836774813109145, 2.024157420073386948 ) ) ;
#8192 = ORIENTED_EDGE ( 'NONE', *, *, #8431, .F. ) ;
#8193 = CARTESIAN_POINT ( 'NONE',  ( 36.72653864916154021, -20.46295559210648562, 0.000000000000000000 ) ) ;
#8194 = DIRECTION ( 'NONE',  ( 0.000000000000000000, 1.000000000000000000, 0.000000000000000000 ) ) ;
#8195 = ORIENTED_EDGE ( 'NONE', *, *, #239, .F. ) ;
#8196 = CARTESIAN_POINT ( 'NONE',  ( -53.49999999999997868, -30.99999999999998579, 2.000000000000000000 ) ) ;
#8197 = CARTESIAN_POINT ( 'NONE',  ( 39.48418127831129709, 44.62493617490457609, 6.063440347764806226 ) ) ;
#8198 = ORIENTED_EDGE ( 'NONE', *, *, #8829, .F. ) ;
#8199 = DIRECTION ( 'NONE',  ( -1.000000000000000000, 0.000000000000000000, 0.000000000000000000 ) ) ;
#8200 = EDGE_CURVE ( 'NONE', #1759, #7088, #6294, .T. ) ;
#8201 = CARTESIAN_POINT ( 'NONE',  ( 61.49999999999998579, 21.07884740024822179, 6.000000000000140332 ) ) ;
#8202 =( BOUNDED_CURVE ( )  B_SPLINE_CURVE ( 2, ( #7098, #4706, #9279 ),
 .UNSPECIFIED., .F., .F. ) 
 B_SPLINE_CURVE_WITH_KNOTS ( ( 3, 3 ),
 ( 0.000000000000000000, 1.000000000000000000 ),
 .UNSPECIFIED. ) 
 CURVE ( )  GEOMETRIC_REPRESENTATION_ITEM ( )  RATIONAL_B_SPLINE_CURVE ( ( 1.000000000000000000, 0.7071067811865475727, 1.000000000000000000 ) ) 
 REPRESENTATION_ITEM ( '' )  );
#8203 = ADVANCED_FACE ( 'NONE', ( #2626 ), #8758, .T. ) ;
#8204 = DIRECTION ( 'NONE',  ( 0.000000000000000000, -0.000000000000000000, -1.000000000000000000 ) ) ;
#8205 = DIRECTION ( 'NONE',  ( -1.000000000000000000, 0.000000000000000000, 0.000000000000000000 ) ) ;
#8206 = CARTESIAN_POINT ( 'NONE',  ( -53.49999999999997868, 34.00000000000000711, 10.50000000000000000 ) ) ;
#8207 = CARTESIAN_POINT ( 'NONE',  ( -54.49999999999997868, 0.000000000000000000, 2.000000000000000000 ) ) ;
#8208 = DIRECTION ( 'NONE',  ( 0.000000000000000000, 0.9044134026110569602, -0.4266572361714848771 ) ) ;
#8209 = VERTEX_POINT ( 'NONE', #2526 ) ;
#8210 = CIRCLE ( 'NONE', #3792, 1.000000000000000000 ) ;
#8211 = CARTESIAN_POINT ( 'NONE',  ( -65.75823743709059954, -32.06881586626585090, 2.637572689881816590 ) ) ;
#8212 = CARTESIAN_POINT ( 'NONE',  ( -54.49999999999997868, 34.00000000000000000, 2.000000000000000000 ) ) ;
#8213 = EDGE_LOOP ( 'NONE', ( #687, #1025, #2872, #6818, #6402 ) ) ;
#8214 = LINE ( 'NONE', #7398, #3012 ) ;
#8215 = AXIS2_PLACEMENT_3D ( 'NONE', #5971, #8975, #3670 ) ;
#8216 = ORIENTED_EDGE ( 'NONE', *, *, #1755, .T. ) ;
#8217 = FACE_OUTER_BOUND ( 'NONE', #7324, .T. ) ;
#8218 = EDGE_CURVE ( 'NONE', #6197, #5394, #8103, .T. ) ;
#8219 = ADVANCED_FACE ( 'NONE', ( #1824 ), #5550, .T. ) ;
#8220 = DIRECTION ( 'NONE',  ( -1.000000000000000000, 0.000000000000000000, -0.000000000000000000 ) ) ;
#8221 = CARTESIAN_POINT ( 'NONE',  ( -61.49999999999997158, 13.65651987538036316, 5.499999999999998224 ) ) ;
#8222 = CARTESIAN_POINT ( 'NONE',  ( -64.83668654606921677, 29.98862402074612632, 2.122657482642456905 ) ) ;
#8223 = AXIS2_PLACEMENT_3D ( 'NONE', #556, #6777, #12 ) ;
#8224 = CARTESIAN_POINT ( 'NONE',  ( 38.46551931873069918, 37.32215109695196986, 3.554094482563460389 ) ) ;
#8225 = CARTESIAN_POINT ( 'NONE',  ( 40.65223532897529424, 35.99095934526193474, 2.851903717066546218 ) ) ;
#8226 = SPHERICAL_SURFACE ( 'NONE', #3843, 1.000000000000000000 ) ;
#8227 = EDGE_LOOP ( 'NONE', ( #6627, #179, #4322, #1679 ) ) ;
#8228 = CARTESIAN_POINT ( 'NONE',  ( 53.50000000000001421, -38.83503435370123924, 6.164965646298851354 ) ) ;
#8229 = ORIENTED_EDGE ( 'NONE', *, *, #2661, .F. ) ;
#8230 = ADVANCED_FACE ( 'NONE', ( #5600 ), #1623, .T. ) ;
#8231 = VERTEX_POINT ( 'NONE', #6466 ) ;
#8232 = TOROIDAL_SURFACE ( 'NONE', #2189, 7.000000000000000000, 1.000000000000000000 ) ;
#8233 = CARTESIAN_POINT ( 'NONE',  ( -37.48227522645620979, 36.32995926461796188, 1.977047241281732370 ) ) ;
#8234 = CARTESIAN_POINT ( 'NONE',  ( -45.44608827571403253, 38.58033093645391176, 9.004849334376059389 ) ) ;
#8235 = DIRECTION ( 'NONE',  ( 0.3000000000000017653, 0.000000000000000000, 0.9539392014169451040 ) ) ;
#8236 = CARTESIAN_POINT ( 'NONE',  ( -60.49999999999998579, 13.65651987538036671, 13.49999999999999645 ) ) ;
#8237 = CARTESIAN_POINT ( 'NONE',  ( 65.75823743706695268, -32.06881586628306025, 2.637572689893185274 ) ) ;
#8238 = EDGE_LOOP ( 'NONE', ( #2802, #569, #2860, #4625 ) ) ;
#8239 = DIRECTION ( 'NONE',  ( 0.000000000000000000, 1.000000000000000000, 0.000000000000000000 ) ) ;
#8240 = EDGE_LOOP ( 'NONE', ( #7835, #1964, #265, #7157 ) ) ;
#8241 = DIRECTION ( 'NONE',  ( 1.000000000000000000, 0.000000000000000000, 0.000000000000000000 ) ) ;
#8242 = CARTESIAN_POINT ( 'NONE',  ( -62.58561108138834328, 40.14470424708849094, 3.311322445924039126 ) ) ;
#8243 = EDGE_CURVE ( 'NONE', #4268, #7662, #1412, .T. ) ;
#8244 = ORIENTED_EDGE ( 'NONE', *, *, #4748, .F. ) ;
#8245 = DIRECTION ( 'NONE',  ( -0.000000000000000000, -0.000000000000000000, -1.000000000000000000 ) ) ;
#8246 = AXIS2_PLACEMENT_3D ( 'NONE', #9187, #5374, #2912 ) ;
#8247 = ADVANCED_FACE ( 'NONE', ( #7896 ), #9564, .F. ) ;
#8248 = CARTESIAN_POINT ( 'NONE',  ( -40.98925096511354838, 39.43351841320340156, 9.806494209927977934 ) ) ;
#8249 = CARTESIAN_POINT ( 'NONE',  ( -68.99927891515093847, 38.76442192169491108, 1.003969201588831961 ) ) ;
#8250 = AXIS2_PLACEMENT_3D ( 'NONE', #79, #9466, #1614 ) ;
#8251 = FACE_OUTER_BOUND ( 'NONE', #1779, .T. ) ;
#8252 = CARTESIAN_POINT ( 'NONE',  ( -41.08401631062912429, 44.15558141929020053, 5.452194488184168186 ) ) ;
#8253 = CARTESIAN_POINT ( 'NONE',  ( -64.99999999999995737, -38.49999999999999289, 0.000000000000000000 ) ) ;
#8254 = CARTESIAN_POINT ( 'NONE',  ( -33.77171203778518560, 39.00000000000000711, 11.00000000000000000 ) ) ;
#8255 = CARTESIAN_POINT ( 'NONE',  ( 63.77424175958427810, -42.30756047043942658, 1.026999469493790507 ) ) ;
#8256 =( BOUNDED_SURFACE ( )  B_SPLINE_SURFACE ( 3, 2, ( 
 ( #5267, #6231, #3064 ),
 ( #7764, #8572, #7714 ),
 ( #9130, #1483, #4546 ),
 ( #4649, #784, #6184 ) ),
 .UNSPECIFIED., .F., .F., .T. ) 
 B_SPLINE_SURFACE_WITH_KNOTS ( ( 4, 4 ),
 ( 3, 3 ),
 ( -8.673617379884035472E-19, 0.001857902937490131566 ),
 ( 0.000000000000000000, 1.000000000000000000 ),
 .UNSPECIFIED. ) 
 GEOMETRIC_REPRESENTATION_ITEM ( )  RATIONAL_B_SPLINE_SURFACE ( (
 ( 1.000000000000000000, 0.8750273689932415166, 1.000000000000000000),
 ( 1.000000000000000000, 0.8809073441606027899, 1.000000000000000000),
 ( 1.000000000000000000, 0.8871304625831570867, 1.000000000000000000),
 ( 1.000000000000000000, 0.8933820076829187551, 1.000000000000000000) ) ) 
 REPRESENTATION_ITEM ( '' )  SURFACE ( )  );
#8257 = CARTESIAN_POINT ( 'NONE',  ( -62.10000000000057696, 38.32020647922799128, 4.378170355131958402 ) ) ;
#8258 = VECTOR ( 'NONE', #397, 1000.000000000000000 ) ;
#8259 = VERTEX_POINT ( 'NONE', #1061 ) ;
#8260 = AXIS2_PLACEMENT_3D ( 'NONE', #9999, #1495, #2258 ) ;
#8261 = DIRECTION ( 'NONE',  ( -0.000000000000000000, -0.000000000000000000, -1.000000000000000000 ) ) ;
#8262 = AXIS2_PLACEMENT_3D ( 'NONE', #4, #5992, #9087 ) ;
#8263 = CARTESIAN_POINT ( 'NONE',  ( 45.22532245313248467, 41.00000000000000711, 5.585786437626938827 ) ) ;
#8264 = CIRCLE ( 'NONE', #7618, 0.9999999999999994449 ) ;
#8265 = CARTESIAN_POINT ( 'NONE',  ( -62.11036401620408753, -38.14633255505202669, 3.184990779862583388 ) ) ;
#8266 = LINE ( 'NONE', #4389, #6149 ) ;
#8267 = CARTESIAN_POINT ( 'NONE',  ( -38.06730242773821260, 37.63235098842184101, 3.595570915541701940 ) ) ;
#8268 = CARTESIAN_POINT ( 'NONE',  ( -65.82195073588803780, -30.58909310845132623, 1.935337389948381226 ) ) ;
#8269 = CARTESIAN_POINT ( 'NONE',  ( 62.50676254597736659, -41.89952411679618649, 1.173501704760349540 ) ) ;
#8270 = CIRCLE ( 'NONE', #8588, 11.24453208529338433 ) ;
#8271 = CARTESIAN_POINT ( 'NONE',  ( 45.22532245313247046, 35.00000000000000711, 0.3999999999999999667 ) ) ;
#8272 = CARTESIAN_POINT ( 'NONE',  ( 42.91675237710353485, 35.22922193125216239, 1.714004057850808227 ) ) ;
#8273 = ADVANCED_FACE ( 'NONE', ( #4167 ), #7282, .T. ) ;
#8274 = CARTESIAN_POINT ( 'NONE',  ( 37.25181215987187500, 40.05756524985241640, 10.24355300057616880 ) ) ;
#8275 = ORIENTED_EDGE ( 'NONE', *, *, #5780, .T. ) ;
#8276 = FACE_OUTER_BOUND ( 'NONE', #2306, .T. ) ;
#8277 = CIRCLE ( 'NONE', #3385, 0.9999999999999996669 ) ;
#8278 = ORIENTED_EDGE ( 'NONE', *, *, #3088, .T. ) ;
#8279 = ORIENTED_EDGE ( 'NONE', *, *, #8545, .F. ) ;
#8280 = CARTESIAN_POINT ( 'NONE',  ( -37.22175443614124646, 37.80226517070335035, 2.816767905879484779 ) ) ;
#8281 = CARTESIAN_POINT ( 'NONE',  ( -61.49999999999997868, -17.62844663266956147, 5.360279376500486137 ) ) ;
#8282 = CARTESIAN_POINT ( 'NONE',  ( 63.68544955132306029, 42.44624414427853765, 1.392559014694771058 ) ) ;
#8283 = CARTESIAN_POINT ( 'NONE',  ( 67.71688767352256377, -37.22702271070570390, 2.000000000000000000 ) ) ;
#8284 = ORIENTED_EDGE ( 'NONE', *, *, #2429, .T. ) ;
#8285 = CARTESIAN_POINT ( 'NONE',  ( 62.92178572398721315, 26.55179502823069981, 4.037558304724731428 ) ) ;
#8286 =( BOUNDED_CURVE ( )  B_SPLINE_CURVE ( 3, ( #1886, #241, #302, #8120 ),
 .UNSPECIFIED., .F., .T. ) 
 B_SPLINE_CURVE_WITH_KNOTS ( ( 4, 4 ),
 ( 0.000000000000000000, 0.3050984327404896446 ),
 .UNSPECIFIED. ) 
 CURVE ( )  GEOMETRIC_REPRESENTATION_ITEM ( )  RATIONAL_B_SPLINE_CURVE ( ( 1.000000000000000000, 0.9922579436335261516, 0.9922579436335261516, 1.000000000000000000 ) ) 
 REPRESENTATION_ITEM ( '' )  );
#8287 = PLANE ( 'NONE',  #4473 ) ;
#8288 = ADVANCED_FACE ( 'NONE', ( #3502 ), #6786, .T. ) ;
#8289 = ORIENTED_EDGE ( 'NONE', *, *, #8312, .F. ) ;
#8290 = CARTESIAN_POINT ( 'NONE',  ( 36.17171203778521971, 37.99999999999999289, 11.63151361133556705 ) ) ;
#8291 = CARTESIAN_POINT ( 'NONE',  ( -53.49999999999997158, 38.00000000000001421, 10.00000000000014033 ) ) ;
#8292 = EDGE_LOOP ( 'NONE', ( #7245, #7124, #1835, #9086, #7136, #6986 ) ) ;
#8293 = CARTESIAN_POINT ( 'NONE',  ( -63.39999999999995595, 38.50000000000000711, 0.000000000000000000 ) ) ;
#8294 = CARTESIAN_POINT ( 'NONE',  ( -57.49999999999997868, -30.99999999999997158, 10.00000000000014033 ) ) ;
#8295 = ORIENTED_EDGE ( 'NONE', *, *, #239, .T. ) ;
#8296 = CARTESIAN_POINT ( 'NONE',  ( -54.49999999999997868, 13.65651987538036671, 13.49999999999999645 ) ) ;
#8297 = CARTESIAN_POINT ( 'NONE',  ( -69.00069004409874651, 38.25786374725591088, 1.007926858659454972 ) ) ;
#8298 = ADVANCED_FACE ( 'NONE', ( #5901 ), #438, .T. ) ;
#8299 = EDGE_CURVE ( 'NONE', #8060, #6098, #6003, .T. ) ;
#8300 = ADVANCED_FACE ( 'NONE', ( #5088 ), #5972, .F. ) ;
#8301 = CARTESIAN_POINT ( 'NONE',  ( -38.76211111321535441, 44.69386467622283732, 6.159301269370713428 ) ) ;
#8302 = CARTESIAN_POINT ( 'NONE',  ( 67.87618796401147847, 37.42037800267572578, 2.032565609253946359 ) ) ;
#8303 = LINE ( 'NONE', #1314, #2846 ) ;
#8304 = CARTESIAN_POINT ( 'NONE',  ( -64.94885677125699885, -28.65196336519670339, 2.954730448825928057 ) ) ;
#8305 = CARTESIAN_POINT ( 'NONE',  ( -58.75489261934961860, -21.37903042612311211, 8.235307220888456570 ) ) ;
#8306 = CARTESIAN_POINT ( 'NONE',  ( -1.734079847261851048, 39.58008867725909852, 2.000000000000000000 ) ) ;
#8307 = ORIENTED_EDGE ( 'NONE', *, *, #6715, .F. ) ;
#8308 = CARTESIAN_POINT ( 'NONE',  ( 64.60900765759950559, 30.36545378237786963, 2.890992342400592108 ) ) ;
#8309 = ORIENTED_EDGE ( 'NONE', *, *, #8795, .T. ) ;
#8310 = ORIENTED_EDGE ( 'NONE', *, *, #5812, .T. ) ;
#8311 = CARTESIAN_POINT ( 'NONE',  ( 39.38004687640358981, 38.11104645177451999, 10.62253898260047968 ) ) ;
#8312 = EDGE_CURVE ( 'NONE', #4682, #972, #5324, .T. ) ;
#8313 = FACE_OUTER_BOUND ( 'NONE', #7043, .T. ) ;
#8314 = CARTESIAN_POINT ( 'NONE',  ( -64.69971466520266290, -35.60480785936392323, 2.711586934583810393 ) ) ;
#8315 = CARTESIAN_POINT ( 'NONE',  ( -62.10078427502716636, 24.82820652873299849, 4.931573147459986650 ) ) ;
#8316 = CARTESIAN_POINT ( 'NONE',  ( 66.52444507300296550, -0.6414826387398450125, -0.4386586353759998058 ) ) ;
#8317 = CARTESIAN_POINT ( 'NONE',  ( -61.49999999999997158, 4.508169414544843434, 5.499999999999999112 ) ) ;
#8318 = AXIS2_PLACEMENT_3D ( 'NONE', #4990, #6771, #2880 ) ;
#8319 = DIRECTION ( 'NONE',  ( 0.9995957790892544548, -0.02010321400853808116, 0.02010321400854857971 ) ) ;
#8320 = CARTESIAN_POINT ( 'NONE',  ( 45.08170598004781482, 35.00000000000001421, 0.4829032199376649404 ) ) ;
#8321 = CARTESIAN_POINT ( 'NONE',  ( 60.49999999999996447, -18.10646878060362042, 5.585786437627058731 ) ) ;
#8322 = ORIENTED_EDGE ( 'NONE', *, *, #3055, .T. ) ;
#8323 = AXIS2_PLACEMENT_3D ( 'NONE', #3823, #2339, #5464 ) ;
#8324 = DIRECTION ( 'NONE',  ( 0.000000000000000000, 0.000000000000000000, -1.000000000000000000 ) ) ;
#8325 = ORIENTED_EDGE ( 'NONE', *, *, #1262, .T. ) ;
#8326 = ORIENTED_EDGE ( 'NONE', *, *, #1938, .T. ) ;
#8327 = CARTESIAN_POINT ( 'NONE',  ( 38.26637666523126313, 37.47727768976989182, 3.580657097877285366 ) ) ;
#8328 = CARTESIAN_POINT ( 'NONE',  ( -41.45040878927937911, 39.24440577394009466, 9.738735459798096628 ) ) ;
#8329 = CARTESIAN_POINT ( 'NONE',  ( -63.01040764008569539, 33.99999999999999289, 4.489592359914372111 ) ) ;
#8330 = DIRECTION ( 'NONE',  ( -1.000000000000000000, 0.000000000000000000, 0.000000000000000000 ) ) ;
#8331 = DIRECTION ( 'NONE',  ( 0.000000000000000000, 0.3003870635238867215, -0.9538173892666753639 ) ) ;
#8332 = AXIS2_PLACEMENT_3D ( 'NONE', #9666, #2678, #7541 ) ;
#8333 = ORIENTED_EDGE ( 'NONE', *, *, #7238, .T. ) ;
#8334 = CARTESIAN_POINT ( 'NONE',  ( 43.61942028960350370, 35.08950487480469604, 8.195120807256538242 ) ) ;
#8335 = LINE ( 'NONE', #1393, #9696 ) ;
#8336 = ORIENTED_EDGE ( 'NONE', *, *, #5918, .T. ) ;
#8337 = CIRCLE ( 'NONE', #9140, 1.000000000000000000 ) ;
#8338 = CARTESIAN_POINT ( 'NONE',  ( -63.77424175958426389, -42.30756047043945500, 1.026999469493784289 ) ) ;
#8339 = CARTESIAN_POINT ( 'NONE',  ( 38.15305510850062376, 40.97767902416654806, 10.29436040638385386 ) ) ;
#8340 = AXIS2_PLACEMENT_3D ( 'NONE', #1837, #8770, #4906 ) ;
#8341 = ADVANCED_FACE ( 'NONE', ( #5239 ), #2728, .F. ) ;
#8342 = CARTESIAN_POINT ( 'NONE',  ( -40.34565258367878471, 39.90459633480519841, 9.930681016175270770 ) ) ;
#8343 = CARTESIAN_POINT ( 'NONE',  ( -68.02980284068000572, 38.14425415349460025, 2.009694327642129519 ) ) ;
#8344 = CARTESIAN_POINT ( 'NONE',  ( -37.86633971754694272, 37.78889535482255013, 12.00000000000000000 ) ) ;
#8345 = ORIENTED_EDGE ( 'NONE', *, *, #3306, .F. ) ;
#8346 = CARTESIAN_POINT ( 'NONE',  ( -39.71601871352245183, 44.85497537540128121, 5.356342332676092610 ) ) ;
#8347 = CARTESIAN_POINT ( 'NONE',  ( -37.48227522645620979, 36.05991852923591523, 3.554094482563465718 ) ) ;
#8348 = CYLINDRICAL_SURFACE ( 'NONE', #4348, 1.000000000000000000 ) ;
#8349 = CARTESIAN_POINT ( 'NONE',  ( 66.96086992205252386, 35.46474729468839371, 2.233886839584659167 ) ) ;
#8350 = EDGE_CURVE ( 'NONE', #4395, #8074, #5638, .T. ) ;
#8351 = CARTESIAN_POINT ( 'NONE',  ( 58.40906471276032619, 24.82685288287922276, 8.630539114133402023 ) ) ;
#8352 = ORIENTED_EDGE ( 'NONE', *, *, #10084, .F. ) ;
#8353 = DIRECTION ( 'NONE',  ( 0.000000000000000000, 0.000000000000000000, -1.000000000000000000 ) ) ;
#8354 = ORIENTED_EDGE ( 'NONE', *, *, #6679, .F. ) ;
#8355 = CARTESIAN_POINT ( 'NONE',  ( 0.000000000000000000, -38.99999999999998579, 5.585786437627009882 ) ) ;
#8356 = LINE ( 'NONE', #2178, #3684 ) ;
#8357 = CARTESIAN_POINT ( 'NONE',  ( -61.98430122975046430, 24.86921499449126216, 5.058415276101966285 ) ) ;
#8358 = DIRECTION ( 'NONE',  ( -1.000000000000000000, 0.000000000000000000, 0.000000000000000000 ) ) ;
#8359 = EDGE_CURVE ( 'NONE', #7515, #4858, #9887, .T. ) ;
#8360 = FACE_OUTER_BOUND ( 'NONE', #720, .T. ) ;
#8361 = EDGE_CURVE ( 'NONE', #8710, #9043, #5851, .T. ) ;
#8362 = CARTESIAN_POINT ( 'NONE',  ( 0.000000000000000000, 36.00000000000001421, 9.000000000000001776 ) ) ;
#8363 = CIRCLE ( 'NONE', #5433, 4.000000000000000000 ) ;
#8364 = EDGE_CURVE ( 'NONE', #8011, #1543, #7717, .T. ) ;
#8365 = CARTESIAN_POINT ( 'NONE',  ( 67.82750298277404966, 37.83434180355662591, 2.027735020616759698 ) ) ;
#8366 = EDGE_LOOP ( 'NONE', ( #5772, #8776, #8158, #6805 ) ) ;
#8367 = DIRECTION ( 'NONE',  ( -0.9539392014169457701, 0.000000000000000000, -0.2999999999999999334 ) ) ;
#8368 = ORIENTED_EDGE ( 'NONE', *, *, #2732, .T. ) ;
#8369 = ORIENTED_EDGE ( 'NONE', *, *, #10082, .F. ) ;
#8370 = CARTESIAN_POINT ( 'NONE',  ( 38.00798539684656419, 37.67855730703687556, 2.084044176206489851 ) ) ;
#8371 = DIRECTION ( 'NONE',  ( -0.000000000000000000, -0.000000000000000000, -1.000000000000000000 ) ) ;
#8372 = B_SPLINE_CURVE_WITH_KNOTS ( 'NONE', 3,
 ( #8005, #8762, #4992, #188, #1876, #2582 ),
 .UNSPECIFIED., .F., .F.,
 ( 4, 2, 4 ),
 ( -6.340776967281738736E-06, 0.0005523169600329926260, 0.001110974697033266859 ),
 .UNSPECIFIED. ) ;
#8373 = CARTESIAN_POINT ( 'NONE',  ( 39.24983126423939694, 39.75197796483359980, 10.66348989812133397 ) ) ;
#8374 = TOROIDAL_SURFACE ( 'NONE', #2820, 15.52081528017139256, 8.500000000000000000 ) ;
#8375 = DIRECTION ( 'NONE',  ( -0.4345366032565042280, 0.5578332550415978641, 0.7071067811865440200 ) ) ;
#8376 = CARTESIAN_POINT ( 'NONE',  ( 67.68208036255742854, -34.71615453833054943, 1.117241099110746427 ) ) ;
#8377 = CARTESIAN_POINT ( 'NONE',  ( -68.49423036433971390, 36.55311680860764767, 2.000000000000000000 ) ) ;
#8378 = CARTESIAN_POINT ( 'NONE',  ( -40.63942290680181912, 40.11288427245681731, 9.462479898702842007 ) ) ;
#8379 = AXIS2_PLACEMENT_3D ( 'NONE', #667, #2183, #9322 ) ;
#8380 = VERTEX_POINT ( 'NONE', #9050 ) ;
#8381 = CARTESIAN_POINT ( 'NONE',  ( -55.49999999999997868, -30.99999999999997868, 8.000000000000000000 ) ) ;
#8382 = LINE ( 'NONE', #4406, #6280 ) ;
#8383 = VERTEX_POINT ( 'NONE', #1356 ) ;
#8384 = CARTESIAN_POINT ( 'NONE',  ( 0.000000000000000000, -38.99999999999998579, 0.000000000000000000 ) ) ;
#8385 = CARTESIAN_POINT ( 'NONE',  ( 39.43759364136071355, 40.54851250116189476, 10.08335323573328246 ) ) ;
#8386 = CYLINDRICAL_SURFACE ( 'NONE', #1010, 4.000000000000003553 ) ;
#8387 = CARTESIAN_POINT ( 'NONE',  ( -66.49807129214839563, 41.18272014867456221, 2.025941823607591896 ) ) ;
#8388 = B_SPLINE_CURVE_WITH_KNOTS ( 'NONE', 3,
 ( #9866, #7338, #345, #9664 ),
 .UNSPECIFIED., .F., .F.,
 ( 4, 4 ),
 ( 0.000000000000000000, 0.0003194136343885922214 ),
 .UNSPECIFIED. ) ;
#8389 = EDGE_CURVE ( 'NONE', #3493, #5547, #9002, .T. ) ;
#8390 = ADVANCED_FACE ( 'NONE', ( #4377 ), #4772, .T. ) ;
#8391 = CARTESIAN_POINT ( 'NONE',  ( -41.18135307236665454, 35.75273713899984784, 2.614686538456639120 ) ) ;
#8392 = ORIENTED_EDGE ( 'NONE', *, *, #6282, .F. ) ;
#8393 = CARTESIAN_POINT ( 'NONE',  ( 68.52047550856694613, 40.41516050793111248, 1.001780035697454219 ) ) ;
#8394 = DIRECTION ( 'NONE',  ( 0.7656826878322904317, 0.5964455351772518510, 0.2407960654185215821 ) ) ;
#8395 = VECTOR ( 'NONE', #9163, 1000.000000000000000 ) ;
#8396 = ORIENTED_EDGE ( 'NONE', *, *, #7178, .T. ) ;
#8397 = DIRECTION ( 'NONE',  ( -1.000000000000000000, 0.000000000000000000, 0.000000000000000000 ) ) ;
#8398 =( BOUNDED_SURFACE ( )  B_SPLINE_SURFACE ( 3, 2, ( 
 ( #2694, #8175, #5921 ),
 ( #1997, #9024, #1285 ),
 ( #3470, #4393, #1946 ),
 ( #9683, #7508, #2844 ),
 ( #5826, #8932, #5061 ),
 ( #1184, #3872, #6125 ) ),
 .UNSPECIFIED., .F., .F., .F. ) 
 B_SPLINE_SURFACE_WITH_KNOTS ( ( 4, 2, 4 ),
 ( 3, 3 ),
 ( 0.000000000000000000, 0.0007665957362832010900, 0.001533191472566402180 ),
 ( 0.000000000000000000, 1.000000000000000000 ),
 .UNSPECIFIED. ) 
 GEOMETRIC_REPRESENTATION_ITEM ( )  RATIONAL_B_SPLINE_SURFACE ( (
 ( 1.000000000000000000, 0.9428716103250680547, 1.000000000000000000),
 ( 1.000000000000000000, 0.9376394496433515524, 1.000000000000000000),
 ( 1.000000000000000000, 0.9310568720410238308, 1.000000000000000000),
 ( 1.000000000000000000, 0.9167102860076400406, 1.000000000000000000),
 ( 1.000000000000000000, 0.9089101134985702046, 1.000000000000000000),
 ( 1.000000000000000000, 0.9019407492832794970, 1.000000000000000000) ) ) 
 REPRESENTATION_ITEM ( '' )  SURFACE ( )  );
#8399 = LINE ( 'NONE', #7693, #4735 ) ;
#8400 = DIRECTION ( 'NONE',  ( 0.000000000000000000, 0.000000000000000000, -1.000000000000000000 ) ) ;
#8401 = ORIENTED_EDGE ( 'NONE', *, *, #6072, .T. ) ;
#8402 = CARTESIAN_POINT ( 'NONE',  ( -37.76094039717855111, 44.70710678159867513, 6.292893218401431454 ) ) ;
#8403 = AXIS2_PLACEMENT_3D ( 'NONE', #2013, #5078, #8194 ) ;
#8404 = ORIENTED_EDGE ( 'NONE', *, *, #2909, .F. ) ;
#8405 = ADVANCED_FACE ( 'NONE', ( #2164 ), #660, .T. ) ;
#8406 = CARTESIAN_POINT ( 'NONE',  ( 39.72656200161914342, 39.46473812325231023, 10.51356501716300151 ) ) ;
#8407 = CARTESIAN_POINT ( 'NONE',  ( -37.25181215987404926, 43.00000000000001421, 10.82842712474631952 ) ) ;
#8408 = CARTESIAN_POINT ( 'NONE',  ( 11.25723734592842362, 41.00000000000000711, 11.00000000000000355 ) ) ;
#8409 = DIRECTION ( 'NONE',  ( 0.000000000000000000, 0.000000000000000000, -1.000000000000000000 ) ) ;
#8410 = AXIS2_PLACEMENT_3D ( 'NONE', #1998, #366, #2696 ) ;
#8411 = PLANE ( 'NONE',  #3614 ) ;
#8412 = AXIS2_PLACEMENT_3D ( 'NONE', #5141, #453, #7390 ) ;
#8413 = CYLINDRICAL_SURFACE ( 'NONE', #4144, 1.600000000000004086 ) ;
#8414 = VECTOR ( 'NONE', #1774, 1000.000000000000000 ) ;
#8415 = VECTOR ( 'NONE', #9191, 1000.000000000000000 ) ;
#8416 = EDGE_CURVE ( 'NONE', #7812, #1884, #6124, .T. ) ;
#8417 = CARTESIAN_POINT ( 'NONE',  ( -53.49999999999997158, 36.00000000000001421, 9.000000000000001776 ) ) ;
#8418 = EDGE_CURVE ( 'NONE', #8992, #972, #6609, .T. ) ;
#8419 = VERTEX_POINT ( 'NONE', #3390 ) ;
#8420 = CARTESIAN_POINT ( 'NONE',  ( 60.49999999999996447, -18.58303575079959558, 5.585786437627056955 ) ) ;
#8421 = ORIENTED_EDGE ( 'NONE', *, *, #2997, .F. ) ;
#8422 = ORIENTED_EDGE ( 'NONE', *, *, #7280, .F. ) ;
#8423 = CARTESIAN_POINT ( 'NONE',  ( 37.48227522645408527, 36.32995926461794056, 1.977047241281729928 ) ) ;
#8424 = CARTESIAN_POINT ( 'NONE',  ( -53.81893226856484347, 41.71823856633494643, 6.275174800761488925 ) ) ;
#8425 = DIRECTION ( 'NONE',  ( 3.507880484885952830E-15, -0.9044134026110567381, 0.4266572361714854322 ) ) ;
#8426 = VECTOR ( 'NONE', #6177, 1000.000000000000000 ) ;
#8427 = VECTOR ( 'NONE', #1192, 1000.000000000000000 ) ;
#8428 = CYLINDRICAL_SURFACE ( 'NONE', #9657, 1.000000000000000000 ) ;
#8429 = CARTESIAN_POINT ( 'NONE',  ( 0.000000000000000000, 39.00000000000000711, 11.00000000000000000 ) ) ;
#8430 = CARTESIAN_POINT ( 'NONE',  ( -41.45040878927937911, 39.24440577394009466, 9.738735459798096628 ) ) ;
#8431 = EDGE_CURVE ( 'NONE', #9983, #4720, #327, .T. ) ;
#8432 = CIRCLE ( 'NONE', #3549, 4.292893218813452094 ) ;
#8433 = CARTESIAN_POINT ( 'NONE',  ( -33.77171203778518560, 38.00000000000000711, 11.00000000000000000 ) ) ;
#8434 = EDGE_LOOP ( 'NONE', ( #9839, #579 ) ) ;
#8435 = CARTESIAN_POINT ( 'NONE',  ( 68.67792176455670017, 36.91733266874685881, 1.967817348134856426 ) ) ;
#8436 = CARTESIAN_POINT ( 'NONE',  ( 69.00000000000001421, -21.37903042612311211, 8.235307220888456570 ) ) ;
#8437 = ORIENTED_EDGE ( 'NONE', *, *, #1881, .T. ) ;
#8438 = DIRECTION ( 'NONE',  ( -0.4109068915486385754, 0.9116773148860485287, -0.000000000000000000 ) ) ;
#8439 = CARTESIAN_POINT ( 'NONE',  ( 53.50000000000001421, 34.00000000000000711, 0.000000000000000000 ) ) ;
#8440 = CARTESIAN_POINT ( 'NONE',  ( 36.63549835997282145, 40.01113860715381776, 11.48565956062707549 ) ) ;
#8441 = AXIS2_PLACEMENT_3D ( 'NONE', #5068, #2050, #5165 ) ;
#8442 = DIRECTION ( 'NONE',  ( 0.000000000000000000, 1.000000000000000000, 0.000000000000000000 ) ) ;
#8443 = ORIENTED_EDGE ( 'NONE', *, *, #2989, .F. ) ;
#8444 = CARTESIAN_POINT ( 'NONE',  ( 64.51556585784007325, 30.52677043190091766, 2.984371621116103324 ) ) ;
#8445 = ORIENTED_EDGE ( 'NONE', *, *, #4573, .T. ) ;
#8446 = CARTESIAN_POINT ( 'NONE',  ( 68.63272352246940500, 40.19312232843845578, 1.001553097251058677 ) ) ;
#8447 = DIRECTION ( 'NONE',  ( 0.000000000000000000, -1.000000000000000000, 0.000000000000000000 ) ) ;
#8448 = VERTEX_POINT ( 'NONE', #6399 ) ;
#8449 = DIRECTION ( 'NONE',  ( -0.7071067811865437980, 1.226634733346684322E-15, 0.7071067811865513475 ) ) ;
#8450 = CARTESIAN_POINT ( 'NONE',  ( 66.68085073667253937, 34.88420781858237518, 2.319854321043653744 ) ) ;
#8451 = ORIENTED_EDGE ( 'NONE', *, *, #7038, .F. ) ;
#8452 = DIRECTION ( 'NONE',  ( 1.000000000000000000, -0.000000000000000000, 0.000000000000000000 ) ) ;
#8453 = EDGE_LOOP ( 'NONE', ( #5938, #9542, #10043, #7297 ) ) ;
#8454 = CARTESIAN_POINT ( 'NONE',  ( -37.25181215987404926, 44.70710678118656034, 6.292893218813544465 ) ) ;
#8455 = ORIENTED_EDGE ( 'NONE', *, *, #3344, .T. ) ;
#8456 = UNCERTAINTY_MEASURE_WITH_UNIT (LENGTH_MEASURE( 1.000000000000000082E-05 ), #5462, 'distance_accuracy_value', 'NONE');
#8457 =( BOUNDED_CURVE ( )  B_SPLINE_CURVE ( 3, ( #6073, #8564, #620, #7609 ),
 .UNSPECIFIED., .F., .T. ) 
 B_SPLINE_CURVE_WITH_KNOTS ( ( 4, 4 ),
 ( 1.593716212488241357, 1.740383500763137858 ),
 .UNSPECIFIED. ) 
 CURVE ( )  GEOMETRIC_REPRESENTATION_ITEM ( )  RATIONAL_B_SPLINE_CURVE ( ( 1.000000000000000000, 0.9982081954291800452, 0.9982081954291800452, 1.000000000000000000 ) ) 
 REPRESENTATION_ITEM ( '' )  );
#8458 = DIRECTION ( 'NONE',  ( 0.000000000000000000, 1.000000000000000000, 0.000000000000000000 ) ) ;
#8459 = CARTESIAN_POINT ( 'NONE',  ( -52.27740507849318163, -38.99999999999997868, 5.585786437627012546 ) ) ;
#8460 = CARTESIAN_POINT ( 'NONE',  ( -61.49999999999997158, -13.78853150712619957, 4.500000000000000888 ) ) ;
#8461 = CARTESIAN_POINT ( 'NONE',  ( -62.53267215341721652, 25.89012779883259441, 4.967327846586321982 ) ) ;
#8462 = LINE ( 'NONE', #2180, #2295 ) ;
#8463 = ADVANCED_FACE ( 'NONE', ( #1766 ), #4843, .T. ) ;
#8464 = CARTESIAN_POINT ( 'NONE',  ( 35.74317720479331228, 40.98625749894112857, 11.75629783078391988 ) ) ;
#8465 = CARTESIAN_POINT ( 'NONE',  ( 67.89999999999996305, 38.50000000000412825, 2.011090376433267934 ) ) ;
#8466 = ORIENTED_EDGE ( 'NONE', *, *, #1881, .F. ) ;
#8467 = CARTESIAN_POINT ( 'NONE',  ( 53.25379579564052079, 42.00000000000000711, 2.000000000000000000 ) ) ;
#8468 = ORIENTED_EDGE ( 'NONE', *, *, #8359, .F. ) ;
#8469 = LINE ( 'NONE', #3876, #8822 ) ;
#8470 = DIRECTION ( 'NONE',  ( 3.499023925556554080E-16, 1.000000000000000000, -3.499023925556591551E-16 ) ) ;
#8471 = DIRECTION ( 'NONE',  ( 0.2876879592904236782, -0.9134939934989290133, -0.2876879592904267313 ) ) ;
#8472 = DIRECTION ( 'NONE',  ( -0.000000000000000000, -0.000000000000000000, -1.000000000000000000 ) ) ;
#8473 = ADVANCED_FACE ( 'NONE', ( #1657 ), #1693, .F. ) ;
#8474 = FACE_OUTER_BOUND ( 'NONE', #4617, .T. ) ;
#8475 = FACE_OUTER_BOUND ( 'NONE', #8366, .T. ) ;
#8476 = CARTESIAN_POINT ( 'NONE',  ( -54.17455002876364745, 42.02955333476860034, 5.531612325378066686 ) ) ;
#8477 = AXIS2_PLACEMENT_3D ( 'NONE', #1092, #6541, #9356 ) ;
#8478 = ORIENTED_EDGE ( 'NONE', *, *, #8829, .T. ) ;
#8479 = LINE ( 'NONE', #4656, #4357 ) ;
#8480 = CARTESIAN_POINT ( 'NONE',  ( -67.34537593976334335, 34.49117388759113112, 2.129186325955537917 ) ) ;
#8481 = VERTEX_POINT ( 'NONE', #7170 ) ;
#8483 = EDGE_CURVE ( 'NONE', #8767, #1047, #999, .T. ) ;
#8482 = DIRECTION ( 'NONE',  ( 0.000000000000000000, 0.000000000000000000, 1.000000000000000000 ) ) ;
#8484 = CARTESIAN_POINT ( 'NONE',  ( 69.00018760258325301, 38.74545843979338144, 1.004081923570300905 ) ) ;
#8485 = ADVANCED_FACE ( 'NONE', ( #6503 ), #2399, .T. ) ;
#8486 = CIRCLE ( 'NONE', #8323, 1.000000000000002887 ) ;
#8487 = CARTESIAN_POINT ( 'NONE',  ( 42.55614184714397652, 35.13380169914018580, 1.062982840453061240 ) ) ;
#8488 = DIRECTION ( 'NONE',  ( -0.000000000000000000, -0.000000000000000000, -1.000000000000000000 ) ) ;
#8489 = EDGE_LOOP ( 'NONE', ( #5976, #8883, #1365, #1908, #383, #3333 ) ) ;
#8490 = CARTESIAN_POINT ( 'NONE',  ( -40.72739937499867580, 44.41057199667295663, 5.396676847599082727 ) ) ;
#8491 = AXIS2_PLACEMENT_3D ( 'NONE', #8296, #3495, #2818 ) ;
#8492 = DIRECTION ( 'NONE',  ( -0.000000000000000000, -0.000000000000000000, 1.000000000000000000 ) ) ;
#8493 = AXIS2_PLACEMENT_3D ( 'NONE', #8673, #9627, #6327 ) ;
#8494 = ORIENTED_EDGE ( 'NONE', *, *, #7868, .F. ) ;
#8495 = CARTESIAN_POINT ( 'NONE',  ( 66.96266334632512951, 41.99431598023848977, 1.026997162995997304 ) ) ;
#8496 = CARTESIAN_POINT ( 'NONE',  ( -53.49999999999995026, -34.99999999999999289, 10.00000000000014033 ) ) ;
#8497 = ORIENTED_EDGE ( 'NONE', *, *, #8046, .F. ) ;
#8498 = CARTESIAN_POINT ( 'NONE',  ( -61.49999999999997868, -18.58303575079963110, 2.000000000000000000 ) ) ;
#8499 = CARTESIAN_POINT ( 'NONE',  ( 37.15224216866826623, 36.67231644401039858, 2.007662816566403219 ) ) ;
#8500 = ADVANCED_FACE ( 'NONE', ( #3182 ), #9407, .T. ) ;
#8501 = FACE_OUTER_BOUND ( 'NONE', #8998, .T. ) ;
#8502 = CARTESIAN_POINT ( 'NONE',  ( 61.49999999999997158, -4.640181046290678957, 5.500000000000000000 ) ) ;
#8503 = ORIENTED_EDGE ( 'NONE', *, *, #3126, .F. ) ;
#8504 = DIRECTION ( 'NONE',  ( 1.000000000000000000, 0.000000000000000000, 0.000000000000000000 ) ) ;
#8505 = CARTESIAN_POINT ( 'NONE',  ( -63.90711248322208604, 30.79341105171314297, 3.592887516777967249 ) ) ;
#8506 = CARTESIAN_POINT ( 'NONE',  ( 72.74453208529337189, 21.07884740024821824, 0.000000000000000000 ) ) ;
#8507 = CARTESIAN_POINT ( 'NONE',  ( 40.72617178501769786, 44.41132746192661074, 5.396537650159865862 ) ) ;
#8508 = CARTESIAN_POINT ( 'NONE',  ( -63.86267736489418922, 31.00371733337075497, 3.637322635105866286 ) ) ;
#8509 = ORIENTED_EDGE ( 'NONE', *, *, #5529, .F. ) ;
#8510 = CARTESIAN_POINT ( 'NONE',  ( 39.48201736188358524, 44.61052447450202152, 6.071485642481888156 ) ) ;
#8511 =( BOUNDED_SURFACE ( )  B_SPLINE_SURFACE ( 3, 2, ( 
 ( #7128, #6357, #9458 ),
 ( #9507, #9605, #4219 ),
 ( #6508, #4069, #1771 ),
 ( #4938, #2520, #5595 ) ),
 .UNSPECIFIED., .F., .F., .T. ) 
 B_SPLINE_SURFACE_WITH_KNOTS ( ( 4, 4 ),
 ( 3, 3 ),
 ( -6.071532165918824830E-18, 0.001380572674693882410 ),
 ( 0.000000000000000000, 1.000000000000000000 ),
 .UNSPECIFIED. ) 
 GEOMETRIC_REPRESENTATION_ITEM ( )  RATIONAL_B_SPLINE_SURFACE ( (
 ( 1.000000000000000000, 0.9238795325112882928, 1.000000000000000000),
 ( 1.000000000000000000, 0.9238854937644480625, 1.000000000000000000),
 ( 1.000000000000000000, 0.9226045829020541600, 1.000000000000000000),
 ( 1.000000000000000000, 0.9202892687146856376, 1.000000000000000000) ) ) 
 REPRESENTATION_ITEM ( '' )  SURFACE ( )  );
#8512 = DIRECTION ( 'NONE',  ( -1.000000000000000000, 3.499023925556554573E-16, -0.000000000000000000 ) ) ;
#8513 = EDGE_CURVE ( 'NONE', #4947, #3226, #537, .T. ) ;
#8514 = ORIENTED_EDGE ( 'NONE', *, *, #4557, .F. ) ;
#8515 = FACE_OUTER_BOUND ( 'NONE', #7086, .T. ) ;
#8516 = EDGE_LOOP ( 'NONE', ( #4628, #5406, #4265, #4757 ) ) ;
#8517 = ORIENTED_EDGE ( 'NONE', *, *, #10060, .T. ) ;
#8518 = CARTESIAN_POINT ( 'NONE',  ( 53.56873592537943551, 42.00406008278985581, 5.581365283095006014 ) ) ;
#8519 = DIRECTION ( 'NONE',  ( 0.000000000000000000, -1.000000000000000000, 0.000000000000000000 ) ) ;
#8520 = ORIENTED_EDGE ( 'NONE', *, *, #9723, .F. ) ;
#8521 = CARTESIAN_POINT ( 'NONE',  ( -61.49999999999997158, -13.78853150712619957, 4.500000000000000888 ) ) ;
#8522 = CARTESIAN_POINT ( 'NONE',  ( -58.94182466492093653, 41.79964087614672508, 4.489592359914374775 ) ) ;
#8523 = AXIS2_PLACEMENT_3D ( 'NONE', #43, #6515, #3162 ) ;
#8524 = CARTESIAN_POINT ( 'NONE',  ( 54.50000000000001421, 27.22994939107031342, 1.000000000000000888 ) ) ;
#8525 = DIRECTION ( 'NONE',  ( -1.000000000000000000, 0.000000000000000000, 0.000000000000000000 ) ) ;
#8526 = EDGE_CURVE ( 'NONE', #3830, #5486, #8925, .T. ) ;
#8527 = VERTEX_POINT ( 'NONE', #3488 ) ;
#8528 = CARTESIAN_POINT ( 'NONE',  ( 44.40999746482315658, 35.00000000000000711, 8.061104376550964901 ) ) ;
#8529 = CARTESIAN_POINT ( 'NONE',  ( -66.67226385770447905, 34.86102484961475056, 2.317884270464077634 ) ) ;
#8531 = ORIENTED_EDGE ( 'NONE', *, *, #6876, .F. ) ;
#8530 = EDGE_CURVE ( 'NONE', #7116, #9915, #7378, .T. ) ;
#8532 = AXIS2_PLACEMENT_3D ( 'NONE', #6335, #2549, #6434 ) ;
#8533 = DIRECTION ( 'NONE',  ( 0.000000000000000000, 0.9538173892666751419, 0.3003870635238873876 ) ) ;
#8534 = LINE ( 'NONE', #6241, #7607 ) ;
#8535 = DIRECTION ( 'NONE',  ( -1.000000000000000000, 0.000000000000000000, 0.000000000000000000 ) ) ;
#8536 = CARTESIAN_POINT ( 'NONE',  ( 54.59626379364978277, 42.04802942629444829, 5.456548825921671231 ) ) ;
#8537 = ORIENTED_EDGE ( 'NONE', *, *, #7473, .F. ) ;
#8538 = CARTESIAN_POINT ( 'NONE',  ( -39.12595350478053291, 44.68764171573228339, 6.095323276528987755 ) ) ;
#8539 = VECTOR ( 'NONE', #3919, 1000.000000000000000 ) ;
#8540 = EDGE_CURVE ( 'NONE', #9077, #2790, #2058, .T. ) ;
#8541 = CARTESIAN_POINT ( 'NONE',  ( 65.96815416508036378, 33.41614052176423399, 2.561857209829363047 ) ) ;
#8542 = ORIENTED_EDGE ( 'NONE', *, *, #9979, .T. ) ;
#8543 = CARTESIAN_POINT ( 'NONE',  ( 68.97757836229654060, 38.01160960987395754, 1.966563139818809036 ) ) ;
#8544 = CARTESIAN_POINT ( 'NONE',  ( 66.14854903291806920, 32.34313083227552710, 1.745637580964435331 ) ) ;
#8546 = ORIENTED_EDGE ( 'NONE', *, *, #5369, .T. ) ;
#8545 = EDGE_CURVE ( 'NONE', #6464, #7070, #4315, .T. ) ;
#8547 = CARTESIAN_POINT ( 'NONE',  ( 0.000000000000000000, 36.00000000000001421, 9.000000000000001776 ) ) ;
#8548 = CARTESIAN_POINT ( 'NONE',  ( 37.25181215987187500, 41.03837683323494190, 10.43851104196621904 ) ) ;
#8549 = AXIS2_PLACEMENT_3D ( 'NONE', #2908, #9753, #2102 ) ;
#8550 = CARTESIAN_POINT ( 'NONE',  ( -61.49999999999997158, 4.508169414544843434, 4.499999999999999112 ) ) ;
#8551 = CARTESIAN_POINT ( 'NONE',  ( 55.62297260218656447, 41.76682682770248078, 5.960005422245231443 ) ) ;
#8552 = ORIENTED_EDGE ( 'NONE', *, *, #177, .T. ) ;
#8553 = ORIENTED_EDGE ( 'NONE', *, *, #982, .F. ) ;
#8554 = CARTESIAN_POINT ( 'NONE',  ( 60.49999999999996447, -13.78853150712619957, 5.500000000000000888 ) ) ;
#8555 = VERTEX_POINT ( 'NONE', #2812 ) ;
#8556 = CIRCLE ( 'NONE', #3005, 4.000000000000010658 ) ;
#8557 = CARTESIAN_POINT ( 'NONE',  ( -45.22532245313463051, 35.00000000000000711, 12.00000000000000000 ) ) ;
#8558 = CARTESIAN_POINT ( 'NONE',  ( 67.10143879477600137, 34.05335995874472133, 1.416497392310171355 ) ) ;
#8559 = CARTESIAN_POINT ( 'NONE',  ( 55.50000000000001421, 0.000000000000000000, 8.000000000000000000 ) ) ;
#8560 = DIRECTION ( 'NONE',  ( 0.000000000000000000, -0.000000000000000000, -1.000000000000000000 ) ) ;
#8561 = CARTESIAN_POINT ( 'NONE',  ( -68.00343922502598559, 38.90260523522186986, 2.002617377518573161 ) ) ;
#8562 = VECTOR ( 'NONE', #956, 1000.000000000000000 ) ;
#8563 = CARTESIAN_POINT ( 'NONE',  ( -64.99999999999995737, -38.49999999999999289, 2.000000000000000000 ) ) ;
#8564 = CARTESIAN_POINT ( 'NONE',  ( 38.06730242773603834, 37.63235098842185522, 3.595570915541701940 ) ) ;
#8565 = ORIENTED_EDGE ( 'NONE', *, *, #6738, .T. ) ;
#8566 = LINE ( 'NONE', #9231, #5562 ) ;
#8567 = CARTESIAN_POINT ( 'NONE',  ( 37.48227522645407817, 36.32995926461794767, 1.977047241281730816 ) ) ;
#8568 = CARTESIAN_POINT ( 'NONE',  ( -33.77171203778518560, 0.000000000000000000, 4.000000000000000000 ) ) ;
#8569 = DIRECTION ( 'NONE',  ( -1.000000000000000000, 0.000000000000000000, 0.000000000000000000 ) ) ;
#8570 = VERTEX_POINT ( 'NONE', #1200 ) ;
#8571 = B_SPLINE_CURVE_WITH_KNOTS ( 'NONE', 3,
 ( #7101, #1183, #8174, #5207 ),
 .UNSPECIFIED., .F., .F.,
 ( 4, 4 ),
 ( 0.000000000000000000, 0.001516253636686045641 ),
 .UNSPECIFIED. ) ;
#8572 = CARTESIAN_POINT ( 'NONE',  ( 56.47794262232356743, -39.95868148047087942, 4.577127440186172791 ) ) ;
#8573 = EDGE_CURVE ( 'NONE', #2864, #333, #3356, .T. ) ;
#8574 = CARTESIAN_POINT ( 'NONE',  ( 53.50000000000001421, -30.99999999999998579, 8.000000000000000000 ) ) ;
#8575 = DIRECTION ( 'NONE',  ( 0.000000000000000000, -0.4266572361714853767, -0.9044134026110566271 ) ) ;
#8576 = DIRECTION ( 'NONE',  ( 0.000000000000000000, 1.000000000000000000, 0.000000000000000000 ) ) ;
#8577 = VERTEX_POINT ( 'NONE', #9649 ) ;
#8578 = CARTESIAN_POINT ( 'NONE',  ( 55.00624674816471327, -39.08837270308669076, 5.793855834633697910 ) ) ;
#8579 = AXIS2_PLACEMENT_3D ( 'NONE', #9982, #8367, #4440 ) ;
#8580 = CARTESIAN_POINT ( 'NONE',  ( -38.69442713054937144, 37.14383827299131013, 10.83815641760130077 ) ) ;
#8581 = AXIS2_PLACEMENT_3D ( 'NONE', #6227, #8519, #9329 ) ;
#8582 = ORIENTED_EDGE ( 'NONE', *, *, #8976, .F. ) ;
#8583 = DIRECTION ( 'NONE',  ( 0.000000000000000000, 0.3003870635238901632, -0.9538173892666742537 ) ) ;
#8584 = DIRECTION ( 'NONE',  ( -1.000000000000000000, 0.000000000000000000, 0.000000000000000000 ) ) ;
#8585 = CARTESIAN_POINT ( 'NONE',  ( 41.47237084795286677, 35.65569411300865710, 2.467600407526167050 ) ) ;
#8586 = EDGE_CURVE ( 'NONE', #235, #6766, #9868, .T. ) ;
#8587 = CARTESIAN_POINT ( 'NONE',  ( 58.49345050234013144, 42.21877267519572285, 3.782485578727834863 ) ) ;
#8588 = AXIS2_PLACEMENT_3D ( 'NONE', #2617, #80, #4978 ) ;
#8589 = ORIENTED_EDGE ( 'NONE', *, *, #10015, .T. ) ;
#8590 = CARTESIAN_POINT ( 'NONE',  ( 53.81893226856481505, 41.71823856633493932, 6.275174800761495142 ) ) ;
#8591 = CIRCLE ( 'NONE', #9402, 0.9999999999999995559 ) ;
#8592 = CARTESIAN_POINT ( 'NONE',  ( -35.68724596936724680, 41.00058291906969288, 10.76653324447758386 ) ) ;
#8593 = ORIENTED_EDGE ( 'NONE', *, *, #2441, .F. ) ;
#8594 = CARTESIAN_POINT ( 'NONE',  ( 67.20443324339505864, 41.84660562535504624, 1.963435201179946965 ) ) ;
#8595 = CARTESIAN_POINT ( 'NONE',  ( 65.87749290847509087, 31.85664425483408735, 2.512769929021444248 ) ) ;
#8596 = ORIENTED_EDGE ( 'NONE', *, *, #3184, .T. ) ;
#8597 = FACE_OUTER_BOUND ( 'NONE', #6424, .T. ) ;
#8598 = CIRCLE ( 'NONE', #5508, 1.000000000000000222 ) ;
#8599 = CARTESIAN_POINT ( 'NONE',  ( -53.25379579564057764, 42.00000000000000711, 5.585786437627013434 ) ) ;
#8600 = DIRECTION ( 'NONE',  ( 0.000000000000000000, 0.000000000000000000, -1.000000000000000000 ) ) ;
#8601 = B_SPLINE_CURVE_WITH_KNOTS ( 'NONE', 3,
 ( #1827, #5553, #917, #7848 ),
 .UNSPECIFIED., .F., .F.,
 ( 4, 4 ),
 ( 7.757919228897728493E-18, 0.001916463571802022375 ),
 .UNSPECIFIED. ) ;
#8602 = CARTESIAN_POINT ( 'NONE',  ( -53.49999999999992184, -38.83503435370123924, 6.164965646298847801 ) ) ;
#8603 = ORIENTED_EDGE ( 'NONE', *, *, #42, .F. ) ;
#8604 = ADVANCED_FACE ( 'NONE', ( #2012 ), #331, .T. ) ;
#8605 = CARTESIAN_POINT ( 'NONE',  ( 0.000000000000000000, 38.58578643762704274, 8.000000000000000000 ) ) ;
#8606 = ADVANCED_FACE ( 'NONE', ( #1147 ), #602, .T. ) ;
#8607 = ORIENTED_EDGE ( 'NONE', *, *, #6367, .T. ) ;
#8608 = EDGE_CURVE ( 'NONE', #9102, #8936, #446, .T. ) ;
#8609 = CARTESIAN_POINT ( 'NONE',  ( 54.50000000000001421, 0.000000000000000000, 8.000000000000000000 ) ) ;
#8610 = CARTESIAN_POINT ( 'NONE',  ( 65.74202645822471425, 31.61351154614509085, 1.880695736994288270 ) ) ;
#8611 = CARTESIAN_POINT ( 'NONE',  ( 37.99450326234813957, 38.99999999999195666, 11.05827229096984077 ) ) ;
#8612 = CARTESIAN_POINT ( 'NONE',  ( 66.12175933869966116, 42.35345605175547234, 1.066548914469132692 ) ) ;
#8613 = FACE_OUTER_BOUND ( 'NONE', #1933, .T. ) ;
#8614 = ADVANCED_FACE ( 'NONE', ( #437 ), #5542, .F. ) ;
#8615 = EDGE_CURVE ( 'NONE', #5378, #3782, #3366, .T. ) ;
#8616 = ADVANCED_FACE ( 'NONE', ( #9853 ), #1046, .T. ) ;
#8617 = CARTESIAN_POINT ( 'NONE',  ( 65.95102282313085595, 41.44891686604562864, 2.058992246537560522 ) ) ;
#8618 = CARTESIAN_POINT ( 'NONE',  ( 39.55316018564455760, 39.56921620715309729, 10.56809736546686018 ) ) ;
#8619 = ORIENTED_EDGE ( 'NONE', *, *, #189, .T. ) ;
#8620 = CYLINDRICAL_SURFACE ( 'NONE', #3204, 8.000000000000000000 ) ;
#8621 = CARTESIAN_POINT ( 'NONE',  ( 42.15268466476803155, 42.05552322588726355, 5.585786437627008105 ) ) ;
#8622 = PLANE ( 'NONE',  #6633 ) ;
#8623 = CARTESIAN_POINT ( 'NONE',  ( 37.86633971754475425, 37.78889535482257145, 12.00000000000000000 ) ) ;
#8624 = ADVANCED_FACE ( 'NONE', ( #7628 ), #6194, .F. ) ;
#8625 = ORIENTED_EDGE ( 'NONE', *, *, #1111, .F. ) ;
#8626 = CARTESIAN_POINT ( 'NONE',  ( 64.23884587914415079, -41.30526110733796230, 2.022298690606894045 ) ) ;
#8627 = CARTESIAN_POINT ( 'NONE',  ( 60.50212928721968098, 42.30677675797796411, 2.654780716735374746 ) ) ;
#8628 = CARTESIAN_POINT ( 'NONE',  ( -61.57750405424985018, -22.03674454048688958, 5.922495945750229751 ) ) ;
#8629 = CARTESIAN_POINT ( 'NONE',  ( 38.78086727521762356, 38.57779070964512158, 10.81097224971937898 ) ) ;
#8630 = VERTEX_POINT ( 'NONE', #9903 ) ;
#8631 = CARTESIAN_POINT ( 'NONE',  ( 63.95057101854212078, 41.62172798593511658, 2.355823505149791774 ) ) ;
#8632 = CARTESIAN_POINT ( 'NONE',  ( -61.20710678118651060, 18.48790463880281010, 6.292893218813571110 ) ) ;
#8633 = ORIENTED_EDGE ( 'NONE', *, *, #9523, .T. ) ;
#8634 = EDGE_LOOP ( 'NONE', ( #7067, #7739, #8672, #2719 ) ) ;
#8635 = LINE ( 'NONE', #4770, #623 ) ;
#8636 = CARTESIAN_POINT ( 'NONE',  ( 40.46039732804059952, 40.29310093474824583, 9.430323962635290158 ) ) ;
#8637 = CARTESIAN_POINT ( 'NONE',  ( -53.25379579564052790, 41.00000000000000711, 5.585786437627014323 ) ) ;
#8638 = DIRECTION ( 'NONE',  ( -1.000000000000000000, 0.000000000000000000, 0.000000000000000000 ) ) ;
#8639 = CIRCLE ( 'NONE', #8318, 1.000000000000000888 ) ;
#8640 = CARTESIAN_POINT ( 'NONE',  ( -38.62590607993755043, 44.00000000000001421, 5.452194488184173515 ) ) ;
#8641 = DIRECTION ( 'NONE',  ( -3.164564134330101723E-16, -0.9044134026110569602, 0.4266572361714848771 ) ) ;
#8642 = EDGE_LOOP ( 'NONE', ( #3751, #1780, #9228, #2804 ) ) ;
#8643 = EDGE_CURVE ( 'NONE', #8995, #4874, #3690, .T. ) ;
#8644 = DIRECTION ( 'NONE',  ( 0.000000000000000000, 0.000000000000000000, -1.000000000000000000 ) ) ;
#8645 = DIRECTION ( 'NONE',  ( 0.7945274851239932934, -0.2557802087947085301, -0.5507291168727852515 ) ) ;
#8646 = EDGE_CURVE ( 'NONE', #8900, #858, #8808, .T. ) ;
#8647 = ORIENTED_EDGE ( 'NONE', *, *, #2564, .T. ) ;
#8648 = AXIS2_PLACEMENT_3D ( 'NONE', #473, #1282, #6734 ) ;
#8649 = LINE ( 'NONE', #4067, #4669 ) ;
#8650 = FACE_OUTER_BOUND ( 'NONE', #6158, .T. ) ;
#8651 = DIRECTION ( 'NONE',  ( -1.000000000000000000, 0.000000000000000000, 0.000000000000000000 ) ) ;
#8652 = CARTESIAN_POINT ( 'NONE',  ( 40.34724300086615045, 39.90558252864896360, 9.927353580933010235 ) ) ;
#8653 = ORIENTED_EDGE ( 'NONE', *, *, #136, .T. ) ;
#8654 = CARTESIAN_POINT ( 'NONE',  ( 60.49999999999997158, 4.508169414544844322, 5.499999999999999112 ) ) ;
#8655 = AXIS2_PLACEMENT_3D ( 'NONE', #3711, #9725, #9106 ) ;
#8656 = CARTESIAN_POINT ( 'NONE',  ( -62.53285710330528957, 36.97579334495316772, 4.489592359914373887 ) ) ;
#8657 = CARTESIAN_POINT ( 'NONE',  ( 67.09624132651495643, 34.04403163771556251, 1.418207767027919175 ) ) ;
#8658 = EDGE_CURVE ( 'NONE', #9485, #2935, #9698, .T. ) ;
#8659 = CARTESIAN_POINT ( 'NONE',  ( 37.55181215987187215, 39.00000000000000711, 11.19749220199311779 ) ) ;
#8660 = EDGE_CURVE ( 'NONE', #4682, #5771, #9286, .T. ) ;
#8661 = CARTESIAN_POINT ( 'NONE',  ( 64.99999999999995737, -38.49999999999996447, 0.000000000000000000 ) ) ;
#8662 = CIRCLE ( 'NONE', #355, 4.000000000000010658 ) ;
#8663 = AXIS2_PLACEMENT_3D ( 'NONE', #9309, #1459, #6161 ) ;
#8664 = EDGE_LOOP ( 'NONE', ( #5257, #9937, #8345, #3288 ) ) ;
#8665 =( BOUNDED_CURVE ( )  B_SPLINE_CURVE ( 3, ( #3137, #7457, #4479, #2133 ),
 .UNSPECIFIED., .F., .T. ) 
 B_SPLINE_CURVE_WITH_KNOTS ( ( 4, 4 ),
 ( 5.842391823952013397, 6.283185307179586232 ),
 .UNSPECIFIED. ) 
 CURVE ( )  GEOMETRIC_REPRESENTATION_ITEM ( )  RATIONAL_B_SPLINE_CURVE ( ( 1.000000000000000000, 0.9838738611700029724, 0.9838738611700029724, 1.000000000000000000 ) ) 
 REPRESENTATION_ITEM ( '' )  );
#8666 = ORIENTED_EDGE ( 'NONE', *, *, #3234, .T. ) ;
#8667 = CARTESIAN_POINT ( 'NONE',  ( -45.22532245313465182, 39.27653659536041175, 8.723463404639666408 ) ) ;
#8668 = CARTESIAN_POINT ( 'NONE',  ( -43.26256185813801380, 39.15415994250233922, 9.121653968434035420 ) ) ;
#8669 = EDGE_CURVE ( 'NONE', #4977, #1677, #4675, .T. ) ;
#8670 = EDGE_LOOP ( 'NONE', ( #5128, #5673 ) ) ;
#8671 = CARTESIAN_POINT ( 'NONE',  ( -57.76341216567575287, 42.18678829088419491, 4.226442087455222207 ) ) ;
#8672 = ORIENTED_EDGE ( 'NONE', *, *, #3791, .F. ) ;
#8673 = CARTESIAN_POINT ( 'NONE',  ( -55.49999999999997868, -13.78853150712619957, 4.500000000000000888 ) ) ;
#8674 = EDGE_CURVE ( 'NONE', #1833, #3325, #8479, .T. ) ;
#8675 = SHAPE_DEFINITION_REPRESENTATION ( #1959, #8880 ) ;
#8676 = DIRECTION ( 'NONE',  ( -0.000000000000000000, -0.000000000000000000, -1.000000000000000000 ) ) ;
#8677 = DIRECTION ( 'NONE',  ( -1.000000000000000000, 0.000000000000000000, 0.000000000000000000 ) ) ;
#8678 = ORIENTED_EDGE ( 'NONE', *, *, #7384, .F. ) ;
#8679 = LINE ( 'NONE', #2442, #559 ) ;
#8680 = CARTESIAN_POINT ( 'NONE',  ( -64.99999999999995737, -38.49999999999999289, 2.000000000000000000 ) ) ;
#8681 = ORIENTED_EDGE ( 'NONE', *, *, #4687, .T. ) ;
#8682 = CARTESIAN_POINT ( 'NONE',  ( 54.01748866056691867, -39.21388203638659320, 5.352883404204233031 ) ) ;
#8683 = CARTESIAN_POINT ( 'NONE',  ( -40.54943098338673479, 37.20012873010993815, 10.25478469430425577 ) ) ;
#8684 = ORIENTED_EDGE ( 'NONE', *, *, #8243, .F. ) ;
#8685 = EDGE_CURVE ( 'NONE', #4129, #142, #1030, .T. ) ;
#8686 = DIRECTION ( 'NONE',  ( 0.3924313469075670358, -0.8318625342739162098, 0.3924313469075708660 ) ) ;
#8687 = CARTESIAN_POINT ( 'NONE',  ( 55.50000000000001421, 25.12723994640310465, 7.676721724866727214 ) ) ;
#8688 = AXIS2_PLACEMENT_3D ( 'NONE', #6725, #3713, #4333 ) ;
#8689 = CARTESIAN_POINT ( 'NONE',  ( -54.99073402808014066, -39.08402805511090605, 5.801987719772598417 ) ) ;
#8690 = CARTESIAN_POINT ( 'NONE',  ( -39.06876810889587404, 45.00000000000001421, 5.388215427409688729 ) ) ;
#8691 = AXIS2_PLACEMENT_3D ( 'NONE', #7461, #8319, #6785 ) ;
#8692 = ORIENTED_EDGE ( 'NONE', *, *, #6742, .T. ) ;
#8693 = VERTEX_POINT ( 'NONE', #7771 ) ;
#8694 = CARTESIAN_POINT ( 'NONE',  ( -55.70024074853981233, -39.70831789786645061, 4.447385658920873119 ) ) ;
#8695 = CARTESIAN_POINT ( 'NONE',  ( -67.79639856010265930, 39.29397407909041107, 2.004472601935532339 ) ) ;
#8696 = EDGE_LOOP ( 'NONE', ( #3, #8840 ) ) ;
#8697 = DIRECTION ( 'NONE',  ( 0.000000000000000000, 0.000000000000000000, 1.000000000000000000 ) ) ;
#8698 = CARTESIAN_POINT ( 'NONE',  ( -40.42417941840984952, 39.94613651484032602, 9.726299485340074824 ) ) ;
#8699 = DIRECTION ( 'NONE',  ( 0.000000000000000000, 0.4266572361714849326, 0.9044134026110570712 ) ) ;
#8700 = CARTESIAN_POINT ( 'NONE',  ( -39.89681913144985970, 39.35482219436463680, 10.46002162689938864 ) ) ;
#8701 = AXIS2_PLACEMENT_3D ( 'NONE', #8765, #1782, #5706 ) ;
#8702 = CARTESIAN_POINT ( 'NONE',  ( 37.74157607673195969, 45.00000000000001421, 5.999999999102707093 ) ) ;
#8703 = EDGE_CURVE ( 'NONE', #2987, #7560, #3069, .T. ) ;
#8704 = CARTESIAN_POINT ( 'NONE',  ( 66.59999999999996589, -38.49999999999996447, 2.000000000000000000 ) ) ;
#8705 = CARTESIAN_POINT ( 'NONE',  ( 64.99999999999995737, -38.49999999999996447, 0.000000000000000000 ) ) ;
#8706 = CIRCLE ( 'NONE', #734, 9.000000000000000000 ) ;
#8707 = CARTESIAN_POINT ( 'NONE',  ( -68.93257593319447096, 39.25533465312405212, 1.002274475277512122 ) ) ;
#8708 = CARTESIAN_POINT ( 'NONE',  ( -58.08578643762701432, -24.79228831549497869, 9.000000000000000000 ) ) ;
#8709 = DIRECTION ( 'NONE',  ( 0.000000000000000000, 0.000000000000000000, -1.000000000000000000 ) ) ;
#8710 = VERTEX_POINT ( 'NONE', #7007 ) ;
#8711 = EDGE_LOOP ( 'NONE', ( #9837, #1009, #2174 ) ) ;
#8712 = EDGE_CURVE ( 'NONE', #607, #7997, #4190, .T. ) ;
#8713 = CIRCLE ( 'NONE', #9685, 1.000000000000000000 ) ;
#8714 = ORIENTED_EDGE ( 'NONE', *, *, #2829, .T. ) ;
#8715 = DIRECTION ( 'NONE',  ( 1.000000000000000000, 0.000000000000000000, 0.000000000000000000 ) ) ;
#8716 = CARTESIAN_POINT ( 'NONE',  ( -58.90149343283635375, 25.80890601210882807, 8.598506567163743952 ) ) ;
#8717 = VERTEX_POINT ( 'NONE', #2105 ) ;
#8718 = CARTESIAN_POINT ( 'NONE',  ( -63.84530250257484596, 32.99372542958001020, 3.717587940194681639 ) ) ;
#8719 = LINE ( 'NONE', #5565, #349 ) ;
#8720 = CIRCLE ( 'NONE', #7594, 0.9999999999999996669 ) ;
#8721 = CARTESIAN_POINT ( 'NONE',  ( -61.20710678118653192, -18.58303575079962755, 6.292893218813557787 ) ) ;
#8722 = LINE ( 'NONE', #96, #4191 ) ;
#8723 =( BOUNDED_SURFACE ( )  B_SPLINE_SURFACE ( 3, 2, ( 
 ( #4574, #3246, #9460 ),
 ( #3857, #910, #2271 ),
 ( #7025, #9414, #5596 ),
 ( #7798, #6981, #6309 ),
 ( #3802, #5445, #2319 ),
 ( #1558, #2372, #4733 ),
 ( #4017, #5393, #2422 ),
 ( #1462, #6260, #811 ) ),
 .UNSPECIFIED., .F., .F., .T. ) 
 B_SPLINE_SURFACE_WITH_KNOTS ( ( 4, 2, 2, 4 ),
 ( 3, 3 ),
 ( 1.734723475976807094E-18, 0.002547111523414992244, 0.003820667285122487499, 0.005094223046829982754 ),
 ( 0.000000000000000000, 1.000000000000000000 ),
 .UNSPECIFIED. ) 
 GEOMETRIC_REPRESENTATION_ITEM ( )  RATIONAL_B_SPLINE_SURFACE ( (
 ( 1.000000000000000000, 0.8836414919745295693, 1.000000000000000000),
 ( 1.000000000000000000, 0.8916024150686751026, 1.000000000000000000),
 ( 1.000000000000000000, 0.9000955523962659299, 1.000000000000000000),
 ( 1.000000000000000000, 0.9112138646279077658, 1.000000000000000000),
 ( 1.000000000000000000, 0.9146417404396581796, 1.000000000000000000),
 ( 1.000000000000000000, 0.9201605664240629645, 1.000000000000000000),
 ( 1.000000000000000000, 0.9222000072248160985, 1.000000000000000000),
 ( 1.000000000000000000, 0.9231871291580002747, 1.000000000000000000) ) ) 
 REPRESENTATION_ITEM ( '' )  SURFACE ( )  );
#8724 = CARTESIAN_POINT ( 'NONE',  ( -63.86267736489418922, 31.00371733337075497, 3.637322635105866286 ) ) ;
#8725 = ORIENTED_EDGE ( 'NONE', *, *, #3791, .T. ) ;
#8726 = EDGE_CURVE ( 'NONE', #8380, #9639, #1744, .T. ) ;
#8727 = CARTESIAN_POINT ( 'NONE',  ( 32.52907130765306221, 41.94647912119307165, 11.53552631138373563 ) ) ;
#8728 = CARTESIAN_POINT ( 'NONE',  ( -37.43761980476161710, 37.58355575216329925, 2.510838109948479779 ) ) ;
#8729 = AXIS2_PLACEMENT_3D ( 'NONE', #1658, #4724, #3238 ) ;
#8730 = ADVANCED_FACE ( 'NONE', ( #2403 ), #4487, .T. ) ;
#8731 = CARTESIAN_POINT ( 'NONE',  ( -38.76211111321535441, 44.69386467622283732, 6.159301269370713428 ) ) ;
#8732 = ORIENTED_EDGE ( 'NONE', *, *, #9113, .F. ) ;
#8733 = DIRECTION ( 'NONE',  ( 0.000000000000000000, 0.000000000000000000, 1.000000000000000000 ) ) ;
#8734 = ORIENTED_EDGE ( 'NONE', *, *, #7295, .T. ) ;
#8735 = CARTESIAN_POINT ( 'NONE',  ( 37.07152021774192008, 36.69571412214638428, 2.009128036006778917 ) ) ;
#8736 = LINE ( 'NONE', #1539, #9057 ) ;
#8737 = VECTOR ( 'NONE', #10073, 1000.000000000000000 ) ;
#8738 = CIRCLE ( 'NONE', #923, 1.000000000000000888 ) ;
#8739 = CARTESIAN_POINT ( 'NONE',  ( -56.98545838085104265, -40.12206473544490137, 4.244240712304209850 ) ) ;
#8740 = ORIENTED_EDGE ( 'NONE', *, *, #8643, .T. ) ;
#8741 = EDGE_CURVE ( 'NONE', #3797, #4066, #3332, .T. ) ;
#8742 = CARTESIAN_POINT ( 'NONE',  ( -66.33555594535950206, 41.26872493809775477, 2.034950452827715139 ) ) ;
#8743 = ORIENTED_EDGE ( 'NONE', *, *, #8573, .F. ) ;
#8744 = DIRECTION ( 'NONE',  ( -0.000000000000000000, -0.000000000000000000, -1.000000000000000000 ) ) ;
#8745 = VECTOR ( 'NONE', #6535, 1000.000000000000000 ) ;
#8746 = ORIENTED_EDGE ( 'NONE', *, *, #3218, .F. ) ;
#8747 = CARTESIAN_POINT ( 'NONE',  ( -45.76767997638421548, 38.58578643762704274, 9.000000000000001776 ) ) ;
#8748 = CARTESIAN_POINT ( 'NONE',  ( 64.85065389059349172, 30.01369235538557589, 2.129846284872610518 ) ) ;
#8749 = ORIENTED_EDGE ( 'NONE', *, *, #759, .F. ) ;
#8750 = CARTESIAN_POINT ( 'NONE',  ( 69.00000000000001421, 27.22994939107031342, 1.000000000000000888 ) ) ;
#8751 = CARTESIAN_POINT ( 'NONE',  ( 33.77171203778522823, 38.00000000000000711, 4.000000000000000000 ) ) ;
#8752 = CARTESIAN_POINT ( 'NONE',  ( 62.09999999999991616, -38.34105304448029017, 3.117337607501971419 ) ) ;
#8753 = VECTOR ( 'NONE', #9652, 1000.000000000000000 ) ;
#8754 = AXIS2_PLACEMENT_3D ( 'NONE', #9544, #1139, #5725 ) ;
#8755 = CARTESIAN_POINT ( 'NONE',  ( 37.76094039717720818, 44.70710678159847618, 6.292893218401641064 ) ) ;
#8756 = EDGE_LOOP ( 'NONE', ( #9572, #168, #3643 ) ) ;
#8757 = DIRECTION ( 'NONE',  ( -0.000000000000000000, 0.000000000000000000, 1.000000000000000000 ) ) ;
#8758 = CYLINDRICAL_SURFACE ( 'NONE', #10027, 0.9999999999999978906 ) ;
#8759 = CARTESIAN_POINT ( 'NONE',  ( 67.89999999999996305, 38.49999999999999289, 2.000000000000000000 ) ) ;
#8760 = CARTESIAN_POINT ( 'NONE',  ( -54.49999999999997868, 13.65651987538036494, 4.499999999999997335 ) ) ;
#8761 = CARTESIAN_POINT ( 'NONE',  ( -37.25181215987404215, 39.00000000000000711, 10.24355300057547780 ) ) ;
#8762 = CARTESIAN_POINT ( 'NONE',  ( -64.90352009563571301, 30.10857565384094059, 2.248445385793641282 ) ) ;
#8763 = ORIENTED_EDGE ( 'NONE', *, *, #7498, .F. ) ;
#8764 = EDGE_LOOP ( 'NONE', ( #2979, #4589, #2763, #1174, #7708, #3231 ) ) ;
#8765 = CARTESIAN_POINT ( 'NONE',  ( 60.49999999999997868, 13.65651987538036494, 4.499999999999995559 ) ) ;
#8766 = CARTESIAN_POINT ( 'NONE',  ( 37.05320723487883328, 40.89601011479179959, 11.35429619670645174 ) ) ;
#8767 = VERTEX_POINT ( 'NONE', #3993 ) ;
#8768 = CARTESIAN_POINT ( 'NONE',  ( -63.43000811300547781, 33.50935544927370557, 4.086219842500130817 ) ) ;
#8769 = EDGE_CURVE ( 'NONE', #468, #3897, #7483, .T. ) ;
#8770 = DIRECTION ( 'NONE',  ( 0.6145275576728882472, -0.7888953548225487999, 0.000000000000000000 ) ) ;
#8771 = CARTESIAN_POINT ( 'NONE',  ( -61.57304435217784544, -22.02684981909412443, 5.926955647822224726 ) ) ;
#8772 = CARTESIAN_POINT ( 'NONE',  ( 41.25971598568238363, 35.61092653178153000, 8.869750509330836863 ) ) ;
#8773 = ORIENTED_EDGE ( 'NONE', *, *, #7167, .F. ) ;
#8774 = CARTESIAN_POINT ( 'NONE',  ( -64.63441335988335368, 29.89883209766507477, 2.769188855647600533 ) ) ;
#8775 = ORIENTED_EDGE ( 'NONE', *, *, #3939, .T. ) ;
#8776 = ORIENTED_EDGE ( 'NONE', *, *, #2441, .T. ) ;
#8777 = CARTESIAN_POINT ( 'NONE',  ( -43.15774561193817505, 35.19152069730136390, 9.434507691951129260 ) ) ;
#8778 = FACE_OUTER_BOUND ( 'NONE', #748, .T. ) ;
#8779 = CARTESIAN_POINT ( 'NONE',  ( 39.81509929239944512, 40.29060151441382942, 10.01891448428204967 ) ) ;
#8780 = ORIENTED_EDGE ( 'NONE', *, *, #6072, .F. ) ;
#8781 =( BOUNDED_SURFACE ( )  B_SPLINE_SURFACE ( 3, 2, ( 
 ( #1670, #6412, #4792 ),
 ( #7081, #865, #2580 ),
 ( #2528, #8051, #139 ),
 ( #3197, #5650, #915 ) ),
 .UNSPECIFIED., .F., .F., .F. ) 
 B_SPLINE_SURFACE_WITH_KNOTS ( ( 4, 4 ),
 ( 3, 3 ),
 ( -6.938893903907228378E-18, 0.0002902865774579577044 ),
 ( 0.000000000000000000, 1.000000000000000000 ),
 .UNSPECIFIED. ) 
 GEOMETRIC_REPRESENTATION_ITEM ( )  RATIONAL_B_SPLINE_SURFACE ( (
 ( 1.000000000000000000, 0.9231871291580000527, 1.000000000000000000),
 ( 1.000000000000000000, 0.9235382578950445120, 1.000000000000000000),
 ( 1.000000000000000000, 0.9237572934796677293, 1.000000000000000000),
 ( 1.000000000000000000, 0.9238408478135532453, 1.000000000000000000) ) ) 
 REPRESENTATION_ITEM ( '' )  SURFACE ( )  );
#8782 = CARTESIAN_POINT ( 'NONE',  ( 62.42528384723748758, 39.84550039937904131, 3.518347096043879407 ) ) ;
#8783 = ORIENTED_EDGE ( 'NONE', *, *, #4875, .F. ) ;
#8784 = EDGE_CURVE ( 'NONE', #2588, #9520, #9720, .T. ) ;
#8785 = ORIENTED_EDGE ( 'NONE', *, *, #5304, .F. ) ;
#8786 = CARTESIAN_POINT ( 'NONE',  ( -37.20669278194340279, 37.69437747356843715, 2.647897048998631764 ) ) ;
#8787 = CARTESIAN_POINT ( 'NONE',  ( 58.08578643762704985, 45.00000000000001421, 8.000000000000000000 ) ) ;
#8788 = EDGE_CURVE ( 'NONE', #8231, #9967, #1750, .T. ) ;
#8789 = ADVANCED_FACE ( 'NONE', ( #7976 ), #7208, .T. ) ;
#8790 = CARTESIAN_POINT ( 'NONE',  ( -58.87404912865320483, -40.73005394267189416, 2.399367246695095268 ) ) ;
#8791 = ORIENTED_EDGE ( 'NONE', *, *, #4485, .T. ) ;
#8792 = DIRECTION ( 'NONE',  ( -0.5195927999813438891, 0.000000000000000000, -0.8544140227123776521 ) ) ;
#8793 = EDGE_LOOP ( 'NONE', ( #3386, #6193, #6706, #4469 ) ) ;
#8794 = CARTESIAN_POINT ( 'NONE',  ( 45.76767997638425811, 36.00000000000001421, 9.000000000000001776 ) ) ;
#8796 = ORIENTED_EDGE ( 'NONE', *, *, #5620, .F. ) ;
#8795 = EDGE_CURVE ( 'NONE', #4559, #6252, #1288, .T. ) ;
#8797 = CARTESIAN_POINT ( 'NONE',  ( -56.76208047449451044, -39.57945610132569669, 4.830928847043588270 ) ) ;
#8798 = CARTESIAN_POINT ( 'NONE',  ( -40.72488180078176612, 39.62596066542347018, 9.864798983138852506 ) ) ;
#8799 = EDGE_CURVE ( 'NONE', #9639, #3565, #6638, .T. ) ;
#8800 = ORIENTED_EDGE ( 'NONE', *, *, #6582, .T. ) ;
#8801 = CARTESIAN_POINT ( 'NONE',  ( -53.74596825138367251, 42.01077634239956637, 5.568068019574944572 ) ) ;
#8802 = CARTESIAN_POINT ( 'NONE',  ( 40.78843619973243761, 43.99777443085826434, 6.159301269370720533 ) ) ;
#8803 = EDGE_CURVE ( 'NONE', #1336, #1523, #9472, .T. ) ;
#8804 = DIRECTION ( 'NONE',  ( -0.000000000000000000, -0.000000000000000000, -1.000000000000000000 ) ) ;
#8805 = CARTESIAN_POINT ( 'NONE',  ( 37.71421916739139135, 45.00000000000001421, 5.585786436708549907 ) ) ;
#8806 = AXIS2_PLACEMENT_3D ( 'NONE', #8048, #5697, #2725 ) ;
#8807 = CARTESIAN_POINT ( 'NONE',  ( -53.32916778716565176, 42.00000000000000711, 5.585786437627013434 ) ) ;
#8808 = B_SPLINE_CURVE_WITH_KNOTS ( 'NONE', 3,
 ( #3783, #5272, #4501, #10052 ),
 .UNSPECIFIED., .F., .F.,
 ( 4, 4 ),
 ( -0.01378853150712620011, 0.01365651987538036953 ),
 .UNSPECIFIED. ) ;
#8809 = CARTESIAN_POINT ( 'NONE',  ( -53.35582543178633586, -39.11747984191758576, 5.457858865112307001 ) ) ;
#8810 = CARTESIAN_POINT ( 'NONE',  ( -64.13452373906478954, -41.40836774813109145, 2.024157420073386948 ) ) ;
#8811 = B_SPLINE_CURVE_WITH_KNOTS ( 'NONE', 3,
 ( #5522, #2196, #4652, #832, #5418, #1531 ),
 .UNSPECIFIED., .F., .F.,
 ( 4, 2, 4 ),
 ( 0.000000000000000000, 0.0007567614069456624981, 0.001513522813891324996 ),
 .UNSPECIFIED. ) ;
#8812 = DIRECTION ( 'NONE',  ( -6.938893903907221278E-15, 1.000000000000000000, 0.000000000000000000 ) ) ;
#8813 = CARTESIAN_POINT ( 'NONE',  ( -58.75489261934960439, -21.37903042612311211, 8.235307220888460122 ) ) ;
#8814 = CARTESIAN_POINT ( 'NONE',  ( -44.93779860164065099, 35.00000000000000711, 0.5659743670785375436 ) ) ;
#8815 = CARTESIAN_POINT ( 'NONE',  ( -37.71417281860381365, 45.00000000000001421, 5.585786437627000112 ) ) ;
#8816 = VECTOR ( 'NONE', #7332, 1000.000000000000000 ) ;
#8817 = ORIENTED_EDGE ( 'NONE', *, *, #8660, .T. ) ;
#8818 = FACE_OUTER_BOUND ( 'NONE', #5637, .T. ) ;
#8819 = CARTESIAN_POINT ( 'NONE',  ( -53.49999999999997868, -30.99999999999998579, 8.707106781186542577 ) ) ;
#8820 = EDGE_LOOP ( 'NONE', ( #2910, #9651, #9011, #3412 ) ) ;
#8821 = VECTOR ( 'NONE', #5315, 1000.000000000000000 ) ;
#8822 = VECTOR ( 'NONE', #10088, 1000.000000000000000 ) ;
#8823 = CARTESIAN_POINT ( 'NONE',  ( 37.68905987309469197, 37.92699142696768178, 9.968536911978480575 ) ) ;
#8824 = FACE_OUTER_BOUND ( 'NONE', #9852, .T. ) ;
#8825 = CARTESIAN_POINT ( 'NONE',  ( -37.86617457699446021, 37.78894137933684760, 3.584718875788106107 ) ) ;
#8826 = DIRECTION ( 'NONE',  ( 0.000000000000000000, 0.9538173892666751419, 0.3003870635238873876 ) ) ;
#8827 = ORIENTED_EDGE ( 'NONE', *, *, #2229, .F. ) ;
#8828 = DIRECTION ( 'NONE',  ( 1.000000000000000000, 0.000000000000000000, 0.000000000000000000 ) ) ;
#8829 = EDGE_CURVE ( 'NONE', #5587, #6176, #109, .T. ) ;
#8830 = CARTESIAN_POINT ( 'NONE',  ( -38.62590607993755043, 45.00000000000001421, 2.000000000000000000 ) ) ;
#8831 = EDGE_CURVE ( 'NONE', #553, #7620, #7174, .T. ) ;
#8832 = CARTESIAN_POINT ( 'NONE',  ( -39.48201736188577371, 44.61052447450200020, 6.071485642481878386 ) ) ;
#8833 = ORIENTED_EDGE ( 'NONE', *, *, #2008, .F. ) ;
#8834 = CARTESIAN_POINT ( 'NONE',  ( -65.26141013046961348, 41.60440375792833834, 2.134070896427734176 ) ) ;
#8835 = ORIENTED_EDGE ( 'NONE', *, *, #2564, .F. ) ;
#8836 = ORIENTED_EDGE ( 'NONE', *, *, #9340, .T. ) ;
#8837 = CARTESIAN_POINT ( 'NONE',  ( 37.20536467547001536, 37.68480173231834129, 2.634790283402128619 ) ) ;
#8838 = DIRECTION ( 'NONE',  ( -0.000000000000000000, -1.000000000000000000, -0.000000000000000000 ) ) ;
#8839 = CARTESIAN_POINT ( 'NONE',  ( -37.59527238314574760, 38.00000000000000000, 3.592185779333322504 ) ) ;
#8840 = ORIENTED_EDGE ( 'NONE', *, *, #1784, .F. ) ;
#8841 = DIRECTION ( 'NONE',  ( -1.000000000000000000, 0.000000000000000000, 0.000000000000000000 ) ) ;
#8842 = CYLINDRICAL_SURFACE ( 'NONE', #4323, 1.000000000000000000 ) ;
#8843 = EDGE_CURVE ( 'NONE', #6790, #2286, #7311, .T. ) ;
#8844 =( BOUNDED_CURVE ( )  B_SPLINE_CURVE ( 3, ( #8305, #5904, #6007, #2731 ),
 .UNSPECIFIED., .F., .T. ) 
 B_SPLINE_CURVE_WITH_KNOTS ( ( 4, 4 ),
 ( 2.700799170362219392, 3.141592653589793116 ),
 .UNSPECIFIED. ) 
 CURVE ( )  GEOMETRIC_REPRESENTATION_ITEM ( )  RATIONAL_B_SPLINE_CURVE ( ( 1.000000000000000000, 0.9838738611700028613, 0.9838738611700028613, 1.000000000000000000 ) ) 
 REPRESENTATION_ITEM ( '' )  );
#8845 = ORIENTED_EDGE ( 'NONE', *, *, #4064, .F. ) ;
#8846 = CARTESIAN_POINT ( 'NONE',  ( 67.73146578155760267, 37.06368864801580543, 2.054763254799919281 ) ) ;
#8847 = CARTESIAN_POINT ( 'NONE',  ( -62.09999999999995879, 38.49999999998929212, 4.299995292113423240 ) ) ;
#8848 = ORIENTED_EDGE ( 'NONE', *, *, #3999, .T. ) ;
#8849 = CARTESIAN_POINT ( 'NONE',  ( -57.49999999999997868, 13.65651987538036494, 5.499999999999997335 ) ) ;
#8850 = CYLINDRICAL_SURFACE ( 'NONE', #1646, 11.24453208529339143 ) ;
#8851 = DIRECTION ( 'NONE',  ( -0.000000000000000000, -0.000000000000000000, -1.000000000000000000 ) ) ;
#8852 = EDGE_CURVE ( 'NONE', #8481, #7757, #1571, .T. ) ;
#8853 = VECTOR ( 'NONE', #4261, 1000.000000000000000 ) ;
#8854 = EDGE_CURVE ( 'NONE', #4830, #7476, #2698, .T. ) ;
#8855 = DIRECTION ( 'NONE',  ( 1.000000000000000000, 0.000000000000000000, 0.000000000000000000 ) ) ;
#8856 = DIRECTION ( 'NONE',  ( 0.000000000000000000, 0.9044134026110567381, -0.4266572361714854322 ) ) ;
#8857 = CARTESIAN_POINT ( 'NONE',  ( -67.12776965072600888, 36.52265797709366524, 2.163043991519690401 ) ) ;
#8858 = B_SPLINE_CURVE_WITH_KNOTS ( 'NONE', 3,
 ( #5792, #9558, #8700, #6558 ),
 .UNSPECIFIED., .F., .F.,
 ( 4, 4 ),
 ( 0.000000000000000000, 0.0006288186852853557603 ),
 .UNSPECIFIED. ) ;
#8859 = CYLINDRICAL_SURFACE ( 'NONE', #5806, 1.000000000000000000 ) ;
#8860 = CARTESIAN_POINT ( 'NONE',  ( -59.02254449046498053, -22.73722913590021122, 8.477455509535126055 ) ) ;
#8861 = AXIS2_PLACEMENT_3D ( 'NONE', #419, #6634, #3469 ) ;
#8862 = DIRECTION ( 'NONE',  ( 0.000000000000000000, -0.000000000000000000, -1.000000000000000000 ) ) ;
#8863 = CARTESIAN_POINT ( 'NONE',  ( 64.62539953187889807, -41.38245034047809412, 2.003784491951612790 ) ) ;
#8864 = ORIENTED_EDGE ( 'NONE', *, *, #6312, .F. ) ;
#8865 = EDGE_LOOP ( 'NONE', ( #8725, #7613, #1298 ) ) ;
#8866 = FACE_OUTER_BOUND ( 'NONE', #7510, .T. ) ;
#8867 = CONICAL_SURFACE ( 'NONE', #4313, 4.000000000000003553, 0.7853981633974428389 ) ;
#8868 = DIRECTION ( 'NONE',  ( -1.000000000000000000, -0.000000000000000000, 0.000000000000000000 ) ) ;
#8869 = ORIENTED_EDGE ( 'NONE', *, *, #59, .T. ) ;
#8870 = CARTESIAN_POINT ( 'NONE',  ( -41.45040878927949990, 39.24440577393657037, 9.738735459801116434 ) ) ;
#8871 = SURFACE_STYLE_FILL_AREA ( #5005 ) ;
#8872 = DIRECTION ( 'NONE',  ( 1.000000000000000000, 0.000000000000000000, 0.000000000000000000 ) ) ;
#8873 = CARTESIAN_POINT ( 'NONE',  ( 55.50000000000001421, -24.79228831549498580, 8.000000000000000000 ) ) ;
#8874 = VECTOR ( 'NONE', #1806, 1000.000000000000114 ) ;
#8875 = DIRECTION ( 'NONE',  ( 1.000000000000000000, 0.000000000000000000, 0.000000000000000000 ) ) ;
#8876 = CARTESIAN_POINT ( 'NONE',  ( -37.25060871419815811, 38.00000000000000711, 3.382490156887888233 ) ) ;
#8877 = DIRECTION ( 'NONE',  ( -0.000000000000000000, -0.000000000000000000, -1.000000000000000000 ) ) ;
#8878 = CIRCLE ( 'NONE', #2517, 1.600000000000004086 ) ;
#8879 = ORIENTED_EDGE ( 'NONE', *, *, #5620, .T. ) ;
#8880 = ADVANCED_BREP_SHAPE_REPRESENTATION ( '\X2\04200430043c043a0430\X0\', ( #9177, #1276 ), #4372 ) ;
#8881 = CARTESIAN_POINT ( 'NONE',  ( -46.39079392650079825, 12.52272913027367274, 20.60666982601238573 ) ) ;
#8882 = ORIENTED_EDGE ( 'NONE', *, *, #6462, .T. ) ;
#8883 = ORIENTED_EDGE ( 'NONE', *, *, #2744, .F. ) ;
#8884 = FACE_OUTER_BOUND ( 'NONE', #74, .T. ) ;
#8885 = CARTESIAN_POINT ( 'NONE',  ( -56.20297760717584623, -39.87016269377134847, 4.123842479251625726 ) ) ;
#8886 = CARTESIAN_POINT ( 'NONE',  ( 39.81509929239945222, 40.29060151441382942, 10.01891448428204789 ) ) ;
#8887 = EDGE_CURVE ( 'NONE', #9360, #4006, #4012, .T. ) ;
#8888 = CARTESIAN_POINT ( 'NONE',  ( 67.99999999999997158, -38.49999999999996447, 1.000000000000000000 ) ) ;
#8889 = CIRCLE ( 'NONE', #4653, 1.000000000000002887 ) ;
#8890 = CARTESIAN_POINT ( 'NONE',  ( -53.49999999999992184, -38.83503435370123924, 6.164965646298847801 ) ) ;
#8891 = CYLINDRICAL_SURFACE ( 'NONE', #7415, 1.000000000000000000 ) ;
#8892 = ORIENTED_EDGE ( 'NONE', *, *, #2037, .T. ) ;
#8893 = DIRECTION ( 'NONE',  ( -0.3800712867856351762, 0.8432624940801171087, 0.3800712867856392840 ) ) ;
#8894 = CONICAL_SURFACE ( 'NONE', #618, 4.000000000000003553, 0.7853981633974433940 ) ;
#8895 = CARTESIAN_POINT ( 'NONE',  ( -63.83245092171087265, 41.16111547949280691, 2.525632354262786983 ) ) ;
#8896 = ORIENTED_EDGE ( 'NONE', *, *, #5248, .F. ) ;
#8897 = DIRECTION ( 'NONE',  ( 0.000000000000000000, 0.3003870635238873876, -0.9538173892666751419 ) ) ;
#8898 = CARTESIAN_POINT ( 'NONE',  ( 39.06876810889485796, 45.00000000000001421, 5.388215427410373515 ) ) ;
#8899 = ADVANCED_FACE ( 'NONE', ( #5019 ), #5162, .F. ) ;
#8900 = VERTEX_POINT ( 'NONE', #9027 ) ;
#8901 = SPHERICAL_SURFACE ( 'NONE', #9134, 1.000000000000000000 ) ;
#8902 = CARTESIAN_POINT ( 'NONE',  ( -66.13255513377248462, -33.06195063539784229, 2.432930209290810719 ) ) ;
#8903 =( BOUNDED_SURFACE ( )  B_SPLINE_SURFACE ( 3, 2, ( 
 ( #8342, #1352, #4456 ),
 ( #9047, #7484, #7578 ),
 ( #9145, #8248, #2919 ),
 ( #9910, #6044, #5185 ) ),
 .UNSPECIFIED., .F., .F., .T. ) 
 B_SPLINE_SURFACE_WITH_KNOTS ( ( 4, 4 ),
 ( 3, 3 ),
 ( -9.757819552369539906E-18, 0.001024070384494484183 ),
 ( 0.6248383176759719770, 1.000000000000000000 ),
 .UNSPECIFIED. ) 
 GEOMETRIC_REPRESENTATION_ITEM ( )  RATIONAL_B_SPLINE_SURFACE ( (
 ( 0.9635901418970336252, 0.9708645764248347021, 1.000000000000000000),
 ( 0.9622861427431179671, 0.9698211071648461523, 1.000000000000000000),
 ( 0.9593500570684836415, 0.9674716308350694849, 1.000000000000000000),
 ( 0.9555068736126535178, 0.9643962885048130707, 1.000000000000000000) ) ) 
 REPRESENTATION_ITEM ( '' )  SURFACE ( )  );
#8904 = AXIS2_PLACEMENT_3D ( 'NONE', #7981, #991, #1645 ) ;
#8905 = CARTESIAN_POINT ( 'NONE',  ( 0.000000000000000000, 36.00000000000001421, 8.000000000000000000 ) ) ;
#8906 = CARTESIAN_POINT ( 'NONE',  ( -65.00284530397271965, 35.58536216904307281, 2.945381734698164333 ) ) ;
#8907 = CARTESIAN_POINT ( 'NONE',  ( -64.47953907657395689, -28.85895400731315519, 3.251273821551187382 ) ) ;
#8908 = VECTOR ( 'NONE', #3885, 1000.000000000000000 ) ;
#8909 = DIRECTION ( 'NONE',  ( -0.3064395601039133776, 0.9518901176098636396, 0.000000000000000000 ) ) ;
#8910 = CIRCLE ( 'NONE', #1270, 1.000000000000000888 ) ;
#8911 = EDGE_CURVE ( 'NONE', #7476, #3984, #1083, .T. ) ;
#8912 = EDGE_CURVE ( 'NONE', #3325, #8141, #5169, .T. ) ;
#8913 = ORIENTED_EDGE ( 'NONE', *, *, #5530, .F. ) ;
#8914 = EDGE_CURVE ( 'NONE', #3703, #4732, #3394, .T. ) ;
#8915 = CARTESIAN_POINT ( 'NONE',  ( -67.73978095639419905, -34.84417459238137127, 1.986417784768972350 ) ) ;
#8916 = VERTEX_POINT ( 'NONE', #2751 ) ;
#8917 = ORIENTED_EDGE ( 'NONE', *, *, #6398, .F. ) ;
#8918 = CARTESIAN_POINT ( 'NONE',  ( -64.90769222189545928, -42.49893476742262521, 1.000000000000000000 ) ) ;
#8919 = AXIS2_PLACEMENT_3D ( 'NONE', #8973, #5915, #7504 ) ;
#8920 = CARTESIAN_POINT ( 'NONE',  ( 37.50476792302426077, 40.88457172512983107, 11.21228693003586763 ) ) ;
#8921 = VERTEX_POINT ( 'NONE', #480 ) ;
#8922 = EDGE_CURVE ( 'NONE', #2588, #203, #1238, .T. ) ;
#8923 = CARTESIAN_POINT ( 'NONE',  ( 53.78973818791900641, 41.01173470530144272, 5.568068019574944572 ) ) ;
#8924 = CARTESIAN_POINT ( 'NONE',  ( 63.28757163686342579, -24.96607733669326024, 4.212428363136678122 ) ) ;
#8925 = B_SPLINE_CURVE_WITH_KNOTS ( 'NONE', 3,
 ( #1858, #2664, #6598, #4975 ),
 .UNSPECIFIED., .F., .F.,
 ( 4, 4 ),
 ( 0.000000000000000000, 0.0005686502470732280592 ),
 .UNSPECIFIED. ) ;
#8926 = PLANE ( 'NONE',  #7195 ) ;
#8927 = ADVANCED_FACE ( 'NONE', ( #8276 ), #256, .T. ) ;
#8928 = EDGE_CURVE ( 'NONE', #4782, #1718, #7285, .T. ) ;
#8929 = CARTESIAN_POINT ( 'NONE',  ( 37.25177238853002137, 38.00000000000000711, 3.593743884534262634 ) ) ;
#8930 = CIRCLE ( 'NONE', #4045, 1.000000000000002220 ) ;
#8931 = DIRECTION ( 'NONE',  ( 1.000000000000000000, 0.000000000000000000, -0.000000000000000000 ) ) ;
#8932 = CARTESIAN_POINT ( 'NONE',  ( 40.49710225668742680, 39.50420069622630592, 10.27124131751948966 ) ) ;
#8933 = CARTESIAN_POINT ( 'NONE',  ( 61.49999999999996447, -18.58303575079959558, 5.585786437627059620 ) ) ;
#8934 = ORIENTED_EDGE ( 'NONE', *, *, #4435, .F. ) ;
#8935 = CARTESIAN_POINT ( 'NONE',  ( 62.36456567510591498, 37.27686924531625579, 4.550828938897860887 ) ) ;
#8936 = VERTEX_POINT ( 'NONE', #6075 ) ;
#8937 = EDGE_LOOP ( 'NONE', ( #584, #5526, #1952, #3440 ) ) ;
#8938 = ADVANCED_FACE ( 'NONE', ( #9229 ), #2848, .F. ) ;
#8939 = CARTESIAN_POINT ( 'NONE',  ( 0.000000000000000000, 39.29289321881359598, 8.707106781186544353 ) ) ;
#8940 = CARTESIAN_POINT ( 'NONE',  ( -64.85731560859618128, 31.00499729894732681, 2.879011888997435431 ) ) ;
#8941 = CARTESIAN_POINT ( 'NONE',  ( -53.40453723780435524, 42.00075782659260426, 5.584961215914025168 ) ) ;
#8942 = CARTESIAN_POINT ( 'NONE',  ( -39.81509929240175438, 40.29060151441399995, 10.01891448428153986 ) ) ;
#8943 = CARTESIAN_POINT ( 'NONE',  ( 61.49999999999997868, 21.07884740024818271, 5.585786437627051626 ) ) ;
#8944 = DIRECTION ( 'NONE',  ( -1.000000000000000000, 0.000000000000000000, 0.000000000000000000 ) ) ;
#8945 = ORIENTED_EDGE ( 'NONE', *, *, #4797, .T. ) ;
#8946 = DIRECTION ( 'NONE',  ( -0.000000000000000000, -0.000000000000000000, 1.000000000000000000 ) ) ;
#8947 = LINE ( 'NONE', #1148, #10011 ) ;
#8948 = ORIENTED_EDGE ( 'NONE', *, *, #512, .F. ) ;
#8949 = DIRECTION ( 'NONE',  ( 0.000000000000000000, -0.3003870635238867215, 0.9538173892666753639 ) ) ;
#8950 = CARTESIAN_POINT ( 'NONE',  ( 66.73786713729165854, 42.10275142261046000, 1.036396857401805871 ) ) ;
#8951 = VERTEX_POINT ( 'NONE', #9124 ) ;
#8952 = DIRECTION ( 'NONE',  ( -0.000000000000000000, -0.000000000000000000, -1.000000000000000000 ) ) ;
#8953 = CARTESIAN_POINT ( 'NONE',  ( 61.33964541461728714, 23.15353781114626841, 6.160354585382835424 ) ) ;
#8954 = EDGE_CURVE ( 'NONE', #2220, #3056, #1378, .T. ) ;
#8955 = EDGE_CURVE ( 'NONE', #1202, #7331, #1260, .T. ) ;
#8956 = FACE_OUTER_BOUND ( 'NONE', #3107, .T. ) ;
#8957 = CARTESIAN_POINT ( 'NONE',  ( -41.58774780212577582, 43.39191853507747965, 6.292893218813548017 ) ) ;
#8958 = FACE_OUTER_BOUND ( 'NONE', #6700, .T. ) ;
#8959 = CARTESIAN_POINT ( 'NONE',  ( -59.46199940053616473, -21.80568766229459499, 8.038000599463943630 ) ) ;
#8960 = CARTESIAN_POINT ( 'NONE',  ( 63.53914417365369616, -41.24783264501106572, 2.064789356081582206 ) ) ;
#8961 = DIRECTION ( 'NONE',  ( -0.9990416370981197725, -0.04376993653535458245, 0.000000000000000000 ) ) ;
#8962 = ORIENTED_EDGE ( 'NONE', *, *, #7689, .F. ) ;
#8963 = ORIENTED_EDGE ( 'NONE', *, *, #4321, .T. ) ;
#8964 = DIRECTION ( 'NONE',  ( 0.000000000000000000, 4.336808689942017736E-15, -1.000000000000000000 ) ) ;
#8965 = CIRCLE ( 'NONE', #4761, 1.000000000000000888 ) ;
#8966 = EDGE_CURVE ( 'NONE', #7832, #4405, #9076, .T. ) ;
#8967 = CARTESIAN_POINT ( 'NONE',  ( 37.25181215987188210, 41.03837683323494190, 10.43851104196622082 ) ) ;
#8968 = ADVANCED_FACE ( 'NONE', ( #673 ), #2142, .T. ) ;
#8969 = ORIENTED_EDGE ( 'NONE', *, *, #5554, .F. ) ;
#8970 = CARTESIAN_POINT ( 'NONE',  ( -62.89641499431443350, -36.48620864900042449, 3.379255984661591494 ) ) ;
#8971 = DIRECTION ( 'NONE',  ( 1.000000000000000000, 0.000000000000000000, -0.000000000000000000 ) ) ;
#8972 = DIRECTION ( 'NONE',  ( -0.4345366032564995651, 0.5578332550415925351, -0.7071067811865511255 ) ) ;
#8973 = CARTESIAN_POINT ( 'NONE',  ( -64.99999999999995737, -38.49999999999999289, 1.000000000000000000 ) ) ;
#8974 = CARTESIAN_POINT ( 'NONE',  ( 35.74767701675632026, 40.00000000000000711, 11.75528278887716915 ) ) ;
#8975 = DIRECTION ( 'NONE',  ( 0.000000000000000000, 1.000000000000000000, 0.000000000000000000 ) ) ;
#8976 = EDGE_CURVE ( 'NONE', #3918, #7913, #940, .T. ) ;
#8977 = CARTESIAN_POINT ( 'NONE',  ( 37.19206279594771303, 36.44299297373739677, 1.993302023806312606 ) ) ;
#8978 = EDGE_CURVE ( 'NONE', #7290, #7997, #6578, .T. ) ;
#8979 = CIRCLE ( 'NONE', #6709, 15.52081528017139256 ) ;
#8980 = CARTESIAN_POINT ( 'NONE',  ( 64.99999999999995737, -38.49999999999996447, 2.000000000000000000 ) ) ;
#8981 = ADVANCED_FACE ( 'NONE', ( #8515 ), #3631, .T. ) ;
#8982 = VERTEX_POINT ( 'NONE', #5361 ) ;
#8983 = CARTESIAN_POINT ( 'NONE',  ( 52.32567344579845070, -38.70710678118653192, 6.292893218813554235 ) ) ;
#8984 = VERTEX_POINT ( 'NONE', #3002 ) ;
#8985 = EDGE_LOOP ( 'NONE', ( #3995, #4108, #6360, #6995 ) ) ;
#8986 = CARTESIAN_POINT ( 'NONE',  ( -37.25177238853220274, 38.00000000000000711, 3.593743884534261746 ) ) ;
#8987 = DIRECTION ( 'NONE',  ( 0.000000000000000000, 0.000000000000000000, -1.000000000000000000 ) ) ;
#8988 = CARTESIAN_POINT ( 'NONE',  ( 62.59670709732711913, 42.39854424234735575, 1.735518941911844193 ) ) ;
#8989 = DIRECTION ( 'NONE',  ( -0.000000000000000000, 0.000000000000000000, 1.000000000000000000 ) ) ;
#8990 = FACE_OUTER_BOUND ( 'NONE', #8696, .T. ) ;
#8991 = DIRECTION ( 'NONE',  ( 0.6145275576728801425, 0.7888953548225550172, -0.000000000000000000 ) ) ;
#8992 = VERTEX_POINT ( 'NONE', #570 ) ;
#8993 = CARTESIAN_POINT ( 'NONE',  ( 68.52776181374778730, 36.61329844107534370, 1.976779065907787292 ) ) ;
#8994 = FACE_OUTER_BOUND ( 'NONE', #9029, .T. ) ;
#8995 = VERTEX_POINT ( 'NONE', #721 ) ;
#8996 = FACE_OUTER_BOUND ( 'NONE', #5228, .T. ) ;
#8997 = CARTESIAN_POINT ( 'NONE',  ( 68.25654047055492413, 40.83589434804522966, 1.003040701166183046 ) ) ;
#8998 = EDGE_LOOP ( 'NONE', ( #9934, #9630, #1022, #659 ) ) ;
#8999 = CARTESIAN_POINT ( 'NONE',  ( 55.18041933941726995, -39.54097311615560528, 4.740928947179987141 ) ) ;
#9000 = CARTESIAN_POINT ( 'NONE',  ( -68.97429316737337501, 39.01767879941540684, 1.002952976924686768 ) ) ;
#9001 = DIRECTION ( 'NONE',  ( 1.000000000000000000, 0.000000000000000000, 0.000000000000000000 ) ) ;
#9002 = LINE ( 'NONE', #2022, #9216 ) ;
#9003 = CARTESIAN_POINT ( 'NONE',  ( -64.14255666478084095, -42.42613114938667707, 1.007384223348924968 ) ) ;
#9004 = DIRECTION ( 'NONE',  ( -0.3800712867856310684, 0.8432624940801208835, 0.3800712867856354538 ) ) ;
#9005 = FACE_OUTER_BOUND ( 'NONE', #336, .T. ) ;
#9006 = FACE_OUTER_BOUND ( 'NONE', #9461, .T. ) ;
#9007 = VERTEX_POINT ( 'NONE', #3816 ) ;
#9008 = EDGE_CURVE ( 'NONE', #1844, #7070, #1098, .T. ) ;
#9009 = CIRCLE ( 'NONE', #6082, 0.9999999999999870104 ) ;
#9010 = CARTESIAN_POINT ( 'NONE',  ( 64.51556585784007325, 30.52677043190091766, 2.984371621116103324 ) ) ;
#9011 = ORIENTED_EDGE ( 'NONE', *, *, #9905, .F. ) ;
#9012 = CARTESIAN_POINT ( 'NONE',  ( 58.94182466492096495, 41.79964087614671797, 4.489592359914378328 ) ) ;
#9013 = CARTESIAN_POINT ( 'NONE',  ( 40.98925096511796085, 39.43351841320281181, 9.806494209927883787 ) ) ;
#9014 = AXIS2_PLACEMENT_3D ( 'NONE', #3112, #3065, #1530 ) ;
#9015 = ORIENTED_EDGE ( 'NONE', *, *, #5994, .F. ) ;
#9016 = CARTESIAN_POINT ( 'NONE',  ( -65.45919373086150017, -35.62544162547833082, 2.435624832434477138 ) ) ;
#9017 = DIRECTION ( 'NONE',  ( 1.000000000000000000, 0.000000000000000000, -0.000000000000000000 ) ) ;
#9018 = DIRECTION ( 'NONE',  ( 0.000000000000000000, 0.3003870635238873321, -0.9538173892666751419 ) ) ;
#9019 = CARTESIAN_POINT ( 'NONE',  ( 61.83605177638171568, -21.74559659975460235, 5.219848866635736329 ) ) ;
#9020 = CARTESIAN_POINT ( 'NONE',  ( 63.77424175958427810, -42.30756047043942658, 1.026999469493790507 ) ) ;
#9021 = EDGE_CURVE ( 'NONE', #1435, #2884, #6943, .T. ) ;
#9022 = CIRCLE ( 'NONE', #2026, 1.000000000000000000 ) ;
#9023 = DIRECTION ( 'NONE',  ( 0.3800712867856352317, -0.8432624940801172198, -0.3800712867856392840 ) ) ;
#9024 = CARTESIAN_POINT ( 'NONE',  ( 41.26128535738190806, 39.03350465697151606, 10.03091685043982828 ) ) ;
#9025 = CARTESIAN_POINT ( 'NONE',  ( 65.34296203775666356, -30.99999999999998579, 2.836880822585404083 ) ) ;
#9026 = ORIENTED_EDGE ( 'NONE', *, *, #1929, .F. ) ;
#9027 = CARTESIAN_POINT ( 'NONE',  ( -60.49999999999997158, 13.65651987538036494, 5.499999999999997335 ) ) ;
#9028 = EDGE_LOOP ( 'NONE', ( #890, #800, #6756, #5438 ) ) ;
#9029 = EDGE_LOOP ( 'NONE', ( #821, #3052, #4353, #5214, #2313, #6832, #8083, #3255 ) ) ;
#9030 = VECTOR ( 'NONE', #5887, 1000.000000000000000 ) ;
#9031 = CARTESIAN_POINT ( 'NONE',  ( -37.25064865372630152, 37.99999999999999289, 3.389740352152628589 ) ) ;
#9032 = DIRECTION ( 'NONE',  ( -0.9372785015631645011, 0.1860787098837133335, 0.2947604522922331882 ) ) ;
#9033 = EDGE_CURVE ( 'NONE', #5066, #411, #91, .T. ) ;
#9034 = CARTESIAN_POINT ( 'NONE',  ( -64.99999999999995737, -38.49999999999999289, 0.000000000000000000 ) ) ;
#9035 = EDGE_CURVE ( 'NONE', #5524, #6059, #6887, .T. ) ;
#9036 = EDGE_CURVE ( 'NONE', #2242, #2045, #2284, .T. ) ;
#9037 = DIRECTION ( 'NONE',  ( -0.5160820409791097019, -0.8565391567107930593, 0.000000000000000000 ) ) ;
#9038 = FACE_OUTER_BOUND ( 'NONE', #7453, .T. ) ;
#9039 = AXIS2_PLACEMENT_3D ( 'NONE', #10074, #3714, #7650 ) ;
#9040 = EDGE_LOOP ( 'NONE', ( #10000, #9830, #6950 ) ) ;
#9041 = CARTESIAN_POINT ( 'NONE',  ( 40.26243604807640963, 40.11157940148442691, 9.695178118917748833 ) ) ;
#9042 = DIRECTION ( 'NONE',  ( 1.000000000000000000, -0.000000000000000000, 0.000000000000000000 ) ) ;
#9043 = VERTEX_POINT ( 'NONE', #9838 ) ;
#9044 = DIRECTION ( 'NONE',  ( 0.000000000000000000, -1.000000000000000000, 0.000000000000000000 ) ) ;
#9045 = CARTESIAN_POINT ( 'NONE',  ( 39.81509929239944512, 40.29060151441382942, 10.01891448428204967 ) ) ;
#9046 = EDGE_CURVE ( 'NONE', #1351, #9520, #5977, .T. ) ;
#9047 = CARTESIAN_POINT ( 'NONE',  ( -40.59512623913459350, 39.65590565686915880, 9.972073363377319311 ) ) ;
#9048 = CARTESIAN_POINT ( 'NONE',  ( -67.33204647303385570, 40.44358559325101510, 2.003898476098580517 ) ) ;
#9049 = AXIS2_PLACEMENT_3D ( 'NONE', #4632, #7751, #763 ) ;
#9050 = CARTESIAN_POINT ( 'NONE',  ( -55.49999999999997868, -30.99999999999997868, 9.000000000000001776 ) ) ;
#9051 = CARTESIAN_POINT ( 'NONE',  ( -43.36767997638421690, 36.23554512824591001, 9.368486388664434728 ) ) ;
#9052 = CARTESIAN_POINT ( 'NONE',  ( -64.05615766606382522, -26.67133578283197437, 3.507685401087867305 ) ) ;
#9053 = DIRECTION ( 'NONE',  ( 0.000000000000000000, -1.000000000000000000, 0.000000000000000000 ) ) ;
#9054 = DIRECTION ( 'NONE',  ( -3.499023925556554573E-16, -1.000000000000000000, 3.499023925556591551E-16 ) ) ;
#9055 = AXIS2_PLACEMENT_3D ( 'NONE', #5939, #7426, #8241 ) ;
#9056 = VERTEX_POINT ( 'NONE', #6996 ) ;
#9057 = VECTOR ( 'NONE', #4661, 1000.000000000000000 ) ;
#9058 = CARTESIAN_POINT ( 'NONE',  ( 45.22532245313247046, 46.00000000000001421, 10.00000000000014033 ) ) ;
#9059 = ORIENTED_EDGE ( 'NONE', *, *, #1982, .T. ) ;
#9060 = CARTESIAN_POINT ( 'NONE',  ( -37.25181215987404215, 38.00000000000000711, 10.24355300057547780 ) ) ;
#9061 = VECTOR ( 'NONE', #5323, 1000.000000000000000 ) ;
#9062 = DIRECTION ( 'NONE',  ( 0.000000000000000000, 0.000000000000000000, -1.000000000000000000 ) ) ;
#9063 = VECTOR ( 'NONE', #5069, 1000.000000000000000 ) ;
#9064 = LINE ( 'NONE', #1124, #2373 ) ;
#9065 = CARTESIAN_POINT ( 'NONE',  ( -61.62171432160653239, 22.98409969816341203, 5.453247804196259096 ) ) ;
#9066 = DIRECTION ( 'NONE',  ( 1.000000000000000000, 0.000000000000000000, -0.000000000000000000 ) ) ;
#9067 = DIRECTION ( 'NONE',  ( -1.000000000000000000, 0.000000000000000000, 0.000000000000000000 ) ) ;
#9068 = CARTESIAN_POINT ( 'NONE',  ( -64.66065867867749262, -41.50794113975918975, 2.000000000000000000 ) ) ;
#9069 = CIRCLE ( 'NONE', #4689, 9.000000000000001776 ) ;
#9070 = AXIS2_PLACEMENT_3D ( 'NONE', #9538, #5718, #2552 ) ;
#9071 = DIRECTION ( 'NONE',  ( -1.000000000000000000, 0.000000000000000000, 0.000000000000000000 ) ) ;
#9072 = CARTESIAN_POINT ( 'NONE',  ( 63.30428601169826663, 33.45660189906325144, 4.195713988301831066 ) ) ;
#9073 = CARTESIAN_POINT ( 'NONE',  ( -40.78843619973462609, 43.99777443085825013, 6.159301269370716092 ) ) ;
#9074 = EDGE_CURVE ( 'NONE', #411, #953, #3395, .T. ) ;
#9075 = ORIENTED_EDGE ( 'NONE', *, *, #5737, .T. ) ;
#9076 = LINE ( 'NONE', #1335, #2871 ) ;
#9077 = VERTEX_POINT ( 'NONE', #3976 ) ;
#9078 = VERTEX_POINT ( 'NONE', #1574 ) ;
#9079 = B_SPLINE_CURVE_WITH_KNOTS ( 'NONE', 3,
 ( #7549, #6882, #3915, #3763 ),
 .UNSPECIFIED., .F., .F.,
 ( 4, 4 ),
 ( 0.000000000000000000, 0.001380572674693888481 ),
 .UNSPECIFIED. ) ;
#9080 = CARTESIAN_POINT ( 'NONE',  ( 64.82455282269833674, 30.11324925394326257, 2.485232458738950267 ) ) ;
#9081 = DIRECTION ( 'NONE',  ( -1.000000000000000000, 0.000000000000000000, 0.000000000000000000 ) ) ;
#9082 = DIRECTION ( 'NONE',  ( 0.000000000000000000, 0.000000000000000000, -1.000000000000000000 ) ) ;
#9083 = CARTESIAN_POINT ( 'NONE',  ( 66.35572746296583091, -31.77338118756235730, 2.400069237973858627 ) ) ;
#9084 = CYLINDRICAL_SURFACE ( 'NONE', #8549, 11.24453208529338433 ) ;
#9085 = ADVANCED_FACE ( 'NONE', ( #37 ), #8620, .F. ) ;
#9086 = ORIENTED_EDGE ( 'NONE', *, *, #2066, .T. ) ;
#9087 = DIRECTION ( 'NONE',  ( 0.000000000000000000, -0.4266572361714857098, -0.9044134026110566271 ) ) ;
#9088 = DIRECTION ( 'NONE',  ( 0.000000000000000000, -1.000000000000000000, 0.000000000000000000 ) ) ;
#9090 = EDGE_LOOP ( 'NONE', ( #6179, #5208, #1038, #4149 ) ) ;
#9089 = ADVANCED_FACE ( 'NONE', ( #9376 ), #9633, .T. ) ;
#9091 = DIRECTION ( 'NONE',  ( 1.000000000000000000, -1.224972332542047547E-13, 0.000000000000000000 ) ) ;
#9092 = CARTESIAN_POINT ( 'NONE',  ( 68.99981008948903138, 38.24846481449246482, 1.008037804190470288 ) ) ;
#9093 = CARTESIAN_POINT ( 'NONE',  ( 63.65577090771687097, -35.92515984496635895, 3.129221402708231015 ) ) ;
#9094 = CARTESIAN_POINT ( 'NONE',  ( -68.97950182679289810, 38.02631711574764495, 1.966706453277439204 ) ) ;
#9095 = ORIENTED_EDGE ( 'NONE', *, *, #8966, .T. ) ;
#9096 = EDGE_CURVE ( 'NONE', #830, #671, #5458, .T. ) ;
#9097 = CARTESIAN_POINT ( 'NONE',  ( -38.55915756725683252, 37.24387938386953323, 2.212056190914937215 ) ) ;
#9098 = ORIENTED_EDGE ( 'NONE', *, *, #2547, .F. ) ;
#9099 = CARTESIAN_POINT ( 'NONE',  ( 57.28316869836383063, -39.72556520119589862, 4.489592359914374775 ) ) ;
#9100 = FACE_OUTER_BOUND ( 'NONE', #5657, .T. ) ;
#9101 = EDGE_CURVE ( 'NONE', #4055, #1840, #7772, .T. ) ;
#9102 = VERTEX_POINT ( 'NONE', #6271 ) ;
#9103 = CARTESIAN_POINT ( 'NONE',  ( 45.22532245313248467, 41.70710678118656034, 6.292893218813554235 ) ) ;
#9104 =( BOUNDED_SURFACE ( )  B_SPLINE_SURFACE ( 3, 2, ( 
 ( #9561, #7177, #5794 ),
 ( #2622, #6559, #7276 ),
 ( #8805, #8702, #8755 ),
 ( #9606, #2576, #9509 ) ),
 .UNSPECIFIED., .F., .F., .T. ) 
 B_SPLINE_SURFACE_WITH_KNOTS ( ( 4, 4 ),
 ( 3, 3 ),
 ( 0.000000000000000000, 0.001380572674693890216 ),
 ( 0.000000000000000000, 1.000000000000000000 ),
 .UNSPECIFIED. ) 
 GEOMETRIC_REPRESENTATION_ITEM ( )  RATIONAL_B_SPLINE_SURFACE ( (
 ( 1.000000000000000000, 0.9202892687146844164, 1.000000000000000000),
 ( 1.000000000000000000, 0.9226045829020559363, 1.000000000000000000),
 ( 1.000000000000000000, 0.9238854937644485066, 1.000000000000000000),
 ( 1.000000000000000000, 0.9238795325112879597, 1.000000000000000000) ) ) 
 REPRESENTATION_ITEM ( '' )  SURFACE ( )  );
#9105 = CARTESIAN_POINT ( 'NONE',  ( 66.86655694821901363, 35.26909515971937026, 2.261950970834389896 ) ) ;
#9106 = DIRECTION ( 'NONE',  ( 1.000000000000000000, 0.000000000000000000, 0.000000000000000000 ) ) ;
#9107 = VERTEX_POINT ( 'NONE', #2489 ) ;
#9108 = DIRECTION ( 'NONE',  ( -1.000000000000000000, 0.000000000000000000, 0.000000000000000000 ) ) ;
#9109 = ORIENTED_EDGE ( 'NONE', *, *, #4875, .T. ) ;
#9110 = EDGE_LOOP ( 'NONE', ( #9742, #8552, #1457, #4352, #8401, #4253, #10008, #4216, #8039, #2494, #3464 ) ) ;
#9111 = CARTESIAN_POINT ( 'NONE',  ( -40.00375034277982422, 44.44640613475354485, 6.063464737272428629 ) ) ;
#9112 = CARTESIAN_POINT ( 'NONE',  ( 53.50000000000001421, 34.00000000000000711, 8.707106781186542577 ) ) ;
#9113 = EDGE_CURVE ( 'NONE', #3319, #6238, #7937, .T. ) ;
#9114 = DIRECTION ( 'NONE',  ( 0.3000000000000017653, 0.000000000000000000, -0.9539392014169451040 ) ) ;
#9115 = CARTESIAN_POINT ( 'NONE',  ( -61.33964541461774189, 23.15353781114626130, 6.160354585382340709 ) ) ;
#9116 = CARTESIAN_POINT ( 'NONE',  ( 53.50000000000001421, -36.29289321881357466, 8.707106781186544353 ) ) ;
#9117 = CARTESIAN_POINT ( 'NONE',  ( 52.85994733564985637, -39.04231305574325006, 5.957686944255539352 ) ) ;
#9118 = ORIENTED_EDGE ( 'NONE', *, *, #7238, .F. ) ;
#9119 = VECTOR ( 'NONE', #1482, 1000.000000000000114 ) ;
#9120 = CARTESIAN_POINT ( 'NONE',  ( 36.17171203778524813, 40.00379515746519132, 11.63151361133555817 ) ) ;
#9121 = DIRECTION ( 'NONE',  ( 0.7845637097221040968, -0.6111533265178767937, -0.1046489219878714155 ) ) ;
#9122 = ORIENTED_EDGE ( 'NONE', *, *, #4460, .T. ) ;
#9123 = CIRCLE ( 'NONE', #8806, 1.000000000000000222 ) ;
#9124 = CARTESIAN_POINT ( 'NONE',  ( 67.66231006422459870, -37.35017169893578171, 2.000000000000000000 ) ) ;
#9125 = ORIENTED_EDGE ( 'NONE', *, *, #5779, .T. ) ;
#9126 = ORIENTED_EDGE ( 'NONE', *, *, #4460, .F. ) ;
#9127 = CARTESIAN_POINT ( 'NONE',  ( -11.25723734592838099, 41.00000000000000711, 11.00000000000000355 ) ) ;
#9128 = CARTESIAN_POINT ( 'NONE',  ( 36.33549835997282429, 41.00742573810256175, 10.63062261438886402 ) ) ;
#9129 = CARTESIAN_POINT ( 'NONE',  ( 63.93719751134945284, 42.45727370682443080, 2.209758525195621104 ) ) ;
#9130 = CARTESIAN_POINT ( 'NONE',  ( 56.22590676765318563, -39.42996329219721474, 5.154500473175499309 ) ) ;
#9131 = EDGE_CURVE ( 'NONE', #8027, #8259, #608, .T. ) ;
#9132 = ADVANCED_FACE ( 'NONE', ( #5613 ), #5810, .T. ) ;
#9133 = CARTESIAN_POINT ( 'NONE',  ( -64.99999999999995737, 38.49999999999999289, 2.000000000000000000 ) ) ;
#9134 = AXIS2_PLACEMENT_3D ( 'NONE', #1921, #5036, #4161 ) ;
#9135 = DIRECTION ( 'NONE',  ( 0.7094473255734667916, -0.7047584637566657317, 0.000000000000000000 ) ) ;
#9136 = ORIENTED_EDGE ( 'NONE', *, *, #7180, .T. ) ;
#9137 = CARTESIAN_POINT ( 'NONE',  ( 66.74899981088476864, -32.64593281799070468, 1.472694619429202545 ) ) ;
#9138 = DIRECTION ( 'NONE',  ( 0.3924313469075670358, -0.8318625342739162098, 0.3924313469075708660 ) ) ;
#9139 = ORIENTED_EDGE ( 'NONE', *, *, #4915, .T. ) ;
#9140 = AXIS2_PLACEMENT_3D ( 'NONE', #8637, #5630, #9643 ) ;
#9141 = DIRECTION ( 'NONE',  ( 1.000000000000000000, 0.000000000000000000, 0.000000000000000000 ) ) ;
#9142 = CYLINDRICAL_SURFACE ( 'NONE', #2061, 8.000000000000000000 ) ;
#9143 = ORIENTED_EDGE ( 'NONE', *, *, #9861, .T. ) ;
#9144 = CIRCLE ( 'NONE', #1629, 9.510407640085711378 ) ;
#9145 = CARTESIAN_POINT ( 'NONE',  ( -40.80913460959791905, 39.40315458162800866, 10.06631668137755220 ) ) ;
#9146 = EDGE_CURVE ( 'NONE', #7775, #6600, #2726, .T. ) ;
#9147 = CARTESIAN_POINT ( 'NONE',  ( -67.14964609004483975, 41.88226735110426802, 1.963283643589011973 ) ) ;
#9148 = ORIENTED_EDGE ( 'NONE', *, *, #4620, .F. ) ;
#9149 = EDGE_CURVE ( 'NONE', #6766, #8951, #7617, .T. ) ;
#9150 = CARTESIAN_POINT ( 'NONE',  ( -40.35042703796620600, 36.11710705997773374, 2.106729903508873569 ) ) ;
#9151 = EDGE_LOOP ( 'NONE', ( #3858, #1683, #3794, #6980 ) ) ;
#9152 = CARTESIAN_POINT ( 'NONE',  ( 67.74129949601588407, 39.77663869135335517, 2.001389613323045324 ) ) ;
#9153 = DIRECTION ( 'NONE',  ( 0.000000000000000000, -0.3003870635238873876, 0.9538173892666751419 ) ) ;
#9154 = CARTESIAN_POINT ( 'NONE',  ( 45.76767997638425811, 38.58578643762704274, 8.000000000000000000 ) ) ;
#9155 = DIRECTION ( 'NONE',  ( -1.000000000000000000, 0.000000000000000000, 0.000000000000000000 ) ) ;
#9156 = LINE ( 'NONE', #601, #4916 ) ;
#9157 = VERTEX_POINT ( 'NONE', #1125 ) ;
#9158 = DIRECTION ( 'NONE',  ( 1.000000000000000000, 0.000000000000000000, 0.000000000000000000 ) ) ;
#9159 = VERTEX_POINT ( 'NONE', #9677 ) ;
#9160 = EDGE_CURVE ( 'NONE', #6773, #9043, #9223, .T. ) ;
#9161 =( BOUNDED_CURVE ( )  B_SPLINE_CURVE ( 3, ( #7345, #351, #3460, #6569 ),
 .UNSPECIFIED., .F., .T. ) 
 B_SPLINE_CURVE_WITH_KNOTS ( ( 4, 4 ),
 ( 3.141592653589788231, 3.161701286229269936 ),
 .UNSPECIFIED. ) 
 CURVE ( )  GEOMETRIC_REPRESENTATION_ITEM ( )  RATIONAL_B_SPLINE_CURVE ( ( 1.000000000000000000, 0.9999663038583088692, 0.9999663038583088692, 1.000000000000000000 ) ) 
 REPRESENTATION_ITEM ( '' )  );
#9162 = CARTESIAN_POINT ( 'NONE',  ( 40.17870730859650052, 40.03511039004025918, 9.953004403257805777 ) ) ;
#9163 = DIRECTION ( 'NONE',  ( -1.000000000000000000, 0.000000000000000000, 0.000000000000000000 ) ) ;
#9164 = CARTESIAN_POINT ( 'NONE',  ( -61.49999999999997158, -13.78853150712619779, 5.500000000000000888 ) ) ;
#9165 = CARTESIAN_POINT ( 'NONE',  ( -61.49999999999998579, 23.00497116233434980, 5.585786437627016099 ) ) ;
#9166 = CARTESIAN_POINT ( 'NONE',  ( -66.95243218321741097, 40.84597205912807283, 2.010416419032941882 ) ) ;
#9167 = CARTESIAN_POINT ( 'NONE',  ( 38.94311434341243938, 44.69076889582011347, 6.127473688410284502 ) ) ;
#9168 = CIRCLE ( 'NONE', #718, 1.000000000000000000 ) ;
#9169 = CARTESIAN_POINT ( 'NONE',  ( -53.56873592537943551, 42.00406008278985581, 5.581365283095006014 ) ) ;
#9170 = ORIENTED_EDGE ( 'NONE', *, *, #244, .F. ) ;
#9171 = CARTESIAN_POINT ( 'NONE',  ( 37.25181215987187500, 49.00000000000006395, 2.000000000000000000 ) ) ;
#9172 = ORIENTED_EDGE ( 'NONE', *, *, #9260, .F. ) ;
#9173 = ORIENTED_EDGE ( 'NONE', *, *, #3971, .T. ) ;
#9174 = CARTESIAN_POINT ( 'NONE',  ( 53.74596825138365119, 42.01077634239955927, 5.568068019574944572 ) ) ;
#9175 = CARTESIAN_POINT ( 'NONE',  ( 35.49955173546378262, 41.00000000000000711, 10.80022721660114371 ) ) ;
#9176 = CARTESIAN_POINT ( 'NONE',  ( -37.55181215987406063, 40.05756524985254430, 11.19749220199241790 ) ) ;
#9177 = MANIFOLD_SOLID_BREP ( 'Cut-Extrude3', #2454 ) ;
#9178 = AXIS2_PLACEMENT_3D ( 'NONE', #3522, #4297, #9071 ) ;
#9179 = B_SPLINE_CURVE_WITH_KNOTS ( 'NONE', 3,
 ( #4597, #6083, #4548, #8627, #5521, #4497, #9990, #3778 ),
 .UNSPECIFIED., .F., .F.,
 ( 4, 2, 2, 4 ),
 ( 0.000000000000000000, 0.001728908411507597666, 0.003457816823015195332, 0.006915633646030370715 ),
 .UNSPECIFIED. ) ;
#9180 = DIRECTION ( 'NONE',  ( -0.000000000000000000, 0.000000000000000000, 1.000000000000000000 ) ) ;
#9181 = CARTESIAN_POINT ( 'NONE',  ( 64.99999999999995737, -38.49999999999996447, 1.000000000000000000 ) ) ;
#9182 = CARTESIAN_POINT ( 'NONE',  ( -55.83260106928749167, 42.10219574137227738, 5.104353425207316164 ) ) ;
#9183 = PLANE ( 'NONE',  #5504 ) ;
#9184 = TOROIDAL_SURFACE ( 'NONE', #5773, 9.000000000000001776, 1.000000000000000000 ) ;
#9185 = EDGE_LOOP ( 'NONE', ( #1521, #1190, #2699, #1626 ) ) ;
#9186 = CARTESIAN_POINT ( 'NONE',  ( -64.96295091132984112, 31.39625736791423805, 2.879749546370682811 ) ) ;
#9187 = CARTESIAN_POINT ( 'NONE',  ( 0.000000000000000000, 43.00000000000000711, 10.82842712474632485 ) ) ;
#9188 = EDGE_CURVE ( 'NONE', #838, #6746, #4363, .T. ) ;
#9189 = ORIENTED_EDGE ( 'NONE', *, *, #8843, .T. ) ;
#9190 = CARTESIAN_POINT ( 'NONE',  ( -66.59999999999996589, -38.49999999999999289, 2.000000000000000000 ) ) ;
#9191 = DIRECTION ( 'NONE',  ( -0.7071067811865441310, 0.000000000000000000, -0.7071067811865510144 ) ) ;
#9192 = ORIENTED_EDGE ( 'NONE', *, *, #2329, .F. ) ;
#9193 = CARTESIAN_POINT ( 'NONE',  ( 42.72722528477036263, 35.26750000083935532, 1.380869468002728029 ) ) ;
#9194 = VECTOR ( 'NONE', #4960, 1000.000000000000000 ) ;
#9195 = CARTESIAN_POINT ( 'NONE',  ( -68.72148125650389261, 37.03351534017911462, 1.036396857401803651 ) ) ;
#9196 = ORIENTED_EDGE ( 'NONE', *, *, #4193, .T. ) ;
#9197 = CARTESIAN_POINT ( 'NONE',  ( -64.99999999999995737, -38.49999999999999289, 2.000000000000000000 ) ) ;
#9198 = ORIENTED_EDGE ( 'NONE', *, *, #2897, .F. ) ;
#9199 = CARTESIAN_POINT ( 'NONE',  ( -60.82480316685990829, 42.32091372155248621, 3.211326763918017857 ) ) ;
#9200 = CARTESIAN_POINT ( 'NONE',  ( 63.77424175958426389, -42.30756047043942658, 1.026999469493787842 ) ) ;
#9201 = EDGE_CURVE ( 'NONE', #2753, #7054, #8286, .T. ) ;
#9202 = AXIS2_PLACEMENT_3D ( 'NONE', #6167, #2322, #3760 ) ;
#9203 = ORIENTED_EDGE ( 'NONE', *, *, #3551, .F. ) ;
#9204 = LINE ( 'NONE', #550, #447 ) ;
#9205 = DIRECTION ( 'NONE',  ( 1.000000000000000000, 0.000000000000000000, 0.000000000000000000 ) ) ;
#9206 = CYLINDRICAL_SURFACE ( 'NONE', #9789, 1.000000000000000000 ) ;
#9207 = VERTEX_POINT ( 'NONE', #7299 ) ;
#9208 = CARTESIAN_POINT ( 'NONE',  ( 58.08578643762704985, 45.00000000000001421, 8.000000000000000000 ) ) ;
#9209 = VECTOR ( 'NONE', #8447, 1000.000000000000000 ) ;
#9210 = B_SPLINE_CURVE_WITH_KNOTS ( 'NONE', 3,
 ( #5696, #5645, #3497, #1772 ),
 .UNSPECIFIED., .F., .F.,
 ( 4, 4 ),
 ( 0.000000000000000000, 0.0006288186852852359560 ),
 .UNSPECIFIED. ) ;
#9211 = DIRECTION ( 'NONE',  ( 0.000000000000000000, 0.000000000000000000, -1.000000000000000000 ) ) ;
#9212 = CARTESIAN_POINT ( 'NONE',  ( -63.86267736489418922, 31.00371733337075497, 3.637322635105866286 ) ) ;
#9213 = EDGE_CURVE ( 'NONE', #7627, #2864, #3414, .T. ) ;
#9214 = CARTESIAN_POINT ( 'NONE',  ( 39.38004687640358981, 38.11104645177451999, 10.62253898260047968 ) ) ;
#9215 = CARTESIAN_POINT ( 'NONE',  ( -53.49999999999997158, 36.00000000000001421, 8.000000000000000000 ) ) ;
#9216 = VECTOR ( 'NONE', #1265, 1000.000000000000000 ) ;
#9217 = EDGE_CURVE ( 'NONE', #9619, #4213, #4855, .T. ) ;
#9218 = CARTESIAN_POINT ( 'NONE',  ( -61.49999999999997868, -18.10646878060354936, 5.585786437627024092 ) ) ;
#9219 = AXIS2_PLACEMENT_3D ( 'NONE', #4531, #7598, #9926 ) ;
#9220 = VERTEX_POINT ( 'NONE', #4341 ) ;
#9221 = CARTESIAN_POINT ( 'NONE',  ( 35.31203116122316743, 41.00000000000000711, 10.82842712474632663 ) ) ;
#9222 =( BOUNDED_SURFACE ( )  B_SPLINE_SURFACE ( 3, 2, ( 
 ( #1128, #7353, #363 ),
 ( #7200, #2691, #4090 ),
 ( #1740, #7302, #5821 ),
 ( #7249, #4864, #8929 ) ),
 .UNSPECIFIED., .F., .F., .F. ) 
 B_SPLINE_SURFACE_WITH_KNOTS ( ( 4, 4 ),
 ( 3, 3 ),
 ( 0.000000000000000000, 5.415784438091037803E-06 ),
 ( 0.000000000000000000, 1.000000000000000000 ),
 .UNSPECIFIED. ) 
 GEOMETRIC_REPRESENTATION_ITEM ( )  RATIONAL_B_SPLINE_SURFACE ( (
 ( 1.000000000000000000, 0.9457524398124893539, 1.000000000000000000),
 ( 1.000000000000000000, 0.9457593239128322393, 1.000000000000000000),
 ( 1.000000000000000000, 0.9457633813024199920, 1.000000000000000000),
 ( 1.000000000000000000, 0.9457646058446170789, 1.000000000000000000) ) ) 
 REPRESENTATION_ITEM ( '' )  SURFACE ( )  );
#9223 = CIRCLE ( 'NONE', #4848, 8.000000000000000000 ) ;
#9224 = CIRCLE ( 'NONE', #10035, 9.000000000000001776 ) ;
#9225 = EDGE_CURVE ( 'NONE', #8936, #9981, #6685, .T. ) ;
#9226 = DIRECTION ( 'NONE',  ( 0.000000000000000000, 1.000000000000000000, 1.734723475976807094E-15 ) ) ;
#9227 = ADVANCED_FACE ( 'NONE', ( #8168 ), #2083, .T. ) ;
#9228 = ORIENTED_EDGE ( 'NONE', *, *, #7778, .F. ) ;
#9229 = FACE_OUTER_BOUND ( 'NONE', #296, .T. ) ;
#9230 = ORIENTED_EDGE ( 'NONE', *, *, #7354, .F. ) ;
#9231 = CARTESIAN_POINT ( 'NONE',  ( 0.000000000000000000, 41.00000000000000711, 10.82842712474632485 ) ) ;
#9232 = DIRECTION ( 'NONE',  ( 0.000000000000000000, -0.7071067811865436870, 0.7071067811865513475 ) ) ;
#9233 = VECTOR ( 'NONE', #4633, 1000.000000000000114 ) ;
#9234 = B_SPLINE_CURVE_WITH_KNOTS ( 'NONE', 3,
 ( #9020, #3624, #8269, #2040, #9829, #5156, #4391, #7505 ),
 .UNSPECIFIED., .F., .F.,
 ( 4, 2, 2, 4 ),
 ( 0.000000000000000000, 0.001998209413514446565, 0.003996418827028893131, 0.007992837654057761976 ),
 .UNSPECIFIED. ) ;
#9235 = DIRECTION ( 'NONE',  ( 1.000000000000000000, 0.000000000000000000, 0.000000000000000000 ) ) ;
#9236 = DIRECTION ( 'NONE',  ( 0.5974661628097467370, 0.5348535954771047596, 0.5974661628097533983 ) ) ;
#9237 = CARTESIAN_POINT ( 'NONE',  ( -57.76330786314650823, 42.18678372118969122, 4.226505513091751709 ) ) ;
#9238 = CIRCLE ( 'NONE', #2887, 1.000000000000000444 ) ;
#9239 = CARTESIAN_POINT ( 'NONE',  ( -41.45040878927937911, 39.24440577394009466, 9.738735459798096628 ) ) ;
#9240 = ORIENTED_EDGE ( 'NONE', *, *, #5304, .T. ) ;
#9241 = CARTESIAN_POINT ( 'NONE',  ( -64.34164737355774832, 31.20611822070642916, 3.158352626442298750 ) ) ;
#9242 = CARTESIAN_POINT ( 'NONE',  ( 33.77171203778522823, 39.00000000000000711, 12.00000000000000000 ) ) ;
#9243 = EDGE_LOOP ( 'NONE', ( #2335, #7646, #3377, #2713 ) ) ;
#9244 = EDGE_CURVE ( 'NONE', #7560, #7757, #4166, .T. ) ;
#9245 = PLANE ( 'NONE',  #2400 ) ;
#9246 = CARTESIAN_POINT ( 'NONE',  ( 68.88534714380109847, 39.48304861167798663, 1.001777963295124918 ) ) ;
#9247 = CIRCLE ( 'NONE', #464, 1.000000000000000000 ) ;
#9248 = CARTESIAN_POINT ( 'NONE',  ( -68.82527158622050933, 37.30496364909664919, 1.963138866966321228 ) ) ;
#9249 = CARTESIAN_POINT ( 'NONE',  ( 65.03312551015160636, 31.53431091113387907, 2.861079241191318179 ) ) ;
#9250 = B_SPLINE_CURVE_WITH_KNOTS ( 'NONE', 3,
 ( #9908, #7677, #2917, #8339, #2156, #541, #8385, #9045 ),
 .UNSPECIFIED., .F., .F.,
 ( 4, 2, 2, 4 ),
 ( 0.000000000000000000, 0.0006852816480275456196, 0.001370563296055091239, 0.002741126592110169902 ),
 .UNSPECIFIED. ) ;
#9251 = VERTEX_POINT ( 'NONE', #2087 ) ;
#9252 = CARTESIAN_POINT ( 'NONE',  ( -62.95491025423878284, 41.64513482895912944, 2.658095894399391756 ) ) ;
#9253 = DIRECTION ( 'NONE',  ( 3.337429865655985769E-16, 0.9538173892666751419, 0.3003870635238873876 ) ) ;
#9254 = ORIENTED_EDGE ( 'NONE', *, *, #700, .T. ) ;
#9255 = DIRECTION ( 'NONE',  ( 0.000000000000000000, 0.000000000000000000, 1.000000000000000000 ) ) ;
#9256 = DIRECTION ( 'NONE',  ( -0.7888953548225487999, -0.6145275576728881362, 7.732507109963351518E-15 ) ) ;
#9257 = DIRECTION ( 'NONE',  ( 0.000000000000000000, 0.000000000000000000, -1.000000000000000000 ) ) ;
#9258 = ORIENTED_EDGE ( 'NONE', *, *, #2302, .F. ) ;
#9259 = CARTESIAN_POINT ( 'NONE',  ( 37.25181215987187500, 37.00000000000002842, 3.599159522938018441 ) ) ;
#9260 = EDGE_CURVE ( 'NONE', #7560, #308, #6117, .T. ) ;
#9261 = EDGE_CURVE ( 'NONE', #4779, #119, #455, .T. ) ;
#9262 = ORIENTED_EDGE ( 'NONE', *, *, #1812, .T. ) ;
#9263 = CARTESIAN_POINT ( 'NONE',  ( 41.08401631062694292, 44.15558141929021474, 5.452194488184176180 ) ) ;
#9264 = DIRECTION ( 'NONE',  ( 0.000000000000000000, 0.4266572361714853767, 0.9044134026110566271 ) ) ;
#9265 = CARTESIAN_POINT ( 'NONE',  ( -37.72646615352980604, 40.06848303758106056, 11.14256606202574318 ) ) ;
#9266 = DIRECTION ( 'NONE',  ( -0.000000000000000000, -0.000000000000000000, -1.000000000000000000 ) ) ;
#9267 = DIRECTION ( 'NONE',  ( 0.000000000000000000, 0.000000000000000000, -1.000000000000000000 ) ) ;
#9268 = ORIENTED_EDGE ( 'NONE', *, *, #839, .F. ) ;
#9269 = EDGE_CURVE ( 'NONE', #9354, #4830, #1327, .T. ) ;
#9270 = CARTESIAN_POINT ( 'NONE',  ( -66.59999999999996589, 38.50000000000000711, 0.000000000000000000 ) ) ;
#9271 = CARTESIAN_POINT ( 'NONE',  ( -53.65754873355715659, 42.00690251318159341, 5.576257957664910947 ) ) ;
#9272 = EDGE_LOOP ( 'NONE', ( #3039, #2185, #3869, #6389 ) ) ;
#9273 = DIRECTION ( 'NONE',  ( 1.000000000000000000, 0.000000000000000000, 0.000000000000000000 ) ) ;
#9274 = ORIENTED_EDGE ( 'NONE', *, *, #7843, .F. ) ;
#9275 = ORIENTED_EDGE ( 'NONE', *, *, #8799, .F. ) ;
#9276 = CARTESIAN_POINT ( 'NONE',  ( 40.78843619973243761, 43.99777443085826434, 6.159301269370721421 ) ) ;
#9277 = CARTESIAN_POINT ( 'NONE',  ( 67.87618796401147847, 37.42037800267573999, 2.032565609254244343 ) ) ;
#9278 = ORIENTED_EDGE ( 'NONE', *, *, #4410, .F. ) ;
#9279 = CARTESIAN_POINT ( 'NONE',  ( 60.49999999999997158, -13.78853150712619957, 5.500000000000000888 ) ) ;
#9280 = FACE_OUTER_BOUND ( 'NONE', #9805, .T. ) ;
#9281 = EDGE_CURVE ( 'NONE', #624, #3766, #5299, .T. ) ;
#9282 = DIRECTION ( 'NONE',  ( 0.000000000000000000, -0.000000000000000000, -1.000000000000000000 ) ) ;
#9283 = CARTESIAN_POINT ( 'NONE',  ( -55.49999999999997868, 27.22994939107031698, 1.000000000000000888 ) ) ;
#9284 = ADVANCED_FACE ( 'NONE', ( #7701 ), #3716, .F. ) ;
#9285 = TOROIDAL_SURFACE ( 'NONE', #7020, 4.585786437627034751, 1.000000000000000000 ) ;
#9286 = B_SPLINE_CURVE_WITH_KNOTS ( 'NONE', 3,
 ( #736, #8528, #8334, #2965 ),
 .UNSPECIFIED., .F., .F.,
 ( 4, 4 ),
 ( 7.152448122690996019E-18, 0.002420485039952483593 ),
 .UNSPECIFIED. ) ;
#9287 = CARTESIAN_POINT ( 'NONE',  ( -66.05641673077082032, 32.17777346049143716, 1.776824534304323411 ) ) ;
#9288 = ORIENTED_EDGE ( 'NONE', *, *, #8161, .F. ) ;
#9289 = CARTESIAN_POINT ( 'NONE',  ( 67.83529238533877503, 37.29763258452727825, 2.038552371135736951 ) ) ;
#9290 = CARTESIAN_POINT ( 'NONE',  ( -38.46551931873283792, 37.32215109695198407, 9.668599781182846797 ) ) ;
#9291 = EDGE_LOOP ( 'NONE', ( #6350, #330, #1001, #2970 ) ) ;
#9292 = CARTESIAN_POINT ( 'NONE',  ( -64.99999999999995737, 38.50000000000000711, 2.000000000000000000 ) ) ;
#9293 = EDGE_LOOP ( 'NONE', ( #6864, #198, #9125, #6827 ) ) ;
#9294 = AXIS2_PLACEMENT_3D ( 'NONE', #2317, #10069, #9257 ) ;
#9295 = CARTESIAN_POINT ( 'NONE',  ( 40.92648697817527648, 35.37553390098995010, 1.433800203910212900 ) ) ;
#9296 = CARTESIAN_POINT ( 'NONE',  ( -62.50676254597735237, -41.89952411679621491, 1.173501704760340658 ) ) ;
#9297 = VERTEX_POINT ( 'NONE', #664 ) ;
#9298 = CARTESIAN_POINT ( 'NONE',  ( 65.82195073588803780, -30.58909310845134755, 1.935337389948395437 ) ) ;
#9299 = EDGE_CURVE ( 'NONE', #5244, #4458, #7293, .T. ) ;
#9300 = CIRCLE ( 'NONE', #9294, 1.000000000000000000 ) ;
#9301 = CARTESIAN_POINT ( 'NONE',  ( 64.66448412213894414, 30.81257281711266671, 2.954797594518438153 ) ) ;
#9302 = AXIS2_PLACEMENT_3D ( 'NONE', #147, #6732, #8220 ) ;
#9303 = ORIENTED_EDGE ( 'NONE', *, *, #4258, .F. ) ;
#9304 = CARTESIAN_POINT ( 'NONE',  ( 68.81597042785985252, 39.72525986867294279, 1.983640108092148635 ) ) ;
#9305 = CARTESIAN_POINT ( 'NONE',  ( 64.42693308793820961, 30.35101456409556775, 3.010911055862907304 ) ) ;
#9306 = ORIENTED_EDGE ( 'NONE', *, *, #2972, .T. ) ;
#9307 = CARTESIAN_POINT ( 'NONE',  ( -33.77171203778518560, 41.00000000000000711, 12.00000000000000000 ) ) ;
#9308 = ADVANCED_FACE ( 'NONE', ( #3809 ), #3771, .T. ) ;
#9309 = CARTESIAN_POINT ( 'NONE',  ( -58.53722043887545823, 41.21973103809762051, 3.782485578727830866 ) ) ;
#9310 = CARTESIAN_POINT ( 'NONE',  ( -61.49999999999997868, 21.07884740024819692, 5.585786437627012546 ) ) ;
#9311 = DIRECTION ( 'NONE',  ( -1.000000000000000000, 0.000000000000000000, 0.000000000000000000 ) ) ;
#9312 = ORIENTED_EDGE ( 'NONE', *, *, #6937, .F. ) ;
#9313 = CARTESIAN_POINT ( 'NONE',  ( -66.69110448963706972, 31.00371733337074431, 6.465749759848711697 ) ) ;
#9314 = EDGE_LOOP ( 'NONE', ( #4202, #6901, #7120, #9473 ) ) ;
#9315 =( BOUNDED_CURVE ( )  B_SPLINE_CURVE ( 3, ( #8721, #5567, #8771, #7146 ),
 .UNSPECIFIED., .F., .T. ) 
 B_SPLINE_CURVE_WITH_KNOTS ( ( 4, 4 ),
 ( 3.141592653589789563, 3.565041243634445411 ),
 .UNSPECIFIED. ) 
 CURVE ( )  GEOMETRIC_REPRESENTATION_ITEM ( )  RATIONAL_B_SPLINE_CURVE ( ( 1.000000000000000000, 0.9851133430649818834, 0.9851133430649818834, 1.000000000000000000 ) ) 
 REPRESENTATION_ITEM ( '' )  );
#9316 = DIRECTION ( 'NONE',  ( -0.000000000000000000, 0.000000000000000000, 1.000000000000000000 ) ) ;
#9317 = DIRECTION ( 'NONE',  ( 1.000000000000000000, 2.621966329962197149E-15, 0.000000000000000000 ) ) ;
#9318 = CYLINDRICAL_SURFACE ( 'NONE', #8092, 4.000000000000017764 ) ;
#9319 = DIRECTION ( 'NONE',  ( 1.000000000000000000, 0.000000000000000000, 0.000000000000000000 ) ) ;
#9320 = EDGE_CURVE ( 'NONE', #9761, #4134, #8266, .T. ) ;
#9321 = DIRECTION ( 'NONE',  ( 0.000000000000000000, 0.9044134026110569602, -0.4266572361714848771 ) ) ;
#9322 = DIRECTION ( 'NONE',  ( 0.000000000000000000, -0.4867207978480930786, -0.8735575910849356918 ) ) ;
#9323 = CARTESIAN_POINT ( 'NONE',  ( 45.22532245313247046, 46.00000000000007105, 2.000000000000000000 ) ) ;
#9324 = EDGE_LOOP ( 'NONE', ( #6888, #5680, #5844, #134 ) ) ;
#9325 = CARTESIAN_POINT ( 'NONE',  ( -56.10163391858887394, 41.77425094666771344, 5.811460205911741284 ) ) ;
#9326 = ORIENTED_EDGE ( 'NONE', *, *, #9880, .T. ) ;
#9327 = EDGE_CURVE ( 'NONE', #8936, #7383, #514, .T. ) ;
#9328 = VERTEX_POINT ( 'NONE', #2836 ) ;
#9329 = DIRECTION ( 'NONE',  ( 0.000000000000000000, 0.000000000000000000, -1.000000000000000000 ) ) ;
#9330 = EDGE_LOOP ( 'NONE', ( #5723, #5286, #3338, #6235 ) ) ;
#9331 = CARTESIAN_POINT ( 'NONE',  ( -64.99999999999995737, 38.50000000000000711, 2.000000000000000000 ) ) ;
#9332 = LINE ( 'NONE', #7002, #4424 ) ;
#9333 = AXIS2_PLACEMENT_3D ( 'NONE', #4383, #1364, #4470 ) ;
#9334 = CARTESIAN_POINT ( 'NONE',  ( 67.73146578155760267, 37.06368864801580543, 2.054763254799920169 ) ) ;
#9335 = CARTESIAN_POINT ( 'NONE',  ( 60.49999999999996447, -18.10646878060362397, 5.585786437627060508 ) ) ;
#9336 = FACE_BOUND ( 'NONE', #1096, .T. ) ;
#9337 = ORIENTED_EDGE ( 'NONE', *, *, #8416, .T. ) ;
#9338 = CARTESIAN_POINT ( 'NONE',  ( 66.30489124992260486, 41.09752259798916896, 2.045194599781532840 ) ) ;
#9339 = DIRECTION ( 'NONE',  ( 0.000000000000000000, 0.9538173892666751419, 0.3003870635238873876 ) ) ;
#9340 = EDGE_CURVE ( 'NONE', #5360, #7057, #118, .T. ) ;
#9341 = ORIENTED_EDGE ( 'NONE', *, *, #5285, .T. ) ;
#9342 = VECTOR ( 'NONE', #5268, 1000.000000000000000 ) ;
#9343 = LINE ( 'NONE', #5629, #6463 ) ;
#9344 = EDGE_CURVE ( 'NONE', #4835, #3056, #8270, .T. ) ;
#9345 = CARTESIAN_POINT ( 'NONE',  ( -62.49314726662308317, -23.20349147688654057, 4.504316485889944488 ) ) ;
#9346 = CYLINDRICAL_SURFACE ( 'NONE', #2326, 8.000000000000000000 ) ;
#9347 = CARTESIAN_POINT ( 'NONE',  ( 62.04822813290227401, 27.03851582607878612, 4.037558304724732317 ) ) ;
#9348 = VECTOR ( 'NONE', #4776, 1000.000000000000000 ) ;
#9349 = CARTESIAN_POINT ( 'NONE',  ( -66.33555594535948785, 41.26872493809776188, 2.034950452827720468 ) ) ;
#9350 = VERTEX_POINT ( 'NONE', #7082 ) ;
#9351 = CARTESIAN_POINT ( 'NONE',  ( 66.99579849475922799, 41.97508931218763450, 1.963170668126036134 ) ) ;
#9352 = CARTESIAN_POINT ( 'NONE',  ( -66.12253814743459657, 41.18134769195402356, 2.057902505711538321 ) ) ;
#9353 = EDGE_CURVE ( 'NONE', #2567, #9618, #6988, .T. ) ;
#9354 = VERTEX_POINT ( 'NONE', #7329 ) ;
#9355 = DIRECTION ( 'NONE',  ( -0.000000000000000000, -0.000000000000000000, -1.000000000000000000 ) ) ;
#9356 = DIRECTION ( 'NONE',  ( 0.000000000000000000, 0.000000000000000000, -1.000000000000000000 ) ) ;
#9357 = CIRCLE ( 'NONE', #6603, 1.000000000000000000 ) ;
#9358 = FACE_OUTER_BOUND ( 'NONE', #2967, .T. ) ;
#9359 = DIRECTION ( 'NONE',  ( -3.499023925556554573E-16, -1.000000000000000000, 3.499023925556591551E-16 ) ) ;
#9360 = VERTEX_POINT ( 'NONE', #764 ) ;
#9361 = CYLINDRICAL_SURFACE ( 'NONE', #2657, 1.000000000000000000 ) ;
#9362 = EDGE_LOOP ( 'NONE', ( #5688, #2634, #1397, #8780 ) ) ;
#9363 = VECTOR ( 'NONE', #6778, 1000.000000000000000 ) ;
#9364 = CARTESIAN_POINT ( 'NONE',  ( 40.14624532403578172, 39.78050490956810137, 10.38158071822760853 ) ) ;
#9365 = CARTESIAN_POINT ( 'NONE',  ( 67.57388569956226831, 34.90129902747835189, 1.269952090103109166 ) ) ;
#9366 = EDGE_CURVE ( 'NONE', #7414, #8527, #3022, .T. ) ;
#9367 = CARTESIAN_POINT ( 'NONE',  ( -68.89267299285903334, 39.43961237403752307, 1.001922806024291068 ) ) ;
#9368 = FACE_OUTER_BOUND ( 'NONE', #2063, .T. ) ;
#9369 = CARTESIAN_POINT ( 'NONE',  ( 69.00000000000001421, -0.7139664306519348802, -1.513441597030491526 ) ) ;
#9370 = AXIS2_PLACEMENT_3D ( 'NONE', #2464, #3955, #2312 ) ;
#9371 = CARTESIAN_POINT ( 'NONE',  ( -37.25181215987404215, 37.00000000000000711, 10.00000000000014033 ) ) ;
#9372 = CARTESIAN_POINT ( 'NONE',  ( 62.75533491408882725, 27.03851582607878967, 4.744665085911275781 ) ) ;
#9373 = CIRCLE ( 'NONE', #9536, 11.24453208529338433 ) ;
#9374 = ORIENTED_EDGE ( 'NONE', *, *, #9281, .F. ) ;
#9375 = B_SPLINE_CURVE_WITH_KNOTS ( 'NONE', 3,
 ( #5602, #1776, #6363, #8707, #9367, #1826, #1722, #5552, #2376, #4847, #9420, #4170 ),
 .UNSPECIFIED., .F., .F.,
 ( 4, 2, 2, 2, 2, 4 ),
 ( 0.001513522813891324996, 0.002086903206385644447, 0.002660283598879963681, 0.003807044383868593909, 0.004953805168857224571, 0.006100565953845855233 ),
 .UNSPECIFIED. ) ;
#9376 = FACE_OUTER_BOUND ( 'NONE', #1953, .T. ) ;
#9377 = VERTEX_POINT ( 'NONE', #10076 ) ;
#9378 = CARTESIAN_POINT ( 'NONE',  ( 55.50000000000001421, -30.99999999999997158, 8.000000000000000000 ) ) ;
#9379 = CARTESIAN_POINT ( 'NONE',  ( -54.49999999999997868, -24.79228831549498580, 8.000000000000000000 ) ) ;
#9380 = ORIENTED_EDGE ( 'NONE', *, *, #9880, .F. ) ;
#9381 = FACE_OUTER_BOUND ( 'NONE', #9734, .T. ) ;
#9382 = CARTESIAN_POINT ( 'NONE',  ( 53.50000000000001421, -30.99999999999998579, 2.000000000000000000 ) ) ;
#9383 = AXIS2_PLACEMENT_3D ( 'NONE', #4790, #7131, #9417 ) ;
#9384 = AXIS2_PLACEMENT_3D ( 'NONE', #8687, #3123, #7111 ) ;
#9385 = CARTESIAN_POINT ( 'NONE',  ( 53.25379579564058474, 41.70710678118656034, 6.292893218813554235 ) ) ;
#9386 = EDGE_CURVE ( 'NONE', #7662, #1753, #8432, .T. ) ;
#9387 = CARTESIAN_POINT ( 'NONE',  ( 41.20580849796413503, 39.53981859883490557, 9.600167059589093554 ) ) ;
#9388 = ADVANCED_FACE ( 'NONE', ( #9602 ), #9559, .T. ) ;
#9389 = FACE_BOUND ( 'NONE', #4441, .T. ) ;
#9390 = ORIENTED_EDGE ( 'NONE', *, *, #7868, .T. ) ;
#9391 = CARTESIAN_POINT ( 'NONE',  ( 54.14609697630906027, -39.23624293039456745, 5.772375892281914389 ) ) ;
#9392 = CYLINDRICAL_SURFACE ( 'NONE', #5646, 1.000000000000000000 ) ;
#9393 = TOROIDAL_SURFACE ( 'NONE', #5013, 4.585786437627036527, 1.000000000000000000 ) ;
#9394 = VERTEX_POINT ( 'NONE', #8801 ) ;
#9395 = CARTESIAN_POINT ( 'NONE',  ( 37.77331367997879141, 37.65376736211391062, 2.886332247372070281 ) ) ;
#9396 = CARTESIAN_POINT ( 'NONE',  ( -37.71032824080555201, 41.05284416100068512, 10.36572757249737897 ) ) ;
#9397 = CARTESIAN_POINT ( 'NONE',  ( -63.83631036095747646, -42.32754205712598150, 1.991683565629862818 ) ) ;
#9398 = FACE_OUTER_BOUND ( 'NONE', #3312, .T. ) ;
#9399 = AXIS2_PLACEMENT_3D ( 'NONE', #8040, #1305, #4408 ) ;
#9400 = ORIENTED_EDGE ( 'NONE', *, *, #1617, .T. ) ;
#9401 = CARTESIAN_POINT ( 'NONE',  ( 56.22072856734150292, -39.42851303026842658, 5.157214928032827217 ) ) ;
#9402 = AXIS2_PLACEMENT_3D ( 'NONE', #2344, #636, #6849 ) ;
#9403 = EDGE_CURVE ( 'NONE', #9761, #2918, #7240, .T. ) ;
#9404 = CARTESIAN_POINT ( 'NONE',  ( 53.35582543178643533, -39.11747984191758576, 5.457858865112305224 ) ) ;
#9405 = ORIENTED_EDGE ( 'NONE', *, *, #868, .T. ) ;
#9406 = B_SPLINE_CURVE_WITH_KNOTS ( 'NONE', 3,
 ( #9263, #4629, #3964, #7749 ),
 .UNSPECIFIED., .F., .F.,
 ( 4, 4 ),
 ( 0.000000000000000000, 0.001380572674693903009 ),
 .UNSPECIFIED. ) ;
#9407 = CYLINDRICAL_SURFACE ( 'NONE', #7765, 1.000000000000000666 ) ;
#9408 = CARTESIAN_POINT ( 'NONE',  ( -53.49999999999992895, -38.12792757251468601, 5.457858865112303448 ) ) ;
#9409 = ORIENTED_EDGE ( 'NONE', *, *, #4475, .T. ) ;
#9410 = AXIS2_PLACEMENT_3D ( 'NONE', #9690, #5880, #9842 ) ;
#9411 = CARTESIAN_POINT ( 'NONE',  ( 40.27566594835924718, 39.10777849492896507, 10.34087981481746255 ) ) ;
#9412 = CYLINDRICAL_SURFACE ( 'NONE', #4018, 1.000000000000000000 ) ;
#9413 = CARTESIAN_POINT ( 'NONE',  ( 53.47989272251118820, 42.00227332662518620, 5.583310939261125760 ) ) ;
#9414 = CARTESIAN_POINT ( 'NONE',  ( 57.23334792641839641, 42.16356515657842152, 5.061605739653346703 ) ) ;
#9415 = ADVANCED_FACE ( 'NONE', ( #9368 ), #1425, .F. ) ;
#9416 = ORIENTED_EDGE ( 'NONE', *, *, #9074, .T. ) ;
#9417 = DIRECTION ( 'NONE',  ( -0.6145275576728885802, 0.7888953548225483559, 0.000000000000000000 ) ) ;
#9418 = DIRECTION ( 'NONE',  ( 0.000000000000000000, -0.000000000000000000, -1.000000000000000000 ) ) ;
#9419 = B_SPLINE_CURVE_WITH_KNOTS ( 'NONE', 3,
 ( #5108, #6737, #3671, #420, #8225, #3524, #4437, #6787, #8272, #7462, #476, #5209, #4298, #9740, #8320, #4346 ),
 .UNSPECIFIED., .F., .F.,
 ( 4, 2, 2, 2, 2, 2, 2, 4 ),
 ( 0.000000000000000000, 0.001989924984607068740, 0.002984887476910611567, 0.003979849969214154827, 0.005969774953821259562, 0.006964737446124820604, 0.007462218692276599390, 0.007959699938428379043 ),
 .UNSPECIFIED. ) ;
#9420 = CARTESIAN_POINT ( 'NONE',  ( -67.02270271132165647, 41.97199737202736713, 1.023841297939269257 ) ) ;
#9421 = CARTESIAN_POINT ( 'NONE',  ( -63.01040764008569539, -25.21592143066256853, 4.489592359914370334 ) ) ;
#9422 = CARTESIAN_POINT ( 'NONE',  ( -54.49999999999997868, -13.78853150712619779, 13.50000000000000000 ) ) ;
#9423 = ORIENTED_EDGE ( 'NONE', *, *, #9851, .T. ) ;
#9424 = CARTESIAN_POINT ( 'NONE',  ( -64.85259321478775973, -28.43838383543178239, 2.400572840356780535 ) ) ;
#9425 = CARTESIAN_POINT ( 'NONE',  ( 45.60688389318119818, 38.58578643762767513, 8.999999999999998224 ) ) ;
#9426 = ORIENTED_EDGE ( 'NONE', *, *, #2601, .F. ) ;
#9427 = DIRECTION ( 'NONE',  ( 0.3000000000000017653, 0.000000000000000000, -0.9539392014169451040 ) ) ;
#9428 = ORIENTED_EDGE ( 'NONE', *, *, #6834, .T. ) ;
#9429 = CARTESIAN_POINT ( 'NONE',  ( 0.000000000000000000, 46.00000000000007105, 2.000000000000000000 ) ) ;
#9430 = LINE ( 'NONE', #725, #3367 ) ;
#9431 =( BOUNDED_SURFACE ( )  B_SPLINE_SURFACE ( 3, 2, ( 
 ( #5601, #1721, #4846 ),
 ( #7952, #966, #4076 ),
 ( #7184, #184, #3301 ),
 ( #398, #5902, #2627 ) ),
 .UNSPECIFIED., .F., .F., .F. ) 
 B_SPLINE_SURFACE_WITH_KNOTS ( ( 4, 4 ),
 ( 3, 3 ),
 ( 2.996913878602967429, 3.141592653589793116 ),
 ( 0.000000000000000000, 1.000000000000000000 ),
 .UNSPECIFIED. ) 
 GEOMETRIC_REPRESENTATION_ITEM ( )  RATIONAL_B_SPLINE_SURFACE ( (
 ( 1.000000000000000000, 0.9218782783082947185, 1.000000000000000000),
 ( 1.000000000000000000, 0.9232116600732165335, 1.000000000000000000),
 ( 1.000000000000000000, 0.9238796271673445082, 1.000000000000000000),
 ( 1.000000000000000000, 0.9238795325112878487, 1.000000000000000000) ) ) 
 REPRESENTATION_ITEM ( '' )  SURFACE ( )  );
#9432 = CARTESIAN_POINT ( 'NONE',  ( 43.06767997638425527, 36.23554512824541973, 8.414547187247491067 ) ) ;
#9433 = ORIENTED_EDGE ( 'NONE', *, *, #578, .T. ) ;
#9434 = LINE ( 'NONE', #1636, #3973 ) ;
#9435 = LINE ( 'NONE', #8830, #9194 ) ;
#9436 = CARTESIAN_POINT ( 'NONE',  ( 65.50000000000007105, -30.99999999999998579, 2.000000000000000000 ) ) ;
#9437 = EDGE_LOOP ( 'NONE', ( #9779, #7648, #7037, #7612 ) ) ;
#9438 = CARTESIAN_POINT ( 'NONE',  ( 64.00906893319672974, 41.23214436819858264, 2.459621914312340785 ) ) ;
#9439 = CARTESIAN_POINT ( 'NONE',  ( 53.25379579564052079, 42.00000000000000711, 5.585786437627010770 ) ) ;
#9440 = ORIENTED_EDGE ( 'NONE', *, *, #9924, .T. ) ;
#9441 = DIRECTION ( 'NONE',  ( 0.000000000000000000, -0.4266572361714853767, -0.9044134026110566271 ) ) ;
#9442 = DIRECTION ( 'NONE',  ( -0.000000000000000000, -0.000000000000000000, 1.000000000000000000 ) ) ;
#9443 = EDGE_CURVE ( 'NONE', #7997, #4236, #1861, .T. ) ;
#9444 = CARTESIAN_POINT ( 'NONE',  ( 68.44017561833605612, -2.774057083975995042, -0.9401756183360170382 ) ) ;
#9445 = CARTESIAN_POINT ( 'NONE',  ( -65.47854973550120405, 41.60153400890064290, 2.097337728283869218 ) ) ;
#9446 = CIRCLE ( 'NONE', #3423, 1.000000000000000444 ) ;
#9447 = ORIENTED_EDGE ( 'NONE', *, *, #5429, .F. ) ;
#9448 = CARTESIAN_POINT ( 'NONE',  ( -38.76211111321535441, 44.69386467622283732, 6.159301269370716092 ) ) ;
#9449 = CARTESIAN_POINT ( 'NONE',  ( 45.76767997638425811, 38.58578643762704274, 9.000000000000001776 ) ) ;
#9450 = ORIENTED_EDGE ( 'NONE', *, *, #1811, .F. ) ;
#9451 = CARTESIAN_POINT ( 'NONE',  ( 64.10070844003897150, 29.74004414350755354, 3.052094776793980557 ) ) ;
#9452 = ORIENTED_EDGE ( 'NONE', *, *, #10031, .T. ) ;
#9453 = VECTOR ( 'NONE', #5190, 1000.000000000000000 ) ;
#9454 = DIRECTION ( 'NONE',  ( -1.000000000000000000, 0.000000000000000000, -0.000000000000000000 ) ) ;
#9455 = CARTESIAN_POINT ( 'NONE',  ( -40.28416015389616689, 39.86835595512042829, 10.06992739217159283 ) ) ;
#9456 = ADVANCED_FACE ( 'NONE', ( #2324 ), #4693, .F. ) ;
#9457 = LINE ( 'NONE', #7839, #5804 ) ;
#9458 = CARTESIAN_POINT ( 'NONE',  ( -42.16803262125713303, 43.31116283858040816, 5.585786437627011658 ) ) ;
#9459 = EDGE_CURVE ( 'NONE', #7737, #8982, #3864, .T. ) ;
#9460 = CARTESIAN_POINT ( 'NONE',  ( 58.94182466492095784, 41.79964087614671797, 4.489592359914378328 ) ) ;
#9461 = EDGE_LOOP ( 'NONE', ( #6171, #6370, #1986, #4471 ) ) ;
#9462 = VECTOR ( 'NONE', #2971, 1000.000000000000000 ) ;
#9463 = VECTOR ( 'NONE', #6524, 1000.000000000000000 ) ;
#9464 = DIRECTION ( 'NONE',  ( 0.2876879592904239002, 0.9134939934989289023, 0.2876879592904266758 ) ) ;
#9465 = CARTESIAN_POINT ( 'NONE',  ( 68.49423036433975653, 36.55311680860763346, 1.061205990658733667 ) ) ;
#9466 = DIRECTION ( 'NONE',  ( -0.000000000000000000, -0.000000000000000000, 1.000000000000000000 ) ) ;
#9467 = CARTESIAN_POINT ( 'NONE',  ( 58.08578643762704985, 26.41318200875820565, 9.000000000000001776 ) ) ;
#9468 = EDGE_CURVE ( 'NONE', #964, #6766, #7033, .T. ) ;
#9469 = CIRCLE ( 'NONE', #6217, 2.000000000000001776 ) ;
#9470 = EDGE_LOOP ( 'NONE', ( #2593, #7468, #255, #8036 ) ) ;
#9471 = EDGE_CURVE ( 'NONE', #4540, #3374, #7279, .T. ) ;
#9472 = B_SPLINE_CURVE_WITH_KNOTS ( 'NONE', 3,
 ( #1086, #8834, #5877, #3528, #9743, #2599 ),
 .UNSPECIFIED., .F., .F.,
 ( 4, 2, 4 ),
 ( 0.000000000000000000, 0.0006836468624025961605, 0.001367293724805192321 ),
 .UNSPECIFIED. ) ;
#9473 = ORIENTED_EDGE ( 'NONE', *, *, #3354, .F. ) ;
#9474 = ORIENTED_EDGE ( 'NONE', *, *, #5498, .F. ) ;
#9475 = FACE_OUTER_BOUND ( 'NONE', #810, .T. ) ;
#9476 = DIRECTION ( 'NONE',  ( 0.000000000000000000, -0.9538173892666752529, -0.3003870635238869991 ) ) ;
#9477 = ORIENTED_EDGE ( 'NONE', *, *, #1417, .T. ) ;
#9478 = CARTESIAN_POINT ( 'NONE',  ( -58.17355159063234282, 41.79433265993768742, 4.933549097098326897 ) ) ;
#9479 = CARTESIAN_POINT ( 'NONE',  ( 61.49999999999996447, -18.10646878060362042, 5.585786437627057843 ) ) ;
#9480 = ADVANCED_FACE ( 'NONE', ( #7847 ), #866, .T. ) ;
#9481 = DIRECTION ( 'NONE',  ( 1.000000000000000000, -3.499023925556554573E-16, 0.000000000000000000 ) ) ;
#9482 = ORIENTED_EDGE ( 'NONE', *, *, #7502, .F. ) ;
#9483 = CARTESIAN_POINT ( 'NONE',  ( -64.73725241676439168, 30.23067230938332983, 2.725471952341291360 ) ) ;
#9484 = ORIENTED_EDGE ( 'NONE', *, *, #5498, .T. ) ;
#9485 = VERTEX_POINT ( 'NONE', #5129 ) ;
#9486 = ORIENTED_EDGE ( 'NONE', *, *, #3618, .T. ) ;
#9487 = CARTESIAN_POINT ( 'NONE',  ( 53.49999999999997868, 41.70958227955244979, 6.290417720447667449 ) ) ;
#9488 = CARTESIAN_POINT ( 'NONE',  ( 53.33587077764611450, 41.70710678118655323, 6.292893218813553347 ) ) ;
#9489 = EDGE_CURVE ( 'NONE', #9754, #9795, #5661, .T. ) ;
#9490 = CARTESIAN_POINT ( 'NONE',  ( 38.42630758631751320, 38.85398285393535645, 10.92247611339542779 ) ) ;
#9491 = EDGE_LOOP ( 'NONE', ( #9374, #2936, #6419, #7575 ) ) ;
#9492 =( BOUNDED_SURFACE ( )  B_SPLINE_SURFACE ( 3, 2, ( 
 ( #7898, #2476, #8659 ),
 ( #9566, #3302, #8611 ),
 ( #4119, #30, #9515 ),
 ( #1064, #7185, #6262 ) ),
 .UNSPECIFIED., .F., .F., .F. ) 
 B_SPLINE_SURFACE_WITH_KNOTS ( ( 4, 4 ),
 ( 3, 3 ),
 ( 4.712388980384689674, 5.374175941453078309 ),
 ( 0.000000000000000000, 1.000000000000000000 ),
 .UNSPECIFIED. ) 
 GEOMETRIC_REPRESENTATION_ITEM ( )  RATIONAL_B_SPLINE_SURFACE ( (
 ( 1.000000000000000000, 0.7071067811865475727, 1.000000000000000000),
 ( 1.000000000000000000, 0.6837307916528021501, 1.000000000000000000),
 ( 1.000000000000000000, 0.6590616847793971944, 1.000000000000000000),
 ( 1.000000000000000000, 0.6386085392077582856, 1.000000000000000000) ) ) 
 REPRESENTATION_ITEM ( '' )  SURFACE ( )  );
#9493 = CARTESIAN_POINT ( 'NONE',  ( 65.03588824101429111, 41.60738428589541371, 2.172222082836201107 ) ) ;
#9494 = ORIENTED_EDGE ( 'NONE', *, *, #4433, .T. ) ;
#9495 = EDGE_LOOP ( 'NONE', ( #1573, #6893, #7094, #6568 ) ) ;
#9496 = CARTESIAN_POINT ( 'NONE',  ( 37.25063242720264611, 38.00000000000000711, 3.386796816628512286 ) ) ;
#9497 = LINE ( 'NONE', #4052, #9714 ) ;
#9498 = AXIS2_PLACEMENT_3D ( 'NONE', #4971, #2565, #8792 ) ;
#9499 = CARTESIAN_POINT ( 'NONE',  ( 55.50000000000001421, -17.62844663266956147, 5.360279376500486137 ) ) ;
#9500 = LINE ( 'NONE', #995, #1714 ) ;
#9501 = ORIENTED_EDGE ( 'NONE', *, *, #3499, .F. ) ;
#9502 = CARTESIAN_POINT ( 'NONE',  ( 39.99657880084954087, 40.16907945619841769, 9.983544547229895372 ) ) ;
#9503 = CARTESIAN_POINT ( 'NONE',  ( -53.49999999999997158, 39.29289321881360308, 8.707106781186540800 ) ) ;
#9504 = ORIENTED_EDGE ( 'NONE', *, *, #1784, .T. ) ;
#9505 = CARTESIAN_POINT ( 'NONE',  ( 53.50000000000001421, -30.99999999999998579, 0.000000000000000000 ) ) ;
#9506 = CYLINDRICAL_SURFACE ( 'NONE', #2723, 1.000000000000000000 ) ;
#9507 = CARTESIAN_POINT ( 'NONE',  ( -41.58639276567666343, 43.39297407133962992, 6.292893218399121302 ) ) ;
#9508 = VECTOR ( 'NONE', #1731, 1000.000000000000000 ) ;
#9509 = CARTESIAN_POINT ( 'NONE',  ( 37.25181215987186789, 44.70710678118656034, 6.292893218813553347 ) ) ;
#9510 = EDGE_CURVE ( 'NONE', #2663, #4720, #7529, .T. ) ;
#9511 = DIRECTION ( 'NONE',  ( 0.000000000000000000, 1.000000000000000000, 0.000000000000000000 ) ) ;
#9512 = DIRECTION ( 'NONE',  ( 0.000000000000000000, -0.4266572361714853767, -0.9044134026110566271 ) ) ;
#9513 = CARTESIAN_POINT ( 'NONE',  ( 66.10686424264436312, 32.26831573265912567, 1.759714173945794213 ) ) ;
#9514 = VECTOR ( 'NONE', #2330, 1000.000000000000000 ) ;
#9515 = CARTESIAN_POINT ( 'NONE',  ( 38.43165695370891655, 38.84981584537706567, 10.92079381517869052 ) ) ;
#9516 = DIRECTION ( 'NONE',  ( 0.3000000000000017653, 0.000000000000000000, -0.9539392014169451040 ) ) ;
#9517 = CARTESIAN_POINT ( 'NONE',  ( -39.54199143383723936, 36.57635860141817119, 3.288392762591755503 ) ) ;
#9518 = ORIENTED_EDGE ( 'NONE', *, *, #9225, .T. ) ;
#9519 = CIRCLE ( 'NONE', #5140, 1.000000000000003331 ) ;
#9520 = VERTEX_POINT ( 'NONE', #2717 ) ;
#9521 = CARTESIAN_POINT ( 'NONE',  ( -44.56057348512410954, 39.23218390877425321, 8.767816091225824948 ) ) ;
#9522 = EDGE_CURVE ( 'NONE', #8060, #5924, #4040, .T. ) ;
#9523 = EDGE_CURVE ( 'NONE', #4920, #8069, #4269, .T. ) ;
#9524 = CARTESIAN_POINT ( 'NONE',  ( 36.33677713908680573, 41.00743923663224422, 10.63035450943577054 ) ) ;
#9525 = EDGE_CURVE ( 'NONE', #850, #6573, #4319, .T. ) ;
#9526 = ORIENTED_EDGE ( 'NONE', *, *, #3461, .F. ) ;
#9527 = CARTESIAN_POINT ( 'NONE',  ( -57.01380687210955500, 42.15394664053890494, 4.627857785550518521 ) ) ;
#9528 = DIRECTION ( 'NONE',  ( -0.9518901176098615302, -0.3064395601039200390, 0.000000000000000000 ) ) ;
#9529 = CIRCLE ( 'NONE', #6447, 1.000000000000000000 ) ;
#9530 = CARTESIAN_POINT ( 'NONE',  ( 37.24343330300779797, 37.95260354532381797, 3.194349733795947444 ) ) ;
#9531 = DIRECTION ( 'NONE',  ( -1.000000000000000000, 0.000000000000000000, 0.000000000000000000 ) ) ;
#9532 = CARTESIAN_POINT ( 'NONE',  ( -64.61833071495769332, 30.34420972037921516, 2.887489663632555992 ) ) ;
#9533 = ORIENTED_EDGE ( 'NONE', *, *, #5075, .T. ) ;
#9534 = EDGE_CURVE ( 'NONE', #1053, #7057, #6314, .T. ) ;
#9535 = CARTESIAN_POINT ( 'NONE',  ( -44.62225715099555146, 36.00000000000000711, 9.054585392415125611 ) ) ;
#9536 = AXIS2_PLACEMENT_3D ( 'NONE', #8506, #1514, #2323 ) ;
#9537 = ADVANCED_FACE ( 'NONE', ( #6601 ), #5789, .T. ) ;
#9538 = CARTESIAN_POINT ( 'NONE',  ( -69.02081528017137657, -30.99999999999996092, 10.50000000000000178 ) ) ;
#9539 = ORIENTED_EDGE ( 'NONE', *, *, #6267, .T. ) ;
#9540 = CARTESIAN_POINT ( 'NONE',  ( 62.22868347297158920, 39.37115092390929760, 3.830643166130573984 ) ) ;
#9541 = VERTEX_POINT ( 'NONE', #4454 ) ;
#9542 = ORIENTED_EDGE ( 'NONE', *, *, #4347, .T. ) ;
#9543 = CARTESIAN_POINT ( 'NONE',  ( -37.11049242413001537, 36.98703404532097494, 2.101900848670610777 ) ) ;
#9544 = CARTESIAN_POINT ( 'NONE',  ( 64.99999999999995737, -38.49999999999999289, 12.00000000000000355 ) ) ;
#9545 = AXIS2_PLACEMENT_3D ( 'NONE', #1720, #4845, #4895 ) ;
#9546 = CIRCLE ( 'NONE', #3535, 1.000000000000000888 ) ;
#9547 = CARTESIAN_POINT ( 'NONE',  ( 41.80324188098600047, 43.59532468756177082, 5.585786436709742730 ) ) ;
#9548 = CARTESIAN_POINT ( 'NONE',  ( -65.46047451592984601, 42.52401140358435327, 1.108787520960473838 ) ) ;
#9549 = EDGE_LOOP ( 'NONE', ( #1785, #9575, #5908, #352 ) ) ;
#9550 = DIRECTION ( 'NONE',  ( 0.4109068915486386309, -0.9116773148860486398, 0.000000000000000000 ) ) ;
#9551 =( BOUNDED_SURFACE ( )  B_SPLINE_SURFACE ( 3, 2, ( 
 ( #5603, #867, #8813 ),
 ( #8860, #6319, #140 ),
 ( #7899, #186, #2427 ),
 ( #3303, #81, #8708 ) ),
 .UNSPECIFIED., .F., .F., .T. ) 
 B_SPLINE_SURFACE_WITH_KNOTS ( ( 4, 4 ),
 ( 3, 3 ),
 ( 2.700799170362219392, 3.141592653589793116 ),
 ( 0.000000000000000000, 1.000000000000000000 ),
 .UNSPECIFIED. ) 
 GEOMETRIC_REPRESENTATION_ITEM ( )  RATIONAL_B_SPLINE_SURFACE ( (
 ( 1.000000000000000000, 0.9054051165037322324, 1.000000000000000000),
 ( 1.000000000000000000, 0.9176532257233903644, 1.000000000000000000),
 ( 1.000000000000000000, 0.9238877586005620479, 1.000000000000000000),
 ( 1.000000000000000000, 0.9238795325112858503, 1.000000000000000000) ) ) 
 REPRESENTATION_ITEM ( '' )  SURFACE ( )  );
#9552 = AXIS2_PLACEMENT_3D ( 'NONE', #3375, #4963, #8076 ) ;
#9553 = AXIS2_PLACEMENT_3D ( 'NONE', #3930, #3979, #5412 ) ;
#9554 = ORIENTED_EDGE ( 'NONE', *, *, #2989, .T. ) ;
#9555 = ORIENTED_EDGE ( 'NONE', *, *, #2754, .T. ) ;
#9556 = DIRECTION ( 'NONE',  ( 0.000000000000000000, -0.9044134026110567381, 0.4266572361714854322 ) ) ;
#9557 = FACE_OUTER_BOUND ( 'NONE', #3916, .T. ) ;
#9558 = CARTESIAN_POINT ( 'NONE',  ( -39.72655778855565245, 39.46474066962670690, 10.51356634211015972 ) ) ;
#9559 = TOROIDAL_SURFACE ( 'NONE', #8115, 9.000000000000001776, 1.000000000000000000 ) ;
#9560 = AXIS2_PLACEMENT_3D ( 'NONE', #8980, #8877, #1234 ) ;
#9561 = CARTESIAN_POINT ( 'NONE',  ( 38.62590607993537617, 45.00000000000001421, 5.452194488184181509 ) ) ;
#9562 = DIRECTION ( 'NONE',  ( -1.000000000000000000, 0.000000000000000000, 0.000000000000000000 ) ) ;
#9563 = TOROIDAL_SURFACE ( 'NONE', #5028, 15.52081528017139966, 8.500000000000000000 ) ;
#9564 = CYLINDRICAL_SURFACE ( 'NONE', #921, 11.24453208529338433 ) ;
#9565 = CARTESIAN_POINT ( 'NONE',  ( 66.48337973983230142, 32.94407886458984080, 1.628211567325956288 ) ) ;
#9566 = CARTESIAN_POINT ( 'NONE',  ( 37.47309453056325879, 38.00000000000000711, 10.10437282827748717 ) ) ;
#9567 = CARTESIAN_POINT ( 'NONE',  ( -57.49999999999997868, 0.000000000000000000, 10.00000000000014033 ) ) ;
#9568 = CARTESIAN_POINT ( 'NONE',  ( -55.49999999999997868, 13.65651987538036671, 13.49999999999999645 ) ) ;
#9569 = EDGE_CURVE ( 'NONE', #8555, #8481, #6555, .T. ) ;
#9570 = EDGE_CURVE ( 'NONE', #2753, #1461, #7624, .T. ) ;
#9571 = CARTESIAN_POINT ( 'NONE',  ( 62.11769384739648814, -38.86913089059767401, 2.920797224751406240 ) ) ;
#9572 = ORIENTED_EDGE ( 'NONE', *, *, #3750, .F. ) ;
#9573 = CARTESIAN_POINT ( 'NONE',  ( -45.28558440016237796, 38.56942981417386562, 9.014539220847220591 ) ) ;
#9574 = CARTESIAN_POINT ( 'NONE',  ( 45.28558440016045950, 38.56942981417379457, 9.014539220847337830 ) ) ;
#9575 = ORIENTED_EDGE ( 'NONE', *, *, #8418, .F. ) ;
#9576 = CARTESIAN_POINT ( 'NONE',  ( 58.79289321881360308, 0.000000000000000000, 8.707106781186540800 ) ) ;
#9577 = DIRECTION ( 'NONE',  ( 3.499023925556554573E-16, 1.000000000000000000, 0.000000000000000000 ) ) ;
#9578 = CARTESIAN_POINT ( 'NONE',  ( -41.08401631062912429, 44.15558141929020053, 2.000000000000000000 ) ) ;
#9579 = CARTESIAN_POINT ( 'NONE',  ( -64.87318034964883395, 30.05412243233146441, 2.191293891801331384 ) ) ;
#9580 = ADVANCED_FACE ( 'NONE', ( #8996 ), #1311, .T. ) ;
#9581 = EDGE_LOOP ( 'NONE', ( #8962, #1246, #7531 ) ) ;
#9582 = CARTESIAN_POINT ( 'NONE',  ( 53.25379579564058474, 42.00000000000000711, 5.585786437627009882 ) ) ;
#9583 = FACE_OUTER_BOUND ( 'NONE', #4962, .T. ) ;
#9584 = CARTESIAN_POINT ( 'NONE',  ( -68.99999999999995737, 38.50000000001064393, 1.006035727655632650 ) ) ;
#9585 = ORIENTED_EDGE ( 'NONE', *, *, #2251, .F. ) ;
#9586 = DIRECTION ( 'NONE',  ( 1.000000000000000000, 0.000000000000000000, 0.000000000000000000 ) ) ;
#9587 = ORIENTED_EDGE ( 'NONE', *, *, #642, .F. ) ;
#9588 = ORIENTED_EDGE ( 'NONE', *, *, #9924, .F. ) ;
#9589 = CARTESIAN_POINT ( 'NONE',  ( 37.19653153048741245, 37.62086910673410500, 2.554760877834314048 ) ) ;
#9590 = DIRECTION ( 'NONE',  ( 0.7888953548225519086, -0.6145275576728842504, 0.000000000000000000 ) ) ;
#9591 = EDGE_CURVE ( 'NONE', #8160, #3056, #2667, .T. ) ;
#9592 = CARTESIAN_POINT ( 'NONE',  ( -37.86617457699446021, 37.78894137933685471, 3.584718875788106107 ) ) ;
#9593 = ADVANCED_FACE ( 'NONE', ( #1150 ), #442, .F. ) ;
#9594 = CARTESIAN_POINT ( 'NONE',  ( -65.03588824101426269, 41.60738428589542792, 2.172222082836200663 ) ) ;
#9595 = EDGE_LOOP ( 'NONE', ( #3207, #5569, #293, #5098 ) ) ;
#9596 = CARTESIAN_POINT ( 'NONE',  ( -60.49999999999998579, -0.7139664306519348802, -1.513441597030491526 ) ) ;
#9597 = ORIENTED_EDGE ( 'NONE', *, *, #1376, .T. ) ;
#9598 = ADVANCED_FACE ( 'NONE', ( #1255 ), #493, .F. ) ;
#9599 = CARTESIAN_POINT ( 'NONE',  ( -55.95476325687245378, -39.79025568043523720, 4.894533074499502590 ) ) ;
#9600 = CARTESIAN_POINT ( 'NONE',  ( -63.50155165060019868, 40.98985119828295609, 2.672173845485805277 ) ) ;
#9601 = ORIENTED_EDGE ( 'NONE', *, *, #8685, .T. ) ;
#9602 = FACE_OUTER_BOUND ( 'NONE', #2602, .T. ) ;
#9603 = LINE ( 'NONE', #8849, #605 ) ;
#9604 = VERTEX_POINT ( 'NONE', #2064 ) ;
#9605 = CARTESIAN_POINT ( 'NONE',  ( -41.78166014228755643, 43.61213626224554218, 5.999999999105308568 ) ) ;
#9606 = CARTESIAN_POINT ( 'NONE',  ( 37.25181215987186789, 45.00000000000001421, 5.585786437627009882 ) ) ;
#9607 = CIRCLE ( 'NONE', #6204, 1.000000000000003331 ) ;
#9608 = CARTESIAN_POINT ( 'NONE',  ( -53.25379579564053500, 41.70710678118656034, 6.292893218813557787 ) ) ;
#9609 = CARTESIAN_POINT ( 'NONE',  ( -65.45211807289466321, 5.008743651756210724, 2.047881927105371425 ) ) ;
#9610 = CARTESIAN_POINT ( 'NONE',  ( 38.62590607993537617, 45.00000000000001421, 0.000000000000000000 ) ) ;
#9611 = DIRECTION ( 'NONE',  ( 0.3800712867856345656, 0.8432624940801179969, 0.3800712867856382848 ) ) ;
#9612 = DIRECTION ( 'NONE',  ( -0.000000000000000000, 0.000000000000000000, 1.000000000000000000 ) ) ;
#9613 = DIRECTION ( 'NONE',  ( 0.4109068915486385754, -0.9116773148860485287, 0.000000000000000000 ) ) ;
#9614 = CARTESIAN_POINT ( 'NONE',  ( -52.91515128288551750, -38.74982378537914940, 6.250176214620936754 ) ) ;
#9615 = AXIS2_PLACEMENT_3D ( 'NONE', #9867, #6669, #5143 ) ;
#9616 = VERTEX_POINT ( 'NONE', #5183 ) ;
#9617 = AXIS2_PLACEMENT_3D ( 'NONE', #9827, #2837, #8358 ) ;
#9618 = VERTEX_POINT ( 'NONE', #8293 ) ;
#9619 = VERTEX_POINT ( 'NONE', #9998 ) ;
#9620 = DIRECTION ( 'NONE',  ( -0.9116773148860493059, 0.4109068915486369655, 0.000000000000000000 ) ) ;
#9621 = CARTESIAN_POINT ( 'NONE',  ( 40.74807534288740385, 39.70830592233143364, 9.711871790768379142 ) ) ;
#9622 = EDGE_CURVE ( 'NONE', #7088, #5403, #9069, .T. ) ;
#9623 = EDGE_LOOP ( 'NONE', ( #106, #792, #6366, #190 ) ) ;
#9624 = AXIS2_PLACEMENT_3D ( 'NONE', #7619, #2956, #3009 ) ;
#9625 = CARTESIAN_POINT ( 'NONE',  ( -66.20193376431259935, -35.85754144128590326, 2.219014721281111768 ) ) ;
#9626 = AXIS2_PLACEMENT_3D ( 'NONE', #8316, #4478, #9018 ) ;
#9627 = DIRECTION ( 'NONE',  ( -0.000000000000000000, 1.000000000000000000, 0.000000000000000000 ) ) ;
#9628 = CARTESIAN_POINT ( 'NONE',  ( 37.86630628448398284, 37.78892139824778695, 3.594345821249663508 ) ) ;
#9629 = CARTESIAN_POINT ( 'NONE',  ( -64.93957074352127279, 30.26054513289939862, 2.392883360387457525 ) ) ;
#9630 = ORIENTED_EDGE ( 'NONE', *, *, #8190, .F. ) ;
#9631 = CARTESIAN_POINT ( 'NONE',  ( -43.98527365792095623, 36.08201739096099203, 9.174262161181367503 ) ) ;
#9632 = CARTESIAN_POINT ( 'NONE',  ( -37.25177238853220274, 38.00000000000000711, 3.593743884534262634 ) ) ;
#9633 =( BOUNDED_SURFACE ( )  B_SPLINE_SURFACE ( 3, 2, ( 
 ( #7093, #7758, #5563 ),
 ( #9478, #92, #8671 ),
 ( #3874, #1736, #9527 ),
 ( #9325, #3154, #3208 ),
 ( #6325, #2333, #2434 ),
 ( #822, #1678, #2540 ),
 ( #7965, #4641, #4036 ),
 ( #10086, #4803, #3102 ) ),
 .UNSPECIFIED., .F., .F., .F. ) 
 B_SPLINE_SURFACE_WITH_KNOTS ( ( 4, 2, 2, 4 ),
 ( 3, 3 ),
 ( 0.000000000000000000, 0.002547111523414965790, 0.003820667285122448902, 0.005094223046829931580 ),
 ( 0.000000000000000000, 1.000000000000000000 ),
 .UNSPECIFIED. ) 
 GEOMETRIC_REPRESENTATION_ITEM ( )  RATIONAL_B_SPLINE_SURFACE ( (
 ( 1.000000000000000000, 0.8836414919745294583, 1.000000000000000000),
 ( 1.000000000000000000, 0.8916024150686390204, 1.000000000000000000),
 ( 1.000000000000000000, 0.9000955523963132254, 1.000000000000000000),
 ( 1.000000000000000000, 0.9112138646278841181, 1.000000000000000000),
 ( 1.000000000000000000, 0.9146417404394195927, 1.000000000000000000),
 ( 1.000000000000000000, 0.9201605664243015514, 1.000000000000000000),
 ( 1.000000000000000000, 0.9222000072246367974, 1.000000000000000000),
 ( 1.000000000000000000, 0.9231871291580000527, 1.000000000000000000) ) ) 
 REPRESENTATION_ITEM ( '' )  SURFACE ( )  );
#9634 = DIRECTION ( 'NONE',  ( -0.000000000000000000, 0.000000000000000000, 1.000000000000000000 ) ) ;
#9635 = EDGE_CURVE ( 'NONE', #3266, #6249, #278, .T. ) ;
#9636 = ORIENTED_EDGE ( 'NONE', *, *, #568, .F. ) ;
#9637 = CARTESIAN_POINT ( 'NONE',  ( 37.25179890331711619, 38.00000000000000711, 3.595548951285089334 ) ) ;
#9638 = ORIENTED_EDGE ( 'NONE', *, *, #6115, .F. ) ;
#9639 = VERTEX_POINT ( 'NONE', #2352 ) ;
#9640 = CARTESIAN_POINT ( 'NONE',  ( 67.83552095715545249, 37.29831862726248914, 2.038518910196845280 ) ) ;
#9641 = FACE_OUTER_BOUND ( 'NONE', #9040, .T. ) ;
#9642 = FACE_OUTER_BOUND ( 'NONE', #4982, .T. ) ;
#9643 = DIRECTION ( 'NONE',  ( -6.938893903907228378E-15, 0.000000000000000000, -1.000000000000000000 ) ) ;
#9644 = ORIENTED_EDGE ( 'NONE', *, *, #9783, .T. ) ;
#9645 = CARTESIAN_POINT ( 'NONE',  ( -58.79289321881356045, 0.000000000000000000, 8.707106781186544353 ) ) ;
#9646 = CARTESIAN_POINT ( 'NONE',  ( 63.39999999999998437, 38.49999999999999289, 2.000000000000000000 ) ) ;
#9647 = EDGE_CURVE ( 'NONE', #4720, #906, #6650, .T. ) ;
#9648 = ORIENTED_EDGE ( 'NONE', *, *, #8831, .F. ) ;
#9649 = CARTESIAN_POINT ( 'NONE',  ( -37.86617457699446021, 37.78894137933684760, 3.584718875788106107 ) ) ;
#9650 = CARTESIAN_POINT ( 'NONE',  ( -40.68441751708375875, 39.36455276298992345, 10.21233339337311641 ) ) ;
#9651 = ORIENTED_EDGE ( 'NONE', *, *, #4897, .F. ) ;
#9652 = DIRECTION ( 'NONE',  ( 0.4376360731224944178, 0.7854612243795624504, -0.4376360731224991918 ) ) ;
#9653 = CARTESIAN_POINT ( 'NONE',  ( -62.53285710330528957, 36.97579334495316772, 4.489592359914373887 ) ) ;
#9654 = ORIENTED_EDGE ( 'NONE', *, *, #8703, .F. ) ;
#9655 = DIRECTION ( 'NONE',  ( 0.000000000000000000, 1.000000000000000000, -0.000000000000000000 ) ) ;
#9656 = CARTESIAN_POINT ( 'NONE',  ( 64.99999999999995737, -38.49999999999996447, 2.000000000000000000 ) ) ;
#9657 = AXIS2_PLACEMENT_3D ( 'NONE', #2248, #4596, #3824 ) ;
#9658 = EDGE_CURVE ( 'NONE', #9971, #2987, #787, .T. ) ;
#9659 = EDGE_CURVE ( 'NONE', #1833, #7077, #4273, .T. ) ;
#9660 = DIRECTION ( 'NONE',  ( 0.3064395601039200390, -0.9518901176098615302, 0.000000000000000000 ) ) ;
#9661 = DIRECTION ( 'NONE',  ( 0.000000000000000000, 0.000000000000000000, 1.000000000000000000 ) ) ;
#9662 = CARTESIAN_POINT ( 'NONE',  ( -66.62760143948194980, 36.09443593437806896, 2.295545300161760505 ) ) ;
#9663 = DIRECTION ( 'NONE',  ( 1.000000000000000000, 0.000000000000000000, 0.000000000000000000 ) ) ;
#9664 = CARTESIAN_POINT ( 'NONE',  ( 53.49999999999998579, 41.70958227955244979, 6.290417720447663008 ) ) ;
#9665 = B_SPLINE_CURVE_WITH_KNOTS ( 'NONE', 3,
 ( #3384, #8689, #8085, #8890 ),
 .UNSPECIFIED., .F., .F.,
 ( 4, 4 ),
 ( 0.000000000000000000, 0.002323197730491506196 ),
 .UNSPECIFIED. ) ;
#9666 = CARTESIAN_POINT ( 'NONE',  ( -37.25181215987404215, 37.00000000000000711, 9.414213562373230815 ) ) ;
#9667 = ORIENTED_EDGE ( 'NONE', *, *, #6267, .F. ) ;
#9668 = PLANE ( 'NONE',  #8047 ) ;
#9669 = VERTEX_POINT ( 'NONE', #9190 ) ;
#9670 = ORIENTED_EDGE ( 'NONE', *, *, #5920, .T. ) ;
#9671 = DIRECTION ( 'NONE',  ( 0.000000000000000000, 0.000000000000000000, 1.000000000000000000 ) ) ;
#9672 = VECTOR ( 'NONE', #8715, 1000.000000000000000 ) ;
#9673 = ADVANCED_FACE ( 'NONE', ( #10055 ), #1538, .T. ) ;
#9674 = LINE ( 'NONE', #2684, #2197 ) ;
#9675 = ORIENTED_EDGE ( 'NONE', *, *, #33, .T. ) ;
#9676 = CARTESIAN_POINT ( 'NONE',  ( -64.20938999923991730, -35.69870661297438375, 2.906716698366813123 ) ) ;
#9677 = CARTESIAN_POINT ( 'NONE',  ( -65.82195073588803780, -30.58909310845132623, 1.935337389948381226 ) ) ;
#9678 = DIRECTION ( 'NONE',  ( -0.000000000000000000, -0.000000000000000000, -1.000000000000000000 ) ) ;
#9679 = CARTESIAN_POINT ( 'NONE',  ( -37.30654269658643329, 36.91824846957918282, 2.097974591858451809 ) ) ;
#9680 = DIRECTION ( 'NONE',  ( 1.000000000000000000, -0.000000000000000000, -0.000000000000000000 ) ) ;
#9681 = CIRCLE ( 'NONE', #7903, 6.999999999999999112 ) ;
#9682 = FACE_OUTER_BOUND ( 'NONE', #5591, .T. ) ;
#9683 = CARTESIAN_POINT ( 'NONE',  ( 40.72488180078139663, 39.62596066542135276, 9.864798983139575483 ) ) ;
#9684 = CARTESIAN_POINT ( 'NONE',  ( 66.91634248150842268, -35.13358343750261525, 2.110975927519138207 ) ) ;
#9685 = AXIS2_PLACEMENT_3D ( 'NONE', #4474, #7596, #609 ) ;
#9686 = ORIENTED_EDGE ( 'NONE', *, *, #3999, .F. ) ;
#9687 = CARTESIAN_POINT ( 'NONE',  ( -54.49999999999997868, -30.99999999999997868, 2.000000000000000000 ) ) ;
#9688 = ORIENTED_EDGE ( 'NONE', *, *, #4762, .T. ) ;
#9689 = VERTEX_POINT ( 'NONE', #3739 ) ;
#9690 = CARTESIAN_POINT ( 'NONE',  ( 43.06767997638425527, 38.47443863772738837, 8.414547187247489290 ) ) ;
#9691 = CARTESIAN_POINT ( 'NONE',  ( -45.76767997638423680, 39.29289321881359598, 8.707106781186542577 ) ) ;
#9692 = CARTESIAN_POINT ( 'NONE',  ( -53.47989272251117399, 42.00227332662519331, 5.583310939261126649 ) ) ;
#9693 = PLANE ( 'NONE',  #4924 ) ;
#9694 = EDGE_CURVE ( 'NONE', #9983, #1493, #8930, .T. ) ;
#9695 = ADVANCED_FACE ( 'NONE', ( #3122 ), #9563, .F. ) ;
#9696 = VECTOR ( 'NONE', #6903, 1000.000000000000000 ) ;
#9697 = DIRECTION ( 'NONE',  ( -0.8270589797260404774, 0.4983196423922888751, 0.2600980162564537901 ) ) ;
#9698 =( BOUNDED_CURVE ( )  B_SPLINE_CURVE ( 3, ( #9950, #2299, #6141, #7722 ),
 .UNSPECIFIED., .F., .T. ) 
 B_SPLINE_CURVE_WITH_KNOTS ( ( 4, 4 ),
 ( 1.364625783679724869, 1.613379794893945007 ),
 .UNSPECIFIED. ) 
 CURVE ( )  GEOMETRIC_REPRESENTATION_ITEM ( )  RATIONAL_B_SPLINE_CURVE ( ( 1.000000000000000000, 0.9948500975581777706, 0.9948500975581777706, 1.000000000000000000 ) ) 
 REPRESENTATION_ITEM ( '' )  );
#9699 = DIRECTION ( 'NONE',  ( -0.4109068915486385754, 0.9116773148860485287, 0.000000000000000000 ) ) ;
#9700 = B_SPLINE_CURVE_WITH_KNOTS ( 'NONE', 3,
 ( #1703, #6500, #2455, #7983 ),
 .UNSPECIFIED., .F., .F.,
 ( 4, 4 ),
 ( 0.000000000000000000, 0.0003855704102880988071 ),
 .UNSPECIFIED. ) ;
#9701 = EDGE_LOOP ( 'NONE', ( #3963, #5509, #5817, #6442, #7610, #8198, #647, #7783, #1511 ) ) ;
#9702 = ORIENTED_EDGE ( 'NONE', *, *, #9386, .F. ) ;
#9703 = DIRECTION ( 'NONE',  ( 0.000000000000000000, -1.000000000000000000, 0.000000000000000000 ) ) ;
#9704 = VECTOR ( 'NONE', #1133, 1000.000000000000000 ) ;
#9705 = DIRECTION ( 'NONE',  ( -0.000000000000000000, -1.000000000000000000, -0.000000000000000000 ) ) ;
#9706 = TOROIDAL_SURFACE ( 'NONE', #4844, 7.000000000000000000, 1.000000000000000000 ) ;
#9707 = EDGE_LOOP ( 'NONE', ( #3359, #5144, #1186, #6762 ) ) ;
#9708 = CARTESIAN_POINT ( 'NONE',  ( -62.65178559942076220, 26.85266740891675141, 4.848214400579305305 ) ) ;
#9709 = CARTESIAN_POINT ( 'NONE',  ( -61.49999999999997868, -18.58303575079963110, 0.000000000000000000 ) ) ;
#9710 = CYLINDRICAL_SURFACE ( 'NONE', #6050, 2.899999999999999911 ) ;
#9711 = EDGE_CURVE ( 'NONE', #1517, #2449, #1590, .T. ) ;
#9712 = AXIS2_PLACEMENT_3D ( 'NONE', #2675, #1973, #6613 ) ;
#9713 = ORIENTED_EDGE ( 'NONE', *, *, #4684, .T. ) ;
#9714 = VECTOR ( 'NONE', #4878, 1000.000000000000000 ) ;
#9715 = ADVANCED_FACE ( 'NONE', ( #3834 ), #9245, .T. ) ;
#9716 = CARTESIAN_POINT ( 'NONE',  ( 67.87618796401147847, 37.42037800267573999, 2.032565609254244343 ) ) ;
#9717 = CARTESIAN_POINT ( 'NONE',  ( 59.43197192597151712, -40.21159828174825179, 3.274885559540529734 ) ) ;
#9718 = DIRECTION ( 'NONE',  ( 1.000000000000000000, 0.000000000000000000, 0.000000000000000000 ) ) ;
#9719 = CARTESIAN_POINT ( 'NONE',  ( -58.79289321881354624, -23.75535492015638539, 8.707106781186542577 ) ) ;
#9720 = CIRCLE ( 'NONE', #267, 1.000000000000000888 ) ;
#9721 = CARTESIAN_POINT ( 'NONE',  ( 58.10864870549908545, -40.48365053470149633, 3.564192998903891407 ) ) ;
#9722 = CIRCLE ( 'NONE', #8919, 4.000000000000010658 ) ;
#9723 = EDGE_CURVE ( 'NONE', #9207, #4682, #6000, .T. ) ;
#9724 = B_SPLINE_CURVE_WITH_KNOTS ( 'NONE', 3,
 ( #1230, #6631, #8974, #5105 ),
 .UNSPECIFIED., .F., .F.,
 ( 4, 4 ),
 ( 0.000000000000000000, 0.0006624730440113127264 ),
 .UNSPECIFIED. ) ;
#9725 = DIRECTION ( 'NONE',  ( -0.000000000000000000, 0.000000000000000000, -1.000000000000000000 ) ) ;
#9726 = ORIENTED_EDGE ( 'NONE', *, *, #1066, .T. ) ;
#9727 = EDGE_CURVE ( 'NONE', #8916, #7070, #8277, .T. ) ;
#9728 = CARTESIAN_POINT ( 'NONE',  ( 63.19813586632530900, -40.78048785296937240, 2.179280431870797674 ) ) ;
#9729 = ORIENTED_EDGE ( 'NONE', *, *, #5757, .F. ) ;
#9730 = EDGE_CURVE ( 'NONE', #3897, #5262, #6809, .T. ) ;
#9731 = DIRECTION ( 'NONE',  ( -1.000000000000000000, 0.000000000000000000, 0.000000000000000000 ) ) ;
#9732 = CIRCLE ( 'NONE', #465, 6.999999999999999112 ) ;
#9733 = CARTESIAN_POINT ( 'NONE',  ( -62.09999999999995879, 38.49999999998929212, 4.299995292113423240 ) ) ;
#9734 = EDGE_LOOP ( 'NONE', ( #6529, #1237, #745, #8322, #461 ) ) ;
#9735 = CARTESIAN_POINT ( 'NONE',  ( 0.000000000000000000, 35.00000000000000711, 2.000000000000000000 ) ) ;
#9736 = CARTESIAN_POINT ( 'NONE',  ( -62.92178572398719893, 26.55179502823069271, 4.037558304724718106 ) ) ;
#9737 = CARTESIAN_POINT ( 'NONE',  ( 54.50000000000001421, 0.000000000000000000, 2.000000000000000000 ) ) ;
#9738 = FACE_OUTER_BOUND ( 'NONE', #9772, .T. ) ;
#9739 = CARTESIAN_POINT ( 'NONE',  ( 51.73464987362545742, -38.70710678118653902, 6.292893218813554235 ) ) ;
#9740 = CARTESIAN_POINT ( 'NONE',  ( 44.93605152537177361, 35.00285239870980547, 0.5669830990537448878 ) ) ;
#9741 = CARTESIAN_POINT ( 'NONE',  ( 67.71688767352256377, -37.22702271070570390, 2.000000000000000000 ) ) ;
#9742 = ORIENTED_EDGE ( 'NONE', *, *, #820, .T. ) ;
#9743 = CARTESIAN_POINT ( 'NONE',  ( -66.13379055471320100, 41.37550125019798486, 2.046134809592423220 ) ) ;
#9744 = ORIENTED_EDGE ( 'NONE', *, *, #6119, .F. ) ;
#9745 = ORIENTED_EDGE ( 'NONE', *, *, #3049, .T. ) ;
#9746 = CARTESIAN_POINT ( 'NONE',  ( 64.80972374118806556, 30.14032740659106935, 2.543299460595991324 ) ) ;
#9747 = CYLINDRICAL_SURFACE ( 'NONE', #8754, 2.899999999999999911 ) ;
#9748 = CARTESIAN_POINT ( 'NONE',  ( 60.49304996185777128, 42.30637897526289493, 2.628526937226972837 ) ) ;
#9749 = DIRECTION ( 'NONE',  ( 1.000000000000000000, 0.000000000000000000, 0.000000000000000000 ) ) ;
#9750 = VERTEX_POINT ( 'NONE', #9953 ) ;
#9751 = CARTESIAN_POINT ( 'NONE',  ( -64.82492025385853651, 42.49616654839250174, 0.000000000000000000 ) ) ;
#9752 = ORIENTED_EDGE ( 'NONE', *, *, #9525, .F. ) ;
#9753 = DIRECTION ( 'NONE',  ( -0.000000000000000000, -0.000000000000000000, -1.000000000000000000 ) ) ;
#9754 = VERTEX_POINT ( 'NONE', #7726 ) ;
#9755 = DIRECTION ( 'NONE',  ( -0.000000000000000000, 0.000000000000000000, -1.000000000000000000 ) ) ;
#9756 = CARTESIAN_POINT ( 'NONE',  ( -41.06635209706718825, 39.13001774547268496, 10.09222052472873266 ) ) ;
#9757 = EDGE_CURVE ( 'NONE', #6573, #1047, #738, .T. ) ;
#9758 = EDGE_LOOP ( 'NONE', ( #2532, #897, #1685, #1257 ) ) ;
#9759 = DIRECTION ( 'NONE',  ( 0.000000000000000000, -0.9538173892666751419, -0.3003870635238873876 ) ) ;
#9760 = CARTESIAN_POINT ( 'NONE',  ( 67.57884994497088371, 41.56775675741067744, 1.010999608830142060 ) ) ;
#9761 = VERTEX_POINT ( 'NONE', #3072 ) ;
#9762 =( BOUNDED_SURFACE ( )  B_SPLINE_SURFACE ( 3, 2, ( 
 ( #4842, #7949, #962 ),
 ( #4070, #2521, #497 ),
 ( #2160, #2112, #3601 ),
 ( #8953, #5946, #9956 ),
 ( #6045, #6764, #1259 ),
 ( #5235, #8201, #6714 ) ),
 .UNSPECIFIED., .F., .F., .T. ) 
 B_SPLINE_SURFACE_WITH_KNOTS ( ( 4, 2, 4 ),
 ( 3, 3 ),
 ( 2.633260691093930461, 2.887426672341861789, 3.141592653589793116 ),
 ( 0.000000000000000000, 1.000000000000000000 ),
 .UNSPECIFIED. ) 
 GEOMETRIC_REPRESENTATION_ITEM ( )  RATIONAL_B_SPLINE_SURFACE ( (
 ( 1.000000000000000000, 0.8993604662239569336, 1.000000000000000000),
 ( 1.000000000000000000, 0.9074673688480784373, 1.000000000000000000),
 ( 1.000000000000000000, 0.9136083511037693672, 1.000000000000000000),
 ( 1.000000000000000000, 0.9218151965176113460, 1.000000000000000000),
 ( 1.000000000000000000, 0.9238811161938235150, 1.000000000000000000),
 ( 1.000000000000000000, 0.9238795325112877377, 1.000000000000000000) ) ) 
 REPRESENTATION_ITEM ( '' )  SURFACE ( )  );
#9763 = CARTESIAN_POINT ( 'NONE',  ( 60.49999999999996447, -13.78853150712619779, 13.50000000000000000 ) ) ;
#9764 = CARTESIAN_POINT ( 'NONE',  ( -67.53126768592601081, 41.60739629615959956, 1.011886561912715088 ) ) ;
#9765 = FACE_OUTER_BOUND ( 'NONE', #9470, .T. ) ;
#9766 = DIRECTION ( 'NONE',  ( -0.9981825973940828822, 0.000000000000000000, 0.06026194702797574992 ) ) ;
#9767 = CARTESIAN_POINT ( 'NONE',  ( -61.49999999999997158, -13.78853150712619957, 4.500000000000000888 ) ) ;
#9768 = ADVANCED_FACE ( 'NONE', ( #6191 ), #6846, .F. ) ;
#9769 = CARTESIAN_POINT ( 'NONE',  ( -45.47911661161474939, 12.11182223872503627, 20.60666982601238573 ) ) ;
#9770 = DIRECTION ( 'NONE',  ( 0.000000000000000000, 0.000000000000000000, -1.000000000000000000 ) ) ;
#9771 = CARTESIAN_POINT ( 'NONE',  ( 62.49314726662305475, -23.20349147688650859, 2.000000000000000000 ) ) ;
#9772 = EDGE_LOOP ( 'NONE', ( #2256, #5161, #2831, #5067, #6642, #2371 ) ) ;
#9773 = FACE_OUTER_BOUND ( 'NONE', #5782, .T. ) ;
#9774 = ORIENTED_EDGE ( 'NONE', *, *, #9489, .T. ) ;
#9775 = DIRECTION ( 'NONE',  ( -0.000000000000000000, -0.000000000000000000, -1.000000000000000000 ) ) ;
#9776 = AXIS2_PLACEMENT_3D ( 'NONE', #7563, #7616, #2853 ) ;
#9777 = VERTEX_POINT ( 'NONE', #7980 ) ;
#9778 = DIRECTION ( 'NONE',  ( 0.000000000000000000, 1.000000000000000000, 0.000000000000000000 ) ) ;
#9779 = ORIENTED_EDGE ( 'NONE', *, *, #557, .T. ) ;
#9780 = CARTESIAN_POINT ( 'NONE',  ( -63.71890799104266989, -41.11523173759559313, 2.073043309454468908 ) ) ;
#9781 = CARTESIAN_POINT ( 'NONE',  ( 64.47953907661928952, -28.85895400729358329, 3.251273821529436336 ) ) ;
#9782 = DIRECTION ( 'NONE',  ( 0.000000000000000000, -0.000000000000000000, -1.000000000000000000 ) ) ;
#9783 = EDGE_CURVE ( 'NONE', #219, #436, #5527, .T. ) ;
#9784 = AXIS2_PLACEMENT_3D ( 'NONE', #6002, #1310, #4325 ) ;
#9785 = CARTESIAN_POINT ( 'NONE',  ( -68.62856498840858421, -36.81611581915701947, 1.000000000000000000 ) ) ;
#9786 = PLANE ( 'NONE',  #1324 ) ;
#9787 = CARTESIAN_POINT ( 'NONE',  ( -43.61942028960400819, 35.08950487480487368, 8.195120807256316198 ) ) ;
#9788 = DIRECTION ( 'NONE',  ( -0.000000000000000000, 0.000000000000000000, -1.000000000000000000 ) ) ;
#9789 = AXIS2_PLACEMENT_3D ( 'NONE', #2420, #9359, #3138 ) ;
#9790 = TOROIDAL_SURFACE ( 'NONE', #9617, 2.000000000000000888, 1.000000000000000000 ) ;
#9791 = DIRECTION ( 'NONE',  ( -0.9116773148860468634, -0.4109068915486427387, 0.000000000000000000 ) ) ;
#9792 = ORIENTED_EDGE ( 'NONE', *, *, #6109, .T. ) ;
#9793 = DIRECTION ( 'NONE',  ( -0.000000000000000000, 0.000000000000000000, 1.000000000000000000 ) ) ;
#9794 = ORIENTED_EDGE ( 'NONE', *, *, #2799, .F. ) ;
#9795 = VERTEX_POINT ( 'NONE', #5681 ) ;
#9796 = DIRECTION ( 'NONE',  ( -7.401323237820559882E-16, 0.9044134026110567381, -0.4266572361714854322 ) ) ;
#9797 = CARTESIAN_POINT ( 'NONE',  ( 66.77634786362573038, 0.8039240867358623532, 0.7236521363743295687 ) ) ;
#9798 = CARTESIAN_POINT ( 'NONE',  ( 37.71114553300349570, 41.05286994859695682, 10.36559783805318347 ) ) ;
#9799 = DIRECTION ( 'NONE',  ( -1.000000000000000000, 0.000000000000000000, 0.000000000000000000 ) ) ;
#9800 = CARTESIAN_POINT ( 'NONE',  ( 61.98430122975045720, 24.86921499449126571, 5.058415276101997371 ) ) ;
#9801 = CARTESIAN_POINT ( 'NONE',  ( -59.43828922323479702, -40.21309387622377329, 3.271973678528465435 ) ) ;
#9802 = ORIENTED_EDGE ( 'NONE', *, *, #8218, .F. ) ;
#9803 = CARTESIAN_POINT ( 'NONE',  ( 40.27017094683759524, 40.46170346598906775, 9.414213562373710431 ) ) ;
#9804 = DIRECTION ( 'NONE',  ( 0.000000000000000000, 0.000000000000000000, -1.000000000000000000 ) ) ;
#9805 = EDGE_LOOP ( 'NONE', ( #4674, #7359, #1552, #5030 ) ) ;
#9806 = DIRECTION ( 'NONE',  ( -0.000000000000000000, -0.000000000000000000, -1.000000000000000000 ) ) ;
#9807 = CARTESIAN_POINT ( 'NONE',  ( -40.93159174862118022, 38.76295266560379105, 10.13460069368865746 ) ) ;
#9808 = CARTESIAN_POINT ( 'NONE',  ( 64.09752803010815114, -35.73938528026899064, 2.952860208279768806 ) ) ;
#9809 = CARTESIAN_POINT ( 'NONE',  ( -66.67563631980658556, 42.13211273555008063, 1.039062270807500132 ) ) ;
#9810 = CARTESIAN_POINT ( 'NONE',  ( 62.75533491408882725, 27.03851582607878967, 4.744665085911275781 ) ) ;
#9811 = ORIENTED_EDGE ( 'NONE', *, *, #7167, .T. ) ;
#9812 = CARTESIAN_POINT ( 'NONE',  ( -38.55195946340327851, 38.75610353360577420, 10.88296042615901804 ) ) ;
#9813 = CARTESIAN_POINT ( 'NONE',  ( 61.20710678118652481, 18.48790463880283141, 6.292893218813592426 ) ) ;
#9814 =( BOUNDED_SURFACE ( )  B_SPLINE_SURFACE ( 3, 2, ( 
 ( #8155, #1267, #7284 ),
 ( #8907, #8304, #4329 ),
 ( #7491, #9052, #4379 ),
 ( #6666, #8106, #3557 ) ),
 .UNSPECIFIED., .F., .F., .F. ) 
 B_SPLINE_SURFACE_WITH_KNOTS ( ( 4, 4 ),
 ( 3, 3 ),
 ( 5.159861868171179644, 5.497787143782143282 ),
 ( 0.000000000000000000, 1.000000000000000000 ),
 .UNSPECIFIED. ) 
 GEOMETRIC_REPRESENTATION_ITEM ( )  RATIONAL_B_SPLINE_SURFACE ( (
 ( 1.000000000000000000, 0.8350067054535135203, 1.000000000000000000),
 ( 1.000000000000000000, 0.8627285541958938930, 1.000000000000000000),
 ( 1.000000000000000000, 0.8868060217576170245, 1.000000000000000000),
 ( 1.000000000000000000, 0.9068222570079180755, 1.000000000000000000) ) ) 
 REPRESENTATION_ITEM ( '' )  SURFACE ( )  );
#9815 = CARTESIAN_POINT ( 'NONE',  ( 61.27114134632625309, -41.50174373241009818, 1.473269861213695631 ) ) ;
#9816 = CARTESIAN_POINT ( 'NONE',  ( 58.79289321881546471, 26.51778977381946945, 8.707106781184691613 ) ) ;
#9817 = ORIENTED_EDGE ( 'NONE', *, *, #6462, .F. ) ;
#9818 = AXIS2_PLACEMENT_3D ( 'NONE', #6011, #1415, #6873 ) ;
#9819 = DIRECTION ( 'NONE',  ( 0.000000000000000000, 0.000000000000000000, 1.000000000000000000 ) ) ;
#9820 = ORIENTED_EDGE ( 'NONE', *, *, #9905, .T. ) ;
#9821 = EDGE_CURVE ( 'NONE', #624, #830, #5186, .T. ) ;
#9822 = DIRECTION ( 'NONE',  ( 0.4109068915486377427, 0.9116773148860489728, -0.000000000000000000 ) ) ;
#9823 = CARTESIAN_POINT ( 'NONE',  ( -35.31203116122313190, 40.00000000000000711, 10.82842712474632485 ) ) ;
#9824 = AXIS2_PLACEMENT_3D ( 'NONE', #364, #8931, #2894 ) ;
#9825 = DIRECTION ( 'NONE',  ( 0.000000000000000000, 1.000000000000000000, 0.000000000000000000 ) ) ;
#9826 = DIRECTION ( 'NONE',  ( -0.4345366032565030623, -0.5578332550415892044, 0.7071067811865515695 ) ) ;
#9827 = CARTESIAN_POINT ( 'NONE',  ( 53.50000000000001421, -30.99999999999998579, 8.000000000000000000 ) ) ;
#9828 = CARTESIAN_POINT ( 'NONE',  ( -33.77171203778518560, 39.00000000000000711, 12.00000000000000000 ) ) ;
#9829 = CARTESIAN_POINT ( 'NONE',  ( 60.66136928278124429, -41.30544136571930380, 1.673025340971499020 ) ) ;
#9830 = ORIENTED_EDGE ( 'NONE', *, *, #9468, .T. ) ;
#9831 = EDGE_CURVE ( 'NONE', #4835, #6013, #8635, .T. ) ;
#9832 = VECTOR ( 'NONE', #4178, 1000.000000000000000 ) ;
#9833 = CARTESIAN_POINT ( 'NONE',  ( -53.49999999999997868, 34.00000000000000711, 4.489592359914374775 ) ) ;
#9834 = CARTESIAN_POINT ( 'NONE',  ( 53.50000000000001421, -38.83503435370123924, 6.164965646298851354 ) ) ;
#9835 = ADVANCED_FACE ( 'NONE', ( #3328 ), #4824, .F. ) ;
#9836 = FACE_OUTER_BOUND ( 'NONE', #4658, .T. ) ;
#9837 = ORIENTED_EDGE ( 'NONE', *, *, #4461, .T. ) ;
#9838 = CARTESIAN_POINT ( 'NONE',  ( 55.50000000000001421, 24.82685288287921921, 8.630539114133402023 ) ) ;
#9839 = ORIENTED_EDGE ( 'NONE', *, *, #7095, .T. ) ;
#9840 = ORIENTED_EDGE ( 'NONE', *, *, #9340, .F. ) ;
#9841 = VECTOR ( 'NONE', #2090, 1000.000000000000000 ) ;
#9842 = DIRECTION ( 'NONE',  ( 0.3000000000000017653, 0.000000000000000000, 0.9539392014169451040 ) ) ;
#9843 = FACE_OUTER_BOUND ( 'NONE', #887, .T. ) ;
#9844 = CARTESIAN_POINT ( 'NONE',  ( -37.09921036503024538, 40.02927267981424109, 11.33982888157479252 ) ) ;
#9845 = EDGE_CURVE ( 'NONE', #1589, #2615, #6909, .T. ) ;
#9846 = FACE_BOUND ( 'NONE', #4820, .T. ) ;
#9847 = EDGE_CURVE ( 'NONE', #9892, #6023, #6449, .T. ) ;
#9848 = DIRECTION ( 'NONE',  ( 1.000000000000000000, 0.000000000000000000, -0.000000000000000000 ) ) ;
#9849 = DIRECTION ( 'NONE',  ( -0.000000000000000000, 0.000000000000000000, 1.000000000000000000 ) ) ;
#9850 = CIRCLE ( 'NONE', #1072, 1.000000000000000000 ) ;
#9851 = EDGE_CURVE ( 'NONE', #6208, #2987, #2701, .T. ) ;
#9852 = EDGE_LOOP ( 'NONE', ( #7433, #7105, #8326, #7797, #7583, #7393, #7210, #3170, #7566, #7371, #1949, #8740 ) ) ;
#9853 = FACE_OUTER_BOUND ( 'NONE', #1805, .T. ) ;
#9854 = CARTESIAN_POINT ( 'NONE',  ( 64.99999999999995737, -38.49999999999999289, 12.00000000000000355 ) ) ;
#9855 = ORIENTED_EDGE ( 'NONE', *, *, #6695, .T. ) ;
#9856 = DIRECTION ( 'NONE',  ( 0.000000000000000000, 0.000000000000000000, -1.000000000000000000 ) ) ;
#9857 = DIRECTION ( 'NONE',  ( 1.000000000000000000, 2.081668171172166620E-14, 0.000000000000000000 ) ) ;
#9858 = ORIENTED_EDGE ( 'NONE', *, *, #1760, .T. ) ;
#9859 = TOROIDAL_SURFACE ( 'NONE', #590, 9.000000000000001776, 1.000000000000000000 ) ;
#9860 = CARTESIAN_POINT ( 'NONE',  ( -66.94055528059642768, 42.00645602962558200, 1.963390212092661846 ) ) ;
#9861 = EDGE_CURVE ( 'NONE', #3906, #2286, #6160, .T. ) ;
#9862 = AXIS2_PLACEMENT_3D ( 'NONE', #3570, #3516, #513 ) ;
#9863 = FACE_OUTER_BOUND ( 'NONE', #2021, .T. ) ;
#9864 = DIRECTION ( 'NONE',  ( -0.000000000000000000, -0.9538173892666751419, -0.3003870635238873876 ) ) ;
#9865 = DIRECTION ( 'NONE',  ( -1.000000000000000000, 0.000000000000000000, 0.000000000000000000 ) ) ;
#9866 = CARTESIAN_POINT ( 'NONE',  ( 53.81893226856481505, 41.71823856633493932, 6.275174800761495142 ) ) ;
#9867 = CARTESIAN_POINT ( 'NONE',  ( -33.77171203778518560, 39.00000000000000711, 4.000000000000000000 ) ) ;
#9868 = CIRCLE ( 'NONE', #5481, 2.899999999999999911 ) ;
#9869 = VERTEX_POINT ( 'NONE', #8233 ) ;
#9870 = CIRCLE ( 'NONE', #3693, 1.000000000000000888 ) ;
#9871 = CARTESIAN_POINT ( 'NONE',  ( -37.25181215987404926, 45.00000000000001421, 5.585786437627000112 ) ) ;
#9872 = EDGE_LOOP ( 'NONE', ( #828, #1918, #5014, #2141 ) ) ;
#9873 = DIRECTION ( 'NONE',  ( 0.000000000000000000, -0.000000000000000000, -1.000000000000000000 ) ) ;
#9874 =( BOUNDED_SURFACE ( )  B_SPLINE_SURFACE ( 3, 2, ( 
 ( #9897, #2905, #6029 ),
 ( #8282, #9129, #4544 ),
 ( #8988, #7665, #6645 ),
 ( #9748, #5882, #5116 ),
 ( #3586, #781, #4808 ),
 ( #878, #1578, #6183 ) ),
 .UNSPECIFIED., .F., .F., .T. ) 
 B_SPLINE_SURFACE_WITH_KNOTS ( ( 4, 2, 4 ),
 ( 3, 3 ),
 ( 0.000000000000000000, 0.003424870475858157130, 0.006849740951716314259 ),
 ( 0.000000000000000000, 1.000000000000000000 ),
 .UNSPECIFIED. ) 
 GEOMETRIC_REPRESENTATION_ITEM ( )  RATIONAL_B_SPLINE_SURFACE ( (
 ( 1.000000000000000000, 0.7425750662533596724, 1.000000000000000000),
 ( 1.000000000000000000, 0.7628383834405919606, 1.000000000000000000),
 ( 1.000000000000000000, 0.7851042088873083635, 1.000000000000000000),
 ( 1.000000000000000000, 0.8329192783807586320, 1.000000000000000000),
 ( 1.000000000000000000, 0.8586084799967098613, 1.000000000000000000),
 ( 1.000000000000000000, 0.8836414919745299024, 1.000000000000000000) ) ) 
 REPRESENTATION_ITEM ( '' )  SURFACE ( )  );
#9875 = AXIS2_PLACEMENT_3D ( 'NONE', #5031, #9703, #8142 ) ;
#9876 = LINE ( 'NONE', #6828, #1231 ) ;
#9877 = AXIS2_PLACEMENT_3D ( 'NONE', #4089, #2643, #7248 ) ;
#9878 = CARTESIAN_POINT ( 'NONE',  ( -42.09181274469597867, 38.86302390497159109, 9.769728070463003178 ) ) ;
#9879 = DIRECTION ( 'NONE',  ( -1.000000000000000000, 0.000000000000000000, 0.000000000000000000 ) ) ;
#9880 = EDGE_CURVE ( 'NONE', #4332, #7401, #3892, .T. ) ;
#9881 = EDGE_CURVE ( 'NONE', #235, #6439, #4870, .T. ) ;
#9882 = LINE ( 'NONE', #5103, #2783 ) ;
#9883 = CARTESIAN_POINT ( 'NONE',  ( -61.49999999999997158, -4.640181046290678957, 5.500000000000000000 ) ) ;
#9884 = MECHANICAL_DESIGN_GEOMETRIC_PRESENTATION_REPRESENTATION (  '', ( #949 ), #6803 ) ;
#9885 = AXIS2_PLACEMENT_3D ( 'NONE', #2369, #4890, #8600 ) ;
#9886 = CYLINDRICAL_SURFACE ( 'NONE', #8215, 1.000000000000000000 ) ;
#9887 = B_SPLINE_CURVE_WITH_KNOTS ( 'NONE', 3,
 ( #8252, #4326, #1313, #6767, #2876, #8346, #5041, #1159, #7440, #4277 ),
 .UNSPECIFIED., .F., .F.,
 ( 4, 2, 2, 2, 4 ),
 ( 0.000000000000000000, 0.0006607286920761644639, 0.001321457384152328928, 0.001982186076228493500, 0.002642914768304657856 ),
 .UNSPECIFIED. ) ;
#9888 = CARTESIAN_POINT ( 'NONE',  ( -38.62590607993755043, 45.00000000000001421, 5.452194488184173515 ) ) ;
#9889 = ORIENTED_EDGE ( 'NONE', *, *, #7998, .F. ) ;
#9890 = CARTESIAN_POINT ( 'NONE',  ( 58.08578643762704274, -24.79228831549498580, 9.000000000000001776 ) ) ;
#9891 = VECTOR ( 'NONE', #5114, 1000.000000000000000 ) ;
#9892 = VERTEX_POINT ( 'NONE', #4203 ) ;
#9893 = ADVANCED_FACE ( 'NONE', ( #7314 ), #6589, .T. ) ;
#9894 = ORIENTED_EDGE ( 'NONE', *, *, #8669, .T. ) ;
#9895 = CARTESIAN_POINT ( 'NONE',  ( 37.22842411796733586, 37.84944235153290748, 2.908686169823774037 ) ) ;
#9896 = CARTESIAN_POINT ( 'NONE',  ( 62.28857673292355912, -23.61439836843515039, 5.211423267076547461 ) ) ;
#9897 = CARTESIAN_POINT ( 'NONE',  ( 64.82492025385856493, 42.49616654839248753, 1.192483504346339762 ) ) ;
#9898 = CARTESIAN_POINT ( 'NONE',  ( -32.61997896650250794, 41.87566458131316693, 12.00000000000000000 ) ) ;
#9899 = DIRECTION ( 'NONE',  ( 0.000000000000000000, -0.9538173892666752529, -0.3003870635238869991 ) ) ;
#9900 = CARTESIAN_POINT ( 'NONE',  ( 53.50000000000000711, 35.00000000000000711, 8.000000000000000000 ) ) ;
#9901 = ORIENTED_EDGE ( 'NONE', *, *, #7927, .T. ) ;
#9902 = B_SPLINE_CURVE_WITH_KNOTS ( 'NONE', 3,
 ( #8430, #4763, #7004, #4598, #7668, #10094 ),
 .UNSPECIFIED., .F., .F.,
 ( 4, 2, 4 ),
 ( 1.335589504210405223E-15, 0.0006499018606500265444, 0.001299803721298717352 ),
 .UNSPECIFIED. ) ;
#9903 = CARTESIAN_POINT ( 'NONE',  ( 35.31203116122318164, 41.00000000000000711, 10.82842712474632485 ) ) ;
#9904 = CYLINDRICAL_SURFACE ( 'NONE', #8246, 2.000000000000000000 ) ;
#9905 = EDGE_CURVE ( 'NONE', #7054, #1831, #4865, .T. ) ;
#9906 = ORIENTED_EDGE ( 'NONE', *, *, #8788, .T. ) ;
#9907 = CARTESIAN_POINT ( 'NONE',  ( 67.89999999999996305, 38.49999999999999289, 12.00000000000000355 ) ) ;
#9908 = CARTESIAN_POINT ( 'NONE',  ( 37.25181215987187500, 41.03837683323494190, 10.43851104196621904 ) ) ;
#9909 = EDGE_CURVE ( 'NONE', #5131, #9350, #8125, .T. ) ;
#9910 = CARTESIAN_POINT ( 'NONE',  ( -40.99319085015459052, 39.15039546723325259, 10.19419428553394269 ) ) ;
#9911 = B_SPLINE_CURVE_WITH_KNOTS ( 'NONE', 3,
 ( #5024, #8135, #7365, #373, #3479, #8940, #1956, #6132, #2903, #6748 ),
 .UNSPECIFIED., .F., .F.,
 ( 4, 2, 2, 2, 4 ),
 ( 3.576224061345498009E-18, 7.695453322664812072E-05, 0.0001539090664532926636, 0.0003078181329065873871, 0.0006156362658131771595 ),
 .UNSPECIFIED. ) ;
#9912 = CARTESIAN_POINT ( 'NONE',  ( -68.80736501911783876, 39.75248361904274930, 1.001530556510032532 ) ) ;
#9913 = ORIENTED_EDGE ( 'NONE', *, *, #5671, .T. ) ;
#9914 = CARTESIAN_POINT ( 'NONE',  ( -58.08578643762701432, 45.00000000000001421, 8.000000000000000000 ) ) ;
#9915 = VERTEX_POINT ( 'NONE', #5774 ) ;
#9916 = CARTESIAN_POINT ( 'NONE',  ( 68.81294137395310884, 37.26561262842915312, 1.027001501347835966 ) ) ;
#9917 = CARTESIAN_POINT ( 'NONE',  ( 61.49999999999996447, -18.58303575079959558, 2.000000000000000000 ) ) ;
#9918 = LINE ( 'NONE', #9964, #2054 ) ;
#9919 = FACE_OUTER_BOUND ( 'NONE', #2011, .T. ) ;
#9920 = CARTESIAN_POINT ( 'NONE',  ( -60.49999999999997868, -17.20178939649807504, 6.264692779111545207 ) ) ;
#9921 = ORIENTED_EDGE ( 'NONE', *, *, #6092, .T. ) ;
#9922 = CYLINDRICAL_SURFACE ( 'NONE', #388, 1.000000000000000000 ) ;
#9923 = EDGE_LOOP ( 'NONE', ( #3363, #2932, #6648, #8421 ) ) ;
#9924 = EDGE_CURVE ( 'NONE', #6418, #652, #5833, .T. ) ;
#9925 = CARTESIAN_POINT ( 'NONE',  ( -36.72653864916160416, -20.46295559210646431, 2.000000000000000000 ) ) ;
#9926 = DIRECTION ( 'NONE',  ( 1.000000000000000000, 0.000000000000000000, 0.000000000000000000 ) ) ;
#9927 = CARTESIAN_POINT ( 'NONE',  ( -64.99999999999995737, -38.49999999999999289, 12.00000000000000355 ) ) ;
#9928 = CARTESIAN_POINT ( 'NONE',  ( -45.22532245313463051, 46.00000000000001421, 5.585786437626951262 ) ) ;
#9929 = VECTOR ( 'NONE', #5390, 1000.000000000000000 ) ;
#9930 = CARTESIAN_POINT ( 'NONE',  ( 54.50000000000001421, -30.99999999999997868, 0.000000000000000000 ) ) ;
#9931 =( BOUNDED_SURFACE ( )  B_SPLINE_SURFACE ( 3, 2, ( 
 ( #9592, #2606, #4826 ),
 ( #1702, #8839, #5531 ),
 ( #4969, #322, #6544 ),
 ( #1647, #7114, #3229 ) ),
 .UNSPECIFIED., .F., .F., .T. ) 
 B_SPLINE_SURFACE_WITH_KNOTS ( ( 4, 4 ),
 ( 3, 3 ),
 ( -4.302927372051845722E-19, 5.415784438091854343E-06 ),
 ( 0.000000000000000000, 1.000000000000000000 ),
 .UNSPECIFIED. ) 
 GEOMETRIC_REPRESENTATION_ITEM ( )  RATIONAL_B_SPLINE_SURFACE ( (
 ( 1.000000000000000000, 0.9457646058446169679, 1.000000000000000000),
 ( 1.000000000000000000, 0.9457633813024225455, 1.000000000000000000),
 ( 1.000000000000000000, 0.9457593239128277984, 1.000000000000000000),
 ( 1.000000000000000000, 0.9457524398124906861, 1.000000000000000000) ) ) 
 REPRESENTATION_ITEM ( '' )  SURFACE ( )  );
#9932 = ADVANCED_FACE ( 'NONE', ( #2851 ), #6321, .T. ) ;
#9933 = LINE ( 'NONE', #7808, #7250 ) ;
#9934 = ORIENTED_EDGE ( 'NONE', *, *, #1545, .T. ) ;
#9935 = CIRCLE ( 'NONE', #2772, 4.292893218813438772 ) ;
#9936 = DIRECTION ( 'NONE',  ( 0.000000000000000000, 1.000000000000000000, 0.000000000000000000 ) ) ;
#9937 = ORIENTED_EDGE ( 'NONE', *, *, #4347, .F. ) ;
#9938 = ORIENTED_EDGE ( 'NONE', *, *, #2478, .F. ) ;
#9939 = FACE_OUTER_BOUND ( 'NONE', #9495, .T. ) ;
#9940 = DIRECTION ( 'NONE',  ( -0.000000000000000000, -0.000000000000000000, -1.000000000000000000 ) ) ;
#9941 = CARTESIAN_POINT ( 'NONE',  ( 37.25181215987188921, 41.03837683323494900, 10.43851104196622082 ) ) ;
#9942 = CARTESIAN_POINT ( 'NONE',  ( -67.73503194465811816, -37.26727932535407462, 2.000000000000000000 ) ) ;
#9943 = FACE_OUTER_BOUND ( 'NONE', #68, .T. ) ;
#9944 = VECTOR ( 'NONE', #339, 1000.000000000000000 ) ;
#9945 = CIRCLE ( 'NONE', #5402, 0.9999999999999990008 ) ;
#9946 = DIRECTION ( 'NONE',  ( -0.000000000000000000, -0.000000000000000000, -1.000000000000000000 ) ) ;
#9947 = EDGE_CURVE ( 'NONE', #7737, #8069, #1950, .T. ) ;
#9948 = CARTESIAN_POINT ( 'NONE',  ( -65.44999043165775277, 31.08937062386327099, 1.999760081785655563 ) ) ;
#9949 = ORIENTED_EDGE ( 'NONE', *, *, #6165, .F. ) ;
#9950 = CARTESIAN_POINT ( 'NONE',  ( -41.40548589277121749, 38.62713096036942773, 9.985567880031524624 ) ) ;
#9951 = DIRECTION ( 'NONE',  ( -5.210884909746222939E-16, -0.9538173892666754750, -0.3003870635238867770 ) ) ;
#9952 = ORIENTED_EDGE ( 'NONE', *, *, #1112, .F. ) ;
#9953 = CARTESIAN_POINT ( 'NONE',  ( 41.08401631062694292, 44.15558141929021474, 0.000000000000000000 ) ) ;
#9954 = AXIS2_PLACEMENT_3D ( 'NONE', #1340, #9032, #8235 ) ;
#9955 = CARTESIAN_POINT ( 'NONE',  ( 44.55704516778982338, 35.00000000000000000, 0.5683898921907720725 ) ) ;
#9956 = CARTESIAN_POINT ( 'NONE',  ( 61.62171432160653950, 22.98409969816341913, 5.453247804197218329 ) ) ;
#9957 = ORIENTED_EDGE ( 'NONE', *, *, #6435, .F. ) ;
#9958 = EDGE_CURVE ( 'NONE', #3822, #6155, #7958, .T. ) ;
#9959 = EDGE_CURVE ( 'NONE', #2867, #3900, #9238, .T. ) ;
#9960 = DIRECTION ( 'NONE',  ( 0.000000000000000000, -0.000000000000000000, -1.000000000000000000 ) ) ;
#9961 = CARTESIAN_POINT ( 'NONE',  ( -64.82492025385853651, 42.49616654839250174, 1.192483504346337098 ) ) ;
#9962 = LINE ( 'NONE', #1357, #9209 ) ;
#9963 = ORIENTED_EDGE ( 'NONE', *, *, #5793, .F. ) ;
#9964 = CARTESIAN_POINT ( 'NONE',  ( -55.49999999999997868, 13.65651987538036494, 5.499999999999997335 ) ) ;
#9965 = CARTESIAN_POINT ( 'NONE',  ( 0.000000000000000000, -35.58578643762701432, 9.000000000000001776 ) ) ;
#9966 = CARTESIAN_POINT ( 'NONE',  ( 44.63241562877005464, 38.52506781592291674, 9.053972108181394418 ) ) ;
#9967 = VERTEX_POINT ( 'NONE', #5929 ) ;
#9968 = DIRECTION ( 'NONE',  ( -0.000000000000000000, -0.000000000000000000, 1.000000000000000000 ) ) ;
#9969 = ADVANCED_FACE ( 'NONE', ( #8884 ), #595, .F. ) ;
#9970 = EDGE_CURVE ( 'NONE', #2002, #3630, #7914, .T. ) ;
#9971 = VERTEX_POINT ( 'NONE', #3006 ) ;
#9972 = EDGE_CURVE ( 'NONE', #8577, #5173, #6570, .T. ) ;
#9973 = CARTESIAN_POINT ( 'NONE',  ( 64.99999999999995737, -38.49999999999996447, 2.000000000000000000 ) ) ;
#9974 = DIRECTION ( 'NONE',  ( -1.000000000000000000, 0.000000000000000000, 0.000000000000000000 ) ) ;
#9975 = CARTESIAN_POINT ( 'NONE',  ( -62.45804547043501032, 25.71948249798084518, 4.542539958987928728 ) ) ;
#9976 = VECTOR ( 'NONE', #6291, 1000.000000000000114 ) ;
#9977 = EDGE_CURVE ( 'NONE', #1295, #7637, #4697, .T. ) ;
#9978 = CARTESIAN_POINT ( 'NONE',  ( 38.74463591625048764, 35.88508438369847653, 1.845468128786991846 ) ) ;
#9979 = EDGE_CURVE ( 'NONE', #8180, #953, #1926, .T. ) ;
#9980 = CARTESIAN_POINT ( 'NONE',  ( 53.74596825138365119, 42.01077634239955927, 0.000000000000000000 ) ) ;
#9981 = VERTEX_POINT ( 'NONE', #9276 ) ;
#9982 = CARTESIAN_POINT ( 'NONE',  ( -6.284181125101000021, 39.00000000000000711, 19.98242241346097359 ) ) ;
#9983 = VERTEX_POINT ( 'NONE', #9985 ) ;
#9984 = ORIENTED_EDGE ( 'NONE', *, *, #7306, .F. ) ;
#9985 = CARTESIAN_POINT ( 'NONE',  ( -45.28558440016238507, 38.56942981417387273, 9.014539220847218814 ) ) ;
#9986 = CARTESIAN_POINT ( 'NONE',  ( -58.79289321881356045, -24.79228831549498580, 8.707106781186544353 ) ) ;
#9987 = AXIS2_PLACEMENT_3D ( 'NONE', #1220, #509, #8964 ) ;
#9988 =( BOUNDED_SURFACE ( )  B_SPLINE_SURFACE ( 3, 2, ( 
 ( #2193, #6749, #485 ),
 ( #1243, #5983, #6843 ),
 ( #4445, #3730, #9844 ),
 ( #2099, #628, #9176 ) ),
 .UNSPECIFIED., .F., .F., .T. ) 
 B_SPLINE_SURFACE_WITH_KNOTS ( ( 4, 4 ),
 ( 3, 3 ),
 ( 0.5136960763407216746, 0.5535818229021339798 ),
 ( 0.000000000000000000, 1.000000000000000000 ),
 .UNSPECIFIED. ) 
 GEOMETRIC_REPRESENTATION_ITEM ( )  RATIONAL_B_SPLINE_SURFACE ( (
 ( 1.000000000000000000, 0.7238674278156100872, 1.000000000000000000),
 ( 1.000000000000000000, 0.7399295417825285659, 1.000000000000000000),
 ( 1.000000000000000000, 0.7553644313410295963, 1.000000000000000000),
 ( 1.000000000000000000, 0.7700578284498051929, 1.000000000000000000) ) ) 
 REPRESENTATION_ITEM ( '' )  SURFACE ( )  );
#9989 = CARTESIAN_POINT ( 'NONE',  ( -57.33727733386270131, 41.78940065465393872, 5.352849538588823286 ) ) ;
#9990 = CARTESIAN_POINT ( 'NONE',  ( 63.68539089715385870, 42.44624157452651048, 1.392569310667570726 ) ) ;
#9991 = CARTESIAN_POINT ( 'NONE',  ( 69.00000000000001421, -13.78853150712619779, 13.50000000000000000 ) ) ;
#9992 = FACE_OUTER_BOUND ( 'NONE', #4566, .T. ) ;
#9993 = AXIS2_PLACEMENT_3D ( 'NONE', #6033, #2810, #9135 ) ;
#9994 = VERTEX_POINT ( 'NONE', #6131 ) ;
#9995 = CARTESIAN_POINT ( 'NONE',  ( -63.01040764008568118, 34.00000000000000711, 4.489592359914371222 ) ) ;
#9996 = LINE ( 'NONE', #5325, #4336 ) ;
#9997 = ORIENTED_EDGE ( 'NONE', *, *, #9035, .F. ) ;
#9998 = CARTESIAN_POINT ( 'NONE',  ( -40.06990429939835252, 40.61770561885212061, 9.414213562373232591 ) ) ;
#9999 = CARTESIAN_POINT ( 'NONE',  ( -37.25181215987406347, 37.00000000000000000, 3.599159522938018885 ) ) ;
#10000 = ORIENTED_EDGE ( 'NONE', *, *, #2116, .F. ) ;
#10001 = ADVANCED_FACE ( 'NONE', ( #9939 ), #7633, .T. ) ;
#10002 = EDGE_CURVE ( 'NONE', #6013, #3226, #3554, .T. ) ;
#10003 = CARTESIAN_POINT ( 'NONE',  ( 39.95765377309324862, 35.57429607487019041, 1.631600304637756516 ) ) ;
#10004 = CIRCLE ( 'NONE', #6929, 0.9999999999999978906 ) ;
#10005 = DIRECTION ( 'NONE',  ( 0.000000000000000000, 0.000000000000000000, 1.000000000000000000 ) ) ;
#10006 = EDGE_LOOP ( 'NONE', ( #7675, #2267, #1290, #7149 ) ) ;
#10007 = CARTESIAN_POINT ( 'NONE',  ( -45.22532245313463051, 35.00000000000000000, 0.3999999999999999667 ) ) ;
#10008 = ORIENTED_EDGE ( 'NONE', *, *, #6611, .T. ) ;
#10009 = CARTESIAN_POINT ( 'NONE',  ( 66.53883753248942412, 41.15729242939382715, 2.024155632861938336 ) ) ;
#10010 = CARTESIAN_POINT ( 'NONE',  ( 38.62590607993539038, 41.00000000000001421, 0.000000000000000000 ) ) ;
#10011 = VECTOR ( 'NONE', #4267, 1000.000000000000000 ) ;
#10012 = ORIENTED_EDGE ( 'NONE', *, *, #578, .F. ) ;
#10013 = CARTESIAN_POINT ( 'NONE',  ( 54.50000000000001421, -30.99999999999997868, 8.000000000000000000 ) ) ;
#10014 = CARTESIAN_POINT ( 'NONE',  ( 67.23430808746169873, 36.03225980948644747, 2.155081260247786457 ) ) ;
#10015 = EDGE_CURVE ( 'NONE', #4732, #1575, #8598, .T. ) ;
#10016 = FACE_OUTER_BOUND ( 'NONE', #737, .T. ) ;
#10017 = ORIENTED_EDGE ( 'NONE', *, *, #2740, .T. ) ;
#10018 = CARTESIAN_POINT ( 'NONE',  ( 61.49999999999997158, 13.65651987538036316, 5.499999999999998224 ) ) ;
#10019 = CIRCLE ( 'NONE', #7931, 8.000000000000000000 ) ;
#10020 = ORIENTED_EDGE ( 'NONE', *, *, #295, .F. ) ;
#10021 =( BOUNDED_CURVE ( )  B_SPLINE_CURVE ( 3, ( #2961, #1488, #7720, #3829 ),
 .UNSPECIFIED., .F., .T. ) 
 B_SPLINE_CURVE_WITH_KNOTS ( ( 4, 4 ),
 ( 6.156258572789353067, 6.283185307179586232 ),
 .UNSPECIFIED. ) 
 CURVE ( )  GEOMETRIC_REPRESENTATION_ITEM ( )  RATIONAL_B_SPLINE_CURVE ( ( 1.000000000000000000, 0.9986579175463045077, 0.9986579175463045077, 1.000000000000000000 ) ) 
 REPRESENTATION_ITEM ( '' )  );
#10022 = DIRECTION ( 'NONE',  ( 0.000000000000000000, 0.000000000000000000, 1.000000000000000000 ) ) ;
#10023 = EDGE_CURVE ( 'NONE', #6238, #2915, #3774, .T. ) ;
#10024 = B_SPLINE_CURVE_WITH_KNOTS ( 'NONE', 3,
 ( #2055, #7520, #6593, #6801 ),
 .UNSPECIFIED., .F., .F.,
 ( 4, 4 ),
 ( 0.000000000000000000, 5.415784438091421509E-06 ),
 .UNSPECIFIED. ) ;
#10025 = DIRECTION ( 'NONE',  ( -0.9539392014169457701, 0.000000000000000000, 0.2999999999999994893 ) ) ;
#10026 = CARTESIAN_POINT ( 'NONE',  ( -61.49999999999997868, 21.07884740024819692, 5.585786437627012546 ) ) ;
#10027 = AXIS2_PLACEMENT_3D ( 'NONE', #2473, #5747, #4987 ) ;
#10028 = CARTESIAN_POINT ( 'NONE',  ( -66.50228739946575729, 41.18048894418647166, 2.025708114185555075 ) ) ;
#10029 = AXIS2_PLACEMENT_3D ( 'NONE', #654, #3753, #2122 ) ;
#10030 = EDGE_CURVE ( 'NONE', #9297, #4042, #4443, .T. ) ;
#10031 = EDGE_CURVE ( 'NONE', #2515, #553, #5960, .T. ) ;
#10032 = ORIENTED_EDGE ( 'NONE', *, *, #8218, .T. ) ;
#10033 = CARTESIAN_POINT ( 'NONE',  ( 40.49153347953490822, 44.20335297529383922, 6.103694837208275992 ) ) ;
#10034 = AXIS2_PLACEMENT_3D ( 'NONE', #5261, #6838, #6024 ) ;
#10035 = AXIS2_PLACEMENT_3D ( 'NONE', #7691, #3798, #6055 ) ;
#10036 = LINE ( 'NONE', #9323, #9514 ) ;
#10037 = ORIENTED_EDGE ( 'NONE', *, *, #2787, .T. ) ;
#10038 = DIRECTION ( 'NONE',  ( 0.000000000000000000, -0.7071067811865436870, 0.7071067811865513475 ) ) ;
#10039 = EDGE_LOOP ( 'NONE', ( #5053, #2047, #950 ) ) ;
#10040 = ORIENTED_EDGE ( 'NONE', *, *, #2478, .T. ) ;
#10041 = CARTESIAN_POINT ( 'NONE',  ( 37.09871225790258364, 36.89950014825277691, 2.060695375836994359 ) ) ;
#10042 = FACE_OUTER_BOUND ( 'NONE', #6718, .T. ) ;
#10043 = ORIENTED_EDGE ( 'NONE', *, *, #7061, .T. ) ;
#10044 = CARTESIAN_POINT ( 'NONE',  ( -43.36767997638421690, 38.47443863772802075, 9.368486388664434728 ) ) ;
#10045 = VECTOR ( 'NONE', #6710, 1000.000000000000114 ) ;
#10046 = AXIS2_PLACEMENT_3D ( 'NONE', #6697, #8371, #9081 ) ;
#10047 = FACE_BOUND ( 'NONE', #257, .T. ) ;
#10048 = PLANE ( 'NONE',  #9014 ) ;
#10049 = DIRECTION ( 'NONE',  ( -0.000000000000000000, 0.000000000000000000, 1.000000000000000000 ) ) ;
#10050 = DIRECTION ( 'NONE',  ( 0.000000000000000000, 1.000000000000000000, 0.000000000000000000 ) ) ;
#10051 = ORIENTED_EDGE ( 'NONE', *, *, #8914, .T. ) ;
#10052 = CARTESIAN_POINT ( 'NONE',  ( -60.49999999999997158, -13.78853150712619957, 5.500000000000000888 ) ) ;
#10053 = CARTESIAN_POINT ( 'NONE',  ( -43.36767997638421690, 36.23554512824591001, 9.368486388664434728 ) ) ;
#10054 = ORIENTED_EDGE ( 'NONE', *, *, #375, .F. ) ;
#10055 = FACE_OUTER_BOUND ( 'NONE', #1135, .T. ) ;
#10056 = CARTESIAN_POINT ( 'NONE',  ( -72.74453208529335768, -18.58303575079967374, 2.000000000000000000 ) ) ;
#10057 = CARTESIAN_POINT ( 'NONE',  ( 38.68586421611026083, 35.90304985943745919, 1.853982162295472857 ) ) ;
#10058 = CARTESIAN_POINT ( 'NONE',  ( -60.66136928278118745, -41.30544136571931091, 1.673025340971489250 ) ) ;
#10059 = ORIENTED_EDGE ( 'NONE', *, *, #9977, .T. ) ;
#10060 = EDGE_CURVE ( 'NONE', #6059, #6913, #9247, .T. ) ;
#10061 = CARTESIAN_POINT ( 'NONE',  ( -44.55510804700794125, 35.00000000000000000, 0.5688780091804046535 ) ) ;
#10062 = VERTEX_POINT ( 'NONE', #8567 ) ;
#10063 = CARTESIAN_POINT ( 'NONE',  ( 67.93277633267867088, 39.24260269457865746, 2.001592917688684192 ) ) ;
#10064 = CARTESIAN_POINT ( 'NONE',  ( 66.55668136239256683, 34.61955210400596172, 2.358386823044166913 ) ) ;
#10065 = ORIENTED_EDGE ( 'NONE', *, *, #6300, .F. ) ;
#10066 = CYLINDRICAL_SURFACE ( 'NONE', #7756, 11.24453208529339143 ) ;
#10067 = CARTESIAN_POINT ( 'NONE',  ( 66.49639701440244721, 34.50248690394747086, 2.379967044149919886 ) ) ;
#10068 = CARTESIAN_POINT ( 'NONE',  ( -68.15202413130349157, -35.75881671326543909, 1.000000000000000444 ) ) ;
#10069 = DIRECTION ( 'NONE',  ( 1.000000000000000000, 0.000000000000000000, 0.000000000000000000 ) ) ;
#10070 = VERTEX_POINT ( 'NONE', #5517 ) ;
#10071 = CARTESIAN_POINT ( 'NONE',  ( 61.49999999999997158, -4.640181046290678957, 4.500000000000000888 ) ) ;
#10072 = EDGE_CURVE ( 'NONE', #8074, #5275, #4528, .T. ) ;
#10073 = DIRECTION ( 'NONE',  ( 0.000000000000000000, 1.000000000000000000, 0.000000000000000000 ) ) ;
#10074 = CARTESIAN_POINT ( 'NONE',  ( -33.77171203778518560, 39.00000000000000711, 4.000000000000000000 ) ) ;
#10075 = CYLINDRICAL_SURFACE ( 'NONE', #4496, 1.000000000000000888 ) ;
#10076 = CARTESIAN_POINT ( 'NONE',  ( -37.25181215987404926, 45.00000000000001421, 5.585786437627002776 ) ) ;
#10077 = CARTESIAN_POINT ( 'NONE',  ( 40.34724300086615045, 39.90558252864896360, 9.927353580933010235 ) ) ;
#10078 =( BOUNDED_SURFACE ( )  B_SPLINE_SURFACE ( 2, 3, ( 
 ( #6783, #7551, #8550, #7023 ),
 ( #7795, #9883, #8317, #8221 ),
 ( #3852, #5253, #518, #1555 ) ),
 .UNSPECIFIED., .F., .F., .T. ) 
 B_SPLINE_SURFACE_WITH_KNOTS ( ( 3, 3 ),
 ( 4, 4 ),
 ( 0.000000000000000000, 1.000000000000000000 ),
 ( -0.01378853150712620011, 0.01365651987538036433 ),
 .UNSPECIFIED. ) 
 GEOMETRIC_REPRESENTATION_ITEM ( )  RATIONAL_B_SPLINE_SURFACE ( (
 ( 1.000000000000000000, 1.000000000000000000, 1.000000000000000000, 1.000000000000000000),
 ( 0.7071067811865475727, 0.7071067811865475727, 0.7071067811865475727, 0.7071067811865475727),
 ( 1.000000000000000000, 1.000000000000000000, 1.000000000000000000, 1.000000000000000000) ) ) 
 REPRESENTATION_ITEM ( '' )  SURFACE ( )  );
#10079 = VERTEX_POINT ( 'NONE', #8016 ) ;
#10080 = CARTESIAN_POINT ( 'NONE',  ( 38.10995568852081306, 36.08548644639504488, 1.935185705440747528 ) ) ;
#10081 = EDGE_CURVE ( 'NONE', #4213, #6746, #3040, .T. ) ;
#10082 = EDGE_CURVE ( 'NONE', #2753, #7706, #4704, .T. ) ;
#10083 = DIRECTION ( 'NONE',  ( -1.000000000000000000, 8.385697043307608684E-16, 0.000000000000000000 ) ) ;
#10084 = EDGE_CURVE ( 'NONE', #671, #3906, #9315, .T. ) ;
#10085 = ORIENTED_EDGE ( 'NONE', *, *, #8643, .F. ) ;
#10086 = CARTESIAN_POINT ( 'NONE',  ( -53.81893226856485057, 41.71823856633495353, 6.275174800761488036 ) ) ;
#10087 = ORIENTED_EDGE ( 'NONE', *, *, #9881, .T. ) ;
#10088 = DIRECTION ( 'NONE',  ( -1.000000000000000000, 0.000000000000000000, 0.000000000000000000 ) ) ;
#10089 = CARTESIAN_POINT ( 'NONE',  ( 11.25723734592842362, 40.00000000000000711, 12.00000000000000178 ) ) ;
#10090 = DIRECTION ( 'NONE',  ( -0.3924313469075670913, 0.8318625342739162098, -0.3924313469075708660 ) ) ;
#10091 = FACE_OUTER_BOUND ( 'NONE', #2850, .T. ) ;
#10092 = CARTESIAN_POINT ( 'NONE',  ( 54.50000000000001421, -30.99999999999997868, 2.000000000000000000 ) ) ;
#10093 = DIRECTION ( 'NONE',  ( 0.000000000000000000, 0.000000000000000000, -1.000000000000000000 ) ) ;
#10094 = CARTESIAN_POINT ( 'NONE',  ( -40.34724300086855209, 39.90558252864914834, 9.927353580932464894 ) ) ;
#10095 = EDGE_CURVE ( 'NONE', #6397, #2033, #1433, .T. ) ;
ENDSEC;
END-ISO-10303-21;
